phase,cell_id,dataset,dataset_protocol,method,beta,alpha_dir,seed,aggregation,model_attack,reported_utility,metric_accuracy,metric_balanced_accuracy,metric_f1,metric_false_negatives,metric_false_positives,metric_false_positives_per_10000_benign,metric_fpr,metric_pr_auc,metric_precision,metric_recall,metric_roc_auc,metric_threshold,metric_true_negatives,metric_true_positives,comm_E2E_broadcast,comm_E2E_unicast,comm_aggregation_seconds,comm_downlink_broadcast,comm_downlink_unicast,comm_empty_rounds,comm_full_candidate_airtime_us,comm_max_client_seconds,comm_metadata_wire,comm_selected_airtime_us,comm_selected_uplink,comm_server_selection_seconds,comm_sum_client_CPU_seconds,comm_wall_clock_seconds
primary,PRIMARY__CICIDS2017_COVERAGE_R1__CB-Score__b0.1__seed11,CICIDS2017,CICIDS2017_COVERAGE_R1,CB-Score,0.1,0.5,11,FedAvg,clean,honest,0.7623348875888816,0.4987047378279339,0.0028308408036076763,89703,1178,40.265382367317365,0.004026538236731736,0.19585803173370187,0.09869931140015302,0.0014360138925995191,0.24518983541530492,0.29,291381,129,3882609,22304574,0.007904099998995662,2046885,20468850,0,47461955.0,5.178043500003696,25500,6599115.0,1810224,0.013664899996001623,37.52019499998278,54.23103309999533
primary,PRIMARY__CICIDS2017_COVERAGE_R1__CB-Score__b0.1__seed123,CICIDS2017,CICIDS2017_COVERAGE_R1,CB-Score,0.1,0.5,123,FedAvg,clean,honest,0.7641367082384262,0.49985527986636574,0.002698040603299571,89710,482,16.475309253859905,0.0016475309253859906,0.17736435663964256,0.20198675496688742,0.0013580906581173746,0.3789030143706189,0.59,292077,122,3897513,22313115,0.008524800001396216,2046178,20461780,0,47748228.0,5.080380900004457,25500,6526971.0,1825835,0.013209999997343402,40.656949100006386,60.060008300000845
primary,PRIMARY__CICIDS2017_COVERAGE_R1__CB-Score__b0.1__seed2026,CICIDS2017,CICIDS2017_COVERAGE_R1,CB-Score,0.1,0.5,2026,FedAvg,clean,honest,0.7629755930448154,0.49885347460313373,0.0013002181722017762,89773,863,29.498323415106015,0.0029498323415106014,0.1636661221762626,0.06399132321041215,0.0006567815477780746,0.2539449053296296,0.62,291696,59,3520193,21943301,0.006827399998655892,2047012,20470120,6,47278440.0,5.948141400007444,25500,6289101.0,1447681,0.012935400000060326,44.11025039999913,62.85846689999744
primary,PRIMARY__CICIDS2017_COVERAGE_R1__CB-Score__b0.1__seed2027,CICIDS2017,CICIDS2017_COVERAGE_R1,CB-Score,0.1,0.5,2027,FedAvg,clean,honest,0.7642543888323732,0.499982326978777,0.0029861641063074424,89697,450,15.381512788873355,0.0015381512788873355,0.18057885442802865,0.23076923076923078,0.0015028052364413572,0.3838416041842117,0.43,292109,135,3870995,22308647,0.009132999995927094,2048628,20486280,0,47185270.0,6.160654700008308,25500,1525107.0,1796867,0.013579000002209796,44.82836180002596,63.65070520000518
primary,PRIMARY__CICIDS2017_COVERAGE_R1__CB-Score__b0.1__seed2718,CICIDS2017,CICIDS2017_COVERAGE_R1,CB-Score,0.1,0.5,2718,FedAvg,clean,honest,0.7938079086589381,0.6092698711504458,0.37310371147791244,66369,12477,426.4780779261619,0.04264780779261619,0.45134143987234154,0.6528380634390651,0.26118755009350786,0.6711897401193594,0.75,280082,23463,3898673,22318937,0.008026500003325054,2046696,20466960,0,47723996.0,5.513556199997765,25500,3792775.0,1826477,0.013165299998945557,41.28402229999483,58.346007900003315
primary,PRIMARY__CICIDS2017_COVERAGE_R1__CB-Score__b0.1__seed314,CICIDS2017,CICIDS2017_COVERAGE_R1,CB-Score,0.1,0.5,314,FedAvg,clean,honest,0.7635639960145506,0.49943857061672337,0.0024494389460792427,89721,690,23.584986276272478,0.002358498627627248,0.16309416674272853,0.13857677902621723,0.0012356398610740048,0.2813693483940396,0.35,291869,111,3811783,22243081,0.00871769999866956,2047922,20479220,0,46351964.0,5.861477200009176,25500,4170991.0,1738361,0.015120199999728356,42.9405956000337,59.25421650000317
primary,PRIMARY__CICIDS2017_COVERAGE_R1__CB-Score__b0.1__seed3407,CICIDS2017,CICIDS2017_COVERAGE_R1,CB-Score,0.1,0.5,3407,FedAvg,clean,honest,0.7408934833717321,0.4847731743324861,0.0030187160394445564,89682,9398,321.23434931073734,0.03212343493107373,0.17932125730276752,0.015710096355257646,0.0016697835960459524,0.3871185435853504,0.12,283161,150,3889462,22316485,0.008556500000850065,2047447,20474470,0,47742830.0,5.456585300002189,25500,2887697.0,1816515,0.014081900011660764,41.19118629999866,59.048010900007284
primary,PRIMARY__CICIDS2017_COVERAGE_R1__CB-Score__b0.1__seed42,CICIDS2017,CICIDS2017_COVERAGE_R1,CB-Score,0.1,0.5,42,FedAvg,clean,honest,0.7652245999513587,0.5003849738164572,0.0016680381647132087,89757,19,0.6494416510857639,6.49441651085764e-05,0.23115878333411843,0.7978723404255319,0.0008348917980229762,0.34080018127090217,0.1,292540,75,3749333,22153550,0.00869369999418268,2044913,20449130,2,47193404.0,6.172481400004472,25500,5571944.0,1678920,0.015526699999099947,42.383894199998394,60.69180299999789
primary,PRIMARY__CICIDS2017_COVERAGE_R1__CB-Score__b0.1__seed777,CICIDS2017,CICIDS2017_COVERAGE_R1,CB-Score,0.1,0.5,777,FedAvg,clean,honest,0.7648271010562487,0.5002679020247366,0.0024846925193007367,89720,208,7.109677022412574,0.0007109677022412573,0.16869122170942805,0.35,0.001246771751714311,0.3068576491675606,0.39,292351,112,3911686,22334749,0.009500300004219753,2047007,20470070,0,48284287.0,5.437753999996858,25500,3236048.0,1839179,0.014104599995334866,43.65831930001332,62.128733100005775
primary,PRIMARY__CICIDS2017_COVERAGE_R1__CB-Score__b0.1__seed9001,CICIDS2017,CICIDS2017_COVERAGE_R1,CB-Score,0.1,0.5,9001,FedAvg,clean,honest,0.6265916300331337,0.41344848930247113,0.014153744183156354,88807,53981,1845.132093013717,0.1845132093013717,0.14521691196272313,0.018634330800276332,0.011410187906314009,0.17482450187189016,0.95,238578,1025,3762783,22187430,0.00890139999864914,2047183,20471830,2,47403105.0,6.088090300001568,25500,2489525.0,1690100,0.015390199996545562,44.91238769999836,62.831522999997105
primary,PRIMARY__CICIDS2017_COVERAGE_R1__CB-Score__b0.2__seed11,CICIDS2017,CICIDS2017_COVERAGE_R1,CB-Score,0.2,0.5,11,FedAvg,clean,honest,0.7645054407661268,0.5000499742399347,0.002437106047346324,89722,329,11.245594905642964,0.0011245594905642965,0.16234888470523123,0.2505694760820046,0.0012245079704336984,0.28447664857510296,0.64,292230,110,5690775,24125115,0.022391000002244255,2048260,20482600,0,48149121.0,13.591794799991476,25500,12360947.0,3617015,0.033423899996705586,103.6910246999687,145.8958470000034
primary,PRIMARY__CICIDS2017_COVERAGE_R1__CB-Score__b0.2__seed123,CICIDS2017,CICIDS2017_COVERAGE_R1,CB-Score,0.2,0.5,123,FedAvg,clean,honest,0.763545690144381,0.49951145876144704,0.0029332627585902694,89699,719,24.576239322666538,0.002457623932266654,0.191546553299615,0.15610328638497653,0.0014805414551607445,0.43691824086346254,0.7,291840,133,5641349,24051686,0.02188610001030611,2045593,20455930,0,47492648.0,11.340711399996508,25500,10582243.0,3570256,0.03458639999735169,89.88712940001642,131.00974949999363
primary,PRIMARY__CICIDS2017_COVERAGE_R1__CB-Score__b0.2__seed2026,CICIDS2017,CICIDS2017_COVERAGE_R1,CB-Score,0.2,0.5,2026,FedAvg,clean,honest,0.7264815332996855,0.47529670800961177,0.002574837165390374,89697,14894,509.0938921721772,0.05090938921721772,0.18088551128035563,0.008982633575088163,0.0015028052364413572,0.3947891666409913,0.1,277665,135,5265508,23701792,0.02144350000889972,2048476,20484760,0,47964296.0,11.624869199989917,25500,11647371.0,3191532,0.03469880001284764,90.89351189997251,131.46993310000107
primary,PRIMARY__CICIDS2017_COVERAGE_R1__CB-Score__b0.2__seed2027,CICIDS2017,CICIDS2017_COVERAGE_R1,CB-Score,0.2,0.5,2027,FedAvg,clean,honest,0.7647695683214302,0.5003614369749354,0.00323574388865495,89686,264,9.023820836139036,0.0009023820836139035,0.2037458612068654,0.35609756097560974,0.001625256033484727,0.4732883842018626,0.72,292295,146,5237239,23673001,0.02189919999727863,2048418,20484180,0,47603093.0,13.181160699998145,25500,3459513.0,3163321,0.03463569999439642,104.30935940001655,145.2191010000097
primary,PRIMARY__CICIDS2017_COVERAGE_R1__CB-Score__b0.2__seed2718,CICIDS2017,CICIDS2017_COVERAGE_R1,CB-Score,0.2,0.5,2718,FedAvg,clean,honest,0.7643720694263202,0.5001055172028447,0.003252356298951281,89685,417,14.253535184355975,0.0014253535184355977,0.16909856386950475,0.26063829787234044,0.0016363879241250334,0.33388393412308337,0.49,292142,147,5438204,23857694,0.02257360000294284,2046610,20466100,0,47909257.0,13.34498750000057,25500,6683121.0,3366094,0.034689300002355594,105.42459769997367,146.01598159998684
primary,PRIMARY__CICIDS2017_COVERAGE_R1__CB-Score__b0.2__seed314,CICIDS2017,CICIDS2017_COVERAGE_R1,CB-Score,0.2,0.5,314,FedAvg,clean,honest,0.7638385840670936,0.4996180215992602,0.0024522799575821845,89721,585,19.995966625535363,0.001999596662553536,0.17016639256201857,0.15948275862068967,0.0012356398610740048,0.32854976706080025,0.33,291974,111,5622609,24050532,0.023338499984674854,2047547,20475470,0,46767376.0,14.745007199988322,25500,9569357.0,3549562,0.035011299994948786,110.01536239993584,150.14700579999771
primary,PRIMARY__CICIDS2017_COVERAGE_R1__CB-Score__b0.2__seed3407,CICIDS2017,CICIDS2017_COVERAGE_R1,CB-Score,0.2,0.5,3407,FedAvg,clean,honest,0.762952056926026,0.4992507801431113,0.003649273992327731,89666,979,33.46333560068226,0.0033463335600682257,0.18672200896284535,0.14497816593886462,0.001847893846290854,0.41706119162162614,0.57,291580,166,5667409,24093037,0.023009600005025277,2047292,20472920,0,47856698.0,11.698284899997816,25500,6292105.0,3594617,0.03504070000417414,93.96022979997724,134.06967370000348
primary,PRIMARY__CICIDS2017_COVERAGE_R1__CB-Score__b0.2__seed42,CICIDS2017,CICIDS2017_COVERAGE_R1,CB-Score,0.2,0.5,42,FedAvg,clean,honest,0.7560638194936596,0.49845173687676825,0.02357349970166752,88706,4573,156.31035107448412,0.015631035107448413,0.1765477912634069,0.1975785225478154,0.01253450886098495,0.36151218700722987,0.53,287986,1126,5423524,23829190,0.022723300011421088,2045074,20450740,0,47599893.0,13.86702960000548,25500,8844981.0,3352950,0.03529389998948318,96.74412510000911,136.37769990000743
primary,PRIMARY__CICIDS2017_COVERAGE_R1__CB-Score__b0.2__seed777,CICIDS2017,CICIDS2017_COVERAGE_R1,CB-Score,0.2,0.5,777,FedAvg,clean,honest,0.7637025976029771,0.4997335657186915,0.003616875813245705,89668,690,23.584986276272478,0.002358498627627248,0.17423634142243138,0.1920374707259953,0.0018256300650102413,0.34799280265317944,0.74,291869,164,5712947,24133202,0.022871900007885415,2046695,20466950,0,48468063.0,12.443806299994321,25500,5183386.0,3640752,0.034681300006923266,100.96330839997245,141.92736529999092
primary,PRIMARY__CICIDS2017_COVERAGE_R1__CB-Score__b0.2__seed9001,CICIDS2017,CICIDS2017_COVERAGE_R1,CB-Score,0.2,0.5,9001,FedAvg,clean,honest,0.7616314191495093,0.49841084770001953,0.0037598093864078517,89660,1490,50.92989790093622,0.0050929897900936225,0.19760220708953452,0.10348977135980746,0.001914685190132692,0.2709479877279609,0.24,291069,172,5571582,23988552,0.022773100008635083,2046330,20463300,0,48109624.0,13.752733099998295,25500,5132393.0,3499752,0.035067800014076056,103.28249459998551,142.0483523000039
primary,PRIMARY__CICIDS2017_COVERAGE_R1__CB-Score__b0.4__seed11,CICIDS2017,CICIDS2017_COVERAGE_R1,CB-Score,0.4,0.5,11,FedAvg,clean,honest,0.7652036789568792,0.5005062924526713,0.0024443358072974535,89722,62,2.1192306509114403,0.00021192306509114402,0.16806952693725868,0.6395348837209303,0.0012245079704336984,0.28455750898966936,0.83,292497,110,8236839,26679693,0.012846500030718744,2049206,20492060,0,48278152.0,5.4660561999553465,25500,19353647.0,6162133,0.011956100017414428,41.82770229995367,59.60482409996621
primary,PRIMARY__CICIDS2017_COVERAGE_R1__CB-Score__b0.4__seed123,CICIDS2017,CICIDS2017_COVERAGE_R1,CB-Score,0.4,0.5,123,FedAvg,clean,honest,0.7648506371750381,0.5003989901878337,0.003148454042548474,89690,229,7.827480952559997,0.0007827480952559997,0.17246531144325397,0.38274932614555257,0.0015807284709235016,0.34807753123793533,0.62,292330,142,8954198,27382553,0.013588699999672826,2047595,20475950,0,48029350.0,5.357332800005679,25500,20761690.0,6881103,0.012009299964120146,39.48981900004583,56.93875730000582
primary,PRIMARY__CICIDS2017_COVERAGE_R1__CB-Score__b0.4__seed2026,CICIDS2017,CICIDS2017_COVERAGE_R1,CB-Score,0.4,0.5,2026,FedAvg,clean,honest,0.7626356268845239,0.5000236338882271,0.009169705041154509,89412,1354,46.28126292474339,0.004628126292474339,0.17508301632825168,0.23675310033821872,0.004675394068928667,0.36051113538272356,0.51,291205,420,8701040,27138764,0.012743000021146145,2048636,20486360,0,48374238.0,4.8043164999980945,25500,21949405.0,6626904,0.012031300015223678,36.552652899983514,53.42632040000899
primary,PRIMARY__CICIDS2017_COVERAGE_R1__CB-Score__b0.4__seed2027,CICIDS2017,CICIDS2017_COVERAGE_R1,CB-Score,0.4,0.5,2027,FedAvg,clean,honest,0.7626199361386643,0.501193587379513,0.015744274809160304,89106,1666,56.94577845836225,0.005694577845836224,0.23544067808558422,0.30351170568561875,0.00808175260486241,0.5305872576137554,0.5,290893,726,7723771,26164618,0.01322140001138905,2048983,20489830,0,47975539.0,5.185841500016977,25500,9257066.0,5649288,0.011671800006297417,39.49890270001197,55.99221299998317
primary,PRIMARY__CICIDS2017_COVERAGE_R1__CB-Score__b0.4__seed2718,CICIDS2017,CICIDS2017_COVERAGE_R1,CB-Score,0.4,0.5,2718,FedAvg,clean,honest,0.757520443734293,0.49560078970590077,0.0030106879421947915,89692,3030,103.56885277841393,0.010356885277841392,0.16581503748529758,0.04416403785488959,0.0015584646896428889,0.3147257064872379,0.48,289529,140,8600458,27027040,0.01369020002312027,2047398,20473980,0,48142935.0,5.335432399995625,25500,14983546.0,6527560,0.011803800036432222,40.35948009995627,57.04176870002266
primary,PRIMARY__CICIDS2017_COVERAGE_R1__CB-Score__b0.4__seed314,CICIDS2017,CICIDS2017_COVERAGE_R1,CB-Score,0.4,0.5,314,FedAvg,clean,honest,0.7619844609313504,0.5003694563697907,0.013441005907538887,89212,1803,61.62859457408591,0.006162859457408591,0.17252084075599772,0.25588113908378046,0.006901772196989937,0.3303474688305015,0.28,290756,620,9107774,27538415,0.015436600006069057,2047849,20478490,0,47295301.0,5.620660799992038,25500,20005816.0,7034425,0.014197899967257399,40.93997930003388,57.65081209998607
primary,PRIMARY__CICIDS2017_COVERAGE_R1__CB-Score__b0.4__seed3407,CICIDS2017,CICIDS2017_COVERAGE_R1,CB-Score,0.4,0.5,3407,FedAvg,clean,honest,0.7653553561668553,0.5006285590873724,0.0025789813023855577,89716,10,0.3418113953082968,3.418113953082968e-05,0.1732200401041768,0.9206349206349206,0.0012912993142755365,0.3547760911915495,0.84,292549,116,9340915,27767083,0.01791899999807356,2047352,20473520,0,48245508.0,5.399609500040242,25500,15644324.0,7268063,0.014007099998707417,40.8439535000507,59.02448000000004
primary,PRIMARY__CICIDS2017_COVERAGE_R1__CB-Score__b0.4__seed42,CICIDS2017,CICIDS2017_COVERAGE_R1,CB-Score,0.4,0.5,42,FedAvg,clean,honest,0.7652062940811891,0.5004732895145553,0.00224481858087459,89731,52,1.7774192556031434,0.00017774192556031432,0.19836394098322432,0.6601307189542484,0.0011243209546709413,0.3341347119417919,0.12,292507,101,8016648,26431899,0.015222099995298777,2046139,20461390,0,47691551.0,5.865233400014404,25500,11810563.0,5945009,0.018656199994438794,41.306650299993635,60.62924080000812
primary,PRIMARY__CICIDS2017_COVERAGE_R1__CB-Score__b0.4__seed777,CICIDS2017,CICIDS2017_COVERAGE_R1,CB-Score,0.4,0.5,777,FedAvg,clean,honest,0.7537442042307481,0.4930557736649026,0.002542211300129229,89712,4454,152.2427954703154,0.015224279547031538,0.18179491818166962,0.026235242675994752,0.0013358268768367619,0.3946090522364463,0.31,288105,120,9148068,27567540,0.014697799990244675,2046608,20466080,0,48647042.0,4.91331370001717,25500,13207913.0,7075960,0.013769099998171441,38.718990100038354,55.266438200000266
primary,PRIMARY__CICIDS2017_COVERAGE_R1__CB-Score__b0.4__seed9001,CICIDS2017,CICIDS2017_COVERAGE_R1,CB-Score,0.4,0.5,9001,FedAvg,clean,honest,0.7611162396604523,0.49993318365726175,0.014116885219362149,89178,2169,74.13889164236957,0.007413889164236957,0.17741599259285928,0.2316684378320935,0.007280256478760352,0.3069061476355024,0.36,290390,654,7742253,26168574,0.012239899995620362,2047369,20473690,0,48104064.0,5.141690000018571,25500,8546368.0,5669384,0.012226799990457948,37.43370289995801,53.39122170001792
primary,PRIMARY__CICIDS2017_COVERAGE_R1__CB-Score__b0.6__seed11,CICIDS2017,CICIDS2017_COVERAGE_R1,CB-Score,0.6,0.5,11,FedAvg,clean,honest,0.7646335818573136,0.5001337180317852,0.00243842965130456,89722,280,9.570719068632311,0.000957071906863231,0.16171748692560664,0.28205128205128205,0.0012245079704336984,0.2777854713815858,0.69,292279,110,9939232,28381978,0.014787900014198385,2049194,20491940,0,48084808.0,5.332126299996162,25500,20740475.0,7864538,0.012018999994324986,39.9629323999834,57.56474029998935
primary,PRIMARY__CICIDS2017_COVERAGE_R1__CB-Score__b0.6__seed123,CICIDS2017,CICIDS2017_COVERAGE_R1,CB-Score,0.6,0.5,123,FedAvg,clean,honest,0.7649604723960554,0.5003782052606018,0.0026189340050825076,89714,163,5.571525743525237,0.0005571525743525238,0.18103998474544228,0.4199288256227758,0.0013135630955561492,0.37804050573614084,0.8,292396,118,12786569,31217426,0.017904700005601626,2047873,20478730,0,47886909.0,5.268476500008546,25500,30590271.0,10713196,0.011121899966383353,38.64964310004143,56.3301249000142
primary,PRIMARY__CICIDS2017_COVERAGE_R1__CB-Score__b0.6__seed2026,CICIDS2017,CICIDS2017_COVERAGE_R1,CB-Score,0.6,0.5,2026,FedAvg,clean,honest,0.7632031088597796,0.5030094695491054,0.023677826297913634,88734,1815,62.03876824845587,0.0062038768248455865,0.17831642878561266,0.3769309989701339,0.012222815923056372,0.3641839454556729,0.5,290744,1098,10105119,28540674,0.01471379998838529,2048395,20483950,0,48540200.0,4.771737800001574,25500,22144998.0,8031224,0.01151689999824157,35.265631500027666,52.52362219997303
primary,PRIMARY__CICIDS2017_COVERAGE_R1__CB-Score__b0.6__seed2027,CICIDS2017,CICIDS2017_COVERAGE_R1,CB-Score,0.6,0.5,2027,FedAvg,clean,honest,0.7646492726031732,0.5002828203540145,0.0032340953393584972,89686,310,10.596153254557201,0.00105961532545572,0.22601183869161323,0.3201754385964912,0.001625256033484727,0.5170438430419412,0.95,292249,146,10313169,28756122,0.016288300001178868,2049217,20492170,0,48345920.0,5.4229643999788095,25500,16012870.0,8238452,0.012169199995696545,40.53610779999872,57.754339699982665
primary,PRIMARY__CICIDS2017_COVERAGE_R1__CB-Score__b0.6__seed2718,CICIDS2017,CICIDS2017_COVERAGE_R1,CB-Score,0.6,0.5,2718,FedAvg,clean,honest,0.7650807681143124,0.5005416734250822,0.003107278800590383,89692,139,4.751178394785326,0.00047511783947853253,0.1741282704522862,0.5017921146953405,0.0015584646896428889,0.3549739559921363,0.77,292420,140,11377248,29807601,0.017164799995953217,2047817,20478170,0,48141522.0,5.554988300005789,25500,19855052.0,9303931,0.011803500005044043,41.69784169994091,59.0362821000017
primary,PRIMARY__CICIDS2017_COVERAGE_R1__CB-Score__b0.6__seed314,CICIDS2017,CICIDS2017_COVERAGE_R1,CB-Score,0.6,0.5,314,FedAvg,clean,honest,0.7649029396612368,0.5003136077887126,0.0024633548229602426,89721,178,6.084242836487683,0.0006084242836487683,0.16817567778002954,0.38408304498269896,0.0012356398610740048,0.3230148661655228,0.56,292381,111,12488560,30918769,0.019281399981991854,2047801,20478010,0,47624548.0,5.3599470000044676,25500,23549723.0,10415259,0.01232920000620652,40.105125299953215,57.12628359999508
primary,PRIMARY__CICIDS2017_COVERAGE_R1__CB-Score__b0.6__seed3407,CICIDS2017,CICIDS2017_COVERAGE_R1,CB-Score,0.6,0.5,3407,FedAvg,clean,honest,0.7649447816501957,0.5003756646954298,0.002663027196165241,89712,171,5.844974859771875,0.0005844974859771875,0.1747172790475695,0.41237113402061853,0.0013358268768367619,0.3624475124615739,0.76,292388,120,12118838,30552143,0.016677400017215405,2048145,20481450,0,48030277.0,5.116524699966249,25500,22253883.0,10045193,0.011072199980844744,38.16174819997832,55.37172430004284
primary,PRIMARY__CICIDS2017_COVERAGE_R1__CB-Score__b0.6__seed42,CICIDS2017,CICIDS2017_COVERAGE_R1,CB-Score,0.6,0.5,42,FedAvg,clean,honest,0.7651409159734408,0.5004652750852343,0.002443684187141778,89722,86,2.9395779996513522,0.0002939577999651352,0.1640917189321323,0.5612244897959183,0.0012245079704336984,0.2566006257303386,0.68,292473,110,10702794,29118954,0.016556500020669773,2046240,20462400,0,47625353.0,5.650763600016944,25500,15709091.0,8631054,0.018783400038955733,37.35612499999843,54.276974400017934
primary,PRIMARY__CICIDS2017_COVERAGE_R1__CB-Score__b0.6__seed777,CICIDS2017,CICIDS2017_COVERAGE_R1,CB-Score,0.6,0.5,777,FedAvg,clean,honest,0.7250641359237011,0.4743588284632955,0.002504815127565301,89700,15433,527.5175263792944,0.052751752637929444,0.1713780922537629,0.008480565371024734,0.001469409564520438,0.34507083801224014,0.41,277126,132,12728308,31156537,0.017425100006221328,2047581,20475810,0,48544980.0,5.150131500013231,25500,22961591.0,10655227,0.010646700015058741,39.507769600000756,56.92824809998274
primary,PRIMARY__CICIDS2017_COVERAGE_R1__CB-Score__b0.6__seed9001,CICIDS2017,CICIDS2017_COVERAGE_R1,CB-Score,0.6,0.5,9001,FedAvg,clean,honest,0.7651356857248209,0.5005505654031843,0.002953061858874728,89699,111,3.7941064879220945,0.0003794106487922094,0.1667790435968587,0.5450819672131147,0.0014805414551607445,0.31816234915055924,0.88,292448,133,9355563,27788769,0.014915299994754605,2048134,20481340,0,48149378.0,5.200738300023659,25500,11865098.0,7281929,0.012731800001347438,38.030969800034654,54.49327270003414
primary,PRIMARY__CICIDS2017_COVERAGE_R1__CB-Score__b0.8__seed11,CICIDS2017,CICIDS2017_COVERAGE_R1,CB-Score,0.8,0.5,11,FedAvg,clean,honest,0.7647251112081613,0.5001935350259642,0.0024393759632763035,89722,245,8.374379185053272,0.0008374379185053271,0.1722302645081896,0.30985915492957744,0.0012245079704336984,0.2953350575663523,0.73,292314,110,10221640,28664953,0.016015500004868954,2049257,20492570,0,47875005.0,5.523187999977381,25500,20659918.0,8146883,0.01318320000427775,43.757922100048745,62.241458299984515
primary,PRIMARY__CICIDS2017_COVERAGE_R1__CB-Score__b0.8__seed123,CICIDS2017,CICIDS2017_COVERAGE_R1,CB-Score,0.8,0.5,123,FedAvg,clean,honest,0.7641576292329055,0.49995380386573746,0.0031833053320364313,89688,496,16.953845207291522,0.0016953845207291522,0.17722491645406652,0.225,0.0016029922522041143,0.3684368916203681,0.66,292063,144,15374324,33804542,0.03386059997865232,2047802,20478020,0,47958778.0,5.287935899999866,25500,35700469.0,13301022,0.010956399979477283,38.97497309993196,57.1706987000216
primary,PRIMARY__CICIDS2017_COVERAGE_R1__CB-Score__b0.8__seed2026,CICIDS2017,CICIDS2017_COVERAGE_R1,CB-Score,0.8,0.5,2026,FedAvg,clean,honest,0.7640373335146486,0.500237734749116,0.005247723414107115,89594,636,21.739204741607676,0.0021739204741607677,0.1707604664314516,0.2723112128146453,0.0026493899723929112,0.33829685903247325,0.47,291923,238,11854319,30288974,0.018750699957308825,2048295,20482950,0,48598566.0,5.2098570999951335,25500,27239162.0,9780524,0.011503800000355113,38.61137609999423,57.03621399997792
primary,PRIMARY__CICIDS2017_COVERAGE_R1__CB-Score__b0.8__seed2027,CICIDS2017,CICIDS2017_COVERAGE_R1,CB-Score,0.8,0.5,2027,FedAvg,clean,honest,0.7651775277137799,0.5006126223099014,0.003152823108861209,89690,104,3.554838511206287,0.00035548385112062864,0.22654304277744938,0.5772357723577236,0.0015807284709235016,0.5168872272005469,0.91,292455,142,12006745,30444928,0.019155100038915407,2048687,20486870,0,48452147.0,5.891827699953865,25500,22885091.0,9932558,0.013173200022720266,43.80124579997937,62.39138389999425
primary,PRIMARY__CICIDS2017_COVERAGE_R1__CB-Score__b0.8__seed2718,CICIDS2017,CICIDS2017_COVERAGE_R1,CB-Score,0.8,0.5,2718,FedAvg,clean,honest,0.7647224960838513,0.5003306739493576,0.0032350986040327943,89686,282,9.639081347693969,0.0009639081347693969,0.19809177060918906,0.3411214953271028,0.001625256033484727,0.4477100672916079,0.9,292277,146,13780068,32212473,0.020913799991831183,2048045,20480450,0,48159560.0,5.558812100010982,25500,26827969.0,11706523,0.013005700027861167,41.70652020000125,59.13211880001472
primary,PRIMARY__CICIDS2017_COVERAGE_R1__CB-Score__b0.8__seed314,CICIDS2017,CICIDS2017_COVERAGE_R1,CB-Score,0.8,0.5,314,FedAvg,clean,honest,0.7649003245369269,0.5003273262851105,0.0025518695218018418,89717,183,6.255148534141831,0.0006255148534141832,0.16921129700022775,0.3859060402684564,0.0012801674236352302,0.3289097189605005,0.58,292376,115,14113426,32545975,0.03158400000393158,2048061,20480610,0,48238008.0,5.465188999987731,25500,28542882.0,12039865,0.01339360000565648,40.376847599945904,57.76404440001352
primary,PRIMARY__CICIDS2017_COVERAGE_R1__CB-Score__b0.8__seed3407,CICIDS2017,CICIDS2017_COVERAGE_R1,CB-Score,0.8,0.5,3407,FedAvg,clean,honest,0.7643066913185719,0.5000319356716822,0.003075051158674852,89693,434,14.83461455638008,0.0014834614556380082,0.17732172610234292,0.2425828970331588,0.0015473327990025826,0.37253104996953207,0.58,292125,139,14108472,32536008,0.03029229999083327,2047504,20475040,0,48089308.0,5.344017299983534,25500,29105947.0,12035468,0.013364500002353452,40.93420459988556,59.0176679000142
primary,PRIMARY__CICIDS2017_COVERAGE_R1__CB-Score__b0.8__seed42,CICIDS2017,CICIDS2017_COVERAGE_R1,CB-Score,0.8,0.5,42,FedAvg,clean,honest,0.758707710171003,0.4963342758014708,0.002788405421178912,89703,2565,87.67462289657813,0.008767462289657812,0.18739492078773917,0.04788418708240535,0.0014360138925995191,0.2701366968858288,0.19,289994,129,12528314,30941684,0.020229500019922853,2045930,20459300,0,47853399.0,5.816717299996526,25500,18447296.0,10456884,0.016042499999457505,39.11815049999859,56.72921819999465
primary,PRIMARY__CICIDS2017_COVERAGE_R1__CB-Score__b0.8__seed777,CICIDS2017,CICIDS2017_COVERAGE_R1,CB-Score,0.8,0.5,777,FedAvg,clean,honest,0.7642073165947944,0.49993227951148117,0.0028753110312413604,89702,463,15.82586760277414,0.0015825867602774141,0.1741195898011953,0.21922428330522767,0.0014471457832398254,0.33905087890578356,0.72,292096,130,14950316,33375431,0.030218999992939644,2047235,20472350,0,48707732.0,5.27008800002659,25500,32731637.0,12877581,0.012394900011713617,41.63262360005319,59.49449210002058
primary,PRIMARY__CICIDS2017_COVERAGE_R1__CB-Score__b0.8__seed9001,CICIDS2017,CICIDS2017_COVERAGE_R1,CB-Score,0.8,0.5,9001,FedAvg,clean,honest,0.763383552437165,0.5021168897344604,0.01814393610556472,88996,1484,50.72481106375125,0.005072481106375124,0.1961587862244506,0.3603448275862069,0.009306260575296108,0.44674720102485,0.58,291075,836,10063489,28500367,0.015373400005046278,2048542,20485420,0,48268378.0,5.070812300036778,25500,14930770.0,7989447,0.011740999994799495,38.44910079994588,55.10772700000962
primary,PRIMARY__CICIDS2017_COVERAGE_R1__CB-Score__b1.0__seed11,CICIDS2017,CICIDS2017_COVERAGE_R1,CB-Score,1.0,0.5,11,FedAvg,clean,honest,0.7366020643791302,0.48378520624382265,0.012180889146062787,89211,11510,393.4249159998496,0.03934249159998496,0.16744000501691925,0.05119116313576787,0.0069129040876302434,0.29605192582623563,0.32,281049,621,10940334,29389227,0.02173620000394294,2049877,20498770,0,48137330.0,5.483686800012947,25500,19419164.0,8864957,0.01081990003149258,41.54049899998063,58.59697489999235
primary,PRIMARY__CICIDS2017_COVERAGE_R1__CB-Score__b1.0__seed123,CICIDS2017,CICIDS2017_COVERAGE_R1,CB-Score,1.0,0.5,123,FedAvg,clean,honest,0.7649709328932951,0.5007283045510894,0.004585377739873957,89625,248,8.476922603645761,0.0008476922603645761,0.1872118728567536,0.45494505494505494,0.0023043013625434145,0.39508769313197295,0.84,292311,207,16607699,35041220,0.04439879997516982,2048169,20481690,0,48198047.0,5.18014599999151,25500,39090270.0,14534030,0.012431899995135609,37.99056800004473,55.27491340000415
primary,PRIMARY__CICIDS2017_COVERAGE_R1__CB-Score__b1.0__seed2026,CICIDS2017,CICIDS2017_COVERAGE_R1,CB-Score,1.0,0.5,2026,FedAvg,clean,honest,0.7643877601721798,0.5009642869802985,0.008081030496531983,89465,631,21.568299043953527,0.0021568299043953527,0.1734728129682683,0.36773547094188375,0.004085403864992431,0.3486121708601192,0.5,291928,367,14066330,32503649,0.03715840000950266,2048591,20485910,0,48446997.0,4.860653999981878,25500,30234701.0,11992239,0.011829100003524218,36.05482399992616,52.88395899999159
primary,PRIMARY__CICIDS2017_COVERAGE_R1__CB-Score__b1.0__seed2027,CICIDS2017,CICIDS2017_COVERAGE_R1,CB-Score,1.0,0.5,2027,FedAvg,clean,honest,0.7646597331004129,0.5002819428052334,0.0031900753212228622,89688,304,10.391066417372222,0.0010391066417372223,0.23943358657831076,0.32142857142857145,0.0016029922522041143,0.5409916232347711,0.95,292255,144,13040157,31479618,0.028256799996597692,2048829,20488290,0,48405903.0,5.414149900003395,25500,24699228.0,10965828,0.012527800019597635,38.89185100004397,55.60675349998928
primary,PRIMARY__CICIDS2017_COVERAGE_R1__CB-Score__b1.0__seed2718,CICIDS2017,CICIDS2017_COVERAGE_R1,CB-Score,1.0,0.5,2718,FedAvg,clean,honest,0.7650023143850143,0.5004556897206934,0.002907138022480388,89701,160,5.468982324932749,0.0005468982324932748,0.17777496960247824,0.45017182130584193,0.0014582776738801318,0.373167285944048,0.74,292399,131,13645749,32076219,0.02708269998402102,2047830,20478300,0,48092473.0,5.480473900031939,25500,26726789.0,11572419,0.012175100004242267,41.34152610004094,58.43896609998774
primary,PRIMARY__CICIDS2017_COVERAGE_R1__CB-Score__b1.0__seed314,CICIDS2017,CICIDS2017_COVERAGE_R1,CB-Score,1.0,0.5,314,FedAvg,clean,honest,0.7647904893159096,0.5002401183387214,0.0024621800275054346,89721,221,7.554031836313359,0.0007554031836313359,0.1691596954604054,0.33433734939759036,0.0012356398610740048,0.32784157208623754,0.54,292338,111,14586313,33018205,0.0359507999746711,2047988,20479880,0,48192276.0,5.469448099989677,25500,29894771.0,12512825,0.013051700014329981,40.38031700003194,57.04603470001166
primary,PRIMARY__CICIDS2017_COVERAGE_R1__CB-Score__b1.0__seed3407,CICIDS2017,CICIDS2017_COVERAGE_R1,CB-Score,1.0,0.5,3407,FedAvg,clean,honest,0.7651356857248209,0.5005042827430609,0.00268733620574779,89711,99,3.3839328135521383,0.0003383932813552138,0.17236450800057376,0.55,0.0013469587674770683,0.35071912456058707,0.75,292460,121,16016780,34448834,0.040863300040655304,2048006,20480060,0,47937768.0,5.164115400009905,25500,34514070.0,13943274,0.012775999981386121,37.49249730003794,54.06038019999687
primary,PRIMARY__CICIDS2017_COVERAGE_R1__CB-Score__b1.0__seed42,CICIDS2017,CICIDS2017_COVERAGE_R1,CB-Score,1.0,0.5,42,FedAvg,clean,honest,0.7569895734993763,0.4952114253678831,0.002768745372009916,89703,3222,110.13163156833322,0.011013163156833322,0.19385162792429952,0.03849597135183527,0.0014360138925995191,0.26579950242339545,0.19,289337,129,12750885,31163175,0.019628100024419837,2045810,20458100,0,48019016.0,5.616770099986752,25500,18674000.0,10679575,0.012564000018755905,37.656942399982654,54.258264600015536
primary,PRIMARY__CICIDS2017_COVERAGE_R1__CB-Score__b1.0__seed777,CICIDS2017,CICIDS2017_COVERAGE_R1,CB-Score,1.0,0.5,777,FedAvg,clean,honest,0.7645472827550858,0.5001390293650572,0.002791099493836322,89706,329,11.245594905642964,0.0011245594905642965,0.17561917528502388,0.27692307692307694,0.0014026182206786,0.36725329145219276,0.59,292230,126,16261705,34691005,0.03917050001473399,2047700,20477000,0,48742522.0,5.175935900013428,25500,33357218.0,14188505,0.013115099987771828,39.8140889000133,56.76502850001998
primary,PRIMARY__CICIDS2017_COVERAGE_R1__CB-Score__b1.0__seed9001,CICIDS2017,CICIDS2017_COVERAGE_R1,CB-Score,1.0,0.5,9001,FedAvg,clean,honest,0.7643040761942619,0.500057224833111,0.0032293740322937403,89686,442,15.108063672626718,0.0015108063672626718,0.21581033989210066,0.24829931972789115,0.001625256033484727,0.49756350867748655,0.76,292117,146,10976051,29404604,0.02594849997694837,2047617,20476170,0,48108305.0,4.925927999996929,25500,17700989.0,8902934,0.013123900003847666,37.573923600051785,53.590862499979266
primary,PRIMARY__CICIDS2017_COVERAGE_R1__Cost-Only__b0.1__seed11,CICIDS2017,CICIDS2017_COVERAGE_R1,Cost-Only,0.1,0.5,11,FedAvg,clean,honest,0.6726125876393534,0.44414157611062605,0.018579492003762934,88647,36543,1249.081381875109,0.1249081381875109,0.20759258206366937,0.031409033078880405,0.013191290408763025,0.48356179489210377,0.95,256016,1185,3913110,22359069,0.018517099995733588,2049551,20495510,0,48374419.0,10.878748899998754,25500,14704472.0,1838059,0.0032881999995879596,87.33229970000684,128.6170032999944
primary,PRIMARY__CICIDS2017_COVERAGE_R1__Cost-Only__b0.1__seed123,CICIDS2017,CICIDS2017_COVERAGE_R1,Cost-Only,0.1,0.5,123,FedAvg,clean,honest,0.7644975953931971,0.5000448470690051,0.002437025057048541,89722,332,11.348138324235453,0.0011348138324235454,0.17967934933994262,0.248868778280543,0.0012245079704336984,0.3851971960180847,0.58,292227,110,3916843,22344604,0.021946699993350194,2047529,20475290,0,48379626.0,11.91304029999992,25500,8533258.0,1843814,0.00368690000505012,95.08800369998062,140.75204500000655
primary,PRIMARY__CICIDS2017_COVERAGE_R1__Cost-Only__b0.1__seed2026,CICIDS2017,CICIDS2017_COVERAGE_R1,Cost-Only,0.1,0.5,2026,FedAvg,clean,honest,0.7651147647303415,0.5001974867731341,0.001001023268229746,89787,31,1.0596153254557201,0.00010596153254557201,0.2305389626470363,0.5921052631578947,0.0005009350788137858,0.35245825522859997,0.05,292528,45,3725580,22161360,0.019109500006379676,2048420,20484200,0,45120748.0,11.613018300000476,25500,13213280.0,1651660,0.003385000001799199,93.40813559998423,134.75671820000025
primary,PRIMARY__CICIDS2017_COVERAGE_R1__Cost-Only__b0.1__seed2027,CICIDS2017,CICIDS2017_COVERAGE_R1,Cost-Only,0.1,0.5,2027,FedAvg,clean,honest,0.7538592697003852,0.49337009924917435,0.0038524225811231295,89650,4472,152.85805598187034,0.015285805598187032,0.1712306520551803,0.03910614525139665,0.0020260040965357556,0.34191571697791945,0.17,288087,182,3869895,22306053,0.021345899996958906,2048462,20484620,0,47209253.0,13.271444600004543,25500,1637238.0,1795933,0.0038258000004134374,100.91630060000352,143.27500450000298
primary,PRIMARY__CICIDS2017_COVERAGE_R1__Cost-Only__b0.1__seed2718,CICIDS2017,CICIDS2017_COVERAGE_R1,Cost-Only,0.1,0.5,2718,FedAvg,clean,honest,0.7652664419403177,0.5006360182520113,0.0029547019749850043,89699,61,2.0850495113806105,0.00020850495113806103,0.1713124336819041,0.6855670103092784,0.0014805414551607445,0.3307074553557661,0.58,292498,133,3884545,22307068,0.01011609999659413,2046947,20469470,0,47474379.0,6.699469199997111,25500,2819377.0,1812098,0.0018887999995058635,50.750764000000345,70.42891659999623
primary,PRIMARY__CICIDS2017_COVERAGE_R1__Cost-Only__b0.1__seed314,CICIDS2017,CICIDS2017_COVERAGE_R1,Cost-Only,0.1,0.5,314,FedAvg,clean,honest,0.7634437002962936,0.4993560971074589,0.0024261940734695677,89722,735,25.123137555159815,0.0025123137555159813,0.22349665420677498,0.1301775147928994,0.0012245079704336984,0.2960174104168335,0.1,291824,110,3781308,22206207,0.010266300003422657,2047211,20472110,0,45878155.0,6.977952699997331,25500,5922526.0,1708597,0.0020835999985138187,51.65952229998766,71.10517519999848
primary,PRIMARY__CICIDS2017_COVERAGE_R1__Cost-Only__b0.1__seed3407,CICIDS2017,CICIDS2017_COVERAGE_R1,Cost-Only,0.1,0.5,3407,FedAvg,clean,honest,0.765214139454119,0.5005131286805774,0.0024444444444444444,89722,58,1.9825060927881213,0.00019825060927881213,0.17797939151697545,0.6547619047619048,0.0012245079704336984,0.3742477254644087,0.89,292501,110,3884386,22306279,0.019603399998231907,2046877,20468770,0,47747990.0,12.119577900002696,25500,1070064.0,1812009,0.0037088000044604996,94.82975370000167,135.58123110000088
primary,PRIMARY__CICIDS2017_COVERAGE_R1__Cost-Only__b0.1__seed42,CICIDS2017,CICIDS2017_COVERAGE_R1,Cost-Only,0.1,0.5,42,FedAvg,clean,honest,0.7648218708076289,0.5000446412751975,0.0012216792536650378,89777,153,5.229714348216941,0.0005229714348216941,0.23073671144088564,0.2644230769230769,0.0006122539852168492,0.3573091223354219,0.05,292406,55,3730022,22137290,0.022440100001404062,2045252,20452520,1,46657930.0,12.807279800004835,25500,8370684.0,1659270,0.004216500004986301,97.90377260001333,141.75854820000313
primary,PRIMARY__CICIDS2017_COVERAGE_R1__Cost-Only__b0.1__seed777,CICIDS2017,CICIDS2017_COVERAGE_R1,Cost-Only,0.1,0.5,777,FedAvg,clean,honest,0.7297295176926235,0.47742321366282,0.0026249505409135215,89696,13653,466.6750980144176,0.04666750980144176,0.1656277659877486,0.009862934222931321,0.0015139371270816635,0.3024817717856292,0.39,278906,136,3887606,22309400,0.02037529998779064,2046866,20468660,0,47896288.0,12.205048399999214,25500,2331723.0,1815240,0.0039726999966660514,99.98826919999738,141.61516009999832
primary,PRIMARY__CICIDS2017_COVERAGE_R1__Cost-Only__b0.1__seed9001,CICIDS2017,CICIDS2017_COVERAGE_R1,Cost-Only,0.1,0.5,9001,FedAvg,clean,honest,0.7629625174232657,0.49911876839064745,0.0028602545626560763,89702,939,32.09609001944907,0.003209609001944907,0.200514155899219,0.1216089803554724,0.0014471457832398254,0.25851625439099984,0.17,291620,130,3838690,22261618,0.023886700000730343,2046992,20469920,0,46657870.0,13.185679899997922,25500,2751257.0,1766198,0.0035282000062579755,98.01199209998958,133.90738209999654
primary,PRIMARY__CICIDS2017_COVERAGE_R1__Cost-Only__b0.2__seed11,CICIDS2017,CICIDS2017_COVERAGE_R1,Cost-Only,0.2,0.5,11,FedAvg,clean,honest,0.7645682037495652,0.5000948484957153,0.002459861051091979,89721,306,10.459428696433882,0.0010459428696433881,0.18269568329004196,0.26618705035971224,0.0012356398610740048,0.3925732437211125,0.68,292253,111,5705267,24140093,0.01099600000452483,2048314,20483140,0,47565208.0,5.384719599998789,25500,9611832.0,3631453,0.0017761999988579191,40.49026389998107,58.773766500009515
primary,PRIMARY__CICIDS2017_COVERAGE_R1__Cost-Only__b0.2__seed123,CICIDS2017,CICIDS2017_COVERAGE_R1,Cost-Only,0.2,0.5,123,FedAvg,clean,honest,0.7649918538877746,0.5004681379345053,0.0030176287207251185,89696,169,5.776612580710216,0.0005776612580710216,0.19391140321994735,0.4459016393442623,0.0015139371270816635,0.4414354304244441,0.48,292390,136,5793157,24222124,0.010789400002977345,2047663,20476630,0,48759594.0,4.894939799996791,25500,13553489.0,3719994,0.001614599983440712,38.11276319998069,56.33521050000127
primary,PRIMARY__CICIDS2017_COVERAGE_R1__Cost-Only__b0.2__seed2026,CICIDS2017,CICIDS2017_COVERAGE_R1,Cost-Only,0.2,0.5,2026,FedAvg,clean,honest,0.7644662139014778,0.5000050539435685,0.0023261996543931943,89727,339,11.587406300951262,0.0011587406300951261,0.22972065987979662,0.23648648648648649,0.0011688485172321667,0.31294111504062916,0.07,292220,105,5560471,23986297,0.010717500001192093,2047314,20473140,0,45988863.0,5.346285899988288,25500,16848692.0,3487657,0.0016677999956300482,41.52575790003175,59.91761860000406
primary,PRIMARY__CICIDS2017_COVERAGE_R1__Cost-Only__b0.2__seed2027,CICIDS2017,CICIDS2017_COVERAGE_R1,Cost-Only,0.2,0.5,2027,FedAvg,clean,honest,0.7646126608628341,0.5001933264545015,0.0028581557140958036,89703,307,10.493609835964712,0.001049360983596471,0.16731253581911903,0.2958715596330275,0.0014360138925995191,0.3203317382988729,0.47,292252,129,5590792,24030073,0.01163149998683366,2048809,20488090,0,47050041.0,5.741682999992918,25500,2708629.0,3516483,0.0018730000047071371,41.601199699987774,59.53030179999769
primary,PRIMARY__CICIDS2017_COVERAGE_R1__Cost-Only__b0.2__seed2718,CICIDS2017,CICIDS2017_COVERAGE_R1,Cost-Only,0.2,0.5,2718,FedAvg,clean,honest,0.761801402229655,0.4984602261899969,0.003413678785955775,89676,1409,48.16122559893902,0.004816122559893902,0.16835427111014747,0.09968051118210862,0.0017365749398877905,0.3308020759125327,0.58,291150,156,5708800,24137506,0.011740300004021265,2047634,20476340,0,47567915.0,5.055439199997636,25500,8367805.0,3635666,0.0017769999940355774,38.8403975000183,56.927969100015616
primary,PRIMARY__CICIDS2017_COVERAGE_R1__Cost-Only__b0.2__seed314,CICIDS2017,CICIDS2017_COVERAGE_R1,Cost-Only,0.2,0.5,314,FedAvg,clean,honest,0.7590319855854348,0.49648063176472057,0.002425082279577343,89720,2424,82.85508222273114,0.008285508222273114,0.17879534331460092,0.04416403785488959,0.001246771751714311,0.2577171397807742,0.25,290135,112,5589789,24017856,0.01229800000510295,2047563,20475630,0,46610097.0,6.278699600010441,25500,7696452.0,3516726,0.0018499000070733018,45.94050069998775,63.58660659999441
primary,PRIMARY__CICIDS2017_COVERAGE_R1__Cost-Only__b0.2__seed3407,CICIDS2017,CICIDS2017_COVERAGE_R1,Cost-Only,0.2,0.5,3407,FedAvg,clean,honest,0.7650101597579441,0.500491671998372,0.0030842282772699033,89693,165,5.639888022586897,0.0005639888022586897,0.1805843770412048,0.45723684210526316,0.0015473327990025826,0.38886789317060677,0.77,292394,139,5691142,24120190,0.011802499993791571,2047672,20476720,0,47542464.0,5.4906213999965985,25500,3985787.0,3617970,0.0018709999822021928,39.99150919995736,58.161225699997885
primary,PRIMARY__CICIDS2017_COVERAGE_R1__Cost-Only__b0.2__seed42,CICIDS2017,CICIDS2017_COVERAGE_R1,Cost-Only,0.2,0.5,42,FedAvg,clean,honest,0.764460983652858,0.49983193274249654,0.0013526998558598515,89771,297,10.151798440656414,0.0010151798440656416,0.23039917501569104,0.17039106145251395,0.0006790453290586873,0.3403611217331435,0.05,292262,61,5456409,23871282,0.011211800010642037,2046097,20460970,0,45930756.0,5.691064000006008,25500,12212455.0,3384812,0.0017772000028344337,39.919678899994324,57.493169100009254
primary,PRIMARY__CICIDS2017_COVERAGE_R1__Cost-Only__b0.2__seed777,CICIDS2017,CICIDS2017_COVERAGE_R1,Cost-Only,0.2,0.5,777,FedAvg,clean,honest,0.7650729227413825,0.500482549817342,0.0027973269986457383,89706,128,4.375185859946199,0.0004375185859946199,0.16768605993498034,0.49606299212598426,0.0014026182206786,0.3195400899115744,0.47,292431,126,5720297,24144125,0.011729300000297371,2047092,20470920,0,47970512.0,5.635644400004821,25500,4886316.0,3647705,0.0017648000139161013,43.510149700028705,62.11330210000597
primary,PRIMARY__CICIDS2017_COVERAGE_R1__Cost-Only__b0.2__seed9001,CICIDS2017,CICIDS2017_COVERAGE_R1,Cost-Only,0.2,0.5,9001,FedAvg,clean,honest,0.7637575152134857,0.4995650408329875,0.0024514404973553154,89721,616,21.055581950991083,0.0021055581950991083,0.22166219420753547,0.15268225584594222,0.0012356398610740048,0.2913964830074894,0.15,291943,111,5723471,24149126,0.011056199997256044,2047295,20472950,0,47782518.0,5.391002000003937,25500,6180462.0,3650676,0.0016588999969826546,40.74878229997557,58.063000199999806
primary,PRIMARY__CICIDS2017_COVERAGE_R1__Cost-Only__b0.4__seed11,CICIDS2017,CICIDS2017_COVERAGE_R1,Cost-Only,0.4,0.5,11,FedAvg,clean,honest,0.7618720105860232,0.5008475019529359,0.016482329560183185,89069,1989,67.98628652682024,0.006798628652682023,0.188362451396758,0.2772529069767442,0.008493632558553744,0.41774500662217495,0.53,290570,763,9401932,27845632,0.018072700000629993,2049300,20493000,0,47922051.0,7.052584399989428,25500,15555822.0,7327132,0.0020284000092942733,52.836310999999114,74.8730561000084
primary,PRIMARY__CICIDS2017_COVERAGE_R1__Cost-Only__b0.4__seed123,CICIDS2017,CICIDS2017_COVERAGE_R1,Cost-Only,0.4,0.5,123,FedAvg,clean,honest,0.765214139454119,0.5013577872278284,0.0072757026913465575,89503,277,9.468175650039822,0.0009468175650039822,0.17706171485587274,0.5429042904290429,0.003662392020660789,0.35398453043356387,0.7,292282,329,9416257,27849931,0.01458670000283746,2048186,20481860,0,48045676.0,5.3646673999937775,25500,19363749.0,7342571,0.0015434999913850334,39.74014440001338,58.030268300004536
primary,PRIMARY__CICIDS2017_COVERAGE_R1__Cost-Only__b0.4__seed2026,CICIDS2017,CICIDS2017_COVERAGE_R1,Cost-Only,0.4,0.5,2026,FedAvg,clean,honest,0.7649604723960554,0.5003782052606018,0.0026189340050825076,89714,163,5.571525743525237,0.0005571525743525238,0.1700904902972737,0.4199288256227758,0.0013135630955561492,0.3358336265007572,0.49,292396,118,9414612,27844011,0.017514399994979613,2047711,20477110,0,47994560.0,6.162471799983905,25500,22214808.0,7341401,0.001753299991833046,44.34942099996988,63.5921023999872
primary,PRIMARY__CICIDS2017_COVERAGE_R1__Cost-Only__b0.4__seed2027,CICIDS2017,CICIDS2017_COVERAGE_R1,Cost-Only,0.4,0.5,2027,FedAvg,clean,honest,0.7645289768849163,0.5001540641846267,0.0029454754838995436,89699,343,11.72413085907458,0.001172413085907458,0.17855095740096158,0.27941176470588236,0.0014805414551607445,0.37531598719281006,0.45,292216,133,9188890,27634984,0.023589900010847487,2049566,20495660,0,47353523.0,8.391596000004938,25500,12332785.0,7113824,0.00288250001904089,60.85847300002206,87.49518969999917
primary,PRIMARY__CICIDS2017_COVERAGE_R1__Cost-Only__b0.4__seed2718,CICIDS2017,CICIDS2017_COVERAGE_R1,Cost-Only,0.4,0.5,2718,FedAvg,clean,honest,0.7651435310977507,0.5004824116955853,0.002532348531126784,89718,89,3.0421214182438416,0.00030421214182438415,0.17034641079066304,0.5615763546798029,0.0012690355329949238,0.33840143765422354,0.68,292470,114,9348177,27777351,0.02234370000223862,2047686,20476860,0,47945933.0,7.62007050000102,25500,10237482.0,7274991,0.002255499999591848,59.142190999995364,83.8478099999993
primary,PRIMARY__CICIDS2017_COVERAGE_R1__Cost-Only__b0.4__seed314,CICIDS2017,CICIDS2017_COVERAGE_R1,Cost-Only,0.4,0.5,314,FedAvg,clean,honest,0.7619687701854908,0.4983960458610331,0.0024330633582850193,89721,1300,44.435481390078586,0.0044435481390078585,0.16636416290879705,0.07866761162296244,0.0012356398610740048,0.29560766920054227,0.26,291259,111,9039784,27464161,0.021922100000665523,2047153,20471530,0,46291935.0,9.949978199991165,25500,10487877.0,6967131,0.0025427999971725512,69.97951749998902,95.97134750000623
primary,PRIMARY__CICIDS2017_COVERAGE_R1__Cost-Only__b0.4__seed3407,CICIDS2017,CICIDS2017_COVERAGE_R1,Cost-Only,0.4,0.5,3407,FedAvg,clean,honest,0.7650389261253534,0.5003986218631491,0.0024426260450553477,89722,125,4.272642441353709,0.000427264244135371,0.17199816387355257,0.46808510638297873,0.0012245079704336984,0.3464481916518357,0.67,292434,110,9384738,27817161,0.019601499989221338,2048047,20480470,0,47932098.0,6.171855899996444,25500,11314064.0,7311191,0.0019798999892373104,46.51635340002031,65.8254288000062
primary,PRIMARY__CICIDS2017_COVERAGE_R1__Cost-Only__b0.4__seed42,CICIDS2017,CICIDS2017_COVERAGE_R1,Cost-Only,0.4,0.5,42,FedAvg,clean,honest,0.7574053782646558,0.4954484534320607,0.0025804786787949163,89712,3054,104.38920012715384,0.010438920012715383,0.22000962004863567,0.03780718336483932,0.0013358268768367619,0.25806340643983827,0.18,289505,120,9193395,27604533,0.015542199998890283,2045682,20456820,0,47384661.0,5.759921799999574,25500,19573474.0,7122213,0.0016931999889493454,38.77997889998733,55.83742570000322
primary,PRIMARY__CICIDS2017_COVERAGE_R1__Cost-Only__b0.4__seed777,CICIDS2017,CICIDS2017_COVERAGE_R1,Cost-Only,0.4,0.5,777,FedAvg,clean,honest,0.7437962713557589,0.4866278018046674,0.0028295741389137694,89693,8277,282.9172918966772,0.028291729189667724,0.16662785244249512,0.01651615969581749,0.0015473327990025826,0.31614535567224616,0.44,284282,139,9409030,27832021,0.016637800006719772,2046999,20469990,0,48231408.0,5.723054100006266,25500,11634976.0,7336531,0.001715199996397132,44.948585100075434,63.74439630000779
primary,PRIMARY__CICIDS2017_COVERAGE_R1__Cost-Only__b0.4__seed9001,CICIDS2017,CICIDS2017_COVERAGE_R1,Cost-Only,0.4,0.5,9001,FedAvg,clean,honest,0.7629938989149849,0.5000880716068944,0.008229281798185618,89456,1173,40.094476669663216,0.004009447666966321,0.1848420799596764,0.24273724983860556,0.004185590880755188,0.40625451417477776,0.59,291386,376,9349431,27796812,0.01494059999822639,2049709,20497090,0,48199375.0,5.214789999990899,25500,17402618.0,7274222,0.0015514999940933194,39.991126499979146,57.37528569999631
primary,PRIMARY__CICIDS2017_COVERAGE_R1__Cost-Only__b0.6__seed11,CICIDS2017,CICIDS2017_COVERAGE_R1,Cost-Only,0.6,0.5,11,FedAvg,clean,honest,0.7597563750192865,0.49714302807605953,0.0034928245235331763,89671,2196,75.06178240970198,0.007506178240970197,0.1707679645093916,0.06830717013152313,0.0017922343930893223,0.3398571549578699,0.56,290363,161,13050473,31499510,0.018886099984229077,2049893,20498930,0,47813328.0,5.398380599981465,25500,23303488.0,10975080,0.0014931000259821303,40.43063630001416,57.344100700000126
primary,PRIMARY__CICIDS2017_COVERAGE_R1__Cost-Only__b0.6__seed123,CICIDS2017,CICIDS2017_COVERAGE_R1,Cost-Only,0.6,0.5,123,FedAvg,clean,honest,0.7649552421474355,0.5004480680251774,0.003039277672401362,89695,184,6.289329673672661,0.0006289329673672661,0.18060600524224696,0.42679127725856697,0.00152506901772197,0.3846970446756026,0.67,292375,137,13065754,31499959,0.01940550001745578,2048245,20482450,0,47908994.0,5.276973600026395,25500,28303931.0,10992009,0.0017026000205078162,39.11078810002073,56.39995630001795
primary,PRIMARY__CICIDS2017_COVERAGE_R1__Cost-Only__b0.6__seed2026,CICIDS2017,CICIDS2017_COVERAGE_R1,Cost-Only,0.6,0.5,2026,FedAvg,clean,honest,0.765054616871213,0.5005130121902859,0.0030405592853575986,89695,146,4.990446371501133,0.0004990446371501133,0.17121545327273552,0.4840989399293286,0.00152506901772197,0.3446448061337954,0.49,292413,137,13166984,31596698,0.018854500020097475,2047746,20477460,0,48218953.0,5.314641599987226,25500,30470201.0,11093738,0.0015493999890168197,39.07632299995021,56.43967440000415
primary,PRIMARY__CICIDS2017_COVERAGE_R1__Cost-Only__b0.6__seed2027,CICIDS2017,CICIDS2017_COVERAGE_R1,Cost-Only,0.6,0.5,2027,FedAvg,clean,honest,0.7651252252275812,0.5005205878452165,0.002820091486432473,89705,109,3.725744208860435,0.0003725744208860435,0.2027041257399215,0.538135593220339,0.0014137501113189064,0.4715498468295773,0.78,292450,127,12338158,30783496,0.01971209998737322,2049482,20494820,0,47801454.0,5.3542947999885655,25500,23893053.0,10263176,0.001745799985656049,38.84562810002535,55.99495130001014
primary,PRIMARY__CICIDS2017_COVERAGE_R1__Cost-Only__b0.6__seed2718,CICIDS2017,CICIDS2017_COVERAGE_R1,Cost-Only,0.6,0.5,2718,FedAvg,clean,honest,0.7642543888323732,0.5000093251971823,0.003140515973504661,89690,457,15.620780765589164,0.0015620780765589163,0.17190109255331804,0.2370617696160267,0.0015807284709235016,0.3447260886377962,0.61,292102,142,12989891,31422161,0.01988959998561768,2048030,20480300,0,48033449.0,5.541740800028492,25500,23701121.0,10916361,0.0017109000036725774,40.97737260001304,58.52265120001539
primary,PRIMARY__CICIDS2017_COVERAGE_R1__Cost-Only__b0.6__seed314,CICIDS2017,CICIDS2017_COVERAGE_R1,Cost-Only,0.6,0.5,314,FedAvg,clean,honest,0.758111461828338,0.49592918325744495,0.002695534039203847,89707,2789,95.33119815148397,0.009533119815148398,0.16650771651775284,0.04289636238846946,0.0013914863300382937,0.30103741914393073,0.27,289770,125,12934678,31367479,0.020543599981465377,2048089,20480890,0,47647471.0,5.835293199990701,25500,19472945.0,10861089,0.0016990000221994705,42.43697220003378,59.21212710002874
primary,PRIMARY__CICIDS2017_COVERAGE_R1__Cost-Only__b0.6__seed3407,CICIDS2017,CICIDS2017_COVERAGE_R1,Cost-Only,0.6,0.5,3407,FedAvg,clean,honest,0.7645289768849163,0.5001617779613139,0.0029896359287802285,89697,345,11.792493138136239,0.001179249313813624,0.17246000911786077,0.28125,0.0015028052364413572,0.34991113553236697,0.51,292214,135,13071204,31509027,0.019337199992151,2048647,20486470,0,48003684.0,5.057533199993486,25500,23034266.0,10997057,0.0017589000053703785,37.66389870006242,54.14249610000843
primary,PRIMARY__CICIDS2017_COVERAGE_R1__Cost-Only__b0.6__seed42,CICIDS2017,CICIDS2017_COVERAGE_R1,Cost-Only,0.6,0.5,42,FedAvg,clean,honest,0.7616366493981291,0.49824841961519734,0.0028225718224186595,89703,1445,49.391746622048885,0.004939174662204888,0.18467316476393333,0.08195679796696315,0.0014360138925995191,0.2651708872882689,0.23,291114,129,12870317,31283507,0.019332899995788466,2045910,20459100,0,47354428.0,5.626032200001646,25500,22908378.0,10798907,0.0016683000067132525,37.75461290000385,54.32411029997456
primary,PRIMARY__CICIDS2017_COVERAGE_R1__Cost-Only__b0.6__seed777,CICIDS2017,CICIDS2017_COVERAGE_R1,Cost-Only,0.6,0.5,777,FedAvg,clean,honest,0.7275589645153783,0.47593527238210553,0.002260211655413494,89714,14465,494.4301833134513,0.04944301833134513,0.17286263457254508,0.008091613522594802,0.0013135630955561492,0.3534501986935273,0.41,278094,118,13121938,31545397,0.02208129999053199,2047051,20470510,0,48279173.0,5.164400399989972,25500,20176130.0,11049387,0.0018007999897236004,41.385587899945676,58.698725599984755
primary,PRIMARY__CICIDS2017_COVERAGE_R1__Cost-Only__b0.6__seed9001,CICIDS2017,CICIDS2017_COVERAGE_R1,Cost-Only,0.6,0.5,9001,FedAvg,clean,honest,0.7640477940118884,0.501220363727956,0.010766599421103413,89341,885,30.250308484784266,0.0030250308484784266,0.19137335401733274,0.35683139534883723,0.005465758304390418,0.43270764672950984,0.54,291674,491,12907584,31354533,0.019436700007645413,2049661,20496610,0,48353435.0,5.116718899997068,25500,23763830.0,10832423,0.0016920999987632968,38.69091889995616,55.225174599996535
primary,PRIMARY__CICIDS2017_COVERAGE_R1__Cost-Only__b0.8__seed11,CICIDS2017,CICIDS2017_COVERAGE_R1,Cost-Only,0.8,0.5,11,FedAvg,clean,honest,0.7632527962216684,0.501599465391149,0.01574289504011829,89108,1422,48.60558041283981,0.004860558041283981,0.1869402539355574,0.33737185461323393,0.008059488823581797,0.4071902851954501,0.54,291137,724,16472618,34923140,0.10800930000550579,2050058,20500580,0,47981810.0,13.142595800010895,25500,38350838.0,14397060,0.003912800020771101,100.16328509997402,137.4414487000031
primary,PRIMARY__CICIDS2017_COVERAGE_R1__Cost-Only__b0.8__seed123,CICIDS2017,CICIDS2017_COVERAGE_R1,Cost-Only,0.8,0.5,123,FedAvg,clean,honest,0.764895094288307,0.5004280441564349,0.003149047524005943,89690,212,7.246401580535892,0.0007246401580535892,0.18316556047073568,0.4011299435028249,0.0015807284709235016,0.38531098403162695,0.76,292347,142,16727574,35158944,0.05212969997955952,2047930,20479300,0,47793150.0,5.128276100011135,25500,37475529.0,14654144,0.0015749999802210368,36.99154470008216,54.57837859996653
primary,PRIMARY__CICIDS2017_COVERAGE_R1__Cost-Only__b0.8__seed2026,CICIDS2017,CICIDS2017_COVERAGE_R1,Cost-Only,0.8,0.5,2026,FedAvg,clean,honest,0.7643563786804606,0.4999834130990207,0.0026122376693526964,89714,394,13.467368975146893,0.0013467368975146894,0.1704869869960232,0.23046875,0.0013135630955561492,0.3410998668811883,0.64,292165,118,17000870,35438117,0.05127220002759714,2048583,20485830,0,48607690.0,5.1960140999945,25500,38019941.0,14926787,0.0015405000012833625,37.401228699920466,54.70021569999517
primary,PRIMARY__CICIDS2017_COVERAGE_R1__Cost-Only__b0.8__seed2027,CICIDS2017,CICIDS2017_COVERAGE_R1,Cost-Only,0.8,0.5,2027,FedAvg,clean,honest,0.7650415412496633,0.5004543273569363,0.002752680533664839,89708,138,4.716997255254496,0.00047169972552544957,0.19429823594896603,0.4732824427480916,0.0013803544393979873,0.4456981783824824,0.82,292421,124,15126038,33578873,0.06150879999768222,2050315,20503150,0,48528382.0,15.063028299991856,25500,34418370.0,13050223,0.004769699982716702,111.8206744999552,156.45529920000263
primary,PRIMARY__CICIDS2017_COVERAGE_R1__Cost-Only__b0.8__seed2718,CICIDS2017,CICIDS2017_COVERAGE_R1,Cost-Only,0.8,0.5,2718,FedAvg,clean,honest,0.7651095344817216,0.5005643299401678,0.0031297862422587732,89691,129,4.409366999477029,0.00044093669994770283,0.1763850876869035,0.5222222222222223,0.0015695965802831953,0.36624320010115985,0.71,292430,141,16059820,34492711,0.08610930002760142,2048099,20480990,0,47989943.0,13.89371700000629,25500,31560273.0,13986221,0.004400300022098236,105.497295199988,145.6907220999783
primary,PRIMARY__CICIDS2017_COVERAGE_R1__Cost-Only__b0.8__seed314,CICIDS2017,CICIDS2017_COVERAGE_R1,Cost-Only,0.8,0.5,314,FedAvg,clean,honest,0.7647041902136819,0.5002685710020549,0.0029476623707627354,89699,276,9.433994510508992,0.0009433994510508991,0.16776711823132587,0.3251833740831296,0.0014805414551607445,0.31995512908653756,0.55,292283,133,16751871,35182953,0.10969549998844741,2047898,20478980,0,48055280.0,13.479155000008177,25500,31053534.0,14678473,0.004139400007261429,104.95000190001156,145.1304486000081
primary,PRIMARY__CICIDS2017_COVERAGE_R1__Cost-Only__b0.8__seed3407,CICIDS2017,CICIDS2017_COVERAGE_R1,Cost-Only,0.8,0.5,3407,FedAvg,clean,honest,0.7651435310977507,0.5004708410305545,0.002465872107876351,89721,86,2.9395779996513522,0.0002939577999651352,0.17685910254943865,0.5634517766497462,0.0012356398610740048,0.3722930831149846,0.74,292473,111,16771260,35207625,0.049340000019583385,2048485,20484850,0,48037508.0,5.115250399976503,25500,36220195.0,14697275,0.0017809000128181651,37.15686409996124,54.041322500001115
primary,PRIMARY__CICIDS2017_COVERAGE_R1__Cost-Only__b0.8__seed42,CICIDS2017,CICIDS2017_COVERAGE_R1,Cost-Only,0.8,0.5,42,FedAvg,clean,honest,0.75882539076495,0.49640732647707164,0.00276819602288087,89704,2519,86.10229047815996,0.008610229047815996,0.1736682424276643,0.048356630147336606,0.0014248820019592127,0.29718497078697137,0.28,290040,128,15395227,33802846,0.031011200000648387,2045291,20452910,0,47434310.0,5.639594999986002,25500,24611711.0,13324436,0.0017577000107849017,36.91207889998623,53.76734429997305
primary,PRIMARY__CICIDS2017_COVERAGE_R1__Cost-Only__b0.8__seed777,CICIDS2017,CICIDS2017_COVERAGE_R1,Cost-Only,0.8,0.5,777,FedAvg,clean,honest,0.7647094204623017,0.5002449908976028,0.002793017456359102,89706,267,9.126364254731524,0.0009126364254731525,0.17313337331203102,0.32061068702290074,0.0014026182206786,0.35580499974845703,0.47,292292,126,16920091,35349148,0.04901959999551764,2047673,20476730,0,48526733.0,4.994388599996455,25500,36200461.0,14846918,0.0018573999986983836,39.187389700055064,56.370358400010446
primary,PRIMARY__CICIDS2017_COVERAGE_R1__Cost-Only__b0.8__seed9001,CICIDS2017,CICIDS2017_COVERAGE_R1,Cost-Only,0.8,0.5,9001,FedAvg,clean,honest,0.7639274982936314,0.5008216253745154,0.008958369927981732,89424,848,28.985606322143568,0.002898560632214357,0.19179175045222155,0.3248407643312102,0.004541811381244991,0.4344718632764488,0.58,291711,408,15399411,33848520,0.05927730000985321,2049901,20499010,0,48335210.0,12.707280800015724,25500,27676037.0,13324010,0.004065900022396818,98.91255980001006,137.6705613999875
primary,PRIMARY__CICIDS2017_COVERAGE_R1__Cost-Only__b1.0__seed11,CICIDS2017,CICIDS2017_COVERAGE_R1,Cost-Only,1.0,0.5,11,FedAvg,clean,honest,0.7651304554762011,0.5005664317309493,0.0030636710771689904,89694,118,4.033374464637902,0.00040333744646379023,0.1771124661147652,0.5390625,0.0015362009083622762,0.36723484957221575,0.87,292441,138,18588526,37037401,0.05782409999665106,2049875,20498750,0,47867888.0,5.5728357000189135,25500,45424947.0,16513151,0.0015333999908762053,41.71124230002897,58.928505599993514
primary,PRIMARY__CICIDS2017_COVERAGE_R1__Cost-Only__b1.0__seed123,CICIDS2017,CICIDS2017_COVERAGE_R1,Cost-Only,1.0,0.5,123,FedAvg,clean,honest,0.7663961756422092,0.5038080274106963,0.016817821607818965,89068,260,8.887096278015717,0.0008887096278015717,0.19203387747663722,0.74609375,0.008504764449194051,0.40808440988101635,0.77,292299,764,20630135,39065294,0.06391329999314621,2048351,20483510,0,48354476.0,5.442454900032317,25500,48354476.0,18556284,0.0016723000080673955,40.05215130002034,58.58691499999986
primary,PRIMARY__CICIDS2017_COVERAGE_R1__Cost-Only__b1.0__seed2026,CICIDS2017,CICIDS2017_COVERAGE_R1,Cost-Only,1.0,0.5,2026,FedAvg,clean,honest,0.7650781529900024,0.5004435421595154,0.0025537962736781328,89717,115,3.9308310460454132,0.0003930831046045413,0.1716826431872589,0.5,0.0012801674236352302,0.34737887621515406,0.79,292444,115,20703916,39143719,0.06458979999297298,2048867,20488670,0,48472011.0,5.266174099990167,25500,48472011.0,18629549,0.001667000018642284,38.49148129991954,55.87991429999238
primary,PRIMARY__CICIDS2017_COVERAGE_R1__Cost-Only__b1.0__seed2027,CICIDS2017,CICIDS2017_COVERAGE_R1,Cost-Only,1.0,0.5,2027,FedAvg,clean,honest,0.7651043042331017,0.5005686256029019,0.003173969014959826,89689,133,4.546091557600347,0.0004546091557600347,0.2040238819122448,0.5181159420289855,0.001591860361563808,0.4717344903911153,0.84,292426,143,18853626,37305435,0.05771070001355838,2050201,20502010,0,48483664.0,5.328442700010783,25500,41125572.0,16777925,0.0017614999887882732,39.95582910003577,57.16509409999708
primary,PRIMARY__CICIDS2017_COVERAGE_R1__Cost-Only__b1.0__seed2718,CICIDS2017,CICIDS2017_COVERAGE_R1,Cost-Only,1.0,0.5,2718,FedAvg,clean,honest,0.7650467714982832,0.5005387401261052,0.0032174318237291146,89687,157,5.366438906340259,0.000536643890634026,0.17823414347511293,0.48013245033112584,0.0016141241428444207,0.368915647750534,0.8,292402,145,18675787,37112881,0.05685319998883642,2048566,20485660,0,48037452.0,5.645247199980076,25500,38276328.0,16601721,0.0017682000107015483,41.93363300002238,58.852224499998556
primary,PRIMARY__CICIDS2017_COVERAGE_R1__Cost-Only__b1.0__seed314,CICIDS2017,CICIDS2017_COVERAGE_R1,Cost-Only,1.0,0.5,314,FedAvg,clean,honest,0.7650310807524235,0.5005014875658407,0.003062379335596831,89694,156,5.3322577668094295,0.000533225776680943,0.1680634528368968,0.46938775510204084,0.0015362009083622762,0.3213607405350546,0.69,292403,138,20501158,38934418,0.06399530000635423,2048140,20481400,0,48135977.0,5.375132199980726,25500,48135977.0,18427518,0.0017976000453927554,40.1835362999409,57.07963490001566
primary,PRIMARY__CICIDS2017_COVERAGE_R1__Cost-Only__b1.0__seed3407,CICIDS2017,CICIDS2017_COVERAGE_R1,Cost-Only,1.0,0.5,3407,FedAvg,clean,honest,0.764340687934601,0.5000348689706593,0.0029651921842844815,89698,416,14.219354044825147,0.0014219354044825146,0.1718650290183775,0.24363636363636362,0.0014916733458010508,0.3473635318772843,0.69,292143,134,20547224,38981024,0.06369640001503285,2048200,20482000,0,48235343.0,5.169827500016254,25500,48235343.0,18473524,0.0019967000116594136,39.17627809996338,56.392317199999525
primary,PRIMARY__CICIDS2017_COVERAGE_R1__Cost-Only__b1.0__seed42,CICIDS2017,CICIDS2017_COVERAGE_R1,Cost-Only,1.0,0.5,42,FedAvg,clean,honest,0.7556820113444093,0.4943568968796124,0.002753968169251625,89703,3722,127.22220133374806,0.012722220133374807,0.17059363366622138,0.03349779278109582,0.0014360138925995191,0.3071134163208177,0.37,288837,129,16832111,35243987,0.0522293000103673,2045764,20457640,0,47893425.0,6.001221299971803,25500,25822441.0,14760847,0.001850200023909565,41.360547999960545,59.91045379998104
primary,PRIMARY__CICIDS2017_COVERAGE_R1__Cost-Only__b1.0__seed777,CICIDS2017,CICIDS2017_COVERAGE_R1,Cost-Only,1.0,0.5,777,FedAvg,clean,honest,0.7641680897301453,0.4999567832053,0.003161408706033206,89689,491,16.782939509637373,0.0016782939509637372,0.17421572474713898,0.22555205047318613,0.001591860361563808,0.35793962022609777,0.56,292068,143,20757872,39192491,0.06220540001959307,2048291,20482910,0,48747029.0,5.2664654000036535,25500,48747029.0,18684081,0.0017392000008840114,39.84373749991937,56.71296300002723
primary,PRIMARY__CICIDS2017_COVERAGE_R1__Cost-Only__b1.0__seed9001,CICIDS2017,CICIDS2017_COVERAGE_R1,Cost-Only,1.0,0.5,9001,FedAvg,clean,honest,0.7633024835835571,0.49992333593748317,0.006170873914332458,89551,960,32.81389394959649,0.003281389394959649,0.1875188146689047,0.2264302981466559,0.003128061269926084,0.4193156893417269,0.54,291599,281,18766883,37212842,0.05797720002010465,2049551,20495510,0,48187289.0,5.196576799993636,25500,33485145.0,16691832,0.0016890000042621978,39.374168400063354,55.82690389997151
primary,PRIMARY__CICIDS2017_COVERAGE_R1__Full-Contextual__seed11,CICIDS2017,CICIDS2017_COVERAGE_R1,Full-Contextual,,0.5,11,FedAvg,clean,honest,0.7651173798546513,0.500453750460789,0.002465598240762336,89721,96,3.2813893949596493,0.0003281389394959649,0.1634132126663696,0.5362318840579711,0.0012356398610740048,0.29699842740442733,0.84,292463,111,20451753,38893239,0.14214080000056128,2049054,20490540,0,48018662.0,14.559630800000377,0,48018662.0,18402699,0.0005966999988231692,113.93196860000444,155.25323889999527
primary,PRIMARY__CICIDS2017_COVERAGE_R1__Full-Contextual__seed123,CICIDS2017,CICIDS2017_COVERAGE_R1,Full-Contextual,,0.5,123,FedAvg,clean,honest,0.7663961756422092,0.5038080274106963,0.016817821607818965,89068,260,8.887096278015717,0.0008887096278015717,0.19203387747663722,0.74609375,0.008504764449194051,0.40808440988101635,0.77,292299,764,20604635,39039794,0.14972790000047098,2048351,20483510,0,48354476.0,14.254191199998786,0,48354476.0,18556284,0.0005815999966216623,108.59535899999992,150.59728480000194
primary,PRIMARY__CICIDS2017_COVERAGE_R1__Full-Contextual__seed2026,CICIDS2017,CICIDS2017_COVERAGE_R1,Full-Contextual,,0.5,2026,FedAvg,clean,honest,0.7650781529900024,0.5004435421595154,0.0025537962736781328,89717,115,3.9308310460454132,0.0003930831046045413,0.1716826431872589,0.5,0.0012801674236352302,0.34737887621515406,0.79,292444,115,20678416,39118219,0.1525726999998369,2048867,20488670,0,48472011.0,14.354456800000662,0,48472011.0,18629549,0.0006303999998635845,105.76192769999489,147.13357720000022
primary,PRIMARY__CICIDS2017_COVERAGE_R1__Full-Contextual__seed2027,CICIDS2017,CICIDS2017_COVERAGE_R1,Full-Contextual,,0.5,2027,FedAvg,clean,honest,0.7651932184596395,0.5005187406664832,0.0025550445466462264,89717,71,2.426860906688907,0.00024268609066889073,0.17458265572596643,0.6182795698924731,0.0012801674236352302,0.35890294438740683,0.54,292488,115,20630104,39058072,0.15976669999781734,2047552,20475520,0,48424221.0,14.349142199999733,0,48424221.0,18582552,0.0005917000016779639,113.39169140000195,154.10042469999917
primary,PRIMARY__CICIDS2017_COVERAGE_R1__Full-Contextual__seed2718,CICIDS2017,CICIDS2017_COVERAGE_R1,Full-Contextual,,0.5,2718,FedAvg,clean,honest,0.7651383008491308,0.5005947002319405,0.0031965548242449803,89688,121,4.135917883230391,0.0004135917883230391,0.1762495062446207,0.5433962264150943,0.0016029922522041143,0.36404488138895125,0.78,292438,144,20489183,38924702,0.1480148000009649,2048391,20483910,0,48062588.0,14.929407400001764,0,48062588.0,18440792,0.0006295000011959928,113.46669950001251,153.91596760000175
primary,PRIMARY__CICIDS2017_COVERAGE_R1__Full-Contextual__seed314,CICIDS2017,CICIDS2017_COVERAGE_R1,Full-Contextual,,0.5,314,FedAvg,clean,honest,0.7650310807524235,0.5005014875658407,0.003062379335596831,89694,156,5.3322577668094295,0.000533225776680943,0.1680634528368968,0.46938775510204084,0.0015362009083622762,0.3213607405350546,0.69,292403,138,20475658,38908918,0.14847659999668394,2048140,20481400,0,48135977.0,15.437467400000969,0,48135977.0,18427518,0.0006290000010267249,117.0443502000071,159.4187090000023
primary,PRIMARY__CICIDS2017_COVERAGE_R1__Full-Contextual__seed3407,CICIDS2017,CICIDS2017_COVERAGE_R1,Full-Contextual,,0.5,3407,FedAvg,clean,honest,0.764340687934601,0.5000348689706593,0.0029651921842844815,89698,416,14.219354044825147,0.0014219354044825146,0.1718650290183775,0.24363636363636362,0.0014916733458010508,0.3473635318772843,0.69,292143,134,20521724,38955524,0.14752710000266234,2048200,20482000,0,48235343.0,13.638736300001256,0,48235343.0,18473524,0.0006649999986620969,106.84686410000813,147.81282929999998
primary,PRIMARY__CICIDS2017_COVERAGE_R1__Full-Contextual__seed42,CICIDS2017,CICIDS2017_COVERAGE_R1,Full-Contextual,,0.5,42,FedAvg,clean,honest,0.760653362657594,0.49758267286195607,0.0026806145799280813,89709,1815,62.03876824845587,0.0062038768248455865,0.16884511379024328,0.06346749226006192,0.001369222548757681,0.31957465946622704,0.45,290744,123,20525062,38939080,0.1609355999980835,2046002,20460020,0,48004903.0,18.336614299999383,0,48004903.0,18479060,0.0006476000007751281,121.35387530000025,164.8131816999994
primary,PRIMARY__CICIDS2017_COVERAGE_R1__Full-Contextual__seed777,CICIDS2017,CICIDS2017_COVERAGE_R1,Full-Contextual,,0.5,777,FedAvg,clean,honest,0.7641680897301453,0.4999567832053,0.003161408706033206,89689,491,16.782939509637373,0.0016782939509637372,0.17421572474713898,0.22555205047318613,0.001591860361563808,0.35793962022609777,0.56,292068,143,20732372,39166991,0.14345740000044316,2048291,20482910,0,48747029.0,13.833359299997937,0,48747029.0,18684081,0.0005491000019901549,110.26553949999652,151.49913340000148
primary,PRIMARY__CICIDS2017_COVERAGE_R1__Full-Contextual__seed9001,CICIDS2017,CICIDS2017_COVERAGE_R1,Full-Contextual,,0.5,9001,FedAvg,clean,honest,0.7652952083077269,0.5006741023204714,0.003065815051374618,89694,55,1.8799626741956323,0.00018799626741956323,0.17648429411110939,0.7150259067357513,0.0015362009083622762,0.36966032326845133,0.79,292504,138,20667398,39094079,0.15836699999817938,2047409,20474090,0,48435681.0,13.460952499998712,0,48435681.0,18619989,0.0006780000003345776,103.68709430000672,142.03893949999474
primary,PRIMARY__CICIDS2017_COVERAGE_R1__Historical-DoubleCost__b0.1__seed11,CICIDS2017,CICIDS2017_COVERAGE_R1,Historical-DoubleCost,0.1,0.5,11,FedAvg,clean,honest,0.7623348875888816,0.4987047378279339,0.0028308408036076763,89703,1178,40.265382367317365,0.004026538236731736,0.19585803173370187,0.09869931140015302,0.0014360138925995191,0.24518983541530492,0.29,291381,129,3882609,22304574,0.009095600002183346,2046885,20468850,0,47461955.0,5.678130300000703,25500,6599115.0,1810224,0.013449300002321252,42.82458779998342,61.78626140000415
primary,PRIMARY__CICIDS2017_COVERAGE_R1__Historical-DoubleCost__b0.1__seed123,CICIDS2017,CICIDS2017_COVERAGE_R1,Historical-DoubleCost,0.1,0.5,123,FedAvg,clean,honest,0.7641367082384262,0.49985527986636574,0.002698040603299571,89710,482,16.475309253859905,0.0016475309253859906,0.17736435663964256,0.20198675496688742,0.0013580906581173746,0.3789030143706189,0.59,292077,122,3897513,22313115,0.008731199995963834,2046178,20461780,0,47748228.0,5.211683099993024,25500,6526971.0,1825835,0.014114499994320795,41.111635499983095,60.55235300000277
primary,PRIMARY__CICIDS2017_COVERAGE_R1__Historical-DoubleCost__b0.1__seed2026,CICIDS2017,CICIDS2017_COVERAGE_R1,Historical-DoubleCost,0.1,0.5,2026,FedAvg,clean,honest,0.7629755930448154,0.49885347460313373,0.0013002181722017762,89773,863,29.498323415106015,0.0029498323415106014,0.1636661221762626,0.06399132321041215,0.0006567815477780746,0.2539449053296296,0.62,291696,59,3520193,21943301,0.007107500003257883,2047012,20470120,6,47278440.0,5.984642999992502,25500,6289101.0,1447681,0.012915100003738189,43.66616739998608,62.43544010000551
primary,PRIMARY__CICIDS2017_COVERAGE_R1__Historical-DoubleCost__b0.1__seed2027,CICIDS2017,CICIDS2017_COVERAGE_R1,Historical-DoubleCost,0.1,0.5,2027,FedAvg,clean,honest,0.7642543888323732,0.499982326978777,0.0029861641063074424,89697,450,15.381512788873355,0.0015381512788873355,0.18057885442802865,0.23076923076923078,0.0015028052364413572,0.3838416041842117,0.43,292109,135,3870995,22308647,0.00996310000482481,2048628,20486280,0,47185270.0,6.214993700001287,25500,1525107.0,1796867,0.014598199997635675,44.981584400005886,63.911123599997154
primary,PRIMARY__CICIDS2017_COVERAGE_R1__Historical-DoubleCost__b0.1__seed2718,CICIDS2017,CICIDS2017_COVERAGE_R1,Historical-DoubleCost,0.1,0.5,2718,FedAvg,clean,honest,0.7938079086589381,0.6092698711504458,0.37310371147791244,66369,12477,426.4780779261619,0.04264780779261619,0.45134143987234154,0.6528380634390651,0.26118755009350786,0.6711897401193594,0.75,280082,23463,3898673,22318937,0.009836600009293761,2046696,20466960,0,47723996.0,5.791869099995893,25500,3792775.0,1826477,0.016248199997789925,44.55807669997921,63.23195269999087
primary,PRIMARY__CICIDS2017_COVERAGE_R1__Historical-DoubleCost__b0.1__seed314,CICIDS2017,CICIDS2017_COVERAGE_R1,Historical-DoubleCost,0.1,0.5,314,FedAvg,clean,honest,0.7635639960145506,0.49943857061672337,0.0024494389460792427,89721,690,23.584986276272478,0.002358498627627248,0.16309416674272853,0.13857677902621723,0.0012356398610740048,0.2813693483940396,0.35,291869,111,3811783,22243081,0.009996499999033404,2047922,20479220,0,46351964.0,6.52890010000192,25500,4170991.0,1738361,0.013801200006128056,48.57603239998025,67.22841199999675
primary,PRIMARY__CICIDS2017_COVERAGE_R1__Historical-DoubleCost__b0.1__seed3407,CICIDS2017,CICIDS2017_COVERAGE_R1,Historical-DoubleCost,0.1,0.5,3407,FedAvg,clean,honest,0.7408934833717321,0.4847731743324861,0.0030187160394445564,89682,9398,321.23434931073734,0.03212343493107373,0.17932125730276752,0.015710096355257646,0.0016697835960459524,0.3871185435853504,0.12,283161,150,3889462,22316485,0.009023200000228826,2047447,20474470,0,47742830.0,5.474356399994576,25500,2887697.0,1816515,0.01416629999766883,42.78492979999646,61.254847899992455
primary,PRIMARY__CICIDS2017_COVERAGE_R1__Historical-DoubleCost__b0.1__seed42,CICIDS2017,CICIDS2017_COVERAGE_R1,Historical-DoubleCost,0.1,0.5,42,FedAvg,clean,honest,0.7652245999513587,0.5003849738164572,0.0016680381647132087,89757,19,0.6494416510857639,6.49441651085764e-05,0.23115878333411843,0.7978723404255319,0.0008348917980229762,0.34080018127090217,0.1,292540,75,3749333,22153550,0.009117800000240095,2044913,20449130,2,47193404.0,6.216677400003391,25500,5571944.0,1678920,0.01516040000024077,43.06476860001021,61.762120200002755
primary,PRIMARY__CICIDS2017_COVERAGE_R1__Historical-DoubleCost__b0.1__seed777,CICIDS2017,CICIDS2017_COVERAGE_R1,Historical-DoubleCost,0.1,0.5,777,FedAvg,clean,honest,0.7648271010562487,0.5002679020247366,0.0024846925193007367,89720,208,7.109677022412574,0.0007109677022412573,0.16869122170942805,0.35,0.001246771751714311,0.3068576491675606,0.39,292351,112,3911686,22334749,0.009205399999700603,2047007,20470070,0,48284287.0,5.533385200000339,25500,3236048.0,1839179,0.013162300001567928,44.356980500002464,63.1124095999985
primary,PRIMARY__CICIDS2017_COVERAGE_R1__Historical-DoubleCost__b0.1__seed9001,CICIDS2017,CICIDS2017_COVERAGE_R1,Historical-DoubleCost,0.1,0.5,9001,FedAvg,clean,honest,0.6265916300331337,0.41344848930247113,0.014153744183156354,88807,53981,1845.132093013717,0.1845132093013717,0.14521691196272313,0.018634330800276332,0.011410187906314009,0.17482450187189016,0.95,238578,1025,3762783,22187430,0.009474700003920589,2047183,20471830,2,47403105.0,6.002371899998252,25500,2489525.0,1690100,0.015488700002606492,45.2820180000017,63.73565830000007
primary,PRIMARY__CICIDS2017_COVERAGE_R1__Historical-DoubleCost__b0.2__seed11,CICIDS2017,CICIDS2017_COVERAGE_R1,Historical-DoubleCost,0.2,0.5,11,FedAvg,clean,honest,0.7645054407661268,0.5000499742399347,0.002437106047346324,89722,329,11.245594905642964,0.0011245594905642965,0.16234888470523123,0.2505694760820046,0.0012245079704336984,0.28447664857510296,0.64,292230,110,5690775,24125115,0.02290910000738222,2048260,20482600,0,48149121.0,13.722135700001672,25500,12360947.0,3617015,0.03443060001518461,104.44829479997134,145.62887600000977
primary,PRIMARY__CICIDS2017_COVERAGE_R1__Historical-DoubleCost__b0.2__seed123,CICIDS2017,CICIDS2017_COVERAGE_R1,Historical-DoubleCost,0.2,0.5,123,FedAvg,clean,honest,0.7965668648059185,0.6140234458435601,0.3838190214420937,65604,12187,416.5655474622213,0.04165655474622213,0.41132420935426145,0.6653302210627489,0.26970344643334226,0.6389717233474659,0.84,280372,24228,5640744,24050964,0.02224150000620284,2045580,20455800,0,47496836.0,11.35739489999105,25500,10717268.0,3569664,0.034947800006193575,92.17605370000456,133.50352969998494
primary,PRIMARY__CICIDS2017_COVERAGE_R1__Historical-DoubleCost__b0.2__seed2026,CICIDS2017,CICIDS2017_COVERAGE_R1,Historical-DoubleCost,0.2,0.5,2026,FedAvg,clean,honest,0.7264815332996855,0.47529670800961177,0.002574837165390374,89697,14894,509.0938921721772,0.05090938921721772,0.18088551128035563,0.008982633575088163,0.0015028052364413572,0.3947891666409913,0.1,277665,135,5265508,23701792,0.0214077999953588,2048476,20484760,0,47964296.0,11.690047300005972,25500,11647371.0,3191532,0.034943999988172436,91.63405710000734,132.1071486000037
primary,PRIMARY__CICIDS2017_COVERAGE_R1__Historical-DoubleCost__b0.2__seed2027,CICIDS2017,CICIDS2017_COVERAGE_R1,Historical-DoubleCost,0.2,0.5,2027,FedAvg,clean,honest,0.7647695683214302,0.5003614369749354,0.00323574388865495,89686,264,9.023820836139036,0.0009023820836139035,0.2037458612068654,0.35609756097560974,0.001625256033484727,0.4732883842018626,0.72,292295,146,5237239,23673001,0.022151600009237882,2048418,20484180,0,47603093.0,12.993382500000735,25500,3459513.0,3163321,0.03492660000483738,104.4912504999993,144.25575289998233
primary,PRIMARY__CICIDS2017_COVERAGE_R1__Historical-DoubleCost__b0.2__seed2718,CICIDS2017,CICIDS2017_COVERAGE_R1,Historical-DoubleCost,0.2,0.5,2718,FedAvg,clean,honest,0.7643720694263202,0.5001055172028447,0.003252356298951281,89685,417,14.253535184355975,0.0014253535184355977,0.16909856386950475,0.26063829787234044,0.0016363879241250334,0.33388393412308337,0.49,292142,147,5438204,23857694,0.02185230000759475,2046610,20466100,0,47909257.0,13.30163889999676,25500,6683121.0,3366094,0.03489010001794668,104.98646199996438,145.11732930001745
primary,PRIMARY__CICIDS2017_COVERAGE_R1__Historical-DoubleCost__b0.2__seed314,CICIDS2017,CICIDS2017_COVERAGE_R1,Historical-DoubleCost,0.2,0.5,314,FedAvg,clean,honest,0.7331422549170875,0.4796573899055502,0.00267792568267558,89695,12349,422.1028920662157,0.04221028920662157,0.1657426652975939,0.010972288963639276,0.00152506901772197,0.30090089990398905,0.11,280210,137,5619193,24047962,0.02335940000557457,2047641,20476410,0,46780842.0,14.679592399988906,25500,9506015.0,3546052,0.03498780001245905,110.95247759999984,150.8563079999949
primary,PRIMARY__CICIDS2017_COVERAGE_R1__Historical-DoubleCost__b0.2__seed3407,CICIDS2017,CICIDS2017_COVERAGE_R1,Historical-DoubleCost,0.2,0.5,3407,FedAvg,clean,honest,0.762952056926026,0.4992507801431113,0.003649273992327731,89666,979,33.46333560068226,0.0033463335600682257,0.18672200896284535,0.14497816593886462,0.001847893846290854,0.41706119162162614,0.57,291580,166,5667409,24093037,0.02320049999980256,2047292,20472920,0,47856698.0,11.648803599997336,25500,6292105.0,3594617,0.035297399990668055,93.95912420000968,134.0178714999929
primary,PRIMARY__CICIDS2017_COVERAGE_R1__Historical-DoubleCost__b0.2__seed42,CICIDS2017,CICIDS2017_COVERAGE_R1,Historical-DoubleCost,0.2,0.5,42,FedAvg,clean,honest,0.7649552421474355,0.5003439320398998,0.0024417585100833528,89722,157,5.366438906340259,0.000536643890634026,0.18886131560433106,0.41198501872659177,0.0012245079704336984,0.31050599869547135,0.21,292402,110,5255953,23657587,0.022013600006175693,2044626,20446260,0,47767673.0,13.000848500007123,25500,8305504.0,3185827,0.03568789999917499,92.64897460002248,131.65805750001164
primary,PRIMARY__CICIDS2017_COVERAGE_R1__Historical-DoubleCost__b0.2__seed777,CICIDS2017,CICIDS2017_COVERAGE_R1,Historical-DoubleCost,0.2,0.5,777,FedAvg,clean,honest,0.7410843874463573,0.48912122822802845,0.024532744810191433,88587,10420,356.1674739112453,0.035616747391124526,0.19941762672709046,0.10672953279039862,0.013859203847181405,0.45918464609597714,0.48,282139,1245,5760099,24183252,0.022731800007022684,2047017,20470170,0,48308487.0,12.498673799989774,25500,3768694.0,3687582,0.03508599998895079,102.87204720000955,143.1717005000064
primary,PRIMARY__CICIDS2017_COVERAGE_R1__Historical-DoubleCost__b0.2__seed9001,CICIDS2017,CICIDS2017_COVERAGE_R1,Historical-DoubleCost,0.2,0.5,9001,FedAvg,clean,honest,0.740380919006985,0.4864900637638854,0.013553259141494436,89150,10126,346.1182188891813,0.034611821888918134,0.18558596101872105,0.06310140636565507,0.0075919494166889305,0.41659678013982204,0.06,282433,682,5448727,23872708,0.02243599999565049,2047109,20471090,0,48018200.0,12.525239900005545,25500,4199592.0,3376118,0.03479639998477069,97.55377990004126,136.26698810001471
primary,PRIMARY__CICIDS2017_COVERAGE_R1__Historical-DoubleCost__b0.4__seed11,CICIDS2017,CICIDS2017_COVERAGE_R1,Historical-DoubleCost,0.4,0.5,11,FedAvg,clean,honest,0.7650363110010434,0.5003969128061726,0.002442598925256473,89722,126,4.306823580884539,0.00043068235808845396,0.16511436391015177,0.4661016949152542,0.0012245079704336984,0.2857617788123874,0.55,292433,110,8053725,26496786,0.011898600001586601,2049229,20492290,0,48283853.0,5.395236700009264,25500,18777777.0,5978996,0.011646400002064183,40.5644389000081,57.591301199987356
primary,PRIMARY__CICIDS2017_COVERAGE_R1__Historical-DoubleCost__b0.4__seed123,CICIDS2017,CICIDS2017_COVERAGE_R1,Historical-DoubleCost,0.4,0.5,123,FedAvg,clean,honest,0.7649552421474355,0.5003477889282435,0.0024639016215136345,89721,158,5.400620045871089,0.0005400620045871089,0.17330633738271733,0.41263940520446096,0.0012356398610740048,0.3531119969181781,0.68,292401,111,9076337,27505043,0.013990599989483599,2047634,20476340,0,48035162.0,5.357589099992765,25500,21804299.0,7003203,0.012748399989504833,39.10132829999202,56.459663299996464
primary,PRIMARY__CICIDS2017_COVERAGE_R1__Historical-DoubleCost__b0.4__seed2026,CICIDS2017,CICIDS2017_COVERAGE_R1,Historical-DoubleCost,0.4,0.5,2026,FedAvg,clean,honest,0.7645655886252553,0.5001394220988621,0.0027250371092451867,89709,319,10.903783510334668,0.0010903783510334668,0.16838735796244975,0.27828054298642535,0.001369222548757681,0.3103454544886756,0.58,292240,123,9081903,27518880,0.012386099981085863,2048553,20485530,0,48439958.0,5.018931300008262,25500,24447232.0,7007850,0.010945099988020957,37.721482199987804,54.69210009998642
primary,PRIMARY__CICIDS2017_COVERAGE_R1__Historical-DoubleCost__b0.4__seed2027,CICIDS2017,CICIDS2017_COVERAGE_R1,Historical-DoubleCost,0.4,0.5,2027,FedAvg,clean,honest,0.7626199361386643,0.501193587379513,0.015744274809160304,89106,1666,56.94577845836225,0.005694577845836224,0.23544067808558422,0.30351170568561875,0.00808175260486241,0.5305872576137554,0.5,290893,726,7723771,26164618,0.013507499985280447,2048983,20489830,0,47975539.0,5.123581200015906,25500,9257066.0,5649288,0.012046999981976114,39.640847299939196,56.5144753999848
primary,PRIMARY__CICIDS2017_COVERAGE_R1__Historical-DoubleCost__b0.4__seed2718,CICIDS2017,CICIDS2017_COVERAGE_R1,Historical-DoubleCost,0.4,0.5,2718,FedAvg,clean,honest,0.757520443734293,0.49560078970590077,0.0030106879421947915,89692,3030,103.56885277841393,0.010356885277841392,0.16581503748529758,0.04416403785488959,0.0015584646896428889,0.3147257064872379,0.48,289529,140,8600458,27027040,0.01405150000937283,2047398,20473980,0,48142935.0,5.259819000013522,25500,14983546.0,6527560,0.0130728999938583,40.38237060003303,57.073353099993255
primary,PRIMARY__CICIDS2017_COVERAGE_R1__Historical-DoubleCost__b0.4__seed314,CICIDS2017,CICIDS2017_COVERAGE_R1,Historical-DoubleCost,0.4,0.5,314,FedAvg,clean,honest,0.7619844609313504,0.5003694563697907,0.013441005907538887,89212,1803,61.62859457408591,0.006162859457408591,0.17252084075599772,0.25588113908378046,0.006901772196989937,0.3303474688305015,0.28,290756,620,9107774,27538415,0.01607589998457115,2047849,20478490,0,47295301.0,5.57685920001677,25500,20005816.0,7034425,0.01478230000793701,41.02951000003668,57.57708530000673
primary,PRIMARY__CICIDS2017_COVERAGE_R1__Historical-DoubleCost__b0.4__seed3407,CICIDS2017,CICIDS2017_COVERAGE_R1,Historical-DoubleCost,0.4,0.5,3407,FedAvg,clean,honest,0.7645551281280155,0.500082446322489,0.0024376191109338296,89722,310,10.596153254557201,0.00105961532545572,0.16949077536889665,0.2619047619047619,0.0012245079704336984,0.3357683694879672,0.62,292249,110,9338662,27765046,0.01435970002785325,2047376,20473760,0,48237284.0,4.932845699986501,25500,16170939.0,7265786,0.012764099992637057,37.01467929997307,53.69977630000358
primary,PRIMARY__CICIDS2017_COVERAGE_R1__Historical-DoubleCost__b0.4__seed42,CICIDS2017,CICIDS2017_COVERAGE_R1,Historical-DoubleCost,0.4,0.5,42,FedAvg,clean,honest,0.7652062940811891,0.5004732895145553,0.00224481858087459,89731,52,1.7774192556031434,0.00017774192556031432,0.19836394098322432,0.6601307189542484,0.0011243209546709413,0.3341347119417919,0.12,292507,101,8016648,26431899,0.012737200013361871,2046139,20461390,0,47691551.0,5.246117999973649,25500,11810563.0,5945009,0.012829499988583848,35.32883559999755,51.86721169998782
primary,PRIMARY__CICIDS2017_COVERAGE_R1__Historical-DoubleCost__b0.4__seed777,CICIDS2017,CICIDS2017_COVERAGE_R1,Historical-DoubleCost,0.4,0.5,777,FedAvg,clean,honest,0.7256917657580854,0.4747612883609782,0.002472587562884559,89702,15191,519.2456906128336,0.051924569061283364,0.17814483193425093,0.008485085829906664,0.0014471457832398254,0.3814840872864591,0.2,277368,130,9148263,27568041,0.014574900007573888,2046642,20466420,0,48647287.0,4.801900600003137,25500,12487634.0,7076121,0.012218800031405408,38.390760500020406,55.04074260000925
primary,PRIMARY__CICIDS2017_COVERAGE_R1__Historical-DoubleCost__b0.4__seed9001,CICIDS2017,CICIDS2017_COVERAGE_R1,Historical-DoubleCost,0.4,0.5,9001,FedAvg,clean,honest,0.7611162396604523,0.49993318365726175,0.014116885219362149,89178,2169,74.13889164236957,0.007413889164236957,0.17741599259285928,0.2316684378320935,0.007280256478760352,0.3069061476355024,0.36,290390,654,7742253,26168574,0.012745100015308708,2047369,20473690,0,48104064.0,5.2285321000090335,25500,8546368.0,5669384,0.012011699967843015,38.21360869995988,54.52228830000968
primary,PRIMARY__CICIDS2017_COVERAGE_R1__Historical-DoubleCost__b0.6__seed11,CICIDS2017,CICIDS2017_COVERAGE_R1,Historical-DoubleCost,0.6,0.5,11,FedAvg,clean,honest,0.7646335818573136,0.5001337180317852,0.00243842965130456,89722,280,9.570719068632311,0.000957071906863231,0.16171748692560664,0.28205128205128205,0.0012245079704336984,0.2777854713815858,0.69,292279,110,9939232,28381978,0.014381000008143019,2049194,20491940,0,48084808.0,5.35247890001483,25500,20740475.0,7864538,0.011503899993840605,39.94788809990132,57.394156999995175
primary,PRIMARY__CICIDS2017_COVERAGE_R1__Historical-DoubleCost__b0.6__seed123,CICIDS2017,CICIDS2017_COVERAGE_R1,Historical-DoubleCost,0.6,0.5,123,FedAvg,clean,honest,0.7649604723960554,0.5003782052606018,0.0026189340050825076,89714,163,5.571525743525237,0.0005571525743525238,0.18103998474544228,0.4199288256227758,0.0013135630955561492,0.37804050573614084,0.8,292396,118,12786569,31217426,0.01761720001377398,2047873,20478730,0,47886909.0,5.2880022000172175,25500,30590271.0,10713196,0.010891400037507992,38.83588200003578,56.32582340000954
primary,PRIMARY__CICIDS2017_COVERAGE_R1__Historical-DoubleCost__b0.6__seed2026,CICIDS2017,CICIDS2017_COVERAGE_R1,Historical-DoubleCost,0.6,0.5,2026,FedAvg,clean,honest,0.7632031088597796,0.5030094695491054,0.023677826297913634,88734,1815,62.03876824845587,0.0062038768248455865,0.17831642878561266,0.3769309989701339,0.012222815923056372,0.3641839454556729,0.5,290744,1098,10105119,28540674,0.01385219999065157,2048395,20483950,0,48540200.0,4.859838899996248,25500,22144998.0,8031224,0.01048460001766216,35.91792009989149,53.30844450000586
primary,PRIMARY__CICIDS2017_COVERAGE_R1__Historical-DoubleCost__b0.6__seed2027,CICIDS2017,CICIDS2017_COVERAGE_R1,Historical-DoubleCost,0.6,0.5,2027,FedAvg,clean,honest,0.7646492726031732,0.5002828203540145,0.0032340953393584972,89686,310,10.596153254557201,0.00105961532545572,0.22601183869161323,0.3201754385964912,0.001625256033484727,0.5170438430419412,0.95,292249,146,10313169,28756122,0.015534700018179137,2049217,20492170,0,48345920.0,5.450667700009944,25500,16012870.0,8238452,0.011999299997114576,40.669756100018276,57.84668120000424
primary,PRIMARY__CICIDS2017_COVERAGE_R1__Historical-DoubleCost__b0.6__seed2718,CICIDS2017,CICIDS2017_COVERAGE_R1,Historical-DoubleCost,0.6,0.5,2718,FedAvg,clean,honest,0.7650807681143124,0.5005416734250822,0.003107278800590383,89692,139,4.751178394785326,0.00047511783947853253,0.1741282704522862,0.5017921146953405,0.0015584646896428889,0.3549739559921363,0.77,292420,140,11377248,29807601,0.017793999992136378,2047817,20478170,0,48141522.0,5.5351839999930235,25500,19855052.0,9303931,0.01190910002333112,41.65591109999514,58.84800440000254
primary,PRIMARY__CICIDS2017_COVERAGE_R1__Historical-DoubleCost__b0.6__seed314,CICIDS2017,CICIDS2017_COVERAGE_R1,Historical-DoubleCost,0.6,0.5,314,FedAvg,clean,honest,0.7649029396612368,0.5003136077887126,0.0024633548229602426,89721,178,6.084242836487683,0.0006084242836487683,0.16817567778002954,0.38408304498269896,0.0012356398610740048,0.3230148661655228,0.56,292381,111,12488560,30918769,0.017826199997216463,2047801,20478010,0,47624548.0,5.334842599972035,25500,23549723.0,10415259,0.012185699997644406,40.34696589995292,57.47826099996746
primary,PRIMARY__CICIDS2017_COVERAGE_R1__Historical-DoubleCost__b0.6__seed3407,CICIDS2017,CICIDS2017_COVERAGE_R1,Historical-DoubleCost,0.6,0.5,3407,FedAvg,clean,honest,0.7649447816501957,0.5003756646954298,0.002663027196165241,89712,171,5.844974859771875,0.0005844974859771875,0.1747172790475695,0.41237113402061853,0.0013358268768367619,0.3624475124615739,0.76,292388,120,12118838,30552143,0.018455899989930913,2048145,20481450,0,48030277.0,5.08064779999404,25500,22253883.0,10045193,0.012544900011562277,37.48876120003115,54.43037319998257
primary,PRIMARY__CICIDS2017_COVERAGE_R1__Historical-DoubleCost__b0.6__seed42,CICIDS2017,CICIDS2017_COVERAGE_R1,Historical-DoubleCost,0.6,0.5,42,FedAvg,clean,honest,0.7651409159734408,0.5004652750852343,0.002443684187141778,89722,86,2.9395779996513522,0.0002939577999651352,0.1640917189321323,0.5612244897959183,0.0012245079704336984,0.2566006257303386,0.68,292473,110,10702794,29118954,0.01617360000818735,2046240,20462400,0,47625353.0,5.6258252000043285,25500,15709091.0,8631054,0.01226459999452345,36.98312739998801,53.8646905999849
primary,PRIMARY__CICIDS2017_COVERAGE_R1__Historical-DoubleCost__b0.6__seed777,CICIDS2017,CICIDS2017_COVERAGE_R1,Historical-DoubleCost,0.6,0.5,777,FedAvg,clean,honest,0.7250641359237011,0.4743588284632955,0.002504815127565301,89700,15433,527.5175263792944,0.052751752637929444,0.1713780922537629,0.008480565371024734,0.001469409564520438,0.34507083801224014,0.41,277126,132,12728308,31156537,0.01855089998571202,2047581,20475810,0,48544980.0,5.1957332999882055,25500,22961591.0,10655227,0.012284100012038834,39.30967679989408,56.65975949998392
primary,PRIMARY__CICIDS2017_COVERAGE_R1__Historical-DoubleCost__b0.6__seed9001,CICIDS2017,CICIDS2017_COVERAGE_R1,Historical-DoubleCost,0.6,0.5,9001,FedAvg,clean,honest,0.7651356857248209,0.5005505654031843,0.002953061858874728,89699,111,3.7941064879220945,0.0003794106487922094,0.1667790435968587,0.5450819672131147,0.0014805414551607445,0.31816234915055924,0.88,292448,133,9355563,27788769,0.014344300027005374,2048134,20481340,0,48149378.0,5.210281900013797,25500,11865098.0,7281929,0.012796600014553405,38.461098600077094,55.14597110001341
primary,PRIMARY__CICIDS2017_COVERAGE_R1__Historical-DoubleCost__b0.8__seed11,CICIDS2017,CICIDS2017_COVERAGE_R1,Historical-DoubleCost,0.8,0.5,11,FedAvg,clean,honest,0.7647251112081613,0.5001935350259642,0.0024393759632763035,89722,245,8.374379185053272,0.0008374379185053271,0.1722302645081896,0.30985915492957744,0.0012245079704336984,0.2953350575663523,0.73,292314,110,10221640,28664953,0.017623800005821977,2049257,20492570,0,47875005.0,6.830085200032045,25500,20659918.0,8146883,0.01548799999000039,51.28338700001768,73.17132610000408
primary,PRIMARY__CICIDS2017_COVERAGE_R1__Historical-DoubleCost__b0.8__seed123,CICIDS2017,CICIDS2017_COVERAGE_R1,Historical-DoubleCost,0.8,0.5,123,FedAvg,clean,honest,0.7641576292329055,0.49995380386573746,0.0031833053320364313,89688,496,16.953845207291522,0.0016953845207291522,0.17722491645406652,0.225,0.0016029922522041143,0.3684368916203681,0.66,292063,144,15374324,33804542,0.03567839998868294,2047802,20478020,0,47958778.0,5.491192299989052,25500,35700469.0,13301022,0.012267899990547448,41.58815689988842,60.78889650002384
primary,PRIMARY__CICIDS2017_COVERAGE_R1__Historical-DoubleCost__b0.8__seed2026,CICIDS2017,CICIDS2017_COVERAGE_R1,Historical-DoubleCost,0.8,0.5,2026,FedAvg,clean,honest,0.7640373335146486,0.500237734749116,0.005247723414107115,89594,636,21.739204741607676,0.0021739204741607677,0.1707604664314516,0.2723112128146453,0.0026493899723929112,0.33829685903247325,0.47,291923,238,11854319,30288974,0.020444399990083184,2048295,20482950,0,48598566.0,5.591882499982603,25500,27239162.0,9780524,0.014231600020139012,42.308982600028685,62.157206999989285
primary,PRIMARY__CICIDS2017_COVERAGE_R1__Historical-DoubleCost__b0.8__seed2027,CICIDS2017,CICIDS2017_COVERAGE_R1,Historical-DoubleCost,0.8,0.5,2027,FedAvg,clean,honest,0.7651775277137799,0.5006126223099014,0.003152823108861209,89690,104,3.554838511206287,0.00035548385112062864,0.22654304277744938,0.5772357723577236,0.0015807284709235016,0.5168872272005469,0.91,292455,142,12006745,30444928,0.022846399995614775,2048687,20486870,0,48452147.0,7.252080899990688,25500,22885091.0,9932558,0.018355199979851022,53.550139899991336,76.67591390000598
primary,PRIMARY__CICIDS2017_COVERAGE_R1__Historical-DoubleCost__b0.8__seed2718,CICIDS2017,CICIDS2017_COVERAGE_R1,Historical-DoubleCost,0.8,0.5,2718,FedAvg,clean,honest,0.7647224960838513,0.5003306739493576,0.0032350986040327943,89686,282,9.639081347693969,0.0009639081347693969,0.19809177060918906,0.3411214953271028,0.001625256033484727,0.4477100672916079,0.9,292277,146,13780068,32212473,0.025280599991674535,2048045,20480450,0,48159560.0,6.662638600013452,25500,26827969.0,11706523,0.016252199980954174,51.49313420003455,73.4916433999606
primary,PRIMARY__CICIDS2017_COVERAGE_R1__Historical-DoubleCost__b0.8__seed314,CICIDS2017,CICIDS2017_COVERAGE_R1,Historical-DoubleCost,0.8,0.5,314,FedAvg,clean,honest,0.7649003245369269,0.5003273262851105,0.0025518695218018418,89717,183,6.255148534141831,0.0006255148534141832,0.16921129700022775,0.3859060402684564,0.0012801674236352302,0.3289097189605005,0.58,292376,115,14113426,32545975,0.040276799983985256,2048061,20480610,0,48238008.0,7.2253197000027285,25500,28542882.0,12039865,0.0173105000067153,54.38596889995824,76.91623459997936
primary,PRIMARY__CICIDS2017_COVERAGE_R1__Historical-DoubleCost__b0.8__seed3407,CICIDS2017,CICIDS2017_COVERAGE_R1,Historical-DoubleCost,0.8,0.5,3407,FedAvg,clean,honest,0.7643066913185719,0.5000319356716822,0.003075051158674852,89693,434,14.83461455638008,0.0014834614556380082,0.17732172610234292,0.2425828970331588,0.0015473327990025826,0.37253104996953207,0.58,292125,139,14108472,32536008,0.030448599994997494,2047504,20475040,0,48089308.0,6.059542799986957,25500,29105947.0,12035468,0.015147400023124646,45.87328359993262,66.7863326000006
primary,PRIMARY__CICIDS2017_COVERAGE_R1__Historical-DoubleCost__b0.8__seed42,CICIDS2017,CICIDS2017_COVERAGE_R1,Historical-DoubleCost,0.8,0.5,42,FedAvg,clean,honest,0.758707710171003,0.4963342758014708,0.002788405421178912,89703,2565,87.67462289657813,0.008767462289657812,0.18739492078773917,0.04788418708240535,0.0014360138925995191,0.2701366968858288,0.19,289994,129,12528314,30941684,0.01995439999154769,2045930,20459300,0,47853399.0,6.213941100024385,25500,18447296.0,10456884,0.014657800005807076,42.28498600007879,61.51868659997854
primary,PRIMARY__CICIDS2017_COVERAGE_R1__Historical-DoubleCost__b0.8__seed777,CICIDS2017,CICIDS2017_COVERAGE_R1,Historical-DoubleCost,0.8,0.5,777,FedAvg,clean,honest,0.7642073165947944,0.49993227951148117,0.0028753110312413604,89702,463,15.82586760277414,0.0015825867602774141,0.1741195898011953,0.21922428330522767,0.0014471457832398254,0.33905087890578356,0.72,292096,130,14950316,33375431,0.03437469999335008,2047235,20472350,0,48707732.0,5.807227299992519,25500,32731637.0,12877581,0.01553689998399932,45.022239799909585,64.33233649998874
primary,PRIMARY__CICIDS2017_COVERAGE_R1__Historical-DoubleCost__b0.8__seed9001,CICIDS2017,CICIDS2017_COVERAGE_R1,Historical-DoubleCost,0.8,0.5,9001,FedAvg,clean,honest,0.763383552437165,0.5021168897344604,0.01814393610556472,88996,1484,50.72481106375125,0.005072481106375124,0.1961587862244506,0.3603448275862069,0.009306260575296108,0.44674720102485,0.58,291075,836,10063489,28500367,0.01900980000209529,2048542,20485420,0,48268378.0,6.856863299988618,25500,14930770.0,7989447,0.016191299975616857,49.713117199957196,71.03864420000173
primary,PRIMARY__CICIDS2017_COVERAGE_R1__Historical-DoubleCost__b1.0__seed11,CICIDS2017,CICIDS2017_COVERAGE_R1,Historical-DoubleCost,1.0,0.5,11,FedAvg,clean,honest,0.7366020643791302,0.48378520624382265,0.012180889146062787,89211,11510,393.4249159998496,0.03934249159998496,0.16744000501691925,0.05119116313576787,0.0069129040876302434,0.29605192582623563,0.32,281049,621,10940334,29389227,0.021603700006380677,2049877,20498770,0,48137330.0,5.42540729999746,25500,19419164.0,8864957,0.011565599990717601,41.49613220001629,58.69424850001087
primary,PRIMARY__CICIDS2017_COVERAGE_R1__Historical-DoubleCost__b1.0__seed123,CICIDS2017,CICIDS2017_COVERAGE_R1,Historical-DoubleCost,1.0,0.5,123,FedAvg,clean,honest,0.7649709328932951,0.5007283045510894,0.004585377739873957,89625,248,8.476922603645761,0.0008476922603645761,0.1872118728567536,0.45494505494505494,0.0023043013625434145,0.39508769313197295,0.84,292311,207,16607699,35041220,0.04217790000257082,2048169,20481690,0,48198047.0,5.166630600011558,25500,39090270.0,14534030,0.011522400032845326,37.895674799976405,54.86317849998886
primary,PRIMARY__CICIDS2017_COVERAGE_R1__Historical-DoubleCost__b1.0__seed2026,CICIDS2017,CICIDS2017_COVERAGE_R1,Historical-DoubleCost,1.0,0.5,2026,FedAvg,clean,honest,0.7643877601721798,0.5009642869802985,0.008081030496531983,89465,631,21.568299043953527,0.0021568299043953527,0.1734728129682683,0.36773547094188375,0.004085403864992431,0.3486121708601192,0.5,291928,367,14066330,32503649,0.0353205999781494,2048591,20485910,0,48446997.0,4.787515399992117,25500,30234701.0,11992239,0.011952499975450337,36.15053939996142,53.036402299992915
primary,PRIMARY__CICIDS2017_COVERAGE_R1__Historical-DoubleCost__b1.0__seed2027,CICIDS2017,CICIDS2017_COVERAGE_R1,Historical-DoubleCost,1.0,0.5,2027,FedAvg,clean,honest,0.7646597331004129,0.5002819428052334,0.0031900753212228622,89688,304,10.391066417372222,0.0010391066417372223,0.23943358657831076,0.32142857142857145,0.0016029922522041143,0.5409916232347711,0.95,292255,144,13040157,31479618,0.027454100018076133,2048829,20488290,0,48405903.0,5.2694139999948675,25500,24699228.0,10965828,0.012469700013753027,38.23193659995013,54.76244450001104
primary,PRIMARY__CICIDS2017_COVERAGE_R1__Historical-DoubleCost__b1.0__seed2718,CICIDS2017,CICIDS2017_COVERAGE_R1,Historical-DoubleCost,1.0,0.5,2718,FedAvg,clean,honest,0.7650023143850143,0.5004556897206934,0.002907138022480388,89701,160,5.468982324932749,0.0005468982324932748,0.17777496960247824,0.45017182130584193,0.0014582776738801318,0.373167285944048,0.74,292399,131,13645749,32076219,0.02562340001895791,2047830,20478300,0,48092473.0,5.447287299968593,25500,26726789.0,11572419,0.013891900016460568,41.02631739997014,57.828983200008224
primary,PRIMARY__CICIDS2017_COVERAGE_R1__Historical-DoubleCost__b1.0__seed314,CICIDS2017,CICIDS2017_COVERAGE_R1,Historical-DoubleCost,1.0,0.5,314,FedAvg,clean,honest,0.7647904893159096,0.5002401183387214,0.0024621800275054346,89721,221,7.554031836313359,0.0007554031836313359,0.1691596954604054,0.33433734939759036,0.0012356398610740048,0.32784157208623754,0.54,292338,111,14586313,33018205,0.0358963000253425,2047988,20479880,0,48192276.0,5.484519100020407,25500,29894771.0,12512825,0.013986700010718778,40.51171700005216,57.053689699983806
primary,PRIMARY__CICIDS2017_COVERAGE_R1__Historical-DoubleCost__b1.0__seed3407,CICIDS2017,CICIDS2017_COVERAGE_R1,Historical-DoubleCost,1.0,0.5,3407,FedAvg,clean,honest,0.7651356857248209,0.5005042827430609,0.00268733620574779,89711,99,3.3839328135521383,0.0003383932813552138,0.17236450800057376,0.55,0.0013469587674770683,0.35071912456058707,0.75,292460,121,16016780,34448834,0.041587200001231395,2048006,20480060,0,47937768.0,5.166578300006222,25500,34514070.0,13943274,0.012864299991633743,37.19315220005956,53.57417220003117
primary,PRIMARY__CICIDS2017_COVERAGE_R1__Historical-DoubleCost__b1.0__seed42,CICIDS2017,CICIDS2017_COVERAGE_R1,Historical-DoubleCost,1.0,0.5,42,FedAvg,clean,honest,0.7569895734993763,0.4952114253678831,0.002768745372009916,89703,3222,110.13163156833322,0.011013163156833322,0.19385162792429952,0.03849597135183527,0.0014360138925995191,0.26579950242339545,0.19,289337,129,12750885,31163175,0.018660200010344852,2045810,20458100,0,48019016.0,5.561615200000233,25500,18674000.0,10679575,0.011637100033112802,37.10343539999303,53.65301840000029
primary,PRIMARY__CICIDS2017_COVERAGE_R1__Historical-DoubleCost__b1.0__seed777,CICIDS2017,CICIDS2017_COVERAGE_R1,Historical-DoubleCost,1.0,0.5,777,FedAvg,clean,honest,0.7645472827550858,0.5001390293650572,0.002791099493836322,89706,329,11.245594905642964,0.0011245594905642965,0.17561917528502388,0.27692307692307694,0.0014026182206786,0.36725329145219276,0.59,292230,126,16261705,34691005,0.040936799996416084,2047700,20477000,0,48742522.0,5.184796999979881,25500,33357218.0,14188505,0.012456899967219215,39.72582969999348,56.47769700002391
primary,PRIMARY__CICIDS2017_COVERAGE_R1__Historical-DoubleCost__b1.0__seed9001,CICIDS2017,CICIDS2017_COVERAGE_R1,Historical-DoubleCost,1.0,0.5,9001,FedAvg,clean,honest,0.7643040761942619,0.500057224833111,0.0032293740322937403,89686,442,15.108063672626718,0.0015108063672626718,0.21581033989210066,0.24829931972789115,0.001625256033484727,0.49756350867748655,0.76,292117,146,10976051,29404604,0.027444299987109844,2047617,20476170,0,48108305.0,5.000911499977519,25500,17700989.0,8902934,0.013825999994878657,37.48096460002125,53.48746960000426
primary,PRIMARY__CICIDS2017_COVERAGE_R1__Oort-Style-Adapted__b0.1__seed11,CICIDS2017,CICIDS2017_COVERAGE_R1,Oort-Style-Adapted,0.1,0.5,11,FedAvg,clean,honest,0.7649212455314064,0.5003255711875484,0.002463546174845196,89721,171,5.844974859771875,0.0005844974859771875,0.1665599895792507,0.39361702127659576,0.0012356398610740048,0.2658679863104831,0.62,292388,111,3474985,21898120,0.006483699993623304,2047015,20470150,7,47758087.0,5.98580149999907,25500,4068131.0,1402470,0.0035176999954273924,45.27620000000752,63.968625199995586
primary,PRIMARY__CICIDS2017_COVERAGE_R1__Oort-Style-Adapted__b0.1__seed123,CICIDS2017,CICIDS2017_COVERAGE_R1,Oort-Style-Adapted,0.1,0.5,123,FedAvg,clean,honest,0.7645289768849163,0.5001424935195958,0.002879227481118912,89702,340,11.621587440482092,0.001162158744048209,0.18116358089939563,0.2765957446808511,0.0014471457832398254,0.3986186018395521,0.49,292219,130,3894168,22307286,0.009084899993467843,2045902,20459020,0,47615863.0,4.989362700000129,25500,3851164.0,1822766,0.003699499995491351,39.75532499999099,58.92983319999985
primary,PRIMARY__CICIDS2017_COVERAGE_R1__Oort-Style-Adapted__b0.1__seed2026,CICIDS2017,CICIDS2017_COVERAGE_R1,Oort-Style-Adapted,0.1,0.5,2026,FedAvg,clean,honest,0.7645682037495652,0.500098705384059,0.002481966958814861,89720,307,10.493609835964712,0.001049360983596471,0.20794166337343778,0.26730310262529833,0.001246771751714311,0.31908425898706855,0.07,292252,112,3896604,22340790,0.008956199992098846,2049354,20493540,0,47699217.0,5.63051379999888,25500,7968050.0,1821750,0.0037068999990879092,41.87885180000376,60.615569100003995
primary,PRIMARY__CICIDS2017_COVERAGE_R1__Oort-Style-Adapted__b0.1__seed2027,CICIDS2017,CICIDS2017_COVERAGE_R1,Oort-Style-Adapted,0.1,0.5,2027,FedAvg,clean,honest,0.7640059520229294,0.49985082167275446,0.0031592435489572286,89689,553,18.902170160548813,0.0018902170160548812,0.183599726529573,0.20545977011494254,0.001591860361563808,0.396390952439603,0.58,292006,143,3632717,22063997,0.010252099998979247,2047920,20479200,4,47072514.0,7.81121979999989,25500,1279748.0,1559297,0.005268799997793394,60.992662800006656,85.61910120000357
primary,PRIMARY__CICIDS2017_COVERAGE_R1__Oort-Style-Adapted__b0.1__seed2718,CICIDS2017,CICIDS2017_COVERAGE_R1,Oort-Style-Adapted,0.1,0.5,2718,FedAvg,clean,honest,0.7504857593405703,0.49127340862305696,0.0043826696719258705,89622,5790,197.90879788350384,0.019790879788350382,0.18256451494403367,0.035,0.0023376970344643334,0.39909026189787883,0.07,286769,210,3836126,22257956,0.01038630000766716,2046870,20468700,1,47663328.0,7.655764200000704,25500,3078615.0,1763756,0.004898499997580075,54.54935039999509,78.3089095999967
primary,PRIMARY__CICIDS2017_COVERAGE_R1__Oort-Style-Adapted__b0.1__seed314,CICIDS2017,CICIDS2017_COVERAGE_R1,Oort-Style-Adapted,0.1,0.5,314,FedAvg,clean,honest,0.7594974777126031,0.49892541693724946,0.014297963558413718,89165,2801,95.74137182585393,0.009574137182585393,0.17042976467208704,0.1923298731257209,0.007424971057084335,0.2834142258773794,0.3,289758,667,3442593,21846513,0.008263000001534238,2044880,20448800,7,47199126.0,7.472483299996384,25500,2517617.0,1372213,0.004981699998097611,53.03764519998367,74.65450400000191
primary,PRIMARY__CICIDS2017_COVERAGE_R1__Oort-Style-Adapted__b0.1__seed3407,CICIDS2017,CICIDS2017_COVERAGE_R1,Oort-Style-Adapted,0.1,0.5,3407,FedAvg,clean,honest,0.7368583465615038,0.48211681497596454,0.002873762547937332,89687,10936,373.80494190915334,0.03738049419091534,0.18068368410228533,0.013085461600938543,0.0016141241428444207,0.3912000370065247,0.36,281623,145,3885264,22317777,0.0107596999987436,2048057,20480570,0,47439869.0,5.3763195000010455,25500,2007348.0,1811707,0.004569600005197572,41.5804369000125,60.24124450000272
primary,PRIMARY__CICIDS2017_COVERAGE_R1__Oort-Style-Adapted__b0.1__seed42,CICIDS2017,CICIDS2017_COVERAGE_R1,Oort-Style-Adapted,0.1,0.5,42,FedAvg,clean,honest,0.7640007217743096,0.49979340712199083,0.0028507657289341673,89703,541,18.491996486178856,0.0018491996486178857,0.16868815825558234,0.1925373134328358,0.0014360138925995191,0.330350915139557,0.49,292018,129,2552233,20869357,0.0026253999985783594,2035236,20352360,22,47913624.0,4.302285900002971,25500,1101770.0,491497,0.0038979000000836095,33.36434839998583,52.304036200002884
primary,PRIMARY__CICIDS2017_COVERAGE_R1__Oort-Style-Adapted__b0.1__seed777,CICIDS2017,CICIDS2017_COVERAGE_R1,Oort-Style-Adapted,0.1,0.5,777,FedAvg,clean,honest,0.7650859983629322,0.5004293848887269,0.0024431143044342522,89722,107,3.6573819297987757,0.0003657381929798776,0.17069759139186086,0.5069124423963134,0.0012245079704336984,0.322326086239546,0.45,292452,110,3660419,22068362,0.008262800000011339,2045327,20453270,4,48118918.0,5.465733199996976,25500,2270101.0,1589592,0.004191300000456977,43.693400100013605,62.38069179999911
primary,PRIMARY__CICIDS2017_COVERAGE_R1__Oort-Style-Adapted__b0.1__seed9001,CICIDS2017,CICIDS2017_COVERAGE_R1,Oort-Style-Adapted,0.1,0.5,9001,FedAvg,clean,honest,0.7608364213592893,0.4977254481803756,0.0028131542219120725,89703,1751,59.85117531848277,0.005985117531848277,0.18756016441952034,0.06861702127659575,0.0014360138925995191,0.42790032762422864,0.07,290808,129,3771859,22179658,0.010279899999659392,2045311,20453110,2,47708790.0,6.846729499997309,25500,2085755.0,1701048,0.004961600003298372,51.10474329999124,73.17169530000137
primary,PRIMARY__CICIDS2017_COVERAGE_R1__Oort-Style-Adapted__b0.2__seed11,CICIDS2017,CICIDS2017_COVERAGE_R1,Oort-Style-Adapted,0.2,0.5,11,FedAvg,clean,honest,0.7531479558880831,0.492627539790815,0.002325237279895153,89722,4672,159.69428388803627,0.015969428388803626,0.16930089661242734,0.02300292764533668,0.0012245079704336984,0.3244839907540386,0.38,287887,110,3908251,22330369,0.013974700006656349,2046902,20469020,10,47801930.0,13.032118199989782,25500,5134021.0,1835849,0.008602300007623853,106.05578969998169,147.25836249998974
primary,PRIMARY__CICIDS2017_COVERAGE_R1__Oort-Style-Adapted__b0.2__seed123,CICIDS2017,CICIDS2017_COVERAGE_R1,Oort-Style-Adapted,0.2,0.5,123,FedAvg,clean,honest,0.7920139333823233,0.5868112912961454,0.3109339802460579,71888,7644,261.28063057366205,0.026128063057366206,0.3760075749177562,0.7012662185399406,0.19975064564965714,0.626930175088548,0.52,284915,17944,5384728,23813065,0.022217499998077983,2047593,20475930,1,47962292.0,12.180483299998741,25500,7080215.0,3311635,0.009234299985109828,96.78362519997972,139.4972545000055
primary,PRIMARY__CICIDS2017_COVERAGE_R1__Oort-Style-Adapted__b0.2__seed2026,CICIDS2017,CICIDS2017_COVERAGE_R1,Oort-Style-Adapted,0.2,0.5,2026,FedAvg,clean,honest,0.763665985862638,0.5021240510241208,0.017182878023316514,89042,1330,45.46091557600347,0.004546091557600347,0.1718452412067489,0.37264150943396224,0.008794193605842016,0.33587893956897846,0.58,291229,790,5469589,23904226,0.02218850000281236,2048293,20482930,0,48301028.0,12.243816300000617,25500,12440706.0,3395796,0.008906400005798787,92.213652800001,132.7329399000082
primary,PRIMARY__CICIDS2017_COVERAGE_R1__Oort-Style-Adapted__b0.2__seed2027,CICIDS2017,CICIDS2017_COVERAGE_R1,Oort-Style-Adapted,0.2,0.5,2027,FedAvg,clean,honest,0.7396617598217531,0.484207335573839,0.004241060265066266,89620,9931,339.45289668066954,0.03394528966806695,0.1960892046893664,0.02090111406881593,0.002359960815744946,0.4536890000698359,0.05,282628,212,4821830,23258483,0.02091580000342219,2048517,20485170,0,47696946.0,13.064088299990544,25500,2727557.0,2747813,0.00985769999169861,102.00678470000275,141.77781809999578
primary,PRIMARY__CICIDS2017_COVERAGE_R1__Oort-Style-Adapted__b0.2__seed2718,CICIDS2017,CICIDS2017_COVERAGE_R1,Oort-Style-Adapted,0.2,0.5,2718,FedAvg,clean,honest,0.7724161918036774,0.5601805304904393,0.24812952499438426,75472,11554,394.9288861392061,0.03949288861392061,0.3916049644005783,0.5541406189704406,0.15985394959479918,0.6420834060215249,0.64,281005,14360,5430999,23848653,0.022435900002165,2046406,20464060,0,47787657.0,12.354307999987213,25500,6540565.0,3359093,0.009277100012695882,98.90210419995492,139.32884079999712
primary,PRIMARY__CICIDS2017_COVERAGE_R1__Oort-Style-Adapted__b0.2__seed314,CICIDS2017,CICIDS2017_COVERAGE_R1,Oort-Style-Adapted,0.2,0.5,314,FedAvg,clean,honest,0.7352186636191751,0.48310867151550524,0.013254068804210116,89152,12098,413.52342604397745,0.04135234260439775,0.16999180611753695,0.053216465800594775,0.007569685635408318,0.3303577614697569,0.08,280461,680,5286110,23711342,0.021955399992293678,2047248,20472480,0,47791313.0,13.217886300011742,25500,7286953.0,3213362,0.00961240000469843,102.72145010000531,142.60636640000303
primary,PRIMARY__CICIDS2017_COVERAGE_R1__Oort-Style-Adapted__b0.2__seed3407,CICIDS2017,CICIDS2017_COVERAGE_R1,Oort-Style-Adapted,0.2,0.5,3407,FedAvg,clean,honest,0.7650232353794938,0.500426936404726,0.0026639139555792346,89712,141,4.819540673846984,0.00048195406738469845,0.1708224331832694,0.45977011494252873,0.0013358268768367619,0.33972665078725806,0.57,292418,120,5608321,24034075,0.02314000000114902,2047306,20473060,0,47867094.0,11.76473789998272,25500,4923238.0,3535515,0.009613800000806805,94.79898740001954,134.7776055999966
primary,PRIMARY__CICIDS2017_COVERAGE_R1__Oort-Style-Adapted__b0.2__seed42,CICIDS2017,CICIDS2017_COVERAGE_R1,Oort-Style-Adapted,0.2,0.5,42,FedAvg,clean,honest,0.7623244270916418,0.5024699384000799,0.023781136209841135,88725,2160,73.8312613865921,0.00738312613865921,0.1806156562730463,0.33884297520661155,0.01232300293881913,0.3807504237443844,0.61,290399,1107,4928678,23340914,0.022434000013163313,2045804,20458040,0,47353938.0,12.668698500008759,25500,6053166.0,2857374,0.009557300003507407,91.17179589998341,131.2729002000051
primary,PRIMARY__CICIDS2017_COVERAGE_R1__Oort-Style-Adapted__b0.2__seed777,CICIDS2017,CICIDS2017_COVERAGE_R1,Oort-Style-Adapted,0.2,0.5,777,FedAvg,clean,honest,0.7988577137014208,0.6059747811045715,0.36128250056053346,68079,8836,302.02454889441105,0.030202454889441104,0.380131053271205,0.7111379907809997,0.24215201709858403,0.5640938292814983,0.79,283723,21753,5540445,23954697,0.02239850000842125,2046028,20460280,0,48613854.0,11.612405700005183,25500,3598230.0,3468917,0.009600100012903567,96.40985760001422,136.22718609998265
primary,PRIMARY__CICIDS2017_COVERAGE_R1__Oort-Style-Adapted__b0.2__seed9001,CICIDS2017,CICIDS2017_COVERAGE_R1,Oort-Style-Adapted,0.2,0.5,9001,FedAvg,clean,honest,0.792463734763632,0.6012368879871038,0.35256493930296307,68224,11136,380.6411698153193,0.03806411698153193,0.35311620690807694,0.6599071585634009,0.2405378929557396,0.5306345277873641,0.72,281423,21608,5315054,23737937,0.022048400012863567,2046987,20469870,0,47877934.0,13.130609799987724,25500,4569264.0,3242567,0.009726199990836903,99.75394150001739,138.35371100001066
primary,PRIMARY__CICIDS2017_COVERAGE_R1__Oort-Style-Adapted__b0.4__seed11,CICIDS2017,CICIDS2017_COVERAGE_R1,Oort-Style-Adapted,0.4,0.5,11,FedAvg,clean,honest,0.7608808784725581,0.4977583590373204,0.0028354253683326607,89702,1735,59.30427708598949,0.005930427708598949,0.1734895338767179,0.06970509383378017,0.0014471457832398254,0.26945348054606777,0.47,290824,130,5402309,23837261,0.008533000021998305,2048328,20483280,8,48116964.0,5.605453299998771,25500,10198808.0,3328481,0.0038006000249879435,42.517923199993675,60.60741589997633
primary,PRIMARY__CICIDS2017_COVERAGE_R1__Oort-Style-Adapted__b0.4__seed123,CICIDS2017,CICIDS2017_COVERAGE_R1,Oort-Style-Adapted,0.4,0.5,123,FedAvg,clean,honest,0.7645289768849163,0.5000846401944417,0.0025478553704360155,89717,325,11.108870347519646,0.0011108870347519646,0.18543782699044578,0.26136363636363635,0.0012801674236352302,0.41003552401860777,0.6,292234,115,8782231,27208624,0.012225399987073615,2047377,20473770,0,48121653.0,5.117759999986447,25500,16658303.0,6709354,0.0033980000225710683,37.45791559997451,54.50028320001729
primary,PRIMARY__CICIDS2017_COVERAGE_R1__Oort-Style-Adapted__b0.4__seed2026,CICIDS2017,CICIDS2017_COVERAGE_R1,Oort-Style-Adapted,0.4,0.5,2026,FedAvg,clean,honest,0.7633024835835571,0.4993370889092542,0.0028423801077460367,89703,808,27.61836074091038,0.002761836074091038,0.17862251668174445,0.1376734258271078,0.0014360138925995191,0.3723095053162327,0.1,291751,129,9081488,27514757,0.013798100015264936,2048141,20481410,0,48419602.0,4.724302499998885,25500,17738952.0,7007847,0.0038946000058786012,35.71777860003931,52.66816329998255
primary,PRIMARY__CICIDS2017_COVERAGE_R1__Oort-Style-Adapted__b0.4__seed2027,CICIDS2017,CICIDS2017_COVERAGE_R1,Oort-Style-Adapted,0.4,0.5,2027,FedAvg,clean,honest,0.7635299993985214,0.5019117596343451,0.016489014574722644,89074,1350,46.14453836662007,0.004614453836662006,0.21970338317099722,0.35958254269449713,0.008437973105352213,0.5004213104163943,0.54,291209,758,7628302,26070418,0.013255999998364132,2049124,20491240,0,48107728.0,5.41819260003831,25500,7454641.0,5553678,0.004120400015381165,39.88082050002413,56.87792139998783
primary,PRIMARY__CICIDS2017_COVERAGE_R1__Oort-Style-Adapted__b0.4__seed2718,CICIDS2017,CICIDS2017_COVERAGE_R1,Oort-Style-Adapted,0.4,0.5,2718,FedAvg,clean,honest,0.7645577432523255,0.5001111535978708,0.002592366919625547,89715,316,10.801240091742178,0.0010801240091742178,0.16846044751001785,0.2702078521939954,0.001302431204915843,0.3310934147641801,0.69,292243,117,8109394,26533870,0.013992700027301908,2047164,20471640,0,48107361.0,5.095348900002136,25500,10688993.0,6036730,0.004183099998044781,39.5984107000113,56.53210609999951
primary,PRIMARY__CICIDS2017_COVERAGE_R1__Oort-Style-Adapted__b0.4__seed314,CICIDS2017,CICIDS2017_COVERAGE_R1,Oort-Style-Adapted,0.4,0.5,314,FedAvg,clean,honest,0.7496096926967424,0.4916612397334749,0.00949671546061139,89373,6374,217.87058336950838,0.021787058336950837,0.16463324057464476,0.06717400848821893,0.005109537803900614,0.2835647521283803,0.37,286185,459,7068856,25496203,0.01180200000089826,2047483,20474830,4,47788483.0,5.630614199995762,25500,12868457.0,4995873,0.004106900007172953,41.70358040004794,58.555230000005395
primary,PRIMARY__CICIDS2017_COVERAGE_R1__Oort-Style-Adapted__b0.4__seed3407,CICIDS2017,CICIDS2017_COVERAGE_R1,Oort-Style-Adapted,0.4,0.5,3407,FedAvg,clean,honest,0.7650703076170726,0.5004692700953346,0.0027308755453425253,89709,126,4.306823580884539,0.00043068235808845396,0.17017431802719726,0.4939759036144578,0.001369222548757681,0.3375323178770326,0.66,292433,123,8861384,27290603,0.017903999985719565,2047691,20476910,0,47903888.0,5.946257799980231,25500,10577528.0,6788193,0.00519999999232823,47.12028259991348,69.04766720000043
primary,PRIMARY__CICIDS2017_COVERAGE_R1__Oort-Style-Adapted__b0.4__seed42,CICIDS2017,CICIDS2017_COVERAGE_R1,Oort-Style-Adapted,0.4,0.5,42,FedAvg,clean,honest,0.7637392093433162,0.49962635831268026,0.0028696304798905125,89702,642,21.944291578792654,0.0021944291578792656,0.18246979779540323,0.16839378238341968,0.0014471457832398254,0.3972248670357097,0.18,291917,130,8078825,26491979,0.01374230000510579,2045906,20459060,0,48098408.0,4.887009699988994,25500,10427891.0,6007419,0.0040248000077554025,35.653680599993095,52.228106800001115
primary,PRIMARY__CICIDS2017_COVERAGE_R1__Oort-Style-Adapted__b0.4__seed777,CICIDS2017,CICIDS2017_COVERAGE_R1,Oort-Style-Adapted,0.4,0.5,777,FedAvg,clean,honest,0.7262906292250602,0.4751680899619807,0.002554034994091412,89698,14966,511.55493421839697,0.0511554934218397,0.1815561720996347,0.008874172185430464,0.0014916733458010508,0.3949395399497328,0.31,277593,134,8893448,27309086,0.014871099978336133,2046182,20461820,0,48581554.0,4.754126300002099,25500,10714551.0,6821766,0.003960199996072333,38.351398899983906,55.18950989998848
primary,PRIMARY__CICIDS2017_COVERAGE_R1__Oort-Style-Adapted__b0.4__seed9001,CICIDS2017,CICIDS2017_COVERAGE_R1,Oort-Style-Adapted,0.4,0.5,9001,FedAvg,clean,honest,0.7611136245361423,0.497906608219889,0.0028164094054974565,89703,1645,56.22797452821482,0.005622797452821482,0.17974822141960708,0.07271702367531004,0.0014360138925995191,0.38673721601204525,0.26,290914,129,7813053,26246061,0.013995500019518659,2048112,20481120,0,48111399.0,5.005103600007715,25500,9263455.0,5739441,0.0039808000074117444,37.066410199928214,53.13523850004276
primary,PRIMARY__CICIDS2017_COVERAGE_R1__Oort-Style-Adapted__b0.6__seed11,CICIDS2017,CICIDS2017_COVERAGE_R1,Oort-Style-Adapted,0.6,0.5,11,FedAvg,clean,honest,0.7634201641775041,0.4994139964731986,0.002843789956351131,89703,763,26.080209462023046,0.0026080209462023044,0.18928934344420717,0.1446188340807175,0.0014360138925995191,0.28357083420388457,0.29,291796,129,6005123,24431705,0.009164499992039055,2047398,20473980,8,47832863.0,5.200575700000627,25500,9328078.0,3932225,0.0035320000097271986,40.30840339996939,57.367141800015816
primary,PRIMARY__CICIDS2017_COVERAGE_R1__Oort-Style-Adapted__b0.6__seed123,CICIDS2017,CICIDS2017_COVERAGE_R1,Oort-Style-Adapted,0.6,0.5,123,FedAvg,clean,honest,0.7649500118988156,0.5004485067995679,0.003061326352917688,89694,187,6.39187309226515,0.000639187309226515,0.1878870137335243,0.4246153846153846,0.0015362009083622762,0.4013610980900472,0.75,292372,138,11516249,29946017,0.016316299988829996,2047752,20477520,0,47965033.0,5.097040900000138,25500,26761914.0,9442997,0.003499599995848257,37.86306279996643,55.578382399973634
primary,PRIMARY__CICIDS2017_COVERAGE_R1__Oort-Style-Adapted__b0.6__seed2026,CICIDS2017,CICIDS2017_COVERAGE_R1,Oort-Style-Adapted,0.6,0.5,2026,FedAvg,clean,honest,0.7643877601721798,0.4999923511177084,0.0025463321745676773,89717,379,12.954651882184448,0.0012954651882184447,0.17623294615089108,0.23279352226720648,0.0012801674236352302,0.3703674402845105,0.58,292180,115,12382902,30822093,0.016986599999654572,2048799,20487990,0,48213449.0,4.933661400020355,25500,25522682.0,10308603,0.0037652999817510135,36.97612110002228,54.451726600003894
primary,PRIMARY__CICIDS2017_COVERAGE_R1__Oort-Style-Adapted__b0.6__seed2027,CICIDS2017,CICIDS2017_COVERAGE_R1,Oort-Style-Adapted,0.6,0.5,2027,FedAvg,clean,honest,0.7643720694263202,0.5001479429746244,0.003494879338184875,89674,428,14.629527719195103,0.0014629527719195103,0.2006784189164157,0.2696245733788396,0.0017588387211684032,0.4659673055905781,0.81,292131,158,10361962,28806994,0.014959899999666959,2049448,20494480,0,48229879.0,5.408689799995045,25500,12860586.0,8287014,0.00368590001744451,39.175664999995206,56.23423179999372
primary,PRIMARY__CICIDS2017_COVERAGE_R1__Oort-Style-Adapted__b0.6__seed2718,CICIDS2017,CICIDS2017_COVERAGE_R1,Oort-Style-Adapted,0.6,0.5,2718,FedAvg,clean,honest,0.7563776344108517,0.49865682371395326,0.02360314848392743,88706,4453,152.20861433078457,0.015220861433078456,0.22532678238981785,0.20182828463882416,0.01253450886098495,0.521075707717823,0.5,288106,1126,10033476,28460931,0.01584150001872331,2047495,20474950,0,48192817.0,5.316410500025086,25500,14929527.0,7960481,0.003952400023990776,41.109198800062586,58.27648849999241
primary,PRIMARY__CICIDS2017_COVERAGE_R1__Oort-Style-Adapted__b0.6__seed314,CICIDS2017,CICIDS2017_COVERAGE_R1,Oort-Style-Adapted,0.6,0.5,314,FedAvg,clean,honest,0.7611450060278615,0.4978615498017661,0.0024464831804281344,89720,1616,55.23672148182076,0.005523672148182076,0.17379140971298032,0.06481481481481481,0.001246771751714311,0.3558102457878076,0.32,290943,112,10713021,29143887,0.016909400022996124,2047874,20478740,0,47796393.0,5.259008000000904,25500,19594247.0,8639647,0.003949800018745009,39.42592219989456,56.39969419997942
primary,PRIMARY__CICIDS2017_COVERAGE_R1__Oort-Style-Adapted__b0.6__seed3407,CICIDS2017,CICIDS2017_COVERAGE_R1,Oort-Style-Adapted,0.6,0.5,3407,FedAvg,clean,honest,0.7649447816501957,0.5003640940303989,0.0025966243882952164,89715,168,5.742431441179386,0.0005742431441179386,0.17009683178050602,0.4105263157894737,0.001302431204915843,0.3379829573830645,0.78,292391,117,11767429,30200563,0.017784499970730394,2048126,20481260,0,48035712.0,5.0717705999995815,25500,22099994.0,9693803,0.003926899975340348,37.23859220000304,54.40614710000227
primary,PRIMARY__CICIDS2017_COVERAGE_R1__Oort-Style-Adapted__b0.6__seed42,CICIDS2017,CICIDS2017_COVERAGE_R1,Oort-Style-Adapted,0.6,0.5,42,FedAvg,clean,honest,0.7652350604485985,0.5005268011363898,0.002444661747710908,89722,50,1.709056976541484,0.0001709056976541484,0.22495589716838896,0.6875,0.0012245079704336984,0.32163568081454774,0.12,292509,110,11171524,29588485,0.016715200006728992,2046329,20463290,0,47833692.0,5.556368199984718,25500,15053689.0,9099695,0.0037600999712594785,36.9656255000009,54.12272410000878
primary,PRIMARY__CICIDS2017_COVERAGE_R1__Oort-Style-Adapted__b0.6__seed777,CICIDS2017,CICIDS2017_COVERAGE_R1,Oort-Style-Adapted,0.6,0.5,777,FedAvg,clean,honest,0.754024022531911,0.4971186724350659,0.02338258350551858,88706,5353,182.97163990853127,0.018297163990853127,0.17473389582670734,0.17379225189072386,0.01253450886098495,0.3474915084387732,0.48,287206,1126,11492683,29918905,0.017995899979723617,2047358,20473580,0,48459397.0,5.116677499987418,25500,21960453.0,9419825,0.004094999996596016,38.96919030002755,56.11317280001094
primary,PRIMARY__CICIDS2017_COVERAGE_R1__Oort-Style-Adapted__b0.6__seed9001,CICIDS2017,CICIDS2017_COVERAGE_R1,Oort-Style-Adapted,0.6,0.5,9001,FedAvg,clean,honest,0.7649604723960554,0.5003473501538529,0.0024418127129649156,89722,155,5.298076627278601,0.00052980766272786,0.1747095478342159,0.41509433962264153,0.0012245079704336984,0.35763451415493697,0.85,292404,110,8264649,26701932,0.013276300007419195,2048587,20485870,0,48232074.0,5.191000199971313,25500,10069562.0,6190562,0.003940499984310009,38.11111650008388,54.6562924999962
primary,PRIMARY__CICIDS2017_COVERAGE_R1__Oort-Style-Adapted__b0.8__seed11,CICIDS2017,CICIDS2017_COVERAGE_R1,Oort-Style-Adapted,0.8,0.5,11,FedAvg,clean,honest,0.7628108402132895,0.49901578619766446,0.002836505161779742,89703,996,34.04441497270636,0.003404441497270636,0.184896155430948,0.11466666666666667,0.0014360138925995191,0.27509739327683513,0.35,291563,129,6096914,24532406,0.009872300026472658,2048388,20483880,9,48216120.0,6.07576190000691,25500,10535619.0,4023026,0.0038133000416564755,46.403322299993306,66.27361460000975
primary,PRIMARY__CICIDS2017_COVERAGE_R1__Oort-Style-Adapted__b0.8__seed123,CICIDS2017,CICIDS2017_COVERAGE_R1,Oort-Style-Adapted,0.8,0.5,123,FedAvg,clean,honest,0.7643249971887414,0.5000477559588616,0.003097345132743363,89692,428,14.629527719195103,0.0014629527719195103,0.17499169143233967,0.24647887323943662,0.0015584646896428889,0.35658950748825863,0.68,292131,140,13739727,32171637,0.031636800020351075,2047990,20479900,0,48272276.0,7.437761499983026,25500,31004619.0,11666237,0.004612299999280367,53.19627069988201,77.78457260000869
primary,PRIMARY__CICIDS2017_COVERAGE_R1__Oort-Style-Adapted__b0.8__seed2026,CICIDS2017,CICIDS2017_COVERAGE_R1,Oort-Style-Adapted,0.8,0.5,2026,FedAvg,clean,honest,0.764458368528548,0.5004627533738722,0.004971331985549995,89607,462,15.791686463243312,0.0015791686463243312,0.1747899235963304,0.32751091703056767,0.0025046753940689286,0.36090313735164375,0.48,292097,225,15543051,33981558,0.03876360002323054,2048723,20487230,0,48656533.0,5.425201500023832,25500,32560541.0,13468828,0.0039905999874463305,42.48991920001572,61.725557600017055
primary,PRIMARY__CICIDS2017_COVERAGE_R1__Oort-Style-Adapted__b0.8__seed2027,CICIDS2017,CICIDS2017_COVERAGE_R1,Oort-Style-Adapted,0.8,0.5,2027,FedAvg,clean,honest,0.7622825851026829,0.5010772550148167,0.0162974666421375,89079,1822,62.278036225171675,0.006227803622517168,0.2185119819888454,0.2924271844660194,0.008382313652150681,0.5014308086619499,0.5,290737,753,11554922,29997641,0.018623900003149174,2049191,20491910,0,48004613.0,6.1136487999683595,25500,19428145.0,9480231,0.004203400028927717,45.1235677999648,64.1582802999983
primary,PRIMARY__CICIDS2017_COVERAGE_R1__Oort-Style-Adapted__b0.8__seed2718,CICIDS2017,CICIDS2017_COVERAGE_R1,Oort-Style-Adapted,0.8,0.5,2718,FedAvg,clean,honest,0.7648610976722778,0.5003942557507091,0.0030822791125697116,89693,222,7.588212975844189,0.0007588212975844188,0.1745868152969642,0.3850415512465374,0.0015473327990025826,0.3581757609055511,0.78,292337,139,11827401,30261237,0.022097699998994358,2048204,20482040,0,48184467.0,7.306230000009236,25500,23298119.0,9753697,0.004728200030513108,53.5359578999778,74.91423040000518
primary,PRIMARY__CICIDS2017_COVERAGE_R1__Oort-Style-Adapted__b0.8__seed314,CICIDS2017,CICIDS2017_COVERAGE_R1,Oort-Style-Adapted,0.8,0.5,314,FedAvg,clean,honest,0.7652245999513587,0.5005199649084836,0.0024445530912485,89722,54,1.8457815346648025,0.00018457815346648027,0.17079882272445784,0.6707317073170732,0.0012245079704336984,0.3399723187858692,0.79,292505,110,12191142,30618966,0.024505799992766697,2047536,20475360,0,47822633.0,5.8543769999960205,25500,25158795.0,10118106,0.004448299980140291,46.244489099983184,65.73284570001852
primary,PRIMARY__CICIDS2017_COVERAGE_R1__Oort-Style-Adapted__b0.8__seed3407,CICIDS2017,CICIDS2017_COVERAGE_R1,Oort-Style-Adapted,0.8,0.5,3407,FedAvg,clean,honest,0.7635430750200711,0.5033396398296769,0.024301021894659602,88706,1713,58.55229201631124,0.005855229201631124,0.2577406203129463,0.3966185276505812,0.01253450886098495,0.5548660005369546,0.5,290846,1126,14382159,32814762,0.03541750001022592,2048067,20480670,0,48174630.0,5.868467399988731,25500,30170080.0,12308592,0.005388099998526741,43.94704640001146,63.457017199987604
primary,PRIMARY__CICIDS2017_COVERAGE_R1__Oort-Style-Adapted__b0.8__seed42,CICIDS2017,CICIDS2017_COVERAGE_R1,Oort-Style-Adapted,0.8,0.5,42,FedAvg,clean,honest,0.7538749604462448,0.4931720816204786,0.0027126690119950833,89704,4412,150.80718761002055,0.015080718761002055,0.2002246239067467,0.028193832599118944,0.0014248820019592127,0.265918543858002,0.05,288147,128,13344750,31759443,0.02795429997058818,2046077,20460770,0,47956996.0,7.855765899977996,25500,19197152.0,11273173,0.006631399992329534,50.86105629998201,73.92481129998487
primary,PRIMARY__CICIDS2017_COVERAGE_R1__Oort-Style-Adapted__b0.8__seed777,CICIDS2017,CICIDS2017_COVERAGE_R1,Oort-Style-Adapted,0.8,0.5,777,FedAvg,clean,honest,0.7640974813737771,0.4999029248902462,0.003116400888505785,89691,516,17.637467997908114,0.0017637467997908113,0.17746948984137026,0.2146118721461187,0.0015695965802831953,0.37474028671195847,0.72,292043,141,14223488,32652419,0.031277200003387406,2047659,20476590,0,48738155.0,5.836797300027683,25500,29162908.0,12150329,0.004883800000243355,46.55186420001701,66.819553000023
primary,PRIMARY__CICIDS2017_COVERAGE_R1__Oort-Style-Adapted__b0.8__seed9001,CICIDS2017,CICIDS2017_COVERAGE_R1,Oort-Style-Adapted,0.8,0.5,9001,FedAvg,clean,honest,0.7517724005010579,0.49199855800520703,0.003778337531486146,89652,5268,180.06624304841074,0.018006624304841075,0.17607080361034763,0.03303964757709251,0.002003740315255143,0.3656737594847682,0.33,287291,180,8856649,27294985,0.01775049998104805,2048704,20487040,0,47979311.0,5.911069100024179,25500,11605710.0,6782445,0.004731200024252757,43.748875599951134,62.4748471999701
primary,PRIMARY__CICIDS2017_COVERAGE_R1__Oort-Style-Adapted__b1.0__seed11,CICIDS2017,CICIDS2017_COVERAGE_R1,Oort-Style-Adapted,1.0,0.5,11,FedAvg,clean,honest,0.7652429058215282,0.5005550696373811,0.0025777491361207096,89716,53,1.811600395133973,0.0001811600395133973,0.16535651083458167,0.6863905325443787,0.0012912993142755365,0.30817275994974336,0.84,292506,116,7637266,26076349,0.015729000006103888,2048787,20487870,3,48273789.0,5.521935899996606,25500,15949267.0,5562979,0.0034261000037076883,41.20053909995477,58.30281490001653
primary,PRIMARY__CICIDS2017_COVERAGE_R1__Oort-Style-Adapted__b1.0__seed123,CICIDS2017,CICIDS2017_COVERAGE_R1,Oort-Style-Adapted,1.0,0.5,123,FedAvg,clean,honest,0.7654259645232236,0.5015077915079591,0.007348140278653874,89500,199,6.802046766635106,0.0006802046766635106,0.18179637716901992,0.6252354048964218,0.003695787692581708,0.3785144130506694,0.75,292360,332,14524476,32952111,0.030178999972122256,2047515,20475150,0,48196348.0,5.1670607999985805,25500,33284626.0,12451461,0.0034592999727465212,38.49566160009272,55.61066960002063
primary,PRIMARY__CICIDS2017_COVERAGE_R1__Oort-Style-Adapted__b1.0__seed2026,CICIDS2017,CICIDS2017_COVERAGE_R1,Oort-Style-Adapted,1.0,0.5,2026,FedAvg,clean,honest,0.7644322172854486,0.5000715446347765,0.0028338960535783473,89704,375,12.81792732406113,0.0012817927324061129,0.16774237908636516,0.2544731610337972,0.0014248820019592127,0.32420995218512133,0.68,292184,128,18259950,36699528,0.05306990002281964,2048842,20488420,0,48770164.0,5.048519900003157,25500,42217994.0,16185608,0.0035553999987314455,37.39697210001759,54.35423770000489
primary,PRIMARY__CICIDS2017_COVERAGE_R1__Oort-Style-Adapted__b1.0__seed2027,CICIDS2017,CICIDS2017_COVERAGE_R1,Oort-Style-Adapted,1.0,0.5,2027,FedAvg,clean,honest,0.7629180603099969,0.5025532001546096,0.022175723191750978,88804,1854,63.37183269015822,0.006337183269015822,0.24747631903405465,0.3566967383761277,0.011443583578234927,0.5517435690793925,0.53,290705,1028,10726313,29173595,0.0209818000002997,2049698,20496980,0,48502961.0,5.3235273999816854,25500,17984063.0,8651115,0.00461970001924783,39.912822100035555,56.73500539999077
primary,PRIMARY__CICIDS2017_COVERAGE_R1__Oort-Style-Adapted__b1.0__seed2718,CICIDS2017,CICIDS2017_COVERAGE_R1,Oort-Style-Adapted,1.0,0.5,2718,FedAvg,clean,honest,0.7647852590672898,0.5003716913167946,0.0032359590407376212,89686,258,8.818733998954057,0.0008818733998954057,0.1808186993374603,0.3613861386138614,0.001625256033484727,0.38243171956055244,0.82,292301,146,11797488,30227643,0.023147499974584207,2047795,20477950,0,48319708.0,5.491681600004085,25500,22249422.0,9724193,0.00431960001878906,40.651911600005405,57.33276849998947
primary,PRIMARY__CICIDS2017_COVERAGE_R1__Oort-Style-Adapted__b1.0__seed314,CICIDS2017,CICIDS2017_COVERAGE_R1,Oort-Style-Adapted,1.0,0.5,314,FedAvg,clean,honest,0.7593771819943461,0.4967795081641527,0.002839369703275029,89701,2311,78.99261345574739,0.007899261345574738,0.1722287623980867,0.053644553644553644,0.0014582776738801318,0.3398925317828231,0.22,290248,131,11855860,30285997,0.022249000023293775,2047793,20477930,0,47641588.0,5.346493299985013,25500,25729957.0,9782567,0.0041591000044718385,39.60704930003703,56.112811600018176
primary,PRIMARY__CICIDS2017_COVERAGE_R1__Oort-Style-Adapted__b1.0__seed3407,CICIDS2017,CICIDS2017_COVERAGE_R1,Oort-Style-Adapted,1.0,0.5,3407,FedAvg,clean,honest,0.7552139040929311,0.4941165427826528,0.0031098236346596233,89686,3918,133.9217046817907,0.013392170468179069,0.1739623338621253,0.0359251968503937,0.001625256033484727,0.3587565062550293,0.49,288641,146,15465987,33895350,0.0357503999985056,2047707,20477070,0,48113908.0,5.0275833000050625,25500,35178939.0,13392780,0.004300199980207253,37.21475339998142,53.70378530002199
primary,PRIMARY__CICIDS2017_COVERAGE_R1__Oort-Style-Adapted__b1.0__seed42,CICIDS2017,CICIDS2017_COVERAGE_R1,Oort-Style-Adapted,1.0,0.5,42,FedAvg,clean,honest,0.7651827579623998,0.5004926199968589,0.002444118561969515,89722,70,2.3926797671580777,0.00023926797671580774,0.20421129551877665,0.6111111111111112,0.0012245079704336984,0.2839263363951395,0.11,292489,110,14203300,32618047,0.029001899987633806,2046083,20460830,0,47688112.0,5.445302799955243,25500,20568505.0,12131717,0.003977599990321323,36.53381349996198,52.92254020000837
primary,PRIMARY__CICIDS2017_COVERAGE_R1__Oort-Style-Adapted__b1.0__seed777,CICIDS2017,CICIDS2017_COVERAGE_R1,Oort-Style-Adapted,1.0,0.5,777,FedAvg,clean,honest,0.7540737098937998,0.49762939867222805,0.025896001657344105,88582,5458,186.56065955926837,0.018656065955926837,0.2902161710055905,0.18634466308884914,0.013914863300382937,0.6197563382461597,0.49,287101,1250,13297422,31726875,0.025157600008242298,2047717,20477170,0,48762643.0,4.895653199979279,25500,27676969.0,11224205,0.0037128000185475685,38.45116230002168,55.209922100024414
primary,PRIMARY__CICIDS2017_COVERAGE_R1__Oort-Style-Adapted__b1.0__seed9001,CICIDS2017,CICIDS2017_COVERAGE_R1,Oort-Style-Adapted,1.0,0.5,9001,FedAvg,clean,honest,0.7647068053379917,0.5003242764958421,0.0032569681393184737,89685,289,9.878349324409777,0.0009878349324409777,0.17571809216913586,0.33715596330275227,0.0016363879241250334,0.3625880425214204,0.91,292270,147,10678406,29108588,0.019031600015296135,2047798,20477980,0,48199189.0,5.219245299995237,25500,14578306.0,8605108,0.004166999999142718,38.26976520003518,54.25658450001356
primary,PRIMARY__CICIDS2017_COVERAGE_R1__Oracle-Score-Exact__b0.1__seed11,CICIDS2017,CICIDS2017_COVERAGE_R1,Oracle-Score-Exact,0.1,0.5,11,FedAvg,clean,honest,0.7623348875888816,0.4987047378279339,0.0028308408036076763,89703,1178,40.265382367317365,0.004026538236731736,0.19585803173370187,0.09869931140015302,0.0014360138925995191,0.24518983541530492,0.29,291381,129,3882609,22304574,0.00970219999726396,2046885,20468850,0,47461955.0,6.975730500002101,25500,6599115.0,1810224,0.015153800010011764,53.102374200005215,76.86526530000447
primary,PRIMARY__CICIDS2017_COVERAGE_R1__Oracle-Score-Exact__b0.1__seed123,CICIDS2017,CICIDS2017_COVERAGE_R1,Oracle-Score-Exact,0.1,0.5,123,FedAvg,clean,honest,0.7641367082384262,0.49985527986636574,0.002698040603299571,89710,482,16.475309253859905,0.0016475309253859906,0.17736435663964256,0.20198675496688742,0.0013580906581173746,0.3789030143706189,0.59,292077,122,3897513,22313115,0.011874799996803631,2046178,20461780,0,47748228.0,6.739874800005055,25500,6526971.0,1825835,0.01814159999958065,50.85033200000544,75.48193339999307
primary,PRIMARY__CICIDS2017_COVERAGE_R1__Oracle-Score-Exact__b0.1__seed2026,CICIDS2017,CICIDS2017_COVERAGE_R1,Oracle-Score-Exact,0.1,0.5,2026,FedAvg,clean,honest,0.7629755930448154,0.49885347460313373,0.0013002181722017762,89773,863,29.498323415106015,0.0029498323415106014,0.1636661221762626,0.06399132321041215,0.0006567815477780746,0.2539449053296296,0.62,291696,59,3520193,21943301,0.007504100000005565,2047012,20470120,6,47278440.0,7.2083719999973255,25500,6289101.0,1447681,0.014031099997737329,51.718752199974915,74.0118269000086
primary,PRIMARY__CICIDS2017_COVERAGE_R1__Oracle-Score-Exact__b0.1__seed2027,CICIDS2017,CICIDS2017_COVERAGE_R1,Oracle-Score-Exact,0.1,0.5,2027,FedAvg,clean,honest,0.7642543888323732,0.499982326978777,0.0029861641063074424,89697,450,15.381512788873355,0.0015381512788873355,0.18057885442802865,0.23076923076923078,0.0015028052364413572,0.3838416041842117,0.43,292109,135,3870995,22308647,0.012021000005915994,2048628,20486280,0,47185270.0,7.562232000000222,25500,1525107.0,1796867,0.01825079999616719,54.62564190004559,78.31535089998215
primary,PRIMARY__CICIDS2017_COVERAGE_R1__Oracle-Score-Exact__b0.1__seed2718,CICIDS2017,CICIDS2017_COVERAGE_R1,Oracle-Score-Exact,0.1,0.5,2718,FedAvg,clean,honest,0.7938079086589381,0.6092698711504458,0.37310371147791244,66369,12477,426.4780779261619,0.04264780779261619,0.45134143987234154,0.6528380634390651,0.26118755009350786,0.6711897401193594,0.75,280082,23463,3898673,22318937,0.010519800005567959,2046696,20466960,0,47723996.0,9.529434100004437,25500,3792775.0,1826477,0.020069700010935776,60.5690295999957,87.83314210000754
primary,PRIMARY__CICIDS2017_COVERAGE_R1__Oracle-Score-Exact__b0.1__seed314,CICIDS2017,CICIDS2017_COVERAGE_R1,Oracle-Score-Exact,0.1,0.5,314,FedAvg,clean,honest,0.7635639960145506,0.49943857061672337,0.0024494389460792427,89721,690,23.584986276272478,0.002358498627627248,0.16309416674272853,0.13857677902621723,0.0012356398610740048,0.2813693483940396,0.35,291869,111,3811783,22243081,0.012950099997397047,2047922,20479220,0,46351964.0,9.73232220000682,25500,4170991.0,1738361,0.02368709999245766,65.80066550000993,90.50433039999007
primary,PRIMARY__CICIDS2017_COVERAGE_R1__Oracle-Score-Exact__b0.1__seed3407,CICIDS2017,CICIDS2017_COVERAGE_R1,Oracle-Score-Exact,0.1,0.5,3407,FedAvg,clean,honest,0.7408934833717321,0.4847731743324861,0.0030187160394445564,89682,9398,321.23434931073734,0.03212343493107373,0.17932125730276752,0.015710096355257646,0.0016697835960459524,0.3871185435853504,0.12,283161,150,3889462,22316485,0.010475600003701402,2047447,20474470,0,47742830.0,6.5329244999920775,25500,2887697.0,1816515,0.01704559999234334,49.977418100010254,71.6535725000067
primary,PRIMARY__CICIDS2017_COVERAGE_R1__Oracle-Score-Exact__b0.1__seed42,CICIDS2017,CICIDS2017_COVERAGE_R1,Oracle-Score-Exact,0.1,0.5,42,FedAvg,clean,honest,0.7652245999513587,0.5003849738164572,0.0016680381647132087,89757,19,0.6494416510857639,6.49441651085764e-05,0.23115878333411843,0.7978723404255319,0.0008348917980229762,0.34080018127090217,0.1,292540,75,3749333,22153550,0.022471599999335012,2044913,20449130,2,47193404.0,8.775909399992088,25500,5571944.0,1678920,0.026325099999667145,59.679925999980696,86.34665930000119
primary,PRIMARY__CICIDS2017_COVERAGE_R1__Oracle-Score-Exact__b0.1__seed777,CICIDS2017,CICIDS2017_COVERAGE_R1,Oracle-Score-Exact,0.1,0.5,777,FedAvg,clean,honest,0.7648271010562487,0.5002679020247366,0.0024846925193007367,89720,208,7.109677022412574,0.0007109677022412573,0.16869122170942805,0.35,0.001246771751714311,0.3068576491675606,0.39,292351,112,3911686,22334749,0.010992999996233266,2047007,20470070,0,48284287.0,6.945942599993941,25500,3236048.0,1839179,0.017791500007660943,54.482588699996995,78.46814750000158
primary,PRIMARY__CICIDS2017_COVERAGE_R1__Oracle-Score-Exact__b0.1__seed9001,CICIDS2017,CICIDS2017_COVERAGE_R1,Oracle-Score-Exact,0.1,0.5,9001,FedAvg,clean,honest,0.6265916300331337,0.41344848930247113,0.014153744183156354,88807,53981,1845.132093013717,0.1845132093013717,0.14521691196272313,0.018634330800276332,0.011410187906314009,0.17482450187189016,0.95,238578,1025,3762783,22187430,0.012402800002746517,2047183,20471830,2,47403105.0,7.267508999982965,25500,2489525.0,1690100,0.0209395000092627,53.80476009998165,76.25990429999729
primary,PRIMARY__CICIDS2017_COVERAGE_R1__Oracle-Score-Exact__b0.2__seed11,CICIDS2017,CICIDS2017_COVERAGE_R1,Oracle-Score-Exact,0.2,0.5,11,FedAvg,clean,honest,0.7510637018130657,0.4913772711424762,0.0029119400014664446,89693,5498,187.92790514050157,0.018792790514050157,0.17409114145384855,0.024658506297676068,0.0015473327990025826,0.28902538134031247,0.2,287061,139,5729748,24161541,0.022415099992940668,2047977,20479770,0,47887995.0,13.36484220001148,25500,9775374.0,3656271,0.048405400000774534,103.34371780002402,144.4043566000073
primary,PRIMARY__CICIDS2017_COVERAGE_R1__Oracle-Score-Exact__b0.2__seed123,CICIDS2017,CICIDS2017_COVERAGE_R1,Oracle-Score-Exact,0.2,0.5,123,FedAvg,clean,honest,0.763545690144381,0.49951145876144704,0.0029332627585902694,89699,719,24.576239322666538,0.002457623932266654,0.191546553299615,0.15610328638497653,0.0014805414551607445,0.43691824086346254,0.7,291840,133,5641349,24051686,0.022086999997554813,2045593,20455930,0,47492648.0,11.397611300006247,25500,10582243.0,3570256,0.048674399997253204,92.48648009999306,134.068248399999
primary,PRIMARY__CICIDS2017_COVERAGE_R1__Oracle-Score-Exact__b0.2__seed2026,CICIDS2017,CICIDS2017_COVERAGE_R1,Oracle-Score-Exact,0.2,0.5,2026,FedAvg,clean,honest,0.7596073129336203,0.4969569033964936,0.0029934924078091106,89694,2230,76.22394115375019,0.007622394115375019,0.1799056865260646,0.05827702702702703,0.0015362009083622762,0.38207297592182304,0.05,290329,138,5445758,23881835,0.02160989998446894,2048453,20484530,0,47931206.0,11.835907800003042,25500,11932652.0,3371805,0.04972049997741124,92.13036159999683,132.89674930000547
primary,PRIMARY__CICIDS2017_COVERAGE_R1__Oracle-Score-Exact__b0.2__seed2027,CICIDS2017,CICIDS2017_COVERAGE_R1,Oracle-Score-Exact,0.2,0.5,2027,FedAvg,clean,honest,0.7649604723960554,0.5003512070421966,0.0024639563147204743,89721,156,5.3322577668094295,0.000533225776680943,0.18493591037530438,0.4157303370786517,0.0012356398610740048,0.40677508398426065,0.88,292403,111,5178999,23620422,0.02158789998793509,2049047,20490470,0,47649757.0,13.19147720001638,25500,4012051.0,3104452,0.04470459999356535,104.16863679999733,145.12312050000037
primary,PRIMARY__CICIDS2017_COVERAGE_R1__Oracle-Score-Exact__b0.2__seed2718,CICIDS2017,CICIDS2017_COVERAGE_R1,Oracle-Score-Exact,0.2,0.5,2718,FedAvg,clean,honest,0.7561788849632968,0.4946931883701861,0.0028235596102632113,89700,3535,120.83032824148292,0.012083032824148292,0.16438281651787834,0.03599672757022089,0.001469409564520438,0.30890399793298506,0.49,289024,132,5614984,24034663,0.022474299996247282,2046631,20466310,0,47820148.0,13.30267650001042,25500,6806681.0,3542853,0.042616399990947684,105.4434914000085,145.63208129998748
primary,PRIMARY__CICIDS2017_COVERAGE_R1__Oracle-Score-Exact__b0.2__seed314,CICIDS2017,CICIDS2017_COVERAGE_R1,Oracle-Score-Exact,0.2,0.5,314,FedAvg,clean,honest,0.7638385840670936,0.4996180215992602,0.0024522799575821845,89721,585,19.995966625535363,0.001999596662553536,0.17016639256201857,0.15948275862068967,0.0012356398610740048,0.32854976706080025,0.33,291974,111,5622609,24050532,0.0262946000075317,2047547,20475470,0,46767376.0,14.533697799997753,25500,9569357.0,3549562,0.059385000000474975,109.76559599997927,150.34087599999475
primary,PRIMARY__CICIDS2017_COVERAGE_R1__Oracle-Score-Exact__b0.2__seed3407,CICIDS2017,CICIDS2017_COVERAGE_R1,Oracle-Score-Exact,0.2,0.5,3407,FedAvg,clean,honest,0.762952056926026,0.4992507801431113,0.003649273992327731,89666,979,33.46333560068226,0.0033463335600682257,0.18672200896284535,0.14497816593886462,0.001847893846290854,0.41706119162162614,0.57,291580,166,5667409,24093037,0.023303600020881277,2047292,20472920,0,47856698.0,11.630860500004928,25500,6292105.0,3594617,0.0563211000226147,93.83668410003884,134.31319819999771
primary,PRIMARY__CICIDS2017_COVERAGE_R1__Oracle-Score-Exact__b0.2__seed42,CICIDS2017,CICIDS2017_COVERAGE_R1,Oracle-Score-Exact,0.2,0.5,42,FedAvg,clean,honest,0.7811010196369684,0.7298357735265282,0.5760849197546808,32956,50749,1734.6586500500753,0.17346586500500755,0.6105741298509705,0.5284645760743322,0.633137412058064,0.7246799627652722,0.95,241810,56876,5306002,23709022,0.023033500005112728,2044780,20447800,0,47594449.0,13.915785299992422,25500,8160606.0,3235722,0.04131509999933769,98.7217816999655,138.78733319999446
primary,PRIMARY__CICIDS2017_COVERAGE_R1__Oracle-Score-Exact__b0.2__seed777,CICIDS2017,CICIDS2017_COVERAGE_R1,Oracle-Score-Exact,0.2,0.5,777,FedAvg,clean,honest,0.7650258505038037,0.5004209316850153,0.0026196607761300064,89714,138,4.716997255254496,0.00047169972552544957,0.1700939594544834,0.4609375,0.0013135630955561492,0.33888138361010084,0.68,292421,118,5733365,24155357,0.023327999999310123,2046888,20468880,0,48027416.0,12.33690599998954,25500,5600590.0,3660977,0.05706529999952181,101.86113989996738,142.41370369999277
primary,PRIMARY__CICIDS2017_COVERAGE_R1__Oracle-Score-Exact__b0.2__seed9001,CICIDS2017,CICIDS2017_COVERAGE_R1,Oracle-Score-Exact,0.2,0.5,9001,FedAvg,clean,honest,0.749784906025508,0.49074595736315885,0.003997335109926716,89640,6040,206.45408276621126,0.020645408276621126,0.18232931102434502,0.03080872913992298,0.0021373230029388193,0.4004940480654783,0.06,286519,192,5595479,24008642,0.023175699996500043,2045907,20459070,0,47582103.0,12.91085689999818,25500,5060220.0,3524072,0.04539179999483167,97.21739640000305,136.40976140000203
primary,PRIMARY__CICIDS2017_COVERAGE_R1__Oracle-Score-Exact__b0.4__seed11,CICIDS2017,CICIDS2017_COVERAGE_R1,Oracle-Score-Exact,0.4,0.5,11,FedAvg,clean,honest,0.7468585819226917,0.4895316193966026,0.007647752319442308,89459,7340,250.88956415628985,0.025088956415628985,0.16496984251646207,0.04835991183715804,0.0041521952088342685,0.27429871540532125,0.52,285219,373,8688486,27128703,0.01351330002216855,2048913,20489130,0,48017281.0,5.608128800027771,25500,20082422.0,6614073,0.01986929999111453,41.21910050000588,58.36578950002149
primary,PRIMARY__CICIDS2017_COVERAGE_R1__Oracle-Score-Exact__b0.4__seed123,CICIDS2017,CICIDS2017_COVERAGE_R1,Oracle-Score-Exact,0.4,0.5,123,FedAvg,clean,honest,0.7647460322026407,0.5003537692388338,0.0032795966982438647,89684,275,9.399813370978162,0.0009399813370978161,0.17301007373811667,0.34988179669030733,0.0016475198147653397,0.3382467109607905,0.82,292284,148,9440108,27866105,0.014283899996371474,2047333,20473330,0,48068873.0,5.1508089999551885,25500,21464218.0,7367275,0.02747209998051403,37.70502019997366,54.922826599969994
primary,PRIMARY__CICIDS2017_COVERAGE_R1__Oracle-Score-Exact__b0.4__seed2026,CICIDS2017,CICIDS2017_COVERAGE_R1,Oracle-Score-Exact,0.4,0.5,2026,FedAvg,clean,honest,0.7647564926998804,0.5002526125931188,0.002660901380342591,89712,243,8.306016905991612,0.0008306016905991612,0.18041370038543864,0.3305785123966942,0.0013358268768367619,0.39092400581247894,0.58,292316,120,8754084,27195606,0.013625199972011615,2049058,20490580,0,48331671.0,4.8084893000050215,25500,19997976.0,6679526,0.023503100019297563,36.483638899968355,53.7666459999964
primary,PRIMARY__CICIDS2017_COVERAGE_R1__Oracle-Score-Exact__b0.4__seed2027,CICIDS2017,CICIDS2017_COVERAGE_R1,Oracle-Score-Exact,0.4,0.5,2027,FedAvg,clean,honest,0.7647591078241904,0.5003314594169675,0.003103043198794246,89692,262,8.955458557077376,0.0008955458557077376,0.18057953328965196,0.3482587064676617,0.0015584646896428889,0.38700096704041653,0.79,292297,140,7352443,25795846,0.012295899985474534,2049267,20492670,0,47895541.0,5.495887299999595,25500,9321214.0,5277676,0.018564700010756496,41.43906080002489,58.53060950002691
primary,PRIMARY__CICIDS2017_COVERAGE_R1__Oracle-Score-Exact__b0.4__seed2718,CICIDS2017,CICIDS2017_COVERAGE_R1,Oracle-Score-Exact,0.4,0.5,2718,FedAvg,clean,honest,0.7642308527135837,0.4999862299077062,0.0030961121677208193,89692,464,15.86004874230497,0.001586004874230497,0.17138829863326174,0.23178807947019867,0.0015584646896428889,0.34286029341278296,0.81,292095,140,8895541,27330520,0.014618299988796934,2048331,20483310,0,48052547.0,5.333689500017499,25500,14903456.0,6821710,0.020279600015783217,40.33674139998038,56.81739210003434
primary,PRIMARY__CICIDS2017_COVERAGE_R1__Oracle-Score-Exact__b0.4__seed314,CICIDS2017,CICIDS2017_COVERAGE_R1,Oracle-Score-Exact,0.4,0.5,314,FedAvg,clean,honest,0.7649264757800261,0.5003289893015015,0.0024636008522727275,89721,169,5.776612580710216,0.0005776612580710216,0.16447223765255767,0.3964285714285714,0.0012356398610740048,0.301724383434683,0.5,292390,111,9285665,27711554,0.015863500018895138,2047321,20473210,0,47379233.0,5.592193299991777,25500,18561128.0,7212844,0.03509950002626283,41.57237759997224,58.47218479998992
primary,PRIMARY__CICIDS2017_COVERAGE_R1__Oracle-Score-Exact__b0.4__seed3407,CICIDS2017,CICIDS2017_COVERAGE_R1,Oracle-Score-Exact,0.4,0.5,3407,FedAvg,clean,honest,0.7453941123091287,0.4885822612664267,0.007644558603186252,89457,7902,270.09936457261614,0.027009936457261612,0.16744205535078455,0.04530627038782167,0.004174458990114881,0.3268392389353494,0.66,284657,375,9438078,27866667,0.01612820000445936,2047621,20476210,0,48128987.0,4.872531200009689,25500,16206009.0,7364957,0.03180229999998119,38.169112000054156,54.99237909998192
primary,PRIMARY__CICIDS2017_COVERAGE_R1__Oracle-Score-Exact__b0.4__seed42,CICIDS2017,CICIDS2017_COVERAGE_R1,Oracle-Score-Exact,0.4,0.5,42,FedAvg,clean,honest,0.7512206092716617,0.4914412456776326,0.0027047143800647874,89703,5428,185.5352253733435,0.01855352253733435,0.19319549252591972,0.02321396436926399,0.0014360138925995191,0.2920020790293814,0.1,287131,129,8462260,26875900,0.014100699983828235,2045960,20459600,0,47859562.0,5.270183700005873,25500,13060445.0,6390800,0.02408280000963714,36.436624199901416,53.08374170000752
primary,PRIMARY__CICIDS2017_COVERAGE_R1__Oracle-Score-Exact__b0.4__seed777,CICIDS2017,CICIDS2017_COVERAGE_R1,Oracle-Score-Exact,0.4,0.5,777,FedAvg,clean,honest,0.729590916104197,0.4794269240136444,0.012962962962962963,89153,14249,487.0470571747921,0.04870470571747921,0.17002017826473864,0.045484994640943195,0.007558553744768011,0.3371486796180578,0.31,278310,679,9402122,27825293,0.01563499996700557,2047019,20470190,0,48389514.0,5.02423929998622,25500,12075555.0,7329603,0.030559500024537556,39.400497499940684,56.20089770001505
primary,PRIMARY__CICIDS2017_COVERAGE_R1__Oracle-Score-Exact__b0.4__seed9001,CICIDS2017,CICIDS2017_COVERAGE_R1,Oracle-Score-Exact,0.4,0.5,9001,FedAvg,clean,honest,0.7647695683214302,0.5002341596595963,0.002506210078069553,89719,231,7.895843231621656,0.0007895843231621656,0.17258927107803845,0.32848837209302323,0.0012579036423546175,0.3500975467289654,0.51,292328,113,8373286,26798671,0.013890299982449505,2047265,20472650,0,48185614.0,5.360321300016949,25500,9637731.0,6300521,0.020917400004691444,39.54650970007788,55.996540299966
primary,PRIMARY__CICIDS2017_COVERAGE_R1__Oracle-Score-Exact__b0.6__seed11,CICIDS2017,CICIDS2017_COVERAGE_R1,Oracle-Score-Exact,0.6,0.5,11,FedAvg,clean,honest,0.7646937297164421,0.5001730263422457,0.002439051430725396,89722,257,8.784552859423227,0.0008784552859423228,0.1667576037045823,0.2997275204359673,0.0012245079704336984,0.28639092377572367,0.73,292302,110,9748705,28190056,0.015786199968715664,2049039,20490390,0,48060837.0,5.401369599996542,25500,18628032.0,7674166,0.024058199996943586,39.90962049995869,57.3188866000055
primary,PRIMARY__CICIDS2017_COVERAGE_R1__Oracle-Score-Exact__b0.6__seed123,CICIDS2017,CICIDS2017_COVERAGE_R1,Oracle-Score-Exact,0.6,0.5,123,FedAvg,clean,honest,0.7646152759871441,0.5001911786231344,0.0028360937240347866,89704,305,10.425247556903052,0.0010425247556903052,0.17552047082170608,0.2956120092378753,0.0014248820019592127,0.3619696109550215,0.74,292254,128,12667258,31096171,0.017519200024253223,2047657,20476570,0,47882595.0,5.322663500002818,25500,30858719.0,10594101,0.04020820000732783,39.297837599980994,57.12620039999456
primary,PRIMARY__CICIDS2017_COVERAGE_R1__Oracle-Score-Exact__b0.6__seed2026,CICIDS2017,CICIDS2017_COVERAGE_R1,Oracle-Score-Exact,0.6,0.5,2026,FedAvg,clean,honest,0.7557264684576781,0.4983084062936667,0.023949843260188088,88686,4722,161.40334086457776,0.016140334086457774,0.1715794952607943,0.19529652351738241,0.012757146673791077,0.3374497231782928,0.48,287837,1146,9826489,28261243,0.014748000001418404,2048306,20483060,0,48339138.0,4.857993200006604,25500,22586013.0,7752683,0.03209010000136914,34.93748189994221,52.11891550001019
primary,PRIMARY__CICIDS2017_COVERAGE_R1__Oracle-Score-Exact__b0.6__seed2027,CICIDS2017,CICIDS2017_COVERAGE_R1,Oracle-Score-Exact,0.6,0.5,2027,FedAvg,clean,honest,0.7646492726031732,0.5002828203540145,0.0032340953393584972,89686,310,10.596153254557201,0.00105961532545572,0.22601183869161323,0.3201754385964912,0.001625256033484727,0.5170438430419412,0.95,292249,146,10313169,28756122,0.015169099991908297,2049217,20492170,0,48345920.0,5.36191419998795,25500,16012870.0,8238452,0.02200879998417804,40.29447039993829,57.67428730001848
primary,PRIMARY__CICIDS2017_COVERAGE_R1__Oracle-Score-Exact__b0.6__seed2718,CICIDS2017,CICIDS2017_COVERAGE_R1,Oracle-Score-Exact,0.6,0.5,2718,FedAvg,clean,honest,0.7650807681143124,0.5005416734250822,0.003107278800590383,89692,139,4.751178394785326,0.00047511783947853253,0.1741282704522862,0.5017921146953405,0.0015584646896428889,0.3549739559921363,0.77,292420,140,11377248,29807601,0.01695899999322137,2047817,20478170,0,48141522.0,5.559360699997342,25500,19855052.0,9303931,0.026966800003719982,41.129909699986456,58.12791730000754
primary,PRIMARY__CICIDS2017_COVERAGE_R1__Oracle-Score-Exact__b0.6__seed314,CICIDS2017,CICIDS2017_COVERAGE_R1,Oracle-Score-Exact,0.6,0.5,314,FedAvg,clean,honest,0.7647931044402195,0.5002418273956979,0.002462207335603296,89721,220,7.519850696782529,0.0007519850696782529,0.16669442669074863,0.33534743202416917,0.0012356398610740048,0.3149169105278196,0.6,292339,111,11964609,30396177,0.01852679998410167,2047952,20479520,0,47688215.0,5.407164099982765,25500,23062024.0,9891157,0.039801899998565204,40.335287999922,57.52874160000647
primary,PRIMARY__CICIDS2017_COVERAGE_R1__Oracle-Score-Exact__b0.6__seed3407,CICIDS2017,CICIDS2017_COVERAGE_R1,Oracle-Score-Exact,0.6,0.5,3407,FedAvg,clean,honest,0.7652167545784289,0.5006035461694571,0.002954078516297407,89699,80,2.7344911624663744,0.0002734491162466374,0.17361122618341784,0.6244131455399061,0.0014805414551607445,0.3551865537040063,0.75,292479,133,11876674,30309871,0.017389100008585956,2048133,20481330,0,48018086.0,5.096395000022312,25500,21429346.0,9803041,0.035161400024662726,37.97701109996706,55.04446440000174
primary,PRIMARY__CICIDS2017_COVERAGE_R1__Oracle-Score-Exact__b0.6__seed42,CICIDS2017,CICIDS2017_COVERAGE_R1,Oracle-Score-Exact,0.6,0.5,42,FedAvg,clean,honest,0.7650467714982832,0.5004037490340788,0.002442707408065376,89722,122,4.170099022761221,0.00041700990227612207,0.16078056975615002,0.47413793103448276,0.0012245079704336984,0.23402872287241017,0.76,292437,110,11238948,29655972,0.016202299993892666,2046336,20463360,0,47612824.0,5.702957800029253,25500,17023970.0,9167112,0.01969630001258338,36.85133860006317,53.80140100001154
primary,PRIMARY__CICIDS2017_COVERAGE_R1__Oracle-Score-Exact__b0.6__seed777,CICIDS2017,CICIDS2017_COVERAGE_R1,Oracle-Score-Exact,0.6,0.5,777,FedAvg,clean,honest,0.7615346595500417,0.4982203352765483,0.0030394139834909527,89693,1494,51.06662245905954,0.005106662245905954,0.1751156301321518,0.08511941212492345,0.0015473327990025826,0.3541812598390653,0.88,291065,139,13087022,31513856,0.018271200016897637,2047426,20474260,0,48543712.0,5.074902500018652,25500,21712237.0,11014096,0.04348209997988306,39.274577900032455,56.728410499992606
primary,PRIMARY__CICIDS2017_COVERAGE_R1__Oracle-Score-Exact__b0.6__seed9001,CICIDS2017,CICIDS2017_COVERAGE_R1,Oracle-Score-Exact,0.6,0.5,9001,FedAvg,clean,honest,0.7651356857248209,0.5005505654031843,0.002953061858874728,89699,111,3.7941064879220945,0.0003794106487922094,0.1667790435968587,0.5450819672131147,0.0014805414551607445,0.31816234915055924,0.88,292448,133,9355563,27788769,0.014144099986879155,2048134,20481340,0,48149378.0,5.200555600000371,25500,11865098.0,7281929,0.02159750001010252,38.421102600041195,54.92634190001991
primary,PRIMARY__CICIDS2017_COVERAGE_R1__Oracle-Score-Exact__b0.8__seed11,CICIDS2017,CICIDS2017_COVERAGE_R1,Oracle-Score-Exact,0.8,0.5,11,FedAvg,clean,honest,0.7647251112081613,0.5001935350259642,0.0024393759632763035,89722,245,8.374379185053272,0.0008374379185053271,0.1722302645081896,0.30985915492957744,0.0012245079704336984,0.2953350575663523,0.73,292314,110,10221640,28664953,0.01701270001649391,2049257,20492570,0,47875005.0,5.67805010000302,25500,20659918.0,8146883,0.026548599998932332,44.84671789997083,63.88380989999132
primary,PRIMARY__CICIDS2017_COVERAGE_R1__Oracle-Score-Exact__b0.8__seed123,CICIDS2017,CICIDS2017_COVERAGE_R1,Oracle-Score-Exact,0.8,0.5,123,FedAvg,clean,honest,0.7641576292329055,0.49995380386573746,0.0031833053320364313,89688,496,16.953845207291522,0.0016953845207291522,0.17722491645406652,0.225,0.0016029922522041143,0.3684368916203681,0.66,292063,144,15374324,33804542,0.0384505000183708,2047802,20478020,0,47958778.0,5.557679299992742,25500,35700469.0,13301022,0.045373899993137456,42.247925300049246,61.814976700014086
primary,PRIMARY__CICIDS2017_COVERAGE_R1__Oracle-Score-Exact__b0.8__seed2026,CICIDS2017,CICIDS2017_COVERAGE_R1,Oracle-Score-Exact,0.8,0.5,2026,FedAvg,clean,honest,0.7640373335146486,0.500237734749116,0.005247723414107115,89594,636,21.739204741607676,0.0021739204741607677,0.1707604664314516,0.2723112128146453,0.0026493899723929112,0.33829685903247325,0.47,291923,238,11854319,30288974,0.019243900023866445,2048295,20482950,0,48598566.0,5.165040900021268,25500,27239162.0,9780524,0.034648300024855416,38.885188000094786,57.41388360000565
primary,PRIMARY__CICIDS2017_COVERAGE_R1__Oracle-Score-Exact__b0.8__seed2027,CICIDS2017,CICIDS2017_COVERAGE_R1,Oracle-Score-Exact,0.8,0.5,2027,FedAvg,clean,honest,0.7651775277137799,0.5006126223099014,0.003152823108861209,89690,104,3.554838511206287,0.00035548385112062864,0.22654304277744938,0.5772357723577236,0.0015807284709235016,0.5168872272005469,0.91,292455,142,12006745,30444928,0.01937730000645388,2048687,20486870,0,48452147.0,5.743227100007061,25500,22885091.0,9932558,0.025537300025462173,43.621995999943465,61.609545400009665
primary,PRIMARY__CICIDS2017_COVERAGE_R1__Oracle-Score-Exact__b0.8__seed2718,CICIDS2017,CICIDS2017_COVERAGE_R1,Oracle-Score-Exact,0.8,0.5,2718,FedAvg,clean,honest,0.7647224960838513,0.5003306739493576,0.0032350986040327943,89686,282,9.639081347693969,0.0009639081347693969,0.19809177060918906,0.3411214953271028,0.001625256033484727,0.4477100672916079,0.9,292277,146,13780068,32212473,0.021045599998615216,2048045,20480450,0,48159560.0,5.594162700006564,25500,26827969.0,11706523,0.025793900014832616,42.60712609993789,60.515121300006285
primary,PRIMARY__CICIDS2017_COVERAGE_R1__Oracle-Score-Exact__b0.8__seed314,CICIDS2017,CICIDS2017_COVERAGE_R1,Oracle-Score-Exact,0.8,0.5,314,FedAvg,clean,honest,0.7649003245369269,0.5003273262851105,0.0025518695218018418,89717,183,6.255148534141831,0.0006255148534141832,0.16921129700022775,0.3859060402684564,0.0012801674236352302,0.3289097189605005,0.58,292376,115,14113426,32545975,0.03291799999715295,2048061,20480610,0,48238008.0,5.69772980002017,25500,28542882.0,12039865,0.04122490000736434,43.3718446000712,61.5560314000104
primary,PRIMARY__CICIDS2017_COVERAGE_R1__Oracle-Score-Exact__b0.8__seed3407,CICIDS2017,CICIDS2017_COVERAGE_R1,Oracle-Score-Exact,0.8,0.5,3407,FedAvg,clean,honest,0.7641210174925666,0.4999067357380042,0.003050600172425227,89694,504,17.227294323538157,0.0017227294323538158,0.17128074640231686,0.21495327102803738,0.0015362009083622762,0.345148833713082,0.56,292055,138,14243768,32670998,0.029618999993545003,2047470,20474700,0,48133577.0,5.50557939997816,25500,30483262.0,12170798,0.04372360000706976,41.14742499993736,59.43304249997891
primary,PRIMARY__CICIDS2017_COVERAGE_R1__Oracle-Score-Exact__b0.8__seed42,CICIDS2017,CICIDS2017_COVERAGE_R1,Oracle-Score-Exact,0.8,0.5,42,FedAvg,clean,honest,0.758707710171003,0.4963342758014708,0.002788405421178912,89703,2565,87.67462289657813,0.008767462289657812,0.18739492078773917,0.04788418708240535,0.0014360138925995191,0.2701366968858288,0.19,289994,129,12528314,30941684,0.020466499991016462,2045930,20459300,0,47853399.0,5.940395699995861,25500,18447296.0,10456884,0.023526299992226996,40.085814899997786,58.21804120000161
primary,PRIMARY__CICIDS2017_COVERAGE_R1__Oracle-Score-Exact__b0.8__seed777,CICIDS2017,CICIDS2017_COVERAGE_R1,Oracle-Score-Exact,0.8,0.5,777,FedAvg,clean,honest,0.7654756518851124,0.5039546756936143,0.02091794401502249,88874,806,27.54999846184872,0.002754999846184872,0.18094796160276394,0.5430839002267573,0.010664351233413484,0.3683467037446403,0.82,291753,958,15881237,34308845,0.042189000007056165,2047512,20475120,0,48720295.0,5.359542599973793,25500,34145647.0,13808225,0.05883239999820944,42.548670899966964,61.262571299979754
primary,PRIMARY__CICIDS2017_COVERAGE_R1__Oracle-Score-Exact__b0.8__seed9001,CICIDS2017,CICIDS2017_COVERAGE_R1,Oracle-Score-Exact,0.8,0.5,9001,FedAvg,clean,honest,0.763383552437165,0.5021168897344604,0.01814393610556472,88996,1484,50.72481106375125,0.005072481106375124,0.1961587862244506,0.3603448275862069,0.009306260575296108,0.44674720102485,0.58,291075,836,10063489,28500367,0.014770599998882972,2048542,20485420,0,48268378.0,5.033851599990157,25500,14930770.0,7989447,0.01912379999703262,37.98347850000573,54.412971099998686
primary,PRIMARY__CICIDS2017_COVERAGE_R1__Oracle-Score-Exact__b1.0__seed11,CICIDS2017,CICIDS2017_COVERAGE_R1,Oracle-Score-Exact,1.0,0.5,11,FedAvg,clean,honest,0.7366020643791302,0.48378520624382265,0.012180889146062787,89211,11510,393.4249159998496,0.03934249159998496,0.16744000501691925,0.05119116313576787,0.0069129040876302434,0.29605192582623563,0.32,281049,621,10940334,29389227,0.02115889999549836,2049877,20498770,0,48137330.0,5.42259270001523,25500,19419164.0,8864957,0.019919299986213446,41.24638220011548,58.175630899997486
primary,PRIMARY__CICIDS2017_COVERAGE_R1__Oracle-Score-Exact__b1.0__seed123,CICIDS2017,CICIDS2017_COVERAGE_R1,Oracle-Score-Exact,1.0,0.5,123,FedAvg,clean,honest,0.7649709328932951,0.5007283045510894,0.004585377739873957,89625,248,8.476922603645761,0.0008476922603645761,0.1872118728567536,0.45494505494505494,0.0023043013625434145,0.39508769313197295,0.84,292311,207,16607699,35041220,0.04322849999880418,2048169,20481690,0,48198047.0,5.217925400014792,25500,39090270.0,14534030,0.044904599992150906,37.766839499992784,55.1698151999808
primary,PRIMARY__CICIDS2017_COVERAGE_R1__Oracle-Score-Exact__b1.0__seed2026,CICIDS2017,CICIDS2017_COVERAGE_R1,Oracle-Score-Exact,1.0,0.5,2026,FedAvg,clean,honest,0.7643877601721798,0.5009642869802985,0.008081030496531983,89465,631,21.568299043953527,0.0021568299043953527,0.1734728129682683,0.36773547094188375,0.004085403864992431,0.3486121708601192,0.5,291928,367,14066330,32503649,0.03676039999118075,2048591,20485910,0,48446997.0,4.944575200010149,25500,30234701.0,11992239,0.042715799987490755,36.56627989990375,53.62559550002334
primary,PRIMARY__CICIDS2017_COVERAGE_R1__Oracle-Score-Exact__b1.0__seed2027,CICIDS2017,CICIDS2017_COVERAGE_R1,Oracle-Score-Exact,1.0,0.5,2027,FedAvg,clean,honest,0.7646597331004129,0.5002819428052334,0.0031900753212228622,89688,304,10.391066417372222,0.0010391066417372223,0.23943358657831076,0.32142857142857145,0.0016029922522041143,0.5409916232347711,0.95,292255,144,13040157,31479618,0.029008999998040963,2048829,20488290,0,48405903.0,5.403561699997226,25500,24699228.0,10965828,0.02592269999877317,39.425653899983445,56.335076299998036
primary,PRIMARY__CICIDS2017_COVERAGE_R1__Oracle-Score-Exact__b1.0__seed2718,CICIDS2017,CICIDS2017_COVERAGE_R1,Oracle-Score-Exact,1.0,0.5,2718,FedAvg,clean,honest,0.7650023143850143,0.5004556897206934,0.002907138022480388,89701,160,5.468982324932749,0.0005468982324932748,0.17777496960247824,0.45017182130584193,0.0014582776738801318,0.373167285944048,0.74,292399,131,13645749,32076219,0.026131900034670252,2047830,20478300,0,48092473.0,5.520449400006328,25500,26726789.0,11572419,0.0245624999733991,40.887460400001146,57.58992359999684
primary,PRIMARY__CICIDS2017_COVERAGE_R1__Oracle-Score-Exact__b1.0__seed314,CICIDS2017,CICIDS2017_COVERAGE_R1,Oracle-Score-Exact,1.0,0.5,314,FedAvg,clean,honest,0.7647904893159096,0.5002401183387214,0.0024621800275054346,89721,221,7.554031836313359,0.0007554031836313359,0.1691596954604054,0.33433734939759036,0.0012356398610740048,0.32784157208623754,0.54,292338,111,14586313,33018205,0.03445150000334252,2047988,20479880,0,48192276.0,5.349374399978842,25500,29894771.0,12512825,0.03817269999854034,40.030425099997956,56.62848899999517
primary,PRIMARY__CICIDS2017_COVERAGE_R1__Oracle-Score-Exact__b1.0__seed3407,CICIDS2017,CICIDS2017_COVERAGE_R1,Oracle-Score-Exact,1.0,0.5,3407,FedAvg,clean,honest,0.7651356857248209,0.5005042827430609,0.00268733620574779,89711,99,3.3839328135521383,0.0003383932813552138,0.17236450800057376,0.55,0.0013469587674770683,0.35071912456058707,0.75,292460,121,16016780,34448834,0.03984669999044854,2048006,20480060,0,47937768.0,5.12362980000762,25500,34514070.0,13943274,0.042538099965895526,37.781660500004364,54.73709209998924
primary,PRIMARY__CICIDS2017_COVERAGE_R1__Oracle-Score-Exact__b1.0__seed42,CICIDS2017,CICIDS2017_COVERAGE_R1,Oracle-Score-Exact,1.0,0.5,42,FedAvg,clean,honest,0.7569895734993763,0.4952114253678831,0.002768745372009916,89703,3222,110.13163156833322,0.011013163156833322,0.19385162792429952,0.03849597135183527,0.0014360138925995191,0.26579950242339545,0.19,289337,129,12750885,31163175,0.02069640000263462,2045810,20458100,0,48019016.0,5.6540057999882265,25500,18674000.0,10679575,0.020973700018657837,37.49104619996069,53.93742199998087
primary,PRIMARY__CICIDS2017_COVERAGE_R1__Oracle-Score-Exact__b1.0__seed777,CICIDS2017,CICIDS2017_COVERAGE_R1,Oracle-Score-Exact,1.0,0.5,777,FedAvg,clean,honest,0.7645472827550858,0.5001390293650572,0.002791099493836322,89706,329,11.245594905642964,0.0011245594905642965,0.17561917528502388,0.27692307692307694,0.0014026182206786,0.36725329145219276,0.59,292230,126,16261705,34691005,0.03852700000425102,2047700,20477000,0,48742522.0,5.124722399988968,25500,33357218.0,14188505,0.04459260000294307,39.35842729997967,56.056741200030956
primary,PRIMARY__CICIDS2017_COVERAGE_R1__Oracle-Score-Exact__b1.0__seed9001,CICIDS2017,CICIDS2017_COVERAGE_R1,Oracle-Score-Exact,1.0,0.5,9001,FedAvg,clean,honest,0.7643040761942619,0.500057224833111,0.0032293740322937403,89686,442,15.108063672626718,0.0015108063672626718,0.21581033989210066,0.24829931972789115,0.001625256033484727,0.49756350867748655,0.76,292117,146,10976051,29404604,0.025189900014083833,2047617,20476170,0,48108305.0,5.039005599974189,25500,17700989.0,8902934,0.024410800040641334,37.99310439998226,54.2089663999941
primary,PRIMARY__CICIDS2017_COVERAGE_R1__Random-Budget__b0.1__seed11,CICIDS2017,CICIDS2017_COVERAGE_R1,Random-Budget,0.1,0.5,11,FedAvg,clean,honest,0.7632894079620075,0.5031622906379216,0.02421250080852073,88709,1807,61.76531913220923,0.006176531913220923,0.19434309229068875,0.38327645051194537,0.012501113189064031,0.43339248428765936,0.59,290752,1123,3904108,22332319,0.01645019999887154,2047579,20475790,0,47909983.0,7.871479699999327,23100,6786839.0,1833429,0.005193000008148374,57.41821240000536,81.9678162999935
primary,PRIMARY__CICIDS2017_COVERAGE_R1__Random-Budget__b0.1__seed123,CICIDS2017,CICIDS2017_COVERAGE_R1,Random-Budget,0.1,0.5,123,FedAvg,clean,honest,0.7636189136250592,0.49964416390034966,0.003417861080485116,89677,713,24.37115248548156,0.002437115248548156,0.1773638043401296,0.17857142857142858,0.0017254430492474842,0.3768729290425227,0.72,291846,155,3917158,22355098,0.012053100002049177,2048660,20486600,0,48303589.0,6.238791699999638,23100,5666008.0,1845398,0.005122200002006139,50.51655820000815,72.40046860000075
primary,PRIMARY__CICIDS2017_COVERAGE_R1__Random-Budget__b0.1__seed2026,CICIDS2017,CICIDS2017_COVERAGE_R1,Random-Budget,0.1,0.5,2026,FedAvg,clean,honest,0.7574236841348253,0.4952290035302798,0.0012920035745432228,89772,2987,102.09906377858825,0.010209906377858825,0.18517551969419038,0.019691499835904167,0.0006679134384183809,0.2739785474229406,0.52,289572,60,3900086,22347530,0.028271499990296434,2049716,20497160,0,48044027.0,7.851200200006133,23100,8286854.0,1827270,0.006040599995685625,56.8894734000005,83.45265029999973
primary,PRIMARY__CICIDS2017_COVERAGE_R1__Random-Budget__b0.1__seed2027,CICIDS2017,CICIDS2017_COVERAGE_R1,Random-Budget,0.1,0.5,2027,FedAvg,clean,honest,0.7626513176303835,0.4991622314644302,0.004256813095185851,89638,1122,38.351238553590896,0.00383512385535909,0.2026525572669242,0.1474164133738602,0.002159586784219432,0.46985663641378905,0.73,291437,194,3891988,22338991,0.022962299994105706,2049667,20496670,0,47611869.0,13.666886399996656,23100,2248823.0,1819221,0.009893600001305458,104.38493939998443,149.11409670000285
primary,PRIMARY__CICIDS2017_COVERAGE_R1__Random-Budget__b0.1__seed2718,CICIDS2017,CICIDS2017_COVERAGE_R1,Random-Budget,0.1,0.5,2718,FedAvg,clean,honest,0.7623741144535305,0.50586176022992,0.041720275885343064,87854,3012,102.95359226685899,0.0102953592266859,0.264441443611902,0.39639278557114227,0.02201887968652596,0.5734585285061866,0.5,289547,1978,3887048,22321496,0.014063399999940884,2048272,20482720,0,47412808.0,8.641862800001036,23100,3704958.0,1815676,0.006340300002193544,59.62016989998119,84.03217109999787
primary,PRIMARY__CICIDS2017_COVERAGE_R1__Random-Budget__b0.1__seed314,CICIDS2017,CICIDS2017_COVERAGE_R1,Random-Budget,0.1,0.5,314,FedAvg,clean,honest,0.7558886061648941,0.4944263452789177,0.0023939296783156996,89720,3626,123.94081193878841,0.012394081193878841,0.16952201878758713,0.0299625468164794,0.001246771751714311,0.27590231921728703,0.32,288933,112,3841367,22274132,0.013902899998356588,2048085,20480850,0,46850572.0,8.988842699998713,23100,2721164.0,1770182,0.005561699999816483,63.03093999999328,87.17109879999953
primary,PRIMARY__CICIDS2017_COVERAGE_R1__Random-Budget__b0.1__seed3407,CICIDS2017,CICIDS2017_COVERAGE_R1,Random-Budget,0.1,0.5,3407,FedAvg,clean,honest,0.7771077248156991,0.5654102930671209,0.2593287797417314,74911,10321,352.7835410976931,0.03527835410976931,0.29339267751289805,0.5911179779732192,0.16609894024401103,0.5103778870334014,0.54,282238,14921,3904144,22347214,0.015161400002398295,2049230,20492300,0,47963198.0,8.145362599998407,23100,4196749.0,1831814,0.006067899992558523,58.794751800000085,83.4274433000046
primary,PRIMARY__CICIDS2017_COVERAGE_R1__Random-Budget__b0.1__seed42,CICIDS2017,CICIDS2017_COVERAGE_R1,Random-Budget,0.1,0.5,42,FedAvg,clean,honest,0.761445745323504,0.49812751534425337,0.002842120221685377,89702,1519,51.92115094733028,0.0051921150947330285,0.1627947971281397,0.07883565797453002,0.0014471457832398254,0.2926976790500345,0.49,291040,130,3825413,22232618,0.016345999999430205,2045245,20452450,0,46129208.0,12.392195000001266,23100,5431072.0,1757068,0.008470800001305179,85.14595150000787,121.47870620000049
primary,PRIMARY__CICIDS2017_COVERAGE_R1__Random-Budget__b0.1__seed777,CICIDS2017,CICIDS2017_COVERAGE_R1,Random-Budget,0.1,0.5,777,FedAvg,clean,honest,0.7632815625890776,0.4992848475700058,0.002622387253875734,89713,806,27.54999846184872,0.002754999846184872,0.1710008772533048,0.12864864864864864,0.0013246949861964556,0.34029560365881817,0.24,291753,119,3890779,22313842,0.012747299999318784,2047007,20470070,0,47780847.0,7.293761200002336,23100,2789411.0,1820672,0.00555880000047182,56.69556510001166,78.5611783999966
primary,PRIMARY__CICIDS2017_COVERAGE_R1__Random-Budget__b0.1__seed9001,CICIDS2017,CICIDS2017_COVERAGE_R1,Random-Budget,0.1,0.5,9001,FedAvg,clean,honest,0.7628840636939677,0.4990636397930076,0.0028373786140835156,89703,968,33.08734306584313,0.003308734306584313,0.19677718056756283,0.11759343664539654,0.0014360138925995191,0.26836852647994114,0.23,291591,129,3879303,22306020,0.02289980000387004,2047413,20474130,0,47402807.0,14.899040099997364,23100,3173566.0,1808790,0.010184499997194507,110.23333789999015,153.14353549999942
primary,PRIMARY__CICIDS2017_COVERAGE_R1__Random-Budget__b0.2__seed11,CICIDS2017,CICIDS2017_COVERAGE_R1,Random-Budget,0.2,0.5,11,FedAvg,clean,honest,0.7605173761934774,0.4975979378844534,0.0032652705820889025,89682,1894,64.7390782713914,0.006473907827139141,0.18355074529891974,0.07338551859099804,0.0016697835960459524,0.3978328050965297,0.61,290665,150,5301822,23739357,0.010253099990222836,2048615,20486150,0,47643297.0,5.585191699996358,23100,10012001.0,3230107,0.003753099990717601,40.50383779996264,58.5637947000032
primary,PRIMARY__CICIDS2017_COVERAGE_R1__Random-Budget__b0.2__seed123,CICIDS2017,CICIDS2017_COVERAGE_R1,Random-Budget,0.2,0.5,123,FedAvg,clean,honest,0.764895094288307,0.5040959449712097,0.02373816349578664,88739,1163,39.75266527435492,0.003975266527435492,0.19099235317095759,0.4844858156028369,0.012167156469854841,0.416299085860962,0.55,291396,1093,5643464,24075329,0.009757399981026538,2047985,20479850,0,48224178.0,5.12035279999327,23100,9058988.0,3572379,0.003796699998929398,37.85846420000598,56.797256099998776
primary,PRIMARY__CICIDS2017_COVERAGE_R1__Random-Budget__b0.2__seed2026,CICIDS2017,CICIDS2017_COVERAGE_R1,Random-Budget,0.2,0.5,2026,FedAvg,clean,honest,0.7590581368285342,0.4965632894363274,0.002792449562732704,89703,2431,83.09435019944695,0.008309435019944696,0.19423820607584033,0.050390625,0.0014360138925995191,0.28075235142945715,0.09,290128,129,5695454,24138866,0.010713599993323442,2049268,20492680,0,47527019.0,5.18338699999731,23100,16471275.0,3623086,0.003788500001974171,39.98138450000988,58.22343810000166
primary,PRIMARY__CICIDS2017_COVERAGE_R1__Random-Budget__b0.2__seed2027,CICIDS2017,CICIDS2017_COVERAGE_R1,Random-Budget,0.2,0.5,2027,FedAvg,clean,honest,0.7645682037495652,0.5002105551460236,0.003122612364216191,89691,336,11.484862882358772,0.0011484862882358772,0.18353909747798267,0.29559748427672955,0.0015695965802831953,0.3972201821968522,0.89,292223,141,5138590,23588005,0.010735099993326003,2049935,20499350,0,47910668.0,5.450034900008177,23100,8418422.0,3065555,0.004432999990967801,40.59610490001796,58.73649590000059
primary,PRIMARY__CICIDS2017_COVERAGE_R1__Random-Budget__b0.2__seed2718,CICIDS2017,CICIDS2017_COVERAGE_R1,Random-Budget,0.2,0.5,2718,FedAvg,clean,honest,0.7636947522300472,0.49965515766923324,0.003199082194349759,89687,674,23.038088043779204,0.0023038088043779202,0.18085226726480338,0.17704517704517705,0.0016141241428444207,0.3903072638784955,0.74,291885,145,5450441,23882612,0.011315900002955459,2048019,20480190,0,48062419.0,5.428619099999196,23100,6524792.0,3379322,0.00446610000290093,41.38774789994568,59.60036140001466
primary,PRIMARY__CICIDS2017_COVERAGE_R1__Random-Budget__b0.2__seed314,CICIDS2017,CICIDS2017_COVERAGE_R1,Random-Budget,0.2,0.5,314,FedAvg,clean,honest,0.7627245411110617,0.49905195263768526,0.003361233770513412,89679,1053,35.992739925963654,0.003599273992596365,0.168109028860584,0.12686567164179105,0.0017031792679668715,0.3250720950823197,0.57,291506,153,5641365,24070494,0.011164400006236974,2047681,20476810,0,47586457.0,5.38385339999877,23100,8695202.0,3570584,0.004182099994068267,42.15640919994985,59.9794212000088
primary,PRIMARY__CICIDS2017_COVERAGE_R1__Random-Budget__b0.2__seed3407,CICIDS2017,CICIDS2017_COVERAGE_R1,Random-Budget,0.2,0.5,3407,FedAvg,clean,honest,0.7641733199787651,0.5037322381193053,0.024258818437567626,88711,1467,50.14373169172714,0.005014373169172714,0.19534467263934474,0.4331530139103555,0.012478849407783418,0.4334576545272632,0.54,291092,1121,5551099,23992567,0.011952300006669248,2049052,20490520,0,47837778.0,4.976710599992657,23100,8683652.0,3478947,0.004269600001862273,38.89316559999861,57.28018880000309
primary,PRIMARY__CICIDS2017_COVERAGE_R1__Random-Budget__b0.2__seed42,CICIDS2017,CICIDS2017_COVERAGE_R1,Random-Budget,0.2,0.5,42,FedAvg,clean,honest,0.7284010345431771,0.4762734598696532,0.0012117365338564958,89769,14088,481.5438937103285,0.04815438937103285,0.22887316604214172,0.0044519821920712315,0.0007013091103393,0.3026093354848256,0.19,278471,63,5626330,24043390,0.011941899992962135,2046340,20463400,0,47266533.0,6.079644400000689,23100,10673392.0,3556890,0.004560099980153609,43.89690240005439,63.154667399987375
primary,PRIMARY__CICIDS2017_COVERAGE_R1__Random-Budget__b0.2__seed777,CICIDS2017,CICIDS2017_COVERAGE_R1,Random-Budget,0.2,0.5,777,FedAvg,clean,honest,0.7593771819943461,0.5149801642576562,0.09536731162498034,84982,7030,240.29341090173264,0.024029341090173264,0.36973297021608786,0.40824915824915825,0.0539896696054858,0.6360705728752379,0.66,285529,4850,5531438,23954690,0.010258399994199863,2047028,20470280,0,48489791.0,5.279318399989279,23100,8924030.0,3461310,0.003890800006047357,41.06941000000006,58.872494100010954
primary,PRIMARY__CICIDS2017_COVERAGE_R1__Random-Budget__b0.2__seed9001,CICIDS2017,CICIDS2017_COVERAGE_R1,Random-Budget,0.2,0.5,9001,FedAvg,clean,honest,0.7638542748129532,0.5029991963534362,0.021350384740435678,88847,1453,49.66519573829552,0.004966519573829552,0.18558582451775588,0.40401968826907303,0.010964912280701754,0.40643746660092256,0.63,291106,985,5259592,23697793,0.01040580000335467,2048689,20486890,0,47896437.0,5.104374999988067,23100,7056319.0,3187803,0.004154199996264651,38.15519490000224,55.398514200001955
primary,PRIMARY__CICIDS2017_COVERAGE_R1__Random-Budget__b0.4__seed11,CICIDS2017,CICIDS2017_COVERAGE_R1,Random-Budget,0.4,0.5,11,FedAvg,clean,honest,0.7642073165947944,0.4999284226231376,0.002853256361766365,89703,462,15.791686463243312,0.0015791686463243312,0.17852765962972172,0.2182741116751269,0.0014360138925995191,0.37472650098108556,0.64,292097,129,9130143,27574365,0.0341100000005099,2049358,20493580,0,48051249.0,13.23339479999413,23100,19985927.0,7057685,0.008618900003057206,104.47144869999829,146.41305129998364
primary,PRIMARY__CICIDS2017_COVERAGE_R1__Random-Budget__b0.4__seed123,CICIDS2017,CICIDS2017_COVERAGE_R1,Random-Budget,0.4,0.5,123,FedAvg,clean,honest,0.7654704216364925,0.5017374036704281,0.008490878938640133,89448,234,7.998386650214145,0.0007998386650214144,0.18516661129337472,0.6213592233009708,0.004274646005877639,0.3823191875417946,0.87,292325,384,9467030,27898274,0.03311759999633068,2047916,20479160,0,48249518.0,13.376394400002027,23100,19716996.0,7396014,0.008759899996221066,98.5906269999723,141.13461540000208
primary,PRIMARY__CICIDS2017_COVERAGE_R1__Random-Budget__b0.4__seed2026,CICIDS2017,CICIDS2017_COVERAGE_R1,Random-Budget,0.4,0.5,2026,FedAvg,clean,honest,0.7626356268845239,0.49899384470048286,0.0033599789177793395,89679,1087,37.15489867001186,0.003715489867001186,0.16803505028252796,0.12338709677419354,0.0017031792679668715,0.3259191347649463,0.48,291472,153,9484216,27912220,0.03467650000311551,2047556,20475560,0,48253573.0,13.053362199996627,23100,25016884.0,7413560,0.008816199991997564,98.81950519999373,139.30957300000955
primary,PRIMARY__CICIDS2017_COVERAGE_R1__Random-Budget__b0.4__seed2027,CICIDS2017,CICIDS2017_COVERAGE_R1,Random-Budget,0.4,0.5,2027,FedAvg,clean,honest,0.7645577432523255,0.5031812367193856,0.019878724539229453,88919,1112,38.009427158282605,0.0038009427158282602,0.2258381668373656,0.4508641975308642,0.010163416154599697,0.5055033728159528,0.56,291447,913,8385373,26837695,0.014155699995171744,2050258,20502580,0,48299138.0,5.261800500011304,23100,16686302.0,6312015,0.00416169999880367,38.956983899999614,56.028115799999796
primary,PRIMARY__CICIDS2017_COVERAGE_R1__Random-Budget__b0.4__seed2718,CICIDS2017,CICIDS2017_COVERAGE_R1,Random-Budget,0.4,0.5,2718,FedAvg,clean,honest,0.761283607616288,0.4991554789847297,0.009204285202591962,89408,1875,64.08963662030565,0.006408963662030565,0.18768623066788429,0.18442801217920834,0.004719921631489892,0.42178743983837497,0.52,290684,424,8270970,26709225,0.03013470000223606,2048695,20486950,0,47939429.0,13.354408199997124,23100,14915273.0,6199175,0.009776199989573797,101.17246529997647,141.10061779999887
primary,PRIMARY__CICIDS2017_COVERAGE_R1__Random-Budget__b0.4__seed314,CICIDS2017,CICIDS2017_COVERAGE_R1,Random-Budget,0.4,0.5,314,FedAvg,clean,honest,0.7648794035424474,0.5002982262759238,0.0024631088427826474,89721,187,6.39187309226515,0.000639187309226515,0.16875938378007585,0.3724832214765101,0.0012356398610740048,0.3285067597507646,0.57,292372,111,9161182,27593317,0.03465499999947497,2048015,20480150,0,47991368.0,12.870903500006534,23100,16996607.0,7090067,0.00944740001068567,101.82218999994438,142.54852839999876
primary,PRIMARY__CICIDS2017_COVERAGE_R1__Random-Budget__b0.4__seed3407,CICIDS2017,CICIDS2017_COVERAGE_R1,Random-Budget,0.4,0.5,3407,FedAvg,clean,honest,0.7640164125201692,0.5036489791424309,0.02434857822467294,88706,1532,52.36550576123107,0.005236550576123107,0.2581966718390428,0.4236267870579383,0.01253450886098495,0.5509401897411401,0.51,291027,1126,9150433,27592720,0.03371290001086891,2049143,20491430,0,48194192.0,12.792274899988115,23100,17483757.0,7078190,0.00906290000420995,97.78173309997874,137.67264760000035
primary,PRIMARY__CICIDS2017_COVERAGE_R1__Random-Budget__b0.4__seed42,CICIDS2017,CICIDS2017_COVERAGE_R1,Random-Budget,0.4,0.5,42,FedAvg,clean,honest,0.7649604723960554,0.5021600876753504,0.012742071904829904,89252,625,21.363212206768548,0.002136321220676855,0.17363168969973364,0.48132780082987553,0.006456496571377683,0.3323501598579814,0.7,291934,580,8663850,27071064,0.03126609998798813,2045246,20452460,0,47556556.0,12.853212399997574,23100,12682639.0,6595504,0.009118399997532833,94.35113079997245,133.34020669999882
primary,PRIMARY__CICIDS2017_COVERAGE_R1__Random-Budget__b0.4__seed777,CICIDS2017,CICIDS2017_COVERAGE_R1,Random-Budget,0.4,0.5,777,FedAvg,clean,honest,0.7649630875203652,0.5003567729875167,0.002486126526082131,89720,156,5.3322577668094295,0.000533225776680943,0.17229523509389102,0.417910447761194,0.001246771751714311,0.34921662212660853,0.64,292403,112,9230004,27661491,0.033398999981727684,2047943,20479430,0,48740816.0,12.353557799986447,23100,19889807.0,7158961,0.009364899997308385,100.6799006999936,140.9454625000144
primary,PRIMARY__CICIDS2017_COVERAGE_R1__Random-Budget__b0.4__seed9001,CICIDS2017,CICIDS2017_COVERAGE_R1,Random-Budget,0.4,0.5,9001,FedAvg,clean,honest,0.7641236326168764,0.5010269424146282,0.00940111803015826,89404,793,27.105643647947936,0.0027105643647947937,0.2362441664690777,0.35053235053235055,0.004764449194051118,0.5361383907833529,0.71,291766,428,8684613,27132039,0.014561600008164532,2049714,20497140,0,48208378.0,5.123803499998758,23100,13786347.0,6611799,0.0040302000088559,38.050223400015966,54.50469609999345
primary,PRIMARY__CICIDS2017_COVERAGE_R1__Random-Budget__b0.6__seed11,CICIDS2017,CICIDS2017_COVERAGE_R1,Random-Budget,0.6,0.5,11,FedAvg,clean,honest,0.7641471687356659,0.49992768319611325,0.0030729776932770323,89693,495,16.919664067760692,0.001691966406776069,0.1739820504999457,0.2192429022082019,0.0015473327990025826,0.35033024655954836,0.67,292064,139,12613895,31063283,0.019253300000855234,2049932,20499320,0,47965071.0,5.459821400007058,23100,28450740.0,10540863,0.0037539999757427722,40.69971910005552,57.80853960000968
primary,PRIMARY__CICIDS2017_COVERAGE_R1__Random-Budget__b0.6__seed123,CICIDS2017,CICIDS2017_COVERAGE_R1,Random-Budget,0.6,0.5,123,FedAvg,clean,honest,0.7645812793711149,0.5040142785610202,0.02438442864574302,88707,1315,44.948198483041025,0.004494819848304103,0.1902955338734901,0.4610655737704918,0.012523376970344644,0.4000817648000623,0.5,291244,1125,12737712,31173294,0.018998200008354615,2048398,20483980,0,48226597.0,5.2441701000061585,23100,27276696.0,10666214,0.00375029999850085,38.03121150005609,55.28200279999146
primary,PRIMARY__CICIDS2017_COVERAGE_R1__Random-Budget__b0.6__seed2026,CICIDS2017,CICIDS2017_COVERAGE_R1,Random-Budget,0.6,0.5,2026,FedAvg,clean,honest,0.7647486473269507,0.5003014818589998,0.002970318976791612,89698,260,8.887096278015717,0.0008887096278015717,0.16714993669376998,0.3401015228426396,0.0014916733458010508,0.31473568232160454,0.49,292299,134,13176973,31607722,0.018226599997433368,2047861,20478610,0,48698203.0,5.198128800002451,23100,31663606.0,11106012,0.0036209999962011352,37.668519600054424,54.5807489999861
primary,PRIMARY__CICIDS2017_COVERAGE_R1__Random-Budget__b0.6__seed2027,CICIDS2017,CICIDS2017_COVERAGE_R1,Random-Budget,0.6,0.5,2027,FedAvg,clean,honest,0.761720333376047,0.49846509874887834,0.0037394213737453256,89661,1455,49.73355801735718,0.004973355801735718,0.23628857550266438,0.10516605166051661,0.0019035532994923859,0.5353765658512357,0.53,291104,171,11347105,29797546,0.01793379999435274,2050049,20500490,0,48209620.0,5.195691299995815,23100,24160441.0,9273956,0.003984600007242989,39.01513630001864,56.228149899994605
primary,PRIMARY__CICIDS2017_COVERAGE_R1__Random-Budget__b0.6__seed2718,CICIDS2017,CICIDS2017_COVERAGE_R1,Random-Budget,0.6,0.5,2718,FedAvg,clean,honest,0.7650075446336342,0.5005208180481443,0.003261122757978104,89685,174,5.947518278364364,0.0005947518278364364,0.18394173015418172,0.45794392523364486,0.0016363879241250334,0.39778177991364166,0.87,292385,147,11831823,30271122,0.01766870001301868,2048811,20488110,0,48254383.0,5.469187200003944,23100,22135479.0,9759912,0.0036426999940886162,40.78248059996986,57.554084400006104
primary,PRIMARY__CICIDS2017_COVERAGE_R1__Random-Budget__b0.6__seed314,CICIDS2017,CICIDS2017_COVERAGE_R1,Random-Budget,0.6,0.5,314,FedAvg,clean,honest,0.7650467714982832,0.5004500316942021,0.002708462836337803,89710,134,4.580272697131177,0.0004580272697131177,0.17035634002513156,0.4765625,0.0013580906581173746,0.3374884407614054,0.53,292425,122,12869583,31296876,0.020402200003445614,2047477,20474770,0,47559411.0,5.253485599998385,23100,27852730.0,10799006,0.004047199989145156,39.075921200019366,55.541418799970415
primary,PRIMARY__CICIDS2017_COVERAGE_R1__Random-Budget__b0.6__seed3407,CICIDS2017,CICIDS2017_COVERAGE_R1,Random-Budget,0.6,0.5,3407,FedAvg,clean,honest,0.7649395514015759,0.5003799603581639,0.0027072307470403533,89710,175,5.981699417895194,0.0005981699417895194,0.17193287834141716,0.4107744107744108,0.0013580906581173746,0.3479290183874017,0.75,292384,122,12634354,31074886,0.0190846000041347,2048948,20489480,0,48075608.0,5.1722653999968315,23100,26776300.0,10562306,0.003960100009862799,38.75949079996644,55.30941830001393
primary,PRIMARY__CICIDS2017_COVERAGE_R1__Random-Budget__b0.6__seed42,CICIDS2017,CICIDS2017_COVERAGE_R1,Random-Budget,0.6,0.5,42,FedAvg,clean,honest,0.7650781529900024,0.500497538596326,0.002863802863802864,89703,129,4.409366999477029,0.00044093669994770283,0.16587042756760925,0.5,0.0014360138925995191,0.31148157047061936,0.75,292430,129,12641860,31054393,0.01889139999548206,2045837,20458370,0,47128357.0,5.4626692999881925,23100,20036793.0,10572923,0.003799099999014288,37.302139099963824,53.67958370004635
primary,PRIMARY__CICIDS2017_COVERAGE_R1__Random-Budget__b0.6__seed777,CICIDS2017,CICIDS2017_COVERAGE_R1,Random-Budget,0.6,0.5,777,FedAvg,clean,honest,0.7652481360701481,0.5005353464212725,0.0024447975818729373,89722,45,1.5381512788873355,0.00015381512788873356,0.17377444105647089,0.7096774193548387,0.0012245079704336984,0.35692363980854425,0.86,292514,110,12740426,31168187,0.019331699993927032,2047529,20475290,0,48564787.0,5.3323914000357036,23100,28073191.0,10669797,0.0038783000054536387,40.67803810001351,57.65287869996973
primary,PRIMARY__CICIDS2017_COVERAGE_R1__Random-Budget__b0.6__seed9001,CICIDS2017,CICIDS2017_COVERAGE_R1,Random-Budget,0.6,0.5,9001,FedAvg,clean,honest,0.763545690144381,0.501270199846134,0.012860823616751824,89243,1175,40.162838948724875,0.004016283894872488,0.18235206519818897,0.33390022675736963,0.00655668358714044,0.38984395575361713,0.54,291384,589,12176694,30622788,0.018706499991822056,2049566,20495660,0,48364583.0,5.039930699982506,23100,20354336.0,10104028,0.00414249999448657,38.47738889989705,55.06431039999734
primary,PRIMARY__CICIDS2017_COVERAGE_R1__Random-Budget__b0.8__seed11,CICIDS2017,CICIDS2017_COVERAGE_R1,Random-Budget,0.8,0.5,11,FedAvg,clean,honest,0.7643982206694195,0.5000686113357996,0.0029438455919785743,89699,393,13.433187835616064,0.0013433187835616065,0.1730756255577892,0.25285171102661597,0.0014805414551607445,0.3478595815172678,0.8,292166,133,15911775,34356447,0.035838000010699034,2049408,20494080,0,48352896.0,5.517837599982158,23100,38491396.0,13839267,0.0038857000035932288,41.21438340005261,58.68039869999484
primary,PRIMARY__CICIDS2017_COVERAGE_R1__Random-Budget__b0.8__seed123,CICIDS2017,CICIDS2017_COVERAGE_R1,Random-Budget,0.8,0.5,123,FedAvg,clean,honest,0.7649160152827865,0.5004301459472165,0.003082996939182895,89693,201,6.870409045696765,0.0006870409045696765,0.19115080764807893,0.4088235294117647,0.0015473327990025826,0.4170863660050165,0.77,292358,139,16424369,34857269,0.04394819998560706,2048100,20481000,0,48378127.0,5.212134500012326,23100,37517133.0,14353169,0.003977500004111789,37.79173490001267,55.569527000014205
primary,PRIMARY__CICIDS2017_COVERAGE_R1__Random-Budget__b0.8__seed2026,CICIDS2017,CICIDS2017_COVERAGE_R1,Random-Budget,0.8,0.5,2026,FedAvg,clean,honest,0.7649473967745056,0.5003735168640627,0.00264092321349312,89713,169,5.776612580710216,0.0005776612580710216,0.17470719676643862,0.4131944444444444,0.0013246949861964556,0.3632540512493985,0.64,292390,119,16919080,35355031,0.05011300001206109,2048439,20484390,0,48500558.0,5.144331299969053,23100,38962019.0,14847541,0.003573900001356378,38.086269799976435,55.53873909999675
primary,PRIMARY__CICIDS2017_COVERAGE_R1__Random-Budget__b0.8__seed2027,CICIDS2017,CICIDS2017_COVERAGE_R1,Random-Budget,0.8,0.5,2027,FedAvg,clean,honest,0.7650284656281137,0.5005074922855514,0.0031065892977998693,89692,159,5.434801185401919,0.0005434801185401919,0.18693122838516538,0.4682274247491639,0.0015584646896428889,0.41671834516926903,0.86,292400,140,15127582,33579706,0.0223575999843888,2050236,20502360,0,48494279.0,5.322134600006393,23100,32443045.0,13054246,0.0041563000122550875,38.66219020004064,55.764761299986276
primary,PRIMARY__CICIDS2017_COVERAGE_R1__Random-Budget__b0.8__seed2718,CICIDS2017,CICIDS2017_COVERAGE_R1,Random-Budget,0.8,0.5,2718,FedAvg,clean,honest,0.7648401766777984,0.5004037246249584,0.0032146143017081795,89687,236,8.066748929275803,0.0008066748929275805,0.1779927245104917,0.3805774278215223,0.0016141241428444207,0.37496489515695236,0.75,292323,145,15120197,33555770,0.02278820001083659,2048397,20483970,0,48297438.0,5.364409399997385,23100,32329501.0,13048700,0.004029100004117936,40.04189969998697,57.01921699995728
primary,PRIMARY__CICIDS2017_COVERAGE_R1__Random-Budget__b0.8__seed314,CICIDS2017,CICIDS2017_COVERAGE_R1,Random-Budget,0.8,0.5,314,FedAvg,clean,honest,0.7648794035424474,0.5004023622612013,0.0030604098287944645,89694,214,7.3147638595975515,0.0007314763859597552,0.16664069956638566,0.39204545454545453,0.0015362009083622762,0.31460253614433215,0.64,292345,138,16604973,35037288,0.04865170000994112,2048035,20480350,0,48084707.0,5.295105899996997,23100,36903734.0,14533838,0.00429190000431845,39.233717800052545,56.16234009999607
primary,PRIMARY__CICIDS2017_COVERAGE_R1__Random-Budget__b0.8__seed3407,CICIDS2017,CICIDS2017_COVERAGE_R1,Random-Budget,0.8,0.5,3407,FedAvg,clean,honest,0.7651539915949904,0.5005625288020201,0.0029532913655086657,89699,104,3.554838511206287,0.00035548385112062864,0.17674119421331974,0.5611814345991561,0.0014805414551607445,0.3702215369268519,0.75,292455,133,16479546,34915695,0.0444450999784749,2048461,20484610,0,47811958.0,5.053428900006111,23100,38412193.0,14407985,0.00394809997669654,38.12623470004473,55.31312089999119
primary,PRIMARY__CICIDS2017_COVERAGE_R1__Random-Budget__b0.8__seed42,CICIDS2017,CICIDS2017_COVERAGE_R1,Random-Budget,0.8,0.5,42,FedAvg,clean,honest,0.7647068053379917,0.5002239973989081,0.002682451006473353,89711,263,8.989639696608206,0.0008989639696608205,0.16528928636068682,0.3151041666666667,0.0013469587674770683,0.3085648106988541,0.67,292296,121,15479507,33890411,0.029721299979428295,2045656,20456560,0,47455312.0,5.453420900012134,23100,23220548.0,13410751,0.0036629999958677217,37.55604110006243,54.560657300004095
primary,PRIMARY__CICIDS2017_COVERAGE_R1__Random-Budget__b0.8__seed777,CICIDS2017,CICIDS2017_COVERAGE_R1,Random-Budget,0.8,0.5,777,FedAvg,clean,honest,0.7648689430452077,0.5003338158197973,0.0027064199831403346,89710,202,6.904590185227595,0.0006904590185227595,0.17275394724547138,0.3765432098765432,0.0013580906581173746,0.35116455038885347,0.53,292357,122,16819245,35251992,0.04744809996918775,2048083,20480830,0,48740439.0,5.098112200015748,23100,38346638.0,14748062,0.004558899985568132,39.635560400012764,56.893786000022374
primary,PRIMARY__CICIDS2017_COVERAGE_R1__Random-Budget__b0.8__seed9001,CICIDS2017,CICIDS2017_COVERAGE_R1,Random-Budget,0.8,0.5,9001,FedAvg,clean,honest,0.764220392216344,0.5017381347644869,0.013048428058498993,89236,924,31.583372926486625,0.0031583372926486625,0.19522259745359155,0.39210526315789473,0.0066346068216225846,0.4424107647100757,0.58,291635,596,15641098,34089073,0.028949400002602488,2049775,20497750,0,48542182.0,5.137132999996538,23100,26829136.0,13568223,0.0038972999900579453,37.802082300026086,54.39292839998234
primary,PRIMARY__CICIDS2017_COVERAGE_R1__Random-Budget__b1.0__seed11,CICIDS2017,CICIDS2017_COVERAGE_R1,Random-Budget,1.0,0.5,11,FedAvg,clean,honest,0.7651304554762011,0.5005664317309493,0.0030636710771689904,89694,118,4.033374464637902,0.00040333744646379023,0.1771124661147652,0.5390625,0.0015362009083622762,0.36723484957221575,0.87,292441,138,18586126,37035001,0.06003949997830205,2049875,20498750,0,47867888.0,5.878155200007313,23100,45424947.0,16513151,0.0038637000034213997,45.22418760001892,64.28348259998893
primary,PRIMARY__CICIDS2017_COVERAGE_R1__Random-Budget__b1.0__seed123,CICIDS2017,CICIDS2017_COVERAGE_R1,Random-Budget,1.0,0.5,123,FedAvg,clean,honest,0.7663961756422092,0.5038080274106963,0.016817821607818965,89068,260,8.887096278015717,0.0008887096278015717,0.19203387747663722,0.74609375,0.008504764449194051,0.40808440988101635,0.77,292299,764,20627735,39062894,0.0667393999901833,2048351,20483510,0,48354476.0,5.496148400037782,23100,48354476.0,18556284,0.0038181999916560017,41.240535100099805,60.01784310002404
primary,PRIMARY__CICIDS2017_COVERAGE_R1__Random-Budget__b1.0__seed2026,CICIDS2017,CICIDS2017_COVERAGE_R1,Random-Budget,1.0,0.5,2026,FedAvg,clean,honest,0.7650781529900024,0.5004435421595154,0.0025537962736781328,89717,115,3.9308310460454132,0.0003930831046045413,0.1716826431872589,0.5,0.0012801674236352302,0.34737887621515406,0.79,292444,115,20701516,39141319,0.06433380000817124,2048867,20488670,0,48472011.0,5.608233400002064,23100,48472011.0,18629549,0.004323500004829839,41.600169799945434,60.767113900023105
primary,PRIMARY__CICIDS2017_COVERAGE_R1__Random-Budget__b1.0__seed2027,CICIDS2017,CICIDS2017_COVERAGE_R1,Random-Budget,1.0,0.5,2027,FedAvg,clean,honest,0.7651043042331017,0.5005686256029019,0.003173969014959826,89689,133,4.546091557600347,0.0004546091557600347,0.2040238819122448,0.5181159420289855,0.001591860361563808,0.4717344903911153,0.84,292426,143,18851226,37303035,0.06223690001206705,2050201,20502010,0,48483664.0,5.855506500032789,23100,41125572.0,16777925,0.004959299971233122,45.09056910000072,64.48089270000492
primary,PRIMARY__CICIDS2017_COVERAGE_R1__Random-Budget__b1.0__seed2718,CICIDS2017,CICIDS2017_COVERAGE_R1,Random-Budget,1.0,0.5,2718,FedAvg,clean,honest,0.7650467714982832,0.5005387401261052,0.0032174318237291146,89687,157,5.366438906340259,0.000536643890634026,0.17823414347511293,0.48013245033112584,0.0016141241428444207,0.368915647750534,0.8,292402,145,18673387,37110481,0.061480199969082605,2048566,20485660,0,48037452.0,5.9443271999844,23100,38276328.0,16601721,0.004850600002100691,45.10149860002275,64.10344710000209
primary,PRIMARY__CICIDS2017_COVERAGE_R1__Random-Budget__b1.0__seed314,CICIDS2017,CICIDS2017_COVERAGE_R1,Random-Budget,1.0,0.5,314,FedAvg,clean,honest,0.7650310807524235,0.5005014875658407,0.003062379335596831,89694,156,5.3322577668094295,0.000533225776680943,0.1680634528368968,0.46938775510204084,0.0015362009083622762,0.3213607405350546,0.69,292403,138,20498758,38932018,0.06955309999466408,2048140,20481400,0,48135977.0,5.679144200010342,23100,48135977.0,18427518,0.0053893000149400905,42.98667029997887,61.352548899987596
primary,PRIMARY__CICIDS2017_COVERAGE_R1__Random-Budget__b1.0__seed3407,CICIDS2017,CICIDS2017_COVERAGE_R1,Random-Budget,1.0,0.5,3407,FedAvg,clean,honest,0.764340687934601,0.5000348689706593,0.0029651921842844815,89698,416,14.219354044825147,0.0014219354044825146,0.1718650290183775,0.24363636363636362,0.0014916733458010508,0.3473635318772843,0.69,292143,134,20544824,38978624,0.06660370001918636,2048200,20482000,0,48235343.0,5.441874799995276,23100,48235343.0,18473524,0.004376199984108098,41.66978299997572,60.25392909999937
primary,PRIMARY__CICIDS2017_COVERAGE_R1__Random-Budget__b1.0__seed42,CICIDS2017,CICIDS2017_COVERAGE_R1,Random-Budget,1.0,0.5,42,FedAvg,clean,honest,0.7556820113444093,0.4943568968796124,0.002753968169251625,89703,3722,127.22220133374806,0.012722220133374807,0.17059363366622138,0.03349779278109582,0.0014360138925995191,0.3071134163208177,0.37,288837,129,16829711,35241587,0.05212169999140315,2045764,20457640,0,47893425.0,5.826259200017375,23100,25822441.0,14760847,0.0048863999982131645,40.8371329000438,59.05735449997883
primary,PRIMARY__CICIDS2017_COVERAGE_R1__Random-Budget__b1.0__seed777,CICIDS2017,CICIDS2017_COVERAGE_R1,Random-Budget,1.0,0.5,777,FedAvg,clean,honest,0.7641680897301453,0.4999567832053,0.003161408706033206,89689,491,16.782939509637373,0.0016782939509637372,0.17421572474713898,0.22555205047318613,0.001591860361563808,0.35793962022609777,0.56,292068,143,20755472,39190091,0.06543799999781186,2048291,20482910,0,48747029.0,5.382520099992689,23100,48747029.0,18684081,0.004489299979468342,42.04971750002733,60.265261099986674
primary,PRIMARY__CICIDS2017_COVERAGE_R1__Random-Budget__b1.0__seed9001,CICIDS2017,CICIDS2017_COVERAGE_R1,Random-Budget,1.0,0.5,9001,FedAvg,clean,honest,0.7633024835835571,0.49992333593748317,0.006170873914332458,89551,960,32.81389394959649,0.003281389394959649,0.1875188146689047,0.2264302981466559,0.003128061269926084,0.4193156893417269,0.54,291599,281,18764483,37210442,0.057774199987761676,2049551,20495510,0,48187289.0,5.490058000003046,23100,33485145.0,16691832,0.004242999988491647,42.14896350000345,60.248360899990075
primary,PRIMARY__CICIDS2017_COVERAGE_R1__Utility-Cost-Ratio__b0.1__seed11,CICIDS2017,CICIDS2017_COVERAGE_R1,Utility-Cost-Ratio,0.1,0.5,11,FedAvg,clean,honest,0.7607893491217105,0.49769468515479787,0.0028126022021149025,89703,1769,60.4664358300377,0.00604664358300377,0.1770678936896774,0.06796628029504742,0.0014360138925995191,0.3076920786952744,0.26,290790,129,3885034,22308601,0.00791850000496197,2047063,20470630,0,47497120.0,5.036305700004959,25500,6040450.0,1812471,0.0013979000050312607,38.4193180000093,55.34411259999797
primary,PRIMARY__CICIDS2017_COVERAGE_R1__Utility-Cost-Ratio__b0.1__seed123,CICIDS2017,CICIDS2017_COVERAGE_R1,Utility-Cost-Ratio,0.1,0.5,123,FedAvg,clean,honest,0.7646257364843838,0.5002018717393842,0.0028583140378671216,89703,302,10.322704138310563,0.0010322704138310563,0.17371972427295312,0.29930394431554525,0.0014360138925995191,0.3610976045853155,0.51,292257,129,3899305,22313737,0.0092594999987341,2046048,20460480,0,47759280.0,5.278150399995866,25500,6740016.0,1827757,0.0014639999990322394,41.50543410000137,61.136397500002204
primary,PRIMARY__CICIDS2017_COVERAGE_R1__Utility-Cost-Ratio__b0.1__seed2026,CICIDS2017,CICIDS2017_COVERAGE_R1,Utility-Cost-Ratio,0.1,0.5,2026,FedAvg,clean,honest,0.7638281235698539,0.49968446624988266,0.0028707077398697142,89702,608,20.782132834744445,0.0020782132834744446,0.16025382554672035,0.17615176151761516,0.0014471457832398254,0.22947680263375136,0.47,291951,130,3804839,22240601,0.00849000000016531,2048418,20484180,1,47044136.0,6.09206990000348,25500,7917990.0,1730921,0.0013836999987688614,44.91903789999378,64.74910870000531
primary,PRIMARY__CICIDS2017_COVERAGE_R1__Utility-Cost-Ratio__b0.1__seed2027,CICIDS2017,CICIDS2017_COVERAGE_R1,Utility-Cost-Ratio,0.1,0.5,2027,FedAvg,clean,honest,0.7640059520229294,0.49985082167275446,0.0031592435489572286,89689,553,18.902170160548813,0.0018902170160548812,0.183599726529573,0.20545977011494254,0.001591860361563808,0.396390952439603,0.58,292006,143,3632717,22063997,0.008326599994688877,2047920,20479200,4,47072514.0,5.986875599995983,25500,1279748.0,1559297,0.001573599991388619,46.961495199993806,65.73919730000671
primary,PRIMARY__CICIDS2017_COVERAGE_R1__Utility-Cost-Ratio__b0.1__seed2718,CICIDS2017,CICIDS2017_COVERAGE_R1,Utility-Cost-Ratio,0.1,0.5,2718,FedAvg,clean,honest,0.7504857593405703,0.49127340862305696,0.0043826696719258705,89622,5790,197.90879788350384,0.019790879788350382,0.18256451494403367,0.035,0.0023376970344643334,0.39909026189787883,0.07,286769,210,3836126,22257956,0.008539700002074824,2046870,20468700,1,47663328.0,5.044089899993196,25500,3078615.0,1763756,0.0016662000016367529,38.932944999995016,55.508684199996424
primary,PRIMARY__CICIDS2017_COVERAGE_R1__Utility-Cost-Ratio__b0.1__seed314,CICIDS2017,CICIDS2017_COVERAGE_R1,Utility-Cost-Ratio,0.1,0.5,314,FedAvg,clean,honest,0.7629049846884471,0.4990773122488199,0.0028376282706965386,89703,960,32.81389394959649,0.003281389394959649,0.1840479810962037,0.1184573002754821,0.0014360138925995191,0.28090328553916616,0.32,291599,129,3494307,21897354,0.00739929999326705,2044783,20447830,6,47032926.0,5.664042199998221,25500,3517414.0,1424024,0.0017385000101057813,40.41072910001094,56.98894850000033
primary,PRIMARY__CICIDS2017_COVERAGE_R1__Utility-Cost-Ratio__b0.1__seed3407,CICIDS2017,CICIDS2017_COVERAGE_R1,Utility-Cost-Ratio,0.1,0.5,3407,FedAvg,clean,honest,0.7606664382791436,0.5047843149076746,0.041635687732342004,87844,3675,125.61568777579907,0.012561568777579907,0.21073929834455132,0.3510506798516687,0.022130198592929022,0.46587629381666884,0.5,288884,1988,3893248,22316248,0.008876300000338233,2047000,20470000,0,47770638.0,4.739808899996206,25500,2881063.0,1820748,0.0017343000072287396,36.12197910001487,52.34887780000281
primary,PRIMARY__CICIDS2017_COVERAGE_R1__Utility-Cost-Ratio__b0.1__seed42,CICIDS2017,CICIDS2017_COVERAGE_R1,Utility-Cost-Ratio,0.1,0.5,42,FedAvg,clean,honest,0.7640007217743096,0.49979340712199083,0.0028507657289341673,89703,541,18.491996486178856,0.0018491996486178857,0.16868815825558234,0.1925373134328358,0.0014360138925995191,0.330350915139557,0.49,292018,129,2552233,20869357,0.0026801000039995415,2035236,20352360,22,47913624.0,4.387019599991618,25500,1101770.0,491497,0.001457199994547409,33.239791000005425,52.627489499998774
primary,PRIMARY__CICIDS2017_COVERAGE_R1__Utility-Cost-Ratio__b0.1__seed777,CICIDS2017,CICIDS2017_COVERAGE_R1,Utility-Cost-Ratio,0.1,0.5,777,FedAvg,clean,honest,0.765012774882254,0.5003931019584146,0.0025087974423587136,89719,138,4.716997255254496,0.00047169972552544957,0.16953913363683273,0.450199203187251,0.0012579036423546175,0.33180926160796503,0.65,292421,113,3856191,22280793,0.00922109999191889,2047178,20471780,1,48333079.0,5.655256400003054,25500,3589917.0,1783513,0.0018050999988190597,45.55863560000034,65.05290750000313
primary,PRIMARY__CICIDS2017_COVERAGE_R1__Utility-Cost-Ratio__b0.1__seed9001,CICIDS2017,CICIDS2017_COVERAGE_R1,Utility-Cost-Ratio,0.1,0.5,9001,FedAvg,clean,honest,0.7621962860004551,0.4986141578081772,0.0028291955434687254,89703,1231,42.07698276245134,0.004207698276245134,0.2268287350300336,0.09485294117647058,0.0014360138925995191,0.3135676401614711,0.08,291328,129,2856087,21246282,0.0043809000053443015,2043355,20433550,17,47436194.0,6.329227899997932,25500,1081998.0,787232,0.0014935000017430866,46.081838500009326,63.93041229999653
primary,PRIMARY__CICIDS2017_COVERAGE_R1__Utility-Cost-Ratio__b0.2__seed11,CICIDS2017,CICIDS2017_COVERAGE_R1,Utility-Cost-Ratio,0.2,0.5,11,FedAvg,clean,honest,0.7439191821983258,0.4869125425647763,0.003906130794348317,89640,8283,283.1223787338622,0.02831223787338622,0.17608448478443992,0.02265486725663717,0.0021373230029388193,0.36817805765043593,0.06,284276,192,4831020,23254920,0.00946879998082295,2047100,20471000,2,48019096.0,5.2048882999843045,25500,8164435.0,2758420,0.0016882000127225183,39.34827519997634,57.32583880001039
primary,PRIMARY__CICIDS2017_COVERAGE_R1__Utility-Cost-Ratio__b0.2__seed123,CICIDS2017,CICIDS2017_COVERAGE_R1,Utility-Cost-Ratio,0.2,0.5,123,FedAvg,clean,honest,0.7650153900065639,0.5003948110153911,0.0025088252925112675,89719,137,4.682816115723666,0.0004682816115723666,0.18862158617751204,0.452,0.0012579036423546175,0.4272670623899592,0.6,292422,113,5542276,23962603,0.010473499994986923,2046703,20467030,0,47681525.0,4.729194199986523,25500,11861492.0,3470073,0.001598599996214034,36.947823499966034,55.4641716999904
primary,PRIMARY__CICIDS2017_COVERAGE_R1__Utility-Cost-Ratio__b0.2__seed2026,CICIDS2017,CICIDS2017_COVERAGE_R1,Utility-Cost-Ratio,0.2,0.5,2026,FedAvg,clean,honest,0.7592176594114401,0.49667525568858367,0.002837493908052201,89701,2372,81.07766296712799,0.008107766296712799,0.1776448674884483,0.05233719536556133,0.0014582776738801318,0.33976041596341583,0.07,290187,131,5524805,23953979,0.010175299994443776,2047686,20476860,0,48168513.0,5.200521499995375,25500,13796561.0,3451619,0.0016239000178757124,38.494570399969234,56.673377900009655
primary,PRIMARY__CICIDS2017_COVERAGE_R1__Utility-Cost-Ratio__b0.2__seed2027,CICIDS2017,CICIDS2017_COVERAGE_R1,Utility-Cost-Ratio,0.2,0.5,2027,FedAvg,clean,honest,0.7629729779205054,0.499191171720395,0.003233220793788697,89685,952,32.54044483334985,0.0032540444833349855,0.17642778586529254,0.1337579617834395,0.0016363879241250334,0.3599302309649247,0.89,291607,147,5060762,23497847,0.022225700009585125,2048565,20485650,0,47648927.0,12.976416600009543,25500,4420628.0,2986697,0.004217999980028253,103.81098690002545,144.07603440000457
primary,PRIMARY__CICIDS2017_COVERAGE_R1__Utility-Cost-Ratio__b0.2__seed2718,CICIDS2017,CICIDS2017_COVERAGE_R1,Utility-Cost-Ratio,0.2,0.5,2718,FedAvg,clean,honest,0.7452005931101935,0.49135617108455854,0.022610771715469418,88705,8728,298.33298582508144,0.029833298582508144,0.20127907450387372,0.1143581938102486,0.012545640751625255,0.4531610373218621,0.64,283831,1127,5438313,23858829,0.022651700008282205,2046724,20467240,0,47867345.0,13.330525499986834,25500,6442720.0,3366089,0.003981300000305055,103.12764439999228,143.02544599999965
primary,PRIMARY__CICIDS2017_COVERAGE_R1__Utility-Cost-Ratio__b0.2__seed314,CICIDS2017,CICIDS2017_COVERAGE_R1,Utility-Cost-Ratio,0.2,0.5,314,FedAvg,clean,honest,0.7541678543689574,0.4972165274571193,0.023416235533669928,88705,5299,181.12585837386646,0.018112585837386647,0.18648832635523346,0.17538126361655773,0.012545640751625255,0.41007086971860307,0.75,287260,1127,4931879,23355617,0.01591779999580467,2047082,20470820,1,47752300.0,8.506623200009926,25500,10754540.0,2859297,0.002862900004402036,68.19774579999648,97.32304820000354
primary,PRIMARY__CICIDS2017_COVERAGE_R1__Utility-Cost-Ratio__b0.2__seed3407,CICIDS2017,CICIDS2017_COVERAGE_R1,Utility-Cost-Ratio,0.2,0.5,3407,FedAvg,clean,honest,0.7651383008491308,0.5005368469067863,0.002864534180110362,89703,106,3.623200790267946,0.0003623200790267946,0.17084205308474212,0.548936170212766,0.0014360138925995191,0.3412200474588121,0.5,292453,129,5605151,24037745,0.011309799992886838,2048066,20480660,0,47817331.0,5.094308600000659,25500,7764437.0,3531585,0.001815799991163658,38.657846200021595,56.25169079999978
primary,PRIMARY__CICIDS2017_COVERAGE_R1__Utility-Cost-Ratio__b0.2__seed42,CICIDS2017,CICIDS2017_COVERAGE_R1,Utility-Cost-Ratio,0.2,0.5,42,FedAvg,clean,honest,0.8145667654311948,0.6488626479729238,0.46007766694586155,59621,11287,385.8025218844746,0.03858025218844746,0.44812158468701857,0.7280109884813726,0.33630554813429514,0.59342072495198,0.92,281272,30211,5112943,23521489,0.010238300001219613,2045394,20453940,0,47448872.0,5.512122400017688,25500,7349190.0,3042049,0.001578700012032641,38.08497299998635,55.73231440000018
primary,PRIMARY__CICIDS2017_COVERAGE_R1__Utility-Cost-Ratio__b0.2__seed777,CICIDS2017,CICIDS2017_COVERAGE_R1,Utility-Cost-Ratio,0.2,0.5,777,FedAvg,clean,honest,0.7289737467670526,0.4769215824199122,0.0025792543260254462,89698,13940,476.4850850597657,0.04764850850597657,0.1753999217309504,0.009521102742646014,0.0014916733458010508,0.3632608442333994,0.37,278619,134,5489448,23904339,0.010338599993701791,2046099,20460990,0,48771487.0,5.051616400003695,25500,3553587.0,3417849,0.0015410000196425244,39.810427000018535,57.74882929998785
primary,PRIMARY__CICIDS2017_COVERAGE_R1__Utility-Cost-Ratio__b0.2__seed9001,CICIDS2017,CICIDS2017_COVERAGE_R1,Utility-Cost-Ratio,0.2,0.5,9001,FedAvg,clean,honest,0.8294598983762693,0.7090862527605483,0.5704499496103862,46530,18683,638.6062298544908,0.06386062298544909,0.5747716402446938,0.6985883681535855,0.48203312850654556,0.6955924190289875,0.95,273876,43302,5390174,23807792,0.02334159999372787,2046402,20464020,0,48030419.0,12.84648990000278,25500,4647853.0,3318272,0.003990900000644615,100.73373810001067,139.48543889999564
primary,PRIMARY__CICIDS2017_COVERAGE_R1__Utility-Cost-Ratio__b0.4__seed11,CICIDS2017,CICIDS2017_COVERAGE_R1,Utility-Cost-Ratio,0.4,0.5,11,FedAvg,clean,honest,0.7608808784725581,0.4977583590373204,0.0028354253683326607,89702,1735,59.30427708598949,0.005930427708598949,0.1734895338767179,0.06970509383378017,0.0014471457832398254,0.26945348054606777,0.47,290824,130,5402309,23837261,0.00799630000256002,2048328,20483280,8,48116964.0,6.171969999995781,25500,10198808.0,3328481,0.0015618000252288766,47.19677310001862,67.50858909999806
primary,PRIMARY__CICIDS2017_COVERAGE_R1__Utility-Cost-Ratio__b0.4__seed123,CICIDS2017,CICIDS2017_COVERAGE_R1,Utility-Cost-Ratio,0.4,0.5,123,FedAvg,clean,honest,0.7571935531955512,0.4991939063789778,0.023701117759014102,88705,4142,141.57827993669653,0.014157827993669653,0.2373803418369489,0.21389257923704688,0.012545640751625255,0.5299572989686817,0.47,288417,1127,8874234,27299790,0.017045099964889232,2047284,20472840,0,47890753.0,6.3091619000188075,25500,21449488.0,6801450,0.002016600039496552,47.63874579999538,69.76558359998307
primary,PRIMARY__CICIDS2017_COVERAGE_R1__Utility-Cost-Ratio__b0.4__seed2026,CICIDS2017,CICIDS2017_COVERAGE_R1,Utility-Cost-Ratio,0.4,0.5,2026,FedAvg,clean,honest,0.76318741811392,0.5004806671188677,0.009732626168735305,89387,1168,39.92357097200907,0.003992357097200906,0.1763096276173873,0.2758834469931804,0.004953691334936326,0.361779080514842,0.75,291391,445,9072358,27502306,0.01568579999729991,2047772,20477720,0,48339028.0,6.080468699998164,25500,23666084.0,6999086,0.0018502999810152687,44.96603609994054,66.38968170002045
primary,PRIMARY__CICIDS2017_COVERAGE_R1__Utility-Cost-Ratio__b0.4__seed2027,CICIDS2017,CICIDS2017_COVERAGE_R1,Utility-Cost-Ratio,0.4,0.5,2027,FedAvg,clean,honest,0.7620550692877186,0.5023671864100248,0.024152724152724153,88706,2282,78.00136040935332,0.007800136040935332,0.2382912954772783,0.33039906103286387,0.01253450886098495,0.5352038051175088,0.49,290277,1126,7357037,25796912,0.014044999996258412,2048875,20488750,0,48441588.0,5.916781299973081,25500,6895386.0,5282662,0.0019219000023440458,46.431739699983154,66.38307210001221
primary,PRIMARY__CICIDS2017_COVERAGE_R1__Utility-Cost-Ratio__b0.4__seed2718,CICIDS2017,CICIDS2017_COVERAGE_R1,Utility-Cost-Ratio,0.4,0.5,2718,FedAvg,clean,honest,0.7552008284713814,0.4978916049628532,0.023512721279325705,88705,4904,167.62430825918875,0.016762430825918873,0.27801790281761807,0.18686784944453655,0.012545640751625255,0.6096119037117902,0.5,287655,1127,8170909,26594485,0.013893600014853291,2047064,20470640,0,48072257.0,5.70250699997996,25500,14827749.0,6098345,0.0018146999937016517,44.32651810002426,63.81068309999682
primary,PRIMARY__CICIDS2017_COVERAGE_R1__Utility-Cost-Ratio__b0.4__seed314,CICIDS2017,CICIDS2017_COVERAGE_R1,Utility-Cost-Ratio,0.4,0.5,314,FedAvg,clean,honest,0.7486107152103475,0.489747177480075,0.0027387880862718246,89700,6429,219.750546043704,0.021975054604370402,0.17015329605031929,0.020118884316415182,0.001469409564520438,0.2805011747318572,0.26,286130,132,7148747,25575005,0.01783779998368118,2047362,20473620,4,47396537.0,6.776563499995973,25500,13476908.0,5075885,0.002892999975301791,50.42912449999858,72.48030009999638
primary,PRIMARY__CICIDS2017_COVERAGE_R1__Utility-Cost-Ratio__b0.4__seed3407,CICIDS2017,CICIDS2017_COVERAGE_R1,Utility-Cost-Ratio,0.4,0.5,3407,FedAvg,clean,honest,0.765371046912715,0.500654240982606,0.0026678523788350376,89712,8,0.2734491162466374,2.7344911624663742e-05,0.17621729310704168,0.9375,0.0013358268768367619,0.36657905793507756,0.87,292551,120,9000676,27433765,0.016647199990984518,2048121,20481210,0,48415595.0,5.579884899998433,25500,14375746.0,6927055,0.0020968000317225233,43.691127700032666,63.43549949997396
primary,PRIMARY__CICIDS2017_COVERAGE_R1__Utility-Cost-Ratio__b0.4__seed42,CICIDS2017,CICIDS2017_COVERAGE_R1,Utility-Cost-Ratio,0.4,0.5,42,FedAvg,clean,honest,0.7616314191495093,0.49824500150124423,0.002822510064764572,89703,1447,49.460108901110544,0.004946010890111054,0.18046527175680174,0.08185279187817258,0.0014360138925995191,0.33602178065694527,0.12,291112,129,8342306,26753804,0.01778370002284646,2045722,20457220,0,47831197.0,6.341047600006277,25500,12082710.0,6271084,0.002297599996381905,45.28949569991528,66.86196380003094
primary,PRIMARY__CICIDS2017_COVERAGE_R1__Utility-Cost-Ratio__b0.4__seed777,CICIDS2017,CICIDS2017_COVERAGE_R1,Utility-Cost-Ratio,0.4,0.5,777,FedAvg,clean,honest,0.7291515752201281,0.47703779829431703,0.0025809433925923072,89698,13872,474.1607675716693,0.04741607675716693,0.18359433247692714,0.009567328287876624,0.0014916733458010508,0.4055045624438038,0.28,278687,134,8780494,27202864,0.016647299969918095,2046930,20469300,0,48648074.0,5.49103229996399,25500,13225998.0,6708064,0.002155499991204124,44.271528499964916,64.2831871999806
primary,PRIMARY__CICIDS2017_COVERAGE_R1__Utility-Cost-Ratio__b0.4__seed9001,CICIDS2017,CICIDS2017_COVERAGE_R1,Utility-Cost-Ratio,0.4,0.5,9001,FedAvg,clean,honest,0.7639484192881109,0.5032574237101157,0.02243978513255935,88796,1468,50.17791283125797,0.005017791283125797,0.22351036199554453,0.41373801916932906,0.011532638703357379,0.5076470133101836,0.5,291091,1036,7867189,26301349,0.015577799989841878,2048240,20482400,0,48053873.0,5.681409600001643,25500,8764213.0,5793449,0.0020308000093791634,42.990030699911586,61.99804859998403
primary,PRIMARY__CICIDS2017_COVERAGE_R1__Utility-Cost-Ratio__b0.6__seed11,CICIDS2017,CICIDS2017_COVERAGE_R1,Utility-Cost-Ratio,0.6,0.5,11,FedAvg,clean,honest,0.7634201641775041,0.4994139964731986,0.002843789956351131,89703,763,26.080209462023046,0.0026080209462023044,0.18928934344420717,0.1446188340807175,0.0014360138925995191,0.28357083420388457,0.29,291796,129,6005123,24431705,0.009333799993328284,2047398,20473980,8,47832863.0,5.279417300000205,25500,9328078.0,3932225,0.0015243999732774682,40.47813499998301,57.686650199990254
primary,PRIMARY__CICIDS2017_COVERAGE_R1__Utility-Cost-Ratio__b0.6__seed123,CICIDS2017,CICIDS2017_COVERAGE_R1,Utility-Cost-Ratio,0.6,0.5,123,FedAvg,clean,honest,0.764855867423658,0.5003676963066943,0.0029495581207101117,89699,218,7.45148841772087,0.000745148841772087,0.17502573708885186,0.3789173789173789,0.0014805414551607445,0.35688054791320134,0.77,292341,133,11324069,29755727,0.016073999991931487,2047962,20479620,0,47847822.0,5.316731900005834,25500,26710406.0,9250607,0.0014106000016909093,38.19115109997074,56.0099437999379
primary,PRIMARY__CICIDS2017_COVERAGE_R1__Utility-Cost-Ratio__b0.6__seed2026,CICIDS2017,CICIDS2017_COVERAGE_R1,Utility-Cost-Ratio,0.6,0.5,2026,FedAvg,clean,honest,0.7640347183903387,0.4999004764062453,0.0033358002054499464,89681,550,18.799626741956324,0.0018799626741956323,0.17206292228872072,0.21540656205420827,0.0016809154866862588,0.3476452956759601,0.48,292009,151,12570321,31007469,0.01839430000836728,2048572,20485720,0,48753629.0,4.928676100018492,25500,30471982.0,10496249,0.0016660999608575366,36.53932880002685,53.7749010999687
primary,PRIMARY__CICIDS2017_COVERAGE_R1__Utility-Cost-Ratio__b0.6__seed2027,CICIDS2017,CICIDS2017_COVERAGE_R1,Utility-Cost-Ratio,0.6,0.5,2027,FedAvg,clean,honest,0.764060869633438,0.503431192257041,0.02300070388218095,88770,1451,49.59683345923386,0.004959683345923387,0.23440340168318624,0.4226024671707123,0.011822067860005343,0.5270776832003292,0.56,291108,1062,10347107,28790735,0.016223199985688552,2049292,20492920,0,48514131.0,5.2751841000208515,25500,16566521.0,8272315,0.0015545999995083548,39.837819800071884,57.048626300027536
primary,PRIMARY__CICIDS2017_COVERAGE_R1__Utility-Cost-Ratio__b0.6__seed2718,CICIDS2017,CICIDS2017_COVERAGE_R1,Utility-Cost-Ratio,0.6,0.5,2718,FedAvg,clean,honest,0.7601931007790456,0.5011503378427273,0.02396968664850136,88706,2994,102.33833175530405,0.010233833175530406,0.20190965639071876,0.2733009708737864,0.01253450886098495,0.4545939779292744,0.49,289565,1126,10463295,28892694,0.016067500015196856,2047711,20477110,0,48175117.0,5.5721079999930225,25500,18035696.0,8390084,0.0015743999756523408,41.27115009993577,58.50999969999248
primary,PRIMARY__CICIDS2017_COVERAGE_R1__Utility-Cost-Ratio__b0.6__seed314,CICIDS2017,CICIDS2017_COVERAGE_R1,Utility-Cost-Ratio,0.6,0.5,314,FedAvg,clean,honest,0.7649395514015759,0.5003375345863842,0.0024637375564606524,89721,164,5.605706883056067,0.0005605706883056068,0.16324546139846063,0.4036363636363636,0.0012356398610740048,0.29287004412010115,0.61,292395,111,10092476,28523306,0.016003300013835542,2047870,20478700,1,48043558.0,5.364418699980888,25500,20552014.0,8019106,0.0016532999943592586,40.16797659997974,57.00331199999346
primary,PRIMARY__CICIDS2017_COVERAGE_R1__Utility-Cost-Ratio__b0.6__seed3407,CICIDS2017,CICIDS2017_COVERAGE_R1,Utility-Cost-Ratio,0.6,0.5,3407,FedAvg,clean,honest,0.7635927623819598,0.49960007511217897,0.0032636499955896623,89684,716,24.47369590407405,0.002447369590407405,0.22914529624371788,0.1712962962962963,0.0016475198147653397,0.5116401628191323,0.93,291843,148,11716005,30149625,0.017730300009134226,2048180,20481800,0,48083958.0,5.064458500004548,25500,24550666.0,9642325,0.001652700018894393,37.43344029998116,54.645878199989966
primary,PRIMARY__CICIDS2017_COVERAGE_R1__Utility-Cost-Ratio__b0.6__seed42,CICIDS2017,CICIDS2017_COVERAGE_R1,Utility-Cost-Ratio,0.6,0.5,42,FedAvg,clean,honest,0.7640007217743096,0.4997625520152419,0.002674446875759786,89711,533,18.218547369932217,0.0018218547369932218,0.19942146501314634,0.18501529051987767,0.0013469587674770683,0.2922262980889765,0.08,292026,121,11108198,29525402,0.01633710002352018,2046356,20463560,0,47821750.0,5.106971800021711,25500,15067720.0,9036342,0.0016069999983301386,34.22321630009537,49.67054439999629
primary,PRIMARY__CICIDS2017_COVERAGE_R1__Utility-Cost-Ratio__b0.6__seed777,CICIDS2017,CICIDS2017_COVERAGE_R1,Utility-Cost-Ratio,0.6,0.5,777,FedAvg,clean,honest,0.765289978059107,0.5005626913328971,0.002445232352646964,89722,29,0.9912530463940606,9.912530463940606e-05,0.1772783438094284,0.7913669064748201,0.0012245079704336984,0.3741308250311816,0.83,292530,110,12004314,30431922,0.018840099997760262,2047512,20475120,0,48578444.0,4.999114099977305,25500,22074954.0,9931302,0.001670000005105976,39.28176599993458,56.65227130003768
primary,PRIMARY__CICIDS2017_COVERAGE_R1__Utility-Cost-Ratio__b0.6__seed9001,CICIDS2017,CICIDS2017_COVERAGE_R1,Utility-Cost-Ratio,0.6,0.5,9001,FedAvg,clean,honest,0.7651252252275812,0.500455020743375,0.0024435213363840328,89722,92,3.1446648368363306,0.00031446648368363303,0.17604213457290238,0.5445544554455446,0.0012245079704336984,0.3675007710907712,0.9,292467,110,8549732,26989625,0.014239599971915595,2048877,20488770,0,48043084.0,5.051521400040656,25500,11711067.0,6475355,0.0017840999644249678,37.88032570013456,54.361163299996406
primary,PRIMARY__CICIDS2017_COVERAGE_R1__Utility-Cost-Ratio__b0.8__seed11,CICIDS2017,CICIDS2017_COVERAGE_R1,Utility-Cost-Ratio,0.8,0.5,11,FedAvg,clean,honest,0.7024328501455317,0.6145577074763413,0.41473914854876787,49515,64272,2196.890199925485,0.2196890199925485,0.3055390402936648,0.3854803086366635,0.4488044349452311,0.5662210771774361,0.95,228287,40317,6832380,25270482,0.011434099993493874,2048678,20486780,6,48153846.0,6.037908700003754,25500,10803450.0,4758202,0.001666900010604877,45.888796000013826,65.49770470000658
primary,PRIMARY__CICIDS2017_COVERAGE_R1__Utility-Cost-Ratio__b0.8__seed123,CICIDS2017,CICIDS2017_COVERAGE_R1,Utility-Cost-Ratio,0.8,0.5,123,FedAvg,clean,honest,0.7647434170783308,0.5003173481867648,0.003080742037722467,89693,267,9.126364254731524,0.0009126364254731525,0.17879946623142412,0.34236453201970446,0.0015473327990025826,0.37279319526589383,0.81,292292,139,12965507,31394087,0.06854650002060225,2047620,20476200,0,48085566.0,14.961769800000184,25500,30583958.0,10892387,0.004813599975022953,119.85654500000965,173.75639359998604
primary,PRIMARY__CICIDS2017_COVERAGE_R1__Utility-Cost-Ratio__b0.8__seed2026,CICIDS2017,CICIDS2017_COVERAGE_R1,Utility-Cost-Ratio,0.8,0.5,2026,FedAvg,clean,honest,0.7647198809595415,0.5003289648923811,0.0032350627624333876,89686,283,9.673262487224799,0.0009673262487224799,0.16989977023209255,0.34032634032634035,0.001625256033484727,0.3324241844061172,0.72,292276,146,15886599,34326573,0.05771129995264346,2048886,20488860,0,48334359.0,7.914773700023943,25500,37279400.0,13812213,0.002363699983106926,58.68893409999146,89.67484419997345
primary,PRIMARY__CICIDS2017_COVERAGE_R1__Utility-Cost-Ratio__b0.8__seed2027,CICIDS2017,CICIDS2017_COVERAGE_R1,Utility-Cost-Ratio,0.8,0.5,2027,FedAvg,clean,honest,0.7636947522300472,0.5033654842557876,0.02391574399135836,88725,1636,55.920344272437355,0.005592034427243735,0.25513812093976707,0.4035727305869486,0.01232300293881913,0.557447440921353,0.6,290923,1107,11996929,30445021,0.01900430000387132,2049788,20497880,0,48387814.0,5.695140500014531,25500,20637878.0,9921641,0.0018718000064836815,41.52646109993657,59.724526300014986
primary,PRIMARY__CICIDS2017_COVERAGE_R1__Utility-Cost-Ratio__b0.8__seed2718,CICIDS2017,CICIDS2017_COVERAGE_R1,Utility-Cost-Ratio,0.8,0.5,2718,FedAvg,clean,honest,0.7650075446336342,0.5005169611598007,0.0032390101052678284,89686,173,5.913337138833534,0.0005913337138833535,0.1746668961337446,0.45768025078369906,0.001625256033484727,0.3559251130725809,0.82,292386,146,11693828,30128384,0.019041700019442942,2048284,20482840,0,48123025.0,5.709851200008416,25500,23192538.0,9620044,0.0017238000218640082,43.6865772000383,62.123279200008255
primary,PRIMARY__CICIDS2017_COVERAGE_R1__Utility-Cost-Ratio__b0.8__seed314,CICIDS2017,CICIDS2017_COVERAGE_R1,Utility-Cost-Ratio,0.8,0.5,314,FedAvg,clean,honest,0.7562887201843139,0.49664713027488333,0.013131002933296623,89212,3981,136.07511647223296,0.013607511647223295,0.1724489978104797,0.13475331449684852,0.006901772196989937,0.3195908650293976,0.26,288578,620,9092808,27517329,0.019488499994622543,2047169,20471690,2,47784100.0,6.079568900022423,25500,17021349.0,7020139,0.0019072000141022727,46.764790700115555,66.19957440000144
primary,PRIMARY__CICIDS2017_COVERAGE_R1__Utility-Cost-Ratio__b0.8__seed3407,CICIDS2017,CICIDS2017_COVERAGE_R1,Utility-Cost-Ratio,0.8,0.5,3407,FedAvg,clean,honest,0.7644766743987176,0.500146881263501,0.003099333643266698,89692,370,12.647021626406982,0.0012647021626406981,0.17377181554590668,0.27450980392156865,0.0015584646896428889,0.3369845826571337,0.87,292189,140,13655008,32086747,0.02435110001533758,2047971,20479710,0,48215000.0,5.357183800027997,25500,30696435.0,11581537,0.001737200014758855,39.96986719994311,58.54532130000007
primary,PRIMARY__CICIDS2017_COVERAGE_R1__Utility-Cost-Ratio__b0.8__seed42,CICIDS2017,CICIDS2017_COVERAGE_R1,Utility-Cost-Ratio,0.8,0.5,42,FedAvg,clean,honest,0.7538749604462448,0.4931720816204786,0.0027126690119950833,89704,4412,150.80718761002055,0.015080718761002055,0.2002246239067467,0.028193832599118944,0.0014248820019592127,0.265918543858002,0.05,288147,128,13344750,31759443,0.0639047000076971,2046077,20460770,0,47956996.0,16.53905109999323,25500,19197152.0,11273173,0.005261600002995692,116.96638089996122,168.51951839996764
primary,PRIMARY__CICIDS2017_COVERAGE_R1__Utility-Cost-Ratio__b0.8__seed777,CICIDS2017,CICIDS2017_COVERAGE_R1,Utility-Cost-Ratio,0.8,0.5,777,FedAvg,clean,honest,0.764858482547968,0.5003539778102964,0.002861135138731785,89703,213,7.280582720066722,0.0007280582720066721,0.17463066377577297,0.37719298245614036,0.0014360138925995191,0.3608630962729213,0.5,292346,129,13501642,31928215,0.06721180002205074,2047397,20473970,0,48599896.0,14.6221530999901,25500,29126854.0,11428745,0.004945699969539419,121.83368390001851,174.29614739998215
primary,PRIMARY__CICIDS2017_COVERAGE_R1__Utility-Cost-Ratio__b0.8__seed9001,CICIDS2017,CICIDS2017_COVERAGE_R1,Utility-Cost-Ratio,0.8,0.5,9001,FedAvg,clean,honest,0.761960924812561,0.4986030475490021,0.0036341345943342526,89666,1358,46.41798748286671,0.00464179874828667,0.18210449710558077,0.1089238845144357,0.001847893846290854,0.39571887849230164,0.6,291201,166,10320258,28751421,0.016779399986262433,2047907,20479070,0,48298309.0,5.349783500001649,25500,13858317.0,8246851,0.001697099971352145,40.12910730003932,57.30876919999719
primary,PRIMARY__CICIDS2017_COVERAGE_R1__Utility-Cost-Ratio__b1.0__seed11,CICIDS2017,CICIDS2017_COVERAGE_R1,Utility-Cost-Ratio,1.0,0.5,11,FedAvg,clean,honest,0.7652429058215282,0.5005550696373811,0.0025777491361207096,89716,53,1.811600395133973,0.0001811600395133973,0.16535651083458167,0.6863905325443787,0.0012912993142755365,0.30817275994974336,0.84,292506,116,7637266,26076349,0.015139999995881226,2048787,20487870,3,48273789.0,5.51698819999001,25500,15949267.0,5562979,0.0014173000017763115,40.34266569996544,57.22342009998829
primary,PRIMARY__CICIDS2017_COVERAGE_R1__Utility-Cost-Ratio__b1.0__seed123,CICIDS2017,CICIDS2017_COVERAGE_R1,Utility-Cost-Ratio,1.0,0.5,123,FedAvg,clean,honest,0.7654259645232236,0.5015077915079591,0.007348140278653874,89500,199,6.802046766635106,0.0006802046766635106,0.18179637716901992,0.6252354048964218,0.003695787692581708,0.3785144130506694,0.75,292360,332,14524476,32952111,0.03062569999747211,2047515,20475150,0,48196348.0,5.265285199981008,25500,33284626.0,12451461,0.001537599993753247,39.022065099998144,56.107492099981755
primary,PRIMARY__CICIDS2017_COVERAGE_R1__Utility-Cost-Ratio__b1.0__seed2026,CICIDS2017,CICIDS2017_COVERAGE_R1,Utility-Cost-Ratio,1.0,0.5,2026,FedAvg,clean,honest,0.7644322172854486,0.5000715446347765,0.0028338960535783473,89704,375,12.81792732406113,0.0012817927324061129,0.16774237908636516,0.2544731610337972,0.0014248820019592127,0.32420995218512133,0.68,292184,128,18259950,36699528,0.05335670000931714,2048842,20488420,0,48770164.0,5.096340599979158,25500,42217994.0,16185608,0.0016965000104391947,38.1840594999594,55.45420109999395
primary,PRIMARY__CICIDS2017_COVERAGE_R1__Utility-Cost-Ratio__b1.0__seed2027,CICIDS2017,CICIDS2017_COVERAGE_R1,Utility-Cost-Ratio,1.0,0.5,2027,FedAvg,clean,honest,0.7629180603099969,0.5025532001546096,0.022175723191750978,88804,1854,63.37183269015822,0.006337183269015822,0.24747631903405465,0.3566967383761277,0.011443583578234927,0.5517435690793925,0.53,290705,1028,10726313,29173595,0.019981900019047316,2049698,20496980,0,48502961.0,5.265368099979241,25500,17984063.0,8651115,0.001689500015345402,40.19222120004997,56.9411062000363
primary,PRIMARY__CICIDS2017_COVERAGE_R1__Utility-Cost-Ratio__b1.0__seed2718,CICIDS2017,CICIDS2017_COVERAGE_R1,Utility-Cost-Ratio,1.0,0.5,2718,FedAvg,clean,honest,0.7647852590672898,0.5003716913167946,0.0032359590407376212,89686,258,8.818733998954057,0.0008818733998954057,0.1808186993374603,0.3613861386138614,0.001625256033484727,0.38243171956055244,0.82,292301,146,11797488,30227643,0.02284159998089308,2047795,20477950,0,48319708.0,5.48488989998441,25500,22249422.0,9724193,0.0017917000004672445,40.56633999998303,57.55368009999074
primary,PRIMARY__CICIDS2017_COVERAGE_R1__Utility-Cost-Ratio__b1.0__seed314,CICIDS2017,CICIDS2017_COVERAGE_R1,Utility-Cost-Ratio,1.0,0.5,314,FedAvg,clean,honest,0.7593771819943461,0.4967795081641527,0.002839369703275029,89701,2311,78.99261345574739,0.007899261345574738,0.1722287623980867,0.053644553644553644,0.0014582776738801318,0.3398925317828231,0.22,290248,131,11855860,30285997,0.02377029998751823,2047793,20477930,0,47641588.0,5.351622599977418,25500,25729957.0,9782567,0.001803399994969368,40.15215910006373,56.87864370003081
primary,PRIMARY__CICIDS2017_COVERAGE_R1__Utility-Cost-Ratio__b1.0__seed3407,CICIDS2017,CICIDS2017_COVERAGE_R1,Utility-Cost-Ratio,1.0,0.5,3407,FedAvg,clean,honest,0.7552139040929311,0.4941165427826528,0.0031098236346596233,89686,3918,133.9217046817907,0.013392170468179069,0.1739623338621253,0.0359251968503937,0.001625256033484727,0.3587565062550293,0.49,288641,146,15465987,33895350,0.035206100008508656,2047707,20477070,0,48113908.0,5.073283199992147,25500,35178939.0,13392780,0.001796199991076719,37.53458239998872,54.287492200041015
primary,PRIMARY__CICIDS2017_COVERAGE_R1__Utility-Cost-Ratio__b1.0__seed42,CICIDS2017,CICIDS2017_COVERAGE_R1,Utility-Cost-Ratio,1.0,0.5,42,FedAvg,clean,honest,0.7651827579623998,0.5004926199968589,0.002444118561969515,89722,70,2.3926797671580777,0.00023926797671580774,0.20421129551877665,0.6111111111111112,0.0012245079704336984,0.2839263363951395,0.11,292489,110,14203300,32618047,0.0286677000040072,2046083,20460830,0,47688112.0,5.269880600018951,25500,20568505.0,12131717,0.0016648999735480174,36.88804019995587,53.42384839997976
primary,PRIMARY__CICIDS2017_COVERAGE_R1__Utility-Cost-Ratio__b1.0__seed777,CICIDS2017,CICIDS2017_COVERAGE_R1,Utility-Cost-Ratio,1.0,0.5,777,FedAvg,clean,honest,0.7540737098937998,0.49762939867222805,0.025896001657344105,88582,5458,186.56065955926837,0.018656065955926837,0.2902161710055905,0.18634466308884914,0.013914863300382937,0.6197563382461597,0.49,287101,1250,13297422,31726875,0.02611550000438001,2047717,20477170,0,48762643.0,4.91993510001339,25500,27676969.0,11224205,0.0015916000411380082,38.964667400039616,55.7112502999953
primary,PRIMARY__CICIDS2017_COVERAGE_R1__Utility-Cost-Ratio__b1.0__seed9001,CICIDS2017,CICIDS2017_COVERAGE_R1,Utility-Cost-Ratio,1.0,0.5,9001,FedAvg,clean,honest,0.7647068053379917,0.5003242764958421,0.0032569681393184737,89685,289,9.878349324409777,0.0009878349324409777,0.17571809216913586,0.33715596330275227,0.0016363879241250334,0.3625880425214204,0.91,292270,147,10678406,29108588,0.020086600015929434,2047798,20477980,0,48199189.0,5.318327800014231,25500,14578306.0,8605108,0.0018695999970077537,39.08456549997936,55.167653799995605
primary,PRIMARY__CICIDS2017_COVERAGE_R1__Utility-Only__b0.1__seed11,CICIDS2017,CICIDS2017_COVERAGE_R1,Utility-Only,0.1,0.5,11,FedAvg,clean,honest,0.7607893491217105,0.49769468515479787,0.0028126022021149025,89703,1769,60.4664358300377,0.00604664358300377,0.1770678936896774,0.06796628029504742,0.0014360138925995191,0.3076920786952744,0.26,290790,129,3885034,22308601,0.008314800003063283,2047063,20470630,0,47497120.0,5.691271399995458,25500,6040450.0,1812471,0.0012783999954990577,44.31986430001052,63.81082540000352
primary,PRIMARY__CICIDS2017_COVERAGE_R1__Utility-Only__b0.1__seed123,CICIDS2017,CICIDS2017_COVERAGE_R1,Utility-Only,0.1,0.5,123,FedAvg,clean,honest,0.7646257364843838,0.5002018717393842,0.0028583140378671216,89703,302,10.322704138310563,0.0010322704138310563,0.17371972427295312,0.29930394431554525,0.0014360138925995191,0.3610976045853155,0.51,292257,129,3899305,22313737,0.01933840000310738,2046048,20460480,0,47759280.0,11.632545600001322,25500,6740016.0,1827757,0.0031751999977132073,95.52099539998926,139.02753080000366
primary,PRIMARY__CICIDS2017_COVERAGE_R1__Utility-Only__b0.1__seed2026,CICIDS2017,CICIDS2017_COVERAGE_R1,Utility-Only,0.1,0.5,2026,FedAvg,clean,honest,0.7638281235698539,0.49968446624988266,0.0028707077398697142,89702,608,20.782132834744445,0.0020782132834744446,0.16025382554672035,0.17615176151761516,0.0014471457832398254,0.22947680263375136,0.47,291951,130,3804839,22240601,0.00884819999919273,2048418,20484180,1,47044136.0,5.4473480000033305,25500,7917990.0,1730921,0.0014198999997461215,38.61488059999101,55.04944620000424
primary,PRIMARY__CICIDS2017_COVERAGE_R1__Utility-Only__b0.1__seed2027,CICIDS2017,CICIDS2017_COVERAGE_R1,Utility-Only,0.1,0.5,2027,FedAvg,clean,honest,0.7640059520229294,0.49985082167275446,0.0031592435489572286,89689,553,18.902170160548813,0.0018902170160548812,0.183599726529573,0.20545977011494254,0.001591860361563808,0.396390952439603,0.58,292006,143,3632717,22063997,0.00734010000633134,2047920,20479200,4,47072514.0,6.274090300006719,25500,1279748.0,1559297,0.001302599994232878,48.03941169999598,67.56421720001163
primary,PRIMARY__CICIDS2017_COVERAGE_R1__Utility-Only__b0.1__seed2718,CICIDS2017,CICIDS2017_COVERAGE_R1,Utility-Only,0.1,0.5,2718,FedAvg,clean,honest,0.7504857593405703,0.49127340862305696,0.0043826696719258705,89622,5790,197.90879788350384,0.019790879788350382,0.18256451494403367,0.035,0.0023376970344643334,0.39909026189787883,0.07,286769,210,3836126,22257956,0.009370399997351342,2046870,20468700,1,47663328.0,5.829069299999901,25500,3078615.0,1763756,0.0014725999990332639,44.70437580002363,63.8682950999937
primary,PRIMARY__CICIDS2017_COVERAGE_R1__Utility-Only__b0.1__seed314,CICIDS2017,CICIDS2017_COVERAGE_R1,Utility-Only,0.1,0.5,314,FedAvg,clean,honest,0.7629049846884471,0.4990773122488199,0.0028376282706965386,89703,960,32.81389394959649,0.003281389394959649,0.1840479810962037,0.1184573002754821,0.0014360138925995191,0.28090328553916616,0.32,291599,129,3494307,21897354,0.0075852000027225586,2044783,20447830,6,47032926.0,6.255969600008029,25500,3517414.0,1424024,0.0013712999934796244,45.988104699999894,64.64119840000421
primary,PRIMARY__CICIDS2017_COVERAGE_R1__Utility-Only__b0.1__seed3407,CICIDS2017,CICIDS2017_COVERAGE_R1,Utility-Only,0.1,0.5,3407,FedAvg,clean,honest,0.7606664382791436,0.5047843149076746,0.041635687732342004,87844,3675,125.61568777579907,0.012561568777579907,0.21073929834455132,0.3510506798516687,0.022130198592929022,0.46587629381666884,0.5,288884,1988,3893248,22316248,0.009778999999980442,2047000,20470000,0,47770638.0,5.350138199994035,25500,2881063.0,1820748,0.0016066999924078118,42.534807100015314,61.91416959998969
primary,PRIMARY__CICIDS2017_COVERAGE_R1__Utility-Only__b0.1__seed42,CICIDS2017,CICIDS2017_COVERAGE_R1,Utility-Only,0.1,0.5,42,FedAvg,clean,honest,0.7640007217743096,0.49979340712199083,0.0028507657289341673,89703,541,18.491996486178856,0.0018491996486178857,0.16868815825558234,0.1925373134328358,0.0014360138925995191,0.330350915139557,0.49,292018,129,2552233,20869357,0.0060557000015251106,2035236,20352360,22,47913624.0,9.71803810000165,25500,1101770.0,491497,0.00310090001039498,76.35606909999842,117.52185289999761
primary,PRIMARY__CICIDS2017_COVERAGE_R1__Utility-Only__b0.1__seed777,CICIDS2017,CICIDS2017_COVERAGE_R1,Utility-Only,0.1,0.5,777,FedAvg,clean,honest,0.765012774882254,0.5003931019584146,0.0025087974423587136,89719,138,4.716997255254496,0.00047169972552544957,0.16953913363683273,0.450199203187251,0.0012579036423546175,0.33180926160796503,0.65,292421,113,3856191,22280793,0.007917799997812835,2047178,20471780,1,48333079.0,4.407566699996096,25500,3589917.0,1783513,0.0014267999958974542,34.56767259998924,49.447891199997684
primary,PRIMARY__CICIDS2017_COVERAGE_R1__Utility-Only__b0.1__seed9001,CICIDS2017,CICIDS2017_COVERAGE_R1,Utility-Only,0.1,0.5,9001,FedAvg,clean,honest,0.7621962860004551,0.4986141578081772,0.0028291955434687254,89703,1231,42.07698276245134,0.004207698276245134,0.2268287350300336,0.09485294117647058,0.0014360138925995191,0.3135676401614711,0.08,291328,129,2856087,21246282,0.004370400001789676,2043355,20433550,17,47436194.0,6.5869704999950045,25500,1081998.0,787232,0.0014373000030900585,46.95109479999519,65.53131129999929
primary,PRIMARY__CICIDS2017_COVERAGE_R1__Utility-Only__b0.2__seed11,CICIDS2017,CICIDS2017_COVERAGE_R1,Utility-Only,0.2,0.5,11,FedAvg,clean,honest,0.7439191821983258,0.4869125425647763,0.003906130794348317,89640,8283,283.1223787338622,0.02831223787338622,0.17608448478443992,0.02265486725663717,0.0021373230029388193,0.36817805765043593,0.06,284276,192,4831020,23254920,0.009427900000446243,2047100,20471000,2,48019096.0,5.131171299995913,25500,8164435.0,2758420,0.0014385999929800164,39.54377449997628,57.41613159999906
primary,PRIMARY__CICIDS2017_COVERAGE_R1__Utility-Only__b0.2__seed123,CICIDS2017,CICIDS2017_COVERAGE_R1,Utility-Only,0.2,0.5,123,FedAvg,clean,honest,0.7650153900065639,0.5003948110153911,0.0025088252925112675,89719,137,4.682816115723666,0.0004682816115723666,0.18862158617751204,0.452,0.0012579036423546175,0.4272670623899592,0.6,292422,113,5542276,23962603,0.010003800005506491,2046703,20467030,0,47681525.0,4.705416000000696,25500,11861492.0,3470073,0.0014831000007689,36.867793599984,55.374419300005684
primary,PRIMARY__CICIDS2017_COVERAGE_R1__Utility-Only__b0.2__seed2026,CICIDS2017,CICIDS2017_COVERAGE_R1,Utility-Only,0.2,0.5,2026,FedAvg,clean,honest,0.7592176594114401,0.49667525568858367,0.002837493908052201,89701,2372,81.07766296712799,0.008107766296712799,0.1776448674884483,0.05233719536556133,0.0014582776738801318,0.33976041596341583,0.07,290187,131,5524805,23953979,0.01034070000241627,2047686,20476860,0,48168513.0,5.130636099995172,25500,13796561.0,3451619,0.0013645000035467092,38.2229847000126,56.354614299994864
primary,PRIMARY__CICIDS2017_COVERAGE_R1__Utility-Only__b0.2__seed2027,CICIDS2017,CICIDS2017_COVERAGE_R1,Utility-Only,0.2,0.5,2027,FedAvg,clean,honest,0.7629729779205054,0.499191171720395,0.003233220793788697,89685,952,32.54044483334985,0.0032540444833349855,0.17642778586529254,0.1337579617834395,0.0016363879241250334,0.3599302309649247,0.89,291607,147,5060762,23497847,0.011147700002766214,2048565,20485650,0,47648927.0,5.408514500002639,25500,4420628.0,2986697,0.0015908999885141384,41.47152610000194,59.46178479999071
primary,PRIMARY__CICIDS2017_COVERAGE_R1__Utility-Only__b0.2__seed2718,CICIDS2017,CICIDS2017_COVERAGE_R1,Utility-Only,0.2,0.5,2718,FedAvg,clean,honest,0.7724161918036774,0.5601805304904393,0.24812952499438426,75472,11554,394.9288861392061,0.03949288861392061,0.3916049644005783,0.5541406189704406,0.15985394959479918,0.6420834060215249,0.64,281005,14360,5430999,23848653,0.010607900007016724,2046406,20464060,0,47787657.0,5.219649800001207,25500,6540565.0,3359093,0.0015957999930833466,40.47125930003676,58.505809099988255
primary,PRIMARY__CICIDS2017_COVERAGE_R1__Utility-Only__b0.2__seed314,CICIDS2017,CICIDS2017_COVERAGE_R1,Utility-Only,0.2,0.5,314,FedAvg,clean,honest,0.7541678543689574,0.4972165274571193,0.023416235533669928,88705,5299,181.12585837386646,0.018112585837386647,0.18648832635523346,0.17538126361655773,0.012545640751625255,0.41007086971860307,0.75,287260,1127,4931879,23355617,0.010162099992157891,2047082,20470820,1,47752300.0,4.941382299992256,25500,10754540.0,2859297,0.0016068999975686893,38.13170310001442,55.86999650000871
primary,PRIMARY__CICIDS2017_COVERAGE_R1__Utility-Only__b0.2__seed3407,CICIDS2017,CICIDS2017_COVERAGE_R1,Utility-Only,0.2,0.5,3407,FedAvg,clean,honest,0.765329204923756,0.5006538942893867,0.002822535837315257,89705,31,1.0596153254557201,0.00010596153254557201,0.1807671542628245,0.8037974683544303,0.0014137501113189064,0.38739573484995243,0.8,292528,127,5620866,24046341,0.011315099996863864,2047275,20472750,0,48014924.0,5.001146000002336,25500,7279515.0,3548091,0.0015747000070405193,39.51773050001066,57.16452120001122
primary,PRIMARY__CICIDS2017_COVERAGE_R1__Utility-Only__b0.2__seed42,CICIDS2017,CICIDS2017_COVERAGE_R1,Utility-Only,0.2,0.5,42,FedAvg,clean,honest,0.8145667654311948,0.6488626479729238,0.46007766694586155,59621,11287,385.8025218844746,0.03858025218844746,0.44812158468701857,0.7280109884813726,0.33630554813429514,0.59342072495198,0.92,281272,30211,5112943,23521489,0.010808599996380508,2045394,20453940,0,47448872.0,5.42382689999431,25500,7349190.0,3042049,0.0015109999912965577,38.48854620002385,55.970052199994825
primary,PRIMARY__CICIDS2017_COVERAGE_R1__Utility-Only__b0.2__seed777,CICIDS2017,CICIDS2017_COVERAGE_R1,Utility-Only,0.2,0.5,777,FedAvg,clean,honest,0.7289737467670526,0.4769215824199122,0.0025792543260254462,89698,13940,476.4850850597657,0.04764850850597657,0.1753999217309504,0.009521102742646014,0.0014916733458010508,0.3632608442333994,0.37,278619,134,5489448,23904339,0.01131209998493432,2046099,20460990,0,48771487.0,5.114864999995916,25500,3553587.0,3417849,0.0017986999882850796,40.52361249996102,58.67444329999489
primary,PRIMARY__CICIDS2017_COVERAGE_R1__Utility-Only__b0.2__seed9001,CICIDS2017,CICIDS2017_COVERAGE_R1,Utility-Only,0.2,0.5,9001,FedAvg,clean,honest,0.8294598983762693,0.7090862527605483,0.5704499496103862,46530,18683,638.6062298544908,0.06386062298544909,0.5747716402446938,0.6985883681535855,0.48203312850654556,0.6955924190289875,0.95,273876,43302,5390174,23807792,0.010924900005193194,2046402,20464020,0,48030419.0,5.42652909998651,25500,4647853.0,3318272,0.0015519999869866297,40.63857969993842,57.814624000006006
primary,PRIMARY__CICIDS2017_COVERAGE_R1__Utility-Only__b0.4__seed11,CICIDS2017,CICIDS2017_COVERAGE_R1,Utility-Only,0.4,0.5,11,FedAvg,clean,honest,0.7608808784725581,0.4977583590373204,0.0028354253683326607,89702,1735,59.30427708598949,0.005930427708598949,0.1734895338767179,0.06970509383378017,0.0014471457832398254,0.26945348054606777,0.47,290824,130,5402309,23837261,0.008821499985060655,2048328,20483280,8,48116964.0,6.071402400004445,25500,10198808.0,3328481,0.0016058999826782383,46.85127620003914,67.08963510001195
primary,PRIMARY__CICIDS2017_COVERAGE_R1__Utility-Only__b0.4__seed123,CICIDS2017,CICIDS2017_COVERAGE_R1,Utility-Only,0.4,0.5,123,FedAvg,clean,honest,0.7571935531955512,0.4991939063789778,0.023701117759014102,88705,4142,141.57827993669653,0.014157827993669653,0.2373803418369489,0.21389257923704688,0.012545640751625255,0.5299572989686817,0.47,288417,1127,8874234,27299790,0.016403800011175917,2047284,20472840,0,47890753.0,6.0214505000003555,25500,21449488.0,6801450,0.0017999999872699846,45.852267700014636,66.82484830000976
primary,PRIMARY__CICIDS2017_COVERAGE_R1__Utility-Only__b0.4__seed2026,CICIDS2017,CICIDS2017_COVERAGE_R1,Utility-Only,0.4,0.5,2026,FedAvg,clean,honest,0.7650755378656925,0.5004534037675696,0.0026202133919550567,89714,119,4.0675556041687315,0.0004067555604168732,0.1680723942127454,0.4978902953586498,0.0013135630955561492,0.3193351347847092,0.67,292440,118,9067833,27498510,0.015375199996924493,2047853,20478530,0,48301637.0,6.3721294999959355,25500,23042743.0,6994480,0.0017687000035948586,44.052051000016945,64.7697654000076
primary,PRIMARY__CICIDS2017_COVERAGE_R1__Utility-Only__b0.4__seed2027,CICIDS2017,CICIDS2017_COVERAGE_R1,Utility-Only,0.4,0.5,2027,FedAvg,clean,honest,0.7620550692877186,0.5023671864100248,0.024152724152724153,88706,2282,78.00136040935332,0.007800136040935332,0.2382912954772783,0.33039906103286387,0.01253450886098495,0.5352038051175088,0.49,290277,1126,7357037,25796912,0.013687400001799688,2048875,20488750,0,48441588.0,6.029914799997641,25500,6895386.0,5282662,0.001766299996234011,48.385292600003595,69.36638859997765
primary,PRIMARY__CICIDS2017_COVERAGE_R1__Utility-Only__b0.4__seed2718,CICIDS2017,CICIDS2017_COVERAGE_R1,Utility-Only,0.4,0.5,2718,FedAvg,clean,honest,0.7648872489153772,0.5003959187671001,0.0029941779872470196,89697,208,7.109677022412574,0.0007109677022412573,0.1733207494462058,0.3935860058309038,0.0015028052364413572,0.3539055448601322,0.64,292351,135,8285913,26709768,0.01561649998620851,2047095,20470950,0,48029461.0,6.061573599981784,25500,13839422.0,6213318,0.0019088999906671233,45.30108240001573,65.65805670000555
primary,PRIMARY__CICIDS2017_COVERAGE_R1__Utility-Only__b0.4__seed314,CICIDS2017,CICIDS2017_COVERAGE_R1,Utility-Only,0.4,0.5,314,FedAvg,clean,honest,0.7486107152103475,0.489747177480075,0.0027387880862718246,89700,6429,219.750546043704,0.021975054604370402,0.17015329605031929,0.020118884316415182,0.001469409564520438,0.2805011747318572,0.26,286130,132,7148747,25575005,0.013206299994635629,2047362,20473620,4,47396537.0,5.564904700004263,25500,13476908.0,5075885,0.0016901999988476746,44.11202839998077,63.37104400000317
primary,PRIMARY__CICIDS2017_COVERAGE_R1__Utility-Only__b0.4__seed3407,CICIDS2017,CICIDS2017_COVERAGE_R1,Utility-Only,0.4,0.5,3407,FedAvg,clean,honest,0.765371046912715,0.500654240982606,0.0026678523788350376,89712,8,0.2734491162466374,2.7344911624663742e-05,0.17621729310704168,0.9375,0.0013358268768367619,0.36657905793507756,0.87,292551,120,9000676,27433765,0.018126499995560152,2048121,20481210,0,48415595.0,5.807001699999091,25500,14375746.0,6927055,0.0021102999889990315,44.68944040003771,65.08220899998196
primary,PRIMARY__CICIDS2017_COVERAGE_R1__Utility-Only__b0.4__seed42,CICIDS2017,CICIDS2017_COVERAGE_R1,Utility-Only,0.4,0.5,42,FedAvg,clean,honest,0.7616314191495093,0.49824500150124423,0.002822510064764572,89703,1447,49.460108901110544,0.004946010890111054,0.18046527175680174,0.08185279187817258,0.0014360138925995191,0.33602178065694527,0.12,291112,129,8342306,26753804,0.015916399999696296,2045722,20457220,0,47831197.0,6.269580000000133,25500,12082710.0,6271084,0.001934100000653416,44.830496499980654,66.26148720000492
primary,PRIMARY__CICIDS2017_COVERAGE_R1__Utility-Only__b0.4__seed777,CICIDS2017,CICIDS2017_COVERAGE_R1,Utility-Only,0.4,0.5,777,FedAvg,clean,honest,0.7291515752201281,0.47703779829431703,0.0025809433925923072,89698,13872,474.1607675716693,0.04741607675716693,0.18359433247692714,0.009567328287876624,0.0014916733458010508,0.4055045624438038,0.28,278687,134,8780494,27202864,0.017579899991687853,2046930,20469300,0,48648074.0,5.743550700004562,25500,13225998.0,6708064,0.0018370000070717651,45.45952910002234,66.08209619999616
primary,PRIMARY__CICIDS2017_COVERAGE_R1__Utility-Only__b0.4__seed9001,CICIDS2017,CICIDS2017_COVERAGE_R1,Utility-Only,0.4,0.5,9001,FedAvg,clean,honest,0.7639484192881109,0.5032574237101157,0.02243978513255935,88796,1468,50.17791283125797,0.005017791283125797,0.22351036199554453,0.41373801916932906,0.011532638703357379,0.5076470133101836,0.5,291091,1036,7867189,26301349,0.015799799999513198,2048240,20482400,0,48053873.0,5.668037000010372,25500,8764213.0,5793449,0.0018734999903244898,44.9225511998593,65.43563139998878
primary,PRIMARY__CICIDS2017_COVERAGE_R1__Utility-Only__b0.6__seed11,CICIDS2017,CICIDS2017_COVERAGE_R1,Utility-Only,0.6,0.5,11,FedAvg,clean,honest,0.7634201641775041,0.4994139964731986,0.002843789956351131,89703,763,26.080209462023046,0.0026080209462023044,0.18928934344420717,0.1446188340807175,0.0014360138925995191,0.28357083420388457,0.29,291796,129,6005123,24431705,0.009178400032396894,2047398,20473980,8,47832863.0,5.78243529998872,25500,9328078.0,3932225,0.0014514000140479766,45.29264179999154,64.51906900003087
primary,PRIMARY__CICIDS2017_COVERAGE_R1__Utility-Only__b0.6__seed123,CICIDS2017,CICIDS2017_COVERAGE_R1,Utility-Only,0.6,0.5,123,FedAvg,clean,honest,0.764855867423658,0.5003676963066943,0.0029495581207101117,89699,218,7.45148841772087,0.000745148841772087,0.17502573708885186,0.3789173789173789,0.0014805414551607445,0.35688054791320134,0.77,292341,133,11324069,29755727,0.016921600014029536,2047962,20479620,0,47847822.0,5.215186799992807,25500,26710406.0,9250607,0.0014804999882471748,38.50426530002005,56.24218420001125
primary,PRIMARY__CICIDS2017_COVERAGE_R1__Utility-Only__b0.6__seed2026,CICIDS2017,CICIDS2017_COVERAGE_R1,Utility-Only,0.6,0.5,2026,FedAvg,clean,honest,0.7640347183903387,0.4999004764062453,0.0033358002054499464,89681,550,18.799626741956324,0.0018799626741956323,0.17206292228872072,0.21540656205420827,0.0016809154866862588,0.3476452956759601,0.48,292009,151,12570321,31007469,0.020069400008651428,2048572,20485720,0,48753629.0,5.077036500006216,25500,30471982.0,10496249,0.0017211000158567913,37.0630919999312,54.82127759998548
primary,PRIMARY__CICIDS2017_COVERAGE_R1__Utility-Only__b0.6__seed2027,CICIDS2017,CICIDS2017_COVERAGE_R1,Utility-Only,0.6,0.5,2027,FedAvg,clean,honest,0.7637104429759068,0.5022688116430304,0.017827055818250993,89012,1343,45.90527038990426,0.004590527038990426,0.23690590182057175,0.3791030975496995,0.009128150325051206,0.5307263888769018,0.56,291216,820,9916333,28362283,0.015038299970910884,2049550,20495500,0,48527477.0,4.601100600011705,25500,17509747.0,7841283,0.0015824999936739914,34.71915839994472,49.442229300009785
primary,PRIMARY__CICIDS2017_COVERAGE_R1__Utility-Only__b0.6__seed2718,CICIDS2017,CICIDS2017_COVERAGE_R1,Utility-Only,0.6,0.5,2718,FedAvg,clean,honest,0.7601931007790456,0.5011503378427273,0.02396968664850136,88706,2994,102.33833175530405,0.010233833175530406,0.20190965639071876,0.2733009708737864,0.01253450886098495,0.4545939779292744,0.49,289565,1126,10463295,28892694,0.018294999994395766,2047711,20477110,0,48175117.0,5.869822900021973,25500,18035696.0,8390084,0.0017445000048610382,46.141699500098184,65.08169569999882
primary,PRIMARY__CICIDS2017_COVERAGE_R1__Utility-Only__b0.6__seed314,CICIDS2017,CICIDS2017_COVERAGE_R1,Utility-Only,0.6,0.5,314,FedAvg,clean,honest,0.7649395514015759,0.5003375345863842,0.0024637375564606524,89721,164,5.605706883056067,0.0005605706883056068,0.16324546139846063,0.4036363636363636,0.0012356398610740048,0.29287004412010115,0.61,292395,111,10092476,28523306,0.01745050001045456,2047870,20478700,1,48043558.0,5.79982249999739,25500,20552014.0,8019106,0.0016861999974935316,44.6544969999959,63.419483899990155
primary,PRIMARY__CICIDS2017_COVERAGE_R1__Utility-Only__b0.6__seed3407,CICIDS2017,CICIDS2017_COVERAGE_R1,Utility-Only,0.6,0.5,3407,FedAvg,clean,honest,0.7635927623819598,0.49960007511217897,0.0032636499955896623,89684,716,24.47369590407405,0.002447369590407405,0.22914529624371788,0.1712962962962963,0.0016475198147653397,0.5116401628191323,0.93,291843,148,11716005,30149625,0.020209500020428095,2048180,20481800,0,48083958.0,5.775391099945409,25500,24550666.0,9642325,0.0017882000320241787,42.996834999918065,62.20214100001613
primary,PRIMARY__CICIDS2017_COVERAGE_R1__Utility-Only__b0.6__seed42,CICIDS2017,CICIDS2017_COVERAGE_R1,Utility-Only,0.6,0.5,42,FedAvg,clean,honest,0.7640007217743096,0.4997625520152419,0.002674446875759786,89711,533,18.218547369932217,0.0018218547369932218,0.19942146501314634,0.18501529051987767,0.0013469587674770683,0.2922262980889765,0.08,292026,121,11108198,29525402,0.017153699998743832,2046356,20463560,0,47821750.0,5.399297599979036,25500,15067720.0,9036342,0.0014934999780962244,36.91090379995876,54.19304790000024
primary,PRIMARY__CICIDS2017_COVERAGE_R1__Utility-Only__b0.6__seed777,CICIDS2017,CICIDS2017_COVERAGE_R1,Utility-Only,0.6,0.5,777,FedAvg,clean,honest,0.765289978059107,0.5005626913328971,0.002445232352646964,89722,29,0.9912530463940606,9.912530463940606e-05,0.1772783438094284,0.7913669064748201,0.0012245079704336984,0.3741308250311816,0.83,292530,110,12004314,30431922,0.01974909998534713,2047512,20475120,0,48578444.0,5.670309100023587,25500,22074954.0,9931302,0.0017996000096900389,40.24878689998877,57.20622580001509
primary,PRIMARY__CICIDS2017_COVERAGE_R1__Utility-Only__b0.6__seed9001,CICIDS2017,CICIDS2017_COVERAGE_R1,Utility-Only,0.6,0.5,9001,FedAvg,clean,honest,0.7651252252275812,0.500455020743375,0.0024435213363840328,89722,92,3.1446648368363306,0.00031446648368363303,0.17604213457290238,0.5445544554455446,0.0012245079704336984,0.3675007710907712,0.9,292467,110,8549732,26989625,0.014943300011509564,2048877,20488770,0,48043084.0,5.449951799979317,25500,11711067.0,6475355,0.0016159999868250452,42.78619630001049,61.08681500000239
primary,PRIMARY__CICIDS2017_COVERAGE_R1__Utility-Only__b0.8__seed11,CICIDS2017,CICIDS2017_COVERAGE_R1,Utility-Only,0.8,0.5,11,FedAvg,clean,honest,0.7024328501455317,0.6145577074763413,0.41473914854876787,49515,64272,2196.890199925485,0.2196890199925485,0.3055390402936648,0.3854803086366635,0.4488044349452311,0.5662210771774361,0.95,228287,40317,6832380,25270482,0.03480590001709061,2048678,20486780,6,48153846.0,15.385930199976428,25500,10803450.0,4758202,0.004457400005776435,124.19839389996196,177.36086789999536
primary,PRIMARY__CICIDS2017_COVERAGE_R1__Utility-Only__b0.8__seed123,CICIDS2017,CICIDS2017_COVERAGE_R1,Utility-Only,0.8,0.5,123,FedAvg,clean,honest,0.7647434170783308,0.5003173481867648,0.003080742037722467,89693,267,9.126364254731524,0.0009126364254731525,0.17879946623142412,0.34236453201970446,0.0015473327990025826,0.37279319526589383,0.81,292292,139,12965507,31394087,0.058650500017392915,2047620,20476200,0,48085566.0,13.874332300001697,25500,30583958.0,10892387,0.0042946000103256665,110.09775920000538,159.34168489996955
primary,PRIMARY__CICIDS2017_COVERAGE_R1__Utility-Only__b0.8__seed2026,CICIDS2017,CICIDS2017_COVERAGE_R1,Utility-Only,0.8,0.5,2026,FedAvg,clean,honest,0.7651539915949904,0.5006010976854562,0.0031746384131247987,89689,114,3.8966499065145834,0.00038966499065145834,0.1716461559662991,0.556420233463035,0.001591860361563808,0.3432526383650405,0.73,292445,143,15951848,34391480,0.1313793999797781,2048848,20488480,0,48338782.0,14.508302299997013,25500,37591292.0,13877500,0.004365799977676943,116.50417819994618,169.36442049998732
primary,PRIMARY__CICIDS2017_COVERAGE_R1__Utility-Only__b0.8__seed2027,CICIDS2017,CICIDS2017_COVERAGE_R1,Utility-Only,0.8,0.5,2027,FedAvg,clean,honest,0.7636947522300472,0.5033654842557876,0.02391574399135836,88725,1636,55.920344272437355,0.005592034427243735,0.25513812093976707,0.4035727305869486,0.01232300293881913,0.557447440921353,0.6,290923,1107,11996929,30445021,0.05358810001052916,2049788,20497880,0,48387814.0,15.568510599994624,25500,20637878.0,9921641,0.004580000007990748,122.76374639996357,174.8849770999659
primary,PRIMARY__CICIDS2017_COVERAGE_R1__Utility-Only__b0.8__seed2718,CICIDS2017,CICIDS2017_COVERAGE_R1,Utility-Only,0.8,0.5,2718,FedAvg,clean,honest,0.7650075446336342,0.5005169611598007,0.0032390101052678284,89686,173,5.913337138833534,0.0005913337138833535,0.1746668961337446,0.45768025078369906,0.001625256033484727,0.3559251130725809,0.82,292386,146,11693828,30128384,0.054795099997136276,2048284,20482840,0,48123025.0,15.955872800012003,25500,23192538.0,9620044,0.004792999992787372,127.4936767000545,179.1506775999951
primary,PRIMARY__CICIDS2017_COVERAGE_R1__Utility-Only__b0.8__seed314,CICIDS2017,CICIDS2017_COVERAGE_R1,Utility-Only,0.8,0.5,314,FedAvg,clean,honest,0.7562887201843139,0.49664713027488333,0.013131002933296623,89212,3981,136.07511647223296,0.013607511647223295,0.1724489978104797,0.13475331449684852,0.006901772196989937,0.3195908650293976,0.26,288578,620,9092808,27517329,0.04824179996649036,2047169,20471690,2,47784100.0,15.7098460000052,25500,17021349.0,7020139,0.004263199989509303,125.36785260008037,176.96418779999658
primary,PRIMARY__CICIDS2017_COVERAGE_R1__Utility-Only__b0.8__seed3407,CICIDS2017,CICIDS2017_COVERAGE_R1,Utility-Only,0.8,0.5,3407,FedAvg,clean,honest,0.7644766743987176,0.500146881263501,0.003099333643266698,89692,370,12.647021626406982,0.0012647021626406981,0.17377181554590668,0.27450980392156865,0.0015584646896428889,0.3369845826571337,0.87,292189,140,13655008,32086747,0.07415649999165908,2047971,20479710,0,48215000.0,14.906955899998138,25500,30696435.0,11581537,0.004897599988908041,118.02508450001187,170.27068579999468
primary,PRIMARY__CICIDS2017_COVERAGE_R1__Utility-Only__b0.8__seed42,CICIDS2017,CICIDS2017_COVERAGE_R1,Utility-Only,0.8,0.5,42,FedAvg,clean,honest,0.7538749604462448,0.4931720816204786,0.0027126690119950833,89704,4412,150.80718761002055,0.015080718761002055,0.2002246239067467,0.028193832599118944,0.0014248820019592127,0.265918543858002,0.05,288147,128,13344750,31759443,0.05831560000660829,2046077,20460770,0,47956996.0,15.31391699998494,25500,19197152.0,11273173,0.004358399994089268,106.49580330002937,153.80129270001635
primary,PRIMARY__CICIDS2017_COVERAGE_R1__Utility-Only__b0.8__seed777,CICIDS2017,CICIDS2017_COVERAGE_R1,Utility-Only,0.8,0.5,777,FedAvg,clean,honest,0.764858482547968,0.5003539778102964,0.002861135138731785,89703,213,7.280582720066722,0.0007280582720066721,0.17463066377577297,0.37719298245614036,0.0014360138925995191,0.3608630962729213,0.5,292346,129,13501642,31928215,0.07030910001049051,2047397,20473970,0,48599896.0,14.084167099987098,25500,29126854.0,11428745,0.004689300003519747,114.88786709999113,163.7504115000047
primary,PRIMARY__CICIDS2017_COVERAGE_R1__Utility-Only__b0.8__seed9001,CICIDS2017,CICIDS2017_COVERAGE_R1,Utility-Only,0.8,0.5,9001,FedAvg,clean,honest,0.761960924812561,0.4986030475490021,0.0036341345943342526,89666,1358,46.41798748286671,0.00464179874828667,0.18210449710558077,0.1089238845144357,0.001847893846290854,0.39571887849230164,0.6,291201,166,10320258,28751421,0.04527439999219496,2047907,20479070,0,48298309.0,15.274201799977163,25500,13858317.0,8246851,0.004377099961857311,122.49466240002948,173.86352370003442
primary,PRIMARY__CICIDS2017_COVERAGE_R1__Utility-Only__b1.0__seed11,CICIDS2017,CICIDS2017_COVERAGE_R1,Utility-Only,1.0,0.5,11,FedAvg,clean,honest,0.7652429058215282,0.5005550696373811,0.0025777491361207096,89716,53,1.811600395133973,0.0001811600395133973,0.16535651083458167,0.6863905325443787,0.0012912993142755365,0.30817275994974336,0.84,292506,116,7637266,26076349,0.015280400002666283,2048787,20487870,3,48273789.0,5.4811160000172094,25500,15949267.0,5562979,0.0013150000013411045,40.92169640002976,58.01995699998952
primary,PRIMARY__CICIDS2017_COVERAGE_R1__Utility-Only__b1.0__seed123,CICIDS2017,CICIDS2017_COVERAGE_R1,Utility-Only,1.0,0.5,123,FedAvg,clean,honest,0.7654259645232236,0.5015077915079591,0.007348140278653874,89500,199,6.802046766635106,0.0006802046766635106,0.18179637716901992,0.6252354048964218,0.003695787692581708,0.3785144130506694,0.75,292360,332,14524476,32952111,0.03056959997775266,2047515,20475150,0,48196348.0,5.215034300017578,25500,33284626.0,12451461,0.0013898999604862183,38.52201469997817,55.565294899977744
primary,PRIMARY__CICIDS2017_COVERAGE_R1__Utility-Only__b1.0__seed2026,CICIDS2017,CICIDS2017_COVERAGE_R1,Utility-Only,1.0,0.5,2026,FedAvg,clean,honest,0.7644322172854486,0.5000715446347765,0.0028338960535783473,89704,375,12.81792732406113,0.0012817927324061129,0.16774237908636516,0.2544731610337972,0.0014248820019592127,0.32420995218512133,0.68,292184,128,18259950,36699528,0.05271469998842804,2048842,20488420,0,48770164.0,5.138226599992777,25500,42217994.0,16185608,0.0014188999994075857,38.18011269997078,55.05936490002205
primary,PRIMARY__CICIDS2017_COVERAGE_R1__Utility-Only__b1.0__seed2027,CICIDS2017,CICIDS2017_COVERAGE_R1,Utility-Only,1.0,0.5,2027,FedAvg,clean,honest,0.7629180603099969,0.5025532001546096,0.022175723191750978,88804,1854,63.37183269015822,0.006337183269015822,0.24747631903405465,0.3566967383761277,0.011443583578234927,0.5517435690793925,0.53,290705,1028,10726313,29173595,0.020023199991555884,2049698,20496980,0,48502961.0,5.281072800018592,25500,17984063.0,8651115,0.0015009000126156025,40.59050679998472,57.77328660002968
primary,PRIMARY__CICIDS2017_COVERAGE_R1__Utility-Only__b1.0__seed2718,CICIDS2017,CICIDS2017_COVERAGE_R1,Utility-Only,1.0,0.5,2718,FedAvg,clean,honest,0.7647852590672898,0.5003716913167946,0.0032359590407376212,89686,258,8.818733998954057,0.0008818733998954057,0.1808186993374603,0.3613861386138614,0.001625256033484727,0.38243171956055244,0.82,292301,146,11797488,30227643,0.02149570001347456,2047795,20477950,0,48319708.0,5.473490300028061,25500,22249422.0,9724193,0.0015753000043332577,40.708640100107004,57.45241779999196
primary,PRIMARY__CICIDS2017_COVERAGE_R1__Utility-Only__b1.0__seed314,CICIDS2017,CICIDS2017_COVERAGE_R1,Utility-Only,1.0,0.5,314,FedAvg,clean,honest,0.7593771819943461,0.4967795081641527,0.002839369703275029,89701,2311,78.99261345574739,0.007899261345574738,0.1722287623980867,0.053644553644553644,0.0014582776738801318,0.3398925317828231,0.22,290248,131,11855860,30285997,0.022704699986206833,2047793,20477930,0,47641588.0,5.323081499991531,25500,25729957.0,9782567,0.0015811000048415735,39.62419339991902,56.24932190000254
primary,PRIMARY__CICIDS2017_COVERAGE_R1__Utility-Only__b1.0__seed3407,CICIDS2017,CICIDS2017_COVERAGE_R1,Utility-Only,1.0,0.5,3407,FedAvg,clean,honest,0.7552139040929311,0.4941165427826528,0.0031098236346596233,89686,3918,133.9217046817907,0.013392170468179069,0.1739623338621253,0.0359251968503937,0.001625256033484727,0.3587565062550293,0.49,288641,146,15465987,33895350,0.03514470000664005,2047707,20477070,0,48113908.0,5.035679299995536,25500,35178939.0,13392780,0.0016049999903771095,37.0781804000726,53.844777099991916
primary,PRIMARY__CICIDS2017_COVERAGE_R1__Utility-Only__b1.0__seed42,CICIDS2017,CICIDS2017_COVERAGE_R1,Utility-Only,1.0,0.5,42,FedAvg,clean,honest,0.7651827579623998,0.5004926199968589,0.002444118561969515,89722,70,2.3926797671580777,0.00023926797671580774,0.20421129551877665,0.6111111111111112,0.0012245079704336984,0.2839263363951395,0.11,292489,110,14203300,32618047,0.029294999978446867,2046083,20460830,0,47688112.0,5.411372599992319,25500,20568505.0,12131717,0.0015601999912178144,36.23206999994727,52.4909550000084
primary,PRIMARY__CICIDS2017_COVERAGE_R1__Utility-Only__b1.0__seed777,CICIDS2017,CICIDS2017_COVERAGE_R1,Utility-Only,1.0,0.5,777,FedAvg,clean,honest,0.7540737098937998,0.49762939867222805,0.025896001657344105,88582,5458,186.56065955926837,0.018656065955926837,0.2902161710055905,0.18634466308884914,0.013914863300382937,0.6197563382461597,0.49,287101,1250,13297422,31726875,0.02635680000821594,2047717,20477170,0,48762643.0,4.943987300001027,25500,27676969.0,11224205,0.0015711999949417077,38.9368058999753,55.73155589999806
primary,PRIMARY__CICIDS2017_COVERAGE_R1__Utility-Only__b1.0__seed9001,CICIDS2017,CICIDS2017_COVERAGE_R1,Utility-Only,1.0,0.5,9001,FedAvg,clean,honest,0.7647068053379917,0.5003242764958421,0.0032569681393184737,89685,289,9.878349324409777,0.0009878349324409777,0.17571809216913586,0.33715596330275227,0.0016363879241250334,0.3625880425214204,0.91,292270,147,10678406,29108588,0.018733199991402216,2047798,20477980,0,48199189.0,5.247164599961252,25500,14578306.0,8605108,0.0015829999829293229,39.20047839995095,55.256151599976874
primary,PRIMARY__CICIoT2023_R1__CB-Score__b0.1__seed11,CICIoT2023,CICIoT2023_R1,CB-Score,0.1,0.5,11,FedAvg,clean,honest,0.8958256537426136,0.9147849779812336,0.926551892513428,8267,1059,472.0934379457917,0.047209343794579174,0.9887642539710981,0.9823155152547468,0.8767792997570464,0.9639199389076829,0.52,21373,58824,2706407,16177247,0.007681299997784663,1496760,14967600,0,31023687.0,2.894886399997631,25500,3668666.0,1184147,0.013329000052181073,24.467451800082927,39.52259519998188
primary,PRIMARY__CICIoT2023_R1__CB-Score__b0.1__seed123,CICIoT2023,CICIoT2023_R1,CB-Score,0.1,0.5,123,FedAvg,clean,honest,0.4101515811579147,0.5086171761256365,0.44161282476973995,46210,6595,2939.996433666191,0.2939996433666191,0.783313665548035,0.7599723394962876,0.3112339956178921,0.5003784206367059,0.95,15837,20881,1508670,14857200,0.0002367999986745417,1483170,14831700,30,36697113.0,3.398969300003955,25500,0.0,0,0.011072999986936338,25.13992400002462,39.96885589998419
primary,PRIMARY__CICIoT2023_R1__CB-Score__b0.1__seed2026,CICIoT2023,CICIoT2023_R1,CB-Score,0.1,0.5,2026,FedAvg,clean,honest,0.8567630664745373,0.9013645028184833,0.8946975109424914,12616,207,92.27888730385165,0.009227888730385164,0.9851182187046486,0.9962144764273435,0.8119568943673519,0.9519550433991213,0.05,22225,54475,2778142,16246300,0.007030000000668224,1496462,14964620,0,33021700.0,2.7580272999985027,25500,4038172.0,1256180,0.011800200030847918,23.983161100011785,38.433704299990495
primary,PRIMARY__CICIoT2023_R1__CB-Score__b0.1__seed2027,CICIoT2023,CICIoT2023_R1,CB-Score,0.1,0.5,2027,FedAvg,clean,honest,0.8965405538241569,0.9146536242075962,0.9271397105097545,8162,1100,490.3708987161198,0.04903708987161198,0.9887542016817203,0.9816755234969765,0.8783443382868045,0.9631368276104478,0.37,21332,58929,2833163,16302788,0.00705319999542553,1496625,14966250,0,34440654.0,2.797254900011467,25500,4431276.0,1311038,0.011053500020352658,24.379066199981025,39.44568099996832
primary,PRIMARY__CICIoT2023_R1__CB-Score__b0.1__seed2718,CICIoT2023,CICIoT2023_R1,CB-Score,0.1,0.5,2718,FedAvg,clean,honest,0.883605330473733,0.9062015988631789,0.9172608743985136,9332,1088,485.02139800285306,0.04850213980028531,0.9873818243968394,0.9815113769605928,0.8609053375266429,0.9589233246948792,0.28,21344,57759,2725914,16188780,0.006512799998745322,1495874,14958740,3,34985610.0,2.842342399984773,25500,2800803.0,1204540,0.01142419997631805,24.474758599943016,39.32865529999981
primary,PRIMARY__CICIoT2023_R1__CB-Score__b0.1__seed314,CICIoT2023,CICIoT2023_R1,CB-Score,0.1,0.5,314,FedAvg,clean,honest,0.895758631859969,0.913597811910074,0.926590204685263,8196,1136,506.4194008559201,0.05064194008559201,0.9877406389392558,0.9810764438373507,0.87783756390574,0.95980712999809,0.41,21296,58895,2708429,16174355,0.006539300033182371,1496214,14962140,2,33277785.0,2.8743721999926493,25500,4457688.0,1186715,0.01180420000309823,24.248926799999026,39.37411400000565
primary,PRIMARY__CICIoT2023_R1__CB-Score__b0.1__seed3407,CICIoT2023,CICIoT2023_R1,CB-Score,0.1,0.5,3407,FedAvg,clean,honest,0.8777855969974196,0.9049746397126299,0.9125132937253616,10032,909,405.2246790299572,0.04052246790299572,0.982966674614437,0.9843189345845984,0.8504717473282557,0.9436727931335451,0.85,21523,57059,2673830,16139441,0.00702210002054926,1496179,14961790,2,32703614.0,2.7924267999915173,25500,3356004.0,1152151,0.012196900017443113,23.95867829998315,38.95323859999917
primary,PRIMARY__CICIoT2023_R1__CB-Score__b0.1__seed42,CICIoT2023,CICIoT2023_R1,CB-Score,0.1,0.5,42,FedAvg,clean,honest,0.8874702590395764,0.9098336147083939,0.9201376226792028,9057,1017,453.3701854493581,0.045337018544935805,0.9876318612974041,0.982777599024572,0.8650042479617236,0.9596478071807255,0.73,21415,58034,2701823,16167821,0.006788799983041827,1496222,14962220,0,30956679.0,2.7680776999841328,25500,2122778.0,1180101,0.01129609997587977,24.22356749996834,39.14530389995343
primary,PRIMARY__CICIoT2023_R1__CB-Score__b0.1__seed777,CICIoT2023,CICIoT2023_R1,CB-Score,0.1,0.5,777,FedAvg,clean,honest,0.8870234464886119,0.907858928659099,0.9199385726046482,8984,1130,503.7446504992867,0.05037446504992867,0.9872103661192242,0.9809240846092814,0.8660923223681268,0.9578554587913479,0.41,21302,58107,2834327,16305428,0.0068484000221360475,1496789,14967890,1,35558318.0,2.7606789999990724,25500,2198920.0,1312038,0.011273600008280482,24.351675899997645,39.45958579999569
primary,PRIMARY__CICIoT2023_R1__CB-Score__b0.1__seed9001,CICIoT2023,CICIoT2023_R1,CB-Score,0.1,0.5,9001,FedAvg,clean,honest,0.8905532656412318,0.9115789450309266,0.9225209552427646,8760,1038,462.73181169757487,0.04627318116975749,0.9862318660199332,0.9825161279455609,0.8694310712316108,0.9544643858291687,0.67,21394,58331,2714518,16172101,0.006485599988081958,1495287,14952870,3,35003047.0,2.7764382000023033,25500,4956494.0,1193731,0.01162810000096215,24.294351099910273,38.60646459997224
primary,PRIMARY__CICIoT2023_R1__CB-Score__b0.2__seed11,CICIoT2023,CICIoT2023_R1,CB-Score,0.2,0.5,11,FedAvg,clean,honest,0.8902516671693308,0.9112887036601192,0.9222982324330736,8781,1044,465.4065620542083,0.046540656205420826,0.9878990469910425,0.9824106210196448,0.8691180635256592,0.9609553501742083,0.55,21388,58310,3716494,17181250,0.007653000022401102,1496084,14960840,0,33961993.0,2.7521555999992415,25500,5004655.0,2194910,0.011861500010127202,23.505257399898255,38.19888169998012
primary,PRIMARY__CICIoT2023_R1__CB-Score__b0.2__seed123,CICIoT2023,CICIoT2023_R1,CB-Score,0.2,0.5,123,FedAvg,clean,honest,0.8655652737285391,0.8971924597759795,0.9028769721179841,11151,884,394.07988587731813,0.03940798858773181,0.984246663335061,0.9844431930170351,0.8337929081396909,0.9484022841413617,0.05,21548,55940,2909395,16383655,0.007073500019032508,1497140,14971400,0,36043366.0,2.831887699998333,25500,6439853.0,1386755,0.01230910001322627,24.180651299946476,38.955058599982294
primary,PRIMARY__CICIoT2023_R1__CB-Score__b0.2__seed2026,CICIoT2023,CICIoT2023_R1,CB-Score,0.2,0.5,2026,FedAvg,clean,honest,0.8883192028864091,0.9095691363797177,0.9208580701337766,8925,1073,478.3345221112696,0.04783345221112696,0.9867012819662568,0.981886932595081,0.8669717249705624,0.956008243089086,0.43,21359,58166,4145602,17603185,0.007905599981313571,1495287,14952870,0,34890279.0,2.7788853000238305,25500,8186992.0,2624815,0.010832400002982467,23.586797400101204,38.009510900010355
primary,PRIMARY__CICIoT2023_R1__CB-Score__b0.2__seed2027,CICIoT2023,CICIoT2023_R1,CB-Score,0.2,0.5,2027,FedAvg,clean,honest,0.8874144074707059,0.9094996114486996,0.9201201486800289,9042,1037,462.28601997146933,0.046228601997146936,0.98744458202405,0.9824493111735436,0.8652278248945462,0.9593413134918355,0.46,21395,58049,3847832,17306567,0.007107199970050715,1495415,14954150,0,34952707.0,2.7675726000015857,25500,6257995.0,2326917,0.010735200019553304,24.275712199727423,39.34600900001533
primary,PRIMARY__CICIoT2023_R1__CB-Score__b0.2__seed2718,CICIoT2023,CICIoT2023_R1,CB-Score,0.2,0.5,2718,FedAvg,clean,honest,0.8897154921081734,0.9106639141738015,0.9219112098898231,8811,1062,473.4308131241084,0.04734308131241084,0.9880668022388206,0.9821037376562974,0.868670909660014,0.9608876664571726,0.28,21370,58280,3940601,17413538,0.007633100001839921,1496993,14969930,0,34947982.0,2.773573500060593,25500,4544355.0,2418108,0.010815899993758649,24.092208100206335,38.503934699998354
primary,PRIMARY__CICIoT2023_R1__CB-Score__b0.2__seed314,CICIoT2023,CICIoT2023_R1,CB-Score,0.2,0.5,314,FedAvg,clean,honest,0.8874144074707059,0.9075559615827001,0.9202856713514026,8911,1168,520.6847360912982,0.05206847360912981,0.9866343513839999,0.9803194715912921,0.8671803967745301,0.9568129928034805,0.59,21264,58180,3808062,17264376,0.007442099988111295,1495146,14951460,0,34431957.0,2.8049738999980036,25500,4776291.0,2287416,0.010949700052151456,24.337955599970883,39.30346280000231
primary,PRIMARY__CICIoT2023_R1__CB-Score__b0.2__seed3407,CICIoT2023,CICIoT2023_R1,CB-Score,0.2,0.5,3407,FedAvg,clean,honest,0.8837617148665706,0.9079231701498492,0.9172379785897211,9427,979,436.43009985734665,0.043643009985734664,0.985437191732396,0.9833057653939942,0.8594893502854332,0.9520803728614728,0.57,21453,57664,4138464,17597055,0.007897500050603412,1495399,14953990,0,35472567.0,2.760974399992847,25500,11408040.0,2617565,0.011681900068651885,24.00665570005367,38.989680100028636
primary,PRIMARY__CICIoT2023_R1__CB-Score__b0.2__seed42,CICIoT2023,CICIoT2023_R1,CB-Score,0.2,0.5,42,FedAvg,clean,honest,0.8923070049037678,0.9103602371236963,0.9240501343164828,8442,1199,534.5042796005706,0.05345042796005706,0.9882553122409766,0.9799659136479081,0.8741709022074495,0.9619441179635911,0.3,21233,58649,3998790,17460648,0.007497700018575415,1495762,14957620,0,35086287.0,2.7865389999642503,25500,2806923.0,2477528,0.011674399982439354,24.0218696998636,38.88914870006556
primary,PRIMARY__CICIoT2023_R1__CB-Score__b0.2__seed777,CICIoT2023,CICIoT2023_R1,CB-Score,0.2,0.5,777,FedAvg,clean,honest,0.8911006110161634,0.9124485794317174,0.922896845168893,8745,1004,447.5748930099857,0.04475748930099857,0.9879546944222026,0.9830834035383319,0.8696546481644334,0.9609066141503977,0.6,21428,58346,4054372,17526004,0.008609099983004853,1496848,14968480,0,35306612.0,2.894452900029137,25500,4305948.0,2532024,0.012514199916040525,24.515923700091662,39.804026199984946
primary,PRIMARY__CICIoT2023_R1__CB-Score__b0.2__seed9001,CICIoT2023,CICIoT2023_R1,CB-Score,0.2,0.5,9001,FedAvg,clean,honest,0.8917820001563844,0.9136895480213165,0.9233520048102788,8737,951,423.94793152639085,0.04239479315263909,0.9889650462069961,0.9839642525925302,0.8697738891952721,0.9641334512904535,0.2,21481,58354,3636597,17107167,0.0074496999877737835,1496730,14967300,0,35937373.0,2.79010890002246,25500,7453764.0,2114367,0.011455099942395464,24.482775000025867,38.7981882999884
primary,PRIMARY__CICIoT2023_R1__CB-Score__b0.4__seed11,CICIoT2023,CICIoT2023_R1,CB-Score,0.4,0.5,11,FedAvg,clean,honest,0.8704467008478268,0.9081644818072484,0.9059458933437136,11234,364,162.2681883024251,0.01622681883024251,0.9860031430713995,0.9935255509507124,0.8325557824447393,0.9543798647385071,0.05,22068,55857,6324059,19786754,0.010993699979735538,1495855,14958550,0,34547611.0,2.9203691999719013,25500,8916433.0,4802704,0.012140800012275577,24.9992025000829,40.36143339998671
primary,PRIMARY__CICIoT2023_R1__CB-Score__b0.4__seed123,CICIoT2023,CICIoT2023_R1,CB-Score,0.4,0.5,123,FedAvg,clean,honest,0.8848005540475632,0.907696363285172,0.918118951020635,9272,1041,464.0691868758916,0.04640691868758916,0.9875743431075205,0.9823139653414883,0.8617996452579333,0.9593335526187514,0.2,21391,57819,5653530,19126359,0.009716600034153089,1496981,14969810,0,35841460.0,2.788669400033541,25500,15836196.0,4131049,0.011786500035668723,24.089119500029483,38.7816561999789
primary,PRIMARY__CICIoT2023_R1__CB-Score__b0.4__seed2026,CICIoT2023,CICIoT2023_R1,CB-Score,0.4,0.5,2026,FedAvg,clean,honest,0.8851468337745607,0.907719674476132,0.9184033013252917,9227,1055,470.31027104136945,0.047031027104136945,0.9879795130206734,0.9820940613384477,0.862470376056401,0.9604295746110245,0.26,21377,57864,6846218,20310461,0.011336200041114353,1496027,14960270,0,34811328.0,2.867545600005542,25500,13364237.0,5324691,0.011954600020544603,24.651779799925862,39.42130129998259
primary,PRIMARY__CICIoT2023_R1__CB-Score__b0.4__seed2027,CICIoT2023,CICIoT2023_R1,CB-Score,0.4,0.5,2027,FedAvg,clean,honest,0.8942841504417859,0.9128217917119446,0.925458011058427,8342,1122,500.1783166904422,0.05001783166904422,0.9876790424701811,0.9812597083730019,0.8756614150929335,0.9591179953655256,0.38,21310,58749,6739841,20211923,0.011010899979737587,1496898,14968980,0,35256113.0,2.8600123000505846,25500,16858700.0,5217443,0.012389499985147268,24.480534800037276,39.76746350002941
primary,PRIMARY__CICIoT2023_R1__CB-Score__b0.4__seed2718,CICIoT2023,CICIoT2023_R1,CB-Score,0.4,0.5,2718,FedAvg,clean,honest,0.8838399070629894,0.9068773984818796,0.9173954833226096,9346,1053,469.41868758915837,0.04694186875891584,0.9876309746098388,0.9820912275927752,0.8606966657226752,0.9594448204820754,0.22,21379,57745,6723785,20199944,0.01155940000899136,1497351,14973510,0,35321588.0,2.86856270005228,25500,9600073.0,5200934,0.012408499969751574,24.62387220004166,39.49095100001432
primary,PRIMARY__CICIoT2023_R1__CB-Score__b0.4__seed314,CICIoT2023,CICIoT2023_R1,CB-Score,0.4,0.5,314,FedAvg,clean,honest,0.895959697507903,0.9127675516477067,0.9268170032214976,8113,1201,535.3958630527817,0.05353958630527817,0.9878955267677968,0.9800428720982403,0.8790746896006916,0.960352822699176,0.06,21231,58978,6574586,20044994,0.01192560003255494,1496712,14967120,0,35277139.0,2.978118999977596,25500,11466724.0,5052374,0.013736600027186796,25.214105600010953,40.77040790002502
primary,PRIMARY__CICIoT2023_R1__CB-Score__b0.4__seed3407,CICIoT2023,CICIoT2023_R1,CB-Score,0.4,0.5,3407,FedAvg,clean,honest,0.8367682048188734,0.890798935584562,0.8778269193789765,14593,20,8.91583452211127,0.000891583452211127,0.986250378177588,0.9996191781865266,0.7824894546213352,0.9554836117231157,0.05,22412,52498,6626723,20084684,0.010783199963043444,1495329,14953290,1,35693212.0,2.8750879999861354,25500,22631607.0,5105894,0.012074000042048283,24.24780740001006,39.23541980003938
primary,PRIMARY__CICIoT2023_R1__CB-Score__b0.4__seed42,CICIoT2023,CICIoT2023_R1,CB-Score,0.4,0.5,42,FedAvg,clean,honest,0.8938708488321437,0.9103946786558406,0.9253154109185238,8234,1267,564.8181169757489,0.056481811697574894,0.9887521200865584,0.9789268844388265,0.8772711690092561,0.9636299789349705,0.36,21165,58857,5878553,19339187,0.010122099978616461,1495626,14956260,0,34135733.0,2.9226855000451906,25500,6691048.0,4357427,0.011454100022092462,24.665521500151954,39.88524629997846
primary,PRIMARY__CICIoT2023_R1__CB-Score__b0.4__seed777,CICIoT2023,CICIoT2023_R1,CB-Score,0.4,0.5,777,FedAvg,clean,honest,0.88723568245032,0.9088165635865023,0.9200313695667672,9020,1075,479.22610556348076,0.047922610556348076,0.9877472308892781,0.9818246373381124,0.8655557377293527,0.9600884882257241,0.3,21357,58071,6390686,19864019,0.010522300013690256,1497037,14970370,0,35783325.0,2.8353654999809805,25500,9437736.0,4868149,0.01285369998367969,24.527953600001638,39.71497359997011
primary,PRIMARY__CICIoT2023_R1__CB-Score__b0.4__seed9001,CICIoT2023,CICIoT2023_R1,CB-Score,0.4,0.5,9001,FedAvg,clean,honest,0.8857165197770406,0.9079958961087854,0.9188498909379338,9169,1062,473.4308131241084,0.04734308131241084,0.9879143702929054,0.9819951173199511,0.8633348735299816,0.960708137130311,0.09,21370,57922,6615170,20082554,0.010507400060305372,1496376,14963760,0,36243845.0,2.8066999999573454,25500,18133810.0,5093294,0.012509800057159737,24.118340200046077,38.73497380000481
primary,PRIMARY__CICIoT2023_R1__CB-Score__b0.6__seed11,CICIoT2023,CICIoT2023_R1,CB-Score,0.6,0.5,11,FedAvg,clean,honest,0.8915027423120315,0.9121827389635015,0.9232471216682866,8673,1040,463.623395149786,0.046362339514978604,0.9870058541984198,0.9825086615762387,0.8707278174419818,0.9573151033516533,0.56,21392,58418,8580520,22045717,0.013597900004242547,1496133,14961330,0,34704977.0,2.91015090001747,25500,13137364.0,7058887,0.01262100001622457,24.743697199897724,39.901608100000885
primary,PRIMARY__CICIoT2023_R1__CB-Score__b0.6__seed123,CICIoT2023,CICIoT2023_R1,CB-Score,0.6,0.5,123,FedAvg,clean,honest,0.8852361962847536,0.9084914720416886,0.9184098092469942,9267,1007,448.91226818830245,0.04489122681883024,0.9873949890118394,0.9828831738369227,0.8618741709022074,0.9584389651505117,0.13,21425,57824,8378015,21853310,0.013825399975758046,1497255,14972550,0,35683055.0,2.9662258999887854,25500,24364384.0,6855260,0.012988899965421297,24.985706699852017,40.174602599974605
primary,PRIMARY__CICIoT2023_R1__CB-Score__b0.6__seed2026,CICIoT2023,CICIoT2023_R1,CB-Score,0.6,0.5,2026,FedAvg,clean,honest,0.8881628184935715,0.9087377864057187,0.9207999114022181,8890,1122,500.1783166904422,0.05001783166904422,0.9883295029295207,0.9810865937326163,0.8674934044804817,0.9617052983570912,0.21,21310,58201,9510397,22975009,0.014318200017441995,1496068,14960680,0,34993541.0,2.869938300049398,25500,18897706.0,7988829,0.010481800010893494,24.436482500183047,39.17835889996786
primary,PRIMARY__CICIoT2023_R1__CB-Score__b0.6__seed2027,CICIoT2023,CICIoT2023_R1,CB-Score,0.6,0.5,2027,FedAvg,clean,honest,0.89076550160294,0.9119876101488491,0.9226608036822916,8759,1020,454.70756062767475,0.04547075606276747,0.9876597739246038,0.9828143954710877,0.8694459763604656,0.9590771341693997,0.35,21412,58332,9401710,22873846,0.014372399979038164,1496904,14969040,0,35254831.0,2.872868800055585,25500,24774340.0,7879306,0.012152000010246411,24.677796999982093,39.95940890000202
primary,PRIMARY__CICIoT2023_R1__CB-Score__b0.6__seed2718,CICIoT2023,CICIoT2023_R1,CB-Score,0.6,0.5,2718,FedAvg,clean,honest,0.8855042838153324,0.9084032671941452,0.9186391706751759,9225,1025,456.93651925820257,0.045693651925820256,0.9879414589220551,0.9825949635767774,0.8625001863141107,0.9603828562148785,0.21,21407,57866,9323302,22796113,0.014301100047305226,1496979,14969790,0,35199146.0,2.956103599979542,25500,13808635.0,7800823,0.01240479999978561,25.22669470013352,40.4189791999961
primary,PRIMARY__CICIoT2023_R1__CB-Score__b0.6__seed314,CICIoT2023,CICIoT2023_R1,CB-Score,0.6,0.5,314,FedAvg,clean,honest,0.8722451213654592,0.898844896168661,0.9084241458551857,10364,1073,478.3345221112696,0.04783345221112696,0.9844214001924516,0.9814359861591696,0.8455232445484491,0.9488927414196585,0.83,21359,56727,8501151,21972450,0.01280019998375792,1496811,14968110,0,35149243.0,2.949779599934118,25500,19790516.0,6978840,0.011459899993496947,25.134536199868307,40.576523999960045
primary,PRIMARY__CICIoT2023_R1__CB-Score__b0.6__seed3407,CICIoT2023,CICIoT2023_R1,CB-Score,0.6,0.5,3407,FedAvg,clean,honest,0.8897378327357216,0.9109162116527021,0.9219084990071438,8825,1046,466.2981455064194,0.04662981455064194,0.9882706540689578,0.9823644456433774,0.8684622378560463,0.9617526552976752,0.1,21386,58266,8529376,21990235,0.013114800021867268,1495651,14956510,0,35578444.0,2.848575899959542,25500,26049890.0,7008225,0.012295899985474534,24.26505409993115,39.07519100001082
primary,PRIMARY__CICIoT2023_R1__CB-Score__b0.6__seed42,CICIoT2023,CICIoT2023_R1,CB-Score,0.6,0.5,42,FedAvg,clean,honest,0.8953118193090044,0.9131810131579543,0.9262616248878818,8228,1144,509.9857346647646,0.05099857346647646,0.9879050754912062,0.9809355575182895,0.8773605997823851,0.9604113581541718,0.38,21288,58863,8296601,21763400,0.013989499973831698,1496311,14963110,0,34763935.0,2.905066099992837,25500,10517089.0,6774790,0.013543599940021522,24.718398499899195,39.92499899995164
primary,PRIMARY__CICIoT2023_R1__CB-Score__b0.6__seed777,CICIoT2023,CICIoT2023_R1,CB-Score,0.6,0.5,777,FedAvg,clean,honest,0.886643655820292,0.9099201168815128,0.9194488101474814,9174,974,434.20114122681883,0.04342011412268188,0.988062915215152,0.9834609702671037,0.8632603478857075,0.9608623868084634,0.22,21458,57917,9730796,23209754,0.015190100049949251,1497662,14976620,0,36093993.0,2.9884715000225697,25500,18306377.0,8207634,0.012406599955284037,25.49496150010964,41.36245569995663
primary,PRIMARY__CICIoT2023_R1__CB-Score__b0.6__seed9001,CICIoT2023,CICIoT2023_R1,CB-Score,0.6,0.5,9001,FedAvg,clean,honest,0.8852250259709795,0.9095226110087113,0.9183103966417822,9338,937,417.706847360913,0.0417706847360913,0.9878410030573308,0.9840347589027092,0.8608159067535139,0.9599933344731539,0.11,21495,57753,8711973,22180086,0.013208699994720519,1496457,14964570,0,36252379.0,2.922598899967852,25500,22548732.0,7190016,0.01171579999208916,25.209686099828104,40.05410180002218
primary,PRIMARY__CICIoT2023_R1__CB-Score__b0.8__seed11,CICIoT2023,CICIoT2023_R1,CB-Score,0.8,0.5,11,FedAvg,clean,honest,0.885560135384203,0.9055176367063442,0.9189355994967598,9023,1222,544.7574893009986,0.054475748930099856,0.98699866311452,0.9793894417271041,0.8655110223427882,0.9575421720129054,0.33,21210,58068,10778215,24242935,0.015441100040334277,1496080,14960800,0,34497461.0,2.8882815000106348,25500,16955629.0,9256635,0.011020899983122945,24.75762590013619,40.04460029990878
primary,PRIMARY__CICIoT2023_R1__CB-Score__b0.8__seed123,CICIoT2023,CICIoT2023_R1,CB-Score,0.8,0.5,123,FedAvg,clean,honest,0.8909665672508741,0.9132196959275042,0.9227237101485991,8815,946,421.71897289586303,0.042171897289586306,0.9869720735038345,0.9840262064773226,0.8686112891445946,0.9571669294803058,0.44,21486,58276,10963761,24435672,0.01661249999597203,1496879,14968790,0,35599590.0,2.951008300005924,25500,29929975.0,9441382,0.012783800004399382,24.849226399790496,40.12490030001209
primary,PRIMARY__CICIoT2023_R1__CB-Score__b0.8__seed2026,CICIoT2023,CICIoT2023_R1,CB-Score,0.8,0.5,2026,FedAvg,clean,honest,0.8848675759302079,0.9078449378248816,0.9181613904702921,9273,1034,460.94864479315265,0.04609486447931527,0.9871003062760048,0.9824305036362401,0.8617847401290785,0.9574843398870327,0.41,21398,57818,11763514,25230727,0.017167300000437535,1496357,14963570,0,34894094.0,2.8358689000015147,25500,27706620.0,10241657,0.011803500005044043,24.358337599856895,39.170309699940844
primary,PRIMARY__CICIoT2023_R1__CB-Score__b0.8__seed2027,CICIoT2023,CICIoT2023_R1,CB-Score,0.8,0.5,2027,FedAvg,clean,honest,0.8885537794756655,0.9089837891388006,0.9210998726779543,8854,1123,500.6241084165478,0.05006241084165478,0.9876897768182534,0.9810815363881401,0.8680299891192559,0.9592046254468696,0.34,21309,58237,11601351,25075071,0.016178499994566664,1497080,14970800,0,35510988.0,2.84691209999437,25500,30485793.0,10078771,0.011333499947795644,24.506644999812124,39.78569609999249
primary,PRIMARY__CICIoT2023_R1__CB-Score__b0.8__seed2718,CICIoT2023,CICIoT2023_R1,CB-Score,0.8,0.5,2718,FedAvg,clean,honest,0.8869229136646448,0.9095722982045953,0.919709071296568,9113,1010,450.2496433666191,0.045024964336661914,0.9880795553860022,0.9828778734657897,0.8641695607458526,0.9606765590812624,0.2,21422,57978,11013205,24487645,0.017083899947465397,1497160,14971600,0,35431360.0,3.0548453999945195,25500,15924776.0,9490545,0.011948599989409558,25.864726700121537,41.22123190006823
primary,PRIMARY__CICIoT2023_R1__CB-Score__b0.8__seed314,CICIoT2023,CICIoT2023_R1,CB-Score,0.8,0.5,314,FedAvg,clean,honest,0.9018799638081834,0.9168954550567734,0.9312546957175056,7595,1189,530.046362339515,0.0530046362339515,0.9891124662933966,0.9804070198566367,0.8867955463474981,0.9643357821687497,0.3,21243,59496,10138935,23608155,0.015822500019567087,1496580,14965800,0,35593280.0,2.9232970000011846,25500,22130379.0,8616855,0.011665800077025779,25.305138299896498,40.69154179998441
primary,PRIMARY__CICIoT2023_R1__CB-Score__b0.8__seed3407,CICIoT2023,CICIoT2023_R1,CB-Score,0.8,0.5,3407,FedAvg,clean,honest,0.8609742747673782,0.9051236890078034,0.8980019996394093,12303,143,63.748216833095576,0.0063748216833095575,0.9844205409347813,0.9973967340845789,0.8166221996989164,0.9492368554092574,0.05,22289,54788,9837405,23296347,0.015858399972785264,1495438,14954380,0,35346895.0,2.8244823000277393,25500,28276679.0,8316467,0.01320270000724122,24.403270800234168,39.41093490005005
primary,PRIMARY__CICIoT2023_R1__CB-Score__b0.8__seed42,CICIoT2023,CICIoT2023_R1,CB-Score,0.8,0.5,42,FedAvg,clean,honest,0.89977994481865,0.9149305661130598,0.9297217696453189,7745,1227,546.9864479315264,0.05469864479315264,0.9884775695159869,0.9797434500520034,0.8845597770192724,0.9624477125794035,0.36,21205,59346,10957182,24421992,0.016137099955813028,1496090,14960900,0,34764380.0,2.8988059999828693,25500,15667483.0,9435592,0.011011900060111657,25.029678800172405,40.23631469994143
primary,PRIMARY__CICIoT2023_R1__CB-Score__b0.8__seed777,CICIoT2023,CICIoT2023_R1,CB-Score,0.8,0.5,777,FedAvg,clean,honest,0.8870122761748378,0.9081630535541068,0.9199033931187394,9006,1109,494.3830242510699,0.04943830242510699,0.9880312275290253,0.9812649930736224,0.8657644095333205,0.9608506029725292,0.3,21323,58085,12202913,25678937,0.019568800038541667,1497336,14973360,0,36156733.0,2.9730927999917185,25500,22737200.0,10680077,0.012411899966537021,25.613589899861836,41.43990609997127
primary,PRIMARY__CICIoT2023_R1__CB-Score__b0.8__seed9001,CICIoT2023,CICIoT2023_R1,CB-Score,0.8,0.5,9001,FedAvg,clean,honest,0.8862080135831015,0.9090804970593627,0.9191617004055008,9176,1011,450.69543509272467,0.04506954350927247,0.9884254394352122,0.9828428876896447,0.8632305376279978,0.9623898973972179,0.25,21421,57915,10839774,24307572,0.015373399990494363,1496422,14964220,0,36223393.0,2.951372799987439,25500,27173999.0,9317852,0.012053599959472194,25.283328399818856,40.6360387999739
primary,PRIMARY__CICIoT2023_R1__CB-Score__b1.0__seed11,CICIoT2023,CICIoT2023_R1,CB-Score,1.0,0.5,11,FedAvg,clean,honest,0.9007741027445461,0.9166175988566725,0.9303921952748502,7725,1158,516.2268188302426,0.051622681883024255,0.988914633687039,0.9808670940453373,0.8848578795963691,0.9640446703575538,0.38,21274,59366,11700422,25165619,0.017596700083231553,1496133,14961330,0,34115048.0,2.885498700008611,25500,21128788.0,10178789,0.011760799956391566,24.607006499994895,39.9314977999893
primary,PRIMARY__CICIoT2023_R1__CB-Score__b1.0__seed123,CICIoT2023,CICIoT2023_R1,CB-Score,1.0,0.5,123,FedAvg,clean,honest,0.8942618098142376,0.9124062869923877,0.9254727825279103,8317,1149,512.2146932952925,0.05122146932952924,0.9872564195477884,0.9808253925871535,0.8760340433143045,0.9580901218788772,0.47,21283,58774,12204636,25675170,0.017647600048803724,1496726,14967260,0,35526285.0,2.876005800018902,25500,33200294.0,10682410,0.011878000004799105,24.764834000030532,39.706754599988926
primary,PRIMARY__CICIoT2023_R1__CB-Score__b1.0__seed2026,CICIoT2023,CICIoT2023_R1,CB-Score,1.0,0.5,2026,FedAvg,clean,honest,0.8856718385219441,0.9069720053852592,0.9189017867754843,9106,1129,503.29885877318117,0.05032988587731812,0.9869668689932269,0.9809013093345063,0.8642738966478365,0.9570368733937518,0.39,21303,57985,12582856,26049367,0.01943349999783095,1496279,14962790,0,35064346.0,2.853894699961529,25500,28893263.0,11061077,0.013025699998252094,25.023142699952587,39.98461660000612
primary,PRIMARY__CICIoT2023_R1__CB-Score__b1.0__seed2027,CICIoT2023,CICIoT2023_R1,CB-Score,1.0,0.5,2027,FedAvg,clean,honest,0.8859175854249746,0.9079668350278225,0.9190183562621417,9140,1073,478.3345221112696,0.04783345221112696,0.987274229739366,0.9818209541881269,0.863767122266772,0.9579581169360941,0.35,21359,57951,13817778,27291093,0.01969040001858957,1497035,14970350,0,35580935.0,2.8205075000296347,25500,34496573.0,12295243,0.012519800031441264,23.935333599874866,38.8159553000296
primary,PRIMARY__CICIoT2023_R1__CB-Score__b1.0__seed2718,CICIoT2023,CICIoT2023_R1,CB-Score,1.0,0.5,2718,FedAvg,clean,honest,0.8869229136646448,0.9095722982045953,0.919709071296568,9113,1010,450.2496433666191,0.045024964336661914,0.9880795553860022,0.9828778734657897,0.8641695607458526,0.9606765590812624,0.2,21422,57978,11013205,24487645,0.017781300004571676,1497160,14971600,0,35431360.0,2.9182057999569224,25500,15924776.0,9490545,0.01231859995459672,25.200313400069717,40.357155400008196
primary,PRIMARY__CICIoT2023_R1__CB-Score__b1.0__seed314,CICIoT2023,CICIoT2023_R1,CB-Score,1.0,0.5,314,FedAvg,clean,honest,0.9029076326754019,0.9174178837434395,0.9320353428727813,7492,1200,534.9500713266762,0.05349500713266762,0.9890463396869139,0.9802628332702841,0.8883307746195466,0.9640850401867578,0.31,21232,59599,10135799,23603768,0.016097699975944124,1496441,14964410,0,35390539.0,2.888781000045128,25500,22323415.0,8613858,0.012504899976192974,25.50992940001015,40.87142979999771
primary,PRIMARY__CICIoT2023_R1__CB-Score__b1.0__seed3407,CICIoT2023,CICIoT2023_R1,CB-Score,1.0,0.5,3407,FedAvg,clean,honest,0.880656367637367,0.9053765725389351,0.9148820905035054,9673,1011,450.69543509272467,0.04506954350927247,0.9858418917227693,0.982696948433141,0.8558226885871428,0.9540719032612061,0.7,21421,57418,10192802,23652590,0.015597699952195399,1495532,14955320,0,35336043.0,2.827118100001826,25500,28630879.0,8671770,0.01238099999318365,24.20964959989942,39.20315839997784
primary,PRIMARY__CICIoT2023_R1__CB-Score__b1.0__seed42,CICIoT2023,CICIoT2023_R1,CB-Score,1.0,0.5,42,FedAvg,clean,honest,0.89940015415033,0.9159679998259014,0.9293403213658047,7866,1140,508.2025677603424,0.05082025677603424,0.9888269334143583,0.9811148844529115,0.8827562564278368,0.9637337822736173,0.35,21292,59225,12286536,25753029,0.019319299986818805,1496277,14962770,0,34662184.0,2.897544600040419,25500,17780039.0,10764759,0.012790400010999292,24.470665600078064,39.391880499970284
primary,PRIMARY__CICIoT2023_R1__CB-Score__b1.0__seed777,CICIoT2023,CICIoT2023_R1,CB-Score,1.0,0.5,777,FedAvg,clean,honest,0.8900952827764932,0.9122229592895854,0.922092627344783,8865,974,434.20114122681883,0.04342011412268188,0.987865461362815,0.9835472972972973,0.8678660327018527,0.9602004378232762,0.36,21458,58226,13596950,27074198,0.019496699998853728,1497472,14974720,0,35993561.0,2.939065099999425,25500,28288545.0,12073978,0.01080390001880005,25.202029200285324,40.689809399991645
primary,PRIMARY__CICIoT2023_R1__CB-Score__b1.0__seed9001,CICIoT2023,CICIoT2023_R1,CB-Score,1.0,0.5,9001,FedAvg,clean,honest,0.8862080135831015,0.9090804970593627,0.9191617004055008,9176,1011,450.69543509272467,0.04506954350927247,0.9884254394352122,0.9828428876896447,0.8632305376279978,0.9623898973972179,0.25,21421,57915,10839774,24307572,0.016099500033305958,1496422,14964220,0,36223393.0,2.9302177999634296,25500,27173999.0,9317852,0.01216190001287032,25.38909659991623,40.49379900004715
primary,PRIMARY__CICIoT2023_R1__Cost-Only__b0.1__seed11,CICIoT2023,CICIoT2023_R1,Cost-Only,0.1,0.5,11,FedAvg,clean,honest,0.8339197748064743,0.8891507610274937,0.8753938987596379,14865,3,1.3373751783166905,0.00013373751783166905,0.9808012938079149,0.9999425606463842,0.778435259572819,0.9376405880830283,0.05,22429,52226,2861867,16326353,0.007687699981033802,1496054,14960540,0,35341414.0,2.8377309999923455,25500,3821767.0,1340313,0.0013754999745287932,24.305749799896148,39.13570849999087
primary,PRIMARY__CICIoT2023_R1__Cost-Only__b0.1__seed123,CICIoT2023,CICIoT2023_R1,Cost-Only,0.1,0.5,123,FedAvg,clean,honest,0.4101515811579147,0.5086171761256365,0.44161282476973995,46210,6595,2939.996433666191,0.2939996433666191,0.783313665548035,0.7599723394962876,0.3112339956178921,0.5003784206367059,0.95,15837,20881,1508670,14857200,0.0002201999886892736,1483170,14831700,30,36697113.0,3.420731500023976,25500,0.0,0,0.0010327999989385717,25.936379100014165,41.07621460000519
primary,PRIMARY__CICIoT2023_R1__Cost-Only__b0.1__seed2026,CICIoT2023,CICIoT2023_R1,Cost-Only,0.1,0.5,2026,FedAvg,clean,honest,0.8889112295164371,0.9102608627319282,0.9212857063707527,8892,1053,469.41868758915837,0.04694186875891584,0.9857480275953361,0.9822284479848782,0.8674635942227721,0.9529119235018821,0.74,21379,58199,2752932,16218390,0.0072593000149936415,1496162,14961620,0,32777168.0,2.7587960000164458,25500,1795045.0,1231270,0.001314199973421637,23.66660760007653,38.31663769999432
primary,PRIMARY__CICIoT2023_R1__Cost-Only__b0.1__seed2027,CICIoT2023,CICIoT2023_R1,Cost-Only,0.1,0.5,2027,FedAvg,clean,honest,0.8085743328530098,0.664211008592222,0.8818895467045275,3113,14024,6251.783166904423,0.6251783166904422,0.9529427999637254,0.8202097382118407,0.9536003338748863,0.8921620027079706,0.95,8408,63978,2724741,16181730,0.007028399981209077,1495221,14952210,0,32380917.0,2.772767099988414,25500,1222549.0,1204020,0.001324299992120359,24.43085219996283,39.14512769999419
primary,PRIMARY__CICIoT2023_R1__Cost-Only__b0.1__seed2718,CICIoT2023,CICIoT2023_R1,Cost-Only,0.1,0.5,2718,FedAvg,clean,honest,0.8729711917607765,0.9041513449667474,0.9085160812832848,10624,748,333.45221112696146,0.033345221112696145,0.9871449021263929,0.986926505287075,0.841647911046191,0.9584528413656704,0.05,21684,56467,2774831,16233521,0.006622499997320119,1495410,14954100,2,35330706.0,2.9127714000132983,25500,1952296.0,1253921,0.0013271000134409405,24.360520400055975,39.0766783999934
primary,PRIMARY__CICIoT2023_R1__Cost-Only__b0.1__seed314,CICIoT2023,CICIoT2023_R1,Cost-Only,0.1,0.5,314,FedAvg,clean,honest,0.8643141985858382,0.8886128471398663,0.9027049108108325,10741,1406,626.7831669044223,0.06267831669044223,0.9832483760242472,0.9756562088787312,0.8399040109701749,0.945415876590296,0.06,21026,56350,2715301,16164901,0.007253199983097147,1494400,14944000,0,31688407.0,2.8384340000266093,25500,1538430.0,1195401,0.0013359999938984402,24.048564400050964,38.68992590000562
primary,PRIMARY__CICIoT2023_R1__Cost-Only__b0.1__seed3407,CICIoT2023,CICIoT2023_R1,Cost-Only,0.1,0.5,3407,FedAvg,clean,honest,0.893803826949499,0.9118781765226955,0.9251435005472312,8343,1164,518.9015691868759,0.05189015691868759,0.9830271690853619,0.980571504873815,0.8756465099640787,0.9438199503836753,0.86,21268,58748,2775123,16234434,0.006693800038192421,1495479,14954790,0,33411894.0,2.80199999998149,25500,5373941.0,1254144,0.0013123000026098453,24.022554399976798,38.8646939000173
primary,PRIMARY__CICIoT2023_R1__Cost-Only__b0.1__seed42,CICIoT2023,CICIoT2023_R1,Cost-Only,0.1,0.5,42,FedAvg,clean,honest,0.8873250449605129,0.9091729245394788,0.9200744819935819,9032,1055,470.31027104136945,0.047031027104136945,0.9833043961739482,0.9821531278546537,0.8653768761830946,0.9465447769765344,0.59,21377,58059,2653648,16120168,0.007038599993393291,1496280,14962800,0,29960138.0,2.823447600007057,25500,7327479.0,1131868,0.0013114000030327588,24.184125899999344,39.08372489998874
primary,PRIMARY__CICIoT2023_R1__Cost-Only__b0.1__seed777,CICIoT2023,CICIoT2023_R1,Cost-Only,0.1,0.5,777,FedAvg,clean,honest,0.8827340459993521,0.8710203638186735,0.9195703472158377,7078,3420,1524.6077032810272,0.1524607703281027,0.9815844427143389,0.9460848454274589,0.8945014979654499,0.9407081017412614,0.95,19012,60013,2675012,16137878,0.00715540001692716,1495874,14958740,0,30756252.0,2.9150092999916524,25500,4368480.0,1153638,0.0013641999830724671,25.255283599952236,40.771898599981796
primary,PRIMARY__CICIoT2023_R1__Cost-Only__b0.1__seed9001,CICIoT2023,CICIoT2023_R1,Cost-Only,0.1,0.5,9001,FedAvg,clean,honest,0.8900170905800744,0.8787429810477778,0.9247190152152305,6619,3227,1438.5699001426533,0.14385699001426533,0.9824712735046445,0.9493398640481012,0.901342952109821,0.9472216892306786,0.95,19205,60472,2649449,16106780,0.007458300024154596,1495259,14952590,2,32688725.0,2.993634499995096,25500,4463917.0,1128690,0.001425100002961699,25.540583199908724,40.565981799984
primary,PRIMARY__CICIoT2023_R1__Cost-Only__b0.2__seed11,CICIoT2023,CICIoT2023_R1,Cost-Only,0.2,0.5,11,FedAvg,clean,honest,0.894496386403494,0.9121918652984169,0.9256796632175316,8271,1174,523.3594864479315,0.05233594864479315,0.9865480340805736,0.9804313764709804,0.8767196792416271,0.9572356746694947,0.88,21258,58820,3774110,17240621,0.008233000015025027,1496279,14962790,0,29745912.0,2.774589599997853,25500,8957971.0,2252331,0.0015908000350464135,23.95561719989928,38.746718299997156
primary,PRIMARY__CICIoT2023_R1__Cost-Only__b0.2__seed123,CICIoT2023,CICIoT2023_R1,Cost-Only,0.2,0.5,123,FedAvg,clean,honest,0.9009863387062542,0.9192073061906401,0.9303713944573619,7871,993,442.67118402282455,0.04426711840228245,0.989398681526607,0.9835085446664341,0.8826817307835626,0.9657400822527098,0.67,21439,59220,3952094,17425922,0.007670500039239414,1497092,14970920,0,33971465.0,2.8631667999579804,25500,6268218.0,2429502,0.001452800031984225,23.889102399974945,38.71120710000105
primary,PRIMARY__CICIoT2023_R1__Cost-Only__b0.2__seed2026,CICIoT2023,CICIoT2023_R1,Cost-Only,0.2,0.5,2026,FedAvg,clean,honest,0.8863085464070686,0.9076638679514235,0.9193668499358294,9067,1111,495.27460770328105,0.0495274607703281,0.9869084762873891,0.9812124799188298,0.8648551966731752,0.9566516716277428,0.59,21321,58024,4022325,17491635,0.008676700002979487,1496590,14965900,0,33150298.0,2.873802899994189,25500,4980200.0,2500235,0.0014838999923085794,24.833393700042507,39.80730329999642
primary,PRIMARY__CICIoT2023_R1__Cost-Only__b0.2__seed2027,CICIoT2023,CICIoT2023_R1,Cost-Only,0.2,0.5,2027,FedAvg,clean,honest,0.8856271572668476,0.9080549717683889,0.9187709736535212,9185,1054,469.8644793152639,0.04698644793152639,0.9869826878424316,0.982123473541384,0.8630963914683042,0.9577052603155238,0.73,21378,57906,4096197,17556030,0.008787599988863803,1495537,14955370,0,34209834.0,2.9156490999885136,25500,4412217.0,2575160,0.0017016999918268993,24.75843910012918,40.151962900024955
primary,PRIMARY__CICIoT2023_R1__Cost-Only__b0.2__seed2718,CICIoT2023,CICIoT2023_R1,Cost-Only,0.2,0.5,2718,FedAvg,clean,honest,0.8794388034359886,0.90440103577569,0.9139540631253339,9771,1022,455.5991440798859,0.04555991440798859,0.987431149815341,0.9824826025847588,0.8543619859593686,0.9587941164571312,0.18,21410,57320,4201272,17672598,0.008439000012003817,1496814,14968140,0,35642697.0,2.80002609998337,25500,3999237.0,2678958,0.0015677999617764726,23.911352099996293,38.37607250003202
primary,PRIMARY__CICIoT2023_R1__Cost-Only__b0.2__seed314,CICIoT2023,CICIoT2023_R1,Cost-Only,0.2,0.5,314,FedAvg,clean,honest,0.8927873283960547,0.8990039611762004,0.9253399296804505,7612,1986,885.3423680456491,0.0885342368045649,0.9813277495513808,0.9676889286585861,0.8865421591569659,0.9392974966123789,0.95,20446,59479,3920522,17382668,0.008335999940754846,1495794,14957940,0,32341314.0,2.865969899983611,25500,3111079.0,2399228,0.0015978000301402062,24.483641299942974,39.4993457999808
primary,PRIMARY__CICIoT2023_R1__Cost-Only__b0.2__seed3407,CICIoT2023,CICIoT2023_R1,Cost-Only,0.2,0.5,3407,FedAvg,clean,honest,0.891938384549222,0.9126514332387052,0.923564362693973,8646,1028,458.27389443651924,0.045827389443651924,0.9849717055468006,0.9827148453920266,0.8711302559210624,0.950809736540472,0.86,21404,58445,3972715,17439046,0.008283699993626215,1496259,14962590,0,32855725.0,2.8060576999851037,25500,5697507.0,2450956,0.001729100025841035,23.61679679992085,38.08405710001534
primary,PRIMARY__CICIoT2023_R1__Cost-Only__b0.2__seed42,CICIoT2023,CICIoT2023_R1,Cost-Only,0.2,0.5,42,FedAvg,clean,honest,0.894876177071814,0.9156500492145667,0.9257145563475336,8453,958,427.0684736091298,0.04270684736091298,0.988201938917876,0.983925095644003,0.8740069457900463,0.9619168751727989,0.8,21474,58638,3853770,17319273,0.007691000020713545,1496167,14961670,0,30639957.0,2.8165217000205303,25500,11316436.0,2332103,0.0014298999885795638,24.930726000122377,39.89384410002094
primary,PRIMARY__CICIoT2023_R1__Cost-Only__b0.2__seed777,CICIoT2023,CICIoT2023_R1,Cost-Only,0.2,0.5,777,FedAvg,clean,honest,0.882622342861611,0.9083054592628477,0.9162562361529512,9606,902,402.10413694721825,0.04021041369472183,0.9852717834165563,0.9845513556099816,0.856821332220417,0.9531599701087317,0.87,21530,57485,3912571,17378767,0.008511600084602833,1496244,14962440,0,31674255.0,2.858562800043728,25500,9320290.0,2390827,0.001588599945534952,25.049569599839742,40.44667519997165
primary,PRIMARY__CICIoT2023_R1__Cost-Only__b0.2__seed9001,CICIoT2023,CICIoT2023_R1,Cost-Only,0.2,0.5,9001,FedAvg,clean,honest,0.8901399640315897,0.9113773852565015,0.9221994573342932,8802,1033,460.50285306704706,0.04605028530670471,0.9841062914830929,0.9825865614780351,0.8688050558197076,0.9492054195542874,0.94,21399,58289,3952673,17422784,0.008638099956442602,1496679,14966790,0,32902261.0,2.8823547000065446,25500,7790678.0,2430494,0.001516300006187521,25.025542899864377,39.71081930001674
primary,PRIMARY__CICIoT2023_R1__Cost-Only__b0.4__seed11,CICIoT2023,CICIoT2023_R1,Cost-Only,0.4,0.5,11,FedAvg,clean,honest,0.8988639790891726,0.9183699628026669,0.9287288642589502,8100,954,425.2853067047076,0.04252853067047076,0.9877380461208275,0.9840854116273251,0.8792684562758045,0.9606709975651908,0.82,21478,58991,6179601,19645869,0.011685100049362518,1496252,14962520,0,30532473.0,2.861454199970467,25500,17028333.0,4657849,0.0017092999623855576,24.853773100025137,40.10983060000581
primary,PRIMARY__CICIoT2023_R1__Cost-Only__b0.4__seed123,CICIoT2023,CICIoT2023_R1,Cost-Only,0.4,0.5,123,FedAvg,clean,honest,0.8984395071657563,0.9168107814729292,0.9285051505858299,8052,1040,463.623395149786,0.046362339514978604,0.9883807011619932,0.9826894588791425,0.8799839024608368,0.962030929109825,0.58,21392,59039,6668489,20141489,0.011183099981280975,1497000,14970000,0,35023434.0,2.9637222999881487,25500,15159279.0,5145989,0.001606899983016774,24.83321609988343,40.18346060006297
primary,PRIMARY__CICIoT2023_R1__Cost-Only__b0.4__seed2026,CICIoT2023,CICIoT2023_R1,Cost-Only,0.4,0.5,2026,FedAvg,clean,honest,0.9000368620354545,0.9163927959982643,0.9298189204237999,7809,1140,508.2025677603424,0.05082025677603424,0.9888094427825059,0.9811327000099301,0.8836058487725627,0.9633391020097877,0.34,21292,59282,6804575,20273372,0.011920000033569522,1496533,14965330,0,34690319.0,2.825244699968607,25500,12292597.0,5282542,0.001632099985727109,24.65107769993483,39.460129299986875
primary,PRIMARY__CICIoT2023_R1__Cost-Only__b0.4__seed2027,CICIoT2023,CICIoT2023_R1,Cost-Only,0.4,0.5,2027,FedAvg,clean,honest,0.8868112105269037,0.9088152695539398,0.9196819936430434,9077,1056,470.75606276747504,0.047075606276747506,0.9863307007597965,0.982122905027933,0.8647061453846269,0.9548705881323577,0.54,21376,58014,6840542,20312417,0.010900500012212433,1496875,14968750,0,34854631.0,2.783797099982621,25500,13855345.0,5318167,0.0015502999885939062,24.1029829998879,38.97740479999629
primary,PRIMARY__CICIoT2023_R1__Cost-Only__b0.4__seed2718,CICIoT2023,CICIoT2023_R1,Cost-Only,0.4,0.5,2718,FedAvg,clean,honest,0.888609631044536,0.9110537239582044,0.92097129543041,8986,986,439.5506419400856,0.04395506419400856,0.9860950509484546,0.9833138718248126,0.8660625121104172,0.9537773797888067,0.69,21446,58105,6614286,20082120,0.011462399997981265,1496426,14964260,0,33404061.0,2.752611399977468,25500,13227113.0,5092360,0.0015601999912178144,23.57525090010313,37.886266399989836
primary,PRIMARY__CICIoT2023_R1__Cost-Only__b0.4__seed314,CICIoT2023,CICIoT2023_R1,Cost-Only,0.4,0.5,314,FedAvg,clean,honest,0.8859846073076193,0.9075664397580512,0.9191082651112291,9104,1103,491.7082738944365,0.04917082738944365,0.9828132299123479,0.9813335589778305,0.8643037069055461,0.9420749725562771,0.86,21329,57987,6475686,19934898,0.011071599976276048,1495468,14954680,0,33161689.0,2.753605499994592,25500,11157755.0,4954718,0.0014644000038970262,24.0585402000288,38.871064599981764
primary,PRIMARY__CICIoT2023_R1__Cost-Only__b0.4__seed3407,CICIoT2023,CICIoT2023_R1,Cost-Only,0.4,0.5,3407,FedAvg,clean,honest,0.8925415814930241,0.9129055014990073,0.9240354395994883,8582,1038,462.73181169757487,0.04627318116975749,0.9863761354723279,0.9825683913547282,0.8720841841677721,0.9562088470402295,0.83,21394,58509,6433310,19900685,0.011332299996865913,1496375,14963750,0,32749431.0,2.8459042999893427,25500,9752835.0,4911435,0.0015048000059323385,24.678154599911068,39.915886800023145
primary,PRIMARY__CICIoT2023_R1__Cost-Only__b0.4__seed42,CICIoT2023,CICIoT2023_R1,Cost-Only,0.4,0.5,42,FedAvg,clean,honest,0.8954905443293902,0.9152735780985481,0.9262424318869829,8345,1011,450.69543509272467,0.04506954350927247,0.9882080622948499,0.9830814799939755,0.8756166997063689,0.9611407765685889,0.65,21421,58746,6420742,19890772,0.011523799985297956,1496670,14966700,0,32046245.0,2.9158708000031766,25500,15752326.0,4898572,0.0015040000434964895,25.13750209992577,40.67221570007678
primary,PRIMARY__CICIoT2023_R1__Cost-Only__b0.4__seed777,CICIoT2023,CICIoT2023_R1,Cost-Only,0.4,0.5,777,FedAvg,clean,honest,0.8873473855880611,0.9091284815808223,0.9200966604603257,9026,1059,472.0934379457917,0.047209343794579174,0.9867888984391422,0.9820884919829511,0.8654663069562236,0.9572662899184494,0.79,21373,58065,6493777,19967677,0.011510299955261871,1497100,14971000,0,32976124.0,2.87815910000063,25500,15099528.0,4971177,0.0015958000149112195,24.14517740001611,39.4548171999777
primary,PRIMARY__CICIoT2023_R1__Cost-Only__b0.4__seed9001,CICIoT2023,CICIoT2023_R1,Cost-Only,0.4,0.5,9001,FedAvg,clean,honest,0.8908101828580365,0.9114239395314444,0.9227437622009531,8715,1060,472.5392296718973,0.04725392296718973,0.9852255557618581,0.9821656908271081,0.8701018020300786,0.953497259779237,0.92,21372,58376,6405834,19872066,0.011008200017386116,1496248,14962480,0,32849506.0,2.737526200013235,25500,12293867.0,4884086,0.0014365999813890085,23.276067699989653,37.40839620004408
primary,PRIMARY__CICIoT2023_R1__Cost-Only__b0.6__seed11,CICIoT2023,CICIoT2023_R1,Cost-Only,0.6,0.5,11,FedAvg,clean,honest,0.89977994481865,0.9183579181668452,0.9294665178220468,7976,996,444.0085592011412,0.04440085592011412,0.9881287193737601,0.9834306532914109,0.8811166922538045,0.9618072734386927,0.71,21436,59115,8576133,22042185,0.014130700001260266,1496228,14962280,0,30838479.0,2.833090300002368,25500,21084462.0,7054405,0.0014814000314800069,24.245317700129817,39.352621300000465
primary,PRIMARY__CICIoT2023_R1__Cost-Only__b0.6__seed123,CICIoT2023,CICIoT2023_R1,Cost-Only,0.6,0.5,123,FedAvg,clean,honest,0.8982942930866928,0.9161055802383804,0.928441751349822,8024,1081,481.9008559201141,0.04819008559201141,0.9879905291421582,0.9820276650927712,0.8804012460687722,0.960483187758845,0.53,21351,59067,8251773,21724908,0.01282839999475982,1497015,14970150,0,35213080.0,2.793886300001759,25500,19791660.0,6729258,0.0013980000221636146,24.005251900031,38.475340799981495
primary,PRIMARY__CICIoT2023_R1__Cost-Only__b0.6__seed2026,CICIoT2023,CICIoT2023_R1,Cost-Only,0.6,0.5,2026,FedAvg,clean,honest,0.8851915150296572,0.9076604626025746,0.9184454001555235,9217,1061,472.98502139800286,0.04729850213980029,0.9870494110750172,0.9819971154661916,0.8626194273449495,0.9573698683379576,0.43,21371,57874,9509446,22977100,0.014663900015875697,1496406,14964060,0,34834676.0,2.8046406999783358,25500,17487104.0,7987540,0.0016085000097518787,23.95189359987853,38.41743490000954
primary,PRIMARY__CICIoT2023_R1__Cost-Only__b0.6__seed2027,CICIoT2023,CICIoT2023_R1,Cost-Only,0.6,0.5,2027,FedAvg,clean,honest,0.8876043028048658,0.9097895122846222,0.9202517198744571,9036,1026,457.3823109843081,0.045738231098430816,0.9874326722508595,0.9826340109341413,0.8653172556676753,0.9587368112467,0.51,21406,58055,9537740,23009300,0.015721799980383366,1496840,14968400,0,34941394.0,2.9998362000187626,25500,22781364.0,8015400,0.0016305999888572842,25.3058046001388,41.185813200005214
primary,PRIMARY__CICIoT2023_R1__Cost-Only__b0.6__seed2718,CICIoT2023,CICIoT2023_R1,Cost-Only,0.6,0.5,2718,FedAvg,clean,honest,0.8867553589580331,0.9088670288630697,0.9196315322171487,9088,1050,468.08131241084163,0.04680813124108416,0.9864299932716509,0.9822193622677934,0.8645421889672236,0.9551284786890997,0.64,21382,58003,7999461,21468420,0.013162199975340627,1496551,14965510,0,33375334.0,2.9546799000236206,25500,16563423.0,6477410,0.0015785999421495944,25.398846000083722,40.393363499999396
primary,PRIMARY__CICIoT2023_R1__Cost-Only__b0.6__seed314,CICIoT2023,CICIoT2023_R1,Cost-Only,0.6,0.5,314,FedAvg,clean,honest,0.8899388983836556,0.912163134453235,0.921969414988398,8882,971,432.86376604850216,0.04328637660485021,0.9871956637140319,0.9835924298749578,0.8676126455113204,0.9584581125134595,0.69,21461,58209,9104766,22567479,0.015182400005869567,1495857,14958570,0,33873537.0,2.8882976999884704,25500,17586658.0,7583409,0.0015665999671909958,24.540327000053367,39.75215199998638
primary,PRIMARY__CICIoT2023_R1__Cost-Only__b0.6__seed3407,CICIoT2023,CICIoT2023_R1,Cost-Only,0.6,0.5,3407,FedAvg,clean,honest,0.8891458061056935,0.9117378615320333,0.9213541914316961,8960,964,429.7432239657632,0.04297432239657632,0.9865030542254881,0.983687283188087,0.866450045460643,0.9557591576016657,0.68,21468,58131,9447259,22910764,0.014917299966327846,1495945,14959450,0,34780303.0,2.854847200025688,25500,23479229.0,7925814,0.0014633999962825328,24.762844999946537,39.83971189998556
primary,PRIMARY__CICIoT2023_R1__Cost-Only__b0.6__seed42,CICIoT2023,CICIoT2023_R1,Cost-Only,0.6,0.5,42,FedAvg,clean,honest,0.8964065100588675,0.9153357185721158,0.9269786778369186,8226,1048,467.18972895863055,0.046718972895863055,0.989167462092794,0.9825079698896734,0.8773904100400948,0.9648902350882212,0.58,21384,58865,9092878,22561387,0.01583230000687763,1496501,14965010,0,33110466.0,2.7588614999549463,25500,19534530.0,7570877,0.0015915999829303473,24.638071900059003,39.553134200003115
primary,PRIMARY__CICIoT2023_R1__Cost-Only__b0.6__seed777,CICIoT2023,CICIoT2023_R1,Cost-Only,0.6,0.5,777,FedAvg,clean,honest,0.8871574902539012,0.9105596752827312,0.9198177604216274,9148,954,425.2853067047076,0.04252853067047076,0.9878195390777844,0.9838022310134642,0.8636478812359333,0.960606252082811,0.71,21478,57943,9437725,22912102,0.015385500038973987,1497153,14971530,0,34650889.0,2.771650100039551,25500,20750436.0,7915072,0.0015378999814856797,24.237049600080354,39.202079999944544
primary,PRIMARY__CICIoT2023_R1__Cost-Only__b0.6__seed9001,CICIoT2023,CICIoT2023_R1,Cost-Only,0.6,0.5,9001,FedAvg,clean,honest,0.8894027233224981,0.911063560266826,0.9216215574360963,8880,1021,455.1533523537803,0.045515335235378034,0.9869691438273989,0.9827626958400865,0.8676424557690301,0.9580305040212911,0.76,21411,58211,9115087,22580815,0.014413400000194088,1496192,14961920,0,34065410.0,2.9633030999539187,25500,18990874.0,7593395,0.0015392000641440973,25.877054199852864,41.00271729999804
primary,PRIMARY__CICIoT2023_R1__Cost-Only__b0.8__seed11,CICIoT2023,CICIoT2023_R1,Cost-Only,0.8,0.5,11,FedAvg,clean,honest,0.8987857868927538,0.916834092663889,0.9287819600877159,8007,1054,469.8644793152639,0.04698644793152639,0.9881312429187277,0.9824736439522431,0.8806546332593045,0.96160552761594,0.66,21378,59084,11027089,24490558,0.017940900041139685,1495941,14959410,0,32552201.0,2.857743600019603,25500,24964457.0,9505648,0.0015826000308152288,24.534042400089675,39.61709769998561
primary,PRIMARY__CICIoT2023_R1__Cost-Only__b0.8__seed123,CICIoT2023,CICIoT2023_R1,Cost-Only,0.8,0.5,123,FedAvg,clean,honest,0.8938931894596919,0.9127538332413971,0.9251463739450437,8390,1109,494.3830242510699,0.04943830242510699,0.9873982154695599,0.9814579501755559,0.8749459689079012,0.9585640321518301,0.47,21323,58701,11014599,24488418,0.018304800003534183,1497091,14970910,0,35342825.0,3.0333162000461016,25500,30175651.0,9492008,0.0016748000052757561,24.981295699995826,40.18229409994092
primary,PRIMARY__CICIoT2023_R1__Cost-Only__b0.8__seed2026,CICIoT2023,CICIoT2023_R1,Cost-Only,0.8,0.5,2026,FedAvg,clean,honest,0.8875931324910917,0.9090550456481797,0.9203050630004197,8988,1075,479.22610556348076,0.047922610556348076,0.9877950718332028,0.9818344655108318,0.8660327018527075,0.9598984069686389,0.38,21357,58103,12151223,25619309,0.01858750001701992,1496454,14964540,0,34709701.0,2.9710820999753196,25500,25310979.0,10629269,0.0015754000341985375,25.167134400064242,40.41390729996783
primary,PRIMARY__CICIoT2023_R1__Cost-Only__b0.8__seed2027,CICIoT2023,CICIoT2023_R1,Cost-Only,0.8,0.5,2027,FedAvg,clean,honest,0.8816170146219408,0.9060916781890825,0.9156183317940062,9592,1006,448.46647646219685,0.044846647646219685,0.9870698180388899,0.9828048884710708,0.8570300040243848,0.9574828784109755,0.51,21426,57499,12307511,25783229,0.01921659999061376,1497302,14973020,0,35203929.0,3.018829000007827,25500,29647718.0,10784709,0.0016697999817552045,25.448117600011756,41.436165000035544
primary,PRIMARY__CICIoT2023_R1__Cost-Only__b0.8__seed2718,CICIoT2023,CICIoT2023_R1,Cost-Only,0.8,0.5,2718,FedAvg,clean,honest,0.892128279883382,0.9130748672715285,0.9236848136177207,8649,1008,449.358059914408,0.0449358059914408,0.9877650421374777,0.983044575273339,0.8710855405344979,0.9594370622668243,0.46,21424,58442,10837855,24312466,0.017288499991991557,1497179,14971790,0,34350857.0,2.9219036999711534,25500,20986329.0,9315176,0.0015391999913845211,24.96160849991429,40.007443600014085
primary,PRIMARY__CICIoT2023_R1__Cost-Only__b0.8__seed314,CICIoT2023,CICIoT2023_R1,Cost-Only,0.8,0.5,314,FedAvg,clean,honest,0.8872133418227718,0.9087719844138917,0.9200167935424076,9020,1077,480.1176890156919,0.048011768901569184,0.985725683108968,0.9817914384256441,0.8655557377293527,0.9531327688465838,0.68,21355,58071,10764575,24228962,0.01714049998554401,1496043,14960430,0,34414718.0,2.876482000006945,25500,20607755.0,9243032,0.0015550000534858555,24.80287580008735,40.012296299944865
primary,PRIMARY__CICIoT2023_R1__Cost-Only__b0.8__seed3407,CICIoT2023,CICIoT2023_R1,Cost-Only,0.8,0.5,3407,FedAvg,clean,honest,0.8831361772952202,0.9079361001763717,0.9167170832669957,9512,950,423.5021398002853,0.04235021398002853,0.9864596688192068,0.9837687300312665,0.8582224143327719,0.9559660878603977,0.63,21482,57579,11969842,25431556,0.018042400013655424,1495746,14957460,0,35048118.0,2.8276013000431703,25500,31630277.0,10448596,0.0014693999983137473,24.458694300148636,39.56713299998955
primary,PRIMARY__CICIoT2023_R1__Cost-Only__b0.8__seed42,CICIoT2023,CICIoT2023_R1,Cost-Only,0.8,0.5,42,FedAvg,clean,honest,0.9019581560046022,0.9172740374890782,0.9312895826646521,7610,1167,520.2389443651925,0.05202389443651926,0.9892574280194257,0.9807578155916106,0.8865719694146756,0.9650004594197661,0.44,21265,59481,10715134,24180880,0.01761229998373892,1496194,14961940,0,33916324.0,2.884146500073257,25500,22622526.0,9193440,0.0017524999857414514,22.733452399959788,36.37479790007637
primary,PRIMARY__CICIoT2023_R1__Cost-Only__b0.8__seed777,CICIoT2023,CICIoT2023_R1,Cost-Only,0.8,0.5,777,FedAvg,clean,honest,0.8943064910693341,0.913934636459761,0.925387963663891,8414,1048,467.18972895863055,0.046718972895863055,0.9883517081249431,0.9824529091670154,0.8745882458153851,0.9618915081478216,0.56,21384,58677,12306277,25778890,0.019223200011765584,1496957,14969570,0,35150524.0,2.9593319999839878,25500,28046363.0,10783820,0.0015758999943500385,25.23295760016481,40.82898460004071
primary,PRIMARY__CICIoT2023_R1__Cost-Only__b0.8__seed9001,CICIoT2023,CICIoT2023_R1,Cost-Only,0.8,0.5,9001,FedAvg,clean,honest,0.8885314388481172,0.9096365499944494,0.9210265988176545,8901,1078,480.56348074179743,0.048056348074179744,0.9871396792008207,0.98181143281366,0.8673294480630785,0.9584844981530293,0.73,21354,58190,10885085,24350894,0.017603299958864227,1496201,14962010,0,35022965.0,3.0136944000259973,25500,25322911.0,9363384,0.0016704999725334346,25.37270360000548,40.42511469994497
primary,PRIMARY__CICIoT2023_R1__Cost-Only__b1.0__seed11,CICIoT2023,CICIoT2023_R1,Cost-Only,1.0,0.5,11,FedAvg,clean,honest,0.8960267193905477,0.9149042871190494,0.9267051986708034,8248,1060,472.5392296718973,0.04725392296718973,0.987852329211663,0.9823047259736574,0.8770624972052884,0.9603768950271324,0.57,21372,58843,13301117,26766575,0.021061299994471483,1496162,14961620,0,33857192.0,2.9930361000733683,25500,28734688.0,11779455,0.0016352000820916146,25.73673670012795,41.59586970001692
primary,PRIMARY__CICIoT2023_R1__Cost-Only__b1.0__seed123,CICIoT2023,CICIoT2023_R1,Cost-Only,1.0,0.5,123,FedAvg,clean,honest,0.8899612390112038,0.9128308685447157,0.921932083845148,8924,927,413.2489300998573,0.041324893009985736,0.9871674587273586,0.9843131282363692,0.8669866300994172,0.9578805158465229,0.48,21505,58167,12424193,25894718,0.018106399933458306,1496725,14967250,0,35492897.0,2.8824047000234714,25500,33907057.0,10901968,0.0015400000265799463,24.717020399984904,39.75423750000482
primary,PRIMARY__CICIoT2023_R1__Cost-Only__b1.0__seed2026,CICIoT2023,CICIoT2023_R1,Cost-Only,1.0,0.5,2026,FedAvg,clean,honest,0.8884420763379244,0.9085680119913356,0.9210432692687787,8841,1146,510.87731811697574,0.051087731811697575,0.9874684519286523,0.9807057714324197,0.8682237557943688,0.958830739405914,0.36,21286,58250,14920145,28385675,0.04757110006175935,1496170,14961700,0,34960377.0,2.927871900028549,25500,34960377.0,13398475,0.0015547000075457618,25.106849100076943,40.45352410004125
primary,PRIMARY__CICIoT2023_R1__Cost-Only__b1.0__seed2027,CICIoT2023,CICIoT2023_R1,Cost-Only,1.0,0.5,2027,FedAvg,clean,honest,0.8842978899277281,0.9070494204265032,0.9177597103566552,9296,1062,473.4308131241084,0.04734308131241084,0.9871506124100893,0.981956266884143,0.8614419221654172,0.9575760274928184,0.4,21370,57795,15105439,28577251,0.04882069998711813,1496868,14968680,0,35412326.0,3.023854399987613,25500,35412326.0,13583071,0.0017009000002872199,25.72249940004258,41.38923680003791
primary,PRIMARY__CICIoT2023_R1__Cost-Only__b1.0__seed2718,CICIoT2023,CICIoT2023_R1,Cost-Only,1.0,0.5,2718,FedAvg,clean,honest,0.8896819811668509,0.9097958462334814,0.9219559994942471,8757,1119,498.84094151212554,0.04988409415121255,0.9872681660933488,0.9811784098363413,0.8694757866181753,0.9579540969633065,0.45,21313,58334,12142252,25612741,0.018558300027507357,1496721,14967210,0,34250919.0,2.8450662000104785,25500,22607652.0,10620031,0.0014901999675203115,24.278639100069995,39.096708699988085
primary,PRIMARY__CICIoT2023_R1__Cost-Only__b1.0__seed314,CICIoT2023,CICIoT2023_R1,Cost-Only,1.0,0.5,314,FedAvg,clean,honest,0.8889223998302113,0.9107282629745692,0.9212556025403462,8922,1022,455.5991440798859,0.04555991440798859,0.9871382048626657,0.9827338615667922,0.8670164403571269,0.9580891487796792,0.59,21410,58169,12173537,25637870,0.019348000074387528,1496037,14960370,0,34649057.0,2.8142655000119703,25500,24072588.0,10652000,0.001568100051372312,24.644659800003865,39.857671699966886
primary,PRIMARY__CICIoT2023_R1__Cost-Only__b1.0__seed3407,CICIoT2023,CICIoT2023_R1,Cost-Only,1.0,0.5,3407,FedAvg,clean,honest,0.8828122381957709,0.9078386719829994,0.9164563010153295,9549,942,419.9358059914408,0.04199358059914408,0.9861759639584085,0.9838930305724642,0.8576709245651428,0.9550943195517378,0.63,21490,57542,12232578,25693806,0.02018020003743004,1495692,14956920,0,34989324.0,3.0257277000055183,25500,32478879.0,10711386,0.0016122999804792926,24.988908700062893,40.51531280003837
primary,PRIMARY__CICIoT2023_R1__Cost-Only__b1.0__seed42,CICIoT2023,CICIoT2023_R1,Cost-Only,1.0,0.5,42,FedAvg,clean,honest,0.9009751683924802,0.9175826182415261,0.9304820382525231,7763,1102,491.26248216833096,0.0491262482168331,0.9888514309369918,0.9817640244911467,0.8842914846998853,0.9634598855805976,0.43,21330,59328,13593970,27061543,0.020644400006858632,1496397,14963970,0,34566609.0,2.8086439999606228,25500,27636011.0,12072073,0.001613200016436167,24.206551300070714,39.10472399997525
primary,PRIMARY__CICIoT2023_R1__Cost-Only__b1.0__seed777,CICIoT2023,CICIoT2023_R1,Cost-Only,1.0,0.5,777,FedAvg,clean,honest,0.891547423567128,0.9131621186213942,0.923203480324303,8733,976,435.09272467902997,0.043509272467902996,0.9879708782959289,0.9835507466208245,0.8698335097106914,0.9605353507263996,0.54,21456,58358,15232489,28703626,0.048712699994212016,1496793,14967930,0,35650337.0,2.9273636999714654,25500,35650337.0,13710196,0.0016535999748157337,24.820953900023596,40.36472459998913
primary,PRIMARY__CICIoT2023_R1__Cost-Only__b1.0__seed9001,CICIoT2023,CICIoT2023_R1,Cost-Only,1.0,0.5,9001,FedAvg,clean,honest,0.8896596405393028,0.9125257901520304,0.9217100466030498,8944,934,416.36947218259627,0.041636947218259626,0.9875181767049552,0.9841911951388771,0.8666885275223204,0.9596326874318359,0.63,21498,58147,12365276,25829096,0.01866840000730008,1495980,14959800,0,35361794.0,2.9749774999945657,25500,32948857.0,10843796,0.001549500011606142,25.38748539998778,40.2550717999693
primary,PRIMARY__CICIoT2023_R1__Full-Contextual__seed11,CICIoT2023,CICIoT2023_R1,Full-Contextual,,0.5,11,FedAvg,clean,honest,0.897813969594406,0.915503216552322,0.9281009792979864,8048,1100,490.3708987161198,0.04903708987161198,0.9880405588590353,0.9817102572202916,0.8800435229762561,0.9610093526945995,0.58,21332,59043,14477977,27943048,0.045868500012147706,1496119,14961190,0,33656483.0,2.7442555999878095,0,33656483.0,12981858,0.00022620001254836097,23.546225799960666,37.00722669999959
primary,PRIMARY__CICIoT2023_R1__Full-Contextual__seed123,CICIoT2023,CICIoT2023_R1,Full-Contextual,,0.5,123,FedAvg,clean,honest,0.8942729801280118,0.9139716268539901,0.9253578328930248,8421,1044,465.4065620542083,0.046540656205420826,0.9871631996491089,0.982516662759152,0.8744839099134012,0.9577614256477209,0.48,21388,58670,15048794,28521587,0.04860180000105174,1496977,14969770,0,35480630.0,2.8401095000081114,0,35480630.0,13551817,0.00023329998657573014,25.27399150000565,39.2882923999714
primary,PRIMARY__CICIoT2023_R1__Full-Contextual__seed2026,CICIoT2023,CICIoT2023_R1,Full-Contextual,,0.5,2026,FedAvg,clean,honest,0.8884420763379244,0.9085680119913356,0.9210432692687787,8841,1146,510.87731811697574,0.051087731811697575,0.9874684519286523,0.9807057714324197,0.8682237557943688,0.958830739405914,0.36,21286,58250,14894645,28360175,0.04751769998983946,1496170,14961700,0,34960377.0,2.7919849999889266,0,34960377.0,13398475,0.00023770000552758574,24.606234500039136,38.27285139997548
primary,PRIMARY__CICIoT2023_R1__Full-Contextual__seed2027,CICIoT2023,CICIoT2023_R1,Full-Contextual,,0.5,2027,FedAvg,clean,honest,0.8842978899277281,0.9070494204265032,0.9177597103566552,9296,1062,473.4308131241084,0.04734308131241084,0.9871506124100893,0.981956266884143,0.8614419221654172,0.9575760274928184,0.4,21370,57795,15079939,28551751,0.047047300009580795,1496868,14968680,0,35412326.0,2.7775571000092896,0,35412326.0,13583071,0.0002473999993526377,23.950636700014,37.819608000005246
primary,PRIMARY__CICIoT2023_R1__Full-Contextual__seed2718,CICIoT2023,CICIoT2023_R1,Full-Contextual,,0.5,2718,FedAvg,clean,honest,0.8811031801883314,0.90672810366936,0.9151317992632636,9704,940,419.0442225392297,0.04190442225392297,0.9868939394727971,0.983883964544722,0.8553606295926428,0.9569609503936475,0.56,21492,57387,14697626,28166828,0.04740769996715244,1496578,14965780,0,34130950.0,2.762572799998452,0,34130950.0,13201048,0.00023849998251534998,24.26877279998007,37.476248000028136
primary,PRIMARY__CICIoT2023_R1__Full-Contextual__seed314,CICIoT2023,CICIoT2023_R1,Full-Contextual,,0.5,314,FedAvg,clean,honest,0.8883862247690537,0.9108453245821445,0.9208052627407466,9002,990,441.33380884450787,0.04413338088445078,0.9867621564823805,0.9832427766211345,0.8658240300487398,0.9566865301074778,0.61,21442,58089,14835052,28297009,0.044896899999002926,1495773,14957730,0,34748900.0,2.751875400004792,0,34748900.0,13339279,0.00022660001559415832,24.321147099908558,38.067148900016036
primary,PRIMARY__CICIoT2023_R1__Full-Contextual__seed3407,CICIoT2023,CICIoT2023_R1,Full-Contextual,,0.5,3407,FedAvg,clean,honest,0.8835159679635401,0.906512903894706,0.9171591992373689,9365,1063,473.876604850214,0.047387660485021396,0.9859936360665027,0.9819183860926364,0.8604134682744332,0.9543825242329009,0.63,21369,57726,14911143,28373577,0.046964100016339216,1495826,14958260,0,35049861.0,2.7629124999730266,0,35049861.0,13415317,0.00023609997879248112,23.80457050003315,37.37463290001324
primary,PRIMARY__CICIoT2023_R1__Full-Contextual__seed42,CICIoT2023,CICIoT2023_R1,Full-Contextual,,0.5,42,FedAvg,clean,honest,0.8981267383800811,0.9154003108968547,0.9283604600012568,7999,1121,499.7325249643367,0.04997325249643367,0.9892335525344556,0.9813827578762061,0.8807738742901432,0.9649651045896719,0.52,21311,59092,14756272,28220740,0.04630110000289278,1496052,14960520,0,34289049.0,2.921424799984379,0,34289049.0,13260220,0.0002305999951204285,24.44042549988808,38.19147430000885
primary,PRIMARY__CICIoT2023_R1__Full-Contextual__seed777,CICIoT2023,CICIoT2023_R1,Full-Contextual,,0.5,777,FedAvg,clean,honest,0.891547423567128,0.9131621186213942,0.923203480324303,8733,976,435.09272467902997,0.043509272467902996,0.9879708782959289,0.9835507466208245,0.8698335097106914,0.9605353507263996,0.54,21456,58358,15206989,28678126,0.04673890001140535,1496793,14967930,0,35650337.0,2.7410042000192334,0,35650337.0,13710196,0.00022539998462889344,24.23931800010905,38.13723269999173
primary,PRIMARY__CICIoT2023_R1__Full-Contextual__seed9001,CICIoT2023,CICIoT2023_R1,Full-Contextual,,0.5,9001,FedAvg,clean,honest,0.8886431419858584,0.9090434096542199,0.9211681256375585,8846,1123,500.6241084165478,0.05006241084165478,0.9873920872811944,0.9810840857027355,0.8681492301500946,0.959202164625511,0.62,21309,58245,15041861,28505348,0.046925699985877145,1495943,14959430,0,35438755.0,2.763256700018246,0,35438755.0,13545918,0.00022170000011101365,23.832283900032053,36.873112999986915
primary,PRIMARY__CICIoT2023_R1__Historical-DoubleCost__b0.1__seed11,CICIoT2023,CICIoT2023_R1,Historical-DoubleCost,0.1,0.5,11,FedAvg,clean,honest,0.8953676708778749,0.9154735033055259,0.9261271776591298,8375,992,442.22539229671895,0.0442225392296719,0.9889083848297558,0.9833858109466068,0.8751695458407238,0.9644550660571498,0.56,21440,58716,2704528,16174792,0.0066716000001179054,1496696,14966960,0,30969097.0,2.77471240000159,25500,3131173.0,1182332,0.0106340999918757,24.007989800076757,38.51844460001303
primary,PRIMARY__CICIoT2023_R1__Historical-DoubleCost__b0.1__seed123,CICIoT2023,CICIoT2023_R1,Historical-DoubleCost,0.1,0.5,123,FedAvg,clean,honest,0.4101515811579147,0.5086171761256365,0.44161282476973995,46210,6595,2939.996433666191,0.2939996433666191,0.783313665548035,0.7599723394962876,0.3112339956178921,0.5003784206367059,0.95,15837,20881,1508670,14857200,0.0002342000079806894,1483170,14831700,30,36697113.0,3.4070336000004318,25500,0.0,0,0.01090760002261959,25.502009600000747,40.65094899998803
primary,PRIMARY__CICIoT2023_R1__Historical-DoubleCost__b0.1__seed2026,CICIoT2023,CICIoT2023_R1,Historical-DoubleCost,0.1,0.5,2026,FedAvg,clean,honest,0.8567630664745373,0.9013645028184833,0.8946975109424914,12616,207,92.27888730385165,0.009227888730385164,0.9851182187046486,0.9962144764273435,0.8119568943673519,0.9519550433991213,0.05,22225,54475,2778142,16246300,0.006945499975699931,1496462,14964620,0,33021700.0,2.8933212000338244,25500,4038172.0,1256180,0.012041800036968198,24.876223100080097,39.88415629998053
primary,PRIMARY__CICIoT2023_R1__Historical-DoubleCost__b0.1__seed2027,CICIoT2023,CICIoT2023_R1,Historical-DoubleCost,0.1,0.5,2027,FedAvg,clean,honest,0.8965405538241569,0.9146536242075962,0.9271397105097545,8162,1100,490.3708987161198,0.04903708987161198,0.9887542016817203,0.9816755234969765,0.8783443382868045,0.9631368276104478,0.37,21332,58929,2833163,16302788,0.006496399990282953,1496625,14966250,0,34440654.0,2.7836857000147575,25500,4431276.0,1311038,0.011185499992279802,24.549033800016332,39.655314800009364
primary,PRIMARY__CICIoT2023_R1__Historical-DoubleCost__b0.1__seed2718,CICIoT2023,CICIoT2023_R1,Historical-DoubleCost,0.1,0.5,2718,FedAvg,clean,honest,0.883605330473733,0.9062015988631789,0.9172608743985136,9332,1088,485.02139800285306,0.04850213980028531,0.9873818243968394,0.9815113769605928,0.8609053375266429,0.9589233246948792,0.28,21344,57759,2725914,16188780,0.00600589995883638,1495874,14958740,3,34985610.0,2.7583921999903396,25500,2800803.0,1204540,0.011032800015527755,24.1174066999738,38.581287000015436
primary,PRIMARY__CICIoT2023_R1__Historical-DoubleCost__b0.1__seed314,CICIoT2023,CICIoT2023_R1,Historical-DoubleCost,0.1,0.5,314,FedAvg,clean,honest,0.895758631859969,0.913597811910074,0.926590204685263,8196,1136,506.4194008559201,0.05064194008559201,0.9877406389392558,0.9810764438373507,0.87783756390574,0.95980712999809,0.41,21296,58895,2708429,16174355,0.006408300003386103,1496214,14962140,2,33277785.0,2.805979099983233,25500,4457688.0,1186715,0.011740600035409443,23.8504654999997,38.51881480002339
primary,PRIMARY__CICIoT2023_R1__Historical-DoubleCost__b0.1__seed3407,CICIoT2023,CICIoT2023_R1,Historical-DoubleCost,0.1,0.5,3407,FedAvg,clean,honest,0.8777855969974196,0.9049746397126299,0.9125132937253616,10032,909,405.2246790299572,0.04052246790299572,0.982966674614437,0.9843189345845984,0.8504717473282557,0.9436727931335451,0.85,21523,57059,2673830,16139441,0.006892800040077418,1496179,14961790,2,32703614.0,2.736651500003063,25500,3356004.0,1152151,0.01129910002782708,23.535247499952675,38.25927549998596
primary,PRIMARY__CICIoT2023_R1__Historical-DoubleCost__b0.1__seed42,CICIoT2023,CICIoT2023_R1,Historical-DoubleCost,0.1,0.5,42,FedAvg,clean,honest,0.8874702590395764,0.9098336147083939,0.9201376226792028,9057,1017,453.3701854493581,0.045337018544935805,0.9876318612974041,0.982777599024572,0.8650042479617236,0.9596478071807255,0.73,21415,58034,2701823,16167821,0.0069861000156379305,1496222,14962220,0,30956679.0,2.8015878000223893,25500,2122778.0,1180101,0.01161909999063937,23.692141899962735,38.58838590000232
primary,PRIMARY__CICIoT2023_R1__Historical-DoubleCost__b0.1__seed777,CICIoT2023,CICIoT2023_R1,Historical-DoubleCost,0.1,0.5,777,FedAvg,clean,honest,0.8870234464886119,0.907858928659099,0.9199385726046482,8984,1130,503.7446504992867,0.05037446504992867,0.9872103661192242,0.9809240846092814,0.8660923223681268,0.9578554587913479,0.41,21302,58107,2834327,16305428,0.0066690000021480955,1496789,14967890,1,35558318.0,2.8775319000124,25500,2198920.0,1312038,0.011940799995500129,25.120787900035793,40.616054899997835
primary,PRIMARY__CICIoT2023_R1__Historical-DoubleCost__b0.1__seed9001,CICIoT2023,CICIoT2023_R1,Historical-DoubleCost,0.1,0.5,9001,FedAvg,clean,honest,0.8905532656412318,0.9115789450309266,0.9225209552427646,8760,1038,462.73181169757487,0.04627318116975749,0.9862318660199332,0.9825161279455609,0.8694310712316108,0.9544643858291687,0.67,21394,58331,2714518,16172101,0.005635699984850362,1495287,14952870,3,35003047.0,2.770378100009111,25500,4956494.0,1193731,0.010653099991031922,24.12130380000599,38.448790200018266
primary,PRIMARY__CICIoT2023_R1__Historical-DoubleCost__b0.2__seed11,CICIoT2023,CICIoT2023_R1,Historical-DoubleCost,0.2,0.5,11,FedAvg,clean,honest,0.8902516671693308,0.9112887036601192,0.9222982324330736,8781,1044,465.4065620542083,0.046540656205420826,0.9878990469910425,0.9824106210196448,0.8691180635256592,0.9609553501742083,0.55,21388,58310,3716494,17181250,0.007880599980126135,1496084,14960840,0,33961993.0,2.8136530999909155,25500,5004655.0,2194910,0.012158900033682585,24.206054400012363,38.93480139995518
primary,PRIMARY__CICIoT2023_R1__Historical-DoubleCost__b0.2__seed123,CICIoT2023,CICIoT2023_R1,Historical-DoubleCost,0.2,0.5,123,FedAvg,clean,honest,0.890564435955006,0.9113638422671861,0.9225478492540972,8744,1053,469.41868758915837,0.04694186875891584,0.9875145300133245,0.9822727272727273,0.8696695532932882,0.959551890630013,0.19,21379,58347,2908516,16384882,0.0067180999903939664,1497374,14973740,0,36055209.0,2.808162599991192,25500,5635053.0,1385642,0.011462900016340427,24.144153899804223,38.88202559998899
primary,PRIMARY__CICIoT2023_R1__Historical-DoubleCost__b0.2__seed2026,CICIoT2023,CICIoT2023_R1,Historical-DoubleCost,0.2,0.5,2026,FedAvg,clean,honest,0.8883192028864091,0.9095691363797177,0.9208580701337766,8925,1073,478.3345221112696,0.04783345221112696,0.9867012819662568,0.981886932595081,0.8669717249705624,0.956008243089086,0.43,21359,58166,4145602,17603185,0.008213700028136373,1495287,14952870,0,34890279.0,2.7755623999983072,25500,8186992.0,2624815,0.011893999981111847,24.012643200185266,38.69939529999101
primary,PRIMARY__CICIoT2023_R1__Historical-DoubleCost__b0.2__seed2027,CICIoT2023,CICIoT2023_R1,Historical-DoubleCost,0.2,0.5,2027,FedAvg,clean,honest,0.8874144074707059,0.9094996114486996,0.9201201486800289,9042,1037,462.28601997146933,0.046228601997146936,0.98744458202405,0.9824493111735436,0.8652278248945462,0.9593413134918355,0.46,21395,58049,3847832,17306567,0.007938899987493642,1495415,14954150,0,34952707.0,2.8807742000062717,25500,6257995.0,2326917,0.01216109999222681,24.560373799773515,39.89932349996525
primary,PRIMARY__CICIoT2023_R1__Historical-DoubleCost__b0.2__seed2718,CICIoT2023,CICIoT2023_R1,Historical-DoubleCost,0.2,0.5,2718,FedAvg,clean,honest,0.8897154921081734,0.9106639141738015,0.9219112098898231,8811,1062,473.4308131241084,0.04734308131241084,0.9880668022388206,0.9821037376562974,0.868670909660014,0.9608876664571726,0.28,21370,58280,3940601,17413538,0.008092100048088469,1496993,14969930,0,34947982.0,2.7811876999912784,25500,4544355.0,2418108,0.012711699993815273,24.642503299954114,39.390235400001984
primary,PRIMARY__CICIoT2023_R1__Historical-DoubleCost__b0.2__seed314,CICIoT2023,CICIoT2023_R1,Historical-DoubleCost,0.2,0.5,314,FedAvg,clean,honest,0.8958033131150654,0.9140578958022416,0.9265904869833474,8221,1107,493.4914407988588,0.04934914407988588,0.9863980277623835,0.9815429247878353,0.877464935684369,0.9554006265278423,0.6,21325,58870,3749372,17205092,0.00785330003418494,1495080,14950800,0,34907897.0,2.808231800037902,25500,4646447.0,2228792,0.01143929993850179,24.37620919998153,39.283974799953285
primary,PRIMARY__CICIoT2023_R1__Historical-DoubleCost__b0.2__seed3407,CICIoT2023,CICIoT2023_R1,Historical-DoubleCost,0.2,0.5,3407,FedAvg,clean,honest,0.8837617148665706,0.9079231701498492,0.9172379785897211,9427,979,436.43009985734665,0.043643009985734664,0.985437191732396,0.9833057653939942,0.8594893502854332,0.9520803728614728,0.57,21453,57664,4138464,17597055,0.007667199999559671,1495399,14953990,0,35472567.0,2.788338600017596,25500,11408040.0,2617565,0.011427299948991276,24.291088200043305,39.17589899995073
primary,PRIMARY__CICIoT2023_R1__Historical-DoubleCost__b0.2__seed42,CICIoT2023,CICIoT2023_R1,Historical-DoubleCost,0.2,0.5,42,FedAvg,clean,honest,0.8923070049037678,0.9103602371236963,0.9240501343164828,8442,1199,534.5042796005706,0.05345042796005706,0.9882553122409766,0.9799659136479081,0.8741709022074495,0.9619441179635911,0.3,21233,58649,3998790,17460648,0.0072638999845366925,1495762,14957620,0,35086287.0,2.7789135000057286,25500,2806923.0,2477528,0.01124550000531599,23.852485600029468,38.58638130000327
primary,PRIMARY__CICIoT2023_R1__Historical-DoubleCost__b0.2__seed777,CICIoT2023,CICIoT2023_R1,Historical-DoubleCost,0.2,0.5,777,FedAvg,clean,honest,0.8911006110161634,0.9124485794317174,0.922896845168893,8745,1004,447.5748930099857,0.04475748930099857,0.9879546944222026,0.9830834035383319,0.8696546481644334,0.9609066141503977,0.6,21428,58346,4054372,17526004,0.008035999941057526,1496848,14968480,0,35306612.0,2.853950499978964,25500,4305948.0,2532024,0.011102199991000816,24.746081400022376,39.876282800061745
primary,PRIMARY__CICIoT2023_R1__Historical-DoubleCost__b0.2__seed9001,CICIoT2023,CICIoT2023_R1,Historical-DoubleCost,0.2,0.5,9001,FedAvg,clean,honest,0.8544284708957475,0.9013202930846942,0.8926170072511536,12927,105,46.80813124108417,0.004680813124108417,0.9846195554841148,0.9980651937570252,0.8073213992934969,0.9497812640446553,0.05,22327,54164,3377198,16840856,0.0072848999698180705,1495962,14959620,0,35386879.0,2.860449300016626,25500,6480359.0,1855736,0.01210050008376129,24.521810000034748,39.22118550003506
primary,PRIMARY__CICIoT2023_R1__Historical-DoubleCost__b0.4__seed11,CICIoT2023,CICIoT2023_R1,Historical-DoubleCost,0.4,0.5,11,FedAvg,clean,honest,0.8912123141539046,0.9082500427751683,0.9233312602832469,8447,1292,575.962910128388,0.0575962910128388,0.9872446223412122,0.9784436732514682,0.8740963765631754,0.9584833463145452,0.17,21140,58644,6409092,19873893,0.009769599986611865,1496089,14960890,0,34206040.0,2.858982699981425,25500,10190311.0,4887503,0.011622499965596944,24.69486970003345,39.9907164000324
primary,PRIMARY__CICIoT2023_R1__Historical-DoubleCost__b0.4__seed123,CICIoT2023,CICIoT2023_R1,Historical-DoubleCost,0.4,0.5,123,FedAvg,clean,honest,0.8852920478536243,0.9072379139604521,0.9185652770398332,9175,1094,487.6961483594865,0.048769614835948646,0.9874352752799601,0.9814607693611253,0.8632454427568527,0.9589305025057945,0.2,21338,57916,5653542,19126128,0.009224899971741252,1496954,14969540,0,35849323.0,2.938282699949923,25500,14783366.0,4131088,0.011420199982239865,24.88638939993689,40.26024670001061
primary,PRIMARY__CICIoT2023_R1__Historical-DoubleCost__b0.4__seed2026,CICIoT2023,CICIoT2023_R1,Historical-DoubleCost,0.4,0.5,2026,FedAvg,clean,honest,0.8851468337745607,0.907719674476132,0.9184033013252917,9227,1055,470.31027104136945,0.047031027104136945,0.9879795130206734,0.9820940613384477,0.862470376056401,0.9604295746110245,0.26,21377,57864,6846218,20310461,0.010969599956297316,1496027,14960270,0,34811328.0,2.8363099000125658,25500,13364237.0,5324691,0.010119700003997423,24.578708500106586,39.38953619998938
primary,PRIMARY__CICIoT2023_R1__Historical-DoubleCost__b0.4__seed2027,CICIoT2023,CICIoT2023_R1,Historical-DoubleCost,0.4,0.5,2027,FedAvg,clean,honest,0.8942841504417859,0.9128217917119446,0.925458011058427,8342,1122,500.1783166904422,0.05001783166904422,0.9876790424701811,0.9812597083730019,0.8756614150929335,0.9591179953655256,0.38,21310,58749,6739841,20211923,0.011218699990422465,1496898,14968980,0,35256113.0,2.979476500011515,25500,16858700.0,5217443,0.012400000035995618,25.492345199905685,41.287292199980584
primary,PRIMARY__CICIoT2023_R1__Historical-DoubleCost__b0.4__seed2718,CICIoT2023,CICIoT2023_R1,Historical-DoubleCost,0.4,0.5,2718,FedAvg,clean,honest,0.8838399070629894,0.9068773984818796,0.9173954833226096,9346,1053,469.41868758915837,0.04694186875891584,0.9876309746098388,0.9820912275927752,0.8606966657226752,0.9594448204820754,0.22,21379,57745,6723785,20199944,0.011440700021921657,1497351,14973510,0,35321588.0,2.931951999969897,25500,9600073.0,5200934,0.01262839998526033,24.824551500089,39.850686600009794
primary,PRIMARY__CICIoT2023_R1__Historical-DoubleCost__b0.4__seed314,CICIoT2023,CICIoT2023_R1,Historical-DoubleCost,0.4,0.5,314,FedAvg,clean,honest,0.895959697507903,0.9127675516477067,0.9268170032214976,8113,1201,535.3958630527817,0.05353958630527817,0.9878955267677968,0.9800428720982403,0.8790746896006916,0.960352822699176,0.06,21231,58978,6574586,20044994,0.010839300026418641,1496712,14967120,0,35277139.0,2.9247484000370605,25500,11466724.0,5052374,0.012222699995618314,25.15983599999163,40.68959399999585
primary,PRIMARY__CICIoT2023_R1__Historical-DoubleCost__b0.4__seed3407,CICIoT2023,CICIoT2023_R1,Historical-DoubleCost,0.4,0.5,3407,FedAvg,clean,honest,0.8367682048188734,0.890798935584562,0.8778269193789765,14593,20,8.91583452211127,0.000891583452211127,0.986250378177588,0.9996191781865266,0.7824894546213352,0.9554836117231157,0.05,22412,52498,6626723,20084684,0.009836700002779253,1495329,14953290,1,35693212.0,2.7970530999882612,25500,22631607.0,5105894,0.011264600048889406,24.488434499915456,39.49837760004448
primary,PRIMARY__CICIoT2023_R1__Historical-DoubleCost__b0.4__seed42,CICIoT2023,CICIoT2023_R1,Historical-DoubleCost,0.4,0.5,42,FedAvg,clean,honest,0.8545848552885851,0.9022258281680825,0.8926492174228555,12967,51,22.73537803138374,0.002273537803138374,0.9846778266693286,0.9990586063682511,0.8067251941393033,0.9497333944744837,0.05,22381,54124,5886816,19345884,0.010660599989932962,1495452,14954520,0,34063518.0,2.904571799983387,25500,7055647.0,4365864,0.013249499999801628,24.954560100028175,40.285732499934966
primary,PRIMARY__CICIoT2023_R1__Historical-DoubleCost__b0.4__seed777,CICIoT2023,CICIoT2023_R1,Historical-DoubleCost,0.4,0.5,777,FedAvg,clean,honest,0.8831250069814461,0.9053766798489525,0.9169359256289545,9341,1122,500.1783166904422,0.05001783166904422,0.9858705456019111,0.9809417040358744,0.8607711913669494,0.9536636202068131,0.07,21310,57750,6387935,19860728,0.00985860000946559,1496977,14969770,0,35772685.0,2.8420920000062324,25500,9310968.0,4865458,0.010212099994532764,24.40006029990036,39.469573600028525
primary,PRIMARY__CICIoT2023_R1__Historical-DoubleCost__b0.4__seed9001,CICIoT2023,CICIoT2023_R1,Historical-DoubleCost,0.4,0.5,9001,FedAvg,clean,honest,0.8857165197770406,0.9079958961087854,0.9188498909379338,9169,1062,473.4308131241084,0.04734308131241084,0.9879143702929054,0.9819951173199511,0.8633348735299816,0.960708137130311,0.09,21370,57922,6615170,20082554,0.011078199982875958,1496376,14963760,0,36243845.0,2.961526299943216,25500,18133810.0,5093294,0.012761299978592433,25.027479699929245,40.178227999975206
primary,PRIMARY__CICIoT2023_R1__Historical-DoubleCost__b0.6__seed11,CICIoT2023,CICIoT2023_R1,Historical-DoubleCost,0.6,0.5,11,FedAvg,clean,honest,0.8905532656412318,0.9117124782278274,0.9225099254994384,8769,1029,458.71968616262484,0.045871968616262485,0.9880146054828315,0.9826624656703341,0.8692969250719172,0.9609344871798988,0.42,21403,58322,8548698,22014192,0.014228900079615414,1496166,14961660,0,34562685.0,2.848067499930039,25500,13092918.0,7027032,0.012709599919617176,24.047626300001866,39.06602489994839
primary,PRIMARY__CICIoT2023_R1__Historical-DoubleCost__b0.6__seed123,CICIoT2023,CICIoT2023_R1,Historical-DoubleCost,0.6,0.5,123,FedAvg,clean,honest,0.8852361962847536,0.9084914720416886,0.9184098092469942,9267,1007,448.91226818830245,0.04489122681883024,0.9873949890118394,0.9828831738369227,0.8618741709022074,0.9584389651505117,0.13,21425,57824,8378015,21853310,0.012182100021163933,1497255,14972550,0,35683055.0,2.860564000031445,25500,24364384.0,6855260,0.01071280003816355,25.031298199784942,40.18009230001189
primary,PRIMARY__CICIoT2023_R1__Historical-DoubleCost__b0.6__seed2026,CICIoT2023,CICIoT2023_R1,Historical-DoubleCost,0.6,0.5,2026,FedAvg,clean,honest,0.8881628184935715,0.9087377864057187,0.9207999114022181,8890,1122,500.1783166904422,0.05001783166904422,0.9883295029295207,0.9810865937326163,0.8674934044804817,0.9617052983570912,0.21,21310,58201,9510397,22975009,0.014105999929597601,1496068,14960680,0,34993541.0,2.9923128999216715,25500,18897706.0,7988829,0.011358000032487325,25.81491759981145,41.198778899983154
primary,PRIMARY__CICIoT2023_R1__Historical-DoubleCost__b0.6__seed2027,CICIoT2023,CICIoT2023_R1,Historical-DoubleCost,0.6,0.5,2027,FedAvg,clean,honest,0.89076550160294,0.9119876101488491,0.9226608036822916,8759,1020,454.70756062767475,0.04547075606276747,0.9876597739246038,0.9828143954710877,0.8694459763604656,0.9590771341693997,0.35,21412,58332,9401710,22873846,0.013654199909069575,1496904,14969040,0,35254831.0,2.8181960000219988,25500,24774340.0,7879306,0.011267899972153828,24.28414419996261,39.179278899973724
primary,PRIMARY__CICIoT2023_R1__Historical-DoubleCost__b0.6__seed2718,CICIoT2023,CICIoT2023_R1,Historical-DoubleCost,0.6,0.5,2718,FedAvg,clean,honest,0.88547077287401,0.9084105835446187,0.9186108354832307,9230,1023,456.04493580599143,0.04560449358059914,0.9880597277719397,0.9826268595883432,0.8624256606698365,0.9607638104311279,0.22,21409,57861,9242026,22714405,0.014230500004487112,1496931,14969310,0,35233349.0,2.774434199964162,25500,13752207.0,7719595,0.011398500020732172,24.48771339999803,39.086221900055534
primary,PRIMARY__CICIoT2023_R1__Historical-DoubleCost__b0.6__seed314,CICIoT2023,CICIoT2023_R1,Historical-DoubleCost,0.6,0.5,314,FedAvg,clean,honest,0.8722451213654592,0.898844896168661,0.9084241458551857,10364,1073,478.3345221112696,0.04783345221112696,0.9844214001924516,0.9814359861591696,0.8455232445484491,0.9488927414196585,0.83,21359,56727,8501151,21972450,0.01440419998834841,1496811,14968110,0,35149243.0,2.8984388000535546,25500,19790516.0,6978840,0.012511000022641383,25.086915399850113,40.30546920002962
primary,PRIMARY__CICIoT2023_R1__Historical-DoubleCost__b0.6__seed3407,CICIoT2023,CICIoT2023_R1,Historical-DoubleCost,0.6,0.5,3407,FedAvg,clean,honest,0.8897378327357216,0.9109162116527021,0.9219084990071438,8825,1046,466.2981455064194,0.04662981455064194,0.9882706540689578,0.9823644456433774,0.8684622378560463,0.9617526552976752,0.1,21386,58266,8529376,21990235,0.012434099990059622,1495651,14956510,0,35578444.0,2.7981232999736676,25500,26049890.0,7008225,0.011337499978253618,24.579854800133035,39.45735319999221
primary,PRIMARY__CICIoT2023_R1__Historical-DoubleCost__b0.6__seed42,CICIoT2023,CICIoT2023_R1,Historical-DoubleCost,0.6,0.5,42,FedAvg,clean,honest,0.8978474805357283,0.9152139967861692,0.9281499697514908,8024,1121,499.7325249643367,0.04997325249643367,0.9882890582804525,0.9813750249219113,0.8804012460687722,0.9616849888565557,0.41,21311,59067,8275907,21741095,0.012745300002279691,1496132,14961320,0,34695315.0,2.8616587000142317,25500,10666742.0,6754275,0.011172099999384955,24.190995200086036,39.18844000001263
primary,PRIMARY__CICIoT2023_R1__Historical-DoubleCost__b0.6__seed777,CICIoT2023,CICIoT2023_R1,Historical-DoubleCost,0.6,0.5,777,FedAvg,clean,honest,0.886643655820292,0.9099201168815128,0.9194488101474814,9174,974,434.20114122681883,0.04342011412268188,0.988062915215152,0.9834609702671037,0.8632603478857075,0.9608623868084634,0.22,21458,57917,9730796,23209754,0.014632799982791767,1497662,14976620,0,36093993.0,2.9313154999690596,25500,18306377.0,8207634,0.012613499944563955,25.101193099908414,40.702940500021214
primary,PRIMARY__CICIoT2023_R1__Historical-DoubleCost__b0.6__seed9001,CICIoT2023,CICIoT2023_R1,Historical-DoubleCost,0.6,0.5,9001,FedAvg,clean,honest,0.8852250259709795,0.9095226110087113,0.9183103966417822,9338,937,417.706847360913,0.0417706847360913,0.9878410030573308,0.9840347589027092,0.8608159067535139,0.9599933344731539,0.11,21495,57753,8711973,22180086,0.012484699982451275,1496457,14964570,0,36252379.0,2.774991799975396,25500,22548732.0,7190016,0.01096899998083245,24.006395700067515,38.273885900038294
primary,PRIMARY__CICIoT2023_R1__Historical-DoubleCost__b0.8__seed11,CICIoT2023,CICIoT2023_R1,Historical-DoubleCost,0.8,0.5,11,FedAvg,clean,honest,0.885560135384203,0.9055176367063442,0.9189355994967598,9023,1222,544.7574893009986,0.054475748930099856,0.98699866311452,0.9793894417271041,0.8655110223427882,0.9575421720129054,0.33,21210,58068,10778215,24242935,0.015303199979825877,1496080,14960800,0,34497461.0,2.834161500009941,25500,16955629.0,9256635,0.010814899986144155,24.20124399983615,39.10003070003586
primary,PRIMARY__CICIoT2023_R1__Historical-DoubleCost__b0.8__seed123,CICIoT2023,CICIoT2023_R1,Historical-DoubleCost,0.8,0.5,123,FedAvg,clean,honest,0.8909665672508741,0.9132196959275042,0.9227237101485991,8815,946,421.71897289586303,0.042171897289586306,0.9869720735038345,0.9840262064773226,0.8686112891445946,0.9571669294803058,0.44,21486,58276,10963761,24435672,0.01646499999333173,1496879,14968790,0,35599590.0,2.846465999944485,25500,29929975.0,9441382,0.011703299940563738,24.401119199799723,39.31672769994475
primary,PRIMARY__CICIoT2023_R1__Historical-DoubleCost__b0.8__seed2026,CICIoT2023,CICIoT2023_R1,Historical-DoubleCost,0.8,0.5,2026,FedAvg,clean,honest,0.8848675759302079,0.9078449378248816,0.9181613904702921,9273,1034,460.94864479315265,0.04609486447931527,0.9871003062760048,0.9824305036362401,0.8617847401290785,0.9574843398870327,0.41,21398,57818,11763514,25230727,0.01898090000031516,1496357,14963570,0,34894094.0,2.982510799978627,25500,27706620.0,10241657,0.012033100050757639,25.623275000049034,40.78484840002784
primary,PRIMARY__CICIoT2023_R1__Historical-DoubleCost__b0.8__seed2027,CICIoT2023,CICIoT2023_R1,Historical-DoubleCost,0.8,0.5,2027,FedAvg,clean,honest,0.887816538766574,0.9090854007617053,0.9204861248564982,8960,1083,482.79243937232525,0.04827924393723253,0.9876576715331322,0.981710406322829,0.866450045460643,0.9591384095182451,0.35,21349,58131,11647542,25121379,0.01776419996167533,1497093,14970930,0,35510842.0,2.973825700057205,25500,30473446.0,10124949,0.0118646000046283,25.49908179990598,41.357274800073355
primary,PRIMARY__CICIoT2023_R1__Historical-DoubleCost__b0.8__seed2718,CICIoT2023,CICIoT2023_R1,Historical-DoubleCost,0.8,0.5,2718,FedAvg,clean,honest,0.8869229136646448,0.9095722982045953,0.919709071296568,9113,1010,450.2496433666191,0.045024964336661914,0.9880795553860022,0.9828778734657897,0.8641695607458526,0.9606765590812624,0.2,21422,57978,11013205,24487645,0.016944799965131097,1497160,14971600,0,35431360.0,2.8876866000064183,25500,15924776.0,9490545,0.012060200024279766,24.863246900058584,39.734446799979196
primary,PRIMARY__CICIoT2023_R1__Historical-DoubleCost__b0.8__seed314,CICIoT2023,CICIoT2023_R1,Historical-DoubleCost,0.8,0.5,314,FedAvg,clean,honest,0.9018799638081834,0.9168954550567734,0.9312546957175056,7595,1189,530.046362339515,0.0530046362339515,0.9891124662933966,0.9804070198566367,0.8867955463474981,0.9643357821687497,0.3,21243,59496,10138935,23608155,0.01479829999152571,1496580,14965800,0,35593280.0,2.893246099993121,25500,22130379.0,8616855,0.010999799967976287,24.92274929987616,40.03756810001505
primary,PRIMARY__CICIoT2023_R1__Historical-DoubleCost__b0.8__seed3407,CICIoT2023,CICIoT2023_R1,Historical-DoubleCost,0.8,0.5,3407,FedAvg,clean,honest,0.8609742747673782,0.9051236890078034,0.8980019996394093,12303,143,63.748216833095576,0.0063748216833095575,0.9844205409347813,0.9973967340845789,0.8166221996989164,0.9492368554092574,0.05,22289,54788,9837405,23296347,0.015528900039498694,1495438,14954380,0,35346895.0,2.9317422999738483,25500,28276679.0,8316467,0.01329509999777656,25.595510099985404,41.16943580006773
primary,PRIMARY__CICIoT2023_R1__Historical-DoubleCost__b0.8__seed42,CICIoT2023,CICIoT2023_R1,Historical-DoubleCost,0.8,0.5,42,FedAvg,clean,honest,0.8992437697574925,0.9156411085957495,0.9292393623697753,7865,1155,514.8894436519258,0.05148894436519258,0.9885535231357148,0.9808714661896955,0.8827711615566917,0.9626852943000681,0.36,21277,59226,10923893,24389189,0.017296699923463166,1496144,14961440,0,34623633.0,2.860315400015679,25500,15867340.0,9402249,0.012990400078706443,24.77793959993869,39.861893699970096
primary,PRIMARY__CICIoT2023_R1__Historical-DoubleCost__b0.8__seed777,CICIoT2023,CICIoT2023_R1,Historical-DoubleCost,0.8,0.5,777,FedAvg,clean,honest,0.8870122761748378,0.9081630535541068,0.9199033931187394,9006,1109,494.3830242510699,0.04943830242510699,0.9880312275290253,0.9812649930736224,0.8657644095333205,0.9608506029725292,0.3,21323,58085,12202913,25678937,0.018424099995172583,1497336,14973360,0,36156733.0,2.9045223999855807,25500,22737200.0,10680077,0.013237200008006766,25.033281999931205,40.66396199996234
primary,PRIMARY__CICIoT2023_R1__Historical-DoubleCost__b0.8__seed9001,CICIoT2023,CICIoT2023_R1,Historical-DoubleCost,0.8,0.5,9001,FedAvg,clean,honest,0.8862080135831015,0.9090804970593627,0.9191617004055008,9176,1011,450.69543509272467,0.04506954350927247,0.9884254394352122,0.9828428876896447,0.8632305376279978,0.9623898973972179,0.25,21421,57915,10839774,24307572,0.01594359998125583,1496422,14964220,0,36223393.0,2.913212899977225,25500,27173999.0,9317852,0.012395800004014745,24.830261899958714,39.73059359997569
primary,PRIMARY__CICIoT2023_R1__Historical-DoubleCost__b1.0__seed11,CICIoT2023,CICIoT2023_R1,Historical-DoubleCost,1.0,0.5,11,FedAvg,clean,honest,0.9007741027445461,0.9166175988566725,0.9303921952748502,7725,1158,516.2268188302426,0.051622681883024255,0.988914633687039,0.9808670940453373,0.8848578795963691,0.9640446703575538,0.38,21274,59366,11700422,25165619,0.017153499982669018,1496133,14961330,0,34115048.0,2.7663012999692,25500,21128788.0,10178789,0.01153140002861619,24.184470500185853,39.08841730002314
primary,PRIMARY__CICIoT2023_R1__Historical-DoubleCost__b1.0__seed123,CICIoT2023,CICIoT2023_R1,Historical-DoubleCost,1.0,0.5,123,FedAvg,clean,honest,0.8942618098142376,0.9124062869923877,0.9254727825279103,8317,1149,512.2146932952925,0.05122146932952924,0.9872564195477884,0.9808253925871535,0.8760340433143045,0.9580901218788772,0.47,21283,58774,12204636,25675170,0.018903599950135686,1496726,14967260,0,35526285.0,2.839077200027532,25500,33200294.0,10682410,0.012214299946208484,24.218102799888584,39.09484840002551
primary,PRIMARY__CICIoT2023_R1__Historical-DoubleCost__b1.0__seed2026,CICIoT2023,CICIoT2023_R1,Historical-DoubleCost,1.0,0.5,2026,FedAvg,clean,honest,0.8856718385219441,0.9069720053852592,0.9189017867754843,9106,1129,503.29885877318117,0.05032988587731812,0.9869668689932269,0.9809013093345063,0.8642738966478365,0.9570368733937518,0.39,21303,57985,12582856,26049367,0.021216200038907118,1496279,14962790,0,35064346.0,2.9660399000131292,25500,28893263.0,11061077,0.013769799945293926,25.15442030011036,40.15012859998387
primary,PRIMARY__CICIoT2023_R1__Historical-DoubleCost__b1.0__seed2027,CICIoT2023,CICIoT2023_R1,Historical-DoubleCost,1.0,0.5,2027,FedAvg,clean,honest,0.8859175854249746,0.9079668350278225,0.9190183562621417,9140,1073,478.3345221112696,0.04783345221112696,0.987274229739366,0.9818209541881269,0.863767122266772,0.9579581169360941,0.35,21359,57951,13817778,27291093,0.018845999889890663,1497035,14970350,0,35580935.0,2.9560355999856256,25500,34496573.0,12295243,0.011567400055355392,25.372774100018432,41.11761750000005
primary,PRIMARY__CICIoT2023_R1__Historical-DoubleCost__b1.0__seed2718,CICIoT2023,CICIoT2023_R1,Historical-DoubleCost,1.0,0.5,2718,FedAvg,clean,honest,0.8869229136646448,0.9095722982045953,0.919709071296568,9113,1010,450.2496433666191,0.045024964336661914,0.9880795553860022,0.9828778734657897,0.8641695607458526,0.9606765590812624,0.2,21422,57978,11013205,24487645,0.017077100012102164,1497160,14971600,0,35431360.0,2.966358299992862,25500,15924776.0,9490545,0.01342489998205565,25.447566799994092,40.28256620002503
primary,PRIMARY__CICIoT2023_R1__Historical-DoubleCost__b1.0__seed314,CICIoT2023,CICIoT2023_R1,Historical-DoubleCost,1.0,0.5,314,FedAvg,clean,honest,0.9029076326754019,0.9174178837434395,0.9320353428727813,7492,1200,534.9500713266762,0.05349500713266762,0.9890463396869139,0.9802628332702841,0.8883307746195466,0.9640850401867578,0.31,21232,59599,10135799,23603768,0.015461800008779392,1496441,14964410,0,35390539.0,2.861346399979084,25500,22323415.0,8613858,0.010730100024375133,24.703752399916993,39.941200199958985
primary,PRIMARY__CICIoT2023_R1__Historical-DoubleCost__b1.0__seed3407,CICIoT2023,CICIoT2023_R1,Historical-DoubleCost,1.0,0.5,3407,FedAvg,clean,honest,0.880656367637367,0.9053765725389351,0.9148820905035054,9673,1011,450.69543509272467,0.04506954350927247,0.9858418917227693,0.982696948433141,0.8558226885871428,0.9540719032612061,0.7,21421,57418,10192802,23652590,0.01675169994996395,1495532,14955320,0,35336043.0,2.9194429999770364,25500,28630879.0,8671770,0.013989399958518334,24.975054300011834,40.34853610006394
primary,PRIMARY__CICIoT2023_R1__Historical-DoubleCost__b1.0__seed42,CICIoT2023,CICIoT2023_R1,Historical-DoubleCost,1.0,0.5,42,FedAvg,clean,honest,0.89940015415033,0.9159679998259014,0.9293403213658047,7866,1140,508.2025677603424,0.05082025677603424,0.9888269334143583,0.9811148844529115,0.8827562564278368,0.9637337822736173,0.35,21292,59225,12286536,25753029,0.017709499996271916,1496277,14962770,0,34662184.0,2.87207049994322,25500,17780039.0,10764759,0.011336599985952489,24.6044658999308,39.5240278999845
primary,PRIMARY__CICIoT2023_R1__Historical-DoubleCost__b1.0__seed777,CICIoT2023,CICIoT2023_R1,Historical-DoubleCost,1.0,0.5,777,FedAvg,clean,honest,0.8900952827764932,0.9122229592895854,0.922092627344783,8865,974,434.20114122681883,0.04342011412268188,0.987865461362815,0.9835472972972973,0.8678660327018527,0.9602004378232762,0.36,21458,58226,13596950,27074198,0.01996749997488223,1497472,14974720,0,35993561.0,2.9177197000244632,25500,28288545.0,12073978,0.012758499986375682,25.260459800134413,40.786992600071244
primary,PRIMARY__CICIoT2023_R1__Historical-DoubleCost__b1.0__seed9001,CICIoT2023,CICIoT2023_R1,Historical-DoubleCost,1.0,0.5,9001,FedAvg,clean,honest,0.8862080135831015,0.9090804970593627,0.9191617004055008,9176,1011,450.69543509272467,0.04506954350927247,0.9884254394352122,0.9828428876896447,0.8632305376279978,0.9623898973972179,0.25,21421,57915,10839774,24307572,0.016537899966351688,1496422,14964220,0,36223393.0,2.8813781000644667,25500,27173999.0,9317852,0.013141400035237893,24.650651000032667,39.52047859999584
primary,PRIMARY__CICIoT2023_R1__Oort-Style-Adapted__b0.1__seed11,CICIoT2023,CICIoT2023_R1,Oort-Style-Adapted,0.1,0.5,11,FedAvg,clean,honest,0.9003049495660334,0.9154737179255608,0.9301014214668912,7711,1214,541.191155492154,0.054119115549215405,0.9883478103341345,0.9799650130375945,0.8850665514003369,0.9617256603498332,0.53,21218,59380,2234728,15684310,0.0044399999678716995,1494398,14943980,13,32353052.0,3.0173346000156016,25500,1815900.0,714830,0.0035826000166707672,25.92053470000974,41.834393000011914
primary,PRIMARY__CICIoT2023_R1__Oort-Style-Adapted__b0.1__seed123,CICIoT2023,CICIoT2023_R1,Oort-Style-Adapted,0.1,0.5,123,FedAvg,clean,honest,0.4101515811579147,0.5086171761256365,0.44161282476973995,46210,6595,2939.996433666191,0.2939996433666191,0.783313665548035,0.7599723394962876,0.3112339956178921,0.5003784206367059,0.95,15837,20881,1508670,14857200,0.00027490001230034977,1483170,14831700,30,36697113.0,3.408879100003105,25500,0.0,0,0.0033053000224754214,25.098248799949943,39.877302000029886
primary,PRIMARY__CICIoT2023_R1__Oort-Style-Adapted__b0.1__seed2026,CICIoT2023,CICIoT2023_R1,Oort-Style-Adapted,0.1,0.5,2026,FedAvg,clean,honest,0.860661505981703,0.9037577294973627,0.8978796561604585,12253,221,98.51997146932953,0.009851997146932953,0.9843128214490219,0.9959861239760983,0.8173674561416584,0.948697078048294,0.05,22211,54838,2743199,16209647,0.006416000011085998,1496272,14962720,2,34235666.0,2.8382977999790455,25500,2583853.0,1221427,0.003159700005198829,24.661956499963708,39.44807460001903
primary,PRIMARY__CICIoT2023_R1__Oort-Style-Adapted__b0.1__seed2027,CICIoT2023,CICIoT2023_R1,Oort-Style-Adapted,0.1,0.5,2027,FedAvg,clean,honest,0.8828792600784156,0.9074086026694724,0.9165505989096263,9511,974,434.20114122681883,0.04342011412268188,0.9875177522473397,0.9833657820131844,0.8582373194616267,0.9591981954837843,0.46,21458,57580,2689482,16158243,0.0068742999792448245,1496529,14965290,3,33942793.0,2.939575500015053,25500,3007663.0,1167453,0.0035969999953522347,25.094203400025435,40.29512290001003
primary,PRIMARY__CICIoT2023_R1__Oort-Style-Adapted__b0.1__seed2718,CICIoT2023,CICIoT2023_R1,Oort-Style-Adapted,0.1,0.5,2718,FedAvg,clean,honest,0.8920277470594149,0.9128297499291474,0.9236227440816713,8646,1020,454.70756062767475,0.04547075606276747,0.9877334214140033,0.9828470528882536,0.8711302559210624,0.959867071446874,0.33,21412,58445,2373744,15830193,0.004324300018197391,1495161,14951610,11,35144949.0,2.7708388000100967,25500,1225239.0,853083,0.003119599998171907,23.850393900022027,38.318386700011615
primary,PRIMARY__CICIoT2023_R1__Oort-Style-Adapted__b0.1__seed314,CICIoT2023,CICIoT2023_R1,Oort-Style-Adapted,0.1,0.5,314,FedAvg,clean,honest,0.7444902427309184,0.4970323810043935,0.853492006558721,464,22410,9990.192582025678,0.9990192582025678,0.8280854545056048,0.7483068836551097,0.9930840202113548,0.6636860356946793,0.95,22,66627,2536475,15985229,0.005637300004309509,1494306,14943060,7,34825117.0,3.0199097999939113,25500,933987.0,1016669,0.0033088000054704025,25.900883099981,41.489729599990824
primary,PRIMARY__CICIoT2023_R1__Oort-Style-Adapted__b0.1__seed3407,CICIoT2023,CICIoT2023_R1,Oort-Style-Adapted,0.1,0.5,3407,FedAvg,clean,honest,0.8917708298426102,0.9107443651250731,0.9235829041493482,8540,1149,512.2146932952925,0.05122146932952924,0.9880043416167426,0.980753768844221,0.8727101995796753,0.9608686802253656,0.33,21283,58551,2403570,15860199,0.005059800008893944,1495181,14951810,9,32908078.0,2.9234815000163508,25500,3325259.0,882889,0.003510899987304583,25.015164300035394,40.332809100014856
primary,PRIMARY__CICIoT2023_R1__Oort-Style-Adapted__b0.1__seed42,CICIoT2023,CICIoT2023_R1,Oort-Style-Adapted,0.1,0.5,42,FedAvg,clean,honest,0.834958613987467,0.8887013988346486,0.8764291150568301,14695,80,35.66333808844508,0.003566333808844508,0.9853358357761617,0.9984754935589603,0.7809691314781416,0.9533060755213536,0.05,22352,52396,2266533,15722919,0.003936099987186026,1495154,14951540,12,32046112.0,2.7780234000092605,25500,1130397.0,745879,0.0032042000093497336,23.747962500005087,38.535141600019415
primary,PRIMARY__CICIoT2023_R1__Oort-Style-Adapted__b0.1__seed777,CICIoT2023,CICIoT2023_R1,Oort-Style-Adapted,0.1,0.5,777,FedAvg,clean,honest,0.8883527138277314,0.9096211681167556,0.9208811911754229,8924,1071,477.4429386590585,0.04774429386590585,0.9871198270072042,0.981920388939532,0.8669866300994172,0.9577947425841722,0.4,21361,58167,2689235,16158599,0.00603719999344321,1496596,14965960,4,35137907.0,2.8634447000004,25500,1436573.0,1167139,0.00336770000285469,24.70307509995473,39.762753499999235
primary,PRIMARY__CICIoT2023_R1__Oort-Style-Adapted__b0.1__seed9001,CICIoT2023,CICIoT2023_R1,Oort-Style-Adapted,0.1,0.5,9001,FedAvg,clean,honest,0.8996347307395864,0.9152787934318392,0.9295796725474368,7788,1197,533.6126961483595,0.05336126961483595,0.9891770142547801,0.9802148760330579,0.8839188564785142,0.9648191443611911,0.33,21235,59303,2129080,15584827,0.0034328000256209634,1495083,14950830,16,33995752.0,2.8827000000164844,25500,1697166.0,608497,0.003424500006076414,24.609743200002413,39.298985599969456
primary,PRIMARY__CICIoT2023_R1__Oort-Style-Adapted__b0.2__seed11,CICIoT2023,CICIoT2023_R1,Oort-Style-Adapted,0.2,0.5,11,FedAvg,clean,honest,0.881639355249489,0.9070709897399982,0.9155481875856792,9655,941,419.4900142653352,0.04194900142653352,0.9860666286306469,0.9838806379224695,0.8560909809065299,0.9547697609024905,0.46,21491,57436,3171014,16639019,0.007305400038603693,1496445,14964450,0,34602213.0,2.8978296000132104,25500,1989177.0,1649069,0.0036254000006010756,25.251858299991,40.367025599989574
primary,PRIMARY__CICIoT2023_R1__Oort-Style-Adapted__b0.2__seed123,CICIoT2023,CICIoT2023_R1,Oort-Style-Adapted,0.2,0.5,123,FedAvg,clean,honest,0.8662801738100824,0.9027881964471955,0.9029029353794742,11432,539,240.28174037089872,0.024028174037089872,0.9841218348126923,0.9904089113491583,0.8296045669314811,0.9473120309761535,0.05,21893,55659,2906754,16381554,0.006903800007421523,1497200,14972000,0,35990189.0,2.7801798999716993,25500,3990888.0,1384054,0.0034772999642882496,24.228732100018533,39.17760210005508
primary,PRIMARY__CICIoT2023_R1__Oort-Style-Adapted__b0.2__seed2026,CICIoT2023,CICIoT2023_R1,Oort-Style-Adapted,0.2,0.5,2026,FedAvg,clean,honest,0.8851356634607866,0.9105015820247421,0.9181504859392039,9416,867,386.50142653352356,0.03865014265335236,0.9869565287188742,0.9851901199139079,0.8596533067028365,0.9578071845660644,0.5,21565,57675,3932828,17393309,0.00804010003048461,1495609,14956090,0,34992889.0,2.833984899931238,25500,4069721.0,2411719,0.0036342999956104904,23.953856799853384,38.659214799976326
primary,PRIMARY__CICIoT2023_R1__Oort-Style-Adapted__b0.2__seed2027,CICIoT2023,CICIoT2023_R1,Oort-Style-Adapted,0.2,0.5,2027,FedAvg,clean,honest,0.887827709080348,0.9087516018229419,0.9205236165632519,8936,1106,493.04564907275324,0.04930456490727532,0.9875045844976029,0.981336798231552,0.8668077685531591,0.9595353266809821,0.44,21326,58155,3563679,17022090,0.00785710001946427,1495379,14953790,0,35366656.0,2.855003899996518,25500,3343013.0,2042800,0.0037347000325098634,24.38813730009133,39.48241489996144
primary,PRIMARY__CICIoT2023_R1__Oort-Style-Adapted__b0.2__seed2718,CICIoT2023,CICIoT2023_R1,Oort-Style-Adapted,0.2,0.5,2718,FedAvg,clean,honest,0.8818627615249712,0.9057215018188829,0.9158564722730528,9534,1042,464.51497860199714,0.04645149786019971,0.9871665186747788,0.9822181265891909,0.8578945014979654,0.9587286855860027,0.45,21390,57557,3020558,16491434,0.00752000002830755,1496764,14967640,0,34968376.0,2.7646796999615617,25500,1675958.0,1498294,0.0036226999800419435,23.794663500011666,38.2063150999893
primary,PRIMARY__CICIoT2023_R1__Oort-Style-Adapted__b0.2__seed314,CICIoT2023,CICIoT2023_R1,Oort-Style-Adapted,0.2,0.5,314,FedAvg,clean,honest,0.8883527138277314,0.9107784558232286,0.9207833688665562,9002,993,442.67118402282455,0.04426711840228245,0.9869671186468487,0.9831928506144003,0.8658240300487398,0.9575072095454443,0.57,21439,58089,3258619,16716949,0.00757720010005869,1495370,14953700,0,34680915.0,2.8022791000112193,25500,2516226.0,1737749,0.003619199967943132,23.860497100191424,38.658834699963336
primary,PRIMARY__CICIoT2023_R1__Oort-Style-Adapted__b0.2__seed3407,CICIoT2023,CICIoT2023_R1,Oort-Style-Adapted,0.2,0.5,3407,FedAvg,clean,honest,0.8328139137428371,0.888427794171057,0.8744579303634488,14965,2,0.891583452211127,8.91583452211127e-05,0.9849184644537852,0.9999616329036218,0.7769447466873352,0.9514277535354445,0.05,22430,52126,3911795,17377622,0.007901600023615174,1496203,14962030,0,35240731.0,2.8436940999526996,25500,8688070.0,2390092,0.003549999964889139,24.47589549992699,39.49054629998864
primary,PRIMARY__CICIoT2023_R1__Oort-Style-Adapted__b0.2__seed42,CICIoT2023,CICIoT2023_R1,Oort-Style-Adapted,0.2,0.5,42,FedAvg,clean,honest,0.8635099359941021,0.906459332607759,0.9000874919253947,12052,167,74.4472182596291,0.0074447218259629105,0.986144186688601,0.9969749664891497,0.8203633870414809,0.9550614773707505,0.05,22265,55039,3536966,16996376,0.00763770003686659,1495490,14954900,0,34725104.0,2.8487556999898516,25500,2373486.0,2015976,0.0034893999982159585,24.04713439992338,39.114533199957805
primary,PRIMARY__CICIoT2023_R1__Oort-Style-Adapted__b0.2__seed777,CICIoT2023,CICIoT2023_R1,Oort-Style-Adapted,0.2,0.5,777,FedAvg,clean,honest,0.8837170336114741,0.9068399313388116,0.9172969365704843,9360,1050,468.08131241084163,0.04680813124108416,0.9855246600790989,0.9821370851125364,0.8604879939187075,0.9526064414507722,0.34,21382,57731,3431243,16903037,0.007343699980992824,1496866,14968660,0,35255249.0,2.7996153000276536,25500,1870074.0,1908877,0.003261200021370314,24.167712100053905,39.03666859997611
primary,PRIMARY__CICIoT2023_R1__Oort-Style-Adapted__b0.2__seed9001,CICIoT2023,CICIoT2023_R1,Oort-Style-Adapted,0.2,0.5,9001,FedAvg,clean,honest,0.8855936463255253,0.9069791855217787,0.9188366748553768,9117,1125,501.5156918687589,0.05015156918687589,0.987794236201216,0.9809641449093893,0.8641099402304333,0.9606780850097758,0.41,21307,57974,3069115,16536832,0.007161800007452257,1496413,14964130,0,35396377.0,2.795678099952056,25500,6185208.0,1547202,0.003480600018519908,24.38183969995589,39.01172759999463
primary,PRIMARY__CICIoT2023_R1__Oort-Style-Adapted__b0.4__seed11,CICIoT2023,CICIoT2023_R1,Oort-Style-Adapted,0.4,0.5,11,FedAvg,clean,honest,0.8944740457759458,0.9114351090756692,0.9257212048780105,8223,1224,545.6490727532097,0.05456490727532097,0.9883933213633757,0.9796312321107635,0.8774351254266594,0.9623272486130416,0.14,21208,58868,5101115,18567653,0.009084100020118058,1496282,14962820,0,35241031.0,2.8363431000179844,25500,4361773.0,3579333,0.003631100044003688,23.71226560001378,38.390428200000315
primary,PRIMARY__CICIoT2023_R1__Oort-Style-Adapted__b0.4__seed123,CICIoT2023,CICIoT2023_R1,Oort-Style-Adapted,0.4,0.5,123,FedAvg,clean,honest,0.886554293310099,0.9093263635784905,0.9194262412135252,9146,1010,450.2496433666191,0.045024964336661914,0.987502359381222,0.9828682893732508,0.8636776914936429,0.958952858537931,0.21,21422,57945,5145459,18620961,0.009279399964725599,1497278,14972780,0,35802828.0,2.7765262000757502,25500,12203606.0,3622681,0.003465299989329651,24.206646800012095,38.929766300017945
primary,PRIMARY__CICIoT2023_R1__Oort-Style-Adapted__b0.4__seed2026,CICIoT2023,CICIoT2023_R1,Oort-Style-Adapted,0.4,0.5,2026,FedAvg,clean,honest,0.8843090602415021,0.9070865470346863,0.9177656913732185,9297,1060,472.5392296718973,0.04725392296718973,0.9878306952020448,0.9819893295273049,0.8614270170365623,0.9599681853905031,0.26,21372,57794,6510664,19973755,0.011078399998950772,1495899,14958990,0,35234039.0,2.8075312999717426,25500,12205911.0,4989265,0.0035505000123521313,23.77721439996094,38.07042130004265
primary,PRIMARY__CICIoT2023_R1__Oort-Style-Adapted__b0.4__seed2027,CICIoT2023,CICIoT2023_R1,Oort-Style-Adapted,0.4,0.5,2027,FedAvg,clean,honest,0.8923851971001865,0.9115103446936497,0.9240208836101516,8509,1125,501.5156918687589,0.05015156918687589,0.9877822033781524,0.9811579881755909,0.8731722585741754,0.9601226543398982,0.38,21307,58582,6169658,19640822,0.010250000006635673,1496796,14967960,0,35567204.0,2.9818910999019863,25500,8537082.0,4647362,0.0036612000403692946,25.522439799897256,41.32554729997355
primary,PRIMARY__CICIoT2023_R1__Oort-Style-Adapted__b0.4__seed2718,CICIoT2023,CICIoT2023_R1,Oort-Style-Adapted,0.4,0.5,2718,FedAvg,clean,honest,0.891748489215062,0.9127176209278514,0.9234040198860268,8676,1015,452.47860199714694,0.04524786019971469,0.9879623418141551,0.9829210836277974,0.8706831020554173,0.9603070524850412,0.21,21417,58415,5283619,18756151,0.009418800080311485,1496948,14969480,1,35189393.0,2.9195956000039587,25500,5807041.0,3761171,0.003582199991797097,25.335626599844545,40.334892500017304
primary,PRIMARY__CICIoT2023_R1__Oort-Style-Adapted__b0.4__seed314,CICIoT2023,CICIoT2023_R1,Oort-Style-Adapted,0.4,0.5,314,FedAvg,clean,honest,0.8744456731789596,0.9089185240500208,0.9093021754567168,10747,493,219.7753209700428,0.02197753209700428,0.9876769331168861,0.9913260728046871,0.8398145801970458,0.9599613258551191,0.05,21939,56344,5615611,19092103,0.01026840003032703,1497388,14973880,0,35787638.0,2.873846299975412,25500,9245371.0,4092723,0.003540799967595376,24.489196599955903,39.4579707999801
primary,PRIMARY__CICIoT2023_R1__Oort-Style-Adapted__b0.4__seed3407,CICIoT2023,CICIoT2023_R1,Oort-Style-Adapted,0.4,0.5,3407,FedAvg,clean,honest,0.8778861298213867,0.9034689884734237,0.9127394636015326,9917,1015,452.47860199714694,0.04524786019971469,0.9865476330473434,0.9825568406399835,0.8521858371465622,0.9564752616004268,0.11,21417,57174,5265047,18730316,0.009608400010620244,1496141,14961410,0,35255545.0,2.777759199976572,25500,14643611.0,3743406,0.00344469997799024,24.000018399892724,38.671994799980894
primary,PRIMARY__CICIoT2023_R1__Oort-Style-Adapted__b0.4__seed42,CICIoT2023,CICIoT2023_R1,Oort-Style-Adapted,0.4,0.5,42,FedAvg,clean,honest,0.848497034281693,0.8984757580145739,0.8876109347939575,13533,30,13.373751783166904,0.0013373751783166904,0.9847843362469042,0.9994401731730984,0.7982888912074645,0.9502994451815621,0.05,22402,53558,5633596,19092547,0.009382999982335605,1495439,14954390,0,34509028.0,2.7857949000317603,25500,5659891.0,4112657,0.003466599984676577,24.03952380020928,38.632328899999266
primary,PRIMARY__CICIoT2023_R1__Oort-Style-Adapted__b0.4__seed777,CICIoT2023,CICIoT2023_R1,Oort-Style-Adapted,0.4,0.5,777,FedAvg,clean,honest,0.889581448342884,0.9078741454189023,0.9220333635682455,8641,1244,554.5649072753209,0.055456490727532094,0.987579172760128,0.9791603846282708,0.8712047815653367,0.9595627578457059,0.07,21188,58450,5869656,19344753,0.009849200025200844,1497233,14972330,0,36017917.0,2.756854400082375,25500,4933374.0,4346923,0.0035685999755514786,23.829202599881683,38.692011499995715
primary,PRIMARY__CICIoT2023_R1__Oort-Style-Adapted__b0.4__seed9001,CICIoT2023,CICIoT2023_R1,Oort-Style-Adapted,0.4,0.5,9001,FedAvg,clean,honest,0.8766127140511377,0.9096076334331693,0.9110799845440495,10502,544,242.51069900142653,0.024251069900142655,0.9875359255662772,0.9904783575166717,0.8434663367664813,0.9592607226720893,0.05,21888,56589,5230671,18698424,0.008796400055871345,1496417,14964170,0,35737790.0,2.879392100003315,25500,8839297.0,3708754,0.003340599956572987,24.63743069989141,39.37501020003401
primary,PRIMARY__CICIoT2023_R1__Oort-Style-Adapted__b0.6__seed11,CICIoT2023,CICIoT2023_R1,Oort-Style-Adapted,0.6,0.5,11,FedAvg,clean,honest,0.8842420383588575,0.9065522099261525,0.9177572318558788,9270,1093,487.2503566333809,0.048725035663338086,0.9851947994129385,0.9814475336931799,0.8618294555156429,0.9504924866004274,0.52,21339,57821,6580696,20042554,0.010838000001967885,1495762,14957620,0,34761311.0,2.7758799999865005,25500,6235362.0,5059434,0.0034128999250242487,23.916428099852055,38.60151689997292
primary,PRIMARY__CICIoT2023_R1__Oort-Style-Adapted__b0.6__seed123,CICIoT2023,CICIoT2023_R1,Oort-Style-Adapted,0.6,0.5,123,FedAvg,clean,honest,0.889291020184757,0.910870338447529,0.921546121634779,8882,1029,458.71968616262484,0.045871968616262485,0.9881929937325182,0.9826293932948446,0.8676126455113204,0.9612349043975255,0.21,21403,58209,5600100,19073037,0.010251100015011616,1496993,14969930,0,35690561.0,2.8017283999506617,25500,12701527.0,4077607,0.0036416000075405464,24.217546299900278,39.16525359998923
primary,PRIMARY__CICIoT2023_R1__Oort-Style-Adapted__b0.6__seed2026,CICIoT2023,CICIoT2023_R1,Oort-Style-Adapted,0.6,0.5,2026,FedAvg,clean,honest,0.8888442076337925,0.9107799541767222,0.9211870648893957,8936,1015,452.47860199714694,0.04524786019971469,0.9882813177662231,0.9828460368429948,0.8668077685531591,0.9614217470847981,0.25,21417,58155,8063701,21527980,0.013088199964840896,1496031,14960310,0,35089033.0,2.767905500033521,25500,16276317.0,6542170,0.003559400051017292,23.698030700033996,38.22769640000479
primary,PRIMARY__CICIoT2023_R1__Oort-Style-Adapted__b0.6__seed2027,CICIoT2023,CICIoT2023_R1,Oort-Style-Adapted,0.6,0.5,2027,FedAvg,clean,honest,0.893312333143438,0.9131823360944535,0.9246404027173956,8497,1054,469.8644793152639,0.04698644793152639,0.987860153074573,0.9823296673819742,0.8733511201204335,0.9597024668503875,0.38,21378,58594,8768113,22236451,0.01368350004486274,1496482,14964820,0,35618567.0,2.8714724000019487,25500,17820576.0,7246131,0.003712500023539178,25.658011499981512,41.41521999995166
primary,PRIMARY__CICIoT2023_R1__Oort-Style-Adapted__b0.6__seed2718,CICIoT2023,CICIoT2023_R1,Oort-Style-Adapted,0.6,0.5,2718,FedAvg,clean,honest,0.8919607251767702,0.912147042601835,0.9236236141381597,8609,1063,473.876604850214,0.047387660485021396,0.9880175131314833,0.9821479553279032,0.8716817456886915,0.9604125269363426,0.25,21369,58482,6894137,20367731,0.011593399962293915,1497066,14970660,0,35405444.0,2.7476941000204533,25500,9297587.0,5371571,0.0034294999932171777,23.34517300015432,37.50653719996626
primary,PRIMARY__CICIoT2023_R1__Oort-Style-Adapted__b0.6__seed314,CICIoT2023,CICIoT2023_R1,Oort-Style-Adapted,0.6,0.5,314,FedAvg,clean,honest,0.8936474425566614,0.9119815589270017,0.9250084671670828,8371,1150,512.660485021398,0.051266048502139804,0.9879491098374958,0.9807917153833305,0.8752291663561431,0.9606172252796046,0.28,21282,58720,7297664,20769791,0.011324200022500008,1496903,14969030,0,35695118.0,2.7721091999992495,25500,14332130.0,5775261,0.0033229999826289713,23.92138020004495,38.671972300027846
primary,PRIMARY__CICIoT2023_R1__Oort-Style-Adapted__b0.6__seed3407,CICIoT2023,CICIoT2023_R1,Oort-Style-Adapted,0.6,0.5,3407,FedAvg,clean,honest,0.8860069479351675,0.907818737236952,0.9191048822442945,9118,1087,484.5756062767475,0.04845756062767475,0.9861633765873484,0.9815949881476465,0.8640950351015785,0.9546847544250319,0.23,21345,57973,5564904,19026285,0.010074000034364872,1495709,14957090,0,35467954.0,2.768752200048766,25500,15746392.0,4043695,0.0035473999596433714,24.569851000094786,39.356378199969186
primary,PRIMARY__CICIoT2023_R1__Oort-Style-Adapted__b0.6__seed42,CICIoT2023,CICIoT2023_R1,Oort-Style-Adapted,0.6,0.5,42,FedAvg,clean,honest,0.8952112864850373,0.9130397549687183,0.9261913941101031,8232,1149,512.2146932952925,0.05122146932952924,0.9885560150586415,0.9808525529929343,0.8773009792669657,0.9628918919974151,0.32,21283,58859,7731905,21193061,0.012277800007723272,1495684,14956840,0,34562968.0,2.80151929994463,25500,8725237.0,6210721,0.003397700027562678,24.346800099810935,39.30233029999363
primary,PRIMARY__CICIoT2023_R1__Oort-Style-Adapted__b0.6__seed777,CICIoT2023,CICIoT2023_R1,Oort-Style-Adapted,0.6,0.5,777,FedAvg,clean,honest,0.8835159679635401,0.9068838294416524,0.9171262814909005,9390,1038,462.73181169757487,0.04627318116975749,0.9875502828731472,0.9823286062071196,0.8600408400530622,0.9593982313230709,0.33,21394,57701,7549609,21026083,0.010910699929809198,1497386,14973860,0,35894260.0,2.836522800018429,25500,9955083.0,6026723,0.0033579000155441463,24.216036600089865,39.23891690000892
primary,PRIMARY__CICIoT2023_R1__Oort-Style-Adapted__b0.6__seed9001,CICIoT2023,CICIoT2023_R1,Oort-Style-Adapted,0.6,0.5,9001,FedAvg,clean,honest,0.8906984797202954,0.9125660496811546,0.9225582297214946,8807,978,435.9843081312411,0.04359843081312411,0.9882177539085961,0.9834970132631365,0.8687305301754333,0.9613830603284985,0.1,21454,58284,6177618,19645110,0.01089569999021478,1496388,14963880,0,35980448.0,2.7643761000217637,25500,13312126.0,4655730,0.0037046000215923414,24.10071359995345,38.318510700031766
primary,PRIMARY__CICIoT2023_R1__Oort-Style-Adapted__b0.8__seed11,CICIoT2023,CICIoT2023_R1,Oort-Style-Adapted,0.8,0.5,11,FedAvg,clean,honest,0.8530433519877574,0.9003961750956943,0.8914843775776172,13051,105,46.80813124108417,0.004680813124108417,0.9860076396342917,0.9980607627666451,0.8054731633154969,0.9542958114264972,0.05,22327,54040,5947464,19412229,0.010070400036056526,1496085,14960850,1,34732564.0,2.8562598999851616,25500,5771353.0,4425879,0.003987299962318502,24.349304200019105,39.444166500034044
primary,PRIMARY__CICIoT2023_R1__Oort-Style-Adapted__b0.8__seed123,CICIoT2023,CICIoT2023_R1,Oort-Style-Adapted,0.8,0.5,123,FedAvg,clean,honest,0.888207499748668,0.9092572183853977,0.9207927060909206,8919,1089,485.46718972895866,0.048546718972895864,0.9883591493267261,0.9816236648048463,0.8670611557436914,0.9619789824234511,0.21,21343,58172,6554666,20031653,0.01110459998017177,1497443,14974430,0,35659035.0,2.8595674000680447,25500,17650729.0,5031723,0.0034827000345103443,24.787549200031208,39.683945000055246
primary,PRIMARY__CICIoT2023_R1__Oort-Style-Adapted__b0.8__seed2026,CICIoT2023,CICIoT2023_R1,Oort-Style-Adapted,0.8,0.5,2026,FedAvg,clean,honest,0.8861968432693275,0.9080047789197294,0.9192454026632847,9105,1083,482.79243937232525,0.04827924393723253,0.9879121938685054,0.9816655098274899,0.8642888017766913,0.9602008534419504,0.25,21349,57986,8301332,21765035,0.014138900034595281,1495967,14959670,0,35347790.0,2.9493692999967607,25500,16560593.0,6779865,0.0036808000440942124,24.753034699882846,39.87346119998256
primary,PRIMARY__CICIoT2023_R1__Oort-Style-Adapted__b0.8__seed2027,CICIoT2023,CICIoT2023_R1,Oort-Style-Adapted,0.8,0.5,2027,FedAvg,clean,honest,0.8884197357103761,0.9098439277658545,0.9209174181187704,8930,1059,472.0934379457917,0.047209343794579174,0.9877210381090176,0.9821175278622087,0.8668971993262882,0.9593914854100581,0.34,21373,58161,10079422,23552125,0.015982900047674775,1496967,14969670,0,35351826.0,2.885015799984103,25500,23689293.0,8556955,0.003701699955854565,24.612717599928146,40.04742800000531
primary,PRIMARY__CICIoT2023_R1__Oort-Style-Adapted__b0.8__seed2718,CICIoT2023,CICIoT2023_R1,Oort-Style-Adapted,0.8,0.5,2718,FedAvg,clean,honest,0.8853143884811724,0.9074308633518411,0.9185669302580128,9185,1082,482.3466476462197,0.048234664764621966,0.9874570470620883,0.9816572862277073,0.8630963914683042,0.95862101509998,0.35,21350,57906,7018961,20493608,0.012471699956222437,1497183,14971830,0,35295889.0,2.8789597999857506,25500,9852249.0,5496278,0.0034275000070920214,24.448995299986564,38.999065299969516
primary,PRIMARY__CICIoT2023_R1__Oort-Style-Adapted__b0.8__seed314,CICIoT2023,CICIoT2023_R1,Oort-Style-Adapted,0.8,0.5,314,FedAvg,clean,honest,0.8939937222836589,0.9124796548180532,0.9252496928069568,8358,1132,504.63623395149784,0.05046362339514979,0.9882178159335588,0.9810907876054455,0.8754229330312561,0.9617080189816497,0.39,21300,58733,7524710,20994632,0.012389900046400726,1496658,14966580,0,35367762.0,2.7988491999858525,25500,16757088.0,6002552,0.0034441000025253743,24.012117900012527,39.03999040000781
primary,PRIMARY__CICIoT2023_R1__Oort-Style-Adapted__b0.8__seed3407,CICIoT2023,CICIoT2023_R1,Oort-Style-Adapted,0.8,0.5,3407,FedAvg,clean,honest,0.8783329423723513,0.9033071433723069,0.913129476320365,9846,1046,466.2981455064194,0.04662981455064194,0.9862538086167711,0.9820555488840472,0.8532441012952557,0.9554410272543576,0.08,21386,57245,6167275,19630825,0.010798999966937117,1495950,14959500,0,35929143.0,2.9401076000212925,25500,19181323.0,4645825,0.0035097000509267673,25.362947300163796,40.90132479998283
primary,PRIMARY__CICIoT2023_R1__Oort-Style-Adapted__b0.8__seed42,CICIoT2023,CICIoT2023_R1,Oort-Style-Adapted,0.8,0.5,42,FedAvg,clean,honest,0.8935245691051462,0.9121814841339795,0.9248928391326273,8401,1131,504.1904422253923,0.050419044222539226,0.9880635891266636,0.9810935958944184,0.874782012490498,0.9612643668113088,0.33,21301,58690,7760544,21226983,0.012655900005484,1496271,14962710,0,34558862.0,2.8499882999894908,25500,8789199.0,6238773,0.0036980999866500497,24.84011720008857,39.88403499995184
primary,PRIMARY__CICIoT2023_R1__Oort-Style-Adapted__b0.8__seed777,CICIoT2023,CICIoT2023_R1,Oort-Style-Adapted,0.8,0.5,777,FedAvg,clean,honest,0.8873808965293835,0.9096107869523181,0.9200830717524335,9054,1028,458.27389443651924,0.045827389443651924,0.9880526770517034,0.9825954456954203,0.8650489633482882,0.9608851870309815,0.24,21404,58037,7817835,21293319,0.012382999964756891,1497276,14972760,0,36153297.0,2.873429000013857,25500,11359903.0,6295059,0.0035162000713171437,24.651261299994076,40.02054919995135
primary,PRIMARY__CICIoT2023_R1__Oort-Style-Adapted__b0.8__seed9001,CICIoT2023,CICIoT2023_R1,Oort-Style-Adapted,0.8,0.5,9001,FedAvg,clean,honest,0.8903633703070719,0.9110071407793248,0.9224129072037818,8747,1068,476.1055634807418,0.04761055634807418,0.9882805461566846,0.9820238335689759,0.8696248379067237,0.9615618643991124,0.12,21364,58344,6621440,20092379,0.010590300007606857,1496771,14967710,0,36202371.0,2.8584141000173986,25500,13987350.0,5099169,0.0035270999505883083,24.794970800037845,39.80350909997651
primary,PRIMARY__CICIoT2023_R1__Oort-Style-Adapted__b1.0__seed11,CICIoT2023,CICIoT2023_R1,Oort-Style-Adapted,1.0,0.5,11,FedAvg,clean,honest,0.8795616768875038,0.9046462212250481,0.9140342204716876,9771,1011,450.69543509272467,0.04506954350927247,0.9856574555530592,0.9826678781436972,0.8543619859593686,0.9527990439949223,0.48,21421,57320,6332657,19799789,0.010508800070965663,1496348,14963480,0,34857360.0,2.881384500011336,25500,7373000.0,4810809,0.0035171999625163153,24.25250930005859,39.36724589994992
primary,PRIMARY__CICIoT2023_R1__Oort-Style-Adapted__b1.0__seed123,CICIoT2023,CICIoT2023_R1,Oort-Style-Adapted,1.0,0.5,123,FedAvg,clean,honest,0.8952671380539079,0.9136704986659697,0.9261871772263509,8267,1109,494.3830242510699,0.04943830242510699,0.9884994469857087,0.9814960038709892,0.8767792997570464,0.9622885243148473,0.2,21323,58824,6386024,19858448,0.010595099985948764,1496936,14969360,0,35736291.0,2.805077999990317,25500,16253773.0,4863588,0.003322499935165979,24.287251800036756,39.02872749998642
primary,PRIMARY__CICIoT2023_R1__Oort-Style-Adapted__b1.0__seed2026,CICIoT2023,CICIoT2023_R1,Oort-Style-Adapted,1.0,0.5,2026,FedAvg,clean,honest,0.8863643979759391,0.9083391227143085,0.9193547108486266,9105,1068,476.1055634807418,0.04761055634807418,0.9880806195341585,0.9819148575879704,0.8642888017766913,0.9608240282945699,0.25,21364,57986,8798035,22263475,0.015519700042204931,1496160,14961600,0,35329374.0,2.9169522000011057,25500,18132966.0,7276375,0.003648799887741916,25.004831900034333,40.02464050002163
primary,PRIMARY__CICIoT2023_R1__Oort-Style-Adapted__b1.0__seed2027,CICIoT2023,CICIoT2023_R1,Oort-Style-Adapted,1.0,0.5,2027,FedAvg,clean,honest,0.8890787842230489,0.9100610737389043,0.9214398734177215,8856,1074,478.78031383737516,0.047878031383737515,0.9876085735476838,0.9818914498642701,0.8680001788615462,0.95883818067455,0.34,21358,58235,11087818,24560098,0.017488999976194464,1496920,14969200,0,35379529.0,2.8738721999834524,25500,27011758.0,9565398,0.0037988999829394743,24.846221599931596,40.409017800033325
primary,PRIMARY__CICIoT2023_R1__Oort-Style-Adapted__b1.0__seed2718,CICIoT2023,CICIoT2023_R1,Oort-Style-Adapted,1.0,0.5,2718,FedAvg,clean,honest,0.8861968432693275,0.9085389117073324,0.9191992893851912,9141,1047,466.74393723252496,0.046674393723252494,0.9879355504250109,0.9822533349153347,0.8637522171379172,0.9603425946923794,0.26,21385,57950,7357232,20832383,0.012945900045451708,1497239,14972390,0,35135478.0,2.9339940999925602,25500,10477207.0,5834493,0.0038035000034142286,25.141561199954594,39.97273549999227
primary,PRIMARY__CICIoT2023_R1__Oort-Style-Adapted__b1.0__seed314,CICIoT2023,CICIoT2023_R1,Oort-Style-Adapted,1.0,0.5,314,FedAvg,clean,honest,0.8885984607307619,0.9095328951622353,0.9210903192625707,8885,1088,485.02139800285306,0.04850213980028531,0.9870729205620067,0.981650757243566,0.867567930124756,0.9576669961547106,0.35,21344,58206,7838108,21307724,0.013038100019912235,1496624,14966240,0,35614786.0,2.7972914999554632,25500,15660995.0,6315984,0.0035300000163260847,24.266839199670358,39.14276770000288
primary,PRIMARY__CICIoT2023_R1__Oort-Style-Adapted__b1.0__seed3407,CICIoT2023,CICIoT2023_R1,Oort-Style-Adapted,1.0,0.5,3407,FedAvg,clean,honest,0.8783329423723513,0.9033071433723069,0.913129476320365,9846,1046,466.2981455064194,0.04662981455064194,0.9862538086167711,0.9820555488840472,0.8532441012952557,0.9554410272543576,0.08,21386,57245,6167275,19630825,0.010670200048480183,1495950,14959500,0,35929143.0,2.927679000029457,25500,19181323.0,4645825,0.003578899981221184,24.970710100140423,40.16893960000016
primary,PRIMARY__CICIoT2023_R1__Oort-Style-Adapted__b1.0__seed42,CICIoT2023,CICIoT2023_R1,Oort-Style-Adapted,1.0,0.5,42,FedAvg,clean,honest,0.893703294125532,0.9113956668302687,0.9251003541912632,8324,1192,531.3837375178317,0.053138373751783166,0.9877887167630576,0.9801197484948048,0.8759297074123206,0.9603843073918319,0.34,21240,58767,7941182,21407540,0.01288919999205973,1496262,14962620,0,34836682.0,2.9075750000047265,25500,9373969.0,6419420,0.003618700022343546,24.88731569996162,40.020333799984655
primary,PRIMARY__CICIoT2023_R1__Oort-Style-Adapted__b1.0__seed777,CICIoT2023,CICIoT2023_R1,Oort-Style-Adapted,1.0,0.5,777,FedAvg,clean,honest,0.88389575863186,0.9078642307041997,0.9173544519186425,9405,989,440.8880171184023,0.04408880171184023,0.9876222650366435,0.9831444397102684,0.8598172631202396,0.959507819435782,0.25,21443,57686,7849349,21324401,0.013327500026207417,1497228,14972280,0,36022531.0,2.8042046999908052,25500,13403072.0,6326621,0.003601599993999116,24.00709529987944,38.94220530000166
primary,PRIMARY__CICIoT2023_R1__Oort-Style-Adapted__b1.0__seed9001,CICIoT2023,CICIoT2023_R1,Oort-Style-Adapted,1.0,0.5,9001,FedAvg,clean,honest,0.8843425711828246,0.9067676532247778,0.9178214835627093,9271,1083,482.79243937232525,0.04827924393723253,0.9875467938173698,0.9816138397025619,0.8618145503867881,0.9593638020834052,0.31,21349,57820,6283684,19753669,0.011505899979965761,1496665,14966650,0,36095620.0,2.837934499955736,25500,14127549.0,4761519,0.003667099983431399,24.219386499855318,38.797246999965864
primary,PRIMARY__CICIoT2023_R1__Oracle-Score-Exact__b0.1__seed11,CICIoT2023,CICIoT2023_R1,Oracle-Score-Exact,0.1,0.5,11,FedAvg,clean,honest,0.8958256537426136,0.9147849779812336,0.926551892513428,8267,1059,472.0934379457917,0.047209343794579174,0.9887642539710981,0.9823155152547468,0.8767792997570464,0.9639199389076829,0.52,21373,58824,2706407,16177247,0.007081500021740794,1496760,14967600,0,31023687.0,2.8012395999903674,25500,3668666.0,1184147,0.011898199998540804,23.723225399946386,38.3928362000006
primary,PRIMARY__CICIoT2023_R1__Oracle-Score-Exact__b0.1__seed123,CICIoT2023,CICIoT2023_R1,Oracle-Score-Exact,0.1,0.5,123,FedAvg,clean,honest,0.4101515811579147,0.5086171761256365,0.44161282476973995,46210,6595,2939.996433666191,0.2939996433666191,0.783313665548035,0.7599723394962876,0.3112339956178921,0.5003784206367059,0.95,15837,20881,1508670,14857200,0.00025560001813573763,1483170,14831700,30,36697113.0,3.5936712000184343,25500,0.0,0,0.0121400999778416,26.055594400044356,41.65040040000895
primary,PRIMARY__CICIoT2023_R1__Oracle-Score-Exact__b0.1__seed2026,CICIoT2023,CICIoT2023_R1,Oracle-Score-Exact,0.1,0.5,2026,FedAvg,clean,honest,0.8567630664745373,0.9013645028184833,0.8946975109424914,12616,207,92.27888730385165,0.009227888730385164,0.9851182187046486,0.9962144764273435,0.8119568943673519,0.9519550433991213,0.05,22225,54475,2778142,16246300,0.006656199984718114,1496462,14964620,0,33021700.0,2.8507811999952537,25500,4038172.0,1256180,0.01119730000209529,24.122139499988407,39.064267399997334
primary,PRIMARY__CICIoT2023_R1__Oracle-Score-Exact__b0.1__seed2027,CICIoT2023,CICIoT2023_R1,Oracle-Score-Exact,0.1,0.5,2027,FedAvg,clean,honest,0.8965405538241569,0.9146536242075962,0.9271397105097545,8162,1100,490.3708987161198,0.04903708987161198,0.9887542016817203,0.9816755234969765,0.8783443382868045,0.9631368276104478,0.37,21332,58929,2833163,16302788,0.006874900012917351,1496625,14966250,0,34440654.0,2.8475106000041706,25500,4431276.0,1311038,0.011703600001055747,24.455739199969685,39.64066559999628
primary,PRIMARY__CICIoT2023_R1__Oracle-Score-Exact__b0.1__seed2718,CICIoT2023,CICIoT2023_R1,Oracle-Score-Exact,0.1,0.5,2718,FedAvg,clean,honest,0.883605330473733,0.9062015988631789,0.9172608743985136,9332,1088,485.02139800285306,0.04850213980028531,0.9873818243968394,0.9815113769605928,0.8609053375266429,0.9589233246948792,0.28,21344,57759,2725914,16188780,0.006244900017918553,1495874,14958740,3,34985610.0,2.7393711999829975,25500,2800803.0,1204540,0.011614499991992489,23.874972800032992,38.357777200013516
primary,PRIMARY__CICIoT2023_R1__Oracle-Score-Exact__b0.1__seed314,CICIoT2023,CICIoT2023_R1,Oracle-Score-Exact,0.1,0.5,314,FedAvg,clean,honest,0.895758631859969,0.913597811910074,0.926590204685263,8196,1136,506.4194008559201,0.05064194008559201,0.9877406389392558,0.9810764438373507,0.87783756390574,0.95980712999809,0.41,21296,58895,2708429,16174355,0.010780499986140057,1496214,14962140,2,33277785.0,2.828466800012393,25500,4457688.0,1186715,0.012764599989168346,24.447091200010618,39.366266199991514
primary,PRIMARY__CICIoT2023_R1__Oracle-Score-Exact__b0.1__seed3407,CICIoT2023,CICIoT2023_R1,Oracle-Score-Exact,0.1,0.5,3407,FedAvg,clean,honest,0.8777855969974196,0.9049746397126299,0.9125132937253616,10032,909,405.2246790299572,0.04052246790299572,0.982966674614437,0.9843189345845984,0.8504717473282557,0.9436727931335451,0.85,21523,57059,2673830,16139441,0.006461700002546422,1496179,14961790,2,32703614.0,2.83357180000894,25500,3356004.0,1152151,0.011535200006619561,24.078664600056072,38.948764299973845
primary,PRIMARY__CICIoT2023_R1__Oracle-Score-Exact__b0.1__seed42,CICIoT2023,CICIoT2023_R1,Oracle-Score-Exact,0.1,0.5,42,FedAvg,clean,honest,0.8874702590395764,0.9098336147083939,0.9201376226792028,9057,1017,453.3701854493581,0.045337018544935805,0.9876318612974041,0.982777599024572,0.8650042479617236,0.9596478071807255,0.73,21415,58034,2701823,16167821,0.0072123000281862915,1496222,14962220,0,30956679.0,2.896811799997522,25500,2122778.0,1180101,0.013112800035742112,24.620087500021327,39.74169030004123
primary,PRIMARY__CICIoT2023_R1__Oracle-Score-Exact__b0.1__seed777,CICIoT2023,CICIoT2023_R1,Oracle-Score-Exact,0.1,0.5,777,FedAvg,clean,honest,0.8870234464886119,0.907858928659099,0.9199385726046482,8984,1130,503.7446504992867,0.05037446504992867,0.9872103661192242,0.9809240846092814,0.8660923223681268,0.9578554587913479,0.41,21302,58107,2834327,16305428,0.006742500023392495,1496789,14967890,1,35558318.0,2.812152900005458,25500,2198920.0,1312038,0.011467799988167826,24.487480900032097,39.5296848999933
primary,PRIMARY__CICIoT2023_R1__Oracle-Score-Exact__b0.1__seed9001,CICIoT2023,CICIoT2023_R1,Oracle-Score-Exact,0.1,0.5,9001,FedAvg,clean,honest,0.8905532656412318,0.9115789450309266,0.9225209552427646,8760,1038,462.73181169757487,0.04627318116975749,0.9862318660199332,0.9825161279455609,0.8694310712316108,0.9544643858291687,0.67,21394,58331,2714518,16172101,0.006309500000497792,1495287,14952870,3,35003047.0,2.7958714999840595,25500,4956494.0,1193731,0.012474400013161357,23.898071799936588,38.21212509999896
primary,PRIMARY__CICIoT2023_R1__Oracle-Score-Exact__b0.2__seed11,CICIoT2023,CICIoT2023_R1,Oracle-Score-Exact,0.2,0.5,11,FedAvg,clean,honest,0.8340203076304413,0.8317095373087602,0.8830745744839905,10980,3879,1729.2261055634808,0.17292261055634808,0.9759115156396635,0.9353392232038673,0.8363416851738683,0.9232489183921018,0.95,18553,56111,3751706,17211521,0.008226400022977032,1495535,14955350,0,33210550.0,2.844010499975411,25500,7045211.0,2230671,0.018305300021893345,24.633541499919374,39.84152270000777
primary,PRIMARY__CICIoT2023_R1__Oracle-Score-Exact__b0.2__seed123,CICIoT2023,CICIoT2023_R1,Oracle-Score-Exact,0.2,0.5,123,FedAvg,clean,honest,0.8627950359125588,0.895819008498071,0.9006253893513911,11431,852,379.81455064194006,0.03798145506419401,0.9838095432483761,0.9849235560588901,0.8296194720603359,0.9462014968821171,0.05,21580,55660,2953534,16425733,0.006831999999121763,1496911,14969110,0,36018867.0,2.8826492000371218,25500,6398993.0,1431123,0.016589799968642183,24.18590810005844,39.12787180005398
primary,PRIMARY__CICIoT2023_R1__Oracle-Score-Exact__b0.2__seed2026,CICIoT2023,CICIoT2023_R1,Oracle-Score-Exact,0.2,0.5,2026,FedAvg,clean,honest,0.8883192028864091,0.9095691363797177,0.9208580701337766,8925,1073,478.3345221112696,0.04783345221112696,0.9867012819662568,0.981886932595081,0.8669717249705624,0.956008243089086,0.43,21359,58166,4145602,17603185,0.008968899986939505,1495287,14952870,0,34890279.0,2.9733431999920867,25500,8186992.0,2624815,0.02180629997747019,25.43394199994509,40.8575281000376
primary,PRIMARY__CICIoT2023_R1__Oracle-Score-Exact__b0.2__seed2027,CICIoT2023,CICIoT2023_R1,Oracle-Score-Exact,0.2,0.5,2027,FedAvg,clean,honest,0.8964176803726417,0.9143490906707268,0.9270640794720739,8158,1115,497.05777460770327,0.04970577746077033,0.9881058141088842,0.9814315214495071,0.8784039588022239,0.9607978386702023,0.33,21317,58933,3886487,17345339,0.008535100016160868,1495428,14954280,0,34889820.0,2.975264800086734,25500,6315416.0,2365559,0.024111899998388253,25.607986100236303,41.4133730000176
primary,PRIMARY__CICIoT2023_R1__Oracle-Score-Exact__b0.2__seed2718,CICIoT2023,CICIoT2023_R1,Oracle-Score-Exact,0.2,0.5,2718,FedAvg,clean,honest,0.8884644169654725,0.9098589010016863,0.9209528408686083,8925,1060,472.5392296718973,0.04725392296718973,0.9874924584556584,0.9821024550028704,0.8669717249705624,0.9588229017878948,0.46,21372,58166,4040828,17515061,0.008335300008184277,1497137,14971370,0,35104570.0,2.8676318999932846,25500,4519303.0,2518191,0.016318000009050593,24.41547950003587,39.27809360000538
primary,PRIMARY__CICIoT2023_R1__Oracle-Score-Exact__b0.2__seed314,CICIoT2023,CICIoT2023_R1,Oracle-Score-Exact,0.2,0.5,314,FedAvg,clean,honest,0.8958033131150654,0.9140578958022416,0.9265904869833474,8221,1107,493.4914407988588,0.04934914407988588,0.9863980277623835,0.9815429247878353,0.877464935684369,0.9554006265278423,0.6,21325,58870,3749372,17205092,0.0072560000262456015,1495080,14950800,0,34907897.0,2.860293299992918,25500,4646447.0,2228792,0.012610200006747618,24.609182600077474,39.63182859994413
primary,PRIMARY__CICIoT2023_R1__Oracle-Score-Exact__b0.2__seed3407,CICIoT2023,CICIoT2023_R1,Oracle-Score-Exact,0.2,0.5,3407,FedAvg,clean,honest,0.8860292885627157,0.9068395618999902,0.9192078361193156,9049,1154,514.4436519258203,0.051444365192582026,0.9870227849414575,0.9805054395567268,0.8651234889925623,0.9571429511732006,0.27,21278,58042,4143414,17600673,0.007937300018966198,1495251,14952510,0,34943763.0,2.7874789999768836,25500,10685021.0,2622663,0.015536999970208853,24.411706199971377,39.37703020001936
primary,PRIMARY__CICIoT2023_R1__Oracle-Score-Exact__b0.2__seed42,CICIoT2023,CICIoT2023_R1,Oracle-Score-Exact,0.2,0.5,42,FedAvg,clean,honest,0.8923070049037678,0.9103602371236963,0.9240501343164828,8442,1199,534.5042796005706,0.05345042796005706,0.9882553122409766,0.9799659136479081,0.8741709022074495,0.9619441179635911,0.3,21233,58649,3998790,17460648,0.008511399952112697,1495762,14957620,0,35086287.0,2.8378412000311073,25500,2806923.0,2477528,0.018427600036375225,24.25501890014857,39.030556499943486
primary,PRIMARY__CICIoT2023_R1__Oracle-Score-Exact__b0.2__seed777,CICIoT2023,CICIoT2023_R1,Oracle-Score-Exact,0.2,0.5,777,FedAvg,clean,honest,0.8859175854249746,0.9080410201372118,0.9190119344990286,9145,1068,476.1055634807418,0.04761055634807418,0.987558010031179,0.9819025993831972,0.8636925966224978,0.9594466145195177,0.35,21364,57946,4200329,17675066,0.008137099997838959,1497193,14971930,0,35597897.0,2.9181386999844108,25500,3858480.0,2677636,0.022331900021526963,25.174170700003742,40.7630481999804
primary,PRIMARY__CICIoT2023_R1__Oracle-Score-Exact__b0.2__seed9001,CICIoT2023,CICIoT2023_R1,Oracle-Score-Exact,0.2,0.5,9001,FedAvg,clean,honest,0.8796398690839226,0.9071316607640088,0.9138695933685582,9928,847,377.58559201141225,0.037758559201141226,0.9872508050009716,0.9853990691260127,0.8520218807291589,0.9588822043600117,0.47,21585,57163,3607679,17070941,0.007881199999246746,1495918,14959180,0,35488015.0,2.913955900017754,25500,6436593.0,2086261,0.015546199996606447,24.91641430009622,39.69698649998463
primary,PRIMARY__CICIoT2023_R1__Oracle-Score-Exact__b0.4__seed11,CICIoT2023,CICIoT2023_R1,Oracle-Score-Exact,0.4,0.5,11,FedAvg,clean,honest,0.8921617908247043,0.9126817883522308,0.9237440758293839,8618,1036,461.8402282453638,0.046184022824536375,0.9878676907339459,0.9825908686081097,0.871547599528998,0.9608646874953688,0.61,21396,58473,6469721,19934810,0.01144550004391931,1496121,14961210,0,34271251.0,2.9688392999960342,25500,11044167.0,4948100,0.02512559997558128,25.440620699999272,41.09700330001942
primary,PRIMARY__CICIoT2023_R1__Oracle-Score-Exact__b0.4__seed123,CICIoT2023,CICIoT2023_R1,Oracle-Score-Exact,0.4,0.5,123,FedAvg,clean,honest,0.8859175854249746,0.9076404205465096,0.9190465999254909,9118,1095,488.141940085592,0.0488141940085592,0.9877514317980871,0.9814620437461908,0.8640950351015785,0.9600126203756598,0.19,21337,57973,5693826,19166466,0.009816400037379935,1496960,14969600,0,35796475.0,2.874759699960123,25500,15204469.0,4171366,0.02149750005628448,24.172780999957467,39.162869800042245
primary,PRIMARY__CICIoT2023_R1__Oracle-Score-Exact__b0.4__seed2026,CICIoT2023,CICIoT2023_R1,Oracle-Score-Exact,0.4,0.5,2026,FedAvg,clean,honest,0.8851468337745607,0.907719674476132,0.9184033013252917,9227,1055,470.31027104136945,0.047031027104136945,0.9879795130206734,0.9820940613384477,0.862470376056401,0.9604295746110245,0.26,21377,57864,6846218,20310461,0.012304800024139695,1496027,14960270,0,34811328.0,2.929171799987671,25500,13364237.0,5324691,0.03677510001580231,25.10114669999166,39.9663013999816
primary,PRIMARY__CICIoT2023_R1__Oracle-Score-Exact__b0.4__seed2027,CICIoT2023,CICIoT2023_R1,Oracle-Score-Exact,0.4,0.5,2027,FedAvg,clean,honest,0.8887436748098254,0.9101639112873947,0.9211563731931669,8908,1052,468.97289586305277,0.04689728958630528,0.9871482788988502,0.98224022959399,0.8672251121610947,0.9574951788632471,0.45,21380,58183,6846385,20316388,0.010997099947417155,1496667,14966670,0,35343509.0,2.902699600046617,25500,17965983.0,5324218,0.036383200000273064,25.17784279998159,40.85494650009787
primary,PRIMARY__CICIoT2023_R1__Oracle-Score-Exact__b0.4__seed2718,CICIoT2023,CICIoT2023_R1,Oracle-Score-Exact,0.4,0.5,2718,FedAvg,clean,honest,0.8837393742390224,0.9073889692552695,0.917266816107852,9394,1014,452.03281027104134,0.045203281027104136,0.9877074106990373,0.9827289605014392,0.859981219537643,0.9596402605954469,0.22,21418,57697,6723349,20197780,0.0105207999877166,1497159,14971590,0,35324466.0,2.8575893999659456,25500,9792352.0,5200690,0.018573999986983836,24.257578399774502,38.920406900011585
primary,PRIMARY__CICIoT2023_R1__Oracle-Score-Exact__b0.4__seed314,CICIoT2023,CICIoT2023_R1,Oracle-Score-Exact,0.4,0.5,314,FedAvg,clean,honest,0.895959697507903,0.9127675516477067,0.9268170032214976,8113,1201,535.3958630527817,0.05353958630527817,0.9878955267677968,0.9800428720982403,0.8790746896006916,0.960352822699176,0.06,21231,58978,6574586,20044994,0.011070999986259267,1496712,14967120,0,35277139.0,3.0371952000568854,25500,11466724.0,5052374,0.0179340999602573,25.58453610003926,41.3594745999726
primary,PRIMARY__CICIoT2023_R1__Oracle-Score-Exact__b0.4__seed3407,CICIoT2023,CICIoT2023_R1,Oracle-Score-Exact,0.4,0.5,3407,FedAvg,clean,honest,0.8367682048188734,0.890798935584562,0.8778269193789765,14593,20,8.91583452211127,0.000891583452211127,0.986250378177588,0.9996191781865266,0.7824894546213352,0.9554836117231157,0.05,22412,52498,6626723,20084684,0.011158999943290837,1495329,14953290,1,35693212.0,2.932126200001221,25500,22631607.0,5105894,0.016692800010787323,24.845735500101,40.138618000011775
primary,PRIMARY__CICIoT2023_R1__Oracle-Score-Exact__b0.4__seed42,CICIoT2023,CICIoT2023_R1,Oracle-Score-Exact,0.4,0.5,42,FedAvg,clean,honest,0.8925080705517018,0.9104647092396341,0.9242050708485283,8422,1201,535.3958630527817,0.05353958630527817,0.9889223416947536,0.9799398697177217,0.8744690047845464,0.9640669513059008,0.25,21231,58669,6214303,19671850,0.010186299972701818,1495283,14952830,0,33946648.0,2.9988676999491872,25500,7315899.0,4693520,0.024333700028364547,25.839090100082103,41.579870600035065
primary,PRIMARY__CICIoT2023_R1__Oracle-Score-Exact__b0.4__seed777,CICIoT2023,CICIoT2023_R1,Oracle-Score-Exact,0.4,0.5,777,FedAvg,clean,honest,0.8875372809222211,0.909611263701157,0.920211754263615,9033,1035,461.3944365192582,0.04613944365192582,0.9875149768977192,0.9824852351378336,0.8653619710542397,0.9589507894147473,0.4,21397,58058,6953487,20430069,0.011472799989860505,1497398,14973980,0,35710864.0,2.8330521000316367,25500,9900819.0,5430589,0.03328860001056455,24.342928300000494,39.79753480000363
primary,PRIMARY__CICIoT2023_R1__Oracle-Score-Exact__b0.4__seed9001,CICIoT2023,CICIoT2023_R1,Oracle-Score-Exact,0.4,0.5,9001,FedAvg,clean,honest,0.8857165197770406,0.9079958961087854,0.9188498909379338,9169,1062,473.4308131241084,0.04734308131241084,0.9879143702929054,0.9819951173199511,0.8633348735299816,0.960708137130311,0.09,21370,57922,6615170,20082554,0.009953099943231791,1496376,14963760,0,36243845.0,2.8172909999848343,25500,18133810.0,5093294,0.01860190008301288,24.370124499837402,38.901712199964095
primary,PRIMARY__CICIoT2023_R1__Oracle-Score-Exact__b0.6__seed11,CICIoT2023,CICIoT2023_R1,Oracle-Score-Exact,0.6,0.5,11,FedAvg,clean,honest,0.891938384549222,0.9105297391101714,0.923736696886086,8503,1171,522.0221112696148,0.05220221112696148,0.9870322963388118,0.980404625244733,0.8732616893473044,0.9572303041851881,0.42,21261,58588,8636665,22102006,0.013881000035325997,1496149,14961490,0,34597444.0,2.8088354999927105,25500,14329739.0,7115016,0.0343194999586558,24.171333599893842,39.03318349996698
primary,PRIMARY__CICIoT2023_R1__Oracle-Score-Exact__b0.6__seed123,CICIoT2023,CICIoT2023_R1,Oracle-Score-Exact,0.6,0.5,123,FedAvg,clean,honest,0.8852361962847536,0.9084914720416886,0.9184098092469942,9267,1007,448.91226818830245,0.04489122681883024,0.9873949890118394,0.9828831738369227,0.8618741709022074,0.9584389651505117,0.13,21425,57824,8378015,21853310,0.013465800002450123,1497255,14972550,0,35683055.0,2.7941774999781046,25500,24364384.0,6855260,0.03162980001070537,23.8227228000178,38.52400269995269
primary,PRIMARY__CICIoT2023_R1__Oracle-Score-Exact__b0.6__seed2026,CICIoT2023,CICIoT2023_R1,Oracle-Score-Exact,0.6,0.5,2026,FedAvg,clean,honest,0.8850351306368196,0.9067252534754306,0.9183977672766483,9175,1117,497.9493580599144,0.04979493580599144,0.9879161393445812,0.9810783798892145,0.8632454427568527,0.9603457727964857,0.25,21315,57916,9567616,23032975,0.01609640000970103,1496151,14961510,0,35039577.0,2.8546162999700755,25500,20533083.0,8045965,0.056893000000854954,24.96548110008007,39.815271799991024
primary,PRIMARY__CICIoT2023_R1__Oracle-Score-Exact__b0.6__seed2027,CICIoT2023,CICIoT2023_R1,Oracle-Score-Exact,0.6,0.5,2027,FedAvg,clean,honest,0.888308032572635,0.9084192331306952,0.9209458978676976,8849,1150,512.660485021398,0.051266048502139804,0.987764593686431,0.9806371228448276,0.8681045147635301,0.9595413137826025,0.34,21282,58242,9401152,22873639,0.015118600000278093,1496943,14969430,0,35253019.0,2.931066299963277,25500,24758252.0,7878709,0.05881190000218339,25.035913299958338,40.69182330000331
primary,PRIMARY__CICIoT2023_R1__Oracle-Score-Exact__b0.6__seed2718,CICIoT2023,CICIoT2023_R1,Oracle-Score-Exact,0.6,0.5,2718,FedAvg,clean,honest,0.8855042838153324,0.9084032671941452,0.9186391706751759,9225,1025,456.93651925820257,0.045693651925820256,0.9879414589220551,0.9825949635767774,0.8625001863141107,0.9603828562148785,0.21,21407,57866,9323302,22796113,0.013244500019936822,1496979,14969790,0,35199146.0,2.812580599973444,25500,13808635.0,7800823,0.02263129997299984,24.2843338001112,38.956844500033185
primary,PRIMARY__CICIoT2023_R1__Oracle-Score-Exact__b0.6__seed314,CICIoT2023,CICIoT2023_R1,Oracle-Score-Exact,0.6,0.5,314,FedAvg,clean,honest,0.8722451213654592,0.898844896168661,0.9084241458551857,10364,1073,478.3345221112696,0.04783345221112696,0.9844214001924516,0.9814359861591696,0.8455232445484491,0.9488927414196585,0.83,21359,56727,8501151,21972450,0.012794099995517172,1496811,14968110,0,35149243.0,2.8357644000498112,25500,19790516.0,6978840,0.01884230000723619,24.45535830015433,39.53117590000329
primary,PRIMARY__CICIoT2023_R1__Oracle-Score-Exact__b0.6__seed3407,CICIoT2023,CICIoT2023_R1,Oracle-Score-Exact,0.6,0.5,3407,FedAvg,clean,honest,0.8764786702858484,0.9009869150802716,0.9117914519551379,9939,1119,498.84094151212554,0.04988409415121255,0.9854647112706509,0.9807966226768032,0.8518579243117557,0.9526228721759112,0.38,21313,57152,8618766,22078149,0.01337440000497736,1495487,14954870,0,35570789.0,2.954004199942574,25500,26239806.0,7097779,0.02147479997074697,25.462673699861625,40.80276579994825
primary,PRIMARY__CICIoT2023_R1__Oracle-Score-Exact__b0.6__seed42,CICIoT2023,CICIoT2023_R1,Oracle-Score-Exact,0.6,0.5,42,FedAvg,clean,honest,0.8965852350792534,0.9141344646558252,0.9272158367269926,8121,1137,506.86519258202566,0.05068651925820257,0.9879301404198009,0.9810837340076863,0.8789554485698529,0.9603773844006791,0.4,21295,58970,8402582,21869030,0.01469389999692794,1496272,14962720,0,34573055.0,3.2610581000335515,25500,10848381.0,6880810,0.04081930001848377,27.423370800053817,43.88046060001943
primary,PRIMARY__CICIoT2023_R1__Oracle-Score-Exact__b0.6__seed777,CICIoT2023,CICIoT2023_R1,Oracle-Score-Exact,0.6,0.5,777,FedAvg,clean,honest,0.8887325044960513,0.9098300442416544,0.9211752882431609,8887,1074,478.78031383737516,0.047878031383737515,0.9884552407206202,0.9818819798238807,0.8675381198670462,0.962323914361232,0.22,21358,58204,9627723,23105007,0.015871099996729754,1497476,14974760,0,36006749.0,2.8086055000312626,25500,17060555.0,8104747,0.05117349995998666,24.244240600048215,39.1681147999916
primary,PRIMARY__CICIoT2023_R1__Oracle-Score-Exact__b0.6__seed9001,CICIoT2023,CICIoT2023_R1,Oracle-Score-Exact,0.6,0.5,9001,FedAvg,clean,honest,0.8852250259709795,0.9095226110087113,0.9183103966417822,9338,937,417.706847360913,0.0417706847360913,0.9878410030573308,0.9840347589027092,0.8608159067535139,0.9599933344731539,0.11,21495,57753,8711973,22180086,0.012881599992397241,1496457,14964570,0,36252379.0,2.8677951999852667,25500,22548732.0,7190016,0.02120989996183198,24.81559810003091,39.39069169998402
primary,PRIMARY__CICIoT2023_R1__Oracle-Score-Exact__b0.8__seed11,CICIoT2023,CICIoT2023_R1,Oracle-Score-Exact,0.8,0.5,11,FedAvg,clean,honest,0.885560135384203,0.9055176367063442,0.9189355994967598,9023,1222,544.7574893009986,0.054475748930099856,0.98699866311452,0.9793894417271041,0.8655110223427882,0.9575421720129054,0.33,21210,58068,10778215,24242935,0.017507700031274,1496080,14960800,0,34497461.0,2.929362399983802,25500,16955629.0,9256635,0.03802159994665999,25.697575800062623,41.136384600016754
primary,PRIMARY__CICIoT2023_R1__Oracle-Score-Exact__b0.8__seed123,CICIoT2023,CICIoT2023_R1,Oracle-Score-Exact,0.8,0.5,123,FedAvg,clean,honest,0.8909665672508741,0.9132196959275042,0.9227237101485991,8815,946,421.71897289586303,0.042171897289586306,0.9869720735038345,0.9840262064773226,0.8686112891445946,0.9571669294803058,0.44,21486,58276,10963761,24435672,0.017328900008578785,1496879,14968790,0,35599590.0,3.0259799999766983,25500,29929975.0,9441382,0.037251400062814355,25.194465899898205,40.370896999986144
primary,PRIMARY__CICIoT2023_R1__Oracle-Score-Exact__b0.8__seed2026,CICIoT2023,CICIoT2023_R1,Oracle-Score-Exact,0.8,0.5,2026,FedAvg,clean,honest,0.8891569764194677,0.9096978050773163,0.9215343618291516,8821,1102,491.26248216833096,0.0491262482168331,0.9884054219720069,0.9814390621841945,0.8685218583714657,0.9617581626603942,0.23,21330,58270,11712185,25179083,0.017362099984893575,1496322,14963220,0,34875990.0,2.883722400001716,25500,27027199.0,10190363,0.05357469999580644,24.30302530010522,39.16221670001687
primary,PRIMARY__CICIoT2023_R1__Oracle-Score-Exact__b0.8__seed2027,CICIoT2023,CICIoT2023_R1,Oracle-Score-Exact,0.8,0.5,2027,FedAvg,clean,honest,0.888900059202663,0.9089032411766156,0.9213904081439095,8802,1144,509.9857346647646,0.05099857346647646,0.9875210218793968,0.9807514343883028,0.8688050558197076,0.9586194316958224,0.33,21288,58289,11736158,25209860,0.017018599959556013,1497078,14970780,0,35511299.0,2.840688600030262,25500,30020018.0,10213580,0.06319629999052268,23.82929019999574,39.0808023000136
primary,PRIMARY__CICIoT2023_R1__Oracle-Score-Exact__b0.8__seed2718,CICIoT2023,CICIoT2023_R1,Oracle-Score-Exact,0.8,0.5,2718,FedAvg,clean,honest,0.8869229136646448,0.9095722982045953,0.919709071296568,9113,1010,450.2496433666191,0.045024964336661914,0.9880795553860022,0.9828778734657897,0.8641695607458526,0.9606765590812624,0.2,21422,57978,11013205,24487645,0.017020500046783127,1497160,14971600,0,35431360.0,2.794590799952857,25500,15924776.0,9490545,0.025360899962834083,24.304848899904755,38.90632519999053
primary,PRIMARY__CICIoT2023_R1__Oracle-Score-Exact__b0.8__seed314,CICIoT2023,CICIoT2023_R1,Oracle-Score-Exact,0.8,0.5,314,FedAvg,clean,honest,0.9018799638081834,0.9168954550567734,0.9312546957175056,7595,1189,530.046362339515,0.0530046362339515,0.9891124662933966,0.9804070198566367,0.8867955463474981,0.9643357821687497,0.3,21243,59496,10138935,23608155,0.015693799912696704,1496580,14965800,0,35593280.0,2.928774700005306,25500,22130379.0,8616855,0.023477300041122362,25.049769000033848,40.59944169998926
primary,PRIMARY__CICIoT2023_R1__Oracle-Score-Exact__b0.8__seed3407,CICIoT2023,CICIoT2023_R1,Oracle-Score-Exact,0.8,0.5,3407,FedAvg,clean,honest,0.8609742747673782,0.9051236890078034,0.8980019996394093,12303,143,63.748216833095576,0.0063748216833095575,0.9844205409347813,0.9973967340845789,0.8166221996989164,0.9492368554092574,0.05,22289,54788,9837405,23296347,0.014261800039093941,1495438,14954380,0,35346895.0,2.901719099987531,25500,28276679.0,8316467,0.0218831000092905,25.229948199921637,40.378272400063
primary,PRIMARY__CICIoT2023_R1__Oracle-Score-Exact__b0.8__seed42,CICIoT2023,CICIoT2023_R1,Oracle-Score-Exact,0.8,0.5,42,FedAvg,clean,honest,0.89977994481865,0.9149305661130598,0.9297217696453189,7745,1227,546.9864479315264,0.05469864479315264,0.9884775695159869,0.9797434500520034,0.8845597770192724,0.9624477125794035,0.36,21205,59346,10957182,24421992,0.017416799964848906,1496090,14960900,0,34764380.0,2.981043699939619,25500,15667483.0,9435592,0.04343190003419295,25.4425664999726,40.825789800001075
primary,PRIMARY__CICIoT2023_R1__Oracle-Score-Exact__b0.8__seed777,CICIoT2023,CICIoT2023_R1,Oracle-Score-Exact,0.8,0.5,777,FedAvg,clean,honest,0.8870122761748378,0.9081630535541068,0.9199033931187394,9006,1109,494.3830242510699,0.04943830242510699,0.9880312275290253,0.9812649930736224,0.8657644095333205,0.9608506029725292,0.3,21323,58085,12202913,25678937,0.01788500002294313,1497336,14973360,0,36156733.0,2.8175523999962024,25500,22737200.0,10680077,0.051880699989851564,23.60692050009675,38.62248630003887
primary,PRIMARY__CICIoT2023_R1__Oracle-Score-Exact__b0.8__seed9001,CICIoT2023,CICIoT2023_R1,Oracle-Score-Exact,0.8,0.5,9001,FedAvg,clean,honest,0.8862080135831015,0.9090804970593627,0.9191617004055008,9176,1011,450.69543509272467,0.04506954350927247,0.9884254394352122,0.9828428876896447,0.8632305376279978,0.9623898973972179,0.25,21421,57915,10839774,24307572,0.015436000016052276,1496422,14964220,0,36223393.0,2.872651700046845,25500,27173999.0,9317852,0.021858799969777465,24.695180500100832,39.232920600057696
primary,PRIMARY__CICIoT2023_R1__Oracle-Score-Exact__b1.0__seed11,CICIoT2023,CICIoT2023_R1,Oracle-Score-Exact,1.0,0.5,11,FedAvg,clean,honest,0.9007741027445461,0.9166175988566725,0.9303921952748502,7725,1158,516.2268188302426,0.051622681883024255,0.988914633687039,0.9808670940453373,0.8848578795963691,0.9640446703575538,0.38,21274,59366,11700422,25165619,0.018365300056757405,1496133,14961330,0,34115048.0,2.899894600006519,25500,21128788.0,10178789,0.039421499968739226,24.393850800042856,39.53228650003439
primary,PRIMARY__CICIoT2023_R1__Oracle-Score-Exact__b1.0__seed123,CICIoT2023,CICIoT2023_R1,Oracle-Score-Exact,1.0,0.5,123,FedAvg,clean,honest,0.8942618098142376,0.9124062869923877,0.9254727825279103,8317,1149,512.2146932952925,0.05122146932952924,0.9872564195477884,0.9808253925871535,0.8760340433143045,0.9580901218788772,0.47,21283,58774,12204636,25675170,0.017688499981886707,1496726,14967260,0,35526285.0,3.0660553999914555,25500,33200294.0,10682410,0.038403699989430606,25.838472999996156,41.69290669998736
primary,PRIMARY__CICIoT2023_R1__Oracle-Score-Exact__b1.0__seed2026,CICIoT2023,CICIoT2023_R1,Oracle-Score-Exact,1.0,0.5,2026,FedAvg,clean,honest,0.8856718385219441,0.9069720053852592,0.9189017867754843,9106,1129,503.29885877318117,0.05032988587731812,0.9869668689932269,0.9809013093345063,0.8642738966478365,0.9570368733937518,0.39,21303,57985,12582856,26049367,0.01951869996264577,1496279,14962790,0,35064346.0,2.8302878999820678,25500,28893263.0,11061077,0.05209310003556311,24.420998800123925,39.15831810004602
primary,PRIMARY__CICIoT2023_R1__Oracle-Score-Exact__b1.0__seed2027,CICIoT2023,CICIoT2023_R1,Oracle-Score-Exact,1.0,0.5,2027,FedAvg,clean,honest,0.8859175854249746,0.9079668350278225,0.9190183562621417,9140,1073,478.3345221112696,0.04783345221112696,0.987274229739366,0.9818209541881269,0.863767122266772,0.9579581169360941,0.35,21359,57951,13817778,27291093,0.02048849999846425,1497035,14970350,0,35580935.0,2.837740600007237,25500,34496573.0,12295243,0.06703050005307887,24.243994999909773,39.419031100012944
primary,PRIMARY__CICIoT2023_R1__Oracle-Score-Exact__b1.0__seed2718,CICIoT2023,CICIoT2023_R1,Oracle-Score-Exact,1.0,0.5,2718,FedAvg,clean,honest,0.8869229136646448,0.9095722982045953,0.919709071296568,9113,1010,450.2496433666191,0.045024964336661914,0.9880795553860022,0.9828778734657897,0.8641695607458526,0.9606765590812624,0.2,21422,57978,11013205,24487645,0.016628499986836687,1497160,14971600,0,35431360.0,2.9619351000437746,25500,15924776.0,9490545,0.02489120003883727,25.098716800217517,40.3049778000277
primary,PRIMARY__CICIoT2023_R1__Oracle-Score-Exact__b1.0__seed314,CICIoT2023,CICIoT2023_R1,Oracle-Score-Exact,1.0,0.5,314,FedAvg,clean,honest,0.9029076326754019,0.9174178837434395,0.9320353428727813,7492,1200,534.9500713266762,0.05349500713266762,0.9890463396869139,0.9802628332702841,0.8883307746195466,0.9640850401867578,0.31,21232,59599,10135799,23603768,0.015368200009106658,1496441,14964410,0,35390539.0,2.9298408999311505,25500,22323415.0,8613858,0.021209399987128563,24.821450699906563,40.205903599984595
primary,PRIMARY__CICIoT2023_R1__Oracle-Score-Exact__b1.0__seed3407,CICIoT2023,CICIoT2023_R1,Oracle-Score-Exact,1.0,0.5,3407,FedAvg,clean,honest,0.880656367637367,0.9053765725389351,0.9148820905035054,9673,1011,450.69543509272467,0.04506954350927247,0.9858418917227693,0.982696948433141,0.8558226885871428,0.9540719032612061,0.7,21421,57418,10192802,23652590,0.01588369997625705,1495532,14955320,0,35336043.0,2.8625214000203414,25500,28630879.0,8671770,0.02496580003935378,25.03075719998742,40.26512670000375
primary,PRIMARY__CICIoT2023_R1__Oracle-Score-Exact__b1.0__seed42,CICIoT2023,CICIoT2023_R1,Oracle-Score-Exact,1.0,0.5,42,FedAvg,clean,honest,0.89940015415033,0.9159679998259014,0.9293403213658047,7866,1140,508.2025677603424,0.05082025677603424,0.9888269334143583,0.9811148844529115,0.8827562564278368,0.9637337822736173,0.35,21292,59225,12286536,25753029,0.018819499979144894,1496277,14962770,0,34662184.0,2.943057200012845,25500,17780039.0,10764759,0.04059460002463311,25.353754800074967,40.660651099999086
primary,PRIMARY__CICIoT2023_R1__Oracle-Score-Exact__b1.0__seed777,CICIoT2023,CICIoT2023_R1,Oracle-Score-Exact,1.0,0.5,777,FedAvg,clean,honest,0.8900952827764932,0.9122229592895854,0.922092627344783,8865,974,434.20114122681883,0.04342011412268188,0.987865461362815,0.9835472972972973,0.8678660327018527,0.9602004378232762,0.36,21458,58226,13596950,27074198,0.019636399956652895,1497472,14974720,0,35993561.0,2.9583459999848856,25500,28288545.0,12073978,0.06075820003752597,25.015040300029796,40.786310600014986
primary,PRIMARY__CICIoT2023_R1__Oracle-Score-Exact__b1.0__seed9001,CICIoT2023,CICIoT2023_R1,Oracle-Score-Exact,1.0,0.5,9001,FedAvg,clean,honest,0.8862080135831015,0.9090804970593627,0.9191617004055008,9176,1011,450.69543509272467,0.04506954350927247,0.9884254394352122,0.9828428876896447,0.8632305376279978,0.9623898973972179,0.25,21421,57915,10839774,24307572,0.016492100010509603,1496422,14964220,0,36223393.0,2.8833215999329695,25500,27173999.0,9317852,0.024188999959733337,24.627396599928034,39.330757299947436
primary,PRIMARY__CICIoT2023_R1__Random-Budget__b0.1__seed11,CICIoT2023,CICIoT2023_R1,Random-Budget,0.1,0.5,11,FedAvg,clean,honest,0.8944405348346235,0.9132377050733635,0.9255518615973656,8349,1101,490.81669044222537,0.04908166904422254,0.9857030784817954,0.9816018581956119,0.8755570791909496,0.9530891863614414,0.89,21331,58742,2680697,16150970,0.007162200003222097,1496697,14966970,0,30432825.0,2.896400400000857,23100,4158145.0,1160900,0.0035338999805389903,24.779040499954135,40.201807499994175
primary,PRIMARY__CICIoT2023_R1__Random-Budget__b0.1__seed123,CICIoT2023,CICIoT2023_R1,Random-Budget,0.1,0.5,123,FedAvg,clean,honest,0.4101515811579147,0.5086171761256365,0.44161282476973995,46210,6595,2939.996433666191,0.2939996433666191,0.783313665548035,0.7599723394962876,0.3112339956178921,0.5003784206367059,0.95,15837,20881,1506270,14854800,0.00023349998809862882,1483170,14831700,30,36697113.0,3.3563366000162205,23100,0.0,0,0.00324469999759458,25.040945200060378,39.87429960000736
primary,PRIMARY__CICIoT2023_R1__Random-Budget__b0.1__seed2026,CICIoT2023,CICIoT2023_R1,Random-Budget,0.1,0.5,2026,FedAvg,clean,honest,0.8980373758698882,0.9159638453003055,0.9282457629783354,8049,1079,481.009272467903,0.0481009272467903,0.9889504308140622,0.9820528600655345,0.8800286178474013,0.9641062892313462,0.39,21353,59042,2779319,16245956,0.006898199993884191,1496293,14962930,0,33119115.0,2.797087000006286,23100,2933499.0,1259926,0.0033370999881299213,24.259405400087417,38.80256649999501
primary,PRIMARY__CICIoT2023_R1__Random-Budget__b0.1__seed2027,CICIoT2023,CICIoT2023_R1,Random-Budget,0.1,0.5,2027,FedAvg,clean,honest,0.8901511343453637,0.9103759203332344,0.9222915843540103,8733,1101,490.81669044222537,0.04908166904422254,0.9880753600427544,0.981483038732572,0.8698335097106914,0.9607005320727011,0.34,21331,58358,2798628,16270755,0.007377599977189675,1496903,14969030,0,33522397.0,2.779946899980132,23100,3986659.0,1278625,0.003366099997947458,23.966387299922644,38.95838319999166
primary,PRIMARY__CICIoT2023_R1__Random-Budget__b0.1__seed2718,CICIoT2023,CICIoT2023_R1,Random-Budget,0.1,0.5,2718,FedAvg,clean,honest,0.8597008589971292,0.9006538633248801,0.8973822673943593,12173,387,172.52139800285306,0.017252139800285306,0.9828374018690669,0.9930024410089504,0.8185598664500454,0.9426839150440824,0.05,22045,54918,2775573,16239735,0.006453100031649228,1496018,14960180,2,35160382.0,2.8546995000142488,23100,1980101.0,1256455,0.0034347000037087128,24.870462000049883,39.660759999998845
primary,PRIMARY__CICIoT2023_R1__Random-Budget__b0.1__seed314,CICIoT2023,CICIoT2023_R1,Random-Budget,0.1,0.5,314,FedAvg,clean,honest,0.7572802520022788,0.5215747138799983,0.8599168358959481,398,21331,9509.183309557775,0.9509183309557775,0.9359404889090792,0.7576683631736799,0.9940677587157741,0.8683325890824375,0.95,1101,66693,2742376,16204900,0.00786280000465922,1495836,14958360,0,32323810.0,2.900508999991871,23100,1783282.0,1223440,0.0034665000130189583,24.94582990006893,40.37363619998359
primary,PRIMARY__CICIoT2023_R1__Random-Budget__b0.1__seed3407,CICIoT2023,CICIoT2023_R1,Random-Budget,0.1,0.5,3407,FedAvg,clean,honest,0.8670174145191738,0.8914697962846299,0.904719601110871,10570,1335,595.1319543509272,0.059513195435092724,0.9853362035366343,0.9769254701327433,0.8424527880043523,0.9526913240067554,0.07,21097,56521,2743795,16208155,0.007044100020721089,1496040,14960400,0,32448421.0,2.860633600008441,23100,3450662.0,1224655,0.003387099990504794,24.616239799986943,39.735281400026
primary,PRIMARY__CICIoT2023_R1__Random-Budget__b0.1__seed42,CICIoT2023,CICIoT2023_R1,Random-Budget,0.1,0.5,42,FedAvg,clean,honest,0.882331914703484,0.9071176121219182,0.916121223703279,9565,969,431.972182596291,0.0431972182596291,0.9884010495893307,0.9834344815796222,0.8574324425034654,0.9626314871304205,0.69,21463,57526,2677881,16154418,0.007274600022356026,1497393,14973930,0,30230317.0,2.7865221000029123,23100,4153799.0,1157388,0.003378000015800353,24.467393000028096,39.35138589997223
primary,PRIMARY__CICIoT2023_R1__Random-Budget__b0.1__seed777,CICIoT2023,CICIoT2023_R1,Random-Budget,0.1,0.5,777,FedAvg,clean,honest,0.8965852350792534,0.8884960908508853,0.9291410902077242,6393,2865,1277.1932952924394,0.12771932952924395,0.9857646689113532,0.9549266082469361,0.9047115112310146,0.9546951110045119,0.95,19567,60698,2746431,16215624,0.006864800008770544,1496577,14965770,0,32471680.0,2.77243169999565,23100,3485282.0,1226754,0.00336810002772836,24.321618600013608,39.25527379999403
primary,PRIMARY__CICIoT2023_R1__Random-Budget__b0.1__seed9001,CICIoT2023,CICIoT2023_R1,Random-Budget,0.1,0.5,9001,FedAvg,clean,honest,0.8888442076337925,0.8829605381557373,0.9234603225880887,7061,2890,1288.3380884450785,0.12883380884450785,0.9822198275059667,0.9540686586141132,0.8947548851559822,0.9468571830154845,0.95,19542,60030,2677459,16136329,0.00692319998779567,1495430,14954300,2,33261907.0,2.828135799994925,23100,3132505.0,1158929,0.0033830000102170743,24.065536200047063,38.466034900033264
primary,PRIMARY__CICIoT2023_R1__Random-Budget__b0.2__seed11,CICIoT2023,CICIoT2023_R1,Random-Budget,0.2,0.5,11,FedAvg,clean,honest,0.8605051215888654,0.8930152489089542,0.8989398721372501,11550,938,418.15263908701854,0.041815263908701855,0.9833212406582547,0.9833920572248093,0.8278457617266102,0.9453296963472292,0.93,21494,55541,3760502,17228381,0.008530999984941445,1496431,14964310,0,32100040.0,2.7849943000328494,23100,6217100.0,2240971,0.003637500005424954,24.123717100039357,38.85194699995918
primary,PRIMARY__CICIoT2023_R1__Random-Budget__b0.2__seed123,CICIoT2023,CICIoT2023_R1,Random-Budget,0.2,0.5,123,FedAvg,clean,honest,0.8907878422304882,0.911779959949536,0.9226961850168017,8742,1035,461.3944365192582,0.04613944365192582,0.9871278152718348,0.982571062912569,0.8696993635509979,0.9582017764569386,0.69,21397,58349,3621932,17090846,0.007941700037918054,1496546,14965460,0,34617190.0,2.788591100019403,23100,6379164.0,2102286,0.003483700013021007,23.824844800052233,38.44659400000819
primary,PRIMARY__CICIoT2023_R1__Random-Budget__b0.2__seed2026,CICIoT2023,CICIoT2023_R1,Random-Budget,0.2,0.5,2026,FedAvg,clean,honest,0.884588318085855,0.9071690019922267,0.9179895859791719,9265,1067,475.6597717546362,0.047565977175463625,0.9872336505776959,0.9818823968892738,0.8619039811599172,0.9585679371733298,0.52,21365,57826,4032578,17495750,0.008126300002913922,1495908,14959080,0,34602025.0,2.7433715999795822,23100,5847036.0,2513570,0.003583200043067336,24.200256100011757,38.86393330004648
primary,PRIMARY__CICIoT2023_R1__Random-Budget__b0.2__seed2027,CICIoT2023,CICIoT2023_R1,Random-Budget,0.2,0.5,2027,FedAvg,clean,honest,0.8742110965897032,0.9006461692298562,0.9099127206982344,10221,1040,463.623395149786,0.046362339514978604,0.9849556517956655,0.9820410982559143,0.8476546779746911,0.9504017624591939,0.65,21392,56870,4140235,17604478,0.00757840002188459,1496027,14960270,0,34933505.0,2.806769299961161,23100,5402565.0,2621108,0.0034007999929599464,24.198107099931804,39.1340280000004
primary,PRIMARY__CICIoT2023_R1__Random-Budget__b0.2__seed2718,CICIoT2023,CICIoT2023_R1,Random-Budget,0.2,0.5,2718,FedAvg,clean,honest,0.8651631424326709,0.8942386664967,0.9028420569699214,11006,1065,474.76818830242513,0.04747681883024251,0.9855138169320967,0.9813648293963254,0.8359541518236425,0.9531470444011881,0.05,21367,56085,3771869,17237615,0.007742700006929226,1496194,14961940,0,33608801.0,2.765071799978614,23100,6835612.0,2252575,0.0035219999990658835,23.681910599814728,37.767778699999326
primary,PRIMARY__CICIoT2023_R1__Random-Budget__b0.2__seed314,CICIoT2023,CICIoT2023_R1,Random-Budget,0.2,0.5,314,FedAvg,clean,honest,0.886643655820292,0.9076797265779561,0.9196414430965126,9023,1125,501.5156918687589,0.05015156918687589,0.9878206246991046,0.9809943743348031,0.8655110223427882,0.961590417833925,0.64,21307,58068,4074762,17530365,0.008504799989168532,1495067,14950670,0,33604528.0,2.7540707000298426,23100,4640635.0,2556595,0.003488200032734312,23.99938500006101,38.78338749996328
primary,PRIMARY__CICIoT2023_R1__Random-Budget__b0.2__seed3407,CICIoT2023,CICIoT2023_R1,Random-Budget,0.2,0.5,3407,FedAvg,clean,honest,0.8907319906616177,0.9132857474026963,0.9225261757298316,8851,931,415.0320970042796,0.04150320970042796,0.9868756237761412,0.984265941086005,0.8680747045058205,0.9572379810042957,0.68,21501,58240,4004715,17468031,0.008276699969428591,1495924,14959240,0,33218417.0,2.7852092000248376,23100,7310535.0,2485691,0.0035765999637078494,24.005268299835734,38.6566901000333
primary,PRIMARY__CICIoT2023_R1__Random-Budget__b0.2__seed42,CICIoT2023,CICIoT2023_R1,Random-Budget,0.2,0.5,42,FedAvg,clean,honest,0.8978586508495023,0.9163935740789475,0.928069098975787,8102,1042,464.51497860199714,0.04645149786019971,0.9873917674766464,0.9826423014775699,0.8792386460180949,0.9581595650815229,0.56,21390,58989,3842268,17307105,0.007844300031138118,1496093,14960930,0,32735512.0,2.7740844000363722,23100,6515893.0,2323075,0.0035163999782525934,24.212571100222704,39.2250110999812
primary,PRIMARY__CICIoT2023_R1__Random-Budget__b0.2__seed777,CICIoT2023,CICIoT2023_R1,Random-Budget,0.2,0.5,777,FedAvg,clean,honest,0.8975123711225048,0.9138628061906295,0.9279832968344047,7978,1197,533.6126961483595,0.05336126961483595,0.98851453134339,0.98015254518322,0.8810868819960949,0.9625504408245016,0.36,21235,59113,4068948,17539905,0.008354400008101948,1496773,14967730,0,33381168.0,2.7826943000109168,23100,8096506.0,2549075,0.003411400000914,24.123331299910205,38.865478200037614
primary,PRIMARY__CICIoT2023_R1__Random-Budget__b0.2__seed9001,CICIoT2023,CICIoT2023_R1,Random-Budget,0.2,0.5,9001,FedAvg,clean,honest,0.8831250069814461,0.9077802773931657,0.9167217185746465,9503,960,427.96005706134093,0.042796005706134094,0.986177501527522,0.9836031973765116,0.8583565604924654,0.9555481841141051,0.87,21472,57588,3862256,17333897,0.008082200060016476,1496849,14968490,0,34355574.0,2.7717412000056356,23100,6042135.0,2342307,0.0034034000273095444,24.598259199919994,38.88717580001685
primary,PRIMARY__CICIoT2023_R1__Random-Budget__b0.4__seed11,CICIoT2023,CICIoT2023_R1,Random-Budget,0.4,0.5,11,FedAvg,clean,honest,0.8649620767847369,0.8989265524473105,0.9021711862623712,11349,740,329.88587731811697,0.032988587731811694,0.9855374744756297,0.9868984809319783,0.8308416926264327,0.9536174762348777,0.05,21692,55742,6061451,19527521,0.010401299980003387,1496230,14962300,0,33146958.0,2.8002748000144493,23100,12019434.0,4542121,0.003632600011769682,24.17314990014711,38.99938349999138
primary,PRIMARY__CICIoT2023_R1__Random-Budget__b0.4__seed123,CICIoT2023,CICIoT2023_R1,Random-Budget,0.4,0.5,123,FedAvg,clean,honest,0.8897043217943992,0.9111905943969771,0.9218581829692941,8848,1026,457.3823109843081,0.045738231098430816,0.9867812946336101,0.9826890954799304,0.868119419892385,0.956364905373907,0.51,21406,58243,5913452,19387181,0.010650099997292273,1497081,14970810,0,35440212.0,2.7603459000383737,23100,12585862.0,4393271,0.0035675000690389425,23.703580300032627,38.320684300008
primary,PRIMARY__CICIoT2023_R1__Random-Budget__b0.4__seed2026,CICIoT2023,CICIoT2023_R1,Random-Budget,0.4,0.5,2026,FedAvg,clean,honest,0.881840420897423,0.9056175745587609,0.9158472553699284,9530,1048,467.18972895863055,0.046718972895863055,0.9872988281531114,0.9821187872169803,0.8579541220133848,0.9583093961119005,0.41,21384,57561,6610314,20076663,0.010776000024634413,1496261,14962610,0,34954224.0,2.797102599986829,23100,13815314.0,5090953,0.0034313999785808846,24.448675600011484,39.02210909994028
primary,PRIMARY__CICIoT2023_R1__Random-Budget__b0.4__seed2027,CICIoT2023,CICIoT2023_R1,Random-Budget,0.4,0.5,2027,FedAvg,clean,honest,0.8847558727924667,0.9064202431897223,0.9181937120881735,9192,1125,501.5156918687589,0.05015156918687589,0.9866544442845013,0.9809399566278124,0.8629920555663204,0.9559300091029725,0.43,21307,57899,6676215,20147667,0.010784400030388497,1496828,14968280,0,35117799.0,2.878549800007022,23100,12492854.0,5156287,0.0037115000013727695,25.331338799907826,40.99971569997433
primary,PRIMARY__CICIoT2023_R1__Random-Budget__b0.4__seed2718,CICIoT2023,CICIoT2023_R1,Random-Budget,0.4,0.5,2718,FedAvg,clean,honest,0.881929783407616,0.9054398027241345,0.915937649117226,9506,1064,474.32239657631953,0.04743223965763196,0.987872033696322,0.9818581731998841,0.858311845105901,0.9608447132140516,0.07,21368,57585,5689850,19161662,0.010042600013548508,1496868,14968680,0,33934668.0,2.8174207999545615,23100,9461659.0,4169882,0.0034205000119982287,24.3365230999334,38.860971800022526
primary,PRIMARY__CICIoT2023_R1__Random-Budget__b0.4__seed314,CICIoT2023,CICIoT2023_R1,Random-Budget,0.4,0.5,314,FedAvg,clean,honest,0.8705919149268903,0.8955905484611135,0.9073444610622795,10367,1218,542.9743223965763,0.054297432239657634,0.9852788938420293,0.978978978978979,0.8454785291618846,0.9521593098444804,0.11,21214,56724,6287442,19749462,0.011021299971616827,1495780,14957800,0,33964197.0,2.813809100029175,23100,10934078.0,4768562,0.0034803999587893486,24.46471070003463,39.293660999974236
primary,PRIMARY__CICIoT2023_R1__Random-Budget__b0.4__seed3407,CICIoT2023,CICIoT2023_R1,Random-Budget,0.4,0.5,3407,FedAvg,clean,honest,0.8862080135831015,0.9086502234249048,0.9191988895498711,9147,1040,463.623395149786,0.046362339514978604,0.9856157078075459,0.982368099823681,0.8636627863647881,0.9523665872826803,0.64,21392,57944,6630238,20089477,0.010764500038931146,1495471,14954710,0,34637036.0,2.745045899937395,23100,16565134.0,5111667,0.003519200035952963,23.598401999945054,38.371552399970824
primary,PRIMARY__CICIoT2023_R1__Random-Budget__b0.4__seed42,CICIoT2023,CICIoT2023_R1,Random-Budget,0.4,0.5,42,FedAvg,clean,honest,0.8934687175362755,0.9119810140711858,0.9248635063697027,8395,1142,509.09415121255347,0.05090941512125535,0.9885331793071057,0.9809151375380193,0.874871443263627,0.9627664582151084,0.51,21290,58696,6142265,19602899,0.01042020000750199,1495626,14956260,0,34737642.0,2.7523238000139827,23100,9919138.0,4623539,0.0033918999979505315,23.713362900016364,38.268753399999696
primary,PRIMARY__CICIoT2023_R1__Random-Budget__b0.4__seed777,CICIoT2023,CICIoT2023_R1,Random-Budget,0.4,0.5,777,FedAvg,clean,honest,0.8990762150508808,0.9139714328321631,0.9292299497912538,7775,1260,561.69757489301,0.056169757489300996,0.9881481643614758,0.9791996830427893,0.8841126231536272,0.9609345313663765,0.33,21172,59316,6669757,20138887,0.010967000023811124,1496570,14965700,0,34717549.0,2.7660446999798296,23100,14569286.0,5150087,0.0034899999300250784,23.941152599829365,38.64209090001532
primary,PRIMARY__CICIoT2023_R1__Random-Budget__b0.4__seed9001,CICIoT2023,CICIoT2023_R1,Random-Budget,0.4,0.5,9001,FedAvg,clean,honest,0.8841526758486646,0.9098457563551292,0.9173921701381974,9504,867,386.50142653352356,0.03865014265335236,0.9858676219265307,0.9851678242720772,0.8583416553636106,0.9542019307760528,0.86,21565,57587,6287779,19752085,0.010478399955900386,1496034,14960340,0,34675690.0,2.856201600006898,23100,13973483.0,4768645,0.003650400016340427,24.55115759995533,39.06885599999805
primary,PRIMARY__CICIoT2023_R1__Random-Budget__b0.6__seed11,CICIoT2023,CICIoT2023_R1,Random-Budget,0.6,0.5,11,FedAvg,clean,honest,0.8995565385431676,0.9148408629120228,0.9295496568366292,7769,1223,545.2032810271041,0.054520328102710416,0.9889351088659053,0.9798001486497646,0.8842020539267562,0.9640321253846231,0.43,21209,59322,8642044,22107655,0.013660100012202747,1496179,14961790,0,32901214.0,2.8896569999633357,23100,18331773.0,7122765,0.0035623000003397465,24.195352699738578,39.16689820004103
primary,PRIMARY__CICIoT2023_R1__Random-Budget__b0.6__seed123,CICIoT2023,CICIoT2023_R1,Random-Budget,0.6,0.5,123,FedAvg,clean,honest,0.8916032751359986,0.9128136188747069,0.9232776205309846,8702,1002,446.68330955777463,0.04466833095577746,0.9867011525551495,0.9831287568823559,0.8702955687051914,0.9560157444911993,0.55,21430,58389,8341994,21815282,0.014088199968682602,1497032,14970320,0,35517785.0,3.0241722999926424,23100,20081387.0,6821862,0.003726000024471432,25.822891799994977,41.26707339998393
primary,PRIMARY__CICIoT2023_R1__Random-Budget__b0.6__seed2026,CICIoT2023,CICIoT2023_R1,Random-Budget,0.6,0.5,2026,FedAvg,clean,honest,0.8890341029679524,0.9097790341092711,0.9214268765324686,8843,1091,486.35877318116974,0.04863587731811698,0.9878817063048525,0.9816141155058224,0.8681939455366592,0.9602581739349227,0.37,21341,58248,9423361,22888108,0.015825799957383424,1496083,14960830,0,34971601.0,2.866310200028238,23100,20306939.0,7904178,0.0038197000249056146,24.59261830005562,39.136776000028476
primary,PRIMARY__CICIoT2023_R1__Random-Budget__b0.6__seed2027,CICIoT2023,CICIoT2023_R1,Random-Budget,0.6,0.5,2027,FedAvg,clean,honest,0.8791372049640874,0.9033986173547452,0.9137944771101232,9744,1076,479.6718972895863,0.04796718972895863,0.9862859874956222,0.9815825958954522,0.8547644244384492,0.954690425908954,0.52,21356,57347,9412750,22884067,0.013853399985237047,1496813,14968130,0,35492507.0,2.742836499965051,23100,20671322.0,7892837,0.0035054000472882763,23.799137199966935,38.657631100009894
primary,PRIMARY__CICIoT2023_R1__Random-Budget__b0.6__seed2718,CICIoT2023,CICIoT2023_R1,Random-Budget,0.6,0.5,2718,FedAvg,clean,honest,0.8901064530902673,0.908224415946991,0.9224328245237795,8594,1244,554.5649072753209,0.055456490727532094,0.9877618463216059,0.9791767797659898,0.8719053226215141,0.960229811531875,0.13,21188,58497,8292125,21761750,0.013604299994767644,1496625,14966250,0,34665265.0,3.010722600054578,23100,14542272.0,6772400,0.003630400009569712,25.183379200214404,40.56855559999531
primary,PRIMARY__CICIoT2023_R1__Random-Budget__b0.6__seed314,CICIoT2023,CICIoT2023_R1,Random-Budget,0.6,0.5,314,FedAvg,clean,honest,0.873596729332127,0.8953252239447769,0.9099101968027514,9945,1371,611.1804564907276,0.06111804564907276,0.9856561037058889,0.9765709110173112,0.8517684935386266,0.9532306412303377,0.07,21061,57146,8940839,22403804,0.014904399984516203,1495885,14958850,0,34567701.0,2.9607588999933796,23100,17635498.0,7421854,0.0035493000032147393,24.8879710999463,40.39327030001732
primary,PRIMARY__CICIoT2023_R1__Random-Budget__b0.6__seed3407,CICIoT2023,CICIoT2023_R1,Random-Budget,0.6,0.5,3407,FedAvg,clean,honest,0.8878500497078963,0.9099683057239033,0.9204386965893242,9015,1025,456.93651925820257,0.045693651925820256,0.9854183749719373,0.9826568078374308,0.8656302633736269,0.9516534583960112,0.71,21407,58076,9154618,22613686,0.014009299949975684,1495452,14954520,0,34807995.0,2.9069891999824904,23100,23960787.0,7636066,0.0037088000390212983,24.8428472999949,40.107257799987565
primary,PRIMARY__CICIoT2023_R1__Random-Budget__b0.6__seed42,CICIoT2023,CICIoT2023_R1,Random-Budget,0.6,0.5,42,FedAvg,clean,honest,0.8939713816561107,0.9142600293364191,0.9250899678009975,8481,1011,450.69543509272467,0.04506954350927247,0.9884576323794207,0.9830428875731705,0.8735896021821109,0.9626294751506519,0.6,21421,58610,8614383,22076934,0.014166000066325068,1495839,14958390,0,34714905.0,2.9894215000385884,23100,15841426.0,7095444,0.0037999999622115865,25.682352299889317,41.18139879999217
primary,PRIMARY__CICIoT2023_R1__Random-Budget__b0.6__seed777,CICIoT2023,CICIoT2023_R1,Random-Budget,0.6,0.5,777,FedAvg,clean,honest,0.8992772806988149,0.9167168948423599,0.9291856784965405,7933,1084,483.2382310984308,0.04832382310984308,0.9885356310150587,0.9820059094983566,0.8817576127945627,0.9625747427228049,0.35,21348,59158,9416200,22888570,0.014657799969427288,1496930,14969300,0,35622460.0,2.813617800042266,23100,20385323.0,7896170,0.003579899959731847,24.235496599867474,39.34263489996374
primary,PRIMARY__CICIoT2023_R1__Random-Budget__b0.6__seed9001,CICIoT2023,CICIoT2023_R1,Random-Budget,0.6,0.5,9001,FedAvg,clean,honest,0.8826000022340628,0.9081125098714584,0.9162549800796813,9596,914,407.453637660485,0.0407453637660485,0.9851179986555592,0.9843517266174734,0.8569703835089655,0.9514130321293129,0.83,21518,57495,8481993,21943545,0.014661599983810447,1495728,14957280,0,34913461.0,2.974606500007212,23100,21106529.0,6963165,0.0037900999595876783,25.06109369985643,39.93066490000638
primary,PRIMARY__CICIoT2023_R1__Random-Budget__b0.8__seed11,CICIoT2023,CICIoT2023_R1,Random-Budget,0.8,0.5,11,FedAvg,clean,honest,0.8967081085307687,0.9129404589830309,0.9274067561096239,8024,1223,545.2032810271041,0.054520328102710416,0.9888778995336359,0.9797147122242494,0.8804012460687722,0.9640319792037944,0.49,21209,59067,11004223,24469429,0.018513599992729723,1496134,14961340,0,33276810.0,2.921271900020656,23100,23803668.0,9484989,0.004107099986867979,22.778312800001004,36.73395659995731
primary,PRIMARY__CICIoT2023_R1__Random-Budget__b0.8__seed123,CICIoT2023,CICIoT2023_R1,Random-Budget,0.8,0.5,123,FedAvg,clean,honest,0.8926867955720876,0.9125424371583502,0.9241829962198038,8538,1069,476.55135520684735,0.04765513552068473,0.9870782321706765,0.9820703767065848,0.8727400098373851,0.9574654194365985,0.52,21363,58553,11061737,24534494,0.01713759996346198,1496973,14969730,0,35494446.0,2.7754126000218093,23100,28931681.0,9541664,0.0035832000139635056,23.937917500021285,38.69783139995707
primary,PRIMARY__CICIoT2023_R1__Random-Budget__b0.8__seed2026,CICIoT2023,CICIoT2023_R1,Random-Budget,0.8,0.5,2026,FedAvg,clean,honest,0.8857388604045887,0.9079366161282509,0.9188734762505254,9162,1067,475.6597717546362,0.047565977175463625,0.9873011034681861,0.9819140280696996,0.8634392094319655,0.9580360519159672,0.35,21365,57929,11987971,25454446,0.02056389999052044,1496275,14962750,0,35028941.0,3.297757599997567,23100,26835486.0,10468596,0.004130699977395125,24.760789699910674,39.29054090003774
primary,PRIMARY__CICIoT2023_R1__Random-Budget__b0.8__seed2027,CICIoT2023,CICIoT2023_R1,Random-Budget,0.8,0.5,2027,FedAvg,clean,honest,0.8827340459993521,0.9055906247940844,0.916592512553232,9408,1090,485.9129814550642,0.04859129814550642,0.9866052607982282,0.98145406904531,0.8597725477336752,0.9557548655331993,0.48,21342,57683,12053423,25525802,0.01869360002456233,1496931,14969310,0,35203362.0,2.921973100019386,23100,27655885.0,10533392,0.0041511999879730865,22.470770800078753,35.92526929997257
primary,PRIMARY__CICIoT2023_R1__Random-Budget__b0.8__seed2718,CICIoT2023,CICIoT2023_R1,Random-Budget,0.8,0.5,2718,FedAvg,clean,honest,0.8902181562280085,0.9106580280698446,0.9223230375264772,8743,1085,483.6840228245364,0.048368402282453635,0.9873976733927285,0.9817441488735215,0.869684458422143,0.9582857802668043,0.45,21347,58348,10828066,24302236,0.01741410001704935,1497130,14971300,0,34267560.0,2.8444562000076985,23100,20353207.0,9307836,0.003750799995032139,22.324954400100978,35.5234678999841
primary,PRIMARY__CICIoT2023_R1__Random-Budget__b0.8__seed314,CICIoT2023,CICIoT2023_R1,Random-Budget,0.8,0.5,314,FedAvg,clean,honest,0.8909442266233258,0.9120475030921764,0.9228019957775546,8739,1024,456.490727532097,0.0456490727532097,0.9874073441607852,0.9827539746699003,0.8697440789375624,0.958796995222768,0.57,21408,58352,10842937,24308035,0.018311699939658865,1496122,14961220,0,34507535.0,2.952729200012982,23100,21757016.0,9323715,0.004124699989915825,23.116308300057426,36.83171189999848
primary,PRIMARY__CICIoT2023_R1__Random-Budget__b0.8__seed3407,CICIoT2023,CICIoT2023_R1,Random-Budget,0.8,0.5,3407,FedAvg,clean,honest,0.8851021525194642,0.9085800855310939,0.9182911523124097,9291,995,443.5627674750357,0.044356276747503566,0.9865854404519198,0.9830767922442385,0.8615164478096913,0.956399262852075,0.63,21437,57800,11546005,25007332,0.01802709996991325,1495703,14957030,0,34756008.0,2.8520515999844065,23100,30606714.0,10027202,0.0037404000177048147,21.99017110010027,35.669509899948025
primary,PRIMARY__CICIoT2023_R1__Random-Budget__b0.8__seed42,CICIoT2023,CICIoT2023_R1,Random-Budget,0.8,0.5,42,FedAvg,clean,honest,0.8983166337142411,0.9157792338640445,0.9284844485297006,7999,1104,492.1540656205421,0.049215406562054205,0.9894296575208928,0.9816599109575387,0.8807738742901432,0.9659176285037392,0.49,21328,59092,10949208,24411327,0.016538099996978417,1495791,14957910,0,34537225.0,2.9147297000454273,23100,21871003.0,9430317,0.0035172000352758914,24.898064400127623,39.81017490007798
primary,PRIMARY__CICIoT2023_R1__Random-Budget__b0.8__seed777,CICIoT2023,CICIoT2023_R1,Random-Budget,0.8,0.5,777,FedAvg,clean,honest,0.8978027992806318,0.9131366775093152,0.9282718285234925,7890,1259,561.2517831669044,0.05612517831669044,0.9885670631498853,0.9791763149189546,0.8823985333353207,0.9626251684641025,0.24,21173,59201,12240812,25712453,0.017102399986470118,1496849,14968490,0,35610998.0,2.8191518999810796,23100,29067943.0,10720863,0.0034861000312957913,24.465679799832287,39.61840579997806
primary,PRIMARY__CICIoT2023_R1__Random-Budget__b0.8__seed9001,CICIoT2023,CICIoT2023_R1,Random-Budget,0.8,0.5,9001,FedAvg,clean,honest,0.8861074807591345,0.9090727720670273,0.919079365079365,9189,1007,448.91226818830245,0.04489122681883024,0.9875643976663783,0.982905837817651,0.8630367709528849,0.9599179652990527,0.66,21425,57902,10960172,24423155,0.01787309999053832,1495887,14958870,0,35189580.0,2.8180680999939796,23100,28772520.0,9441185,0.004295500009902753,22.152282399882097,35.29873889994633
primary,PRIMARY__CICIoT2023_R1__Random-Budget__b1.0__seed11,CICIoT2023,CICIoT2023_R1,Random-Budget,1.0,0.5,11,FedAvg,clean,honest,0.8960267193905477,0.9149042871190494,0.9267051986708034,8248,1060,472.5392296718973,0.04725392296718973,0.987852329211663,0.9823047259736574,0.8770624972052884,0.9603768950271324,0.57,21372,58843,13298717,26764175,0.020364400043035857,1496162,14961620,0,33857192.0,2.892557399958605,23100,28734688.0,11779455,0.0038616000238107517,24.62744539999403,39.59383799997158
primary,PRIMARY__CICIoT2023_R1__Random-Budget__b1.0__seed123,CICIoT2023,CICIoT2023_R1,Random-Budget,1.0,0.5,123,FedAvg,clean,honest,0.8899612390112038,0.9128308685447157,0.921932083845148,8924,927,413.2489300998573,0.041324893009985736,0.9871674587273586,0.9843131282363692,0.8669866300994172,0.9578805158465229,0.48,21505,58167,12421793,25892318,0.018405799972242676,1496725,14967250,0,35492897.0,2.9793736999854445,23100,33907057.0,10901968,0.0036625000357162207,25.33252129997709,40.59021949992166
primary,PRIMARY__CICIoT2023_R1__Random-Budget__b1.0__seed2026,CICIoT2023,CICIoT2023_R1,Random-Budget,1.0,0.5,2026,FedAvg,clean,honest,0.8884420763379244,0.9085680119913356,0.9210432692687787,8841,1146,510.87731811697574,0.051087731811697575,0.9874684519286523,0.9807057714324197,0.8682237557943688,0.958830739405914,0.36,21286,58250,14917745,28383275,0.04840090000652708,1496170,14961700,0,34960377.0,2.9245785999810323,23100,34960377.0,13398475,0.0038231999351410195,24.658949999895412,39.68387299995811
primary,PRIMARY__CICIoT2023_R1__Random-Budget__b1.0__seed2027,CICIoT2023,CICIoT2023_R1,Random-Budget,1.0,0.5,2027,FedAvg,clean,honest,0.8842978899277281,0.9070494204265032,0.9177597103566552,9296,1062,473.4308131241084,0.04734308131241084,0.9871506124100893,0.981956266884143,0.8614419221654172,0.9575760274928184,0.4,21370,57795,15103039,28574851,0.04781019997608382,1496868,14968680,0,35412326.0,2.83210390000022,23100,35412326.0,13583071,0.0036730000283569098,24.0962215999607,39.219398100001854
primary,PRIMARY__CICIoT2023_R1__Random-Budget__b1.0__seed2718,CICIoT2023,CICIoT2023_R1,Random-Budget,1.0,0.5,2718,FedAvg,clean,honest,0.8896819811668509,0.9097958462334814,0.9219559994942471,8757,1119,498.84094151212554,0.04988409415121255,0.9872681660933488,0.9811784098363413,0.8694757866181753,0.9579540969633065,0.45,21313,58334,12139852,25610341,0.018851099943276495,1496721,14967210,0,34250919.0,2.9767529000382638,23100,22607652.0,10620031,0.003555700066499412,25.03910450017429,39.99253559997305
primary,PRIMARY__CICIoT2023_R1__Random-Budget__b1.0__seed314,CICIoT2023,CICIoT2023_R1,Random-Budget,1.0,0.5,314,FedAvg,clean,honest,0.8889223998302113,0.9107282629745692,0.9212556025403462,8922,1022,455.5991440798859,0.04555991440798859,0.9871382048626657,0.9827338615667922,0.8670164403571269,0.9580891487796792,0.59,21410,58169,12171137,25635470,0.01889640002627857,1496037,14960370,0,34649057.0,2.9019978999713203,23100,24072588.0,10652000,0.003690200042910874,25.04261369985761,40.19512410002062
primary,PRIMARY__CICIoT2023_R1__Random-Budget__b1.0__seed3407,CICIoT2023,CICIoT2023_R1,Random-Budget,1.0,0.5,3407,FedAvg,clean,honest,0.8828122381957709,0.9078386719829994,0.9164563010153295,9549,942,419.9358059914408,0.04199358059914408,0.9861759639584085,0.9838930305724642,0.8576709245651428,0.9550943195517378,0.63,21490,57542,12230178,25691406,0.018367699987720698,1495692,14956920,0,34989324.0,2.853679900013958,23100,32478879.0,10711386,0.003593899993575178,24.47019789998012,39.43920200000866
primary,PRIMARY__CICIoT2023_R1__Random-Budget__b1.0__seed42,CICIoT2023,CICIoT2023_R1,Random-Budget,1.0,0.5,42,FedAvg,clean,honest,0.9009751683924802,0.9175826182415261,0.9304820382525231,7763,1102,491.26248216833096,0.0491262482168331,0.9888514309369918,0.9817640244911467,0.8842914846998853,0.9634598855805976,0.43,21330,59328,13591570,27059143,0.021292199977324344,1496397,14963970,0,34566609.0,2.909899999969639,23100,27636011.0,12072073,0.0038339000166160986,24.563706700035254,39.65882730000885
primary,PRIMARY__CICIoT2023_R1__Random-Budget__b1.0__seed777,CICIoT2023,CICIoT2023_R1,Random-Budget,1.0,0.5,777,FedAvg,clean,honest,0.891547423567128,0.9131621186213942,0.923203480324303,8733,976,435.09272467902997,0.043509272467902996,0.9879708782959289,0.9835507466208245,0.8698335097106914,0.9605353507263996,0.54,21456,58358,15230089,28701226,0.04818799995700829,1496793,14967930,0,35650337.0,2.9538362999883248,23100,35650337.0,13710196,0.003596900016418658,25.089724200035562,40.624012499989476
primary,PRIMARY__CICIoT2023_R1__Random-Budget__b1.0__seed9001,CICIoT2023,CICIoT2023_R1,Random-Budget,1.0,0.5,9001,FedAvg,clean,honest,0.8896596405393028,0.9125257901520304,0.9217100466030498,8944,934,416.36947218259627,0.041636947218259626,0.9875181767049552,0.9841911951388771,0.8666885275223204,0.9596326874318359,0.63,21498,58147,12362876,25826696,0.019045399938477203,1495980,14959800,0,35361794.0,2.9256185000704136,23100,32948857.0,10843796,0.003851100045721978,24.762184500184958,39.76800850000291
primary,PRIMARY__CICIoT2023_R1__Utility-Cost-Ratio__b0.1__seed11,CICIoT2023,CICIoT2023_R1,Utility-Cost-Ratio,0.1,0.5,11,FedAvg,clean,honest,0.8998246260737464,0.9156873904427846,0.9297013404405424,7790,1178,525.1426533523538,0.05251426533523538,0.9887555735309816,0.980522164718332,0.8838890462208046,0.9633732558314829,0.37,21254,59301,2310541,15767944,0.004599400024744682,1495267,14952670,11,32144237.0,2.752568500007328,25500,1707068.0,789774,0.0013399000017670915,24.037054600019474,38.98365460002242
primary,PRIMARY__CICIoT2023_R1__Utility-Cost-Ratio__b0.1__seed123,CICIoT2023,CICIoT2023_R1,Utility-Cost-Ratio,0.1,0.5,123,FedAvg,clean,honest,0.4101515811579147,0.5086171761256365,0.44161282476973995,46210,6595,2939.996433666191,0.2939996433666191,0.783313665548035,0.7599723394962876,0.3112339956178921,0.5003784206367059,0.95,15837,20881,1508670,14857200,0.0002475999863236211,1483170,14831700,30,36697113.0,3.5417757000104757,25500,0.0,0,0.0010626999865053222,24.743430999929842,39.52176529999997
primary,PRIMARY__CICIoT2023_R1__Utility-Cost-Ratio__b0.1__seed2026,CICIoT2023,CICIoT2023_R1,Utility-Cost-Ratio,0.1,0.5,2026,FedAvg,clean,honest,0.8915697641946763,0.9119900620000204,0.9233175602550024,8651,1056,470.75606276747504,0.047075606276747506,0.9871363910073506,0.982250907624042,0.8710557302767883,0.9577347705703056,0.34,21376,58440,2252411,15710066,0.00401620000047842,1495295,14952950,13,33524401.0,2.8031868999969447,25500,2234300.0,731616,0.001272200002858881,24.275929900002666,39.026174399979936
primary,PRIMARY__CICIoT2023_R1__Utility-Cost-Ratio__b0.1__seed2027,CICIoT2023,CICIoT2023_R1,Utility-Cost-Ratio,0.1,0.5,2027,FedAvg,clean,honest,0.8948091551891693,0.9102491689300951,0.9260849430547161,8098,1319,587.9992867332383,0.05879992867332382,0.9879430029300938,0.978130388645709,0.8792982665335142,0.9604652859230032,0.24,21113,58993,2723467,16188817,0.006789399980334565,1496150,14961500,2,33808453.0,2.771966500004055,25500,4307843.0,1201817,0.001420200009306427,24.100481600027706,39.08023420000245
primary,PRIMARY__CICIoT2023_R1__Utility-Cost-Ratio__b0.1__seed2718,CICIoT2023,CICIoT2023_R1,Utility-Cost-Ratio,0.1,0.5,2718,FedAvg,clean,honest,0.8915809345084503,0.9118936554113029,0.9233345444779704,8643,1063,473.876604850214,0.047387660485021396,0.9879942249385476,0.9821377560451009,0.871174971307627,0.9610185843461574,0.33,21369,58448,2241538,15700903,0.0037002000317443162,1495485,14954850,14,35086465.0,2.7605843000274035,25500,1330112.0,720553,0.001175199999124743,24.171841800045513,38.720577099971706
primary,PRIMARY__CICIoT2023_R1__Utility-Cost-Ratio__b0.1__seed314,CICIoT2023,CICIoT2023_R1,Utility-Cost-Ratio,0.1,0.5,314,FedAvg,clean,honest,0.8927091361996359,0.912972778899785,0.9241664627069534,8564,1041,464.0691868758916,0.04640691868758916,0.9895245362123558,0.9825241740531829,0.8723524764871592,0.966383899831708,0.5,21391,58527,2315959,15771994,0.004274200000509154,1495115,14951150,12,34508479.0,2.776420100017276,25500,2995119.0,795344,0.0012875000102212653,24.193350500034285,38.99754679999023
primary,PRIMARY__CICIoT2023_R1__Utility-Cost-Ratio__b0.1__seed3407,CICIoT2023,CICIoT2023_R1,Utility-Cost-Ratio,0.1,0.5,3407,FedAvg,clean,honest,0.890072942148945,0.9119706618106849,0.9220952969023362,8851,990,441.33380884450787,0.04413338088445078,0.9866483908609985,0.9832854972142495,0.8680747045058205,0.9562604322612818,0.68,21442,58240,2267296,15720244,0.003860800003167242,1494772,14947720,13,34303056.0,2.7688850999693386,25500,3094256.0,747024,0.001253000009455718,23.915921899984824,38.7453330999997
primary,PRIMARY__CICIoT2023_R1__Utility-Cost-Ratio__b0.1__seed42,CICIoT2023,CICIoT2023_R1,Utility-Cost-Ratio,0.1,0.5,42,FedAvg,clean,honest,0.834958613987467,0.8887013988346486,0.8764291150568301,14695,80,35.66333808844508,0.003566333808844508,0.9853358357761617,0.9984754935589603,0.7809691314781416,0.9533060755213536,0.05,22352,52396,2266533,15722919,0.004773600012413226,1495154,14951540,12,32046112.0,2.748782199974812,25500,1130397.0,745879,0.0012743000115733594,23.499040199974843,38.043202500004554
primary,PRIMARY__CICIoT2023_R1__Utility-Cost-Ratio__b0.1__seed777,CICIoT2023,CICIoT2023_R1,Utility-Cost-Ratio,0.1,0.5,777,FedAvg,clean,honest,0.8883527138277314,0.9096211681167556,0.9208811911754229,8924,1071,477.4429386590585,0.04774429386590585,0.9871198270072042,0.981920388939532,0.8669866300994172,0.9577947425841722,0.4,21361,58167,2689235,16158599,0.005921799995121546,1496596,14965960,4,35137907.0,2.816194200029713,25500,1436573.0,1167139,0.0012703000102192163,24.801195400032157,39.93249959998502
primary,PRIMARY__CICIoT2023_R1__Utility-Cost-Ratio__b0.1__seed9001,CICIoT2023,CICIoT2023_R1,Utility-Cost-Ratio,0.1,0.5,9001,FedAvg,clean,honest,0.8996347307395864,0.9152787934318392,0.9295796725474368,7788,1197,533.6126961483595,0.05336126961483595,0.9891770142547801,0.9802148760330579,0.8839188564785142,0.9648191443611911,0.33,21235,59303,2129080,15584827,0.0033445999870309606,1495083,14950830,16,33995752.0,2.7783878999907756,25500,1697166.0,608497,0.0013318999772309326,24.19713579989184,38.50304560004588
primary,PRIMARY__CICIoT2023_R1__Utility-Cost-Ratio__b0.2__seed11,CICIoT2023,CICIoT2023_R1,Utility-Cost-Ratio,0.2,0.5,11,FedAvg,clean,honest,0.8830244741574791,0.9081138039040211,0.9166082690960056,9539,933,415.92368045649073,0.04159236804564907,0.9867599102606697,0.9840471915875866,0.8578199758536913,0.9570495336501995,0.46,21499,57552,3118046,16585628,0.007790500050759874,1496398,14963980,0,34119697.0,2.9096545999782393,25500,3184130.0,1596148,0.0016248999309027568,25.07632439986628,40.21493790000386
primary,PRIMARY__CICIoT2023_R1__Utility-Cost-Ratio__b0.2__seed123,CICIoT2023,CICIoT2023_R1,Utility-Cost-Ratio,0.2,0.5,123,FedAvg,clean,honest,0.8568412586709561,0.9023365661259025,0.8946537778654567,12671,145,64.6398002853067,0.00646398002853067,0.9833378696517967,0.997342618894896,0.8111371122803357,0.9456618138742341,0.05,22287,54420,2818998,16289361,0.006765100042684935,1496707,14967070,2,36057943.0,2.903592699978617,25500,6682075.0,1296791,0.0015107000072021037,25.058131700046943,40.3582114999881
primary,PRIMARY__CICIoT2023_R1__Utility-Cost-Ratio__b0.2__seed2026,CICIoT2023,CICIoT2023_R1,Utility-Cost-Ratio,0.2,0.5,2026,FedAvg,clean,honest,0.8859287557387487,0.9104372332239745,0.9188132035871017,9305,907,404.33309557774606,0.040433309557774605,0.9873291159218026,0.9845467091475986,0.8613077760057236,0.9590965300397563,0.49,21525,57786,3928584,17385276,0.007650000057765283,1495188,14951880,0,34917368.0,2.8344530999747803,25500,7291213.0,2407896,0.0015394999936688691,24.243321499947342,38.829419699977734
primary,PRIMARY__CICIoT2023_R1__Utility-Cost-Ratio__b0.2__seed2027,CICIoT2023,CICIoT2023_R1,Utility-Cost-Ratio,0.2,0.5,2027,FedAvg,clean,honest,0.8477709638863755,0.8981842226112038,0.8869870965601884,13611,17,7.578459343794579,0.000757845934379458,0.9832042966153516,0.999682225171505,0.797126291156787,0.945383099193994,0.05,22415,53480,3454809,16914138,0.007837899975129403,1495481,14954810,0,34997025.0,2.833135000008042,25500,5829332.0,1933828,0.0015105000347830355,24.341752100051963,39.15570769998885
primary,PRIMARY__CICIoT2023_R1__Utility-Cost-Ratio__b0.2__seed2718,CICIoT2023,CICIoT2023_R1,Utility-Cost-Ratio,0.2,0.5,2718,FedAvg,clean,honest,0.8940607441663037,0.9114264305856561,0.9253874596805917,8278,1206,537.6248216833095,0.053762482168330954,0.9879340875308149,0.9799063629850547,0.8766153433396432,0.9607697785956864,0.17,21226,58813,3051750,16523850,0.007320499993511476,1496900,14969000,0,34683959.0,2.885544299992034,25500,2673462.0,1529350,0.0015239000204019248,24.488249400106724,39.27947870003118
primary,PRIMARY__CICIoT2023_R1__Utility-Cost-Ratio__b0.2__seed314,CICIoT2023,CICIoT2023_R1,Utility-Cost-Ratio,0.2,0.5,314,FedAvg,clean,honest,0.8482512873786625,0.898163431378392,0.8874267673210305,13545,40,17.83166904422254,0.001783166904422254,0.9852499658564169,0.9992535363714403,0.7981100296612064,0.9522325743468784,0.06,22392,53546,3259631,16717979,0.007856300042476505,1495372,14953720,0,34658785.0,2.8969594999944093,25500,2770696.0,1738759,0.0015286000416381285,24.732634499829146,40.03059009999561
primary,PRIMARY__CICIoT2023_R1__Utility-Cost-Ratio__b0.2__seed3407,CICIoT2023,CICIoT2023_R1,Utility-Cost-Ratio,0.2,0.5,3407,FedAvg,clean,honest,0.8799302972420495,0.9020731216943598,0.9145786148527834,9548,1201,535.3958630527817,0.05353958630527817,0.9864053693711341,0.9795553588451587,0.8576858296939978,0.9560045307604969,0.12,21231,57543,3462145,16925308,0.007932899985462427,1495907,14959070,0,35302888.0,2.7980114000674803,25500,10069769.0,1940738,0.0014578000409528613,24.133076100013568,38.882605999999214
primary,PRIMARY__CICIoT2023_R1__Utility-Cost-Ratio__b0.2__seed42,CICIoT2023,CICIoT2023_R1,Utility-Cost-Ratio,0.2,0.5,42,FedAvg,clean,honest,0.8315516682863622,0.8875559803470029,0.8733943413651247,15076,4,1.783166904422254,0.0001783166904422254,0.9853783406078791,0.9999231050193199,0.775290277384448,0.9533149028500285,0.05,22428,52015,3491586,16951626,0.00793169999087695,1495560,14955600,0,34691630.0,2.8661259999498725,25500,2338643.0,1970526,0.0015181999769993126,24.297951900036423,39.23684459996002
primary,PRIMARY__CICIoT2023_R1__Utility-Cost-Ratio__b0.2__seed777,CICIoT2023,CICIoT2023_R1,Utility-Cost-Ratio,0.2,0.5,777,FedAvg,clean,honest,0.8543055974442322,0.901935654904252,0.8924333017195167,12985,58,25.855920114122682,0.002585592011412268,0.9853144926439795,0.9989291780518426,0.8064569018199162,0.9524348391115727,0.05,22374,54106,3562514,17033642,0.007972099949256517,1496792,14967920,0,35341124.0,2.869067500025267,25500,2689625.0,2040222,0.0015365000435849652,24.793658800103003,40.0744049000059
primary,PRIMARY__CICIoT2023_R1__Utility-Cost-Ratio__b0.2__seed9001,CICIoT2023,CICIoT2023_R1,Utility-Cost-Ratio,0.2,0.5,9001,FedAvg,clean,honest,0.8540598505412017,0.9019200687056274,0.892214531444647,13017,48,21.398002853067048,0.0021398002853067048,0.986137916353216,0.9991131148146779,0.8059799376965614,0.9547900052861115,0.05,22384,54074,2996967,16465152,0.00760440000158269,1496465,14964650,0,35882142.0,2.967455699967104,25500,6052043.0,1475002,0.0014880000526318327,24.897335199901136,39.96625120000681
primary,PRIMARY__CICIoT2023_R1__Utility-Cost-Ratio__b0.4__seed11,CICIoT2023,CICIoT2023_R1,Utility-Cost-Ratio,0.4,0.5,11,FedAvg,clean,honest,0.8444086994403672,0.8958074675216499,0.884219276006816,13903,26,11.59058487874465,0.0011590584878744651,0.9857849458666632,0.9995114067726538,0.7927739935311741,0.954093306460123,0.05,22406,53188,5151950,18619703,0.009281000035116449,1496417,14964170,0,35255196.0,2.8474710000446066,25500,4702612.0,3630033,0.0015586999797960743,24.301997300091898,39.237580999950296
primary,PRIMARY__CICIoT2023_R1__Utility-Cost-Ratio__b0.4__seed123,CICIoT2023,CICIoT2023_R1,Utility-Cost-Ratio,0.4,0.5,123,FedAvg,clean,honest,0.8872915340191906,0.9085274119273266,0.920101990719478,8993,1097,489.03352353780315,0.048903352353780315,0.9880605881695683,0.9814680293943745,0.8659581762084333,0.9610510673874271,0.19,21335,58098,5135520,18609681,0.00939210003707558,1497129,14971290,0,35648507.0,2.8514858999405988,25500,13271446.0,3612891,0.0014987000031396747,24.118971899937605,38.823887000005925
primary,PRIMARY__CICIoT2023_R1__Utility-Cost-Ratio__b0.4__seed2026,CICIoT2023,CICIoT2023_R1,Utility-Cost-Ratio,0.4,0.5,2026,FedAvg,clean,honest,0.8919160439216738,0.9114792404033775,0.9236414716141353,8570,1106,493.04564907275324,0.04930456490727532,0.9879521173633473,0.9814513559293608,0.8722630457140302,0.9601790495746712,0.26,21326,58521,6478883,19944584,0.011114399996586144,1496189,14961890,0,34997659.0,2.992014899951755,25500,13137085.0,4957194,0.0015791999903740361,24.83066549981595,39.74082679999992
primary,PRIMARY__CICIoT2023_R1__Utility-Cost-Ratio__b0.4__seed2027,CICIoT2023,CICIoT2023_R1,Utility-Cost-Ratio,0.4,0.5,2027,FedAvg,clean,honest,0.8952559677401338,0.9122090179575122,0.9262924563154875,8170,1207,538.0706134094152,0.053807061340941514,0.9880507731662718,0.9799261575306014,0.8782250972559658,0.9606833212735036,0.39,21225,58921,6243090,19713480,0.01085639999655541,1496710,14967100,0,35490608.0,2.920888999971794,25500,14150569.0,4720880,0.0017038000223692507,25.447808999859262,41.109620900053415
primary,PRIMARY__CICIoT2023_R1__Utility-Cost-Ratio__b0.4__seed2718,CICIoT2023,CICIoT2023_R1,Utility-Cost-Ratio,0.4,0.5,2718,FedAvg,clean,honest,0.8895367670877875,0.9106485322961079,0.9217660973236395,8834,1055,470.31027104136945,0.047031027104136945,0.9876524158145503,0.9822127056919342,0.8683280916963527,0.9595078240869902,0.38,21377,58257,5546298,19020468,0.009965399949578568,1497130,14971300,0,35158169.0,2.8244530000229133,25500,7203154.0,4023668,0.0014353000151459128,24.141735999917728,38.81665279997105
primary,PRIMARY__CICIoT2023_R1__Utility-Cost-Ratio__b0.4__seed314,CICIoT2023,CICIoT2023_R1,Utility-Cost-Ratio,0.4,0.5,314,FedAvg,clean,honest,0.8740882231381879,0.908709716032099,0.9090175313983146,10781,491,218.88373751783166,0.021888373751783166,0.9872421379093744,0.9913557859896833,0.8393078058159813,0.9582978491553545,0.05,21941,56310,5430870,18900441,0.009441900037927553,1496619,14966190,0,35812808.0,2.8427911999606295,25500,8777600.0,3908751,0.001480499966419302,24.284050399946864,39.0729897999845
primary,PRIMARY__CICIoT2023_R1__Utility-Cost-Ratio__b0.4__seed3407,CICIoT2023,CICIoT2023_R1,Utility-Cost-Ratio,0.4,0.5,3407,FedAvg,clean,honest,0.8365783094847135,0.8907761011424409,0.8776530799979929,14617,13,5.795292439372325,0.0005795292439372326,0.9858992086052939,0.9997523196220016,0.7821317315288191,0.9545190667614968,0.05,22419,52474,5689596,19157520,0.010130099937669002,1496436,14964360,0,35790871.0,2.916329899977427,25500,18113055.0,4167660,0.0016113000165205449,25.04644980019657,40.42494930005341
primary,PRIMARY__CICIoT2023_R1__Utility-Cost-Ratio__b0.4__seed42,CICIoT2023,CICIoT2023_R1,Utility-Cost-Ratio,0.4,0.5,42,FedAvg,clean,honest,0.8984506774795304,0.9162841012497536,0.9285540265476293,8015,1076,479.6718972895863,0.04796718972895863,0.9888352268396345,0.9821119829764596,0.8805353922284658,0.9636765212496639,0.47,21356,59076,5628201,19088079,0.010329099968657829,1495542,14955420,0,34463274.0,2.7930372999835527,25500,5960615.0,4107159,0.0015818000247236341,23.062136399908923,37.589952700043796
primary,PRIMARY__CICIoT2023_R1__Utility-Cost-Ratio__b0.4__seed777,CICIoT2023,CICIoT2023_R1,Utility-Cost-Ratio,0.4,0.5,777,FedAvg,clean,honest,0.8920724283145114,0.9119099907866742,0.9237338974488507,8578,1084,483.2382310984308,0.04832382310984308,0.9875694116679865,0.9818111649915264,0.8721438046831915,0.9591464640819033,0.31,21348,58513,5937983,19409876,0.010122100022272207,1496877,14968770,0,35860263.0,2.901694500047597,25500,8122700.0,4415606,0.001572300010593608,25.24745740025537,40.62104279999039
primary,PRIMARY__CICIoT2023_R1__Utility-Cost-Ratio__b0.4__seed9001,CICIoT2023,CICIoT2023_R1,Utility-Cost-Ratio,0.4,0.5,9001,FedAvg,clean,honest,0.8877495168839292,0.9072157316841641,0.9205895136117587,8843,1206,537.6248216833095,0.053762482168330954,0.9876726630453233,0.9797154102331214,0.8681939455366592,0.9597423904958349,0.09,21226,58248,5365663,18835459,0.009269199988921173,1496644,14966440,0,36183225.0,2.9123028999892995,25500,11576415.0,3843519,0.0015181999478954822,24.97767060001206,39.689401400028146
primary,PRIMARY__CICIoT2023_R1__Utility-Cost-Ratio__b0.6__seed11,CICIoT2023,CICIoT2023_R1,Utility-Cost-Ratio,0.6,0.5,11,FedAvg,clean,honest,0.8870457871161601,0.9096394393914191,0.9198045871268598,9101,1011,450.69543509272467,0.04506954350927247,0.9860401265891082,0.9828646972085219,0.8643484222921107,0.9534004515254697,0.46,21421,57990,6215215,19678054,0.010321800000383519,1495871,14958710,0,35117356.0,2.9705618000298273,25500,7054884.0,4693844,0.0016740999853936955,25.2537861999881,40.619805699941935
primary,PRIMARY__CICIoT2023_R1__Utility-Cost-Ratio__b0.6__seed123,CICIoT2023,CICIoT2023_R1,Utility-Cost-Ratio,0.6,0.5,123,FedAvg,clean,honest,0.8887101638685031,0.9113285153443411,0.9210307300872681,8991,972,433.3095577746077,0.043330955777460774,0.988106255375665,0.9835455037919827,0.865987986466143,0.9609090952377347,0.15,21460,58100,5920304,19392908,0.010651900083757937,1496956,14969560,0,35711182.0,2.9056566000072053,25500,15466756.0,4397848,0.00152090001211036,24.90136680014257,39.8674267000315
primary,PRIMARY__CICIoT2023_R1__Utility-Cost-Ratio__b0.6__seed2026,CICIoT2023,CICIoT2023_R1,Utility-Cost-Ratio,0.6,0.5,2026,FedAvg,clean,honest,0.8850909822056902,0.90799398911343,0.9183331613251511,9253,1034,460.94864479315265,0.04609486447931527,0.9880999812383098,0.9824364723467862,0.8620828427061752,0.9608910183171278,0.27,21398,57838,7859733,21322149,0.01315660000545904,1495824,14958240,0,35189870.0,2.8784196999913547,25500,16020330.0,6338409,0.0015740000235382468,24.684049999996205,39.588934899977176
primary,PRIMARY__CICIoT2023_R1__Utility-Cost-Ratio__b0.6__seed2027,CICIoT2023,CICIoT2023_R1,Utility-Cost-Ratio,0.6,0.5,2027,FedAvg,clean,honest,0.8928320096511511,0.9123277430364716,0.9243184399848542,8504,1090,485.9129814550642,0.04859129814550642,0.9881986093922428,0.9817350067865341,0.8732467842184496,0.9611340439447426,0.37,21342,58587,8911191,22383822,0.014338600012706593,1496959,14969590,0,35440050.0,2.952981300011743,25500,21806047.0,7388732,0.001629899998079054,25.210454100117204,40.535614899985376
primary,PRIMARY__CICIoT2023_R1__Utility-Cost-Ratio__b0.6__seed2718,CICIoT2023,CICIoT2023_R1,Utility-Cost-Ratio,0.6,0.5,2718,FedAvg,clean,honest,0.8966634272756722,0.9150471798757329,0.9272084916869281,8172,1079,481.009272467903,0.0481009272467903,0.9883562346748342,0.9820160672022401,0.8781952869982561,0.9615861526760203,0.19,21353,58919,6554425,20027380,0.01115800000843592,1496995,14969950,0,35207343.0,2.793971699953545,25500,8888242.0,5031930,0.0015289999573724344,23.933952199862688,38.49426760003553
primary,PRIMARY__CICIoT2023_R1__Utility-Cost-Ratio__b0.6__seed314,CICIoT2023,CICIoT2023_R1,Utility-Cost-Ratio,0.6,0.5,314,FedAvg,clean,honest,0.8857388604045887,0.9050285598401906,0.9191249140173468,8966,1263,563.0349500713266,0.056303495007132665,0.9873329790672921,0.9787330773893715,0.866360614687514,0.9586228961814612,0.06,21169,58125,7101077,20575382,0.011155199928907678,1497145,14971450,0,35884943.0,2.8119309999310644,25500,14042743.0,5578432,0.0014310000115074217,24.065962399879936,38.899104799944325
primary,PRIMARY__CICIoT2023_R1__Utility-Cost-Ratio__b0.6__seed3407,CICIoT2023,CICIoT2023_R1,Utility-Cost-Ratio,0.6,0.5,3407,FedAvg,clean,honest,0.8419177194687398,0.8937004349979996,0.8822060561668692,14096,56,24.964336661911556,0.0024964336661911554,0.9860878549948737,0.998944411980924,0.7898973036621901,0.9548905298552176,0.05,22376,52995,6220460,19682984,0.010760600009234622,1495836,14958360,0,35609062.0,2.9574068000074476,25500,19645558.0,4699124,0.0016020000039134175,25.38450970008853,40.770803300023545
primary,PRIMARY__CICIoT2023_R1__Utility-Cost-Ratio__b0.6__seed42,CICIoT2023,CICIoT2023_R1,Utility-Cost-Ratio,0.6,0.5,42,FedAvg,clean,honest,0.8911452922712599,0.9092439189200539,0.923195750348752,8523,1222,544.7574893009986,0.054475748930099856,0.9878786755710165,0.9795617996320455,0.8729635867702076,0.9603553366771994,0.31,21210,58568,8076059,21535631,0.013503099980880506,1495508,14955080,0,34320281.0,2.996119200004614,25500,10075172.0,6555051,0.0015515000122832134,25.571369800003595,41.23263880002196
primary,PRIMARY__CICIoT2023_R1__Utility-Cost-Ratio__b0.6__seed777,CICIoT2023,CICIoT2023_R1,Utility-Cost-Ratio,0.6,0.5,777,FedAvg,clean,honest,0.8883192028864091,0.9097323436203741,0.9208442853975995,8936,1062,473.4308131241084,0.04734308131241084,0.9878097206699856,0.9820659607882871,0.8668077685531591,0.9602877562834314,0.35,21370,58155,7428846,20904888,0.01183279995166231,1497338,14973380,0,36024058.0,2.85411859996384,25500,11969491.0,5906008,0.0015435000095749274,24.428131000109715,39.7243107999966
primary,PRIMARY__CICIoT2023_R1__Utility-Cost-Ratio__b0.6__seed9001,CICIoT2023,CICIoT2023_R1,Utility-Cost-Ratio,0.6,0.5,9001,FedAvg,clean,honest,0.8909889078784223,0.9110980699059473,0.9229165185659107,8669,1090,485.9129814550642,0.04859129814550642,0.9878866070530108,0.9816843661782497,0.8707874379574011,0.9602525848438315,0.12,21342,58422,6106534,19575142,0.010248000005958602,1496512,14965120,0,36119928.0,2.871433500011335,25500,13340163.0,4584522,0.0015239999775076285,25.051203999988502,39.66562620000332
primary,PRIMARY__CICIoT2023_R1__Utility-Cost-Ratio__b0.8__seed11,CICIoT2023,CICIoT2023_R1,Utility-Cost-Ratio,0.8,0.5,11,FedAvg,clean,honest,0.8530433519877574,0.9003961750956943,0.8914843775776172,13051,105,46.80813124108417,0.004680813124108417,0.9860076396342917,0.9980607627666451,0.8054731633154969,0.9542958114264972,0.05,22327,54040,5947464,19412229,0.010746600004495122,1496085,14960850,1,34732564.0,2.97820610004419,25500,5771353.0,4425879,0.001658400011365302,25.375280300184386,40.77846760000102
primary,PRIMARY__CICIoT2023_R1__Utility-Cost-Ratio__b0.8__seed123,CICIoT2023,CICIoT2023_R1,Utility-Cost-Ratio,0.8,0.5,123,FedAvg,clean,honest,0.888207499748668,0.9092572183853977,0.9207927060909206,8919,1089,485.46718972895866,0.048546718972895864,0.9883591493267261,0.9816236648048463,0.8670611557436914,0.9619789824234511,0.21,21343,58172,6554666,20031653,0.011902199941687286,1497443,14974430,0,35659035.0,2.807805800024653,25500,17650729.0,5031723,0.001523499988252297,24.766204199928325,39.88771480001742
primary,PRIMARY__CICIoT2023_R1__Utility-Cost-Ratio__b0.8__seed2026,CICIoT2023,CICIoT2023_R1,Utility-Cost-Ratio,0.8,0.5,2026,FedAvg,clean,honest,0.885571305697977,0.9080918940556411,0.9187216350883874,9195,1049,467.6355206847361,0.04676355206847361,0.9881097797763192,0.9822037492577826,0.8629473401797558,0.9609593136680392,0.26,21383,57896,8538731,22003910,0.01433669998368714,1496131,14961310,0,34918008.0,2.8688647000089986,25500,17883935.0,7017100,0.0016182000254048035,24.973553399991943,40.029584399962914
primary,PRIMARY__CICIoT2023_R1__Utility-Cost-Ratio__b0.8__seed2027,CICIoT2023,CICIoT2023_R1,Utility-Cost-Ratio,0.8,0.5,2027,FedAvg,clean,honest,0.8934575472225015,0.9121516057692927,0.9248408245602976,8408,1130,503.7446504992867,0.05037446504992867,0.9878619371714289,0.981107785932824,0.8746776765885141,0.959960367706233,0.37,21302,58683,10107660,23581047,0.01512130003538914,1497043,14970430,0,35471589.0,2.8967448999901535,25500,24437657.0,8585117,0.001692999983788468,24.77875919996586,40.177711599942995
primary,PRIMARY__CICIoT2023_R1__Utility-Cost-Ratio__b0.8__seed2718,CICIoT2023,CICIoT2023_R1,Utility-Cost-Ratio,0.8,0.5,2718,FedAvg,clean,honest,0.8853143884811724,0.9074308633518411,0.9185669302580128,9185,1082,482.3466476462197,0.048234664764621966,0.9874570470620883,0.9816572862277073,0.8630963914683042,0.95862101509998,0.35,21350,57906,7018961,20493608,0.01157209997472819,1497183,14971830,0,35295889.0,2.8803864999936195,25500,9852249.0,5496278,0.0014484999992419034,23.899451099860016,38.60153719999653
primary,PRIMARY__CICIoT2023_R1__Utility-Cost-Ratio__b0.8__seed314,CICIoT2023,CICIoT2023_R1,Utility-Cost-Ratio,0.8,0.5,314,FedAvg,clean,honest,0.8886654826134066,0.9095034254394105,0.9211477757296224,8874,1093,487.2503566333809,0.048725035663338086,0.9875033426715121,0.9815714044849098,0.8677318865421592,0.9590274124216835,0.07,21339,58217,6835727,20308394,0.012320299952989444,1496963,14969630,0,35633572.0,3.013012700030231,25500,12998800.0,5313264,0.0015642000071238726,25.308533799863653,40.84025180003664
primary,PRIMARY__CICIoT2023_R1__Utility-Cost-Ratio__b0.8__seed3407,CICIoT2023,CICIoT2023_R1,Utility-Cost-Ratio,0.8,0.5,3407,FedAvg,clean,honest,0.8783329423723513,0.9033071433723069,0.913129476320365,9846,1046,466.2981455064194,0.04662981455064194,0.9862538086167711,0.9820555488840472,0.8532441012952557,0.9554410272543576,0.08,21386,57245,6167275,19630825,0.010524799989070743,1495950,14959500,0,35929143.0,2.836134300028789,25500,19181323.0,4645825,0.0015088999789441004,24.58990480011562,39.815812000015285
primary,PRIMARY__CICIoT2023_R1__Utility-Cost-Ratio__b0.8__seed42,CICIoT2023,CICIoT2023_R1,Utility-Cost-Ratio,0.8,0.5,42,FedAvg,clean,honest,0.8934016956536309,0.9110460773719498,0.9248837007942193,8341,1202,535.8416547788873,0.05358416547788873,0.9878355479365253,0.9799506271684014,0.8756763202217883,0.9604525794867027,0.33,21230,58750,7737077,21201275,0.013148700003512204,1496022,14960220,0,34372205.0,2.8305288999690674,25500,8894102.0,6215555,0.0014606999757234007,24.261888500128407,39.05324939999264
primary,PRIMARY__CICIoT2023_R1__Utility-Cost-Ratio__b0.8__seed777,CICIoT2023,CICIoT2023_R1,Utility-Cost-Ratio,0.8,0.5,777,FedAvg,clean,honest,0.8895926186566581,0.9119024309122294,0.9217071702417541,8911,973,433.7553495007133,0.04337553495007133,0.9878198479975968,0.9835511301201968,0.8671803967745301,0.9602559274013698,0.42,21459,58180,7810655,21286823,0.013120300020091236,1497352,14973520,0,36078770.0,2.8434423000144307,25500,12568174.0,6287803,0.0015546000358881429,24.45240170013858,39.425618599998415
primary,PRIMARY__CICIoT2023_R1__Utility-Cost-Ratio__b0.8__seed9001,CICIoT2023,CICIoT2023_R1,Utility-Cost-Ratio,0.8,0.5,9001,FedAvg,clean,honest,0.8903633703070719,0.9110071407793248,0.9224129072037818,8747,1068,476.1055634807418,0.04761055634807418,0.9882805461566846,0.9820238335689759,0.8696248379067237,0.9615618643991124,0.12,21364,58344,6621440,20092379,0.01127189994440414,1496771,14967710,0,36202371.0,2.833458199951565,25500,13987350.0,5099169,0.0014570000203093514,24.19167779988493,38.71043330001703
primary,PRIMARY__CICIoT2023_R1__Utility-Cost-Ratio__b1.0__seed11,CICIoT2023,CICIoT2023_R1,Utility-Cost-Ratio,1.0,0.5,11,FedAvg,clean,honest,0.8795616768875038,0.9046462212250481,0.9140342204716876,9771,1011,450.69543509272467,0.04506954350927247,0.9856574555530592,0.9826678781436972,0.8543619859593686,0.9527990439949223,0.48,21421,57320,6332657,19799789,0.011178399974596687,1496348,14963480,0,34857360.0,2.935802900014096,25500,7373000.0,4810809,0.001633800013223663,25.296110099894577,40.65432089999376
primary,PRIMARY__CICIoT2023_R1__Utility-Cost-Ratio__b1.0__seed123,CICIoT2023,CICIoT2023_R1,Utility-Cost-Ratio,1.0,0.5,123,FedAvg,clean,honest,0.8952671380539079,0.9136704986659697,0.9261871772263509,8267,1109,494.3830242510699,0.04943830242510699,0.9884994469857087,0.9814960038709892,0.8767792997570464,0.9622885243148473,0.2,21323,58824,6386024,19858448,0.01060820001293905,1496936,14969360,0,35736291.0,2.956241600055364,25500,16253773.0,4863588,0.001477800018619746,24.987924600063707,40.40683189999254
primary,PRIMARY__CICIoT2023_R1__Utility-Cost-Ratio__b1.0__seed2026,CICIoT2023,CICIoT2023_R1,Utility-Cost-Ratio,1.0,0.5,2026,FedAvg,clean,honest,0.8863643979759391,0.9083391227143085,0.9193547108486266,9105,1068,476.1055634807418,0.04761055634807418,0.9880806195341585,0.9819148575879704,0.8642888017766913,0.9608240282945699,0.25,21364,57986,8798035,22263475,0.015839600033359602,1496160,14961600,0,35329374.0,2.8442200999561464,25500,18132966.0,7276375,0.0015964999474817887,24.68274919994292,39.37323749998177
primary,PRIMARY__CICIoT2023_R1__Utility-Cost-Ratio__b1.0__seed2027,CICIoT2023,CICIoT2023_R1,Utility-Cost-Ratio,1.0,0.5,2027,FedAvg,clean,honest,0.8890787842230489,0.9100610737389043,0.9214398734177215,8856,1074,478.78031383737516,0.047878031383737515,0.9876085735476838,0.9818914498642701,0.8680001788615462,0.95883818067455,0.34,21358,58235,11087818,24560098,0.017430700041586533,1496920,14969200,0,35379529.0,2.916087399920798,25500,27011758.0,9565398,0.0015374000067822635,24.54117279993079,39.62410239999008
primary,PRIMARY__CICIoT2023_R1__Utility-Cost-Ratio__b1.0__seed2718,CICIoT2023,CICIoT2023_R1,Utility-Cost-Ratio,1.0,0.5,2718,FedAvg,clean,honest,0.8861968432693275,0.9085389117073324,0.9191992893851912,9141,1047,466.74393723252496,0.046674393723252494,0.9879355504250109,0.9822533349153347,0.8637522171379172,0.9603425946923794,0.26,21385,57950,7357232,20832383,0.013156200002413243,1497239,14972390,0,35135478.0,2.983701100005419,25500,10477207.0,5834493,0.001548399988678284,25.301860099760233,40.529580799950054
primary,PRIMARY__CICIoT2023_R1__Utility-Cost-Ratio__b1.0__seed314,CICIoT2023,CICIoT2023_R1,Utility-Cost-Ratio,1.0,0.5,314,FedAvg,clean,honest,0.8885984607307619,0.9095328951622353,0.9210903192625707,8885,1088,485.02139800285306,0.04850213980028531,0.9870729205620067,0.981650757243566,0.867567930124756,0.9576669961547106,0.35,21344,58206,7838108,21307724,0.013344299994059838,1496624,14966240,0,35614786.0,3.0011460999958217,25500,15660995.0,6315984,0.001683000024058856,25.49880500009749,41.07235830000718
primary,PRIMARY__CICIoT2023_R1__Utility-Cost-Ratio__b1.0__seed3407,CICIoT2023,CICIoT2023_R1,Utility-Cost-Ratio,1.0,0.5,3407,FedAvg,clean,honest,0.8783329423723513,0.9033071433723069,0.913129476320365,9846,1046,466.2981455064194,0.04662981455064194,0.9862538086167711,0.9820555488840472,0.8532441012952557,0.9554410272543576,0.08,21386,57245,6167275,19630825,0.010679600018193014,1495950,14959500,0,35929143.0,2.8836282000265783,25500,19181323.0,4645825,0.001537799893412739,24.748328900139313,39.824706800005515
primary,PRIMARY__CICIoT2023_R1__Utility-Cost-Ratio__b1.0__seed42,CICIoT2023,CICIoT2023_R1,Utility-Cost-Ratio,1.0,0.5,42,FedAvg,clean,honest,0.893703294125532,0.9113956668302687,0.9251003541912632,8324,1192,531.3837375178317,0.053138373751783166,0.9877887167630576,0.9801197484948048,0.8759297074123206,0.9603843073918319,0.34,21240,58767,7941182,21407540,0.012793799993232824,1496262,14962620,0,34836682.0,2.891184299980523,25500,9373969.0,6419420,0.001547400068375282,24.57131569995545,39.85212939993653
primary,PRIMARY__CICIoT2023_R1__Utility-Cost-Ratio__b1.0__seed777,CICIoT2023,CICIoT2023_R1,Utility-Cost-Ratio,1.0,0.5,777,FedAvg,clean,honest,0.88389575863186,0.9078642307041997,0.9173544519186425,9405,989,440.8880171184023,0.04408880171184023,0.9876222650366435,0.9831444397102684,0.8598172631202396,0.959507819435782,0.25,21443,57686,7849349,21324401,0.013390600011916831,1497228,14972280,0,36022531.0,2.862892000004649,25500,13403072.0,6326621,0.0015253000019583851,24.668984699979774,39.84105390001787
primary,PRIMARY__CICIoT2023_R1__Utility-Cost-Ratio__b1.0__seed9001,CICIoT2023,CICIoT2023_R1,Utility-Cost-Ratio,1.0,0.5,9001,FedAvg,clean,honest,0.8843425711828246,0.9067676532247778,0.9178214835627093,9271,1083,482.79243937232525,0.04827924393723253,0.9875467938173698,0.9816138397025619,0.8618145503867881,0.9593638020834052,0.31,21349,57820,6283684,19753669,0.011061299970606342,1496665,14966650,0,36095620.0,2.7969263999984832,25500,14127549.0,4761519,0.0015582000341964886,23.78961479998543,38.309610200012685
primary,PRIMARY__CICIoT2023_R1__Utility-Only__b0.1__seed11,CICIoT2023,CICIoT2023_R1,Utility-Only,0.1,0.5,11,FedAvg,clean,honest,0.8998246260737464,0.9156873904427846,0.9297013404405424,7790,1178,525.1426533523538,0.05251426533523538,0.9887555735309816,0.980522164718332,0.8838890462208046,0.9633732558314829,0.37,21254,59301,2310541,15767944,0.004894900012004655,1495267,14952670,11,32144237.0,2.9442531000022427,25500,1707068.0,789774,0.0011983999866060913,25.389548600032867,40.6165544000105
primary,PRIMARY__CICIoT2023_R1__Utility-Only__b0.1__seed123,CICIoT2023,CICIoT2023_R1,Utility-Only,0.1,0.5,123,FedAvg,clean,honest,0.4101515811579147,0.5086171761256365,0.44161282476973995,46210,6595,2939.996433666191,0.2939996433666191,0.783313665548035,0.7599723394962876,0.3112339956178921,0.5003784206367059,0.95,15837,20881,1508670,14857200,0.00025209999876096845,1483170,14831700,30,36697113.0,3.414108799988753,25500,0.0,0,0.00097929997718893,24.98266729999159,40.003891300009855
primary,PRIMARY__CICIoT2023_R1__Utility-Only__b0.1__seed2026,CICIoT2023,CICIoT2023_R1,Utility-Only,0.1,0.5,2026,FedAvg,clean,honest,0.8915697641946763,0.9119900620000204,0.9233175602550024,8651,1056,470.75606276747504,0.047075606276747506,0.9871363910073506,0.982250907624042,0.8710557302767883,0.9577347705703056,0.34,21376,58440,2252411,15710066,0.003822400016360916,1495295,14952950,13,33524401.0,2.878569400010747,25500,2234300.0,731616,0.0012721000020974316,24.769487800003844,39.800246500002686
primary,PRIMARY__CICIoT2023_R1__Utility-Only__b0.1__seed2027,CICIoT2023,CICIoT2023_R1,Utility-Only,0.1,0.5,2027,FedAvg,clean,honest,0.8917149782737397,0.9118792270312868,0.923445051647345,8624,1070,476.99714693295294,0.04769971469329529,0.9876374554793897,0.9820279825990561,0.8714581687558689,0.9594403533288436,0.45,21362,58467,2636946,16101801,0.0065808999934233725,1496095,14960950,4,33673995.0,2.784345299973211,25500,3527272.0,1115351,0.0012343999987933785,24.73237640003208,39.8769712999856
primary,PRIMARY__CICIoT2023_R1__Utility-Only__b0.1__seed2718,CICIoT2023,CICIoT2023_R1,Utility-Only,0.1,0.5,2718,FedAvg,clean,honest,0.8915809345084503,0.9118936554113029,0.9233345444779704,8643,1063,473.876604850214,0.047387660485021396,0.9879942249385476,0.9821377560451009,0.871174971307627,0.9610185843461574,0.33,21369,58448,2241538,15700903,0.004241299997374881,1495485,14954850,14,35086465.0,2.8107341999711934,25500,1330112.0,720553,0.001213799994729925,24.344102900009602,38.84187989999191
primary,PRIMARY__CICIoT2023_R1__Utility-Only__b0.1__seed314,CICIoT2023,CICIoT2023_R1,Utility-Only,0.1,0.5,314,FedAvg,clean,honest,0.8927091361996359,0.912972778899785,0.9241664627069534,8564,1041,464.0691868758916,0.04640691868758916,0.9895245362123558,0.9825241740531829,0.8723524764871592,0.966383899831708,0.5,21391,58527,2315959,15771994,0.00428860001557041,1495115,14951150,12,34508479.0,2.825311199965654,25500,2995119.0,795344,0.001142400004027877,24.2868431999741,39.18708069999411
primary,PRIMARY__CICIoT2023_R1__Utility-Only__b0.1__seed3407,CICIoT2023,CICIoT2023_R1,Utility-Only,0.1,0.5,3407,FedAvg,clean,honest,0.890072942148945,0.9119706618106849,0.9220952969023362,8851,990,441.33380884450787,0.04413338088445078,0.9866483908609985,0.9832854972142495,0.8680747045058205,0.9562604322612818,0.68,21442,58240,2267296,15720244,0.004046400004881434,1494772,14947720,13,34303056.0,2.9435951999985264,25500,3094256.0,747024,0.0012315999920247123,25.422618200049328,41.028746199990564
primary,PRIMARY__CICIoT2023_R1__Utility-Only__b0.1__seed42,CICIoT2023,CICIoT2023_R1,Utility-Only,0.1,0.5,42,FedAvg,clean,honest,0.834958613987467,0.8887013988346486,0.8764291150568301,14695,80,35.66333808844508,0.003566333808844508,0.9853358357761617,0.9984754935589603,0.7809691314781416,0.9533060755213536,0.05,22352,52396,2266533,15722919,0.004005199967650697,1495154,14951540,12,32046112.0,2.774326299993845,25500,1130397.0,745879,0.001123600006394554,24.076838399960252,38.89044420000573
primary,PRIMARY__CICIoT2023_R1__Utility-Only__b0.1__seed777,CICIoT2023,CICIoT2023_R1,Utility-Only,0.1,0.5,777,FedAvg,clean,honest,0.8883527138277314,0.9096211681167556,0.9208811911754229,8924,1071,477.4429386590585,0.04774429386590585,0.9871198270072042,0.981920388939532,0.8669866300994172,0.9577947425841722,0.4,21361,58167,2689235,16158599,0.0065559999929973856,1496596,14965960,4,35137907.0,2.85854789998848,25500,1436573.0,1167139,0.0012886000040452927,24.78241740003432,40.05740410000726
primary,PRIMARY__CICIoT2023_R1__Utility-Only__b0.1__seed9001,CICIoT2023,CICIoT2023_R1,Utility-Only,0.1,0.5,9001,FedAvg,clean,honest,0.8996347307395864,0.9152787934318392,0.9295796725474368,7788,1197,533.6126961483595,0.05336126961483595,0.9891770142547801,0.9802148760330579,0.8839188564785142,0.9648191443611911,0.33,21235,59303,2129080,15584827,0.0034847999922931194,1495083,14950830,16,33995752.0,2.8983279000094626,25500,1697166.0,608497,0.0012799000105587766,24.61021639998944,39.25282409999636
primary,PRIMARY__CICIoT2023_R1__Utility-Only__b0.2__seed11,CICIoT2023,CICIoT2023_R1,Utility-Only,0.2,0.5,11,FedAvg,clean,honest,0.8780201735866761,0.9007245480678818,0.9131085188662731,9714,1206,537.6248216833095,0.053762482168330954,0.9858689001336742,0.9794138231227489,0.8552115783040944,0.9542162096529485,0.44,21226,57377,3039201,16504362,0.007445600000210106,1496129,14961290,0,34387764.0,2.891728399990825,25500,2826556.0,1517572,0.0014429999864660203,25.069662399910158,40.55827809999755
primary,PRIMARY__CICIoT2023_R1__Utility-Only__b0.2__seed123,CICIoT2023,CICIoT2023_R1,Utility-Only,0.2,0.5,123,FedAvg,clean,honest,0.8568412586709561,0.9023365661259025,0.8946537778654567,12671,145,64.6398002853067,0.00646398002853067,0.9833378696517967,0.997342618894896,0.8111371122803357,0.9456618138742341,0.05,22287,54420,2818998,16289361,0.00686489995860029,1496707,14967070,2,36057943.0,2.8190539000206627,25500,6682075.0,1296791,0.0014369000273291022,24.01060810009949,38.814262599975336
primary,PRIMARY__CICIoT2023_R1__Utility-Only__b0.2__seed2026,CICIoT2023,CICIoT2023_R1,Utility-Only,0.2,0.5,2026,FedAvg,clean,honest,0.897813969594406,0.9145239731083834,0.928175494244932,7982,1166,519.793152639087,0.0519793152639087,0.9882578673889361,0.9806553297386976,0.8810272614806754,0.9617233393969495,0.19,21266,59109,3837699,17293374,0.008077299964497797,1495075,14950750,0,34908142.0,2.8223417999834055,25500,6527895.0,2317124,0.0014481000107480213,23.881236599874683,38.4537743999681
primary,PRIMARY__CICIoT2023_R1__Utility-Only__b0.2__seed2027,CICIoT2023,CICIoT2023_R1,Utility-Only,0.2,0.5,2027,FedAvg,clean,honest,0.8477709638863755,0.8981842226112038,0.8869870965601884,13611,17,7.578459343794579,0.000757845934379458,0.9832042966153516,0.999682225171505,0.797126291156787,0.945383099193994,0.05,22415,53480,3454809,16914138,0.007810100010829046,1495481,14954810,0,34997025.0,2.889325000011013,25500,5829332.0,1933828,0.0014323999639600515,24.288432799934526,39.50037159999192
primary,PRIMARY__CICIoT2023_R1__Utility-Only__b0.2__seed2718,CICIoT2023,CICIoT2023_R1,Utility-Only,0.2,0.5,2718,FedAvg,clean,honest,0.8940607441663037,0.9114264305856561,0.9253874596805917,8278,1206,537.6248216833095,0.053762482168330954,0.9879340875308149,0.9799063629850547,0.8766153433396432,0.9607697785956864,0.17,21226,58813,3051750,16523850,0.007145999989006668,1496900,14969000,0,34683959.0,2.8294851999962702,25500,2673462.0,1529350,0.0013245999871287495,24.487266699856264,39.22473839993472
primary,PRIMARY__CICIoT2023_R1__Utility-Only__b0.2__seed314,CICIoT2023,CICIoT2023_R1,Utility-Only,0.2,0.5,314,FedAvg,clean,honest,0.8482512873786625,0.898163431378392,0.8874267673210305,13545,40,17.83166904422254,0.001783166904422254,0.9852499658564169,0.9992535363714403,0.7981100296612064,0.9522325743468784,0.06,22392,53546,3259631,16717979,0.008109200018225238,1495372,14953720,0,34658785.0,2.961337300002924,25500,2770696.0,1738759,0.0014771000132896006,25.409549499861896,40.907373499983805
primary,PRIMARY__CICIoT2023_R1__Utility-Only__b0.2__seed3407,CICIoT2023,CICIoT2023_R1,Utility-Only,0.2,0.5,3407,FedAvg,clean,honest,0.8799302972420495,0.9020731216943598,0.9145786148527834,9548,1201,535.3958630527817,0.05353958630527817,0.9864053693711341,0.9795553588451587,0.8576858296939978,0.9560045307604969,0.12,21231,57543,3462145,16925308,0.007876999967265874,1495907,14959070,0,35302888.0,2.87827409998863,25500,10069769.0,1940738,0.0013549000141210854,24.411991000073613,39.465001900010975
primary,PRIMARY__CICIoT2023_R1__Utility-Only__b0.2__seed42,CICIoT2023,CICIoT2023_R1,Utility-Only,0.2,0.5,42,FedAvg,clean,honest,0.8315516682863622,0.8875559803470029,0.8733943413651247,15076,4,1.783166904422254,0.0001783166904422254,0.9853783406078791,0.9999231050193199,0.775290277384448,0.9533149028500285,0.05,22428,52015,3491586,16951626,0.007933200045954436,1495560,14955600,0,34691630.0,2.7862836000713287,25500,2338643.0,1970526,0.001419700012775138,23.962158899885253,38.63253580004675
primary,PRIMARY__CICIoT2023_R1__Utility-Only__b0.2__seed777,CICIoT2023,CICIoT2023_R1,Utility-Only,0.2,0.5,777,FedAvg,clean,honest,0.8543055974442322,0.901935654904252,0.8924333017195167,12985,58,25.855920114122682,0.002585592011412268,0.9853144926439795,0.9989291780518426,0.8064569018199162,0.9524348391115727,0.05,22374,54106,3562514,17033642,0.007818100042641163,1496792,14967920,0,35341124.0,2.8086026000091806,25500,2689625.0,2040222,0.001452900018193759,23.89363429999503,38.8708304000902
primary,PRIMARY__CICIoT2023_R1__Utility-Only__b0.2__seed9001,CICIoT2023,CICIoT2023_R1,Utility-Only,0.2,0.5,9001,FedAvg,clean,honest,0.8540598505412017,0.9019200687056274,0.892214531444647,13017,48,21.398002853067048,0.0021398002853067048,0.986137916353216,0.9991131148146779,0.8059799376965614,0.9547900052861115,0.05,22384,54074,2996967,16465152,0.007108300022082403,1496465,14964650,0,35882142.0,2.8151094999921042,25500,6052043.0,1475002,0.0013119000213919207,24.357388799937326,38.75873829997727
primary,PRIMARY__CICIoT2023_R1__Utility-Only__b0.4__seed11,CICIoT2023,CICIoT2023_R1,Utility-Only,0.4,0.5,11,FedAvg,clean,honest,0.8444086994403672,0.8958074675216499,0.884219276006816,13903,26,11.59058487874465,0.0011590584878744651,0.9857849458666632,0.9995114067726538,0.7927739935311741,0.954093306460123,0.05,22406,53188,5151950,18619703,0.009304700040956959,1496417,14964170,0,35255196.0,2.863454299993464,25500,4702612.0,3630033,0.0013910999987274408,24.55074060006882,39.50672040002246
primary,PRIMARY__CICIoT2023_R1__Utility-Only__b0.4__seed123,CICIoT2023,CICIoT2023_R1,Utility-Only,0.4,0.5,123,FedAvg,clean,honest,0.8872915340191906,0.9085274119273266,0.920101990719478,8993,1097,489.03352353780315,0.048903352353780315,0.9880605881695683,0.9814680293943745,0.8659581762084333,0.9610510673874271,0.19,21335,58098,5135520,18609681,0.009215100042638369,1497129,14971290,0,35648507.0,2.768520700017689,25500,13271446.0,3612891,0.0013987000420456752,23.470517399997334,37.882812800016836
primary,PRIMARY__CICIoT2023_R1__Utility-Only__b0.4__seed2026,CICIoT2023,CICIoT2023_R1,Utility-Only,0.4,0.5,2026,FedAvg,clean,honest,0.8919160439216738,0.9114792404033775,0.9236414716141353,8570,1106,493.04564907275324,0.04930456490727532,0.9879521173633473,0.9814513559293608,0.8722630457140302,0.9601790495746712,0.26,21326,58521,6478883,19944584,0.010713900002883747,1496189,14961890,0,34997659.0,2.776898500000243,25500,13137085.0,4957194,0.0013685000158147886,24.238138200089452,38.916785600056755
primary,PRIMARY__CICIoT2023_R1__Utility-Only__b0.4__seed2027,CICIoT2023,CICIoT2023_R1,Utility-Only,0.4,0.5,2027,FedAvg,clean,honest,0.8952559677401338,0.9122090179575122,0.9262924563154875,8170,1207,538.0706134094152,0.053807061340941514,0.9880507731662718,0.9799261575306014,0.8782250972559658,0.9606833212735036,0.39,21225,58921,6243090,19713480,0.009846300061326474,1496710,14967100,0,35490608.0,2.80272829993919,25500,14150569.0,4720880,0.001352399995084852,24.30303659987112,39.239066300026025
primary,PRIMARY__CICIoT2023_R1__Utility-Only__b0.4__seed2718,CICIoT2023,CICIoT2023_R1,Utility-Only,0.4,0.5,2718,FedAvg,clean,honest,0.8895367670877875,0.9106485322961079,0.9217660973236395,8834,1055,470.31027104136945,0.047031027104136945,0.9876524158145503,0.9822127056919342,0.8683280916963527,0.9595078240869902,0.38,21377,58257,5546298,19020468,0.010090399999171495,1497130,14971300,0,35158169.0,2.9099348000600003,25500,7203154.0,4023668,0.0013459000329021364,24.7521128001099,39.49107529995672
primary,PRIMARY__CICIoT2023_R1__Utility-Only__b0.4__seed314,CICIoT2023,CICIoT2023_R1,Utility-Only,0.4,0.5,314,FedAvg,clean,honest,0.8740882231381879,0.908709716032099,0.9090175313983146,10781,491,218.88373751783166,0.021888373751783166,0.9872421379093744,0.9913557859896833,0.8393078058159813,0.9582978491553545,0.05,21941,56310,5430870,18900441,0.009621399993193336,1496619,14966190,0,35812808.0,2.8986202999949455,25500,8777600.0,3908751,0.0014760000194655731,24.603733000098146,39.74766769996495
primary,PRIMARY__CICIoT2023_R1__Utility-Only__b0.4__seed3407,CICIoT2023,CICIoT2023_R1,Utility-Only,0.4,0.5,3407,FedAvg,clean,honest,0.8365783094847135,0.8907761011424409,0.8776530799979929,14617,13,5.795292439372325,0.0005795292439372326,0.9858992086052939,0.9997523196220016,0.7821317315288191,0.9545190667614968,0.05,22419,52474,5689596,19157520,0.009610499953851104,1496436,14964360,0,35790871.0,2.8027155000163475,25500,18113055.0,4167660,0.0013863000058336183,23.808679499969003,38.360177100024885
primary,PRIMARY__CICIoT2023_R1__Utility-Only__b0.4__seed42,CICIoT2023,CICIoT2023_R1,Utility-Only,0.4,0.5,42,FedAvg,clean,honest,0.8984506774795304,0.9162841012497536,0.9285540265476293,8015,1076,479.6718972895863,0.04796718972895863,0.9888352268396345,0.9821119829764596,0.8805353922284658,0.9636765212496639,0.47,21356,59076,5628201,19088079,0.009126300006755628,1495542,14955420,0,34463274.0,2.7758229000028223,25500,5960615.0,4107159,0.0013032000861130655,24.131967499939492,38.963569699961226
primary,PRIMARY__CICIoT2023_R1__Utility-Only__b0.4__seed777,CICIoT2023,CICIoT2023_R1,Utility-Only,0.4,0.5,777,FedAvg,clean,honest,0.8920724283145114,0.9119099907866742,0.9237338974488507,8578,1084,483.2382310984308,0.04832382310984308,0.9875694116679865,0.9818111649915264,0.8721438046831915,0.9591464640819033,0.31,21348,58513,5937983,19409876,0.009827299989410676,1496877,14968770,0,35860263.0,2.7885404999833554,25500,8122700.0,4415606,0.0013841000036336482,23.761745100011467,38.511514500001795
primary,PRIMARY__CICIoT2023_R1__Utility-Only__b0.4__seed9001,CICIoT2023,CICIoT2023_R1,Utility-Only,0.4,0.5,9001,FedAvg,clean,honest,0.8877495168839292,0.9072157316841641,0.9205895136117587,8843,1206,537.6248216833095,0.053762482168330954,0.9876726630453233,0.9797154102331214,0.8681939455366592,0.9597423904958349,0.09,21226,58248,5365663,18835459,0.009112399973673746,1496644,14966440,0,36183225.0,2.935716100037098,25500,11576415.0,3843519,0.0013465000956784934,24.798333800034015,39.617192999998224
primary,PRIMARY__CICIoT2023_R1__Utility-Only__b0.6__seed11,CICIoT2023,CICIoT2023_R1,Utility-Only,0.6,0.5,11,FedAvg,clean,honest,0.8870457871161601,0.9096394393914191,0.9198045871268598,9101,1011,450.69543509272467,0.04506954350927247,0.9860401265891082,0.9828646972085219,0.8643484222921107,0.9534004515254697,0.46,21421,57990,6215215,19678054,0.010983100029989146,1495871,14958710,0,35117356.0,3.0424650999484584,25500,7054884.0,4693844,0.0015193999861367047,26.232763299893122,42.163906899950234
primary,PRIMARY__CICIoT2023_R1__Utility-Only__b0.6__seed123,CICIoT2023,CICIoT2023_R1,Utility-Only,0.6,0.5,123,FedAvg,clean,honest,0.8887101638685031,0.9113285153443411,0.9210307300872681,8991,972,433.3095577746077,0.043330955777460774,0.988106255375665,0.9835455037919827,0.865987986466143,0.9609090952377347,0.15,21460,58100,5920304,19392908,0.010323299968149513,1496956,14969560,0,35711182.0,2.8970171000401024,25500,15466756.0,4397848,0.0013941000070190057,24.895563799960655,39.84356579997984
primary,PRIMARY__CICIoT2023_R1__Utility-Only__b0.6__seed2026,CICIoT2023,CICIoT2023_R1,Utility-Only,0.6,0.5,2026,FedAvg,clean,honest,0.8850909822056902,0.90799398911343,0.9183331613251511,9253,1034,460.94864479315265,0.04609486447931527,0.9880999812383098,0.9824364723467862,0.8620828427061752,0.9608910183171278,0.27,21398,57838,7859733,21322149,0.013041300000622869,1495824,14958240,0,35189870.0,2.89160589997482,25500,16020330.0,6338409,0.0015093999827513471,24.660574699999415,39.713063499933924
primary,PRIMARY__CICIoT2023_R1__Utility-Only__b0.6__seed2027,CICIoT2023,CICIoT2023_R1,Utility-Only,0.6,0.5,2027,FedAvg,clean,honest,0.8928320096511511,0.9123277430364716,0.9243184399848542,8504,1090,485.9129814550642,0.04859129814550642,0.9881986093922428,0.9817350067865341,0.8732467842184496,0.9611340439447426,0.37,21342,58587,8911191,22383822,0.013242800006992184,1496959,14969590,0,35440050.0,2.9424188999837497,25500,21806047.0,7388732,0.0014178000128595158,24.917689199995948,40.57685999998648
primary,PRIMARY__CICIoT2023_R1__Utility-Only__b0.6__seed2718,CICIoT2023,CICIoT2023_R1,Utility-Only,0.6,0.5,2718,FedAvg,clean,honest,0.8966634272756722,0.9150471798757329,0.9272084916869281,8172,1079,481.009272467903,0.0481009272467903,0.9883562346748342,0.9820160672022401,0.8781952869982561,0.9615861526760203,0.19,21353,58919,6554425,20027380,0.011148099976708181,1496995,14969950,0,35207343.0,2.8785528000589693,25500,8888242.0,5031930,0.0012909000652143732,24.746596800046973,39.67207660002168
primary,PRIMARY__CICIoT2023_R1__Utility-Only__b0.6__seed314,CICIoT2023,CICIoT2023_R1,Utility-Only,0.6,0.5,314,FedAvg,clean,honest,0.8857388604045887,0.9050285598401906,0.9191249140173468,8966,1263,563.0349500713266,0.056303495007132665,0.9873329790672921,0.9787330773893715,0.866360614687514,0.9586228961814612,0.06,21169,58125,7101077,20575382,0.012255000008735806,1497145,14971450,0,35884943.0,2.827181600019685,25500,14042743.0,5578432,0.0014626999327447265,24.16654730019218,39.025322699963
primary,PRIMARY__CICIoT2023_R1__Utility-Only__b0.6__seed3407,CICIoT2023,CICIoT2023_R1,Utility-Only,0.6,0.5,3407,FedAvg,clean,honest,0.8419177194687398,0.8937004349979996,0.8822060561668692,14096,56,24.964336661911556,0.0024964336661911554,0.9860878549948737,0.998944411980924,0.7898973036621901,0.9548905298552176,0.05,22376,52995,6220460,19682984,0.011850300012156367,1495836,14958360,0,35609062.0,3.0341772999963723,25500,19645558.0,4699124,0.0014365000242833048,25.92177259986056,41.45328169998538
primary,PRIMARY__CICIoT2023_R1__Utility-Only__b0.6__seed42,CICIoT2023,CICIoT2023_R1,Utility-Only,0.6,0.5,42,FedAvg,clean,honest,0.8895255967740133,0.9096469992658639,0.9218404248593286,8768,1122,500.1783166904422,0.05001783166904422,0.9874826360400483,0.9811254100428968,0.8693118302007721,0.9592576246352097,0.33,21310,58323,7820856,21279573,0.012485699975513853,1495413,14954130,0,34433778.0,2.9627185000426834,25500,9622089.0,6299943,0.001405600007274188,25.366288299919688,40.654242400007206
primary,PRIMARY__CICIoT2023_R1__Utility-Only__b0.6__seed777,CICIoT2023,CICIoT2023_R1,Utility-Only,0.6,0.5,777,FedAvg,clean,honest,0.8883192028864091,0.9097323436203741,0.9208442853975995,8936,1062,473.4308131241084,0.04734308131241084,0.9878097206699856,0.9820659607882871,0.8668077685531591,0.9602877562834314,0.35,21370,58155,7428846,20904888,0.012498799987952225,1497338,14973380,0,36024058.0,2.8575793999189045,25500,11969491.0,5906008,0.001451100004487671,24.292008199859993,39.6053333000018
primary,PRIMARY__CICIoT2023_R1__Utility-Only__b0.6__seed9001,CICIoT2023,CICIoT2023_R1,Utility-Only,0.6,0.5,9001,FedAvg,clean,honest,0.8909889078784223,0.9110980699059473,0.9229165185659107,8669,1090,485.9129814550642,0.04859129814550642,0.9878866070530108,0.9816843661782497,0.8707874379574011,0.9602525848438315,0.12,21342,58422,6106534,19575142,0.0098571999988053,1496512,14965120,0,36119928.0,2.9044215000176337,25500,13340163.0,4584522,0.0013176000356907025,25.023032000040985,39.90980240002682
primary,PRIMARY__CICIoT2023_R1__Utility-Only__b0.8__seed11,CICIoT2023,CICIoT2023_R1,Utility-Only,0.8,0.5,11,FedAvg,clean,honest,0.8530433519877574,0.9003961750956943,0.8914843775776172,13051,105,46.80813124108417,0.004680813124108417,0.9860076396342917,0.9980607627666451,0.8054731633154969,0.9542958114264972,0.05,22327,54040,5947464,19412229,0.010442699945997447,1496085,14960850,1,34732564.0,2.962839800020447,25500,5771353.0,4425879,0.0014220000157365575,25.167203300079564,40.69652200001292
primary,PRIMARY__CICIoT2023_R1__Utility-Only__b0.8__seed123,CICIoT2023,CICIoT2023_R1,Utility-Only,0.8,0.5,123,FedAvg,clean,honest,0.888207499748668,0.9092572183853977,0.9207927060909206,8919,1089,485.46718972895866,0.048546718972895864,0.9883591493267261,0.9816236648048463,0.8670611557436914,0.9619789824234511,0.21,21343,58172,6554666,20031653,0.01127939997240901,1497443,14974430,0,35659035.0,2.869378599949414,25500,17650729.0,5031723,0.0013689000043086708,24.686367199959932,39.622859099981724
primary,PRIMARY__CICIoT2023_R1__Utility-Only__b0.8__seed2026,CICIoT2023,CICIoT2023_R1,Utility-Only,0.8,0.5,2026,FedAvg,clean,honest,0.885571305697977,0.9080918940556411,0.9187216350883874,9195,1049,467.6355206847361,0.04676355206847361,0.9881097797763192,0.9822037492577826,0.8629473401797558,0.9609593136680392,0.26,21383,57896,8538731,22003910,0.013477900021825917,1496131,14961310,0,34918008.0,2.946055799970054,25500,17883935.0,7017100,0.001424199974280782,25.41017460000876,40.6494098000112
primary,PRIMARY__CICIoT2023_R1__Utility-Only__b0.8__seed2027,CICIoT2023,CICIoT2023_R1,Utility-Only,0.8,0.5,2027,FedAvg,clean,honest,0.8934575472225015,0.9121516057692927,0.9248408245602976,8408,1130,503.7446504992867,0.05037446504992867,0.9878619371714289,0.981107785932824,0.8746776765885141,0.959960367706233,0.37,21302,58683,10107660,23581047,0.016085800059954636,1497043,14970430,0,35471589.0,2.8182439999945927,25500,24437657.0,8585117,0.0015574999997625127,24.387744699881296,39.48065160002443
primary,PRIMARY__CICIoT2023_R1__Utility-Only__b0.8__seed2718,CICIoT2023,CICIoT2023_R1,Utility-Only,0.8,0.5,2718,FedAvg,clean,honest,0.8853143884811724,0.9074308633518411,0.9185669302580128,9185,1082,482.3466476462197,0.048234664764621966,0.9874570470620883,0.9816572862277073,0.8630963914683042,0.95862101509998,0.35,21350,57906,7018961,20493608,0.011318500022753142,1497183,14971830,0,35295889.0,2.758419200006756,25500,9852249.0,5496278,0.001281299933907576,24.12257000010868,38.62878899999487
primary,PRIMARY__CICIoT2023_R1__Utility-Only__b0.8__seed314,CICIoT2023,CICIoT2023_R1,Utility-Only,0.8,0.5,314,FedAvg,clean,honest,0.8886654826134066,0.9095034254394105,0.9211477757296224,8874,1093,487.2503566333809,0.048725035663338086,0.9875033426715121,0.9815714044849098,0.8677318865421592,0.9590274124216835,0.07,21339,58217,6835727,20308394,0.011803799963672645,1496963,14969630,0,35633572.0,2.792867499985732,25500,12998800.0,5313264,0.0014025999698787928,23.971986699849367,38.605244800040964
primary,PRIMARY__CICIoT2023_R1__Utility-Only__b0.8__seed3407,CICIoT2023,CICIoT2023_R1,Utility-Only,0.8,0.5,3407,FedAvg,clean,honest,0.8783329423723513,0.9033071433723069,0.913129476320365,9846,1046,466.2981455064194,0.04662981455064194,0.9862538086167711,0.9820555488840472,0.8532441012952557,0.9554410272543576,0.08,21386,57245,6167275,19630825,0.011092300002928823,1495950,14959500,0,35929143.0,2.925512300033006,25500,19181323.0,4645825,0.0014997000253060833,25.31318900002225,40.85014199996658
primary,PRIMARY__CICIoT2023_R1__Utility-Only__b0.8__seed42,CICIoT2023,CICIoT2023_R1,Utility-Only,0.8,0.5,42,FedAvg,clean,honest,0.8934016956536309,0.9110460773719498,0.9248837007942193,8341,1202,535.8416547788873,0.05358416547788873,0.9878355479365253,0.9799506271684014,0.8756763202217883,0.9604525794867027,0.33,21230,58750,7737077,21201275,0.012757699994836003,1496022,14960220,0,34372205.0,2.783193900002516,25500,8894102.0,6215555,0.001344799980870448,23.62747499998659,38.14966129999084
primary,PRIMARY__CICIoT2023_R1__Utility-Only__b0.8__seed777,CICIoT2023,CICIoT2023_R1,Utility-Only,0.8,0.5,777,FedAvg,clean,honest,0.8895926186566581,0.9119024309122294,0.9217071702417541,8911,973,433.7553495007133,0.04337553495007133,0.9878198479975968,0.9835511301201968,0.8671803967745301,0.9602559274013698,0.42,21459,58180,7810655,21286823,0.012717000005068257,1497352,14973520,0,36078770.0,2.9376754999830155,25500,12568174.0,6287803,0.0015027999761514366,25.040993099901243,40.72148310006014
primary,PRIMARY__CICIoT2023_R1__Utility-Only__b0.8__seed9001,CICIoT2023,CICIoT2023_R1,Utility-Only,0.8,0.5,9001,FedAvg,clean,honest,0.8903633703070719,0.9110071407793248,0.9224129072037818,8747,1068,476.1055634807418,0.04761055634807418,0.9882805461566846,0.9820238335689759,0.8696248379067237,0.9615618643991124,0.12,21364,58344,6621440,20092379,0.010901200046646409,1496771,14967710,0,36202371.0,2.7808079999958863,25500,13987350.0,5099169,0.0013356999261304736,24.39520220005943,38.59825000001001
primary,PRIMARY__CICIoT2023_R1__Utility-Only__b1.0__seed11,CICIoT2023,CICIoT2023_R1,Utility-Only,1.0,0.5,11,FedAvg,clean,honest,0.8795616768875038,0.9046462212250481,0.9140342204716876,9771,1011,450.69543509272467,0.04506954350927247,0.9856574555530592,0.9826678781436972,0.8543619859593686,0.9527990439949223,0.48,21421,57320,6332657,19799789,0.01204180005879607,1496348,14963480,0,34857360.0,3.0751318999682553,25500,7373000.0,4810809,0.0016240999393630773,25.868646700007957,41.68702220004343
primary,PRIMARY__CICIoT2023_R1__Utility-Only__b1.0__seed123,CICIoT2023,CICIoT2023_R1,Utility-Only,1.0,0.5,123,FedAvg,clean,honest,0.8952671380539079,0.9136704986659697,0.9261871772263509,8267,1109,494.3830242510699,0.04943830242510699,0.9884994469857087,0.9814960038709892,0.8767792997570464,0.9622885243148473,0.2,21323,58824,6386024,19858448,0.010825200020917691,1496936,14969360,0,35736291.0,2.831367400023737,25500,16253773.0,4863588,0.0013574999466072768,24.53027819999261,39.27270510001108
primary,PRIMARY__CICIoT2023_R1__Utility-Only__b1.0__seed2026,CICIoT2023,CICIoT2023_R1,Utility-Only,1.0,0.5,2026,FedAvg,clean,honest,0.8863643979759391,0.9083391227143085,0.9193547108486266,9105,1068,476.1055634807418,0.04761055634807418,0.9880806195341585,0.9819148575879704,0.8642888017766913,0.9608240282945699,0.25,21364,57986,8798035,22263475,0.015199300003587268,1496160,14961600,0,35329374.0,2.884782599998289,25500,18132966.0,7276375,0.0015044000028865412,24.356968499880168,38.93452519997663
primary,PRIMARY__CICIoT2023_R1__Utility-Only__b1.0__seed2027,CICIoT2023,CICIoT2023_R1,Utility-Only,1.0,0.5,2027,FedAvg,clean,honest,0.8890787842230489,0.9100610737389043,0.9214398734177215,8856,1074,478.78031383737516,0.047878031383737515,0.9876085735476838,0.9818914498642701,0.8680001788615462,0.95883818067455,0.34,21358,58235,11087818,24560098,0.016966899973340333,1496920,14969200,0,35379529.0,2.943368400010513,25500,27011758.0,9565398,0.0014351000281749293,25.101588000092306,40.64149909999105
primary,PRIMARY__CICIoT2023_R1__Utility-Only__b1.0__seed2718,CICIoT2023,CICIoT2023_R1,Utility-Only,1.0,0.5,2718,FedAvg,clean,honest,0.8861968432693275,0.9085389117073324,0.9191992893851912,9141,1047,466.74393723252496,0.046674393723252494,0.9879355504250109,0.9822533349153347,0.8637522171379172,0.9603425946923794,0.26,21385,57950,7357232,20832383,0.012079800013452768,1497239,14972390,0,35135478.0,2.8209029999852646,25500,10477207.0,5834493,0.0013702999713132158,24.195621600039885,38.84545249998337
primary,PRIMARY__CICIoT2023_R1__Utility-Only__b1.0__seed314,CICIoT2023,CICIoT2023_R1,Utility-Only,1.0,0.5,314,FedAvg,clean,honest,0.8885984607307619,0.9095328951622353,0.9210903192625707,8885,1088,485.02139800285306,0.04850213980028531,0.9870729205620067,0.981650757243566,0.867567930124756,0.9576669961547106,0.35,21344,58206,7838108,21307724,0.012171199996373616,1496624,14966240,0,35614786.0,2.9347341999964556,25500,15660995.0,6315984,0.0013745000469498336,25.42721789999632,40.85571660003916
primary,PRIMARY__CICIoT2023_R1__Utility-Only__b1.0__seed3407,CICIoT2023,CICIoT2023_R1,Utility-Only,1.0,0.5,3407,FedAvg,clean,honest,0.8783329423723513,0.9033071433723069,0.913129476320365,9846,1046,466.2981455064194,0.04662981455064194,0.9862538086167711,0.9820555488840472,0.8532441012952557,0.9554410272543576,0.08,21386,57245,6167275,19630825,0.01097579998895526,1495950,14959500,0,35929143.0,2.948493099916959,25500,19181323.0,4645825,0.001392500038491562,24.94155279971892,40.35870749998139
primary,PRIMARY__CICIoT2023_R1__Utility-Only__b1.0__seed42,CICIoT2023,CICIoT2023_R1,Utility-Only,1.0,0.5,42,FedAvg,clean,honest,0.893703294125532,0.9113956668302687,0.9251003541912632,8324,1192,531.3837375178317,0.053138373751783166,0.9877887167630576,0.9801197484948048,0.8759297074123206,0.9603843073918319,0.34,21240,58767,7941182,21407540,0.013700899973628111,1496262,14962620,0,34836682.0,2.9663644000393106,25500,9373969.0,6419420,0.0014727000234415755,25.061204100071336,40.23527380001906
primary,PRIMARY__CICIoT2023_R1__Utility-Only__b1.0__seed777,CICIoT2023,CICIoT2023_R1,Utility-Only,1.0,0.5,777,FedAvg,clean,honest,0.88389575863186,0.9078642307041997,0.9173544519186425,9405,989,440.8880171184023,0.04408880171184023,0.9876222650366435,0.9831444397102684,0.8598172631202396,0.959507819435782,0.25,21443,57686,7849349,21324401,0.012678100043558516,1497228,14972280,0,36022531.0,2.863204399996903,25500,13403072.0,6326621,0.0013456999586196616,24.287034899840364,39.342064199998276
primary,PRIMARY__CICIoT2023_R1__Utility-Only__b1.0__seed9001,CICIoT2023,CICIoT2023_R1,Utility-Only,1.0,0.5,9001,FedAvg,clean,honest,0.8843425711828246,0.9067676532247778,0.9178214835627093,9271,1083,482.79243937232525,0.04827924393723253,0.9875467938173698,0.9816138397025619,0.8618145503867881,0.9593638020834052,0.31,21349,57820,6283684,19753669,0.010380700026871637,1496665,14966650,0,36095620.0,2.9004751999600558,25500,14127549.0,4761519,0.0013985000550746918,24.84939699995448,39.46967369999038
heterogeneity,HET__CICIDS2017_COVERAGE_R1__a0.1__CB-Score__seed11,CICIDS2017,CICIDS2017_COVERAGE_R1,CB-Score,0.4,0.1,11,FedAvg,clean,honest,0.764976163141915,0.5004771680343642,0.003128015706632059,89691,180,6.152605115549342,0.0006152605115549342,0.17111000165681894,0.4392523364485981,0.0015695965802831953,0.3364936550513204,0.81,292379,141,7440852,25884489,0.01217059999180492,2049293,20492930,0,46313555.0,5.613687199976994,25500,5292504.0,5366059,0.011420099923270755,40.929896299916436,56.5063044999697
heterogeneity,HET__CICIDS2017_COVERAGE_R1__a0.1__CB-Score__seed123,CICIDS2017,CICIDS2017_COVERAGE_R1,CB-Score,0.4,0.1,123,FedAvg,clean,honest,0.7307912581624567,0.5316738423346877,0.21409758220281402,75810,27133,927.4368588900016,0.09274368588900017,0.33069702125043365,0.3407119426558134,0.15609137055837563,0.6479828290865972,0.95,265426,14022,6485464,24905062,0.011656699949526228,2046622,20466220,0,47184004.0,4.846258299963665,25500,4576663.0,4413342,0.01318919999175705,34.20611080012168,50.18187360002776
heterogeneity,HET__CICIDS2017_COVERAGE_R1__a0.1__CB-Score__seed2026,CICIDS2017,CICIDS2017_COVERAGE_R1,CB-Score,0.4,0.1,2026,FedAvg,clean,honest,0.7033481436540086,0.49550748722260896,0.14080453240625024,80537,32900,1124.5594905642965,0.11245594905642964,0.2731611325251196,0.22028676383457757,0.10347092350164752,0.5914000619819214,0.95,259659,9295,4359455,22797404,0.010327800060622394,2048661,20486610,0,47197678.0,5.354157399982796,25500,9424619.0,2285294,0.014194199960911646,33.07249040006718,47.42538080000668
heterogeneity,HET__CICIDS2017_COVERAGE_R1__a0.1__CB-Score__seed2027,CICIDS2017,CICIDS2017_COVERAGE_R1,CB-Score,0.4,0.1,2027,FedAvg,clean,honest,0.7584801943560388,0.5000309055230926,0.023803735452979168,88706,3649,124.7269781479975,0.01247269781479975,0.2348200964573545,0.23581151832460734,0.01253450886098495,0.5318194743192418,0.51,288910,1126,6579322,25011142,0.011301300037303008,2047980,20479800,0,47604193.0,5.015252799988957,25500,10302296.0,4505842,0.01203719999466557,36.90569240000332,52.07483370001137
heterogeneity,HET__CICIDS2017_COVERAGE_R1__a0.1__CB-Score__seed2718,CICIDS2017,CICIDS2017_COVERAGE_R1,CB-Score,0.4,0.1,2718,FedAvg,clean,honest,0.7628997544398273,0.4991240336833338,0.0031226291657962153,89690,975,33.32661104255894,0.0033326611042558936,0.20072656525096413,0.12712623097582812,0.0015807284709235016,0.46935528535257715,0.76,291584,142,3559998,21978453,0.0057077999372268096,2046495,20464950,13,47181579.0,5.864689500027453,25500,4755377.0,1488003,0.013971399996080436,43.59634770004777,58.350151400023606
heterogeneity,HET__CICIDS2017_COVERAGE_R1__a0.1__CB-Score__seed314,CICIDS2017,CICIDS2017_COVERAGE_R1,CB-Score,0.4,0.1,314,FedAvg,clean,honest,0.6886145332918401,0.45023715503345857,0.0009061999177707482,89778,29293,1001.2681202765938,0.10012681202765938,0.17733508687018934,0.0018400517940504993,0.0006011220945765428,0.36037397749136985,0.95,263266,54,2118581,20388131,0.0005321000062394887,2029950,20299500,29,48441896.0,3.994215799990343,25500,33670.0,63131,0.011140199974761344,30.1863518000755,44.942271699997946
heterogeneity,HET__CICIDS2017_COVERAGE_R1__a0.1__CB-Score__seed3407,CICIDS2017,CICIDS2017_COVERAGE_R1,CB-Score,0.4,0.1,3407,FedAvg,clean,honest,0.6066382315483366,0.4169852906723027,0.0660979486415338,84509,65909,2252.8447253374534,0.22528447253374534,0.2510160142334578,0.07472765049415993,0.0592550538783507,0.5880947540271304,0.95,226650,5323,2888692,21290758,0.004264699964551255,2044674,20446740,17,45156694.0,4.227272200005245,25500,1288000.0,818518,0.013651699977344833,31.142356199925416,45.580417299992405
heterogeneity,HET__CICIDS2017_COVERAGE_R1__a0.1__CB-Score__seed42,CICIDS2017,CICIDS2017_COVERAGE_R1,CB-Score,0.4,0.1,42,FedAvg,clean,honest,0.7555381795073629,0.4963070495680168,0.013903246903943121,89173,4307,147.21816795928342,0.014721816795928343,0.16170951312714374,0.13270237615787353,0.0073359159319618845,0.27014302059830747,0.3,288252,659,2928195,21314628,0.003127299962216057,2042937,20429370,20,47015940.0,6.163154399997438,25500,3934008.0,859758,0.011336099953041412,40.0760890001111,54.59161179997318
heterogeneity,HET__CICIDS2017_COVERAGE_R1__a0.1__CB-Score__seed777,CICIDS2017,CICIDS2017_COVERAGE_R1,CB-Score,0.4,0.1,777,FedAvg,clean,honest,0.762870988072418,0.4990589513964685,0.0028591536905076096,89702,974,33.29242990302811,0.0033292429903028107,0.19210564462946467,0.11775362318840579,0.0014471457832398254,0.27203229680733876,0.19,291585,130,7600320,26020107,0.012501899967901409,2046643,20466430,0,47588084.0,5.88788299994485,25500,24880859.0,5528177,0.01183880005555693,38.88824510003906,54.2624397000327
heterogeneity,HET__CICIDS2017_COVERAGE_R1__a0.1__CB-Score__seed9001,CICIDS2017,CICIDS2017_COVERAGE_R1,CB-Score,0.4,0.1,9001,FedAvg,clean,honest,0.7452764317151815,0.49144044573197077,0.022793852080741604,88696,8708,297.64936303446484,0.029764936303446485,0.3006628408155608,0.11540024380333198,0.012645827767388013,0.6460652053085275,0.47,283851,1136,3871987,22283962,0.006635199984884821,2045775,20457750,7,47927008.0,5.445202999995672,25500,4486954.0,1800712,0.01265600003534928,39.44586489998619,54.725325399951544
heterogeneity,HET__CICIDS2017_COVERAGE_R1__a0.1__Full-Contextual__seed11,CICIDS2017,CICIDS2017_COVERAGE_R1,Full-Contextual,,0.1,11,FedAvg,clean,honest,0.7652690570646276,0.500657011750706,0.003065474537679791,89694,65,2.221774069503929,0.00022217740695039292,0.16692812035367857,0.6798029556650246,0.0015362009083622762,0.3157801427604926,0.75,292494,138,20300549,38729093,0.06398939999053255,2047616,20476160,0,46824556.0,5.619733999992604,0,46824556.0,18252933,0.00026759998581837863,40.179187500078115,55.48667260001821
heterogeneity,HET__CICIDS2017_COVERAGE_R1__a0.1__Full-Contextual__seed123,CICIDS2017,CICIDS2017_COVERAGE_R1,Full-Contextual,,0.1,123,FedAvg,clean,honest,0.7333906917265313,0.4798004658766036,0.002582841712893663,89700,12249,418.6847781131327,0.041868477811313275,0.18534084624467484,0.010661497455779016,0.001469409564520438,0.30123738054146426,0.05,280310,132,20554780,38965846,0.07101500003773253,2045674,20456740,0,48056375.0,5.489803600023151,0,48056375.0,18509106,0.0002450000320095569,36.814197300132946,52.594819200006896
heterogeneity,HET__CICIDS2017_COVERAGE_R1__a0.1__Full-Contextual__seed2026,CICIDS2017,CICIDS2017_COVERAGE_R1,Full-Contextual,,0.1,2026,FedAvg,clean,honest,0.7650755378656925,0.49999829094302345,0.0,89832,1,0.03418113953082968,3.4181139530829678e-06,0.22925893423863045,0.0,0.0,0.3523788955849232,0.05,292558,0,20136143,38547047,0.06742950002080761,2045656,20456560,0,46960357.0,8.122369499964407,0,46960357.0,18090487,0.000282099936157465,36.236083200143185,50.48168749999604
heterogeneity,HET__CICIDS2017_COVERAGE_R1__a0.1__Full-Contextual__seed2027,CICIDS2017,CICIDS2017_COVERAGE_R1,Full-Contextual,,0.1,2027,FedAvg,clean,honest,0.7643956055451095,0.5000977573855719,0.0031203319502074688,89691,402,13.74081809139353,0.001374081809139353,0.16845595339344627,0.2596685082872928,0.0015695965802831953,0.32727403947161715,0.69,292157,141,20240491,38675695,0.06576660000428092,2048356,20483560,0,47763200.0,5.40078780001204,0,47763200.0,18192135,0.0002509000332793221,37.916250200069044,52.58058900000469
heterogeneity,HET__CICIDS2017_COVERAGE_R1__a0.1__Full-Contextual__seed2718,CICIDS2017,CICIDS2017_COVERAGE_R1,Full-Contextual,,0.1,2718,FedAvg,clean,honest,0.7641890107246248,0.5000013107678613,0.0033379755509870238,89681,491,16.782939509637373,0.0016782939509637372,0.19617523874797876,0.235202492211838,0.0016809154866862588,0.4478630285378596,0.75,292068,151,20229291,38670345,0.0644248000025982,2049006,20490060,0,47346333.0,5.869476299994858,0,47346333.0,18180285,0.00026860002253670245,42.24739579994639,56.5077129000274
heterogeneity,HET__CICIDS2017_COVERAGE_R1__a0.1__Full-Contextual__seed314,CICIDS2017,CICIDS2017_COVERAGE_R1,Full-Contextual,,0.1,314,FedAvg,clean,honest,0.7650781529900024,0.5,0.0,89832,0,0.0,0.0,0.23232013361335707,0.0,0.0,0.3523513583111659,0.05,292559,0,19927304,38318795,0.06291350001993123,2043499,20434990,0,45976590.0,7.774730400007684,0,45976590.0,17883805,0.00022620000527240336,35.16340530005982,49.83345399996324
heterogeneity,HET__CICIDS2017_COVERAGE_R1__a0.1__Full-Contextual__seed3407,CICIDS2017,CICIDS2017_COVERAGE_R1,Full-Contextual,,0.1,3407,FedAvg,clean,honest,0.7650781529900024,0.5,0.0,89832,0,0.0,0.0,0.2324368444180989,0.0,0.0,0.3548692512534266,0.05,292559,0,19607584,37993162,0.06289099997957237,2042842,20428420,0,45353960.0,14.589402300000074,0,45353960.0,17564742,0.0002442999975755811,47.05106800001522,61.19931979998364
heterogeneity,HET__CICIDS2017_COVERAGE_R1__a0.1__Full-Contextual__seed42,CICIDS2017,CICIDS2017_COVERAGE_R1,Full-Contextual,,0.1,42,FedAvg,clean,honest,0.7529518215648381,0.49257649828444666,0.0027446716422637207,89702,4767,162.94149214346507,0.016294149214346507,0.17505831135666142,0.026546865427812948,0.0014471457832398254,0.2825495439179868,0.05,287792,130,20254890,38658153,0.07740989999729209,2044807,20448070,0,47704510.0,6.055399300021236,0,47704510.0,18210083,0.00021980004385113716,39.12409470003331,53.887025700023514
heterogeneity,HET__CICIDS2017_COVERAGE_R1__a0.1__Full-Contextual__seed777,CICIDS2017,CICIDS2017_COVERAGE_R1,Full-Contextual,,0.1,777,FedAvg,clean,honest,0.7632240298542591,0.4992896740883016,0.002863404588055198,89702,839,28.6779760663661,0.00286779760663661,0.16466613168815167,0.13415892672858618,0.0014471457832398254,0.3097111413174084,0.56,291720,130,20572288,38986594,0.07330679998267442,2046034,20460340,0,48427752.0,5.799976400026935,0,48427752.0,18526254,0.0002277999883517623,39.85765729997365,55.65415880001092
heterogeneity,HET__CICIDS2017_COVERAGE_R1__a0.1__Full-Contextual__seed9001,CICIDS2017,CICIDS2017_COVERAGE_R1,Full-Contextual,,0.1,9001,FedAvg,clean,honest,0.7650781529900024,0.5,0.0,89832,0,0.0,0.0,0.23195781254309084,0.0,0.0,0.3498821895118163,0.05,292559,0,20098158,38487093,0.06245129992021248,2043215,20432150,0,46886542.0,4.392979199998081,0,46886542.0,18054943,0.00022200003149919212,31.13997480001126,45.45499239998753
heterogeneity,HET__CICIDS2017_COVERAGE_R1__a0.1__Oort-Style-Adapted__seed11,CICIDS2017,CICIDS2017_COVERAGE_R1,Oort-Style-Adapted,0.4,0.1,11,FedAvg,clean,honest,0.764220392216344,0.4999871074564873,0.003140064570341869,89690,470,16.065135579489947,0.001606513557948995,0.1782373534008482,0.23202614379084968,0.0015807284709235016,0.3728119528663327,0.49,292089,142,3692638,22116691,0.004621800049790181,2047117,20471170,16,46597984.0,5.547480000008363,25500,1622494.0,1620021,0.003275700000813231,40.2738472000201,55.523963300001924
heterogeneity,HET__CICIDS2017_COVERAGE_R1__a0.1__Oort-Style-Adapted__seed123,CICIDS2017,CICIDS2017_COVERAGE_R1,Oort-Style-Adapted,0.4,0.1,123,FedAvg,clean,honest,0.7596831515386084,0.5007360770770859,0.023484405717018226,88727,3168,108.28585003366842,0.010828585003366841,0.1994082941319416,0.2586005148607536,0.012300739157538517,0.4469096640967122,0.05,289391,1105,6440224,24861613,0.011377999995602295,2046821,20468210,0,47342745.0,4.813564999960363,25500,4339580.0,4367903,0.004233999949065037,34.36955749990011,49.983584899950074
heterogeneity,HET__CICIDS2017_COVERAGE_R1__a0.1__Oort-Style-Adapted__seed2026,CICIDS2017,CICIDS2017_COVERAGE_R1,Oort-Style-Adapted,0.4,0.1,2026,FedAvg,clean,honest,0.7626042453928047,0.5005546602376452,0.01225191504178273,89269,1509,51.579339552021985,0.0051579339552021986,0.19693246472921688,0.2717181467181467,0.006267254430492475,0.4547699241197971,0.55,291050,563,5521142,23968982,0.011831399941002019,2049760,20497600,0,46954921.0,5.853699199971743,25500,12978659.0,3445882,0.004302200017264113,34.598593699978665,48.87211190001108
heterogeneity,HET__CICIDS2017_COVERAGE_R1__a0.1__Oort-Style-Adapted__seed2027,CICIDS2017,CICIDS2017_COVERAGE_R1,Oort-Style-Adapted,0.4,0.1,2027,FedAvg,clean,honest,0.76160003765779,0.5020698104961065,0.024107735457211982,88706,2456,83.9488786877177,0.008394887868771768,0.18267106215867468,0.31434952540480177,0.01253450886098495,0.3907467654058757,0.62,290103,1126,7101304,25534564,0.012035599982482381,2048140,20481400,0,47820771.0,5.122948300006101,25500,9180798.0,5027664,0.003320300005725585,37.439366100137704,52.17290849998244
heterogeneity,HET__CICIDS2017_COVERAGE_R1__a0.1__Oort-Style-Adapted__seed2718,CICIDS2017,CICIDS2017_COVERAGE_R1,Oort-Style-Adapted,0.4,0.1,2718,FedAvg,clean,honest,0.7646152759871441,0.5001487528513547,0.0025929989029620025,89715,294,10.049255022063926,0.0010049255022063926,0.18276650655641216,0.2846715328467153,0.001302431204915843,0.3999916378044476,0.63,292265,117,4423556,22851533,0.008239999995566905,2047553,20475530,7,47052733.0,5.779757599928416,25500,7171750.0,2350503,0.003953999912482686,41.66101130003517,55.9773929999792
heterogeneity,HET__CICIDS2017_COVERAGE_R1__a0.1__Oort-Style-Adapted__seed314,CICIDS2017,CICIDS2017_COVERAGE_R1,Oort-Style-Adapted,0.4,0.1,314,FedAvg,clean,honest,0.6768281680269672,0.4425267214634989,0.0008408660920748371,89780,33798,1155.2541538629814,0.11552541538629815,0.18172422457972065,0.0015361890694239291,0.0005788583132959302,0.3801763516353343,0.95,258761,52,2247221,20544644,0.0009993999701691791,2033047,20330470,27,48324488.0,3.977940499971737,25500,100628.0,188674,0.003273699971032329,29.287225899955956,44.15143420003005
heterogeneity,HET__CICIDS2017_COVERAGE_R1__a0.1__Oort-Style-Adapted__seed3407,CICIDS2017,CICIDS2017_COVERAGE_R1,Oort-Style-Adapted,0.4,0.1,3407,FedAvg,clean,honest,0.5748173989450589,0.4107222406604748,0.10058196140909896,80741,81845,2797.555364900755,0.2797555364900755,0.22943193162473344,0.09997140846309492,0.10120001781102503,0.5488102721951654,0.95,210714,9091,2370446,20750066,0.0017017999634845182,2042180,20421800,26,45183969.0,4.192537599985371,25500,484311.0,302766,0.0035836999741150066,30.60545369995816,44.893880299991
heterogeneity,HET__CICIDS2017_COVERAGE_R1__a0.1__Oort-Style-Adapted__seed42,CICIDS2017,CICIDS2017_COVERAGE_R1,Oort-Style-Adapted,0.4,0.1,42,FedAvg,clean,honest,0.7631534214978909,0.49912782289962665,0.002203419707385863,89732,836,28.57543264777361,0.002857543264777361,0.16739380029159664,0.10683760683760683,0.001113189064030635,0.3253775822059138,0.42,291723,100,2683144,21052747,0.0023185999889392406,2041067,20410670,23,47083307.0,6.101206799998181,25500,2714812.0,616577,0.0030856000230414793,40.14709760004189,54.66593290006858
heterogeneity,HET__CICIDS2017_COVERAGE_R1__a0.1__Oort-Style-Adapted__seed777,CICIDS2017,CICIDS2017_COVERAGE_R1,Oort-Style-Adapted,0.4,0.1,777,FedAvg,clean,honest,0.7646518877274832,0.5002652449692729,0.0031237192197348163,89691,304,10.391066417372222,0.0010391066417372223,0.16589922349656772,0.31685393258426964,0.0015695965802831953,0.3034632602706743,0.61,292255,141,7198865,25624259,0.013456900021992624,2047266,20472660,0,47770685.0,5.981753900006879,25500,19564935.0,5126099,0.003856399984215386,39.5321901000716,55.194180600039545
heterogeneity,HET__CICIDS2017_COVERAGE_R1__a0.1__Oort-Style-Adapted__seed9001,CICIDS2017,CICIDS2017_COVERAGE_R1,Oort-Style-Adapted,0.4,0.1,9001,FedAvg,clean,honest,0.7499836554730629,0.4906521461694465,0.0027953938584779708,89698,5906,201.8738100690801,0.02018738100690801,0.1729972106074787,0.02218543046357616,0.0014916733458010508,0.3549993039979994,0.38,286653,134,2441906,20795795,0.0015328000008594245,2039321,20393210,25,48288186.0,5.254275500003132,25500,628169.0,377085,0.00308690000383649,35.63215810008114,50.00603510001383
heterogeneity,HET__CICIDS2017_COVERAGE_R1__a0.1__Oracle-Score-Exact__seed11,CICIDS2017,CICIDS2017_COVERAGE_R1,Oracle-Score-Exact,0.4,0.1,11,FedAvg,clean,honest,0.764976163141915,0.5004771680343642,0.003128015706632059,89691,180,6.152605115549342,0.0006152605115549342,0.17111000165681894,0.4392523364485981,0.0015695965802831953,0.3364936550513204,0.81,292379,141,7440852,25884489,0.012536899987026118,2049293,20492930,0,46313555.0,5.838795299918274,25500,5292504.0,5366059,0.01182459999108687,43.62973059978685,59.96152429995709
heterogeneity,HET__CICIDS2017_COVERAGE_R1__a0.1__Oracle-Score-Exact__seed123,CICIDS2017,CICIDS2017_COVERAGE_R1,Oracle-Score-Exact,0.4,0.1,123,FedAvg,clean,honest,0.7307912581624567,0.5316738423346877,0.21409758220281402,75810,27133,927.4368588900016,0.09274368588900017,0.33069702125043365,0.3407119426558134,0.15609137055837563,0.6479828290865972,0.95,265426,14022,6485464,24905062,0.011183999988134019,2046622,20466220,0,47184004.0,4.770657700035372,25500,4576663.0,4413342,0.014049599994905293,34.262951899916516,49.738777400008985
heterogeneity,HET__CICIDS2017_COVERAGE_R1__a0.1__Oracle-Score-Exact__seed2026,CICIDS2017,CICIDS2017_COVERAGE_R1,Oracle-Score-Exact,0.4,0.1,2026,FedAvg,clean,honest,0.7033481436540086,0.49550748722260896,0.14080453240625024,80537,32900,1124.5594905642965,0.11245594905642964,0.2731611325251196,0.22028676383457757,0.10347092350164752,0.5914000619819214,0.95,259659,9295,4359455,22797404,0.009945600002538413,2048661,20486610,0,47197678.0,5.454940199997509,25500,9424619.0,2285294,0.013847599999280646,32.9237355998921,47.45071800005098
heterogeneity,HET__CICIDS2017_COVERAGE_R1__a0.1__Oracle-Score-Exact__seed2027,CICIDS2017,CICIDS2017_COVERAGE_R1,Oracle-Score-Exact,0.4,0.1,2027,FedAvg,clean,honest,0.7584801943560388,0.5000309055230926,0.023803735452979168,88706,3649,124.7269781479975,0.01247269781479975,0.2348200964573545,0.23581151832460734,0.01253450886098495,0.5318194743192418,0.51,288910,1126,6579322,25011142,0.01071800000499934,2047980,20479800,0,47604193.0,5.066248000017367,25500,10302296.0,4505842,0.012546699974336661,36.68796300007671,51.32364740000048
heterogeneity,HET__CICIDS2017_COVERAGE_R1__a0.1__Oracle-Score-Exact__seed2718,CICIDS2017,CICIDS2017_COVERAGE_R1,Oracle-Score-Exact,0.4,0.1,2718,FedAvg,clean,honest,0.7628997544398273,0.4991240336833338,0.0031226291657962153,89690,975,33.32661104255894,0.0033326611042558936,0.20072656525096413,0.12712623097582812,0.0015807284709235016,0.46935528535257715,0.76,291584,142,3559998,21978453,0.005194099969230592,2046495,20464950,13,47181579.0,5.767997999995714,25500,4755377.0,1488003,0.013261600062833168,43.17961579996336,57.575864199970965
heterogeneity,HET__CICIDS2017_COVERAGE_R1__a0.1__Oracle-Score-Exact__seed314,CICIDS2017,CICIDS2017_COVERAGE_R1,Oracle-Score-Exact,0.4,0.1,314,FedAvg,clean,honest,0.6886145332918401,0.45023715503345857,0.0009061999177707482,89778,29293,1001.2681202765938,0.10012681202765938,0.17733508687018934,0.0018400517940504993,0.0006011220945765428,0.36037397749136985,0.95,263266,54,2118581,20388131,0.0005971000355202705,2029950,20299500,29,48441896.0,3.9764976000442402,25500,33670.0,63131,0.011680399955366738,29.845209099978092,44.72387890002574
heterogeneity,HET__CICIDS2017_COVERAGE_R1__a0.1__Oracle-Score-Exact__seed3407,CICIDS2017,CICIDS2017_COVERAGE_R1,Oracle-Score-Exact,0.4,0.1,3407,FedAvg,clean,honest,0.6066382315483366,0.4169852906723027,0.0660979486415338,84509,65909,2252.8447253374534,0.22528447253374534,0.2510160142334578,0.07472765049415993,0.0592550538783507,0.5880947540271304,0.95,226650,5323,2888692,21290758,0.004529399942839518,2044674,20446740,17,45156694.0,4.2390083999343915,25500,1288000.0,818518,0.014259499977924861,31.43483089993242,45.94280359997356
heterogeneity,HET__CICIDS2017_COVERAGE_R1__a0.1__Oracle-Score-Exact__seed42,CICIDS2017,CICIDS2017_COVERAGE_R1,Oracle-Score-Exact,0.4,0.1,42,FedAvg,clean,honest,0.7555381795073629,0.4963070495680168,0.013903246903943121,89173,4307,147.21816795928342,0.014721816795928343,0.16170951312714374,0.13270237615787353,0.0073359159319618845,0.27014302059830747,0.3,288252,659,2928195,21314628,0.0033577999711269513,2042937,20429370,20,47015940.0,6.104784299997846,25500,3934008.0,859758,0.011450300022261217,39.620251199929044,54.133886800002074
heterogeneity,HET__CICIDS2017_COVERAGE_R1__a0.1__Oracle-Score-Exact__seed777,CICIDS2017,CICIDS2017_COVERAGE_R1,Oracle-Score-Exact,0.4,0.1,777,FedAvg,clean,honest,0.762870988072418,0.4990589513964685,0.0028591536905076096,89702,974,33.29242990302811,0.0033292429903028107,0.19210564462946467,0.11775362318840579,0.0014471457832398254,0.27203229680733876,0.19,291585,130,7600320,26020107,0.013396499998634681,2046643,20466430,0,47588084.0,5.83279559998482,25500,24880859.0,5528177,0.013334900024347007,39.60657449995051,55.17733950006368
heterogeneity,HET__CICIDS2017_COVERAGE_R1__a0.1__Oracle-Score-Exact__seed9001,CICIDS2017,CICIDS2017_COVERAGE_R1,Oracle-Score-Exact,0.4,0.1,9001,FedAvg,clean,honest,0.7452764317151815,0.49144044573197077,0.022793852080741604,88696,8708,297.64936303446484,0.029764936303446485,0.3006628408155608,0.11540024380333198,0.012645827767388013,0.6460652053085275,0.47,283851,1136,3871987,22283962,0.006423200000426732,2045775,20457750,7,47927008.0,5.3165396000113105,25500,4486954.0,1800712,0.011557500052731484,36.817174199968576,51.484702100016875
heterogeneity,HET__CICIDS2017_COVERAGE_R1__a0.1__Random-Budget__seed11,CICIDS2017,CICIDS2017_COVERAGE_R1,Random-Budget,0.4,0.1,11,FedAvg,clean,honest,0.7651827579623998,0.5006160404238545,0.003152893112482792,89690,102,3.486476232144627,0.0003486476232144627,0.17589850971901932,0.5819672131147541,0.0015807284709235016,0.35750219341687384,0.79,292457,142,7630767,26082828,0.013200600020354614,2050229,20502290,0,46230994.0,5.593286699993769,23100,6480704.0,5557438,0.003634300039266236,40.15656270015461,55.233644100051606
heterogeneity,HET__CICIDS2017_COVERAGE_R1__a0.1__Random-Budget__seed123,CICIDS2017,CICIDS2017_COVERAGE_R1,Random-Budget,0.4,0.1,123,FedAvg,clean,honest,0.7397742101670803,0.5350027636306677,0.21171792068697814,76469,23039,787.499273650785,0.07874992736507849,0.30052449382121615,0.3670952145486512,0.14875545462641376,0.5916876993417141,0.95,269520,13363,7687123,26122849,0.013390000007348135,2048414,20484140,0,47943774.0,4.695313699980034,23100,6555708.0,5615609,0.004160000040428713,34.418385699915234,50.24649870004214
heterogeneity,HET__CICIDS2017_COVERAGE_R1__a0.1__Random-Budget__seed2026,CICIDS2017,CICIDS2017_COVERAGE_R1,Random-Budget,0.4,0.1,2026,FedAvg,clean,honest,0.7622328977407941,0.5003852550255049,0.012640632466009296,89250,1670,57.08250301648556,0.005708250301648557,0.26184866615857727,0.25843694493783304,0.006478760352658296,0.5804074942249178,0.51,290889,582,7562362,26028229,0.014407800030312501,2051763,20517630,0,46166965.0,5.511310899979435,23100,19739015.0,5487499,0.004343700042227283,35.30413239999325,49.56483579998894
heterogeneity,HET__CICIDS2017_COVERAGE_R1__a0.1__Random-Budget__seed2027,CICIDS2017,CICIDS2017_COVERAGE_R1,Random-Budget,0.4,0.1,2027,FedAvg,clean,honest,0.7646440423545533,0.5002986866817795,0.003344407530454042,89681,317,10.835421231273008,0.0010835421231273007,0.1990989835149071,0.32264957264957267,0.0016809154866862588,0.4635023426177458,0.65,292242,151,7658635,26099635,0.011494699967443012,2049000,20490000,0,47716065.0,5.028181900008349,23100,12405215.0,5586535,0.003334600041853264,36.42650970008981,51.073641999973916
heterogeneity,HET__CICIDS2017_COVERAGE_R1__a0.1__Random-Budget__seed2718,CICIDS2017,CICIDS2017_COVERAGE_R1,Random-Budget,0.4,0.1,2718,FedAvg,clean,honest,0.7645315920092262,0.5003640452121583,0.004136481778465963,89645,396,13.535731254208553,0.0013535731254208552,0.18115693748532918,0.32075471698113206,0.0020816635497372875,0.38599854626021557,0.73,292163,187,7633331,26074826,0.013688199993339367,2049055,20490550,0,47310689.0,6.152953599972534,23100,13831345.0,5561176,0.004252100028679706,42.55921199993463,56.82255600001372
heterogeneity,HET__CICIDS2017_COVERAGE_R1__a0.1__Random-Budget__seed314,CICIDS2017,CICIDS2017_COVERAGE_R1,Random-Budget,0.4,0.1,314,FedAvg,clean,honest,0.6387284219555377,0.42286898163123426,0.020018585646489655,88421,49726,1699.6913443100366,0.16996913443100367,0.17752254356567135,0.027592545514989148,0.01570709769347226,0.3786517850497711,0.95,242833,1411,5727844,24171022,0.009642599979997613,2049242,20492420,0,46750407.0,4.7655623000027845,23100,8242989.0,3655502,0.0035292000247864053,34.54002320008294,49.4265044000349
heterogeneity,HET__CICIDS2017_COVERAGE_R1__a0.1__Random-Budget__seed3407,CICIDS2017,CICIDS2017_COVERAGE_R1,Random-Budget,0.4,0.1,3407,FedAvg,clean,honest,0.6756696679576664,0.6497253149337461,0.46533684541797976,35862,88159,3013.375079898414,0.3013375079898414,0.2957882167581395,0.3797254606730505,0.6007881378573336,0.6453425417945728,0.95,204400,53970,5507116,23953426,0.0106460999668343,2049590,20495900,0,44506204.0,4.644569199954276,23100,5723949.0,3434426,0.0042692000133683905,34.594913299995824,48.9749786999746
heterogeneity,HET__CICIDS2017_COVERAGE_R1__a0.1__Random-Budget__seed42,CICIDS2017,CICIDS2017_COVERAGE_R1,Random-Budget,0.4,0.1,42,FedAvg,clean,honest,0.7302603879275401,0.47778943667077595,0.0027265344007425456,89691,13455,459.90723238731334,0.04599072323873133,0.16200229929130786,0.010370697263901147,0.0015695965802831953,0.2674507370475403,0.21,279104,141,5692721,24115622,0.009922099998220801,2046989,20469890,0,46599443.0,6.146167299943045,23100,18138492.0,3622632,0.003246400010539219,39.40191029985726,53.786998599985964
heterogeneity,HET__CICIDS2017_COVERAGE_R1__a0.1__Random-Budget__seed777,CICIDS2017,CICIDS2017_COVERAGE_R1,Random-Budget,0.4,0.1,777,FedAvg,clean,honest,0.7640373335146486,0.49982119080800597,0.002873245662504144,89702,528,18.047641672278072,0.001804764167227807,0.1710924865433097,0.19756838905775076,0.0014471457832398254,0.31538871808724545,0.32,292031,130,7576665,25993995,0.01269269996555522,2046370,20463700,0,47417123.0,5.838021100018523,23100,20003175.0,5507195,0.003976200066972524,38.93856049986789,54.2395128000353
heterogeneity,HET__CICIDS2017_COVERAGE_R1__a0.1__Random-Budget__seed9001,CICIDS2017,CICIDS2017_COVERAGE_R1,Random-Budget,0.4,0.1,9001,FedAvg,clean,honest,0.762988668666365,0.5028153304402184,0.023362320714662873,88748,1883,64.36308573655228,0.006436308573655228,0.24847038767759727,0.36535220761712167,0.012066969454092084,0.56201299634578,0.53,290676,1084,5796187,24227287,0.009537500052829273,2047900,20479000,0,48107382.0,5.38628060001065,23100,15636712.0,3725187,0.0033517000265419483,38.19674769991252,52.76990190001379
heterogeneity,HET__CICIDS2017_COVERAGE_R1__a0.1__Utility-Only__seed11,CICIDS2017,CICIDS2017_COVERAGE_R1,Utility-Only,0.4,0.1,11,FedAvg,clean,honest,0.764220392216344,0.4999871074564873,0.003140064570341869,89690,470,16.065135579489947,0.001606513557948995,0.1782373534008482,0.23202614379084968,0.0015807284709235016,0.3728119528663327,0.49,292089,142,3692638,22116691,0.004836499996599741,2047117,20471170,16,46597984.0,5.680952700015041,25500,1622494.0,1620021,0.0012118999293306842,40.77666900010081,56.064081699965755
heterogeneity,HET__CICIDS2017_COVERAGE_R1__a0.1__Utility-Only__seed123,CICIDS2017,CICIDS2017_COVERAGE_R1,Utility-Only,0.4,0.1,123,FedAvg,clean,honest,0.7596831515386084,0.5007360770770859,0.023484405717018226,88727,3168,108.28585003366842,0.010828585003366841,0.1994082941319416,0.2586005148607536,0.012300739157538517,0.4469096640967122,0.05,289391,1105,6440224,24861613,0.011984199954895303,2046821,20468210,0,47342745.0,4.917807500009076,25500,4339580.0,4367903,0.0015734000189695507,35.02157959993929,51.08301199998823
heterogeneity,HET__CICIDS2017_COVERAGE_R1__a0.1__Utility-Only__seed2026,CICIDS2017,CICIDS2017_COVERAGE_R1,Utility-Only,0.4,0.1,2026,FedAvg,clean,honest,0.7626042453928047,0.5005546602376452,0.01225191504178273,89269,1509,51.579339552021985,0.0051579339552021986,0.19693246472921688,0.2717181467181467,0.006267254430492475,0.4547699241197971,0.55,291050,563,5521142,23968982,0.0117883999919286,2049760,20497600,0,46954921.0,5.670894299997599,25500,12978659.0,3445882,0.0016209999739658087,34.46862349996809,48.956202100001974
heterogeneity,HET__CICIDS2017_COVERAGE_R1__a0.1__Utility-Only__seed2027,CICIDS2017,CICIDS2017_COVERAGE_R1,Utility-Only,0.4,0.1,2027,FedAvg,clean,honest,0.8191719993409887,0.6493653198852658,0.460921968675206,60271,8876,303.39179447564425,0.030339179447564424,0.4328771814998257,0.7690766709160445,0.329069819218096,0.612584748526798,0.52,283683,29561,7042072,25480624,0.011324399994919077,2048728,20487280,0,47773100.0,5.139750599992112,25500,9829521.0,4967844,0.0012743000261252746,36.94230410005548,51.5270888999803
heterogeneity,HET__CICIDS2017_COVERAGE_R1__a0.1__Utility-Only__seed2718,CICIDS2017,CICIDS2017_COVERAGE_R1,Utility-Only,0.4,0.1,2718,FedAvg,clean,honest,0.7646152759871441,0.5001487528513547,0.0025929989029620025,89715,294,10.049255022063926,0.0010049255022063926,0.18276650655641216,0.2846715328467153,0.001302431204915843,0.3999916378044476,0.63,292265,117,4423556,22851533,0.009256699981051497,2047553,20475530,7,47052733.0,5.765517300053034,25500,7171750.0,2350503,0.001514700023108162,41.79604970026412,56.11990690001403
heterogeneity,HET__CICIDS2017_COVERAGE_R1__a0.1__Utility-Only__seed314,CICIDS2017,CICIDS2017_COVERAGE_R1,Utility-Only,0.4,0.1,314,FedAvg,clean,honest,0.6768281680269672,0.4425267214634989,0.0008408660920748371,89780,33798,1155.2541538629814,0.11552541538629815,0.18172422457972065,0.0015361890694239291,0.0005788583132959302,0.3801763516353343,0.95,258761,52,2247221,20544644,0.0012340000248514116,2033047,20330470,27,48324488.0,4.009854299962171,25500,100628.0,188674,0.001267599975108169,29.340190099770552,44.26921350002522
heterogeneity,HET__CICIDS2017_COVERAGE_R1__a0.1__Utility-Only__seed3407,CICIDS2017,CICIDS2017_COVERAGE_R1,Utility-Only,0.4,0.1,3407,FedAvg,clean,honest,0.5748173989450589,0.4107222406604748,0.10058196140909896,80741,81845,2797.555364900755,0.2797555364900755,0.22943193162473344,0.09997140846309492,0.10120001781102503,0.5488102721951654,0.95,210714,9091,2370446,20750066,0.0014639000000897795,2042180,20421800,26,45183969.0,4.22684589997516,25500,484311.0,302766,0.0012909999495605007,30.65083159977803,44.90693130000727
heterogeneity,HET__CICIDS2017_COVERAGE_R1__a0.1__Utility-Only__seed42,CICIDS2017,CICIDS2017_COVERAGE_R1,Utility-Only,0.4,0.1,42,FedAvg,clean,honest,0.7631534214978909,0.49912782289962665,0.002203419707385863,89732,836,28.57543264777361,0.002857543264777361,0.16739380029159664,0.10683760683760683,0.001113189064030635,0.3253775822059138,0.42,291723,100,2683144,21052747,0.0023010000004433095,2041067,20410670,23,47083307.0,5.996665400016354,25500,2714812.0,616577,0.0013124999968567863,39.995634899969446,54.182608900009654
heterogeneity,HET__CICIDS2017_COVERAGE_R1__a0.1__Utility-Only__seed777,CICIDS2017,CICIDS2017_COVERAGE_R1,Utility-Only,0.4,0.1,777,FedAvg,clean,honest,0.7648375615534885,0.5002670244759555,0.002440539581114661,89722,202,6.904590185227595,0.0006904590185227595,0.17859414842010204,0.3525641025641026,0.0012245079704336984,0.29864211567219606,0.64,292357,110,7063607,25491215,0.0136120999668492,2047512,20475120,0,47704794.0,5.593853300015326,25500,21250817.0,4990595,0.00158250005915761,38.17381620009837,53.68955359997926
heterogeneity,HET__CICIDS2017_COVERAGE_R1__a0.1__Utility-Only__seed9001,CICIDS2017,CICIDS2017_COVERAGE_R1,Utility-Only,0.4,0.1,9001,FedAvg,clean,honest,0.7499836554730629,0.4906521461694465,0.0027953938584779708,89698,5906,201.8738100690801,0.02018738100690801,0.1729972106074787,0.02218543046357616,0.0014916733458010508,0.3549993039979994,0.38,286653,134,2441906,20795795,0.0015700000076321885,2039321,20393210,25,48288186.0,5.257459200016456,25500,628169.0,377085,0.001194800017401576,36.051646300111315,50.92816780001158
heterogeneity,HET__CICIDS2017_COVERAGE_R1__a1.0__CB-Score__seed11,CICIDS2017,CICIDS2017_COVERAGE_R1,CB-Score,0.4,1.0,11,FedAvg,clean,honest,0.761364676469896,0.5019044247031871,0.024021904211854798,88709,2543,86.92263782689987,0.008692263782689988,0.2026917304403966,0.30632842334969995,0.012501113189064031,0.4632055634621116,0.57,290016,1123,9074469,27520914,0.013680799995199777,2049605,20496050,0,48489766.0,5.115713799925288,25500,16876083.0,6999364,0.012520699980086647,39.14102039994032,56.2625639999751
heterogeneity,HET__CICIDS2017_COVERAGE_R1__a1.0__CB-Score__seed123,CICIDS2017,CICIDS2017_COVERAGE_R1,CB-Score,0.4,1.0,123,FedAvg,clean,honest,0.7629755930448154,0.4992314496608077,0.0034524463991203957,89675,961,32.84807508912732,0.003284807508912732,0.17832676328845276,0.1404293381037567,0.001747706830528097,0.3751546638156912,0.62,291598,157,8915975,27354473,0.013135099987266585,2048722,20487220,0,48229572.0,5.278802400032873,25500,19435214.0,6841753,0.011291200018604286,42.365357200164,59.99954970002
heterogeneity,HET__CICIDS2017_COVERAGE_R1__a1.0__CB-Score__seed2026,CICIDS2017,CICIDS2017_COVERAGE_R1,CB-Score,0.4,1.0,2026,FedAvg,clean,honest,0.7648977094126169,0.500375756776601,0.002839491109952638,89704,197,6.733684487573447,0.0006733684487573447,0.1719638438885941,0.39384615384615385,0.0014248820019592127,0.34110099325840687,0.72,292362,128,9152296,27594277,0.013607299930299632,2049109,20491090,0,48114266.0,4.823552000045311,25500,17616681.0,7077687,0.013300099992193282,36.69248000001244,54.15141010002117
heterogeneity,HET__CICIDS2017_COVERAGE_R1__a1.0__CB-Score__seed2027,CICIDS2017,CICIDS2017_COVERAGE_R1,CB-Score,0.4,1.0,2027,FedAvg,clean,honest,0.7645394373821559,0.500218753737687,0.003276728585028893,89684,354,12.100123393913707,0.0012100123393913706,0.17131441083053556,0.2948207171314741,0.0016475198147653397,0.326744533526925,0.8,292205,148,7482017,25913378,0.011800100022810511,2047929,20479290,0,48063521.0,5.178159299961408,25500,17679239.0,5408588,0.011722599985660054,40.11369989991363,57.43553420000535
heterogeneity,HET__CICIDS2017_COVERAGE_R1__a1.0__CB-Score__seed2718,CICIDS2017,CICIDS2017_COVERAGE_R1,CB-Score,0.4,1.0,2718,FedAvg,clean,honest,0.765012774882254,0.5004316708418507,0.0027302087610845366,89709,148,5.058808650562792,0.0005058808650562792,0.17583658314810388,0.45387453874538747,0.001369222548757681,0.36743659321603683,0.63,292411,123,9187908,27618378,0.015280699983122759,2047830,20478300,0,47984308.0,5.339259499989566,25500,22578549.0,7114578,0.01291900001524482,42.28405209984339,59.87845839996589
heterogeneity,HET__CICIDS2017_COVERAGE_R1__a1.0__CB-Score__seed314,CICIDS2017,CICIDS2017_COVERAGE_R1,CB-Score,0.4,1.0,314,FedAvg,clean,honest,0.7648480220507282,0.50038956735417,0.0031042128603104213,89692,228,7.793299813029167,0.0007793299813029167,0.16927526982377084,0.3804347826086957,0.0015584646896428889,0.3296423203158261,0.66,292331,140,9136077,27570786,0.013567399990279227,2048301,20483010,0,47345123.0,5.286770799939404,25500,21912653.0,7062276,0.011770400014938787,39.52472259977367,56.994288100031554
heterogeneity,HET__CICIDS2017_COVERAGE_R1__a1.0__CB-Score__seed3407,CICIDS2017,CICIDS2017_COVERAGE_R1,CB-Score,0.4,1.0,3407,FedAvg,clean,honest,0.7649264757800261,0.5003598444082503,0.002640688798153737,89713,177,6.0500616969568535,0.0006050061696956853,0.18359024536087848,0.40202702702702703,0.0013246949861964556,0.3793622766695275,0.71,292382,119,9245909,27677414,0.015523799971560948,2047945,20479450,0,47901512.0,5.070096100040246,25500,24191869.0,7172464,0.014162399966153316,40.18437150018872,57.58181139998487
heterogeneity,HET__CICIDS2017_COVERAGE_R1__a1.0__CB-Score__seed42,CICIDS2017,CICIDS2017_COVERAGE_R1,CB-Score,0.4,1.0,42,FedAvg,clean,honest,0.7643668391777003,0.5000828146471736,0.0031420100013276097,89690,414,14.150991765763488,0.0014150991765763488,0.17922263009097084,0.25539568345323743,0.0015807284709235016,0.36822737750525436,0.79,292145,142,8878009,27310990,0.013859400074579753,2048109,20481090,0,48431496.0,5.146881599968765,25500,14688603.0,6804400,0.010943799949018285,40.53296340003726,57.85996829996293
heterogeneity,HET__CICIDS2017_COVERAGE_R1__a1.0__CB-Score__seed777,CICIDS2017,CICIDS2017_COVERAGE_R1,CB-Score,0.4,1.0,777,FedAvg,clean,honest,0.7591679720495513,0.5004765306195794,0.02384939899514532,88707,3385,115.70315731185846,0.011570315731185846,0.25406882573734546,0.24944567627494457,0.012523376970344644,0.5657325930900893,0.49,289174,1125,9399527,27835181,0.0156798999523744,2048406,20484060,0,48643469.0,5.347615400023642,25500,21338469.0,7325621,0.014050400030100718,42.678976599971065,60.32830510000349
heterogeneity,HET__CICIDS2017_COVERAGE_R1__a1.0__CB-Score__seed9001,CICIDS2017,CICIDS2017_COVERAGE_R1,CB-Score,0.4,1.0,9001,FedAvg,clean,honest,0.7634646212907731,0.5022161531608567,0.018405773509143197,88984,1465,50.07536941266548,0.005007536941266548,0.2314143742891896,0.36662343277129267,0.009439843262979784,0.524019429446276,0.49,291094,848,9187006,27622813,0.013281999985338189,2048423,20484230,0,48408337.0,5.180127700019511,25500,17735681.0,7113083,0.010860199996386655,40.16381909996562,57.725440200039884
heterogeneity,HET__CICIDS2017_COVERAGE_R1__a1.0__Full-Contextual__seed11,CICIDS2017,CICIDS2017_COVERAGE_R1,Full-Contextual,,1.0,11,FedAvg,clean,honest,0.7650493866225931,0.500528878518051,0.003151108990646532,89690,153,5.229714348216941,0.0005229714348216941,0.188907426891187,0.48135593220338985,0.0015807284709235016,0.4197204067310806,0.89,292406,142,20538256,38990929,0.06167749999440275,2050297,20502970,0,48236662.0,5.199192999963998,0,48236662.0,18487959,0.0002362999803153798,40.796163400125806,58.19726480002282
heterogeneity,HET__CICIDS2017_COVERAGE_R1__a1.0__Full-Contextual__seed123,CICIDS2017,CICIDS2017_COVERAGE_R1,Full-Contextual,,1.0,123,FedAvg,clean,honest,0.7624211866911094,0.4999644858713666,0.009615174970020714,89391,1457,49.80192029641884,0.004980192029641884,0.20453623071296828,0.23234984193888303,0.0049091637723751,0.47715660998259657,0.51,291102,441,20599367,39041240,0.061561199996504,2049097,20490970,0,48401576.0,5.23123929995927,0,48401576.0,18550270,0.00021020002895966172,41.81854599980579,59.08478119998472
heterogeneity,HET__CICIDS2017_COVERAGE_R1__a1.0__Full-Contextual__seed2026,CICIDS2017,CICIDS2017_COVERAGE_R1,Full-Contextual,,1.0,2026,FedAvg,clean,honest,0.7651775277137799,0.5006010516448706,0.0030864197530864196,89693,101,3.4522950926137974,0.00034522950926137977,0.18013659998832698,0.5791666666666667,0.0015473327990025826,0.37716693693540576,0.85,292458,139,20658193,39102586,0.060679099973640405,2049377,20493770,0,48445708.0,4.8205592999293,0,48445708.0,18608816,0.00022020000324118882,35.634366499769385,53.08982169996307
heterogeneity,HET__CICIDS2017_COVERAGE_R1__a1.0__Full-Contextual__seed2027,CICIDS2017,CICIDS2017_COVERAGE_R1,Full-Contextual,,1.0,2027,FedAvg,clean,honest,0.764858482547968,0.500338550256922,0.002772663753521283,89707,209,7.1438581619434025,0.0007143858161943403,0.1865729564160009,0.37425149700598803,0.0013914863300382937,0.4138905326316507,0.76,292350,125,20631387,39078687,0.06557160000375006,2049700,20497000,0,48396989.0,5.250431799999205,0,48396989.0,18581687,0.0002457999944454059,41.00581799985957,58.343427099986
heterogeneity,HET__CICIDS2017_COVERAGE_R1__a1.0__Full-Contextual__seed2718,CICIDS2017,CICIDS2017_COVERAGE_R1,Full-Contextual,,1.0,2718,FedAvg,clean,honest,0.7651043042331017,0.50058791004462,0.0032845824363612153,89684,138,4.716997255254496,0.00047169972552544957,0.18277469287450093,0.5174825174825175,0.0016475198147653397,0.39835800702649715,0.79,292421,148,20489903,38927897,0.060559799982002005,2048666,20486660,0,48039509.0,5.281908199976897,0,48039509.0,18441237,0.00022669995087198913,40.853484699779074,58.46035490000213
heterogeneity,HET__CICIDS2017_COVERAGE_R1__a1.0__Full-Contextual__seed314,CICIDS2017,CICIDS2017_COVERAGE_R1,Full-Contextual,,1.0,314,FedAvg,clean,honest,0.7646806540948924,0.5002763308193278,0.0030799228911391283,89693,291,9.946711603471437,0.0009946711603471437,0.18032952845017425,0.32325581395348835,0.0015473327990025826,0.37953713238307335,0.66,292268,139,20510773,38950846,0.0622029999649385,2048897,20488970,0,48126448.0,5.375522900023498,0,48126448.0,18461876,0.00023480004165321589,37.890359499971964,55.28962820004381
heterogeneity,HET__CICIDS2017_COVERAGE_R1__a1.0__Full-Contextual__seed3407,CICIDS2017,CICIDS2017_COVERAGE_R1,Full-Contextual,,1.0,3407,FedAvg,clean,honest,0.7651487613463706,0.5005899657948158,0.0031303073695427754,89691,114,3.8966499065145834,0.00038966499065145834,0.18309441776416435,0.5529411764705883,0.0015695965802831953,0.3877870003787786,0.84,292445,141,20453689,38890846,0.061982900006114505,2048573,20485730,0,47903433.0,4.972376899968367,0,47903433.0,18405116,0.00024929999199230224,38.393213700008346,55.65413830001489
heterogeneity,HET__CICIDS2017_COVERAGE_R1__a1.0__Full-Contextual__seed42,CICIDS2017,CICIDS2017_COVERAGE_R1,Full-Contextual,,1.0,42,FedAvg,clean,honest,0.7650912286115521,0.5005755078713936,0.0032622807114878884,89685,142,4.853721813377814,0.00048537218133778146,0.19352408836327445,0.5086505190311419,0.0016363879241250334,0.4368686852123557,0.81,292417,147,20695088,39135332,0.06265609998081345,2048916,20489160,0,48597356.0,5.098092800035374,0,48597356.0,18646172,0.00023880001390352845,38.979547400042065,56.13807520001137
heterogeneity,HET__CICIDS2017_COVERAGE_R1__a1.0__Full-Contextual__seed777,CICIDS2017,CICIDS2017_COVERAGE_R1,Full-Contextual,,1.0,777,FedAvg,clean,honest,0.7652376755729083,0.5014541633958332,0.0077372859811431285,89482,289,9.878349324409777,0.0009878349324409777,0.19162463087673354,0.5477308294209703,0.0038961617241072225,0.4186627532101961,0.83,292270,350,20659091,39108407,0.061087400012183934,2049924,20499240,0,48536212.0,5.267259700034629,0,48536212.0,18609167,0.00026140004047192633,41.03944940006477,58.21524310004315
heterogeneity,HET__CICIDS2017_COVERAGE_R1__a1.0__Full-Contextual__seed9001,CICIDS2017,CICIDS2017_COVERAGE_R1,Full-Contextual,,1.0,9001,FedAvg,clean,honest,0.7636529102410883,0.5000289291453442,0.005480055020632737,89583,794,27.139824787478766,0.0027139824787478766,0.196550072640927,0.23873441994247363,0.002771840769436281,0.45128922398351323,0.53,291765,249,20676582,39113577,0.0635039000044344,2048555,20485550,0,48602053.0,5.225652499924763,0,48602053.0,18628027,0.00023660001170355827,40.94411229985417,58.16489349996846
heterogeneity,HET__CICIDS2017_COVERAGE_R1__a1.0__Oort-Style-Adapted__seed11,CICIDS2017,CICIDS2017_COVERAGE_R1,Oort-Style-Adapted,0.4,1.0,11,FedAvg,clean,honest,0.7651958335839494,0.5006130150437064,0.0030866596347082663,89693,94,3.2130271158979897,0.000321302711589799,0.17648747215247323,0.5965665236051502,0.0015473327990025826,0.3620426978923397,0.87,292465,139,8129761,26578294,0.012485900035244413,2049837,20498370,0,48366357.0,5.28340400000161,25500,11671477.0,6054424,0.003574699963792227,41.156393900033436,58.47318020000239
heterogeneity,HET__CICIDS2017_COVERAGE_R1__a1.0__Oort-Style-Adapted__seed123,CICIDS2017,CICIDS2017_COVERAGE_R1,Oort-Style-Adapted,0.4,1.0,123,FedAvg,clean,honest,0.7648192556833189,0.5002666317421505,0.0025067382455050634,89719,212,7.246401580535892,0.0007246401580535892,0.1740429131014341,0.3476923076923077,0.0012579036423546175,0.3560822970205561,0.53,292347,113,7759305,26191611,0.01280089994543232,2048034,20480340,1,48342937.0,5.324856400038698,25500,16455038.0,5685771,0.0036970999790355563,43.121573499855,60.566855299985036
heterogeneity,HET__CICIDS2017_COVERAGE_R1__a1.0__Oort-Style-Adapted__seed2026,CICIDS2017,CICIDS2017_COVERAGE_R1,Oort-Style-Adapted,0.4,1.0,2026,FedAvg,clean,honest,0.7649709328932951,0.5003850414885079,0.0026190502613501424,89714,159,5.434801185401919,0.0005434801185401919,0.17345832287168003,0.4259927797833935,0.0013135630955561492,0.34754487246438326,0.8,292400,118,8405520,26845575,0.013091700035147369,2048895,20488950,0,47966182.0,4.720799499991699,25500,11421633.0,6331125,0.003657400025986135,36.005589099862846,53.207865699980175
heterogeneity,HET__CICIDS2017_COVERAGE_R1__a1.0__Oort-Style-Adapted__seed2027,CICIDS2017,CICIDS2017_COVERAGE_R1,Oort-Style-Adapted,0.4,1.0,2027,FedAvg,clean,honest,0.7620132272987596,0.5023398414984002,0.024148580252208972,88706,2298,78.5482586418466,0.00785482586418466,0.17389230026583194,0.32885514018691586,0.01253450886098495,0.3295787374110226,0.49,290261,1126,8997849,27430632,0.013481599962688051,2048087,20480870,0,48262734.0,5.1400615999882575,25500,19123002.0,6924262,0.0034561000647954643,40.92119619989535,58.2044722000137
heterogeneity,HET__CICIDS2017_COVERAGE_R1__a1.0__Oort-Style-Adapted__seed2718,CICIDS2017,CICIDS2017_COVERAGE_R1,Oort-Style-Adapted,0.4,1.0,2718,FedAvg,clean,honest,0.7645682037495652,0.500187413815962,0.0029901325625436063,89697,330,11.279776045173794,0.0011279776045173794,0.18467743311044654,0.2903225806451613,0.0015028052364413572,0.40388293722416746,0.66,292229,135,7907992,26336590,0.01322029999573715,2047622,20476220,0,47961137.0,5.360056300021824,25500,13907014.0,5834870,0.003913800013833679,42.36028939989046,59.66869689998566
heterogeneity,HET__CICIDS2017_COVERAGE_R1__a1.0__Oort-Style-Adapted__seed314,CICIDS2017,CICIDS2017_COVERAGE_R1,Oort-Style-Adapted,0.4,1.0,314,FedAvg,clean,honest,0.7648532522993481,0.5003891285797795,0.0030821765931970378,89693,225,7.6907563944366775,0.0007690756394436678,0.1667134068282486,0.38186813186813184,0.0015473327990025826,0.31564087662887036,0.54,292334,139,8164670,26600324,0.012527100028819405,2048406,20484060,0,47676037.0,5.104323100036709,25500,15588204.0,6090764,0.0036358000070322305,39.64810490014497,56.89799079997465
heterogeneity,HET__CICIDS2017_COVERAGE_R1__a1.0__Oort-Style-Adapted__seed3407,CICIDS2017,CICIDS2017_COVERAGE_R1,Oort-Style-Adapted,0.4,1.0,3407,FedAvg,clean,honest,0.7636372194952287,0.5034011658808324,0.02431046580666055,88706,1677,57.32177099320137,0.005732177099320137,0.21615516841394436,0.40171245094541563,0.01253450886098495,0.4888070897930295,0.61,290882,1126,8394211,26830774,0.012431100010871887,2048507,20485070,0,48333552.0,4.963457399979234,25500,18052142.0,6320204,0.00364319997606799,39.01036299983389,56.16964179999195
heterogeneity,HET__CICIDS2017_COVERAGE_R1__a1.0__Oort-Style-Adapted__seed42,CICIDS2017,CICIDS2017_COVERAGE_R1,Oort-Style-Adapted,0.4,1.0,42,FedAvg,clean,honest,0.7647094204623017,0.5002681322276644,0.0029256291765018786,89700,273,9.331451091916502,0.0009331451091916502,0.1871073715842619,0.32592592592592595,0.001469409564520438,0.41625851978638884,0.69,292286,132,8680143,27112170,0.014602299968828447,2048003,20480030,0,48322866.0,5.1924467999633634,25500,14098456.0,6606640,0.0037258000229485333,39.53136499985703,56.78855290001957
heterogeneity,HET__CICIDS2017_COVERAGE_R1__a1.0__Oort-Style-Adapted__seed777,CICIDS2017,CICIDS2017_COVERAGE_R1,Oort-Style-Adapted,0.4,1.0,777,FedAvg,clean,honest,0.7335528294337471,0.4798524309723386,0.0023109387699147108,89714,12173,416.08701150878966,0.04160870115087897,0.1853129164231265,0.009600520706207795,0.0013135630955561492,0.4106582611788092,0.39,280386,118,8877763,27315865,0.014008100042701699,2048678,20486780,0,48369493.0,5.255866200008313,25500,19208583.0,6803585,0.0039428999298252165,41.32857769999828,58.3764988000039
heterogeneity,HET__CICIDS2017_COVERAGE_R1__a1.0__Oort-Style-Adapted__seed9001,CICIDS2017,CICIDS2017_COVERAGE_R1,Oort-Style-Adapted,0.4,1.0,9001,FedAvg,clean,honest,0.7648427918021083,0.5004054336819349,0.0032146499357070014,89687,235,8.032567789744974,0.0008032567789744975,0.18197553756055454,0.3815789473684211,0.0016141241428444207,0.3930951899728788,0.71,292324,145,8736633,27175923,0.013353699978324585,2048810,20488100,0,48298748.0,5.247882600000594,25500,13727362.0,6662323,0.0034431999665685,40.856875399971614,58.14647460001288
heterogeneity,HET__CICIDS2017_COVERAGE_R1__a1.0__Oracle-Score-Exact__seed11,CICIDS2017,CICIDS2017_COVERAGE_R1,Oracle-Score-Exact,0.4,1.0,11,FedAvg,clean,honest,0.7652324453242885,0.5005752316278802,0.0027327564180895146,89709,64,2.1875929299730994,0.00021875929299730994,0.1831873427516591,0.6577540106951871,0.001369222548757681,0.3942389006918636,0.8,292495,123,9446778,27895824,0.013646400009747595,2049894,20498940,0,48156347.0,5.264635800005635,25500,15263019.0,7371384,0.02694520006480161,41.45935430012469,58.95262619997084
heterogeneity,HET__CICIDS2017_COVERAGE_R1__a1.0__Oracle-Score-Exact__seed123,CICIDS2017,CICIDS2017_COVERAGE_R1,Oracle-Score-Exact,0.4,1.0,123,FedAvg,clean,honest,0.7641340931141162,0.5009257857689132,0.008791885090061872,89432,761,26.011847182961386,0.0026011847182961386,0.19247007639809344,0.34453057708871665,0.00445275625612254,0.43298329468324337,0.49,291798,400,9280394,27716678,0.013974499990581535,2048476,20484760,0,48228608.0,5.257042600002023,25500,18781070.0,7206418,0.02692199999000877,42.015443100230186,59.383310399993206
heterogeneity,HET__CICIDS2017_COVERAGE_R1__a1.0__Oracle-Score-Exact__seed2026,CICIDS2017,CICIDS2017_COVERAGE_R1,Oracle-Score-Exact,0.4,1.0,2026,FedAvg,clean,honest,0.7645420525064659,0.5001510388044785,0.002879386912079028,89702,335,11.450681742827943,0.0011450681742827943,0.16745413659094455,0.27956989247311825,0.0014471457832398254,0.32016266395112264,0.53,292224,130,9265313,27709670,0.014405599984456785,2049373,20493730,0,48041385.0,4.798673099983716,25500,19282177.0,7190440,0.032106600017868914,36.53650669992203,53.86501149997639
heterogeneity,HET__CICIDS2017_COVERAGE_R1__a1.0__Oracle-Score-Exact__seed2027,CICIDS2017,CICIDS2017_COVERAGE_R1,Oracle-Score-Exact,0.4,1.0,2027,FedAvg,clean,honest,0.759105209066113,0.49659405246190513,0.0027929936995258406,89703,2413,82.47908968789201,0.008247908968789202,0.19073923863137635,0.050747442958300554,0.0014360138925995191,0.2770029994347181,0.19,290146,129,8356007,26789789,0.012414599972544238,2048198,20481980,0,48164721.0,5.252702499929001,25500,19155005.0,6282309,0.021115300012752414,39.80456229999254,57.31801649999397
heterogeneity,HET__CICIDS2017_COVERAGE_R1__a1.0__Oracle-Score-Exact__seed2718,CICIDS2017,CICIDS2017_COVERAGE_R1,Oracle-Score-Exact,0.4,1.0,2718,FedAvg,clean,honest,0.7641367082384262,0.500001841623423,0.00353544281421248,89672,520,17.774192556031434,0.0017774192556031434,0.1780195533587373,0.23529411764705882,0.0017811025024490159,0.3760658032182068,0.56,292039,160,9368248,27796549,0.015310800008592196,2047589,20475890,0,47980861.0,5.3811370999901555,25500,23214342.0,7295159,0.026691599952755496,42.34546729987778,59.79499079994275
heterogeneity,HET__CICIDS2017_COVERAGE_R1__a1.0__Oracle-Score-Exact__seed314,CICIDS2017,CICIDS2017_COVERAGE_R1,Oracle-Score-Exact,0.4,1.0,314,FedAvg,clean,honest,0.7643563786804606,0.5000644077542366,0.0030756975637820016,89693,415,14.185172905294317,0.0014185172905294317,0.16958531670853738,0.2509025270758123,0.0015473327990025826,0.33222429709207135,0.51,292144,139,8912678,27346289,0.01356639999721665,2048179,20481790,0,47439612.0,5.288941900013015,25500,20082557.0,6838999,0.02428340000915341,39.95359099999769,57.39662120000867
heterogeneity,HET__CICIDS2017_COVERAGE_R1__a1.0__Oracle-Score-Exact__seed3407,CICIDS2017,CICIDS2017_COVERAGE_R1,Oracle-Score-Exact,0.4,1.0,3407,FedAvg,clean,honest,0.7644949802688871,0.5001048482255264,0.0027904813580342607,89706,349,11.929217696259558,0.0011929217696259558,0.18069841204052228,0.26526315789473687,0.0014026182206786,0.37457050999795277,0.8,292210,126,9256897,27690661,0.014852199965389445,2048196,20481960,0,47963836.0,5.00894509992213,25500,24024046.0,7183201,0.0262226999620907,39.670686199955526,57.05576969998947
heterogeneity,HET__CICIDS2017_COVERAGE_R1__a1.0__Oracle-Score-Exact__seed42,CICIDS2017,CICIDS2017_COVERAGE_R1,Oracle-Score-Exact,0.4,1.0,42,FedAvg,clean,honest,0.764973548017605,0.5004638883123568,0.0030616319829613525,89694,178,6.084242836487683,0.0006084242836487683,0.1830159988129124,0.43670886075949367,0.0015362009083622762,0.3966278137112956,0.75,292381,138,9481112,27913211,0.015624399980879389,2048011,20480110,0,48384597.0,5.2285894000087865,25500,16517846.0,7407601,0.029851599989342503,39.86093169990636,56.729140000010375
heterogeneity,HET__CICIDS2017_COVERAGE_R1__a1.0__Oracle-Score-Exact__seed777,CICIDS2017,CICIDS2017_COVERAGE_R1,Oracle-Score-Exact,0.4,1.0,777,FedAvg,clean,honest,0.7650336958767335,0.5013131431749757,0.007686785576232812,89484,365,12.476115928752833,0.0012476115928752832,0.19819779743772298,0.48807854137447404,0.0038738979428266096,0.4465564199488544,0.7,292194,348,9522125,27957743,0.01522500003920868,2048402,20484020,0,48642714.0,5.315061200031778,25500,21314776.0,7448223,0.02385480001976248,41.68700750026619,58.91409879998537
heterogeneity,HET__CICIDS2017_COVERAGE_R1__a1.0__Oracle-Score-Exact__seed9001,CICIDS2017,CICIDS2017_COVERAGE_R1,Oracle-Score-Exact,0.4,1.0,9001,FedAvg,clean,honest,0.764976163141915,0.5004925955877386,0.0032164683177870698,89687,184,6.289329673672661,0.0006289329673672661,0.18407349836532855,0.44072948328267475,0.0016141241428444207,0.4027395112909371,0.73,292375,145,9489450,27928200,0.014072899968596175,2048750,20487500,0,48415388.0,5.226569199963706,25500,18428918.0,7415200,0.026362000033259392,40.566291299823206,58.115405900010956
heterogeneity,HET__CICIDS2017_COVERAGE_R1__a1.0__Random-Budget__seed11,CICIDS2017,CICIDS2017_COVERAGE_R1,Random-Budget,0.4,1.0,11,FedAvg,clean,honest,0.7650781529900024,0.5007559501153479,0.0043447419755275754,89636,196,6.699503348042617,0.0006699503348042617,0.22199440467208667,0.5,0.0021818505655000447,0.5072115351782565,0.87,292363,196,9298597,27751288,0.013920500001404434,2050299,20502990,0,48358593.0,5.1265126999496715,23100,20365407.0,7225198,0.0037367999902926385,40.0913974000141,57.39285160010331
heterogeneity,HET__CICIDS2017_COVERAGE_R1__a1.0__Random-Budget__seed123,CICIDS2017,CICIDS2017_COVERAGE_R1,Random-Budget,0.4,1.0,123,FedAvg,clean,honest,0.7644034509180394,0.5038942057982718,0.024345339946717493,88708,1382,47.238334831606615,0.004723833483160662,0.1980463835395423,0.4485235434956105,0.012512245079704337,0.43846672743573445,0.51,291177,1124,8991181,27432865,0.01356040000973735,2049076,20490760,0,47513032.0,5.280693600070663,23100,17799343.0,6919005,0.0034966000239364803,42.672296399992774,60.14241860002221
heterogeneity,HET__CICIDS2017_COVERAGE_R1__a1.0__Random-Budget__seed2026,CICIDS2017,CICIDS2017_COVERAGE_R1,Random-Budget,0.4,1.0,2026,FedAvg,clean,honest,0.7651670672165402,0.5005710740869028,0.0029534553206608635,89699,99,3.3839328135521383,0.0003383932813552138,0.17949796734988627,0.5732758620689655,0.0014805414551607445,0.3731737640256636,0.65,292460,133,9024563,27467282,0.014414400022360496,2049191,20491910,0,48063131.0,4.736054099936155,23100,18850507.0,6952272,0.0037116999592399225,34.68424759981281,52.06834050001635
heterogeneity,HET__CICIDS2017_COVERAGE_R1__a1.0__Random-Budget__seed2027,CICIDS2017,CICIDS2017_COVERAGE_R1,Random-Budget,0.4,1.0,2027,FedAvg,clean,honest,0.7649552421474355,0.5003709302583051,0.002596739649107232,89715,164,5.605706883056067,0.0005605706883056068,0.1701204067376333,0.41637010676156583,0.001302431204915843,0.3366267385601262,0.51,292395,117,9238136,27674690,0.013730899940128438,2048506,20485060,0,48268041.0,5.262332400030573,23100,21876576.0,7166530,0.003600200012442656,41.26389790000394,58.708074199967086
heterogeneity,HET__CICIDS2017_COVERAGE_R1__a1.0__Random-Budget__seed2718,CICIDS2017,CICIDS2017_COVERAGE_R1,Random-Budget,0.4,1.0,2718,FedAvg,clean,honest,0.7590842880716335,0.4970470634956698,0.00539816894109518,89582,2542,86.88845668736904,0.008688845668736905,0.228401514079633,0.08954154727793696,0.0027829726600765874,0.5224635276952467,0.52,290017,250,9212383,27649612,0.01464939997822512,2048581,20485810,0,48142525.0,5.077038399947924,23100,19595749.0,7140702,0.003653200008557178,40.618279899761546,57.85955300004571
heterogeneity,HET__CICIDS2017_COVERAGE_R1__a1.0__Random-Budget__seed314,CICIDS2017,CICIDS2017_COVERAGE_R1,Random-Budget,0.4,1.0,314,FedAvg,clean,honest,0.7651775277137799,0.5006049085332142,0.003108555187956569,89692,102,3.486476232144627,0.0003486476232144627,0.1898314670209392,0.5785123966942148,0.0015584646896428889,0.42214447485770357,0.51,292457,140,9062001,27501975,0.014254999987315387,2048886,20488860,0,47556093.0,5.243333899969002,23100,16447205.0,6990015,0.0037958999891998246,38.56651130010141,55.87123649995192
heterogeneity,HET__CICIDS2017_COVERAGE_R1__a1.0__Random-Budget__seed3407,CICIDS2017,CICIDS2017_COVERAGE_R1,Random-Budget,0.4,1.0,3407,FedAvg,clean,honest,0.7641863956003149,0.500801834486356,0.007899572014830951,89473,700,23.926797671580776,0.0023926797671580775,0.1797293444949258,0.33899905571293676,0.00399634873986998,0.3806318728132394,0.57,291859,359,9154670,27592061,0.01517400004377123,2048599,20485990,0,48112843.0,4.9099529000232,23100,19793577.0,7082971,0.0039938000263646245,37.92435370005842,55.10795349997352
heterogeneity,HET__CICIDS2017_COVERAGE_R1__a1.0__Random-Budget__seed42,CICIDS2017,CICIDS2017_COVERAGE_R1,Random-Budget,0.4,1.0,42,FedAvg,clean,honest,0.7646780389705825,0.5002707648740076,0.003057799049423339,89694,291,9.946711603471437,0.0009946711603471437,0.18778737708181753,0.32167832167832167,0.0015362009083622762,0.41808000753044994,0.74,292268,138,9094051,27533953,0.014965000009397045,2048878,20488780,0,48650894.0,5.21152009999787,23100,15919029.0,7022073,0.0038134999631438404,38.598135300009744,55.442426999958116
heterogeneity,HET__CICIDS2017_COVERAGE_R1__a1.0__Random-Budget__seed777,CICIDS2017,CICIDS2017_COVERAGE_R1,Random-Budget,0.4,1.0,777,FedAvg,clean,honest,0.766600155338384,0.5044697275579413,0.019790888722927558,88931,319,10.903783510334668,0.0010903783510334668,0.19060749429769336,0.7385245901639345,0.010029833466916022,0.40531681955180515,0.74,292240,901,9323147,27767585,0.01475700005539693,2049382,20493820,0,48517635.0,5.194247600025847,23100,19353646.0,7250665,0.003990400044131093,39.981244400085416,56.888074999980745
heterogeneity,HET__CICIDS2017_COVERAGE_R1__a1.0__Random-Budget__seed9001,CICIDS2017,CICIDS2017_COVERAGE_R1,Random-Budget,0.4,1.0,9001,FedAvg,clean,honest,0.7633207894537267,0.5031018046664242,0.023773568624066963,88730,1774,60.63734152769185,0.006063734152769185,0.21471818564925274,0.38317107093184977,0.012267343485617596,0.48275417357976713,0.52,290785,1102,9236258,27675800,0.014412400021683425,2048838,20488380,0,48395369.0,5.254584199996316,23100,17408123.0,7164320,0.003657000037492253,41.20980770007009,58.47013980000338
heterogeneity,HET__CICIDS2017_COVERAGE_R1__a1.0__Utility-Only__seed11,CICIDS2017,CICIDS2017_COVERAGE_R1,Utility-Only,0.4,1.0,11,FedAvg,clean,honest,0.7453078132069008,0.49142624242059674,0.022620075065732693,88705,8687,296.93155910431744,0.029693155910431743,0.1911667714320346,0.11483594864479316,0.012545640751625255,0.43027210100832897,0.55,283872,1127,6413725,24859738,0.012775299954228103,2049557,20495570,3,48481607.0,6.495559199989657,25500,9724652.0,4338668,0.0017856000340543687,46.112948300127755,66.10941020007886
heterogeneity,HET__CICIDS2017_COVERAGE_R1__a1.0__Utility-Only__seed123,CICIDS2017,CICIDS2017_COVERAGE_R1,Utility-Only,0.4,1.0,123,FedAvg,clean,honest,0.7640477940118884,0.5036463464960877,0.024225120584863626,88712,1514,51.750245249676134,0.005175024524967613,0.18811525280639374,0.425208807896735,0.012467717517143111,0.4037059384545385,0.5,291045,1120,8304465,26737104,0.013224199996329844,2048071,20480710,0,48294944.0,5.016630499972962,25500,19049624.0,6230894,0.0014368000120157376,41.391869199957,58.59677379998902
heterogeneity,HET__CICIDS2017_COVERAGE_R1__a1.0__Utility-Only__seed2026,CICIDS2017,CICIDS2017_COVERAGE_R1,Utility-Only,0.4,1.0,2026,FedAvg,clean,honest,0.7650180051308739,0.5004813716159271,0.0029958391123439667,89697,158,5.400620045871089,0.0005400620045871089,0.16601025920791912,0.46075085324232085,0.0015028052364413572,0.31231421758082023,0.65,292401,135,8459755,26900395,0.0131857000378659,2048960,20489600,0,47909744.0,4.672558100006427,25500,13750946.0,6385295,0.0014386999973794445,36.01904170005582,53.399020500000915
heterogeneity,HET__CICIDS2017_COVERAGE_R1__a1.0__Utility-Only__seed2027,CICIDS2017,CICIDS2017_COVERAGE_R1,Utility-Only,0.4,1.0,2027,FedAvg,clean,honest,0.7652952083077269,0.5005661094468502,0.002445286709866732,89722,27,0.9228907673324013,9.228907673324013e-05,0.16828333715849528,0.8029197080291971,0.0012245079704336984,0.31952300202433903,0.69,292532,110,8460985,26897764,0.013356800001929514,2048531,20485310,0,47958971.0,5.289967200005776,25500,19376078.0,6386954,0.001459400009480305,42.4098775000748,60.140566800007946
heterogeneity,HET__CICIDS2017_COVERAGE_R1__a1.0__Utility-Only__seed2718,CICIDS2017,CICIDS2017_COVERAGE_R1,Utility-Only,0.4,1.0,2718,FedAvg,clean,honest,0.7641523989842857,0.4999928115235641,0.0034255657708628004,89677,509,17.398200021192306,0.0017398200021192306,0.18126766041998407,0.23343373493975902,0.0017254430492474842,0.3903446898329323,0.6,292050,155,8574273,27003330,0.016468800022266805,2047673,20476730,0,47948023.0,6.478283599950373,25500,18018937.0,6501100,0.0018471999501343817,46.34839689992077,65.87160559998301
heterogeneity,HET__CICIDS2017_COVERAGE_R1__a1.0__Utility-Only__seed314,CICIDS2017,CICIDS2017_COVERAGE_R1,Utility-Only,0.4,1.0,314,FedAvg,clean,honest,0.7647800288186699,0.5002872785476258,0.002771741540644818,89707,239,8.169292347868293,0.0008169292347868293,0.17031226789698287,0.3434065934065934,0.0013914863300382937,0.3349976558500541,0.53,292320,125,8470144,26903521,0.015542199995252304,2048153,20481530,0,47659457.0,6.273145100014517,25500,20665665.0,6396491,0.0017262999463127926,45.39814610010944,65.09042059999774
heterogeneity,HET__CICIDS2017_COVERAGE_R1__a1.0__Utility-Only__seed3407,CICIDS2017,CICIDS2017_COVERAGE_R1,Utility-Only,0.4,1.0,3407,FedAvg,clean,honest,0.7647094204623017,0.5002874166693825,0.0030361120037231157,89695,278,9.502356789570651,0.0009502356789570651,0.17751400513571397,0.3301204819277108,0.00152506901772197,0.37129979214485276,0.61,292281,137,8332740,26769420,0.015677900009904988,2048520,20485200,0,48335858.0,5.408429000075557,25500,19166002.0,6258720,0.0016176999633898959,41.423259800256346,59.48643570004788
heterogeneity,HET__CICIDS2017_COVERAGE_R1__a1.0__Utility-Only__seed42,CICIDS2017,CICIDS2017_COVERAGE_R1,Utility-Only,0.4,1.0,42,FedAvg,clean,honest,0.7647251112081613,0.5003400967830214,0.0032793060279405735,89684,283,9.673262487224799,0.0009673262487224799,0.2008419827479364,0.3433874709976798,0.0016475198147653397,0.4497293911465024,0.87,292276,148,8333910,26770689,0.014707400012412108,2048531,20485310,0,48053716.0,5.075404700008221,25500,14503612.0,6259879,0.0015833999641472474,39.33826840018446,56.20736709998164
heterogeneity,HET__CICIDS2017_COVERAGE_R1__a1.0__Utility-Only__seed777,CICIDS2017,CICIDS2017_COVERAGE_R1,Utility-Only,0.4,1.0,777,FedAvg,clean,honest,0.7645865096197347,0.5002263754332031,0.0031449326718639265,89690,330,11.279776045173794,0.0011279776045173794,0.20267857820087584,0.3008474576271186,0.0015807284709235016,0.4728020518650402,0.58,292229,142,8490509,26926658,0.014467200031504035,2048461,20484610,0,48710621.0,5.126700799926766,25500,20321215.0,6416548,0.0016438999737147242,40.346817900033784,57.427708100003656
heterogeneity,HET__CICIDS2017_COVERAGE_R1__a1.0__Utility-Only__seed9001,CICIDS2017,CICIDS2017_COVERAGE_R1,Utility-Only,0.4,1.0,9001,FedAvg,clean,honest,0.7545758137613071,0.4975564212239884,0.02384023299355107,88686,5162,176.4430422581428,0.01764430422581428,0.20306755022029815,0.1816740646797717,0.012757146673791077,0.4697590064198539,0.56,287397,1146,8632280,27070976,0.015759100031573325,2048744,20487440,0,48401192.0,6.473330100052408,25500,17790245.0,6558036,0.002071599956252612,46.33958409997285,65.51278459999594
heterogeneity,HET__CICIoT2023_R1__a0.1__CB-Score__seed11,CICIoT2023,CICIoT2023_R1,CB-Score,0.4,0.1,11,FedAvg,clean,honest,0.8386783284742468,0.8843135616595307,0.880472745932167,13899,543,242.06490727532096,0.024206490727532098,0.9814729247798318,0.989894854377966,0.7928336140465935,0.9402063872102429,0.05,21889,53192,1609653,15023253,0.0006105000065872446,1490400,14904000,29,34973394.0,3.7170431000413373,25500,56243.0,93753,0.011549699993338436,26.072013200027868,39.11167660004867
heterogeneity,HET__CICIoT2023_R1__a0.1__CB-Score__seed123,CICIoT2023,CICIoT2023_R1,CB-Score,0.4,0.1,123,FedAvg,clean,honest,0.8871910011952235,0.9040834173935115,0.9203969511378057,8707,1392,620.5420827389444,0.062054208273894434,0.9810994286339221,0.9767130620985011,0.8702210430609173,0.9421297302335401,0.95,21040,58384,4831805,18293492,0.00966669998888392,1495743,14957430,0,35426755.0,2.9484310999832815,25500,9674011.0,3310562,0.012929600023198873,25.239270200021565,38.76059960004932
heterogeneity,HET__CICIoT2023_R1__a0.1__CB-Score__seed2026,CICIoT2023,CICIoT2023_R1,CB-Score,0.4,0.1,2026,FedAvg,clean,honest,0.7786267216246104,0.8503911023551571,0.8271012545584617,19689,129,57.50713266761769,0.005750713266761769,0.9778377778946337,0.9972859817803118,0.706532917977076,0.9280269912694006,0.05,22303,47402,1978542,15398739,0.0012928999931318685,1491133,14911330,26,34363441.0,3.5467711999372113,25500,1007713.0,461909,0.010779800039017573,25.984656999920844,39.611751500022365
heterogeneity,HET__CICIoT2023_R1__a0.1__CB-Score__seed2027,CICIoT2023,CICIoT2023_R1,CB-Score,0.4,0.1,2027,FedAvg,clean,honest,0.872624912033779,0.8965314785743238,0.9089733457863353,10157,1246,555.4564907275321,0.05554564907275321,0.9845045622298515,0.9785837057408044,0.8486086062214008,0.9499090696109067,0.44,21186,56934,4928667,18397392,0.010059200008981861,1496525,14965250,0,35781813.0,2.945045900007244,25500,4716059.0,3406642,0.012604300020029768,24.42965790000744,38.501517600016086
heterogeneity,HET__CICIoT2023_R1__a0.1__CB-Score__seed2718,CICIoT2023,CICIoT2023_R1,CB-Score,0.4,0.1,2718,FedAvg,clean,honest,0.8377735330585436,0.8901046603702667,0.8788568854633267,14411,112,49.92867332382311,0.004992867332382311,0.976419461438757,0.9978784664343082,0.7852021880729159,0.9180094111111166,0.05,22320,52680,1607587,15019756,0.0007764000038150698,1490241,14902410,28,34464391.0,3.1729277999547776,25500,48985.0,91846,0.011741700043785386,25.46658789977664,38.81265349999012
heterogeneity,HET__CICIoT2023_R1__a0.1__CB-Score__seed314,CICIoT2023,CICIoT2023_R1,CB-Score,0.4,0.1,314,FedAvg,clean,honest,0.853992828658557,0.8923351482515998,0.8932918615757636,12380,691,308.0420827389444,0.030804208273894438,0.9799602938114362,0.9875275260820909,0.8154745047770938,0.9328384501868149,0.05,21741,54711,4272570,17735337,0.008570899997721426,1495863,14958630,0,35068138.0,2.913129000007757,25500,7549947.0,2751207,0.010761999976239167,24.869957999922917,39.13412569995853
heterogeneity,HET__CICIoT2023_R1__a0.1__CB-Score__seed3407,CICIoT2023,CICIoT2023_R1,CB-Score,0.4,0.1,3407,FedAvg,clean,honest,0.4096377467243055,0.5923705981656783,0.36465708961952276,51924,927,413.2489300998573,0.041324893009985736,0.833670254924394,0.9424008947433826,0.22606608934134237,0.6555191875520443,0.8,21505,15167,1508970,14860200,0.00024369999300688505,1483470,14834700,30,35197485.0,3.8698611000581877,25500,0.0,0,0.010698900048737414,27.43548650003504,40.39608849998331
heterogeneity,HET__CICIoT2023_R1__a0.1__CB-Score__seed42,CICIoT2023,CICIoT2023_R1,CB-Score,0.4,0.1,42,FedAvg,clean,honest,0.7279916892865521,0.817305967833924,0.7786172098731761,24269,82,36.5549215406562,0.0036554921540656207,0.9741827785530524,0.9980887562931196,0.6382674278219135,0.919403238667621,0.05,22350,42822,1830763,15253597,0.0017105999577324837,1491426,14914260,24,31730220.0,4.357308100006776,25500,149201.0,313837,0.009582200000295416,29.59364549993188,43.05632950003201
heterogeneity,HET__CICIoT2023_R1__a0.1__CB-Score__seed777,CICIoT2023,CICIoT2023_R1,CB-Score,0.4,0.1,777,FedAvg,clean,honest,0.8892351686158865,0.9066935465214694,0.9218486467741681,8608,1308,583.0955777460771,0.0583095577746077,0.9862526021881086,0.9781237978960045,0.8716966508175463,0.9592014370436593,0.95,21124,58483,4227733,17698771,0.00865920002979692,1496782,14967820,0,34922235.0,2.89488809996692,25500,5610768.0,2705451,0.011345000020810403,24.44092039996758,38.520458100014366
heterogeneity,HET__CICIoT2023_R1__a0.1__CB-Score__seed9001,CICIoT2023,CICIoT2023_R1,CB-Score,0.4,0.1,9001,FedAvg,clean,honest,0.8529428191637903,0.8855662652473781,0.8931559768538432,12065,1100,490.3708987161198,0.04903708987161198,0.9828546596204142,0.9804012400669921,0.8201696203663681,0.9470620969754687,0.17,21332,55026,1562546,14972636,0.0005071000196039677,1490010,14900100,29,35699454.0,2.8280239000014262,25500,62715.0,47036,0.012600899950484745,24.071111300145276,36.89402569997765
heterogeneity,HET__CICIoT2023_R1__a0.1__Full-Contextual__seed11,CICIoT2023,CICIoT2023_R1,Full-Contextual,,0.1,11,FedAvg,clean,honest,0.7494275214190766,0.5,0.856768871237565,0,22432,10000.0,1.0,0.734439469940611,0.7494275214190766,1.0,0.46030177369598146,0.05,0,67091,13109149,26543035,0.04723980007111095,1492654,14926540,0,30859913.0,2.895131000026595,0,30859913.0,11616495,0.00022580003133043647,24.397785000008298,36.978481999991345
heterogeneity,HET__CICIoT2023_R1__a0.1__Full-Contextual__seed123,CICIoT2023,CICIoT2023_R1,Full-Contextual,,0.1,123,FedAvg,clean,honest,0.7494275214190766,0.5,0.856768871237565,0,22432,10000.0,1.0,0.7252215452328434,0.7494275214190766,1.0,0.43648069470328493,0.05,0,67091,14780300,28205204,0.048217400020803325,1491656,14916560,0,34909752.0,3.1879521000228124,0,34909752.0,13288644,0.00022879999596625566,25.684617799939588,38.19058120007685
heterogeneity,HET__CICIoT2023_R1__a0.1__Full-Contextual__seed2026,CICIoT2023,CICIoT2023_R1,Full-Contextual,,0.1,2026,FedAvg,clean,honest,0.8864649307999062,0.8878124094276875,0.921166524470643,7708,2456,1094.864479315264,0.10948644793152638,0.9793736508626896,0.9602839631947476,0.8851112667869013,0.930216740214937,0.95,19976,59383,14872663,28328725,0.04847549999249168,1495118,14951180,0,34791039.0,2.773404399966239,0,34791039.0,13377545,0.0002271999401273206,24.07317080014036,37.253638100009994
heterogeneity,HET__CICIoT2023_R1__a0.1__Full-Contextual__seed2027,CICIoT2023,CICIoT2023_R1,Full-Contextual,,0.1,2027,FedAvg,clean,honest,0.8951330942886185,0.9160588505464431,0.9258908413457744,8446,942,419.9358059914408,0.04199358059914408,0.9877279794240451,0.9841911826405089,0.8741112816920302,0.9601018179239214,0.79,21490,58645,14877965,28330364,0.04709019999427255,1494711,14947110,0,34928900.0,2.8119785999442684,0,34928900.0,13383254,0.000228599994443357,24.346506500034593,38.40712580012041
heterogeneity,HET__CICIoT2023_R1__a0.1__Full-Contextual__seed2718,CICIoT2023,CICIoT2023_R1,Full-Contextual,,0.1,2718,FedAvg,clean,honest,0.7494275214190766,0.5,0.856768871237565,0,22432,10000.0,1.0,0.7403740916925725,0.7494275214190766,1.0,0.47611492104714975,0.05,0,67091,14233924,27665182,0.05093529999430757,1492362,14923620,0,33471479.0,3.087404499994591,0,33471479.0,12741562,0.00023320001491811126,25.68734819999372,38.07620340002177
heterogeneity,HET__CICIoT2023_R1__a0.1__Full-Contextual__seed314,CICIoT2023,CICIoT2023_R1,Full-Contextual,,0.1,314,FedAvg,clean,honest,0.8945969192274611,0.9150186244475454,0.9255377913858682,8448,988,440.44222539229673,0.04404422253922967,0.9870146593509415,0.9834314366688467,0.8740814714343206,0.9569640534139644,0.61,21444,58643,14616000,28076688,0.04726130000199191,1495632,14956320,0,34299925.0,2.762581200047862,0,34299925.0,13120368,0.00024210002447944134,23.70223619999888,37.26073570002336
heterogeneity,HET__CICIoT2023_R1__a0.1__Full-Contextual__seed3407,CICIoT2023,CICIoT2023_R1,Full-Contextual,,0.1,3407,FedAvg,clean,honest,0.8817063771321336,0.9090890290363179,0.915420739888825,9782,808,360.1997146932953,0.03601997146932953,0.9849700955589435,0.9860970112015417,0.8541980295419654,0.9515445570009656,0.9,21624,57309,14729147,28183148,0.04795619999640621,1494889,14948890,0,34614609.0,2.8275658000202384,0,34614609.0,13234258,0.00022990003344602883,23.93160190008348,36.17266190005466
heterogeneity,HET__CICIoT2023_R1__a0.1__Full-Contextual__seed42,CICIoT2023,CICIoT2023_R1,Full-Contextual,,0.1,42,FedAvg,clean,honest,0.8628285468538811,0.8324724457510188,0.9070738868541333,7157,5123,2283.7910128388016,0.22837910128388017,0.9782966044637897,0.9212536698587392,0.8933239927859177,0.9316490023658117,0.95,17309,59934,14472912,27925068,0.04699609997624066,1494684,14946840,0,33375515.0,3.173993199990946,0,33375515.0,12978228,0.0002403000253252685,25.207838999980595,37.97938170001726
heterogeneity,HET__CICIoT2023_R1__a0.1__Full-Contextual__seed777,CICIoT2023,CICIoT2023_R1,Full-Contextual,,0.1,777,FedAvg,clean,honest,0.7494275214190766,0.5,0.856768871237565,0,22432,10000.0,1.0,0.7220088524016974,0.7494275214190766,1.0,0.42920522735307604,0.05,0,67091,14914740,28356447,0.04906739998841658,1493523,14935230,0,34822143.0,3.2980529000487877,0,34822143.0,13421217,0.00023870007134974003,25.52821980002045,38.80079889998888
heterogeneity,HET__CICIoT2023_R1__a0.1__Full-Contextual__seed9001,CICIoT2023,CICIoT2023_R1,Full-Contextual,,0.1,9001,FedAvg,clean,honest,0.8663918769478235,0.8259327636547724,0.9105177715102231,6237,5724,2551.7118402282454,0.2551711840228245,0.9791713128081022,0.9140256541199796,0.9070367113323695,0.9374653491634874,0.95,16708,60854,14770983,28217460,0.04689599994162563,1494053,14940530,0,34685489.0,3.728815500071505,0,34685489.0,13276930,0.00022280003759078681,25.465074000196182,37.9396649999544
heterogeneity,HET__CICIoT2023_R1__a0.1__Oort-Style-Adapted__seed11,CICIoT2023,CICIoT2023_R1,Oort-Style-Adapted,0.4,0.1,11,FedAvg,clean,honest,0.8883192028864091,0.9098658768172749,0.9208330034048618,8945,1053,469.41868758915837,0.04694186875891584,0.9856119741948923,0.9822125373739421,0.8666736223934656,0.9519327737465654,0.28,21379,58146,3321706,16788451,0.007493599958252162,1496305,14963050,1,34647504.0,2.974631799996132,25500,1088840.0,1799901,0.003380599999218248,24.459038200002396,37.38396470004227
heterogeneity,HET__CICIoT2023_R1__a0.1__Oort-Style-Adapted__seed123,CICIoT2023,CICIoT2023_R1,Oort-Style-Adapted,0.4,0.1,123,FedAvg,clean,honest,0.8832367101191873,0.9020238534394414,0.9173251077628821,9100,1353,603.1562054208274,0.06031562054208274,0.9816621863224371,0.9772007279590186,0.8643633274209656,0.943044588663733,0.95,21079,57991,4657031,18123686,0.008555100022931583,1496295,14962950,0,35618384.0,2.9506687999673886,25500,10815021.0,3135236,0.0033070999634219334,25.034423699966283,38.36855409992859
heterogeneity,HET__CICIoT2023_R1__a0.1__Oort-Style-Adapted__seed2026,CICIoT2023,CICIoT2023_R1,Oort-Style-Adapted,0.4,0.1,2026,FedAvg,clean,honest,0.8803771097930141,0.9040478077436546,0.9147705115042698,9621,1088,485.02139800285306,0.04850213980028531,0.9846814757238209,0.9814201304689368,0.8565977552875944,0.9493195698377686,0.23,21344,57470,3633187,17084911,0.006112999966717325,1494636,14946360,10,34114017.0,3.077723300026264,25500,4393030.0,2113051,0.0033334999898215756,25.346800299957977,39.08499050005048
heterogeneity,HET__CICIoT2023_R1__a0.1__Oort-Style-Adapted__seed2027,CICIoT2023,CICIoT2023_R1,Oort-Style-Adapted,0.4,0.1,2027,FedAvg,clean,honest,0.8585614869921696,0.9024753435600307,0.8961671559542749,12449,213,94.95363766048501,0.009495363766048502,0.9863370920417445,0.9961170358217117,0.8144460508861099,0.9558835764239006,0.05,22219,54642,5428871,18900530,0.011450699996203184,1496851,14968510,0,35736549.0,3.7558468999923207,25500,6500942.0,3906520,0.004219800001010299,31.720767800172325,49.232169400012936
heterogeneity,HET__CICIoT2023_R1__a0.1__Oort-Style-Adapted__seed2718,CICIoT2023,CICIoT2023_R1,Oort-Style-Adapted,0.4,0.1,2718,FedAvg,clean,honest,0.8523731331613105,0.9007353833895756,0.8908400099116214,13164,52,23.1811697574893,0.0023181169757489303,0.9790110824473224,0.9990366624057504,0.8037888837549001,0.9293546540605707,0.05,22380,53927,1788771,15220110,0.0015321000391850248,1492371,14923710,24,34563964.0,3.038021399974241,25500,144482.0,270900,0.003244199979235418,25.190895900057512,38.321647099990514
heterogeneity,HET__CICIoT2023_R1__a0.1__Oort-Style-Adapted__seed314,CICIoT2023,CICIoT2023_R1,Oort-Style-Adapted,0.4,0.1,314,FedAvg,clean,honest,0.88566066820817,0.9091159209931212,0.918706418666709,9252,984,438.65905848787446,0.04386590584878745,0.988278780239,0.983271849446645,0.86209774783503,0.9620060092652918,0.12,21448,57839,5608480,19078681,0.010154099989449605,1496689,14966890,0,34981034.0,2.8397179999738,25500,11835127.0,4086291,0.0034426000056555495,24.480516599971452,38.34279900002002
heterogeneity,HET__CICIoT2023_R1__a0.1__Oort-Style-Adapted__seed3407,CICIoT2023,CICIoT2023_R1,Oort-Style-Adapted,0.4,0.1,3407,FedAvg,clean,honest,0.4096377467243055,0.5923705981656783,0.36465708961952276,51924,927,413.2489300998573,0.041324893009985736,0.833670254924394,0.9424008947433826,0.22606608934134237,0.6555191875520443,0.8,21505,15167,1508970,14860200,0.0002352999581489712,1483470,14834700,30,35197485.0,3.8365208000177518,25500,0.0,0,0.002938200006610714,27.243966500042006,40.05146039991814
heterogeneity,HET__CICIoT2023_R1__a0.1__Oort-Style-Adapted__seed42,CICIoT2023,CICIoT2023_R1,Oort-Style-Adapted,0.4,0.1,42,FedAvg,clean,honest,0.7494275214190766,0.5,0.856768871237565,0,22432,10000.0,1.0,0.8212751187077765,0.7494275214190766,1.0,0.6456990275929018,0.05,0,67091,3129100,16572661,0.007801800005836412,1493729,14937290,0,31098408.0,3.598935900023207,25500,762905.0,1609871,0.003385300049558282,26.62299069990695,40.009720500034746
heterogeneity,HET__CICIoT2023_R1__a0.1__Oort-Style-Adapted__seed777,CICIoT2023,CICIoT2023_R1,Oort-Style-Adapted,0.4,0.1,777,FedAvg,clean,honest,0.8908101828580365,0.9133082413099325,0.9225883601403309,8842,933,415.92368045649073,0.04159236804564907,0.987324418454024,0.9842350714744348,0.868208850665514,0.9578787191512472,0.14,21499,58249,4841324,18316403,0.009338599993498065,1497231,14972310,0,35452484.0,2.911915799981216,25500,4636919.0,3318593,0.003518500001518987,24.938840999937383,39.07799439999508
heterogeneity,HET__CICIoT2023_R1__a0.1__Oort-Style-Adapted__seed9001,CICIoT2023,CICIoT2023_R1,Oort-Style-Adapted,0.4,0.1,9001,FedAvg,clean,honest,0.8844095930654692,0.9048983927890986,0.9180408370162683,9136,1212,540.299572039943,0.0540299572039943,0.9860949251623085,0.9795156083627697,0.8638267427821914,0.9543333586367919,0.19,21220,57955,1796403,15233241,0.0013233999925432727,1492982,14929820,25,35052518.0,2.949502500036033,25500,558023.0,277921,0.0034086999512510374,24.811548500074423,38.034568200062495
heterogeneity,HET__CICIoT2023_R1__a0.1__Oracle-Score-Exact__seed11,CICIoT2023,CICIoT2023_R1,Oracle-Score-Exact,0.4,0.1,11,FedAvg,clean,honest,0.8386783284742468,0.8843135616595307,0.880472745932167,13899,543,242.06490727532096,0.024206490727532098,0.9814729247798318,0.989894854377966,0.7928336140465935,0.9402063872102429,0.05,21889,53192,1609653,15023253,0.0006530000682687387,1490400,14904000,29,34973394.0,4.493569899961585,25500,56243.0,93753,0.014259099960327148,32.97710549981275,49.18168919996242
heterogeneity,HET__CICIoT2023_R1__a0.1__Oracle-Score-Exact__seed123,CICIoT2023,CICIoT2023_R1,Oracle-Score-Exact,0.4,0.1,123,FedAvg,clean,honest,0.8871910011952235,0.9040834173935115,0.9203969511378057,8707,1392,620.5420827389444,0.062054208273894434,0.9810994286339221,0.9767130620985011,0.8702210430609173,0.9421297302335401,0.95,21040,58384,4831805,18293492,0.012138199977925979,1495743,14957430,0,35426755.0,3.7713992999924812,25500,9674011.0,3310562,0.016921399990678765,32.09932170002139,48.441145799923106
heterogeneity,HET__CICIoT2023_R1__a0.1__Oracle-Score-Exact__seed2026,CICIoT2023,CICIoT2023_R1,Oracle-Score-Exact,0.4,0.1,2026,FedAvg,clean,honest,0.7786267216246104,0.8503911023551571,0.8271012545584617,19689,129,57.50713266761769,0.005750713266761769,0.9778377778946337,0.9972859817803118,0.706532917977076,0.9280269912694006,0.05,22303,47402,1978542,15398739,0.0017015999765135348,1491133,14911330,26,34363441.0,4.005886099970667,25500,1007713.0,461909,0.012984600034542382,30.07665519998409,45.92261109990068
heterogeneity,HET__CICIoT2023_R1__a0.1__Oracle-Score-Exact__seed2027,CICIoT2023,CICIoT2023_R1,Oracle-Score-Exact,0.4,0.1,2027,FedAvg,clean,honest,0.872624912033779,0.8965314785743238,0.9089733457863353,10157,1246,555.4564907275321,0.05554564907275321,0.9845045622298515,0.9785837057408044,0.8486086062214008,0.9499090696109067,0.44,21186,56934,4928667,18397392,0.010467300016898662,1496525,14965250,0,35781813.0,3.8243661999731557,25500,4716059.0,3406642,0.01645610001287423,31.426713200038648,48.85920200003602
heterogeneity,HET__CICIoT2023_R1__a0.1__Oracle-Score-Exact__seed2718,CICIoT2023,CICIoT2023_R1,Oracle-Score-Exact,0.4,0.1,2718,FedAvg,clean,honest,0.8377735330585436,0.8901046603702667,0.8788568854633267,14411,112,49.92867332382311,0.004992867332382311,0.976419461438757,0.9978784664343082,0.7852021880729159,0.9180094111111166,0.05,22320,52680,1607587,15019756,0.0007969999860506505,1490241,14902410,28,34464391.0,3.7389010999613674,25500,48985.0,91846,0.013577799982158467,31.137898100045277,46.80092410008365
heterogeneity,HET__CICIoT2023_R1__a0.1__Oracle-Score-Exact__seed314,CICIoT2023,CICIoT2023_R1,Oracle-Score-Exact,0.4,0.1,314,FedAvg,clean,honest,0.853992828658557,0.8923351482515998,0.8932918615757636,12380,691,308.0420827389444,0.030804208273894438,0.9799602938114362,0.9875275260820909,0.8154745047770938,0.9328384501868149,0.05,21741,54711,4272570,17735337,0.011915600000065751,1495863,14958630,0,35068138.0,3.974491999964812,25500,7549947.0,2751207,0.017953500035218894,32.85061829996994,50.948630900034914
heterogeneity,HET__CICIoT2023_R1__a0.1__Oracle-Score-Exact__seed3407,CICIoT2023,CICIoT2023_R1,Oracle-Score-Exact,0.4,0.1,3407,FedAvg,clean,honest,0.4096377467243055,0.5923705981656783,0.36465708961952276,51924,927,413.2489300998573,0.041324893009985736,0.833670254924394,0.9424008947433826,0.22606608934134237,0.6555191875520443,0.8,21505,15167,1508970,14860200,0.00037949997931718826,1483470,14834700,30,35197485.0,4.851241499956814,25500,0.0,0,0.016318200025125407,35.30673670003307,51.48241720002261
heterogeneity,HET__CICIoT2023_R1__a0.1__Oracle-Score-Exact__seed42,CICIoT2023,CICIoT2023_R1,Oracle-Score-Exact,0.4,0.1,42,FedAvg,clean,honest,0.7279916892865521,0.817305967833924,0.7786172098731761,24269,82,36.5549215406562,0.0036554921540656207,0.9741827785530524,0.9980887562931196,0.6382674278219135,0.919403238667621,0.05,22350,42822,1830763,15253597,0.0017077999946195632,1491426,14914260,24,31730220.0,4.681437300037942,25500,149201.0,313837,0.015064100007293746,32.1981321000203,47.26843870001903
heterogeneity,HET__CICIoT2023_R1__a0.1__Oracle-Score-Exact__seed777,CICIoT2023,CICIoT2023_R1,Oracle-Score-Exact,0.4,0.1,777,FedAvg,clean,honest,0.8892351686158865,0.9066935465214694,0.9218486467741681,8608,1308,583.0955777460771,0.0583095577746077,0.9862526021881086,0.9781237978960045,0.8716966508175463,0.9592014370436593,0.95,21124,58483,4227733,17698771,0.009273699994082563,1496782,14967820,0,34922235.0,3.308696699925349,25500,5610768.0,2705451,0.011564499989617616,28.820459299808135,44.60529839998344
heterogeneity,HET__CICIoT2023_R1__a0.1__Oracle-Score-Exact__seed9001,CICIoT2023,CICIoT2023_R1,Oracle-Score-Exact,0.4,0.1,9001,FedAvg,clean,honest,0.8529428191637903,0.8855662652473781,0.8931559768538432,12065,1100,490.3708987161198,0.04903708987161198,0.9828546596204142,0.9804012400669921,0.8201696203663681,0.9470620969754687,0.17,21332,55026,1562546,14972636,0.0005096000095363706,1490010,14900100,29,35699454.0,3.5415134000504622,25500,62715.0,47036,0.013897999946493655,30.60542109987,46.52030709999963
heterogeneity,HET__CICIoT2023_R1__a0.1__Random-Budget__seed11,CICIoT2023,CICIoT2023_R1,Random-Budget,0.4,0.1,11,FedAvg,clean,honest,0.8407224958949097,0.8924578999479299,0.8812689953786585,14173,86,38.33808844507846,0.0038338088445078458,0.9702028908369105,0.9983774809448344,0.7887496087403676,0.8978789166415466,0.05,22346,52918,4284634,17756464,0.008422400002018549,1496870,14968700,0,34757720.0,3.1098556999932043,23100,1656510.0,2764664,0.003335400018841028,25.179507800014107,38.190318100037985
heterogeneity,HET__CICIoT2023_R1__a0.1__Random-Budget__seed123,CICIoT2023,CICIoT2023_R1,Random-Budget,0.4,0.1,123,FedAvg,clean,honest,0.8940272332249813,0.9096978153764201,0.9254969097748494,8166,1321,588.8908701854493,0.058889087018544936,0.9871126365037093,0.9780732330777147,0.8782847177713852,0.9578930634772866,0.24,21111,58925,5361854,18838661,0.009460199929890223,1497423,14974230,0,33186911.0,2.938717799988808,23100,11144470.0,3841331,0.003441200024099089,25.407830099822604,38.789596200032975
heterogeneity,HET__CICIoT2023_R1__a0.1__Random-Budget__seed2026,CICIoT2023,CICIoT2023_R1,Random-Budget,0.4,0.1,2026,FedAvg,clean,honest,0.8618790701830814,0.8229664386917286,0.9072107700042774,6644,5721,2550.374465049929,0.2550374465049929,0.972360818652543,0.913538266231411,0.90097032388845,0.9207918661733756,0.95,16711,60447,5498961,18955851,0.010408100017230026,1495210,14952100,0,33336181.0,2.9695755999855464,23100,9811653.0,3980651,0.003500700040603988,25.27404520008713,39.10953640000662
heterogeneity,HET__CICIoT2023_R1__a0.1__Random-Budget__seed2027,CICIoT2023,CICIoT2023_R1,Random-Budget,0.4,0.1,2027,FedAvg,clean,honest,0.8906091172101024,0.911378815503018,0.9225831442642909,8739,1054,469.8644793152639,0.04698644793152639,0.9865718059546328,0.9822576844089823,0.8697440789375624,0.9556091202569823,0.35,21378,58352,5678872,19143682,0.010770200024126098,1496090,14960900,0,34785355.0,2.9836261999444105,23100,13319103.0,4159682,0.003589999978430569,25.371172900049714,39.92412300001888
heterogeneity,HET__CICIoT2023_R1__a0.1__Random-Budget__seed2718,CICIoT2023,CICIoT2023_R1,Random-Budget,0.4,0.1,2718,FedAvg,clean,honest,0.8352043608904974,0.890007805936647,0.8764767446728347,14750,3,1.3373751783166905,0.00013373751783166905,0.9836583021788692,0.9999426868408987,0.7801493493911255,0.9462216655174904,0.05,22429,52341,2861120,16325804,0.0072136999951908365,1496076,14960760,0,34387737.0,2.9903932999586686,23100,715719.0,1341944,0.0033255999733228236,24.954231800016714,38.18013389997941
heterogeneity,HET__CICIoT2023_R1__a0.1__Random-Budget__seed314,CICIoT2023,CICIoT2023_R1,Random-Budget,0.4,0.1,314,FedAvg,clean,honest,0.8725802307786825,0.9017094629957425,0.9084253201139967,10512,895,398.9835948644793,0.03989835948644793,0.9854998438359868,0.984427741239517,0.8433172854779329,0.9529236438820474,0.05,21537,56579,5508209,18972326,0.009330400032922626,1496013,14960130,0,33989104.0,2.8506582999252714,23100,10424902.0,3989096,0.003271099994890392,24.363711900019553,38.15704589999223
heterogeneity,HET__CICIoT2023_R1__a0.1__Random-Budget__seed3407,CICIoT2023,CICIoT2023_R1,Random-Budget,0.4,0.1,3407,FedAvg,clean,honest,0.8503066251130994,0.7902303630588523,0.9011689221578967,5994,7407,3301.9793152639086,0.3301979315263909,0.9773269368588742,0.8918749270115613,0.9106586576440954,0.9269585688820332,0.95,15025,61097,2699875,16164748,0.007066700054565445,1496097,14960970,0,30613197.0,2.9898074999946402,23100,6296959.0,1180678,0.0033796000352595,25.547072400164325,38.596008099993924
heterogeneity,HET__CICIoT2023_R1__a0.1__Random-Budget__seed42,CICIoT2023,CICIoT2023_R1,Random-Budget,0.4,0.1,42,FedAvg,clean,honest,0.863800364152229,0.8930772242646312,0.9017905326492311,11111,1082,482.3466476462197,0.048234664764621966,0.9842217795087231,0.981038169009148,0.8343891132938844,0.9493941825260817,0.67,21350,55980,4228387,17672497,0.008903299967641942,1493790,14937900,0,34252242.0,3.161174699984258,23100,1264746.0,2711497,0.0033838999806903303,25.450250800029607,38.66404779998993
heterogeneity,HET__CICIoT2023_R1__a0.1__Random-Budget__seed777,CICIoT2023,CICIoT2023_R1,Random-Budget,0.4,0.1,777,FedAvg,clean,honest,0.8925750924343465,0.9118447565952059,0.924148374833382,8506,1111,495.27460770328105,0.0495274607703281,0.9880448561882322,0.9813890377914768,0.8732169739607399,0.9608016061488314,0.27,21321,58585,5623545,19100784,0.010658200015313923,1497471,14974710,0,35365976.0,2.894405699989875,23100,7906743.0,4102974,0.0036156999703962356,24.540681200058316,38.54870940002729
heterogeneity,HET__CICIoT2023_R1__a0.1__Random-Budget__seed9001,CICIoT2023,CICIoT2023_R1,Random-Budget,0.4,0.1,9001,FedAvg,clean,honest,0.8896149592842063,0.8805073607256574,0.9242642550582465,6792,3090,1377.4964336661913,0.13774964336661913,0.9757368003566652,0.9512533720361577,0.8987643648179339,0.928530941702639,0.95,19342,60299,3905899,17365921,0.008430100002442487,1495558,14955580,0,30585890.0,2.9284025999659207,23100,7898949.0,2387241,0.00340979995962698,24.810970900012762,37.71459670001059
heterogeneity,HET__CICIoT2023_R1__a0.1__Utility-Only__seed11,CICIoT2023,CICIoT2023_R1,Utility-Only,0.4,0.1,11,FedAvg,clean,honest,0.8883192028864091,0.9098658768172749,0.9208330034048618,8945,1053,469.41868758915837,0.04694186875891584,0.9856119741948923,0.9822125373739421,0.8666736223934656,0.9519327737465654,0.28,21379,58146,3321706,16788451,0.007528500005719252,1496305,14963050,1,34647504.0,2.986982900009025,25500,1088840.0,1799901,0.0012167000240879133,24.460981200056267,37.33124769999995
heterogeneity,HET__CICIoT2023_R1__a0.1__Utility-Only__seed123,CICIoT2023,CICIoT2023_R1,Utility-Only,0.4,0.1,123,FedAvg,clean,honest,0.8832367101191873,0.9020238534394414,0.9173251077628821,9100,1353,603.1562054208274,0.06031562054208274,0.9816621863224371,0.9772007279590186,0.8643633274209656,0.943044588663733,0.95,21079,57991,4657031,18123686,0.008673699965584092,1496295,14962950,0,35618384.0,2.8605877999652876,25500,10815021.0,3135236,0.0012931999954162166,24.565730199974496,37.528127799974754
heterogeneity,HET__CICIoT2023_R1__a0.1__Utility-Only__seed2026,CICIoT2023,CICIoT2023_R1,Utility-Only,0.4,0.1,2026,FedAvg,clean,honest,0.8803771097930141,0.9040478077436546,0.9147705115042698,9621,1088,485.02139800285306,0.04850213980028531,0.9846814757238209,0.9814201304689368,0.8565977552875944,0.9493195698377686,0.23,21344,57470,3633187,17084911,0.006104800006141886,1494636,14946360,10,34114017.0,2.9886150999955134,25500,4393030.0,2113051,0.0011847000132547691,24.907102399985888,38.404669299998204
heterogeneity,HET__CICIoT2023_R1__a0.1__Utility-Only__seed2027,CICIoT2023,CICIoT2023_R1,Utility-Only,0.4,0.1,2027,FedAvg,clean,honest,0.8822090412519688,0.9069021007163158,0.9160383142372585,9567,978,435.9843081312411,0.04359843081312411,0.9860371127619464,0.983282622816314,0.8574026322457557,0.9541564034214309,0.11,21454,57524,5289857,18760859,0.009652999971876852,1496778,14967780,0,35728863.0,3.0086921000183793,25500,7123049.0,3767579,0.0013642999983858317,25.049083500067354,39.27676960005192
heterogeneity,HET__CICIoT2023_R1__a0.1__Utility-Only__seed2718,CICIoT2023,CICIoT2023_R1,Utility-Only,0.4,0.1,2718,FedAvg,clean,honest,0.8523731331613105,0.9007353833895756,0.8908400099116214,13164,52,23.1811697574893,0.0023181169757489303,0.9790110824473224,0.9990366624057504,0.8037888837549001,0.9293546540605707,0.05,22380,53927,1788771,15220110,0.0014864999247947708,1492371,14923710,24,34563964.0,2.963865600002464,25500,144482.0,270900,0.0010896000312641263,24.67357120011002,37.51184310000099
heterogeneity,HET__CICIoT2023_R1__a0.1__Utility-Only__seed314,CICIoT2023,CICIoT2023_R1,Utility-Only,0.4,0.1,314,FedAvg,clean,honest,0.878991990885024,0.9029159714483646,0.9137177128384029,9731,1102,491.26248216833096,0.0491262482168331,0.9860026793789756,0.9811501488146146,0.8549581911135622,0.9544528355503312,0.07,21330,57360,5543175,19012125,0.009863800019957125,1496550,14965500,0,34806638.0,2.7700637000380084,25500,15357447.0,4021125,0.0013094000169076025,24.073963899951195,37.7955189000204
heterogeneity,HET__CICIoT2023_R1__a0.1__Utility-Only__seed3407,CICIoT2023,CICIoT2023_R1,Utility-Only,0.4,0.1,3407,FedAvg,clean,honest,0.4096377467243055,0.5923705981656783,0.36465708961952276,51924,927,413.2489300998573,0.041324893009985736,0.833670254924394,0.9424008947433826,0.22606608934134237,0.6555191875520443,0.8,21505,15167,1508970,14860200,0.00030400004470720887,1483470,14834700,30,35197485.0,3.9465515999909258,25500,0.0,0,0.001256400006241165,27.862274099956267,40.936724900020636
heterogeneity,HET__CICIoT2023_R1__a0.1__Utility-Only__seed42,CICIoT2023,CICIoT2023_R1,Utility-Only,0.4,0.1,42,FedAvg,clean,honest,0.7494275214190766,0.5,0.856768871237565,0,22432,10000.0,1.0,0.8212751187077765,0.7494275214190766,1.0,0.6456990275929018,0.05,0,67091,3129100,16572661,0.007345900041400455,1493729,14937290,0,31098408.0,3.718919000006281,25500,762905.0,1609871,0.001207799999974668,27.793994000123348,41.54655669990461
heterogeneity,HET__CICIoT2023_R1__a0.1__Utility-Only__seed777,CICIoT2023,CICIoT2023_R1,Utility-Only,0.4,0.1,777,FedAvg,clean,honest,0.8983501446555634,0.9172259456576013,0.9284017057703504,8092,1008,449.358059914408,0.0449358059914408,0.9881337943029046,0.98320195977136,0.8793876973066432,0.9606658825651051,0.13,21424,58999,4792172,18267224,0.009602499994798563,1497228,14972280,0,35385058.0,2.8385509000363527,25500,4825617.0,3269444,0.00139870002749376,24.266995400103042,38.14295220001077
heterogeneity,HET__CICIoT2023_R1__a0.1__Utility-Only__seed9001,CICIoT2023,CICIoT2023_R1,Utility-Only,0.4,0.1,9001,FedAvg,clean,honest,0.8844095930654692,0.9048983927890986,0.9180408370162683,9136,1212,540.299572039943,0.0540299572039943,0.9860949251623085,0.9795156083627697,0.8638267427821914,0.9543333586367919,0.19,21220,57955,1796403,15233241,0.001361900009214878,1492982,14929820,25,35052518.0,2.8657582999876468,25500,558023.0,277921,0.001183599975774996,24.474189000116894,37.38236189998861
heterogeneity,HET__CICIoT2023_R1__a1.0__CB-Score__seed11,CICIoT2023,CICIoT2023_R1,CB-Score,0.4,1.0,11,FedAvg,clean,honest,0.8837952258078929,0.9040730651330104,0.9176058736406909,9163,1240,552.7817403708987,0.05527817403708987,0.9859701992365235,0.9790427257977286,0.8634243043031107,0.9538319122147021,0.08,21192,57928,6342425,19811789,0.009964399971067905,1496596,14965960,0,34217687.0,2.8139238999719964,25500,12777966.0,4820329,0.010457499985932373,24.72883439990983,39.65610019987798
heterogeneity,HET__CICIoT2023_R1__a1.0__CB-Score__seed123,CICIoT2023,CICIoT2023_R1,CB-Score,0.4,1.0,123,FedAvg,clean,honest,0.8912458250952269,0.9129608993818539,0.9229734647700122,8760,976,435.09272467902997,0.043509272467902996,0.9879264811852122,0.9835432579628037,0.8694310712316108,0.9602936347461177,0.43,21456,58331,6755970,20228763,0.010616200030199252,1496977,14969770,0,35614451.0,3.065165200008778,25500,14294771.0,5233493,0.011374699970474467,24.41198749988689,38.92411380002159
heterogeneity,HET__CICIoT2023_R1__a1.0__CB-Score__seed2026,CICIoT2023,CICIoT2023_R1,CB-Score,0.4,1.0,2026,FedAvg,clean,honest,0.8794723143773109,0.9034738240687893,0.9140677264184002,9704,1086,484.1298145506419,0.048412981455064195,0.9862249137957023,0.9814273254322508,0.8553606295926428,0.9545122454324657,0.44,21346,57387,6912716,20381423,0.011521800042828545,1496523,14965230,0,35200922.0,3.1339465999772074,25500,17232698.0,5390693,0.012321199930738658,27.13787459998275,44.02545729999838
heterogeneity,HET__CICIoT2023_R1__a1.0__CB-Score__seed2027,CICIoT2023,CICIoT2023_R1,CB-Score,0.4,1.0,2027,FedAvg,clean,honest,0.8895144264602393,0.9084822589949635,0.9219281559068916,8691,1200,534.9500713266762,0.05349500713266762,0.9877546168570914,0.9798657718120806,0.8704595251225947,0.9598861689754485,0.31,21232,58400,6985825,20460571,0.011898199954885058,1497194,14971940,0,35642333.0,2.7689784000249347,25500,17488374.0,5463131,0.012797999996109866,24.016349499856005,38.9907257999439
heterogeneity,HET__CICIoT2023_R1__a1.0__CB-Score__seed2718,CICIoT2023,CICIoT2023_R1,CB-Score,0.4,1.0,2718,FedAvg,clean,honest,0.8939490410285625,0.9148237680608009,0.9250268494535346,8522,972,433.3095577746077,0.043330955777460774,0.988457338559814,0.9836751146268957,0.8729784918990625,0.9616296421369992,0.28,21460,58569,6818039,20291984,0.011513300021761097,1497105,14971050,0,34640857.0,2.8249148000468267,25500,13593961.0,5295434,0.011881299971719272,24.790948900132207,40.106567999959225
heterogeneity,HET__CICIoT2023_R1__a1.0__CB-Score__seed314,CICIoT2023,CICIoT2023_R1,CB-Score,0.4,1.0,314,FedAvg,clean,honest,0.881549992739296,0.905527667036793,0.9156135604010823,9563,1041,464.0691868758916,0.04640691868758916,0.9863039103525244,0.9822260923013881,0.8574622527611752,0.9551065535581786,0.46,21391,57528,6800959,20274661,0.01108369996654801,1497078,14970780,0,35320817.0,2.8516449000599096,25500,13528689.0,5278381,0.011435899970820174,24.562711899954593,39.207570700004
heterogeneity,HET__CICIoT2023_R1__a1.0__CB-Score__seed3407,CICIoT2023,CICIoT2023_R1,CB-Score,0.4,1.0,3407,FedAvg,clean,honest,0.8843537414965986,0.9072053794236631,0.9177922294480574,9299,1054,469.8644793152639,0.04698644793152639,0.987033583719915,0.9820888420623322,0.8613972067788526,0.9572185522432526,0.18,21378,57792,6771935,20243954,0.010420700011309236,1496891,14968910,0,34825297.0,2.791126300027827,25500,13994476.0,5249544,0.011448800054495223,24.485194099965156,39.256162299992866
heterogeneity,HET__CICIoT2023_R1__a1.0__CB-Score__seed42,CICIoT2023,CICIoT2023_R1,CB-Score,0.4,1.0,42,FedAvg,clean,honest,0.8995006869742971,0.9151596886149544,0.9294812004734173,7798,1199,534.5042796005706,0.05345042796005706,0.9882308342788372,0.9801791972492231,0.8837698051899658,0.9610581880549277,0.18,21233,59293,6263559,19739151,0.009941499985870905,1497288,14972880,0,34650374.0,2.952842899991083,25500,15659167.0,4740771,0.012375699894619174,22.797680100091384,37.30206969993014
heterogeneity,HET__CICIoT2023_R1__a1.0__CB-Score__seed777,CICIoT2023,CICIoT2023_R1,CB-Score,0.4,1.0,777,FedAvg,clean,honest,0.8904415625034907,0.9115637674741639,0.9224308378545104,8774,1034,460.94864479315265,0.04609486447931527,0.9882645444921783,0.9825782210914727,0.869222399427643,0.9613633202687364,0.39,21398,58317,6899139,20374569,0.011990499959210865,1497270,14972700,0,35948498.0,3.312741699963226,25500,16825667.0,5376369,0.014942899986635894,26.34521179992589,42.58822950006288
heterogeneity,HET__CICIoT2023_R1__a1.0__CB-Score__seed9001,CICIoT2023,CICIoT2023_R1,CB-Score,0.4,1.0,9001,FedAvg,clean,honest,0.8969985366888956,0.9141134691020825,0.9275505794539384,8064,1157,515.7810271041369,0.051578102710413694,0.9887119511213689,0.980775621427622,0.8798050409145787,0.9631975149136871,0.13,21275,59027,6722701,20194909,0.011037700023734942,1496912,14969120,0,35713002.0,2.8791388999234186,25500,14460947.0,5200289,0.012233800007379614,25.179360399983125,40.56616110003961
heterogeneity,HET__CICIoT2023_R1__a1.0__Full-Contextual__seed11,CICIoT2023,CICIoT2023_R1,Full-Contextual,,1.0,11,FedAvg,clean,honest,0.8986294024999162,0.9156466541648216,0.928745848415135,7948,1127,502.40727532097003,0.050240727532097004,0.9889613845651407,0.9813008130081301,0.8815340358617401,0.9638915140455535,0.41,21305,59143,14682205,28151983,0.06127179999020882,1496642,14966420,0,34427450.0,3.3407319999823812,0,34427450.0,13185563,0.0002711000124691054,29.13603140010673,46.8191410000436
heterogeneity,HET__CICIoT2023_R1__a1.0__Full-Contextual__seed123,CICIoT2023,CICIoT2023_R1,Full-Contextual,,1.0,123,FedAvg,clean,honest,0.8927091361996359,0.9136552819061665,0.9241113402387668,8610,995,443.5627674750357,0.044356276747503566,0.9879239310563371,0.9832705629161342,0.8716668405598367,0.959939068495042,0.4,21437,58481,15138164,28612658,0.051108599931467324,1497166,14971660,0,35588191.0,3.2637284999655094,0,35588191.0,13640998,0.00026660008006729186,28.932278899970697,46.14928610001516
heterogeneity,HET__CICIoT2023_R1__a1.0__Full-Contextual__seed2026,CICIoT2023,CICIoT2023_R1,Full-Contextual,,1.0,2026,FedAvg,clean,honest,0.888509098220569,0.9107789325720675,0.9209118786697411,8981,1000,445.7917261055635,0.04457917261055635,0.9871971761498849,0.9830823887667062,0.8661370377546914,0.957796897422478,0.43,21432,58110,15024549,28491294,0.05112119999830611,1496305,14963050,0,35290037.0,3.2145421000022907,0,35290037.0,13528244,0.00030000004335306585,27.844616799935466,45.20142700003635
heterogeneity,HET__CICIoT2023_R1__a1.0__Full-Contextual__seed2027,CICIoT2023,CICIoT2023_R1,Full-Contextual,,1.0,2027,FedAvg,clean,honest,0.8871686605676753,0.9099291359064108,0.9198810232004759,9104,997,444.45435092724676,0.04444543509272468,0.9875299649553654,0.9830971110809711,0.8643037069055461,0.9586543901765334,0.47,21435,57987,15049364,28521914,0.06349740002769977,1496950,14969500,0,35296968.0,3.4175080000422895,0,35296968.0,13552414,0.00026840000646188855,29.987762699878658,48.194146699956036
heterogeneity,HET__CICIoT2023_R1__a1.0__Full-Contextual__seed2718,CICIoT2023,CICIoT2023_R1,Full-Contextual,,1.0,2718,FedAvg,clean,honest,0.8913240172916457,0.9133394818141587,0.9230063073258363,8775,954,425.2853067047076,0.04252853067047076,0.9877191616601863,0.9839041673696642,0.8692074942987882,0.9592278303244994,0.44,21478,58316,14806407,28278624,0.06390369999280665,1496913,14969130,0,34655926.0,3.3866455999668688,0,34655926.0,13309494,0.00025880000612232834,29.3796170999849,47.66199609996693
heterogeneity,HET__CICIoT2023_R1__a1.0__Full-Contextual__seed314,CICIoT2023,CICIoT2023_R1,Full-Contextual,,1.0,314,FedAvg,clean,honest,0.8856941791494923,0.907105606689137,0.918908638492444,9112,1121,499.7325249643367,0.04997325249643367,0.9872618059372997,0.9810321489001692,0.8641844658747075,0.9582557623658721,0.47,21311,57979,14910523,28378042,0.06717570002365392,1496391,14963910,0,34924525.0,3.3805400000419468,0,34924525.0,13414132,0.00027479998243507,29.55464699998265,47.24278680003772
heterogeneity,HET__CICIoT2023_R1__a1.0__Full-Contextual__seed3407,CICIoT2023,CICIoT2023_R1,Full-Contextual,,1.0,3407,FedAvg,clean,honest,0.8844542743205657,0.9082220219036929,0.9177860083612838,9354,990,441.33380884450787,0.04413338088445078,0.9869359902805176,0.9831423365743185,0.8605774246918365,0.9575739577051766,0.47,21442,57737,14846952,28318260,0.054742299995268695,1496812,14968120,0,34744069.0,3.324240700050723,0,34744069.0,13350140,0.00026830002025235444,29.167417300122906,46.33062459995563
heterogeneity,HET__CICIoT2023_R1__a1.0__Full-Contextual__seed42,CICIoT2023,CICIoT2023_R1,Full-Contextual,,1.0,42,FedAvg,clean,honest,0.8954905443293902,0.9145465640265331,0.9262993713862587,8296,1060,472.5392296718973,0.04725392296718973,0.9878363493119077,0.9822905354606967,0.8763470510202561,0.9594810490748497,0.39,21372,58795,14902258,28377283,0.05217329993320163,1497225,14972250,0,35002855.0,3.355410899996059,0,35002855.0,13405033,0.00026159996923524886,29.2090575001057,47.30064209998818
heterogeneity,HET__CICIoT2023_R1__a1.0__Full-Contextual__seed777,CICIoT2023,CICIoT2023_R1,Full-Contextual,,1.0,777,FedAvg,clean,honest,0.890274007796879,0.9113629568764854,0.9223103630999929,8783,1040,463.623395149786,0.046362339514978604,0.9883505924359779,0.9824762418278628,0.8690882532679495,0.9616878367248809,0.4,21392,58308,15274278,28748394,0.050425599969457835,1497124,14971240,0,35910232.0,3.2930301999731455,0,35910232.0,13777154,0.0002478000387782231,28.378763900051126,45.7153973999375
heterogeneity,HET__CICIoT2023_R1__a1.0__Full-Contextual__seed9001,CICIoT2023,CICIoT2023_R1,Full-Contextual,,1.0,9001,FedAvg,clean,honest,0.8941836176178188,0.9125915113914413,0.9253947627485726,8340,1133,505.08202567760344,0.05050820256776034,0.9883059664936694,0.9810800881704629,0.8756912253506431,0.9619529828341606,0.42,21299,58751,15170511,28640766,0.061154100025305524,1496695,14966950,0,35709899.0,3.439612300004228,0,35709899.0,13673816,0.0002497999812476337,30.356968500142102,48.97657539995271
heterogeneity,HET__CICIoT2023_R1__a1.0__Oort-Style-Adapted__seed11,CICIoT2023,CICIoT2023_R1,Oort-Style-Adapted,0.4,1.0,11,FedAvg,clean,honest,0.8892351686158865,0.9098093211158196,0.921589093957078,8818,1098,489.4793152639087,0.04894793152639087,0.9877617030056017,0.9815061225177275,0.8685665737580301,0.960220407121156,0.35,21334,58273,5635114,19102012,0.009894299990264699,1496322,14963220,0,34479721.0,2.7581585999578238,25500,9487226.0,4113292,0.003748000002815388,23.489166700048372,37.93948239996098
heterogeneity,HET__CICIoT2023_R1__a1.0__Oort-Style-Adapted__seed123,CICIoT2023,CICIoT2023_R1,Oort-Style-Adapted,0.4,1.0,123,FedAvg,clean,honest,0.8873808965293835,0.9097146461054632,0.9200742020897085,9061,1021,455.1533523537803,0.045515335235378034,0.9868981836687013,0.9827098609676381,0.8649446274463043,0.9569084233029379,0.49,21411,58030,6080974,19554856,0.009473300044192001,1497098,14970980,0,35628982.0,2.791804999971646,25500,10069767.0,4558376,0.0031522999779554084,24.28581559988379,39.40971579996403
heterogeneity,HET__CICIoT2023_R1__a1.0__Oort-Style-Adapted__seed2026,CICIoT2023,CICIoT2023_R1,Oort-Style-Adapted,0.4,1.0,2026,FedAvg,clean,honest,0.8927984987098287,0.9117267414899528,0.9243395378538823,8468,1129,503.29885877318117,0.05032988587731812,0.9882712868321905,0.9811052349712144,0.8737833688572237,0.9615089741819356,0.12,21303,58623,6126066,19590084,0.010257899964926764,1496002,14960020,0,35621275.0,2.860825100011425,25500,13774084.0,4604564,0.0035875999747077003,24.610180100018624,40.09906830001273
heterogeneity,HET__CICIoT2023_R1__a1.0__Oort-Style-Adapted__seed2027,CICIoT2023,CICIoT2023_R1,Oort-Style-Adapted,0.4,1.0,2027,FedAvg,clean,honest,0.8812037130122985,0.9029227140390856,0.9155610604292214,9434,1201,535.3958630527817,0.05353958630527817,0.9859342186916686,0.97959495735499,0.8593850143834494,0.9540281347277362,0.07,21231,57657,6346296,19818351,0.010392999989562668,1496895,14968950,0,35862250.0,2.810017700001481,25500,12323660.0,4823901,0.003618400078266859,24.277114199998323,39.374872900007176
heterogeneity,HET__CICIoT2023_R1__a1.0__Oort-Style-Adapted__seed2718,CICIoT2023,CICIoT2023_R1,Oort-Style-Adapted,0.4,1.0,2718,FedAvg,clean,honest,0.8918937032941255,0.9127699931997741,0.9235182550972024,8660,1018,453.8159771754636,0.045381597717546365,0.9879138004631551,0.9828760786556544,0.8709215841170946,0.9598391196790631,0.32,21414,58431,6001910,19475864,0.01013060005789157,1497106,14971060,0,35023535.0,2.8280826999689452,25500,10089310.0,4479304,0.0034178999776486307,24.16446940008609,39.09503820005921
heterogeneity,HET__CICIoT2023_R1__a1.0__Oort-Style-Adapted__seed314,CICIoT2023,CICIoT2023_R1,Oort-Style-Adapted,0.4,1.0,314,FedAvg,clean,honest,0.8818851021525195,0.9064337469759971,0.9158107613178553,9579,995,443.5627674750357,0.044356276747503566,0.9876080156986264,0.9829934879587058,0.8572237706994977,0.9597755841752695,0.05,21437,57512,6220747,19690813,0.010057800012873486,1496674,14966740,0,34863183.0,2.7712123000237625,25500,7355476.0,4698573,0.003388799959793687,23.56737860001158,38.12555019996944
heterogeneity,HET__CICIoT2023_R1__a1.0__Oort-Style-Adapted__seed3407,CICIoT2023,CICIoT2023_R1,Oort-Style-Adapted,0.4,1.0,3407,FedAvg,clean,honest,0.8794499737497626,0.9040820738588046,0.913992891184112,9748,1044,465.4065620542083,0.046540656205420826,0.9867294765339906,0.9821193073800675,0.8547048039230299,0.95660931340704,0.25,21388,57343,4465394,17934560,0.007498199964175001,1496574,14965740,3,35350042.0,2.8067292000196176,25500,7249909.0,2943320,0.0033835999784059823,24.441836200101534,39.20419760000368
heterogeneity,HET__CICIoT2023_R1__a1.0__Oort-Style-Adapted__seed42,CICIoT2023,CICIoT2023_R1,Oort-Style-Adapted,0.4,1.0,42,FedAvg,clean,honest,0.8846665102822738,0.9040608842832347,0.9183258580728858,9045,1280,570.6134094151213,0.05706134094151213,0.9870963702292401,0.9784242996325389,0.8651831095079817,0.9578445649973226,0.12,21152,58046,6228472,19704559,0.010347899966291152,1497343,14973430,0,34990909.0,2.740266100008739,25500,13071594.0,4705629,0.003533600043738261,23.55811450003239,38.465336800029036
heterogeneity,HET__CICIoT2023_R1__a1.0__Oort-Style-Adapted__seed777,CICIoT2023,CICIoT2023_R1,Oort-Style-Adapted,0.4,1.0,777,FedAvg,clean,honest,0.8976129039464719,0.9150278188894378,0.927975357923025,8043,1123,500.6241084165478,0.05006241084165478,0.9890588873457999,0.9813365242392514,0.8801180486205303,0.9640812580900456,0.33,21309,59048,6396205,19873093,0.009965599951101467,1497432,14974320,0,35933840.0,2.866344099966227,25500,9885063.0,4873273,0.0033089000353356823,24.261256100042374,39.360670599970035
heterogeneity,HET__CICIoT2023_R1__a1.0__Oort-Style-Adapted__seed9001,CICIoT2023,CICIoT2023_R1,Oort-Style-Adapted,0.4,1.0,9001,FedAvg,clean,honest,0.8863755682897133,0.9089697301976061,0.9193095460963653,9146,1026,457.3823109843081,0.045738231098430816,0.9874074602404476,0.982601617744315,0.8636776914936429,0.9591084647077273,0.48,21406,57945,6166453,19640605,0.010718099991208874,1497128,14971280,0,35909951.0,2.8270817999873543,25500,10411891.0,4643825,0.003703300069901161,24.04128400015179,38.82427730002382
heterogeneity,HET__CICIoT2023_R1__a1.0__Oracle-Score-Exact__seed11,CICIoT2023,CICIoT2023_R1,Oracle-Score-Exact,0.4,1.0,11,FedAvg,clean,honest,0.8893692123811758,0.9104773957421852,0.9216430899712016,8845,1059,472.0934379457917,0.047209343794579174,0.9883334612610303,0.982143158249726,0.8681641352789495,0.9617198612899154,0.44,21373,58246,6702153,20173281,0.011204899987205863,1496792,14967920,0,33864312.0,2.83892789996753,25500,14604028.0,5179861,0.03449009999167174,24.662343500036513,39.902489599990076
heterogeneity,HET__CICIoT2023_R1__a1.0__Oracle-Score-Exact__seed123,CICIoT2023,CICIoT2023_R1,Oracle-Score-Exact,0.4,1.0,123,FedAvg,clean,honest,0.8927091361996359,0.9133437044467314,0.9241365147817295,8589,1016,452.9243937232525,0.04529243937232525,0.9874679661182549,0.9829295339225108,0.8719798482657882,0.9583326375347377,0.37,21416,58502,6979182,20452992,0.01074739996693097,1497090,14970900,0,35645968.0,2.7688531000021612,25500,14573691.0,5456592,0.03483180001785513,24.33250100002624,39.386270300034084
heterogeneity,HET__CICIoT2023_R1__a1.0__Oracle-Score-Exact__seed2026,CICIoT2023,CICIoT2023_R1,Oracle-Score-Exact,0.4,1.0,2026,FedAvg,clean,honest,0.8837840554941189,0.9062318177627504,0.9174062842354286,9310,1094,487.6961483594865,0.048769614835948646,0.9865691556296711,0.9814182590233546,0.8612332503614494,0.9553958460825164,0.38,21338,57781,6919073,20387852,0.011478499945951626,1496531,14965310,0,35243284.0,2.7895842000143602,25500,17790872.0,5397042,0.035915500033297576,24.096917199989548,39.29907019993698
heterogeneity,HET__CICIoT2023_R1__a1.0__Oracle-Score-Exact__seed2027,CICIoT2023,CICIoT2023_R1,Oracle-Score-Exact,0.4,1.0,2027,FedAvg,clean,honest,0.8832590507467355,0.9061189395847074,0.9169811020995019,9373,1078,480.56348074179743,0.048056348074179744,0.9872655281969308,0.9816654194162868,0.8602942272435945,0.9581964607904426,0.37,21354,57718,6944947,20421106,0.011491099940030836,1497351,14973510,0,35386935.0,2.7763951000379166,25500,18442607.0,5422096,0.03335460000380408,23.707822599855717,38.694621100017685
heterogeneity,HET__CICIoT2023_R1__a1.0__Oracle-Score-Exact__seed2718,CICIoT2023,CICIoT2023_R1,Oracle-Score-Exact,0.4,1.0,2718,FedAvg,clean,honest,0.8939490410285625,0.9148237680608009,0.9250268494535346,8522,972,433.3095577746077,0.043330955777460774,0.988457338559814,0.9836751146268957,0.8729784918990625,0.9616296421369992,0.28,21460,58569,6818039,20291984,0.011500100008561276,1497105,14971050,0,34640857.0,2.7454601999925217,25500,13593961.0,5295434,0.03656969997973647,23.642725400160998,38.86835310005699
heterogeneity,HET__CICIoT2023_R1__a1.0__Oracle-Score-Exact__seed314,CICIoT2023,CICIoT2023_R1,Oracle-Score-Exact,0.4,1.0,314,FedAvg,clean,honest,0.8827340459993521,0.9055757877722065,0.9165938378910905,9407,1091,486.35877318116974,0.04863587731811698,0.9861827221371594,0.9814376860910251,0.85978745286253,0.9544729812618928,0.47,21341,57684,6835885,20309992,0.011659600015264004,1497123,14971230,0,35253925.0,2.7873660999903223,25500,12572613.0,5313262,0.03375210006197449,23.862197400128935,38.470779999988736
heterogeneity,HET__CICIoT2023_R1__a1.0__Oracle-Score-Exact__seed3407,CICIoT2023,CICIoT2023_R1,Oracle-Score-Exact,0.4,1.0,3407,FedAvg,clean,honest,0.8848228946751114,0.9069842543420118,0.9181997762810291,9221,1090,485.9129814550642,0.04859129814550642,0.9872388460116919,0.9815128900949797,0.86255980682953,0.9582235281642404,0.15,21342,57870,6888142,20358901,0.010808700011693873,1496751,14967510,0,35034095.0,2.842029499995988,25500,14305838.0,5365891,0.02746799997112248,24.71857049985556,39.81279729999369
heterogeneity,HET__CICIoT2023_R1__a1.0__Oracle-Score-Exact__seed42,CICIoT2023,CICIoT2023_R1,Oracle-Score-Exact,0.4,1.0,42,FedAvg,clean,honest,0.8936474425566614,0.9132278687647418,0.9249091038148793,8455,1066,475.21398002853067,0.047521398002853064,0.9879112765059075,0.98214465177046,0.8739771355323367,0.9596954235922801,0.38,21366,58636,6711965,20186594,0.010544199933065102,1497181,14971810,0,34539667.0,2.7667473999754293,25500,14992800.0,5189284,0.03334109998831991,24.09376220004924,39.265677800023695
heterogeneity,HET__CICIoT2023_R1__a1.0__Oracle-Score-Exact__seed777,CICIoT2023,CICIoT2023_R1,Oracle-Score-Exact,0.4,1.0,777,FedAvg,clean,honest,0.8881739888073455,0.9097689934797184,0.9207219050183327,8958,1053,469.41868758915837,0.04694186875891584,0.988137311948174,0.9822086304193559,0.8664798557183527,0.960821464482173,0.34,21379,58133,7025760,20501433,0.01205360000312794,1497297,14972970,0,35885905.0,2.7954961000359617,25500,17084666.0,5502963,0.0346538999438053,24.625728499988327,39.957386100068106
heterogeneity,HET__CICIoT2023_R1__a1.0__Oracle-Score-Exact__seed9001,CICIoT2023,CICIoT2023_R1,Oracle-Score-Exact,0.4,1.0,9001,FedAvg,clean,honest,0.900070372976777,0.9169641235010273,0.9298033615291662,7843,1103,491.7082738944365,0.04917082738944365,0.9893421712494377,0.98172358370201,0.8830990743914982,0.9652113282551426,0.28,21329,59248,6935672,20406557,0.011622200065176003,1496765,14967650,0,35632898.0,2.83124670003599,25500,12887019.0,5413407,0.03462920000310987,24.622505100007402,39.70658859999094
heterogeneity,HET__CICIoT2023_R1__a1.0__Random-Budget__seed11,CICIoT2023,CICIoT2023_R1,Random-Budget,0.4,1.0,11,FedAvg,clean,honest,0.8882521810037644,0.9106075235902369,0.9207151801423386,9004,1000,445.7917261055635,0.04457917261055635,0.9876235884872009,0.9830758034762299,0.8657942197910301,0.9599182878935633,0.62,21432,58087,6507703,19975897,0.013159900016034953,1496466,14964660,0,34000840.0,3.494525500005693,23100,13745120.0,4988137,0.004472099986742251,30.390349800116383,48.752474899971276
heterogeneity,HET__CICIoT2023_R1__a1.0__Random-Budget__seed123,CICIoT2023,CICIoT2023_R1,Random-Budget,0.4,1.0,123,FedAvg,clean,honest,0.8909330563095518,0.9132270122779776,0.9226956755815242,8820,944,420.82738944365195,0.04208273894436519,0.9876111982475355,0.9840580933884996,0.8685367635003205,0.9592416646787846,0.44,21488,58271,6658965,20132649,0.012117799968109466,1497076,14970760,0,35584611.0,3.38488309996319,23100,12982636.0,5138789,0.0039615000277990475,29.573659599976963,47.685106599950814
heterogeneity,HET__CICIoT2023_R1__a1.0__Random-Budget__seed2026,CICIoT2023,CICIoT2023_R1,Random-Budget,0.4,1.0,2026,FedAvg,clean,honest,0.8905532656412318,0.9116086190746824,0.9225185044600493,8762,1036,461.8402282453638,0.046184022824536375,0.9875314152838239,0.9825486397709088,0.8694012609739011,0.9591826471592834,0.21,21396,58329,6524291,19989587,0.01239660003921017,1496144,14961440,0,34995940.0,3.377841100009391,23100,12828912.0,5005047,0.004025100017315708,29.617239700004575,48.13253039997653
heterogeneity,HET__CICIoT2023_R1__a1.0__Random-Budget__seed2027,CICIoT2023,CICIoT2023_R1,Random-Budget,0.4,1.0,2027,FedAvg,clean,honest,0.8941165957351742,0.913169950923747,0.925294558064389,8388,1091,486.35877318116974,0.04863587731811698,0.9879315725499198,0.9817540221426899,0.8749757791656109,0.9602503300045495,0.47,21341,58703,6693929,20166290,0.01490699996065814,1496929,14969290,0,35475725.0,4.247178900070139,23100,14087248.0,5173900,0.004980300029274076,37.3662081999646,58.71824440002092
heterogeneity,HET__CICIoT2023_R1__a1.0__Random-Budget__seed2718,CICIoT2023,CICIoT2023_R1,Random-Budget,0.4,1.0,2718,FedAvg,clean,honest,0.8939490410285625,0.9144676795357323,0.9250552573413325,8498,996,444.0085592011412,0.04440085592011412,0.9876536068216862,0.9832855057141419,0.8733362149915787,0.9588269951833258,0.36,21436,58593,6655893,20130360,0.01635309997072909,1497163,14971630,0,34656165.0,4.753249200002756,23100,13660494.0,5135630,0.005630200001178309,41.23475750006037,65.49047079998127
heterogeneity,HET__CICIoT2023_R1__a1.0__Random-Budget__seed314,CICIoT2023,CICIoT2023_R1,Random-Budget,0.4,1.0,314,FedAvg,clean,honest,0.8889335701439853,0.9093707095262336,0.921378699581709,8829,1114,496.6119828815977,0.04966119828815977,0.9875309201366815,0.981238210724872,0.868402617340627,0.9596004522335165,0.48,21318,58262,6633414,20102679,0.01758499993593432,1496585,14965850,0,34447378.0,5.019063500032644,23100,13642810.0,5113729,0.006157900032121688,42.71591820003232,66.89510369997879
heterogeneity,HET__CICIoT2023_R1__a1.0__Random-Budget__seed3407,CICIoT2023,CICIoT2023_R1,Random-Budget,0.4,1.0,3407,FedAvg,clean,honest,0.8919272142354479,0.9126736547180336,0.9235534414778878,8649,1026,457.3823109843081,0.045738231098430816,0.9873571880487891,0.9827470236093361,0.8710855405344979,0.9584277208547269,0.35,21406,58442,6670073,20143955,0.012261600015335716,1497098,14970980,0,34414058.0,3.3078238000598503,23100,14300458.0,5149875,0.0038968000299064443,28.804920800219406,46.379843099959544
heterogeneity,HET__CICIoT2023_R1__a1.0__Random-Budget__seed42,CICIoT2023,CICIoT2023_R1,Random-Budget,0.4,1.0,42,FedAvg,clean,honest,0.8853925806775912,0.9083139045279931,0.9185546223823964,9234,1026,457.3823109843081,0.045738231098430816,0.9868119988870386,0.9825756160521713,0.8623660401544171,0.956289406630435,0.51,21406,57857,6504138,19978614,0.01260870005353354,1497164,14971640,0,34357224.0,3.242435900014243,23100,10925681.0,4983874,0.004222300020046532,28.422850899980403,46.112158899966744
heterogeneity,HET__CICIoT2023_R1__a1.0__Random-Budget__seed777,CICIoT2023,CICIoT2023_R1,Random-Budget,0.4,1.0,777,FedAvg,clean,honest,0.8860851401315863,0.9072774243128294,0.9192160839050049,9071,1127,502.40727532097003,0.050240727532097004,0.9873619990287662,0.9809457791603969,0.8647955761577559,0.9585957779766024,0.52,21305,58020,6765359,20242004,0.012284500044188462,1497405,14974050,0,35673597.0,3.429022199983592,23100,14154882.0,5244854,0.0040569999982835725,30.177628399949754,48.69446060000337
heterogeneity,HET__CICIoT2023_R1__a1.0__Random-Budget__seed9001,CICIoT2023,CICIoT2023_R1,Random-Budget,0.4,1.0,9001,FedAvg,clean,honest,0.8939490410285625,0.9130878365010914,0.9251651348667097,8405,1089,485.46718972895866,0.048546718972895864,0.9880615289041176,0.9817816813048934,0.8747223919750786,0.9608912545320574,0.48,21343,58686,6644662,20114854,0.012941000022692606,1496688,14966880,0,35533677.0,3.8933410000317963,23100,12239189.0,5124874,0.004511999984970316,33.882872000103816,54.31273190000502
heterogeneity,HET__CICIoT2023_R1__a1.0__Utility-Only__seed11,CICIoT2023,CICIoT2023_R1,Utility-Only,0.4,1.0,11,FedAvg,clean,honest,0.891156462585034,0.9107202366503893,0.9230842095292223,8621,1123,500.6241084165478,0.05006241084165478,0.9882682788613164,0.9811555048411726,0.8715028841424334,0.9619461658241087,0.4,21309,58470,5505465,18976305,0.015524600006756373,1496760,14967600,0,34462664.0,6.431395700012217,25500,10951025.0,3983205,0.002192299987655133,42.28290860002744,65.50999429999501
heterogeneity,HET__CICIoT2023_R1__a1.0__Utility-Only__seed123,CICIoT2023,CICIoT2023_R1,Utility-Only,0.4,1.0,123,FedAvg,clean,honest,0.8979145024183729,0.9146207202319858,0.9282489734711983,7975,1164,518.9015691868759,0.05189015691868759,0.9883416402440237,0.9806901128069011,0.8811315973826593,0.9619971304410977,0.25,21268,59116,6050776,19524505,0.012623800008441322,1497081,14970810,0,35748968.0,3.915094700001646,25500,11740902.0,4528195,0.0017709000530885532,32.72748049994698,52.13772689997859
heterogeneity,HET__CICIoT2023_R1__a1.0__Utility-Only__seed2026,CICIoT2023,CICIoT2023_R1,Utility-Only,0.4,1.0,2026,FedAvg,clean,honest,0.8892128279883382,0.9096608827900641,0.921583200240358,8811,1107,493.4914407988588,0.04934914407988588,0.9883705012932672,0.9813595568053615,0.868670909660014,0.9619393890137846,0.19,21325,58280,6241862,19709534,0.012961299973540008,1496408,14964080,0,35488630.0,3.5476694000099087,25500,17580000.0,4719954,0.001782700011972338,31.24994299982791,50.31505800008017
heterogeneity,HET__CICIoT2023_R1__a1.0__Utility-Only__seed2027,CICIoT2023,CICIoT2023_R1,Utility-Only,0.4,1.0,2027,FedAvg,clean,honest,0.8906873094065212,0.9102885327694148,0.9227368188349729,8655,1131,504.1904422253923,0.050419044222539226,0.9880898591797869,0.9810129769839004,0.8709961097613689,0.9614528188166132,0.44,21301,58436,6485336,19958579,0.011151799975777976,1497027,14970270,0,35855005.0,3.2020169999887003,25500,15837165.0,4962809,0.0015541000320808962,25.87364169981447,41.21020299998054
heterogeneity,HET__CICIoT2023_R1__a1.0__Utility-Only__seed2718,CICIoT2023,CICIoT2023_R1,Utility-Only,0.4,1.0,2718,FedAvg,clean,honest,0.8914022094880645,0.9122788731243112,0.9231571792156057,8693,1029,458.71968616262484,0.045871968616262485,0.9879025570367233,0.9826846382957242,0.870429714864885,0.9601245267834215,0.18,21403,58398,5929043,19402169,0.0125994999834802,1497014,14970140,0,34797793.0,3.4989640999847325,25500,9045996.0,4406529,0.0018441000138409436,29.16368430001603,46.760882299990044
heterogeneity,HET__CICIoT2023_R1__a1.0__Utility-Only__seed314,CICIoT2023,CICIoT2023_R1,Utility-Only,0.4,1.0,314,FedAvg,clean,honest,0.88036593947924,0.9038326368729371,0.9147808650816385,9608,1102,491.26248216833096,0.0491262482168331,0.9874688534219992,0.9811897243321669,0.8567915219627074,0.9598082080817012,0.5,21330,57483,6383642,19855778,0.0165680000645807,1496904,14969040,0,35139238.0,4.736123900045641,25500,11203809.0,4861238,0.002214599968283437,40.01121230018907,64.27321439997468
heterogeneity,HET__CICIoT2023_R1__a1.0__Utility-Only__seed3407,CICIoT2023,CICIoT2023_R1,Utility-Only,0.4,1.0,3407,FedAvg,clean,honest,0.8732281089775812,0.8992781665101062,0.9092145365533681,10261,1088,485.02139800285306,0.04850213980028531,0.9851568429480537,0.9812148209537622,0.8470584728204975,0.951126124678086,0.41,21344,56830,4629053,18098300,0.010165200001210906,1496583,14965830,4,35218230.0,3.729731699961121,25500,9029756.0,3106970,0.0018316000350750983,32.38300969975535,51.885761599900434
heterogeneity,HET__CICIoT2023_R1__a1.0__Utility-Only__seed42,CICIoT2023,CICIoT2023_R1,Utility-Only,0.4,1.0,42,FedAvg,clean,honest,0.8908213531718105,0.9099031788424524,0.922877838622627,8611,1163,518.4557774607704,0.05184557774607703,0.9874813888065519,0.9805006455074359,0.8716519354309819,0.9589737740244471,0.4,21269,58480,6260908,19733917,0.013351999965379946,1497001,14970010,0,34881728.0,5.989496099951793,25500,15390542.0,4738407,0.0019011999684153125,46.71269169982406,67.17557989993657
heterogeneity,HET__CICIoT2023_R1__a1.0__Utility-Only__seed777,CICIoT2023,CICIoT2023_R1,Utility-Only,0.4,1.0,777,FedAvg,clean,honest,0.8893021904985311,0.9108629539900785,0.9215559003261248,8880,1030,459.1654778887304,0.04591654778887304,0.9879774243408878,0.9826133927516416,0.8676424557690301,0.9604499910893483,0.45,21402,58211,6076185,19550256,0.014037800036021508,1497119,14971190,0,35926140.0,3.874254699971061,25500,13640512.0,4553566,0.0019796000560745597,33.45127879989741,54.15904569994018
heterogeneity,HET__CICIoT2023_R1__a1.0__Utility-Only__seed9001,CICIoT2023,CICIoT2023_R1,Utility-Only,0.4,1.0,9001,FedAvg,clean,honest,0.8814941411704255,0.9054458931490224,0.9155744423488592,9565,1044,465.4065620542083,0.046540656205420826,0.9876787078763463,0.9821751750042684,0.8574324425034654,0.9605866309610868,0.49,21388,57526,6028510,19500106,0.011733800041838549,1496844,14968440,0,35861564.0,3.6596634999878006,25500,12546436.0,4506166,0.0017922000406542793,29.068328199908137,45.95593509996252
natural_partition,NATURAL__CICIoT2023_SOURCE_GROUP__CB-Score__seed11,CICIoT2023,CICIoT2023_R1_NATURAL_SOURCE_GROUP_K10,CB-Score,0.4,0.5,11,FedAvg,clean,honest,0.8205824201601823,0.8738428056499199,0.8650138667114884,15627,435,193.91940085592012,0.019391940085592013,0.9779954488314477,0.991618335613403,0.7670775513854318,0.9272579953923166,0.05,21997,51464,1562795,14975855,0.0005381000664783642,1490340,14903400,29,35614958.0,3.545406099932734,25500,187820.0,46955,0.010955300051136874,25.107669400022132,38.71243470002082
natural_partition,NATURAL__CICIoT2023_SOURCE_GROUP__CB-Score__seed123,CICIoT2023,CICIoT2023_R1_NATURAL_SOURCE_GROUP_K10,CB-Score,0.4,0.5,123,FedAvg,clean,honest,0.8268936474425567,0.8797597620673656,0.8701278022208255,15177,320,142.65335235378032,0.014265335235378032,0.9769628950217428,0.9938737220967186,0.7737848593701092,0.923334941823007,0.05,22112,51914,1562924,14979224,0.00039899996772874147,1490700,14907000,29,35673099.0,2.796065999966231,25500,93448.0,46724,0.011319200042635202,24.024982599992654,37.72666170001321
natural_partition,NATURAL__CICIoT2023_SOURCE_GROUP__CB-Score__seed2026,CICIoT2023,CICIoT2023_R1_NATURAL_SOURCE_GROUP_K10,CB-Score,0.4,0.5,2026,FedAvg,clean,honest,0.6088156116305307,0.7213848117608739,0.6551044928992101,33832,1188,529.6005706134094,0.052960057061340944,0.9396532710985855,0.9655122361889279,0.49572968058308864,0.8244062015802582,0.31,21244,33259,1510170,14872200,0.00026460003573447466,1484670,14846700,30,35804456.0,2.9245986999594606,25500,0.0,0,0.011709599988535047,24.039849299937487,37.728418000086094
natural_partition,NATURAL__CICIoT2023_SOURCE_GROUP__CB-Score__seed2027,CICIoT2023,CICIoT2023_R1_NATURAL_SOURCE_GROUP_K10,CB-Score,0.4,0.5,2027,FedAvg,clean,honest,0.8113557409827642,0.8700905849770845,0.8566870332654447,16615,273,121.70114122681883,0.012170114122681883,0.9744530448954908,0.9946205836568208,0.7523512840768508,0.9126201967212288,0.07,22159,50476,1562333,14971613,0.0005231999821262434,1489920,14899200,29,35683254.0,2.8849312999809626,25500,25021.0,46913,0.01119289999769535,24.73151729996607,38.58820620004553
natural_partition,NATURAL__CICIoT2023_SOURCE_GROUP__CB-Score__seed2718,CICIoT2023,CICIoT2023_R1_NATURAL_SOURCE_GROUP_K10,CB-Score,0.4,0.5,2718,FedAvg,clean,honest,0.8633870625425868,0.900961841413639,0.9005820381088638,11698,532,237.16119828815977,0.02371611982881598,0.9780369820973834,0.9904872597228431,0.8256398026560939,0.9261057505922026,0.05,21900,55393,1562549,14975339,0.0004701999860117212,1490310,14903100,29,35229949.0,2.992330099979881,25500,18696.0,46739,0.011249799994402565,24.34739640011685,38.01776210000389
natural_partition,NATURAL__CICIoT2023_SOURCE_GROUP__CB-Score__seed314,CICIoT2023,CICIoT2023_R1_NATURAL_SOURCE_GROUP_K10,CB-Score,0.4,0.5,314,FedAvg,clean,honest,0.8638338750935514,0.8994498273216369,0.9011354420113544,11536,654,291.54778887303854,0.02915477888730385,0.9804634925335767,0.9883648526036756,0.8280544335305778,0.9352689818809341,0.05,21778,55555,1562894,14977844,0.0006430000066757202,1490550,14905500,29,35622728.0,2.90385870001046,25500,62459.0,46844,0.010524300028919242,24.431353800013312,38.13841319993662
natural_partition,NATURAL__CICIoT2023_SOURCE_GROUP__CB-Score__seed3407,CICIoT2023,CICIoT2023_R1_NATURAL_SOURCE_GROUP_K10,CB-Score,0.4,0.5,3407,FedAvg,clean,honest,0.8233749986037108,0.875780131866164,0.86738237020884,15382,430,191.6904422253923,0.01916904422253923,0.9769567589207205,0.9917528145917643,0.7707293079548673,0.9228701605428026,0.05,22002,51709,1562368,14972188,0.0003847000189125538,1489980,14899800,29,35591393.0,3.145675600026152,25500,25007.0,46888,0.010817000002134591,25.292292899946915,39.29038219999347
natural_partition,NATURAL__CICIoT2023_SOURCE_GROUP__CB-Score__seed42,CICIoT2023,CICIoT2023_R1_NATURAL_SOURCE_GROUP_K10,CB-Score,0.4,0.5,42,FedAvg,clean,honest,0.8666152832233057,0.9008455681858508,0.9033985648526426,11256,685,305.36733238231096,0.030536733238231098,0.978941913496607,0.9878803963198868,0.8322278696099328,0.9286978752255093,0.05,21747,55835,1562797,14975047,0.0005609000072581694,1490250,14902500,29,35743692.0,3.1147801000188338,25500,125459.0,47047,0.013576900018961169,24.597143200066057,38.23136770003475
natural_partition,NATURAL__CICIoT2023_SOURCE_GROUP__CB-Score__seed777,CICIoT2023,CICIoT2023_R1_NATURAL_SOURCE_GROUP_K10,CB-Score,0.4,0.5,777,FedAvg,clean,honest,0.8594104308390023,0.8983829135868671,0.8973827965756217,12059,527,234.93223965763195,0.023493223965763196,0.9761015832109365,0.990514588095538,0.8202590511394972,0.9171958739355457,0.05,21905,55032,1562874,14976204,0.00042750003922265023,1490370,14903700,29,35740024.0,3.0314349999825936,25500,25069.0,47004,0.01024659996619448,25.364394000163884,39.40810289999354
natural_partition,NATURAL__CICIoT2023_SOURCE_GROUP__CB-Score__seed9001,CICIoT2023,CICIoT2023_R1_NATURAL_SOURCE_GROUP_K10,CB-Score,0.4,0.5,9001,FedAvg,clean,honest,0.8649955877260592,0.9044682822791562,0.9016054448352221,11718,368,164.05135520684735,0.016405135520684736,0.9795585782567835,0.9933980373513213,0.8253417000789972,0.931037482111985,0.05,22064,55373,1562310,14971050,0.0005502999993041158,1489860,14898600,29,35579291.0,2.893540800010669,25500,187800.0,46950,0.011207299976376817,24.319602700255928,37.98357989998476
natural_partition,NATURAL__CICIoT2023_SOURCE_GROUP__Full-Contextual__seed11,CICIoT2023,CICIoT2023_R1_NATURAL_SOURCE_GROUP_K10,Full-Contextual,,0.5,11,FedAvg,clean,honest,0.7494275214190766,0.5,0.856768871237565,0,22432,10000.0,1.0,0.7268204187630237,0.7494275214190766,1.0,0.4409706793869361,0.05,0,67091,14697379,28131985,0.0447485000040615,1492734,14927340,0,34365230.0,3.0183133999380516,0,34365230.0,13204645,0.0002226999931735918,24.588563700090162,36.90476580000541
natural_partition,NATURAL__CICIoT2023_SOURCE_GROUP__Full-Contextual__seed123,CICIoT2023,CICIoT2023_R1_NATURAL_SOURCE_GROUP_K10,Full-Contextual,,0.5,123,FedAvg,clean,honest,0.7494275214190766,0.5,0.856768871237565,0,22432,10000.0,1.0,0.727836978753005,0.7494275214190766,1.0,0.4433959475745369,0.05,0,67091,14933355,28362399,0.047600300022168085,1492116,14921160,0,34938935.0,3.0655771999881836,0,34938935.0,13441239,0.0002443999837851152,24.993171199806966,37.37794680004299
natural_partition,NATURAL__CICIoT2023_SOURCE_GROUP__Full-Contextual__seed2026,CICIoT2023,CICIoT2023_R1_NATURAL_SOURCE_GROUP_K10,Full-Contextual,,0.5,2026,FedAvg,clean,honest,0.7494275214190766,0.5,0.856768871237565,0,22432,10000.0,1.0,0.7146451842776304,0.7494275214190766,1.0,0.4092689706595622,0.05,0,67091,15032989,28461421,0.04526260001875926,1492048,14920480,0,35413181.0,2.9044859999848995,0,35413181.0,13540941,0.0002112000365741551,24.755467200098792,36.99566830000549
natural_partition,NATURAL__CICIoT2023_SOURCE_GROUP__Full-Contextual__seed2027,CICIoT2023,CICIoT2023_R1_NATURAL_SOURCE_GROUP_K10,Full-Contextual,,0.5,2027,FedAvg,clean,honest,0.7494275214190766,0.5,0.856768871237565,0,22432,10000.0,1.0,0.721348118614887,0.7494275214190766,1.0,0.42701569601763656,0.05,0,67091,14992129,28417798,0.04805109999142587,1491741,14917410,0,35349082.0,2.961134299985133,0,35349082.0,13500388,0.00023200002033263445,24.355216100171674,36.787617299953126
natural_partition,NATURAL__CICIoT2023_SOURCE_GROUP__Full-Contextual__seed2718,CICIoT2023,CICIoT2023_R1_NATURAL_SOURCE_GROUP_K10,Full-Contextual,,0.5,2718,FedAvg,clean,honest,0.7494275214190766,0.5,0.856768871237565,0,22432,10000.0,1.0,0.72106973615539,0.7494275214190766,1.0,0.42590980449382615,0.05,0,67091,14657080,28091425,0.04862710008455906,1492705,14927050,0,34474624.0,3.0334574000007706,0,34474624.0,13164375,0.00023480004165321589,25.089025000022957,37.720224100005
natural_partition,NATURAL__CICIoT2023_SOURCE_GROUP__Full-Contextual__seed314,CICIoT2023,CICIoT2023_R1_NATURAL_SOURCE_GROUP_K10,Full-Contextual,,0.5,314,FedAvg,clean,honest,0.7494275214190766,0.5,0.856768871237565,0,22432,10000.0,1.0,0.7255272205261967,0.7494275214190766,1.0,0.4376837682386632,0.05,0,67091,14922191,28348292,0.04636219996609725,1491789,14917890,0,34934338.0,3.0524430999648757,0,34934338.0,13430402,0.00023239995061885566,24.88141019998875,37.2566789000266
natural_partition,NATURAL__CICIoT2023_SOURCE_GROUP__Full-Contextual__seed3407,CICIoT2023,CICIoT2023_R1_NATURAL_SOURCE_GROUP_K10,Full-Contextual,,0.5,3407,FedAvg,clean,honest,0.7494275214190766,0.5,0.856768871237565,0,22432,10000.0,1.0,0.7282999626167769,0.7494275214190766,1.0,0.4445910941222528,0.05,0,67091,14833279,28265959,0.04736769998271484,1492520,14925200,0,34933341.0,3.073798099969281,0,34933341.0,13340759,0.0002673000126378611,25.13635849986167,37.488624500037986
natural_partition,NATURAL__CICIoT2023_SOURCE_GROUP__Full-Contextual__seed42,CICIoT2023,CICIoT2023_R1_NATURAL_SOURCE_GROUP_K10,Full-Contextual,,0.5,42,FedAvg,clean,honest,0.7494275214190766,0.5,0.856768871237565,0,22432,10000.0,1.0,0.7299248957737944,0.7494275214190766,1.0,0.44887645122745223,0.05,0,67091,14743984,28174288,0.045293600036529824,1492256,14922560,0,34564311.0,2.9118681000254583,0,34564311.0,13251728,0.00022770000214222819,24.395170700066956,36.867627000043285
natural_partition,NATURAL__CICIoT2023_SOURCE_GROUP__Full-Contextual__seed777,CICIoT2023,CICIoT2023_R1_NATURAL_SOURCE_GROUP_K10,Full-Contextual,,0.5,777,FedAvg,clean,honest,0.7494275214190766,0.5,0.856768871237565,0,22432,10000.0,1.0,0.7182008983929425,0.7494275214190766,1.0,0.41894701428155867,0.05,0,67091,14944404,28369101,0.048279000009642914,1491633,14916330,0,35204666.0,2.882526500019594,0,35204666.0,13452771,0.00023879995569586754,24.198646199991344,36.57953080002335
natural_partition,NATURAL__CICIoT2023_SOURCE_GROUP__Full-Contextual__seed9001,CICIoT2023,CICIoT2023_R1_NATURAL_SOURCE_GROUP_K10,Full-Contextual,,0.5,9001,FedAvg,clean,honest,0.7494275214190766,0.5,0.856768871237565,0,22432,10000.0,1.0,0.7259220687978416,0.7494275214190766,1.0,0.43864991919602203,0.05,0,67091,14912234,28341278,0.04868589997931849,1492116,14921160,0,34931860.0,3.15450969999074,0,34931860.0,13420118,0.00024609996762592345,25.444869999948423,37.96696010003507
natural_partition,NATURAL__CICIoT2023_SOURCE_GROUP__Oort-Style-Adapted__seed11,CICIoT2023,CICIoT2023_R1_NATURAL_SOURCE_GROUP_K10,Oort-Style-Adapted,0.4,0.5,11,FedAvg,clean,honest,0.8575673290662734,0.9041859888264477,0.8950854472300617,12698,53,23.626961483594865,0.0023626961483594867,0.97878156539204,0.9990265584248613,0.810734673801255,0.9267642101745641,0.06,22379,54393,1749273,15192897,0.0015910000074654818,1493736,14937360,25,35101065.0,3.8424830999720143,25500,920148.0,230037,0.0032916999916778877,26.10214600006293,39.86269539993373
natural_partition,NATURAL__CICIoT2023_SOURCE_GROUP__Oort-Style-Adapted__seed123,CICIoT2023,CICIoT2023_R1_NATURAL_SOURCE_GROUP_K10,Oort-Style-Adapted,0.4,0.5,123,FedAvg,clean,honest,0.8538587848932676,0.9019046187209567,0.8920357487683509,13043,40,17.83166904422254,0.001783166904422254,0.978044665976922,0.999260464428339,0.8055924043463356,0.9228902029310968,0.16,22392,54048,1798694,15245882,0.001522799939266406,1494132,14941320,24,35495515.0,3.439606499989168,25500,558124.0,279062,0.0031417999853147194,24.873511999947368,38.20457909999823
natural_partition,NATURAL__CICIoT2023_SOURCE_GROUP__Oort-Style-Adapted__seed2026,CICIoT2023,CICIoT2023_R1_NATURAL_SOURCE_GROUP_K10,Oort-Style-Adapted,0.4,0.5,2026,FedAvg,clean,honest,0.8440177384582733,0.8955466277666901,0.8838945705495967,13938,26,11.59058487874465,0.0011590584878744651,0.9781593201398685,0.9995110852028056,0.7922523140212547,0.9253595678945736,0.05,22406,53153,1799123,15244061,0.0018382000271230936,1493882,14938820,24,34965498.0,4.2527747999702115,25500,223796.0,279741,0.003274699964094907,25.819307099969592,39.433500600018306
natural_partition,NATURAL__CICIoT2023_SOURCE_GROUP__Oort-Style-Adapted__seed2027,CICIoT2023,CICIoT2023_R1_NATURAL_SOURCE_GROUP_K10,Oort-Style-Adapted,0.4,0.5,2027,FedAvg,clean,honest,0.8524624956715035,0.9000086417454685,0.891008714021653,13103,105,46.80813124108417,0.004680813124108417,0.9781914561550679,0.998058898563585,0.8046980966150452,0.9251186183669546,0.05,22327,53988,1751941,15195646,0.0012791999761248007,1493745,14937450,25,35299926.0,3.5448277000541566,25500,124107.0,232696,0.003483399996184744,25.808534900046652,39.50054310003179
natural_partition,NATURAL__CICIoT2023_SOURCE_GROUP__Oort-Style-Adapted__seed2718,CICIoT2023,CICIoT2023_R1_NATURAL_SOURCE_GROUP_K10,Oort-Style-Adapted,0.4,0.5,2718,FedAvg,clean,honest,0.8412028193871965,0.8936537445091026,0.8815530744875854,14189,27,12.036376604850213,0.0012036376604850213,0.9781654611116386,0.9994898826730148,0.7885111266786902,0.9251988055282762,0.43,22405,52902,1842064,15304570,0.0017517000087536871,1495834,14958340,23,34862382.0,3.930472300038673,25500,128296.0,320730,0.00327359999937471,25.760070300049847,39.52738049997424
natural_partition,NATURAL__CICIoT2023_SOURCE_GROUP__Oort-Style-Adapted__seed314,CICIoT2023,CICIoT2023_R1_NATURAL_SOURCE_GROUP_K10,Oort-Style-Adapted,0.4,0.5,314,FedAvg,clean,honest,0.8562604023547021,0.9032695277228061,0.8940259911386359,12812,56,24.964336661911556,0.0024964336661911554,0.9798779664954076,0.9989693567681973,0.8090354891118033,0.9317676643212316,0.05,22376,54279,1749050,15201764,0.0013858000165782869,1494746,14947460,25,34563617.0,3.8779854999738745,25500,305075.0,228804,0.003201300001819618,25.918763899957412,39.77882629998203
natural_partition,NATURAL__CICIoT2023_SOURCE_GROUP__Oort-Style-Adapted__seed3407,CICIoT2023,CICIoT2023_R1_NATURAL_SOURCE_GROUP_K10,Oort-Style-Adapted,0.4,0.5,3407,FedAvg,clean,honest,0.843894865006758,0.8955981827548892,0.8837750850375495,13958,17,7.578459343794579,0.000757845934379458,0.9773814311864232,0.9996801505174036,0.7919542114441579,0.9216574410661093,0.26,22415,53133,1797711,15254007,0.001334199943812564,1495144,14951440,24,35162013.0,3.7078700998972636,25500,147771.0,277067,0.00301290002244059,25.84451569977682,39.54872639996756
natural_partition,NATURAL__CICIoT2023_SOURCE_GROUP__Oort-Style-Adapted__seed42,CICIoT2023,CICIoT2023_R1_NATURAL_SOURCE_GROUP_K10,Oort-Style-Adapted,0.4,0.5,42,FedAvg,clean,honest,0.857723713459111,0.9041716285534087,0.8952265006128308,12676,61,27.193295292439373,0.0027193295292439372,0.9805669244270376,0.9988802408400029,0.8110625866360615,0.934267921612779,0.05,22371,54415,1753020,15204951,0.0015844000445213169,1494659,14946590,25,35304214.0,4.54393929996877,25500,620964.0,232861,0.003258999960962683,26.471551299997373,40.2772804999986
natural_partition,NATURAL__CICIoT2023_SOURCE_GROUP__Oort-Style-Adapted__seed777,CICIoT2023,CICIoT2023_R1_NATURAL_SOURCE_GROUP_K10,Oort-Style-Adapted,0.4,0.5,777,FedAvg,clean,honest,0.8625046077544318,0.906456267793795,0.8992032231384656,12187,122,54.386590584878746,0.0054386590584878745,0.9826120447439148,0.9977828662813942,0.8183511946460778,0.9411373790204804,0.05,22310,54904,1706686,15156538,0.0010537000198382884,1494428,14944280,26,35436308.0,3.667644700006349,25500,99606.0,186758,0.0031542999495286494,25.52175230003195,39.188257599947974
natural_partition,NATURAL__CICIoT2023_SOURCE_GROUP__Oort-Style-Adapted__seed9001,CICIoT2023,CICIoT2023_R1_NATURAL_SOURCE_GROUP_K10,Oort-Style-Adapted,0.4,0.5,9001,FedAvg,clean,honest,0.8505076907610335,0.8994462940645629,0.889313450611617,13328,55,24.51854493580599,0.002451854493580599,0.9814550814487852,0.9989780370879632,0.8013444426227064,0.9374635939968561,0.05,22377,53763,1798114,15259702,0.00147790000482928,1495732,14957320,24,35384945.0,3.6179902000149013,25500,1107528.0,276882,0.0030959999858168885,25.165515400003642,38.65579329994216
natural_partition,NATURAL__CICIoT2023_SOURCE_GROUP__Oracle-Score-Exact__seed11,CICIoT2023,CICIoT2023_R1_NATURAL_SOURCE_GROUP_K10,Oracle-Score-Exact,0.4,0.5,11,FedAvg,clean,honest,0.8205824201601823,0.8738428056499199,0.8650138667114884,15627,435,193.91940085592012,0.019391940085592013,0.9779954488314477,0.991618335613403,0.7670775513854318,0.9272579953923166,0.05,21997,51464,1562795,14975855,0.0005000000237487257,1490340,14903400,29,35614958.0,3.5707739000063157,25500,187820.0,46955,0.012615499988896772,25.15478369986522,38.93360050000774
natural_partition,NATURAL__CICIoT2023_SOURCE_GROUP__Oracle-Score-Exact__seed123,CICIoT2023,CICIoT2023_R1_NATURAL_SOURCE_GROUP_K10,Oracle-Score-Exact,0.4,0.5,123,FedAvg,clean,honest,0.8268936474425567,0.8797597620673656,0.8701278022208255,15177,320,142.65335235378032,0.014265335235378032,0.9769628950217428,0.9938737220967186,0.7737848593701092,0.923334941823007,0.05,22112,51914,1562924,14979224,0.000408699968829751,1490700,14907000,29,35673099.0,2.871412899941788,25500,93448.0,46724,0.011220600033993833,24.734695799910696,38.70897849999892
natural_partition,NATURAL__CICIoT2023_SOURCE_GROUP__Oracle-Score-Exact__seed2026,CICIoT2023,CICIoT2023_R1_NATURAL_SOURCE_GROUP_K10,Oracle-Score-Exact,0.4,0.5,2026,FedAvg,clean,honest,0.6088156116305307,0.7213848117608739,0.6551044928992101,33832,1188,529.6005706134094,0.052960057061340944,0.9396532710985855,0.9655122361889279,0.49572968058308864,0.8244062015802582,0.31,21244,33259,1510170,14872200,0.0002634000120451674,1484670,14846700,30,35804456.0,2.9218492999643786,25500,0.0,0,0.01221289997920394,23.926622700091684,37.49558090005303
natural_partition,NATURAL__CICIoT2023_SOURCE_GROUP__Oracle-Score-Exact__seed2027,CICIoT2023,CICIoT2023_R1_NATURAL_SOURCE_GROUP_K10,Oracle-Score-Exact,0.4,0.5,2027,FedAvg,clean,honest,0.8113557409827642,0.8700905849770845,0.8566870332654447,16615,273,121.70114122681883,0.012170114122681883,0.9744530448954908,0.9946205836568208,0.7523512840768508,0.9126201967212288,0.07,22159,50476,1562333,14971613,0.00040479996823705733,1489920,14899200,29,35683254.0,2.8418961000134004,25500,25021.0,46913,0.011230200019781478,24.385726600172347,37.93839579995256
natural_partition,NATURAL__CICIoT2023_SOURCE_GROUP__Oracle-Score-Exact__seed2718,CICIoT2023,CICIoT2023_R1_NATURAL_SOURCE_GROUP_K10,Oracle-Score-Exact,0.4,0.5,2718,FedAvg,clean,honest,0.8633870625425868,0.900961841413639,0.9005820381088638,11698,532,237.16119828815977,0.02371611982881598,0.9780369820973834,0.9904872597228431,0.8256398026560939,0.9261057505922026,0.05,21900,55393,1562549,14975339,0.0004923000378767028,1490310,14903100,29,35229949.0,2.947421499993652,25500,18696.0,46739,0.011803600049461238,24.756633299941313,38.59748129994841
natural_partition,NATURAL__CICIoT2023_SOURCE_GROUP__Oracle-Score-Exact__seed314,CICIoT2023,CICIoT2023_R1_NATURAL_SOURCE_GROUP_K10,Oracle-Score-Exact,0.4,0.5,314,FedAvg,clean,honest,0.8638338750935514,0.8994498273216369,0.9011354420113544,11536,654,291.54778887303854,0.02915477888730385,0.9804634925335767,0.9883648526036756,0.8280544335305778,0.9352689818809341,0.05,21778,55555,1562894,14977844,0.00044069996511098,1490550,14905500,29,35622728.0,3.0115306999796303,25500,62459.0,46844,0.012055599989253096,24.99348260006809,38.96103649995348
natural_partition,NATURAL__CICIoT2023_SOURCE_GROUP__Oracle-Score-Exact__seed3407,CICIoT2023,CICIoT2023_R1_NATURAL_SOURCE_GROUP_K10,Oracle-Score-Exact,0.4,0.5,3407,FedAvg,clean,honest,0.8233749986037108,0.875780131866164,0.86738237020884,15382,430,191.6904422253923,0.01916904422253923,0.9769567589207205,0.9917528145917643,0.7707293079548673,0.9228701605428026,0.05,22002,51709,1562368,14972188,0.0004741000011563301,1489980,14899800,29,35591393.0,3.0677680999797303,25500,25007.0,46888,0.01114089998009149,24.186113300107536,37.564792100005434
natural_partition,NATURAL__CICIoT2023_SOURCE_GROUP__Oracle-Score-Exact__seed42,CICIoT2023,CICIoT2023_R1_NATURAL_SOURCE_GROUP_K10,Oracle-Score-Exact,0.4,0.5,42,FedAvg,clean,honest,0.8666152832233057,0.9008455681858508,0.9033985648526426,11256,685,305.36733238231096,0.030536733238231098,0.978941913496607,0.9878803963198868,0.8322278696099328,0.9286978752255093,0.05,21747,55835,1562797,14975047,0.00041239998245146126,1490250,14902500,29,35743692.0,3.1505284000304528,25500,125459.0,47047,0.010763999976916239,24.975932700035628,38.755541899983655
natural_partition,NATURAL__CICIoT2023_SOURCE_GROUP__Oracle-Score-Exact__seed777,CICIoT2023,CICIoT2023_R1_NATURAL_SOURCE_GROUP_K10,Oracle-Score-Exact,0.4,0.5,777,FedAvg,clean,honest,0.8594104308390023,0.8983829135868671,0.8973827965756217,12059,527,234.93223965763195,0.023493223965763196,0.9761015832109365,0.990514588095538,0.8202590511394972,0.9171958739355457,0.05,21905,55032,1562874,14976204,0.000620299979345873,1490370,14903700,29,35740024.0,2.9907845999550773,25500,25069.0,47004,0.011956300033489242,25.07755559979705,39.0736220000108
natural_partition,NATURAL__CICIoT2023_SOURCE_GROUP__Oracle-Score-Exact__seed9001,CICIoT2023,CICIoT2023_R1_NATURAL_SOURCE_GROUP_K10,Oracle-Score-Exact,0.4,0.5,9001,FedAvg,clean,honest,0.8649955877260592,0.9044682822791562,0.9016054448352221,11718,368,164.05135520684735,0.016405135520684736,0.9795585782567835,0.9933980373513213,0.8253417000789972,0.931037482111985,0.05,22064,55373,1562310,14971050,0.00043250000453554094,1489860,14898600,29,35579291.0,2.9570119999843882,25500,187800.0,46950,0.011671699976432137,24.50468830000318,38.19824460000382
natural_partition,NATURAL__CICIoT2023_SOURCE_GROUP__Random-Budget__seed11,CICIoT2023,CICIoT2023_R1_NATURAL_SOURCE_GROUP_K10,Random-Budget,0.4,0.5,11,FedAvg,clean,honest,0.826726092735945,0.8842771244268463,0.8693021923394503,15504,8,3.566333808844508,0.0003566333808844508,0.9855241258950107,0.9998449462157186,0.7689108822345769,0.952408585699207,0.05,22424,51587,2867709,16336812,0.008174699993105605,1496567,14965670,0,34806222.0,8.950852799971472,23100,5392168.0,1348042,0.00399660000402946,38.421852600047714,55.526890300025116
natural_partition,NATURAL__CICIoT2023_SOURCE_GROUP__Random-Budget__seed123,CICIoT2023,CICIoT2023_R1_NATURAL_SOURCE_GROUP_K10,Random-Budget,0.4,0.5,123,FedAvg,clean,honest,0.8325234855847101,0.8881301683427991,0.874227184645197,14984,9,4.012125534950071,0.0004012125534950071,0.9844124711161485,0.9998273083122265,0.7766615492390931,0.9483972870826263,0.08,22423,52107,2897169,16366884,0.006693800023640506,1496635,14966350,0,35131445.0,6.3548128999827895,23100,2754868.0,1377434,0.003338299968163483,30.518342199880863,44.308138299995335
natural_partition,NATURAL__CICIoT2023_SOURCE_GROUP__Random-Budget__seed2026,CICIoT2023,CICIoT2023_R1_NATURAL_SOURCE_GROUP_K10,Random-Budget,0.4,0.5,2026,FedAvg,clean,honest,0.8274298225037141,0.8847911470514072,0.8698954885761687,15444,5,2.2289586305278175,0.00022289586305278175,0.9819626809392887,0.999903198327267,0.7698051899658672,0.9428862053904219,0.05,22427,51647,2887477,16357921,0.007857399978092872,1496716,14967160,0,34683864.0,9.487693499948364,23100,1094140.0,1367661,0.0038604999863309786,39.49437959997158,56.22154359999695
natural_partition,NATURAL__CICIoT2023_SOURCE_GROUP__Random-Budget__seed2027,CICIoT2023,CICIoT2023_R1_NATURAL_SOURCE_GROUP_K10,Random-Budget,0.4,0.5,2027,FedAvg,clean,honest,0.8285133429398032,0.8854695347352334,0.870824428251687,15344,8,3.566333808844508,0.0003566333808844508,0.9841575593800796,0.9998454255627476,0.7712957028513512,0.9482935986952675,0.05,22424,51747,2881442,16348727,0.007633299959707074,1496365,14963650,0,35013198.0,7.879690500019933,23100,726403.0,1361977,0.003669100013212301,37.38692040016758,54.49422849997063
natural_partition,NATURAL__CICIoT2023_SOURCE_GROUP__Random-Budget__seed2718,CICIoT2023,CICIoT2023_R1_NATURAL_SOURCE_GROUP_K10,Random-Budget,0.4,0.5,2718,FedAvg,clean,honest,0.8239558549199647,0.8824733995144798,0.8669278573358552,15755,5,2.2289586305278175,0.00022289586305278175,0.9848373371877288,0.9999026119475662,0.7651696948920124,0.9513400666331554,0.06,22427,51336,2869285,16339918,0.007094199987477623,1496737,14967370,0,34858989.0,8.441735700005665,23100,539793.0,1349448,0.0035660999710671604,35.75287070000195,51.61551439996401
natural_partition,NATURAL__CICIoT2023_SOURCE_GROUP__Random-Budget__seed314,CICIoT2023,CICIoT2023_R1_NATURAL_SOURCE_GROUP_K10,Random-Budget,0.4,0.5,314,FedAvg,clean,honest,0.8227718016599086,0.8816982647070513,0.8659105506913222,15862,4,1.783166904422254,0.0001783166904422254,0.9844807366217095,0.9999219253215701,0.7635748461045446,0.9489268228153978,0.05,22428,51229,2853907,16321903,0.007767799950670451,1496444,14964440,0,34273625.0,7.601009899968631,23100,1779161.0,1334363,0.0036961999867344275,37.64844900013122,55.048055799954454
natural_partition,NATURAL__CICIoT2023_SOURCE_GROUP__Random-Budget__seed3407,CICIoT2023,CICIoT2023_R1_NATURAL_SOURCE_GROUP_K10,Random-Budget,0.4,0.5,3407,FedAvg,clean,honest,0.8244250080984775,0.8828160812641872,0.8673250611969275,15715,3,1.3373751783166905,0.00013373751783166905,0.9825547337681675,0.9999416103855661,0.7657659000462059,0.945273244965729,0.05,22429,51376,2882834,16355375,0.007736200001090765,1496949,14969490,0,35015436.0,8.734464800028945,23100,726833.0,1362785,0.0038365999498637393,40.02355269998952,57.5561532000429
natural_partition,NATURAL__CICIoT2023_SOURCE_GROUP__Random-Budget__seed42,CICIoT2023,CICIoT2023_R1_NATURAL_SOURCE_GROUP_K10,Random-Budget,0.4,0.5,42,FedAvg,clean,honest,0.8276755694067446,0.8849402664469326,0.8701070162587251,15421,6,2.674750356633381,0.0002674750356633381,0.9851567136383766,0.9998838919421008,0.7701480079295285,0.9517740004362248,0.05,22426,51670,2886053,16354715,0.006716200019582175,1496518,14965180,0,35039080.0,8.472216800000751,23100,3643838.0,1366435,0.0032909000292420387,32.40630129998317,45.817903000017395
natural_partition,NATURAL__CICIoT2023_SOURCE_GROUP__Random-Budget__seed777,CICIoT2023,CICIoT2023_R1_NATURAL_SOURCE_GROUP_K10,Random-Budget,0.4,0.5,777,FedAvg,clean,honest,0.8226265875808452,0.8816162183913726,0.8657836681909238,15876,3,1.3373751783166905,0.00013373751783166905,0.9826134319359003,0.9999414268421258,0.7633661743005768,0.9461011836107541,0.05,22429,51215,2887785,16360533,0.009107500009122305,1496972,14969720,0,35192744.0,10.770456899961573,23100,729461.0,1367713,0.004650899994885549,47.70572009994066,67.43465540000761
natural_partition,NATURAL__CICIoT2023_SOURCE_GROUP__Random-Budget__seed9001,CICIoT2023,CICIoT2023_R1_NATURAL_SOURCE_GROUP_K10,Random-Budget,0.4,0.5,9001,FedAvg,clean,honest,0.8286473867050925,0.8855738025302402,0.8709362590024904,15333,7,3.1205420827389445,0.0003120542082738944,0.9852644227569418,0.9998647734956051,0.7714596592687544,0.9521743501906019,0.05,22425,51758,2877216,16346427,0.008140800026012585,1496579,14965790,0,35039175.0,7.464372099988395,23100,5430148.0,1357537,0.0041668000048957765,35.95487630003481,52.0522877999756
natural_partition,NATURAL__CICIoT2023_SOURCE_GROUP__Utility-Only__seed11,CICIoT2023,CICIoT2023_R1_NATURAL_SOURCE_GROUP_K10,Utility-Only,0.4,0.5,11,FedAvg,clean,honest,0.8575673290662734,0.9041859888264477,0.8950854472300617,12698,53,23.626961483594865,0.0023626961483594867,0.97878156539204,0.9990265584248613,0.810734673801255,0.9267642101745641,0.06,22379,54393,1749273,15192897,0.0013632000191137195,1493736,14937360,25,35101065.0,3.4114495000540046,25500,920148.0,230037,0.0012104999914299697,23.576142800200614,35.86999619999551
natural_partition,NATURAL__CICIoT2023_SOURCE_GROUP__Utility-Only__seed123,CICIoT2023,CICIoT2023_R1_NATURAL_SOURCE_GROUP_K10,Utility-Only,0.4,0.5,123,FedAvg,clean,honest,0.8538587848932676,0.9019046187209567,0.8920357487683509,13043,40,17.83166904422254,0.001783166904422254,0.978044665976922,0.999260464428339,0.8055924043463356,0.9228902029310968,0.16,22392,54048,1798694,15245882,0.0016114000463858247,1494132,14941320,24,35495515.0,3.2701369999849703,25500,558124.0,279062,0.0012290000158827752,23.436570899910294,35.913373099960154
natural_partition,NATURAL__CICIoT2023_SOURCE_GROUP__Utility-Only__seed2026,CICIoT2023,CICIoT2023_R1_NATURAL_SOURCE_GROUP_K10,Utility-Only,0.4,0.5,2026,FedAvg,clean,honest,0.8440177384582733,0.8955466277666901,0.8838945705495967,13938,26,11.59058487874465,0.0011590584878744651,0.9781593201398685,0.9995110852028056,0.7922523140212547,0.9253595678945736,0.05,22406,53153,1799123,15244061,0.001675399995292537,1493882,14938820,24,34965498.0,4.152042500019888,25500,223796.0,279741,0.0012791999761248007,24.847373999858974,37.37876969999343
natural_partition,NATURAL__CICIoT2023_SOURCE_GROUP__Utility-Only__seed2027,CICIoT2023,CICIoT2023_R1_NATURAL_SOURCE_GROUP_K10,Utility-Only,0.4,0.5,2027,FedAvg,clean,honest,0.8524624956715035,0.9000086417454685,0.891008714021653,13103,105,46.80813124108417,0.004680813124108417,0.9781914561550679,0.998058898563585,0.8046980966150452,0.9251186183669546,0.05,22327,53988,1751941,15195646,0.0013946000399300829,1493745,14937450,25,35299926.0,3.630429800003185,25500,124107.0,232696,0.0010561999661149457,25.710297699886723,39.42196170000534
natural_partition,NATURAL__CICIoT2023_SOURCE_GROUP__Utility-Only__seed2718,CICIoT2023,CICIoT2023_R1_NATURAL_SOURCE_GROUP_K10,Utility-Only,0.4,0.5,2718,FedAvg,clean,honest,0.8412028193871965,0.8936537445091026,0.8815530744875854,14189,27,12.036376604850213,0.0012036376604850213,0.9781654611116386,0.9994898826730148,0.7885111266786902,0.9251988055282762,0.43,22405,52902,1842064,15304570,0.0019542000227374956,1495834,14958340,23,34862382.0,3.825941699979012,25500,128296.0,320730,0.0012630999844986945,24.810595600196393,37.744017899996834
natural_partition,NATURAL__CICIoT2023_SOURCE_GROUP__Utility-Only__seed314,CICIoT2023,CICIoT2023_R1_NATURAL_SOURCE_GROUP_K10,Utility-Only,0.4,0.5,314,FedAvg,clean,honest,0.8562604023547021,0.9032695277228061,0.8940259911386359,12812,56,24.964336661911556,0.0024964336661911554,0.9798779664954076,0.9989693567681973,0.8090354891118033,0.9317676643212316,0.05,22376,54279,1749050,15201764,0.0014161000435706228,1494746,14947460,25,34563617.0,3.5808387999713887,25500,305075.0,228804,0.0013090000284137204,24.03466740010481,36.510369699957664
natural_partition,NATURAL__CICIoT2023_SOURCE_GROUP__Utility-Only__seed3407,CICIoT2023,CICIoT2023_R1_NATURAL_SOURCE_GROUP_K10,Utility-Only,0.4,0.5,3407,FedAvg,clean,honest,0.843894865006758,0.8955981827548892,0.8837750850375495,13958,17,7.578459343794579,0.000757845934379458,0.9773814311864232,0.9996801505174036,0.7919542114441579,0.9216574410661093,0.26,22415,53133,1797711,15254007,0.0017514999926788732,1495144,14951440,24,35162013.0,3.3369738000328653,25500,147771.0,277067,0.001212000017403625,23.258766099999775,35.8103355000203
natural_partition,NATURAL__CICIoT2023_SOURCE_GROUP__Utility-Only__seed42,CICIoT2023,CICIoT2023_R1_NATURAL_SOURCE_GROUP_K10,Utility-Only,0.4,0.5,42,FedAvg,clean,honest,0.857723713459111,0.9041716285534087,0.8952265006128308,12676,61,27.193295292439373,0.0027193295292439372,0.9805669244270376,0.9988802408400029,0.8110625866360615,0.934267921612779,0.05,22371,54415,1753020,15204951,0.0013789999939035624,1494659,14946590,25,35304214.0,5.046778799965978,25500,620964.0,232861,0.0012316999927861616,30.469983000002685,46.30313739996927
natural_partition,NATURAL__CICIoT2023_SOURCE_GROUP__Utility-Only__seed777,CICIoT2023,CICIoT2023_R1_NATURAL_SOURCE_GROUP_K10,Utility-Only,0.4,0.5,777,FedAvg,clean,honest,0.8625046077544318,0.906456267793795,0.8992032231384656,12187,122,54.386590584878746,0.0054386590584878745,0.9826120447439148,0.9977828662813942,0.8183511946460778,0.9411373790204804,0.05,22310,54904,1706686,15156538,0.001412099998560734,1494428,14944280,26,35436308.0,3.3356382999772904,25500,99606.0,186758,0.0012372999917715788,23.784544499911135,36.21506670008239
natural_partition,NATURAL__CICIoT2023_SOURCE_GROUP__Utility-Only__seed9001,CICIoT2023,CICIoT2023_R1_NATURAL_SOURCE_GROUP_K10,Utility-Only,0.4,0.5,9001,FedAvg,clean,honest,0.8505076907610335,0.8994462940645629,0.889313450611617,13328,55,24.51854493580599,0.002451854493580599,0.9814550814487852,0.9989780370879632,0.8013444426227064,0.9374635939968561,0.05,22377,53763,1798114,15259702,0.001833200003602542,1495732,14957320,24,35384945.0,3.8785810999688692,25500,1107528.0,276882,0.0012102999462513253,26.343858999869553,40.27200340003765
ood_stress,OOD__CICIDS2017_FILE_DISJOINT__CB-Score__seed11,CICIDS2017,CICIDS2017_FILE_DISJOINT_OOD,CB-Score,0.4,0.5,11,FedAvg,clean,honest,0.7652036789568792,0.5005062924526713,0.0024443358072974535,89722,62,2.1192306509114403,0.00021192306509114402,0.16806952693725868,0.6395348837209303,0.0012245079704336984,0.28455750898966936,0.83,292497,110,8236839,26679693,0.015353900045738555,2049206,20492060,0,48278152.0,6.549298199926852,25500,19353647.0,6162133,0.014728200010722503,46.37891709995165,65.32359429998905
ood_stress,OOD__CICIDS2017_FILE_DISJOINT__CB-Score__seed123,CICIDS2017,CICIDS2017_FILE_DISJOINT_OOD,CB-Score,0.4,0.5,123,FedAvg,clean,honest,0.7648506371750381,0.5003989901878337,0.003148454042548474,89690,229,7.827480952559997,0.0007827480952559997,0.17246531144325397,0.38274932614555257,0.0015807284709235016,0.34807753123793533,0.62,292330,142,8954198,27382553,0.015259399951901287,2047595,20475950,0,48029350.0,6.577104100011638,25500,20761690.0,6881103,0.012540900061139837,45.35202760010725,64.99030549998861
ood_stress,OOD__CICIDS2017_FILE_DISJOINT__CB-Score__seed2026,CICIDS2017,CICIDS2017_FILE_DISJOINT_OOD,CB-Score,0.4,0.5,2026,FedAvg,clean,honest,0.7626356268845239,0.5000236338882271,0.009169705041154509,89412,1354,46.28126292474339,0.004628126292474339,0.17508301632825168,0.23675310033821872,0.004675394068928667,0.36051113538272356,0.51,291205,420,8701040,27138764,0.014445199994952418,2048636,20486360,0,48374238.0,5.766637900000205,25500,21949405.0,6626904,0.01261859995429404,40.592013699992094,59.24926960001176
ood_stress,OOD__CICIDS2017_FILE_DISJOINT__CB-Score__seed2027,CICIDS2017,CICIDS2017_FILE_DISJOINT_OOD,CB-Score,0.4,0.5,2027,FedAvg,clean,honest,0.7626199361386643,0.501193587379513,0.015744274809160304,89106,1666,56.94577845836225,0.005694577845836224,0.23544067808558422,0.30351170568561875,0.00808175260486241,0.5305872576137554,0.5,290893,726,7723771,26164618,0.01314490003278479,2048983,20489830,0,47975539.0,6.139946599971154,25500,9257066.0,5649288,0.012641999986954033,45.37996689979627,63.89238849998219
ood_stress,OOD__CICIDS2017_FILE_DISJOINT__CB-Score__seed2718,CICIDS2017,CICIDS2017_FILE_DISJOINT_OOD,CB-Score,0.4,0.5,2718,FedAvg,clean,honest,0.757520443734293,0.49560078970590077,0.0030106879421947915,89692,3030,103.56885277841393,0.010356885277841392,0.16581503748529758,0.04416403785488959,0.0015584646896428889,0.3147257064872379,0.48,289529,140,8600458,27027040,0.016060399982961826,2047398,20473980,0,48142935.0,6.5692538999719545,25500,14983546.0,6527560,0.013677599999937229,47.17941019994032,66.04918429996178
ood_stress,OOD__CICIDS2017_FILE_DISJOINT__CB-Score__seed314,CICIDS2017,CICIDS2017_FILE_DISJOINT_OOD,CB-Score,0.4,0.5,314,FedAvg,clean,honest,0.7619844609313504,0.5003694563697907,0.013441005907538887,89212,1803,61.62859457408591,0.006162859457408591,0.17252084075599772,0.25588113908378046,0.006901772196989937,0.3303474688305015,0.28,290756,620,9107774,27538415,0.01670970002305694,2047849,20478490,0,47295301.0,6.719532699979027,25500,20005816.0,7034425,0.013958600000478327,46.22259779997694,64.55788989999564
ood_stress,OOD__CICIDS2017_FILE_DISJOINT__CB-Score__seed3407,CICIDS2017,CICIDS2017_FILE_DISJOINT_OOD,CB-Score,0.4,0.5,3407,FedAvg,clean,honest,0.7653553561668553,0.5006285590873724,0.0025789813023855577,89716,10,0.3418113953082968,3.418113953082968e-05,0.1732200401041768,0.9206349206349206,0.0012912993142755365,0.3547760911915495,0.84,292549,116,9340915,27767083,0.017150900050182827,2047352,20473520,0,48245508.0,6.052952800004277,25500,15644324.0,7268063,0.014547500046319328,42.801145100049325,61.43967479999992
ood_stress,OOD__CICIDS2017_FILE_DISJOINT__CB-Score__seed42,CICIDS2017,CICIDS2017_FILE_DISJOINT_OOD,CB-Score,0.4,0.5,42,FedAvg,clean,honest,0.7652062940811891,0.5004732895145553,0.00224481858087459,89731,52,1.7774192556031434,0.00017774192556031432,0.19836394098322432,0.6601307189542484,0.0011243209546709413,0.3341347119417919,0.12,292507,101,8016648,26431899,0.01560570002766326,2046139,20461390,0,47691551.0,6.062116299988702,25500,11810563.0,5945009,0.013188199998694472,40.702583300109836,58.87838190000912
ood_stress,OOD__CICIDS2017_FILE_DISJOINT__CB-Score__seed777,CICIDS2017,CICIDS2017_FILE_DISJOINT_OOD,CB-Score,0.4,0.5,777,FedAvg,clean,honest,0.7537442042307481,0.4930557736649026,0.002542211300129229,89712,4454,152.2427954703154,0.015224279547031538,0.18179491818166962,0.026235242675994752,0.0013358268768367619,0.3946090522364463,0.31,288105,120,9148068,27567540,0.015594799959217198,2046608,20466080,0,48647042.0,6.182943100007833,25500,13207913.0,7075960,0.012961500004166737,44.85930810014543,63.59944029993494
ood_stress,OOD__CICIDS2017_FILE_DISJOINT__CB-Score__seed9001,CICIDS2017,CICIDS2017_FILE_DISJOINT_OOD,CB-Score,0.4,0.5,9001,FedAvg,clean,honest,0.7611162396604523,0.49993318365726175,0.014116885219362149,89178,2169,74.13889164236957,0.007413889164236957,0.17741599259285928,0.2316684378320935,0.007280256478760352,0.3069061476355024,0.36,290390,654,7742253,26168574,0.014671900018583983,2047369,20473690,0,48104064.0,6.240886699990369,25500,8546368.0,5669384,0.01426319996244274,43.1100578000769,61.24607149999065
ood_stress,OOD__CICIDS2017_FILE_DISJOINT__Full-Contextual__seed11,CICIDS2017,CICIDS2017_FILE_DISJOINT_OOD,Full-Contextual,,0.5,11,FedAvg,clean,honest,0.7651173798546513,0.500453750460789,0.002465598240762336,89721,96,3.2813893949596493,0.0003281389394959649,0.1634132126663696,0.5362318840579711,0.0012356398610740048,0.29699842740442733,0.84,292463,111,20451753,38893239,0.06416889997490216,2049054,20490540,0,48018662.0,5.479929799999809,0,48018662.0,18402699,0.00022090000857133418,40.89455659985833,56.82702160005283
ood_stress,OOD__CICIDS2017_FILE_DISJOINT__Full-Contextual__seed123,CICIDS2017,CICIDS2017_FILE_DISJOINT_OOD,Full-Contextual,,0.5,123,FedAvg,clean,honest,0.7663961756422092,0.5038080274106963,0.016817821607818965,89068,260,8.887096278015717,0.0008887096278015717,0.19203387747663722,0.74609375,0.008504764449194051,0.40808440988101635,0.77,292299,764,20604635,39039794,0.06244019996665884,2048351,20483510,0,48354476.0,5.318775999956415,0,48354476.0,18556284,0.00023460006923414767,39.343486099955044,55.91755419994297
ood_stress,OOD__CICIDS2017_FILE_DISJOINT__Full-Contextual__seed2026,CICIDS2017,CICIDS2017_FILE_DISJOINT_OOD,Full-Contextual,,0.5,2026,FedAvg,clean,honest,0.7650781529900024,0.5004435421595154,0.0025537962736781328,89717,115,3.9308310460454132,0.0003930831046045413,0.1716826431872589,0.5,0.0012801674236352302,0.34737887621515406,0.79,292444,115,20678416,39118219,0.06396029998722952,2048867,20488670,0,48472011.0,5.155504300011671,0,48472011.0,18629549,0.00023090001195669174,37.12012149981456,52.811819600028684
ood_stress,OOD__CICIDS2017_FILE_DISJOINT__Full-Contextual__seed2027,CICIDS2017,CICIDS2017_FILE_DISJOINT_OOD,Full-Contextual,,0.5,2027,FedAvg,clean,honest,0.7651932184596395,0.5005187406664832,0.0025550445466462264,89717,71,2.426860906688907,0.00024268609066889073,0.17458265572596643,0.6182795698924731,0.0012801674236352302,0.35890294438740683,0.54,292488,115,20630104,39058072,0.059453200025018305,2047552,20475520,0,48424221.0,5.288744299963582,0,48424221.0,18582552,0.0002474000066285953,40.34621519992652,55.95928999996977
ood_stress,OOD__CICIDS2017_FILE_DISJOINT__Full-Contextual__seed2718,CICIDS2017,CICIDS2017_FILE_DISJOINT_OOD,Full-Contextual,,0.5,2718,FedAvg,clean,honest,0.7651383008491308,0.5005947002319405,0.0031965548242449803,89688,121,4.135917883230391,0.0004135917883230391,0.1762495062446207,0.5433962264150943,0.0016029922522041143,0.36404488138895125,0.78,292438,144,20489183,38924702,0.06328490002488252,2048391,20483910,0,48062588.0,5.601775400020415,0,48062588.0,18440792,0.00026290002278983593,41.13723400005256,56.627614600016386
ood_stress,OOD__CICIDS2017_FILE_DISJOINT__Full-Contextual__seed314,CICIDS2017,CICIDS2017_FILE_DISJOINT_OOD,Full-Contextual,,0.5,314,FedAvg,clean,honest,0.7650310807524235,0.5005014875658407,0.003062379335596831,89694,156,5.3322577668094295,0.000533225776680943,0.1680634528368968,0.46938775510204084,0.0015362009083622762,0.3213607405350546,0.69,292403,138,20475658,38908918,0.06471010002132971,2048140,20481400,0,48135977.0,5.409054199975799,0,48135977.0,18427518,0.000259499967796728,39.70998449999024,55.599030800090986
ood_stress,OOD__CICIDS2017_FILE_DISJOINT__Full-Contextual__seed3407,CICIDS2017,CICIDS2017_FILE_DISJOINT_OOD,Full-Contextual,,0.5,3407,FedAvg,clean,honest,0.764340687934601,0.5000348689706593,0.0029651921842844815,89698,416,14.219354044825147,0.0014219354044825146,0.1718650290183775,0.24363636363636362,0.0014916733458010508,0.3473635318772843,0.69,292143,134,20521724,38955524,0.0602284999913536,2048200,20482000,0,48235343.0,5.070081299912999,0,48235343.0,18473524,0.0002533999504521489,37.629705099985586,53.19957160005288
ood_stress,OOD__CICIDS2017_FILE_DISJOINT__Full-Contextual__seed42,CICIDS2017,CICIDS2017_FILE_DISJOINT_OOD,Full-Contextual,,0.5,42,FedAvg,clean,honest,0.760653362657594,0.49758267286195607,0.0026806145799280813,89709,1815,62.03876824845587,0.0062038768248455865,0.16884511379024328,0.06346749226006192,0.001369222548757681,0.31957465946622704,0.45,290744,123,20525062,38939080,0.06188779998046812,2046002,20460020,0,48004903.0,6.549489099983475,0,48004903.0,18479060,0.000265199996647425,38.79749940002512,54.40492209998774
ood_stress,OOD__CICIDS2017_FILE_DISJOINT__Full-Contextual__seed777,CICIDS2017,CICIDS2017_FILE_DISJOINT_OOD,Full-Contextual,,0.5,777,FedAvg,clean,honest,0.7641680897301453,0.4999567832053,0.003161408706033206,89689,491,16.782939509637373,0.0016782939509637372,0.17421572474713898,0.22555205047318613,0.001591860361563808,0.35793962022609777,0.56,292068,143,20732372,39166991,0.05878289999964181,2048291,20482910,0,48747029.0,5.12143479999213,0,48747029.0,18684081,0.0002423999976599589,39.58349630009616,55.42890250000346
ood_stress,OOD__CICIDS2017_FILE_DISJOINT__Full-Contextual__seed9001,CICIDS2017,CICIDS2017_FILE_DISJOINT_OOD,Full-Contextual,,0.5,9001,FedAvg,clean,honest,0.7652952083077269,0.5006741023204714,0.003065815051374618,89694,55,1.8799626741956323,0.00018799626741956323,0.17648429411110939,0.7150259067357513,0.0015362009083622762,0.36966032326845133,0.79,292504,138,20667398,39094079,0.0617804999492364,2047409,20474090,0,48435681.0,5.032562100022915,0,48435681.0,18619989,0.0002467000304022804,37.64955590001773,52.83974190002482
ood_stress,OOD__CICIDS2017_FILE_DISJOINT__Oort-Style-Adapted__seed11,CICIDS2017,CICIDS2017_FILE_DISJOINT_OOD,Oort-Style-Adapted,0.4,0.5,11,FedAvg,clean,honest,0.7608808784725581,0.4977583590373204,0.0028354253683326607,89702,1735,59.30427708598949,0.005930427708598949,0.1734895338767179,0.06970509383378017,0.0014471457832398254,0.26945348054606777,0.47,290824,130,5402309,23837261,0.009930400032317266,2048328,20483280,8,48116964.0,6.725696699984837,25500,10198808.0,3328481,0.005009800021070987,47.21790060008061,66.36815249998472
ood_stress,OOD__CICIDS2017_FILE_DISJOINT__Oort-Style-Adapted__seed123,CICIDS2017,CICIDS2017_FILE_DISJOINT_OOD,Oort-Style-Adapted,0.4,0.5,123,FedAvg,clean,honest,0.7539168024352038,0.4970486010990277,0.023372633676519428,88706,5394,184.3730666292953,0.018437306662929528,0.22372746190084833,0.1726993865030675,0.01253450886098495,0.5076795550624174,0.47,287165,1126,8538014,26965226,0.01511529998970218,2047468,20474680,1,48126018.0,6.2731455999892205,25500,16261451.0,6465046,0.004676600001403131,43.49575489999552,62.503685999967274
ood_stress,OOD__CICIDS2017_FILE_DISJOINT__Oort-Style-Adapted__seed2026,CICIDS2017,CICIDS2017_FILE_DISJOINT_OOD,Oort-Style-Adapted,0.4,0.5,2026,FedAvg,clean,honest,0.7645106710147467,0.5001690990041961,0.0030997796942288745,89692,357,12.202666812506195,0.0012202666812506195,0.16776764741204683,0.28169014084507044,0.0015584646896428889,0.3163542681396416,0.51,292202,140,9176752,27602713,0.016961999994236976,2047329,20473290,0,48239378.0,5.8900504000193905,25500,19282018.0,7103923,0.004672299983212724,41.484788900081185,60.71027259998664
ood_stress,OOD__CICIDS2017_FILE_DISJOINT__Oort-Style-Adapted__seed2027,CICIDS2017,CICIDS2017_FILE_DISJOINT_OOD,Oort-Style-Adapted,0.4,0.5,2027,FedAvg,clean,honest,0.764141938487046,0.4999628339655963,0.0032932543541685086,89683,507,17.329837742130646,0.0017329837742130648,0.20112275470450613,0.22713414634146342,0.0016586517054056461,0.4546686772954146,0.95,292052,149,7880223,26323545,0.029132999989087693,2049258,20492580,0,48169101.0,13.20332480003708,25500,8754551.0,5805465,0.009459799955948256,99.60344030012493,140.58933810002054
ood_stress,OOD__CICIDS2017_FILE_DISJOINT__Oort-Style-Adapted__seed2718,CICIDS2017,CICIDS2017_FILE_DISJOINT_OOD,Oort-Style-Adapted,0.4,0.5,2718,FedAvg,clean,honest,0.7913496918076001,0.5895514099308964,0.3199284009546539,71065,8721,298.09371784836566,0.02980937178483656,0.37481972059268964,0.6827342840512224,0.20891219164662927,0.6217858964856513,0.54,283838,18767,7618104,26040699,0.01569679997919593,2046955,20469550,1,48063518.0,6.411237100008293,25500,11816225.0,5545649,0.00554420001571998,45.45794189993467,64.26628599998367
ood_stress,OOD__CICIDS2017_FILE_DISJOINT__Oort-Style-Adapted__seed314,CICIDS2017,CICIDS2017_FILE_DISJOINT_OOD,Oort-Style-Adapted,0.4,0.5,314,FedAvg,clean,honest,0.750334082130594,0.49085416158589784,0.0026534620366888135,89705,5765,197.0542693952331,0.01970542693952331,0.18258107350848887,0.021554650373387645,0.0014137501113189064,0.2653009198853293,0.29,286794,127,6429666,24850416,0.011539699975401163,2046750,20467500,10,47424955.0,6.510068500021589,25500,8747753.0,4357416,0.004918700011330657,45.2206664999685,63.91696870006854
ood_stress,OOD__CICIDS2017_FILE_DISJOINT__Oort-Style-Adapted__seed3407,CICIDS2017,CICIDS2017_FILE_DISJOINT_OOD,Oort-Style-Adapted,0.4,0.5,3407,FedAvg,clean,honest,0.76318741811392,0.49933902816915865,0.003280023774668971,89683,872,29.80595367088348,0.002980595367088348,0.21229607792539112,0.14593535749265427,0.0016586517054056461,0.4804147590792606,0.9,291687,149,8930114,27360953,0.018606199984787963,2047871,20478710,0,47979677.0,5.814319400058594,25500,10170515.0,6856743,0.005664999989676289,42.087748800069676,60.70874050002021
ood_stress,OOD__CICIDS2017_FILE_DISJOINT__Oort-Style-Adapted__seed42,CICIDS2017,CICIDS2017_FILE_DISJOINT_OOD,Oort-Style-Adapted,0.4,0.5,42,FedAvg,clean,honest,0.7647146507109216,0.500186698798058,0.002439267776163919,89722,249,8.51110374317659,0.000851110374317659,0.21044681373982674,0.3064066852367688,0.0012245079704336984,0.3134508895884474,0.09,292310,110,8443686,26856822,0.01743839998380281,2045904,20459040,0,48104810.0,6.2897892000182765,25500,11481397.0,6372282,0.005133699989528395,40.62652080011321,59.013293099953444
ood_stress,OOD__CICIDS2017_FILE_DISJOINT__Oort-Style-Adapted__seed777,CICIDS2017,CICIDS2017_FILE_DISJOINT_OOD,Oort-Style-Adapted,0.4,0.5,777,FedAvg,clean,honest,0.7262906292250602,0.4751680899619807,0.002554034994091412,89698,14966,511.55493421839697,0.0511554934218397,0.1815561720996347,0.008874172185430464,0.0014916733458010508,0.3949395399497328,0.31,277593,134,8893448,27309086,0.017280899977777153,2046182,20461820,0,48581554.0,5.915792699990561,25500,10714551.0,6821766,0.004996700008632615,44.38999869998952,63.42489609995391
ood_stress,OOD__CICIDS2017_FILE_DISJOINT__Oort-Style-Adapted__seed9001,CICIDS2017,CICIDS2017_FILE_DISJOINT_OOD,Oort-Style-Adapted,0.4,0.5,9001,FedAvg,clean,honest,0.7609776380720258,0.4979642990141661,0.0036409619116140146,89665,1735,59.30427708598949,0.005930427708598949,0.17576323316285397,0.08780231335436382,0.0018590257369311605,0.35178094707552016,0.19,290824,167,7565731,26000494,0.013717900059418753,2048307,20483070,0,48155433.0,6.312676100002136,25500,8540162.0,5491924,0.004889399962848984,45.505651200175635,63.7256593000202
ood_stress,OOD__CICIDS2017_FILE_DISJOINT__Oracle-Score-Exact__seed11,CICIDS2017,CICIDS2017_FILE_DISJOINT_OOD,Oracle-Score-Exact,0.4,0.5,11,FedAvg,clean,honest,0.7468585819226917,0.4895316193966026,0.007647752319442308,89459,7340,250.88956415628985,0.025088956415628985,0.16496984251646207,0.04835991183715804,0.0041521952088342685,0.27429871540532125,0.52,285219,373,8688486,27128703,0.030623399987234734,2048913,20489130,0,48017281.0,13.657822799970745,25500,20082422.0,6614073,0.05576999996264931,103.66074840002693,144.5704727999837
ood_stress,OOD__CICIDS2017_FILE_DISJOINT__Oracle-Score-Exact__seed123,CICIDS2017,CICIDS2017_FILE_DISJOINT_OOD,Oracle-Score-Exact,0.4,0.5,123,FedAvg,clean,honest,0.7647460322026407,0.5003537692388338,0.0032795966982438647,89684,275,9.399813370978162,0.0009399813370978161,0.17301007373811667,0.34988179669030733,0.0016475198147653397,0.3382467109607905,0.82,292284,148,9440108,27866105,0.03281219997734297,2047333,20473330,0,48068873.0,14.960100600030273,25500,21464218.0,7367275,0.07415359995502513,108.22087820005254,154.93778290002956
ood_stress,OOD__CICIDS2017_FILE_DISJOINT__Oracle-Score-Exact__seed2026,CICIDS2017,CICIDS2017_FILE_DISJOINT_OOD,Oracle-Score-Exact,0.4,0.5,2026,FedAvg,clean,honest,0.7647564926998804,0.5002526125931188,0.002660901380342591,89712,243,8.306016905991612,0.0008306016905991612,0.18041370038543864,0.3305785123966942,0.0013358268768367619,0.39092400581247894,0.58,292316,120,8754084,27195606,0.03097939990402665,2049058,20490580,0,48331671.0,12.00962569990952,25500,19997976.0,6679526,0.06507649997365661,95.29205779985932,136.38694129991927
ood_stress,OOD__CICIDS2017_FILE_DISJOINT__Oracle-Score-Exact__seed2027,CICIDS2017,CICIDS2017_FILE_DISJOINT_OOD,Oracle-Score-Exact,0.4,0.5,2027,FedAvg,clean,honest,0.7647591078241904,0.5003314594169675,0.003103043198794246,89692,262,8.955458557077376,0.0008955458557077376,0.18057953328965196,0.3482587064676617,0.0015584646896428889,0.38700096704041653,0.79,292297,140,7352443,25795846,0.02717759997176472,2049267,20492670,0,47895541.0,13.418099900023662,25500,9321214.0,5277676,0.04887600002984982,105.39713219994155,146.73626789999253
ood_stress,OOD__CICIDS2017_FILE_DISJOINT__Oracle-Score-Exact__seed2718,CICIDS2017,CICIDS2017_FILE_DISJOINT_OOD,Oracle-Score-Exact,0.4,0.5,2718,FedAvg,clean,honest,0.7642308527135837,0.4999862299077062,0.0030961121677208193,89692,464,15.86004874230497,0.001586004874230497,0.17138829863326174,0.23178807947019867,0.0015584646896428889,0.34286029341278296,0.81,292095,140,8895541,27330520,0.03248940002231393,2048331,20483310,0,48052547.0,13.301163000025554,25500,14903456.0,6821710,0.05781379999825731,105.26252819997899,145.89184650001698
ood_stress,OOD__CICIDS2017_FILE_DISJOINT__Oracle-Score-Exact__seed314,CICIDS2017,CICIDS2017_FILE_DISJOINT_OOD,Oracle-Score-Exact,0.4,0.5,314,FedAvg,clean,honest,0.7649264757800261,0.5003289893015015,0.0024636008522727275,89721,169,5.776612580710216,0.0005776612580710216,0.16447223765255767,0.3964285714285714,0.0012356398610740048,0.301724383434683,0.5,292390,111,9285665,27711554,0.035425100024440326,2047321,20473210,0,47379233.0,13.936284400027944,25500,18561128.0,7212844,0.08792260006885044,106.38991300003545,146.90561969995906
ood_stress,OOD__CICIDS2017_FILE_DISJOINT__Oracle-Score-Exact__seed3407,CICIDS2017,CICIDS2017_FILE_DISJOINT_OOD,Oracle-Score-Exact,0.4,0.5,3407,FedAvg,clean,honest,0.7453941123091287,0.4885822612664267,0.007644558603186252,89457,7902,270.09936457261614,0.027009936457261612,0.16744205535078455,0.04530627038782167,0.004174458990114881,0.3268392389353494,0.66,284657,375,9438078,27866667,0.03399280001758598,2047621,20476210,0,48128987.0,12.157140100040124,25500,16206009.0,7364957,0.07525510000414215,98.37289100009366,138.6109637999907
ood_stress,OOD__CICIDS2017_FILE_DISJOINT__Oracle-Score-Exact__seed42,CICIDS2017,CICIDS2017_FILE_DISJOINT_OOD,Oracle-Score-Exact,0.4,0.5,42,FedAvg,clean,honest,0.7512206092716617,0.4914412456776326,0.0027047143800647874,89703,5428,185.5352253733435,0.01855352253733435,0.19319549252591972,0.02321396436926399,0.0014360138925995191,0.2920020790293814,0.1,287131,129,8462260,26875900,0.031683099980000407,2045960,20459600,0,47859562.0,13.297111800013226,25500,13060445.0,6390800,0.04904369999712799,95.22586000006413,134.90921619997243
ood_stress,OOD__CICIDS2017_FILE_DISJOINT__Oracle-Score-Exact__seed777,CICIDS2017,CICIDS2017_FILE_DISJOINT_OOD,Oracle-Score-Exact,0.4,0.5,777,FedAvg,clean,honest,0.729590916104197,0.4794269240136444,0.012962962962962963,89153,14249,487.0470571747921,0.04870470571747921,0.17002017826473864,0.045484994640943195,0.007558553744768011,0.3371486796180578,0.31,278310,679,9402122,27825293,0.03458550001960248,2047019,20470190,0,48389514.0,12.706463599955896,25500,12075555.0,7329603,0.07852160002221353,104.64099779998651,147.10790910002834
ood_stress,OOD__CICIDS2017_FILE_DISJOINT__Oracle-Score-Exact__seed9001,CICIDS2017,CICIDS2017_FILE_DISJOINT_OOD,Oracle-Score-Exact,0.4,0.5,9001,FedAvg,clean,honest,0.7647695683214302,0.5002341596595963,0.002506210078069553,89719,231,7.895843231621656,0.0007895843231621656,0.17258927107803845,0.32848837209302323,0.0012579036423546175,0.3500975467289654,0.51,292328,113,8373286,26798671,0.030512299956171773,2047265,20472650,0,48185614.0,13.032588100002613,25500,9637731.0,6300521,0.05375789995014202,101.19963959981396,140.93743159997393
ood_stress,OOD__CICIDS2017_FILE_DISJOINT__Random-Budget__seed11,CICIDS2017,CICIDS2017_FILE_DISJOINT_OOD,Random-Budget,0.4,0.5,11,FedAvg,clean,honest,0.7642073165947944,0.4999284226231376,0.002853256361766365,89703,462,15.791686463243312,0.0015791686463243312,0.17852765962972172,0.2182741116751269,0.0014360138925995191,0.37472650098108556,0.64,292097,129,9130143,27574365,0.014533400026266463,2049358,20493580,0,48051249.0,5.364235199987888,23100,19985927.0,7057685,0.0035668000782607123,40.010861599992495,56.88238530003582
ood_stress,OOD__CICIDS2017_FILE_DISJOINT__Random-Budget__seed123,CICIDS2017,CICIDS2017_FILE_DISJOINT_OOD,Random-Budget,0.4,0.5,123,FedAvg,clean,honest,0.7654704216364925,0.5017374036704281,0.008490878938640133,89448,234,7.998386650214145,0.0007998386650214144,0.18516661129337472,0.6213592233009708,0.004274646005877639,0.3823191875417946,0.87,292325,384,9467030,27898274,0.0135805000027176,2047916,20479160,0,48249518.0,5.075894100038568,23100,19716996.0,7396014,0.0035550999746192247,37.43126320002193,54.66281080000044
ood_stress,OOD__CICIDS2017_FILE_DISJOINT__Random-Budget__seed2026,CICIDS2017,CICIDS2017_FILE_DISJOINT_OOD,Random-Budget,0.4,0.5,2026,FedAvg,clean,honest,0.7626356268845239,0.49899384470048286,0.0033599789177793395,89679,1087,37.15489867001186,0.003715489867001186,0.16803505028252796,0.12338709677419354,0.0017031792679668715,0.3259191347649463,0.48,291472,153,9484216,27912220,0.014501400015433319,2047556,20475560,0,48253573.0,5.266473499970743,23100,25016884.0,7413560,0.003840299934381619,37.85738229996059,54.559779700037325
ood_stress,OOD__CICIDS2017_FILE_DISJOINT__Random-Budget__seed2027,CICIDS2017,CICIDS2017_FILE_DISJOINT_OOD,Random-Budget,0.4,0.5,2027,FedAvg,clean,honest,0.7645577432523255,0.5031812367193856,0.019878724539229453,88919,1112,38.009427158282605,0.0038009427158282602,0.2258381668373656,0.4508641975308642,0.010163416154599697,0.5055033728159528,0.56,291447,913,8385373,26837695,0.013350499997613952,2050258,20502580,0,48299138.0,5.170759400018142,23100,16686302.0,6312015,0.0038364999927580357,39.01929049992759,55.776128699901165
ood_stress,OOD__CICIDS2017_FILE_DISJOINT__Random-Budget__seed2718,CICIDS2017,CICIDS2017_FILE_DISJOINT_OOD,Random-Budget,0.4,0.5,2718,FedAvg,clean,honest,0.761283607616288,0.4991554789847297,0.009204285202591962,89408,1875,64.08963662030565,0.006408963662030565,0.18768623066788429,0.18442801217920834,0.004719921631489892,0.42178743983837497,0.52,290684,424,8270970,26709225,0.013454899992211722,2048695,20486950,0,47939429.0,5.255049200015492,23100,14915273.0,6199175,0.003940599985071458,40.02245399999083,56.94186489999993
ood_stress,OOD__CICIDS2017_FILE_DISJOINT__Random-Budget__seed314,CICIDS2017,CICIDS2017_FILE_DISJOINT_OOD,Random-Budget,0.4,0.5,314,FedAvg,clean,honest,0.7648794035424474,0.5002982262759238,0.0024631088427826474,89721,187,6.39187309226515,0.000639187309226515,0.16875938378007585,0.3724832214765101,0.0012356398610740048,0.3285067597507646,0.57,292372,111,9161182,27593317,0.014832099972409196,2048015,20480150,0,47991368.0,5.261530700008734,23100,16996607.0,7090067,0.00410549997468479,39.712392100002035,56.430437300063204
ood_stress,OOD__CICIDS2017_FILE_DISJOINT__Random-Budget__seed3407,CICIDS2017,CICIDS2017_FILE_DISJOINT_OOD,Random-Budget,0.4,0.5,3407,FedAvg,clean,honest,0.7640164125201692,0.5036489791424309,0.02434857822467294,88706,1532,52.36550576123107,0.005236550576123107,0.2581966718390428,0.4236267870579383,0.01253450886098495,0.5509401897411401,0.51,291027,1126,9150433,27592720,0.013990000050398521,2049143,20491430,0,48194192.0,5.081417099994724,23100,17483757.0,7078190,0.003868899933877401,37.34927949990379,53.75225470001169
ood_stress,OOD__CICIDS2017_FILE_DISJOINT__Random-Budget__seed42,CICIDS2017,CICIDS2017_FILE_DISJOINT_OOD,Random-Budget,0.4,0.5,42,FedAvg,clean,honest,0.7649604723960554,0.5021600876753504,0.012742071904829904,89252,625,21.363212206768548,0.002136321220676855,0.17363168969973364,0.48132780082987553,0.006456496571377683,0.3323501598579814,0.7,291934,580,8663850,27071064,0.014079200016567484,2045246,20452460,0,47556556.0,5.160754199940129,23100,12682639.0,6595504,0.0040923999913502485,37.053482400180656,53.40962320001563
ood_stress,OOD__CICIDS2017_FILE_DISJOINT__Random-Budget__seed777,CICIDS2017,CICIDS2017_FILE_DISJOINT_OOD,Random-Budget,0.4,0.5,777,FedAvg,clean,honest,0.7649630875203652,0.5003567729875167,0.002486126526082131,89720,156,5.3322577668094295,0.000533225776680943,0.17229523509389102,0.417910447761194,0.001246771751714311,0.34921662212660853,0.64,292403,112,9230004,27661491,0.015774800049257465,2047943,20479430,0,48740816.0,5.033099299951573,23100,19889807.0,7158961,0.004058500024257228,39.09994499976165,55.85799340000085
ood_stress,OOD__CICIDS2017_FILE_DISJOINT__Random-Budget__seed9001,CICIDS2017,CICIDS2017_FILE_DISJOINT_OOD,Random-Budget,0.4,0.5,9001,FedAvg,clean,honest,0.7641236326168764,0.5010269424146282,0.00940111803015826,89404,793,27.105643647947936,0.0027105643647947937,0.2362441664690777,0.35053235053235055,0.004764449194051118,0.5361383907833529,0.71,291766,428,8684613,27132039,0.014465800020843744,2049714,20497140,0,48208378.0,5.077941399998963,23100,13786347.0,6611799,0.00409960001707077,37.59295360009128,53.64824109998881
ood_stress,OOD__CICIDS2017_FILE_DISJOINT__Utility-Only__seed11,CICIDS2017,CICIDS2017_FILE_DISJOINT_OOD,Utility-Only,0.4,0.5,11,FedAvg,clean,honest,0.7608808784725581,0.4977583590373204,0.0028354253683326607,89702,1735,59.30427708598949,0.005930427708598949,0.1734895338767179,0.06970509383378017,0.0014471457832398254,0.26945348054606777,0.47,290824,130,5402309,23837261,0.009383299999171868,2048328,20483280,8,48116964.0,6.512550500061479,25500,10198808.0,3328481,0.0015992999833542854,47.26869389999774,66.44908209997811
ood_stress,OOD__CICIDS2017_FILE_DISJOINT__Utility-Only__seed123,CICIDS2017,CICIDS2017_FILE_DISJOINT_OOD,Utility-Only,0.4,0.5,123,FedAvg,clean,honest,0.7571935531955512,0.4991939063789778,0.023701117759014102,88705,4142,141.57827993669653,0.014157827993669653,0.2373803418369489,0.21389257923704688,0.012545640751625255,0.5299572989686817,0.47,288417,1127,8874234,27299790,0.015160999959334731,2047284,20472840,0,47890753.0,6.395338499962236,25500,21449488.0,6801450,0.0017647999775363132,43.766814399918076,62.99383219999436
ood_stress,OOD__CICIDS2017_FILE_DISJOINT__Utility-Only__seed2026,CICIDS2017,CICIDS2017_FILE_DISJOINT_OOD,Utility-Only,0.4,0.5,2026,FedAvg,clean,honest,0.7650755378656925,0.5004534037675696,0.0026202133919550567,89714,119,4.0675556041687315,0.0004067555604168732,0.1680723942127454,0.4978902953586498,0.0013135630955561492,0.3193351347847092,0.67,292440,118,9067833,27498510,0.01676339998084586,2047853,20478530,0,48301637.0,5.847573599952739,25500,23042743.0,6994480,0.0017531999910715967,40.61939159987378,59.8622078000335
ood_stress,OOD__CICIDS2017_FILE_DISJOINT__Utility-Only__seed2027,CICIDS2017,CICIDS2017_FILE_DISJOINT_OOD,Utility-Only,0.4,0.5,2027,FedAvg,clean,honest,0.7620550692877186,0.5023671864100248,0.024152724152724153,88706,2282,78.00136040935332,0.007800136040935332,0.2382912954772783,0.33039906103286387,0.01253450886098495,0.5352038051175088,0.49,290277,1126,7357037,25796912,0.016037399997003376,2048875,20488750,0,48441588.0,6.416534200034221,25500,6895386.0,5282662,0.0020956000516889617,45.78542669994931,64.34450500005914
ood_stress,OOD__CICIDS2017_FILE_DISJOINT__Utility-Only__seed2718,CICIDS2017,CICIDS2017_FILE_DISJOINT_OOD,Utility-Only,0.4,0.5,2718,FedAvg,clean,honest,0.7648872489153772,0.5003959187671001,0.0029941779872470196,89697,208,7.109677022412574,0.0007109677022412573,0.1733207494462058,0.3935860058309038,0.0015028052364413572,0.3539055448601322,0.64,292351,135,8285913,26709768,0.01566040000761859,2047095,20470950,0,48029461.0,6.145058500056621,25500,13839422.0,6213318,0.0019379000004846603,44.281609800164006,63.120279300012044
ood_stress,OOD__CICIDS2017_FILE_DISJOINT__Utility-Only__seed314,CICIDS2017,CICIDS2017_FILE_DISJOINT_OOD,Utility-Only,0.4,0.5,314,FedAvg,clean,honest,0.7486107152103475,0.489747177480075,0.0027387880862718246,89700,6429,219.750546043704,0.021975054604370402,0.17015329605031929,0.020118884316415182,0.001469409564520438,0.2805011747318572,0.26,286130,132,7148747,25575005,0.013504600006854162,2047362,20473620,4,47396537.0,6.24667690001661,25500,13476908.0,5075885,0.002339099970413372,44.29358379986661,63.0497651000187
ood_stress,OOD__CICIDS2017_FILE_DISJOINT__Utility-Only__seed3407,CICIDS2017,CICIDS2017_FILE_DISJOINT_OOD,Utility-Only,0.4,0.5,3407,FedAvg,clean,honest,0.765371046912715,0.500654240982606,0.0026678523788350376,89712,8,0.2734491162466374,2.7344911624663742e-05,0.17621729310704168,0.9375,0.0013358268768367619,0.36657905793507756,0.87,292551,120,9000676,27433765,0.016742500025429763,2048121,20481210,0,48415595.0,5.931411100027617,25500,14375746.0,6927055,0.0018191000126535073,42.86208739996073,61.563847000012174
ood_stress,OOD__CICIDS2017_FILE_DISJOINT__Utility-Only__seed42,CICIDS2017,CICIDS2017_FILE_DISJOINT_OOD,Utility-Only,0.4,0.5,42,FedAvg,clean,honest,0.7616314191495093,0.49824500150124423,0.002822510064764572,89703,1447,49.460108901110544,0.004946010890111054,0.18046527175680174,0.08185279187817258,0.0014360138925995191,0.33602178065694527,0.12,291112,129,8342306,26753804,0.014872400017338805,2045722,20457220,0,47831197.0,5.437794500045129,25500,12082710.0,6271084,0.001706499999272637,38.08195830008481,55.516136499965796
ood_stress,OOD__CICIDS2017_FILE_DISJOINT__Utility-Only__seed777,CICIDS2017,CICIDS2017_FILE_DISJOINT_OOD,Utility-Only,0.4,0.5,777,FedAvg,clean,honest,0.7291515752201281,0.47703779829431703,0.0025809433925923072,89698,13872,474.1607675716693,0.04741607675716693,0.18359433247692714,0.009567328287876624,0.0014916733458010508,0.4055045624438038,0.28,278687,134,8780494,27202864,0.017373299968312494,2046930,20469300,0,48648074.0,5.909679600037634,25500,13225998.0,6708064,0.0018825999286491424,44.670465600065654,63.619886799991946
ood_stress,OOD__CICIDS2017_FILE_DISJOINT__Utility-Only__seed9001,CICIDS2017,CICIDS2017_FILE_DISJOINT_OOD,Utility-Only,0.4,0.5,9001,FedAvg,clean,honest,0.7639484192881109,0.5032574237101157,0.02243978513255935,88796,1468,50.17791283125797,0.005017791283125797,0.22351036199554453,0.41373801916932906,0.011532638703357379,0.5076470133101836,0.5,291091,1036,7867189,26301349,0.01571410003816709,2048240,20482400,0,48053873.0,5.965493799987598,25500,8764213.0,5793449,0.002030900024692528,42.72698400008085,60.70707109993964
feature_sensitivity,FEATURE__CICIDS2017__remove10__CB-Score__seed11,CICIDS2017,CICIDS2017_COVERAGE_R1_REMOVE_FLAGGED10,CB-Score,0.4,0.5,11,FedAvg,clean,honest,0.7623636539562908,0.5009489620289398,0.015300925424243082,89126,1744,59.61190734176696,0.005961190734176696,0.17153344877589807,0.28816326530612246,0.007859114792056282,0.33379011389247926,0.54,290815,706,8047418,25205342,0.01726880001660902,1906436,19064360,0,44437911.0,8.213665100032813,25500,15327635.0,6115482,0.015946799947414547,58.283181900085765,84.32606240003952
feature_sensitivity,FEATURE__CICIDS2017__remove10__CB-Score__seed123,CICIDS2017,CICIDS2017_COVERAGE_R1_REMOVE_FLAGGED10,CB-Score,0.4,0.5,123,FedAvg,clean,honest,0.7655933324790594,0.5030596473949686,0.015508473645479807,89126,509,17.398200021192306,0.0017398200021192306,0.18129550991113708,0.5810699588477366,0.007859114792056282,0.3744744553149955,0.53,292050,706,8610654,25769748,0.018068800010951236,1906566,19065660,0,45079491.0,7.921550699946238,25500,20832602.0,6678588,0.021511799946893007,55.653079199939384,82.01027990000148
feature_sensitivity,FEATURE__CICIDS2017__remove10__CB-Score__seed2026,CICIDS2017,CICIDS2017_COVERAGE_R1_REMOVE_FLAGGED10,CB-Score,0.4,0.5,2026,FedAvg,clean,honest,0.7379776197661556,0.4862500668809898,0.020088216021672583,88805,11390,389.32317925615007,0.038932317925615,0.17882196355055036,0.08270918901506,0.011432451687594622,0.3606982918470323,0.27,281169,1027,8453043,25604127,0.014875099994242191,1905676,19056760,0,45537852.0,5.907403699995484,25500,21470616.0,6521867,0.013549600029364228,44.01139900003909,65.07655429995793
feature_sensitivity,FEATURE__CICIDS2017__remove10__CB-Score__seed2027,CICIDS2017,CICIDS2017_COVERAGE_R1_REMOVE_FLAGGED10,CB-Score,0.4,0.5,2027,FedAvg,clean,honest,0.7633966280587148,0.499545176717467,0.0036780495325353215,89665,810,27.68672301997204,0.002768672301997204,0.1889605363954579,0.17093142272262027,0.0018590257369311605,0.42349456179759487,0.51,291749,167,7368555,24534471,0.016337199966073968,1907324,19073240,0,45159307.0,8.62958609998168,25500,10419877.0,5435731,0.017965699997148477,60.69837189980899,85.70548949997465
feature_sensitivity,FEATURE__CICIDS2017__remove10__CB-Score__seed2718,CICIDS2017,CICIDS2017_COVERAGE_R1_REMOVE_FLAGGED10,CB-Score,0.4,0.5,2718,FedAvg,clean,honest,0.7627977645917399,0.5022161720146666,0.020750113359100035,88871,1833,62.6540287600108,0.0062654028760010805,0.17296161866463725,0.3439513242662849,0.010697746905334402,0.3357541128494191,0.52,290726,961,7960387,25112659,0.014838799979770556,1905808,19058080,0,45324270.0,6.9889705000096,25500,12781136.0,6029079,0.015077099960763007,51.854152600237285,74.41849239998555
feature_sensitivity,FEATURE__CICIDS2017__remove10__CB-Score__seed314,CICIDS2017,CICIDS2017_COVERAGE_R1_REMOVE_FLAGGED10,CB-Score,0.4,0.5,314,FedAvg,clean,honest,0.764735571705401,0.500204228142214,0.002461606697344348,89721,242,8.271835766460782,0.0008271835766460782,0.16634599325709334,0.31444759206798867,0.0012356398610740048,0.312738273309817,0.55,292317,111,8575909,25730350,0.01498269998410251,1906049,19060490,0,44569155.0,6.349957499987795,25500,20472108.0,6644360,0.013873200005036779,47.885234900037176,67.73047130004852
feature_sensitivity,FEATURE__CICIDS2017__remove10__CB-Score__seed3407,CICIDS2017,CICIDS2017_COVERAGE_R1_REMOVE_FLAGGED10,CB-Score,0.4,0.5,3407,FedAvg,clean,honest,0.7649421665258858,0.5003353867550171,0.00244162301340673,89722,162,5.537344603994408,0.0005537344603994407,0.16661123445657758,0.40441176470588236,0.0012245079704336984,0.3143739432861827,0.61,292397,110,8526509,25686026,0.021279100023093633,1906613,19066130,0,44945120.0,7.608629799942719,25500,13470133.0,6594396,0.02008640003623441,55.19318339973688,79.84479579997424
feature_sensitivity,FEATURE__CICIDS2017__remove10__CB-Score__seed42,CICIDS2017,CICIDS2017_COVERAGE_R1_REMOVE_FLAGGED10,CB-Score,0.4,0.5,42,FedAvg,clean,honest,0.76081027011619,0.49771992827564104,0.0028780743066457353,89700,1764,60.295530132383554,0.006029553013238356,0.18094849003981386,0.06962025316455696,0.001469409564520438,0.28529441253331633,0.25,290795,132,7802126,24944903,0.016401100016082637,1904753,19047530,0,43133889.0,6.464133800021955,25500,11506402.0,5871873,0.01930610001727473,44.868617000145605,66.01207070003147
feature_sensitivity,FEATURE__CICIDS2017__remove10__CB-Score__seed777,CICIDS2017,CICIDS2017_COVERAGE_R1_REMOVE_FLAGGED10,CB-Score,0.4,0.5,777,FedAvg,clean,honest,0.7648689430452077,0.5004726638001673,0.0035022387728864653,89674,238,8.135111208337463,0.0008135111208337464,0.16173033543632775,0.398989898989899,0.0017588387211684032,0.2835057416054502,0.58,292321,158,8500038,25657872,0.01809899994987063,1906426,19064260,0,45217146.0,8.071403000009013,25500,11012238.0,6568112,0.015704499965067953,60.57091029974981,87.9700077000598
feature_sensitivity,FEATURE__CICIDS2017__remove10__CB-Score__seed9001,CICIDS2017,CICIDS2017_COVERAGE_R1_REMOVE_FLAGGED10,CB-Score,0.4,0.5,9001,FedAvg,clean,honest,0.7627323864839916,0.5021695887019095,0.020723375319755204,88872,1857,63.47437610875071,0.006347437610875071,0.18331773449796865,0.3407880724174654,0.010686615014694095,0.390516679405876,0.49,290702,960,7628094,24792525,0.01981360005447641,1907159,19071590,0,44071214.0,7.459229499989306,25500,9521894.0,5695435,0.022522499988554046,52.796821199997794,75.4560727999924
feature_sensitivity,FEATURE__CICIDS2017__remove10__Full-Contextual__seed11,CICIDS2017,CICIDS2017_COVERAGE_R1_REMOVE_FLAGGED10,Full-Contextual,,0.5,11,FedAvg,clean,honest,0.7639248831693215,0.49974384446967113,0.0028498525367001357,89703,570,19.483249532572916,0.0019483249532572917,0.17338534882218404,0.18454935622317598,0.0014360138925995191,0.3533688726412205,0.55,291989,129,18999540,36158400,0.12514120002742857,1906540,19065400,0,44628381.0,12.267135799993412,0,44628381.0,17093000,0.0005260000034468248,98.64390200015623,136.95701870002085
feature_sensitivity,FEATURE__CICIDS2017__remove10__Full-Contextual__seed123,CICIDS2017,CICIDS2017_COVERAGE_R1_REMOVE_FLAGGED10,Full-Contextual,,0.5,123,FedAvg,clean,honest,0.7655776417331998,0.5046191466089592,0.024230681311025723,88719,922,31.515010647424965,0.003151501064742496,0.2036325213407015,0.5469287469287469,0.012389794282660967,0.4579594939188212,0.52,291637,1113,19406341,36568585,0.12616029997298028,1906916,19069160,0,45625778.0,11.818919500001357,0,45625778.0,17499425,0.0005294999573379755,94.1299211999285,132.7953317000356
feature_sensitivity,FEATURE__CICIDS2017__remove10__Full-Contextual__seed2026,CICIDS2017,CICIDS2017_COVERAGE_R1_REMOVE_FLAGGED10,Full-Contextual,,0.5,2026,FedAvg,clean,honest,0.7649787782662248,0.5041622054594899,0.023810041059286132,88736,1134,38.761412227960854,0.0038761412227960854,0.1729798303254353,0.4914798206278027,0.01220055214177576,0.31904449887006836,0.5,291425,1096,19384174,36542611,0.12748859997373074,1906493,19064930,0,45539340.0,12.52738979998685,0,45539340.0,17477681,0.0005917000089539215,91.51904390004347,129.73302520001016
feature_sensitivity,FEATURE__CICIDS2017__remove10__Full-Contextual__seed2027,CICIDS2017,CICIDS2017_COVERAGE_R1_REMOVE_FLAGGED10,Full-Contextual,,0.5,2027,FedAvg,clean,honest,0.7549890034022767,0.49390013989248527,0.002724969663423669,89704,3986,136.2460221698871,0.01362460221698871,0.18535362092850008,0.031113271754982984,0.0014248820019592127,0.4129596461556321,0.49,288573,128,19217545,36367081,0.07298369998170529,1905504,19055040,0,45115430.0,6.598229899944272,0,45115430.0,17312041,0.0002997000119648874,46.35929579993535,64.85640310001327
feature_sensitivity,FEATURE__CICIDS2017__remove10__Full-Contextual__seed2718,CICIDS2017,CICIDS2017_COVERAGE_R1_REMOVE_FLAGGED10,Full-Contextual,,0.5,2718,FedAvg,clean,honest,0.7639981066499996,0.4998996909386354,0.003467352775538599,89675,570,19.483249532572916,0.0019483249532572917,0.1728437361031792,0.21595598349381018,0.001747706830528097,0.3490606091124846,0.52,291989,157,19310700,36470811,0.13648060002014972,1906679,19066790,0,45374057.0,14.815972500000498,0,45374057.0,17404021,0.0006297000218182802,109.15137480005797,147.76727790004225
feature_sensitivity,FEATURE__CICIDS2017__remove10__Full-Contextual__seed314,CICIDS2017,CICIDS2017_COVERAGE_R1_REMOVE_FLAGGED10,Full-Contextual,,0.5,314,FedAvg,clean,honest,0.7642910005727123,0.5000332519948539,0.0031410022451530133,89690,443,15.142244812157548,0.0015142244812157547,0.17348107594554532,0.24273504273504273,0.0015807284709235016,0.3492275215313167,0.49,292116,142,19286586,36446229,0.1272113999730209,1906627,19066270,0,45397514.0,12.841814000013983,0,45397514.0,17379959,0.0005691999976988882,100.621164800119,138.02030569995986
feature_sensitivity,FEATURE__CICIDS2017__remove10__Full-Contextual__seed3407,CICIDS2017,CICIDS2017_COVERAGE_R1_REMOVE_FLAGGED10,Full-Contextual,,0.5,3407,FedAvg,clean,honest,0.7643772996749401,0.5001012215401106,0.0032083195043699523,89687,413,14.116810626232658,0.0014116810626232656,0.16824893292069673,0.25985663082437277,0.0016141241428444207,0.3276267980815475,0.49,292146,145,19064344,36224158,0.12563150000642054,1906646,19066460,0,44784085.0,11.964132200009772,0,44784085.0,17157698,0.0006271000165725127,92.77657519980858,130.52033449996088
feature_sensitivity,FEATURE__CICIDS2017__remove10__Full-Contextual__seed42,CICIDS2017,CICIDS2017_COVERAGE_R1_REMOVE_FLAGGED10,Full-Contextual,,0.5,42,FedAvg,clean,honest,0.754225387103776,0.49340495214367874,0.002737691001697793,89703,4279,146.26109605242019,0.01462610960524202,0.1707003586765063,0.02926497277676951,0.0014360138925995191,0.2909683782182668,0.43,288280,129,18919837,36065881,0.1766234999813605,1905116,19051160,0,44171712.0,15.383515400011675,0,44171712.0,17014721,0.0005644999619107693,98.4774229998875,135.44489229998726
feature_sensitivity,FEATURE__CICIDS2017__remove10__Full-Contextual__seed777,CICIDS2017,CICIDS2017_COVERAGE_R1_REMOVE_FLAGGED10,Full-Contextual,,0.5,777,FedAvg,clean,honest,0.7652062940811891,0.5006237081599562,0.003108934856711413,89692,91,3.110483697305501,0.00031104836973055007,0.1673870602058735,0.6060606060606061,0.0015584646896428889,0.3228118998587791,0.65,292468,140,19320235,36482038,0.13048229996638838,1906867,19068670,0,45438084.0,11.961038700028439,0,45438084.0,17413368,0.0006181999633554369,96.81322449991421,134.42168009997113
feature_sensitivity,FEATURE__CICIDS2017__remove10__Full-Contextual__seed9001,CICIDS2017,CICIDS2017_COVERAGE_R1_REMOVE_FLAGGED10,Full-Contextual,,0.5,9001,FedAvg,clean,honest,0.7643380728102911,0.5000563012437443,0.0030975164555561703,89692,423,14.458622021540954,0.0014458622021540953,0.17594586101836404,0.24866785079928952,0.0015584646896428889,0.36799715844415737,0.52,292136,140,19309577,36468590,0.1619735000131186,1906557,19065570,0,45239230.0,15.566820700012613,0,45239230.0,17403020,0.0008658000151626766,110.27369049983099,150.58904649998294
robustness,ROB__CICIDS2017_COVERAGE_R1__CB-Score__FedAvg__clean__forged__seed11,CICIDS2017,CICIDS2017_COVERAGE_R1,CB-Score,0.4,0.5,11,FedAvg,clean,forged_inflated,0.7650336958767335,0.5003990606375397,0.0024647222746499984,89721,128,4.375185859946199,0.0004375185859946199,0.16343230998625852,0.46443514644351463,0.0012356398610740048,0.29563251195854134,0.61,292431,111,9096545,27543116,0.015126900078030303,2049619,20496190,0,48308687.0,5.380962499970337,25500,8134833.0,7021426,0.012521800032118335,41.04024959972594,58.200120099965716
robustness,ROB__CICIDS2017_COVERAGE_R1__CB-Score__FedAvg__clean__forged__seed123,CICIDS2017,CICIDS2017_COVERAGE_R1,CB-Score,0.4,0.5,123,FedAvg,clean,forged_inflated,0.7663464882803204,0.5048169151809171,0.02262210796915167,88798,549,18.765445602425494,0.0018765445602425494,0.1928426060862224,0.6531901452937461,0.011510374922076766,0.41126766310194995,0.48,292010,1034,9203584,27637870,0.013089800049783662,2048254,20482540,0,48135705.0,5.277001999987988,25500,16237534.0,7129830,0.010940399923129007,39.048122799635166,57.13353919997462
robustness,ROB__CICIDS2017_COVERAGE_R1__CB-Score__FedAvg__clean__forged__seed2026,CICIDS2017,CICIDS2017_COVERAGE_R1,CB-Score,0.4,0.5,2026,FedAvg,clean,forged_inflated,0.7647564926998804,0.5003181796949602,0.003036717685001496,89695,260,8.887096278015717,0.0008887096278015717,0.1691438271800034,0.345088161209068,0.00152506901772197,0.32648773491235084,0.87,292299,137,8875003,27309865,0.013307599816471338,2048318,20483180,0,48686506.0,4.986921499890741,25500,21263597.0,6801185,0.011569200141821057,37.72386220013141,55.049004200234776
robustness,ROB__CICIDS2017_COVERAGE_R1__CB-Score__FedAvg__clean__forged__seed2027,CICIDS2017,CICIDS2017_COVERAGE_R1,CB-Score,0.4,0.5,2027,FedAvg,clean,forged_inflated,0.7631115795089319,0.5030576454285476,0.02425783101383084,88706,1878,64.19218003889814,0.006419218003889814,0.21849095826264575,0.3748335552596538,0.01253450886098495,0.49338893692598706,0.67,290681,1126,7881369,26344815,0.012606499949470162,2051494,20514940,0,48700396.0,4.853285100020003,25500,14843982.0,5804375,0.011764200025936589,37.36124989998643,54.71327729997574
robustness,ROB__CICIDS2017_COVERAGE_R1__CB-Score__FedAvg__clean__forged__seed2718,CICIDS2017,CICIDS2017_COVERAGE_R1,CB-Score,0.4,0.5,2718,FedAvg,clean,forged_inflated,0.7646701935976526,0.500265637703078,0.0030576974208986973,89694,294,10.049255022063926,0.0010049255022063926,0.17054741880132201,0.3194444444444444,0.0015362009083622762,0.3406333153492565,0.52,292265,138,8212371,26639502,0.014021200011484325,2047459,20474590,0,47987891.0,5.531905400042888,25500,18441503.0,6139412,0.01270030002342537,41.512336099898675,58.95210019996739
robustness,ROB__CICIDS2017_COVERAGE_R1__CB-Score__FedAvg__clean__forged__seed314,CICIDS2017,CICIDS2017_COVERAGE_R1,CB-Score,0.4,0.5,314,FedAvg,clean,forged_inflated,0.7643720694263202,0.5001209447562192,0.0033405601522056546,89681,421,14.390259742479294,0.0014390259742479295,0.169941734844561,0.263986013986014,0.0016809154866862588,0.33183505750121056,0.55,292138,151,9377995,27813802,0.01537149996147491,2048423,20484230,0,48588030.0,5.349888499942608,25500,16000498.0,7304072,0.012657200102694333,39.84871859988198,56.75693970004795
robustness,ROB__CICIDS2017_COVERAGE_R1__CB-Score__FedAvg__clean__forged__seed3407,CICIDS2017,CICIDS2017_COVERAGE_R1,CB-Score,0.4,0.5,3407,FedAvg,clean,forged_inflated,0.8289133373954931,0.660139980499631,0.48417566821729874,59128,6294,215.136092207042,0.0215136092207042,0.47592908430610614,0.8298826963619655,0.34179357021996615,0.6540634320913695,0.55,286265,30704,9096571,27529327,0.013562000065576285,2048084,20480840,0,48211170.0,4.829427799995756,25500,25499966.0,7022987,0.010778199997730553,36.53398219970404,53.26033099999768
robustness,ROB__CICIDS2017_COVERAGE_R1__CB-Score__FedAvg__clean__forged__seed42,CICIDS2017,CICIDS2017_COVERAGE_R1,CB-Score,0.4,0.5,42,FedAvg,clean,forged_inflated,0.7541573938717177,0.49336823043897593,0.002779251087302429,89701,4307,147.21816795928342,0.014721816795928343,0.21769375977750502,0.029517800811176206,0.0014582776738801318,0.2652176992629261,0.08,288252,131,7910705,26324534,0.01330350004718639,2045981,20459810,0,47955785.0,6.776055899943458,25500,13565537.0,5839224,0.01273259992012754,39.24963819983532,56.51037380009075
robustness,ROB__CICIDS2017_COVERAGE_R1__CB-Score__FedAvg__clean__forged__seed777,CICIDS2017,CICIDS2017_COVERAGE_R1,CB-Score,0.4,0.5,777,FedAvg,clean,forged_inflated,0.7649134001584765,0.5005981399773588,0.004054907435104863,89649,246,8.408560324584101,0.00084085603245841,0.1876101516929618,0.42657342657342656,0.002037135987176062,0.40180818368142346,0.76,292313,183,8969032,27410077,0.014268600003561005,2049005,20490050,0,48282318.0,4.959848099999363,25500,27488691.0,6894527,0.012268800055608153,39.18631540000206,56.51961989988922
robustness,ROB__CICIDS2017_COVERAGE_R1__CB-Score__FedAvg__clean__forged__seed9001,CICIDS2017,CICIDS2017_COVERAGE_R1,CB-Score,0.4,0.5,9001,FedAvg,clean,forged_inflated,0.7630435862768736,0.4995844362096867,0.005203987527996136,89595,1015,34.69385662379212,0.0034693856623792124,0.26892108661701414,0.18929712460063897,0.0026382580817526048,0.5859902851865311,0.69,291544,237,8767754,27222110,0.013586200046120211,2050484,20504840,0,48384020.0,4.961280999996234,25500,11161633.0,6691770,0.012533699919003993,37.07687970000552,53.738607999985106
robustness,ROB__CICIDS2017_COVERAGE_R1__CB-Score__FedAvg__clean__honest__seed11,CICIDS2017,CICIDS2017_COVERAGE_R1,CB-Score,0.4,0.5,11,FedAvg,clean,honest,0.7652036789568792,0.5005062924526713,0.0024443358072974535,89722,62,2.1192306509114403,0.00021192306509114402,0.16806952693725868,0.6395348837209303,0.0012245079704336984,0.28455750898966936,0.83,292497,110,8236839,26679693,0.020156800004770048,2049206,20492060,0,48278152.0,8.492236899983254,25500,19353647.0,6162133,0.020054699984029867,59.2265237999236,84.11201809998602
robustness,ROB__CICIDS2017_COVERAGE_R1__CB-Score__FedAvg__clean__honest__seed123,CICIDS2017,CICIDS2017_COVERAGE_R1,CB-Score,0.4,0.5,123,FedAvg,clean,honest,0.7648506371750381,0.5003989901878337,0.003148454042548474,89690,229,7.827480952559997,0.0007827480952559997,0.17246531144325397,0.38274932614555257,0.0015807284709235016,0.34807753123793533,0.62,292330,142,8954198,27382553,0.014519199990900233,2047595,20475950,0,48029350.0,6.040918100028648,25500,20761690.0,6881103,0.012905700001283549,45.64526860004116,65.77729679994809
robustness,ROB__CICIDS2017_COVERAGE_R1__CB-Score__FedAvg__clean__honest__seed2026,CICIDS2017,CICIDS2017_COVERAGE_R1,CB-Score,0.4,0.5,2026,FedAvg,clean,honest,0.7626356268845239,0.5000236338882271,0.009169705041154509,89412,1354,46.28126292474339,0.004628126292474339,0.17508301632825168,0.23675310033821872,0.004675394068928667,0.36051113538272356,0.51,291205,420,8701040,27138764,0.013190099998610094,2048636,20486360,0,48374238.0,5.210577400008333,25500,21949405.0,6626904,0.012957600003574044,40.42639879974013,59.35344560001977
robustness,ROB__CICIDS2017_COVERAGE_R1__CB-Score__FedAvg__clean__honest__seed2027,CICIDS2017,CICIDS2017_COVERAGE_R1,CB-Score,0.4,0.5,2027,FedAvg,clean,honest,0.7626199361386643,0.501193587379513,0.015744274809160304,89106,1666,56.94577845836225,0.005694577845836224,0.23544067808558422,0.30351170568561875,0.00808175260486241,0.5305872576137554,0.5,290893,726,7723771,26164618,0.014241799915907905,2048983,20489830,0,47975539.0,6.075211599934846,25500,9257066.0,5649288,0.014997499994933605,46.28675169989583,65.858437900024
robustness,ROB__CICIDS2017_COVERAGE_R1__CB-Score__FedAvg__clean__honest__seed2718,CICIDS2017,CICIDS2017_COVERAGE_R1,CB-Score,0.4,0.5,2718,FedAvg,clean,honest,0.757520443734293,0.49560078970590077,0.0030106879421947915,89692,3030,103.56885277841393,0.010356885277841392,0.16581503748529758,0.04416403785488959,0.0015584646896428889,0.3147257064872379,0.48,289529,140,8600458,27027040,0.027274500025669113,2047398,20473980,0,48142935.0,9.080172200061497,25500,14983546.0,6527560,0.020696300009149127,64.46185880010307,91.95582959995954
robustness,ROB__CICIDS2017_COVERAGE_R1__CB-Score__FedAvg__clean__honest__seed314,CICIDS2017,CICIDS2017_COVERAGE_R1,CB-Score,0.4,0.5,314,FedAvg,clean,honest,0.7619844609313504,0.5003694563697907,0.013441005907538887,89212,1803,61.62859457408591,0.006162859457408591,0.17252084075599772,0.25588113908378046,0.006901772196989937,0.3303474688305015,0.28,290756,620,9107774,27538415,0.019453300032182597,2047849,20478490,0,47295301.0,8.084345000024769,25500,20005816.0,7034425,0.018033100015600212,56.76039879993186,80.24874519999139
robustness,ROB__CICIDS2017_COVERAGE_R1__CB-Score__FedAvg__clean__honest__seed3407,CICIDS2017,CICIDS2017_COVERAGE_R1,CB-Score,0.4,0.5,3407,FedAvg,clean,honest,0.7653553561668553,0.5006285590873724,0.0025789813023855577,89716,10,0.3418113953082968,3.418113953082968e-05,0.1732200401041768,0.9206349206349206,0.0012912993142755365,0.3547760911915495,0.84,292549,116,9340915,27767083,0.017398000025423244,2047352,20473520,0,48245508.0,6.324730299951625,25500,15644324.0,7268063,0.01632080004492309,46.99245269985113,68.54347250000865
robustness,ROB__CICIDS2017_COVERAGE_R1__CB-Score__FedAvg__clean__honest__seed42,CICIDS2017,CICIDS2017_COVERAGE_R1,CB-Score,0.4,0.5,42,FedAvg,clean,honest,0.7652062940811891,0.5004732895145553,0.00224481858087459,89731,52,1.7774192556031434,0.00017774192556031432,0.19836394098322432,0.6601307189542484,0.0011243209546709413,0.3341347119417919,0.12,292507,101,8016648,26431899,0.01408179999270942,2046139,20461390,0,47691551.0,5.598704000047292,25500,11810563.0,5945009,0.01631160003307741,39.777258700094535,57.92831629997818
robustness,ROB__CICIDS2017_COVERAGE_R1__CB-Score__FedAvg__clean__honest__seed777,CICIDS2017,CICIDS2017_COVERAGE_R1,CB-Score,0.4,0.5,777,FedAvg,clean,honest,0.7537442042307481,0.4930557736649026,0.002542211300129229,89712,4454,152.2427954703154,0.015224279547031538,0.18179491818166962,0.026235242675994752,0.0013358268768367619,0.3946090522364463,0.31,288105,120,9148068,27567540,0.016063100003520958,2046608,20466080,0,48647042.0,5.363947499965434,25500,13207913.0,7075960,0.015002200001617894,43.67248770000879,62.773729399981676
robustness,ROB__CICIDS2017_COVERAGE_R1__CB-Score__FedAvg__clean__honest__seed9001,CICIDS2017,CICIDS2017_COVERAGE_R1,CB-Score,0.4,0.5,9001,FedAvg,clean,honest,0.7611162396604523,0.49993318365726175,0.014116885219362149,89178,2169,74.13889164236957,0.007413889164236957,0.17741599259285928,0.2316684378320935,0.007280256478760352,0.3069061476355024,0.36,290390,654,7742253,26168574,0.014753700059372932,2047369,20473690,0,48104064.0,6.335903399973176,25500,8546368.0,5669384,0.016422300031990744,45.076859700115165,64.86235989998386
robustness,ROB__CICIDS2017_COVERAGE_R1__CB-Score__FedAvg__label-flip__forged__seed11,CICIDS2017,CICIDS2017_COVERAGE_R1,CB-Score,0.4,0.5,11,FedAvg,label-flip,forged_inflated,0.7528969039543295,0.49236319122413313,0.0017748103699634474,89748,4742,162.08696365519432,0.016208696365519432,0.14038340492414408,0.01740571902196436,0.0009350788137857333,0.17219030858406756,0.77,287817,84,8641715,27020273,0.014293899963377044,2042062,20420620,0,44580566.0,3.0284015999059193,25500,8585840.0,6574153,0.012249699997482821,25.27262959969812,42.654643599904375
robustness,ROB__CICIDS2017_COVERAGE_R1__CB-Score__FedAvg__label-flip__forged__seed123,CICIDS2017,CICIDS2017_COVERAGE_R1,CB-Score,0.4,0.5,123,FedAvg,label-flip,forged_inflated,0.76001527232597,0.5012115388321285,0.02490649438966338,88660,3108,106.23498166181864,0.010623498166181864,0.43993166816966345,0.2738317757009346,0.013046575830439042,0.8114015925513433,0.81,289451,1172,9333994,27707197,0.013254800025606528,2041467,20414670,0,48204912.0,3.2592189000861254,25500,14659668.0,7267027,0.012048000091454014,26.005581099685514,43.57848470006138
robustness,ROB__CICIDS2017_COVERAGE_R1__CB-Score__FedAvg__label-flip__forged__seed2026,CICIDS2017,CICIDS2017_COVERAGE_R1,CB-Score,0.4,0.5,2026,FedAvg,label-flip,forged_inflated,0.7650729227413825,0.5000930040946372,0.000556272529037426,89807,27,0.9228907673324013,9.228907673324013e-05,0.15839360555455986,0.4807692307692308,0.00027829726600765877,0.28171958738536185,0.53,292532,25,8985220,27366280,0.013912399997934699,2042340,20423400,0,47134366.0,3.2853587999998126,25500,18263146.0,6917380,0.011874899995746091,25.520413699996425,42.985712299938314
robustness,ROB__CICIDS2017_COVERAGE_R1__CB-Score__FedAvg__label-flip__forged__seed2027,CICIDS2017,CICIDS2017_COVERAGE_R1,CB-Score,0.4,0.5,2027,FedAvg,label-flip,forged_inflated,0.7436498243944026,0.4863122519783952,0.0016702311844383338,89750,8276,282.8831107571464,0.028288311075714643,0.1558998589582982,0.009810959559703278,0.0009128150325051206,0.2474468134863408,0.73,284283,82,8881139,27263108,0.014073999976972118,2042441,20424410,0,47106526.0,3.16517159997602,25500,15186549.0,6813198,0.013066499959677458,26.401766399969347,43.69558230007533
robustness,ROB__CICIDS2017_COVERAGE_R1__CB-Score__FedAvg__label-flip__forged__seed2718,CICIDS2017,CICIDS2017_COVERAGE_R1,CB-Score,0.4,0.5,2718,FedAvg,label-flip,forged_inflated,0.7398762000151677,0.48384608276124585,0.0016460409703612257,89750,9719,332.2064951001336,0.03322064951001336,0.19418683044662602,0.008366493214978064,0.0009128150325051206,0.4304176983673187,0.76,282840,82,8844529,27221260,0.015168700076173991,2041859,20418590,0,44612468.0,3.0248908999492414,25500,18050404.0,6777170,0.012477699987357482,25.476144600484986,42.87747449995368
robustness,ROB__CICIDS2017_COVERAGE_R1__CB-Score__FedAvg__label-flip__forged__seed314,CICIDS2017,CICIDS2017_COVERAGE_R1,CB-Score,0.4,0.5,314,FedAvg,label-flip,forged_inflated,0.748791158787733,0.4896221184458089,0.001434541258654026,89763,6297,215.2386356256345,0.021523863562563448,0.18308417048477293,0.010838831291234684,0.0007681004541811381,0.40342996190039415,0.83,286262,69,8544855,26931378,0.01416249992325902,2042947,20429470,0,44671736.0,3.0592944999807514,25500,15265739.0,6476408,0.012480400095228106,25.520571499771904,42.69498549995478
robustness,ROB__CICIDS2017_COVERAGE_R1__CB-Score__FedAvg__label-flip__forged__seed3407,CICIDS2017,CICIDS2017_COVERAGE_R1,CB-Score,0.4,0.5,3407,FedAvg,label-flip,forged_inflated,0.7923957415315737,0.6060212767119156,0.3654500983166275,66972,12414,424.3246661357196,0.042432466613571966,0.5842246616177367,0.6480693995577479,0.25447502003740313,0.8597162112458117,0.85,280145,22860,9046045,27426340,0.013806300034048036,2042255,20422550,0,46744650.0,3.8697203998453915,25500,24951037.0,6978290,0.011481499910587445,28.232290999905672,45.43481959993369
robustness,ROB__CICIDS2017_COVERAGE_R1__CB-Score__FedAvg__label-flip__forged__seed42,CICIDS2017,CICIDS2017_COVERAGE_R1,CB-Score,0.4,0.5,42,FedAvg,label-flip,forged_inflated,0.7630226652823942,0.4989536616188965,0.0016965584100824044,89755,863,29.498323415106015,0.0029498323415106014,0.1520473328834567,0.08191489361702127,0.0008571555793035889,0.23385388306379395,0.43,291696,77,8797679,27172106,0.013901500002248213,2041603,20416030,0,47336198.0,4.377780000126222,25500,16184966.0,6730576,0.012181900005089119,28.075869100372074,44.98584169987589
robustness,ROB__CICIDS2017_COVERAGE_R1__CB-Score__FedAvg__label-flip__forged__seed777,CICIDS2017,CICIDS2017_COVERAGE_R1,CB-Score,0.4,0.5,777,FedAvg,label-flip,forged_inflated,0.7509930934566975,0.4950684514090693,0.022743600796436562,88724,6494,221.97232011320793,0.022197232011320792,0.17250826240263478,0.14575111812680874,0.012334134829459435,0.3483429936823876,0.53,286065,1108,9256290,27634632,0.01500869999290444,2042038,20420380,0,47372748.0,3.491847900004359,25500,24518372.0,7188752,0.012146000022767112,27.163613599608652,44.27479759999551
robustness,ROB__CICIDS2017_COVERAGE_R1__CB-Score__FedAvg__label-flip__forged__seed9001,CICIDS2017,CICIDS2017_COVERAGE_R1,CB-Score,0.4,0.5,9001,FedAvg,label-flip,forged_inflated,0.7642439283351334,0.4995550899214172,0.0005764775007483121,89806,345,11.792493138136239,0.001179249313813624,0.1818858116144593,0.07008086253369272,0.0002894291566479651,0.3776135094596286,0.91,292214,26,8502992,26895086,0.013639500073622912,2043566,20435660,0,45292244.0,3.1739247000368778,25500,11126631.0,6433926,0.01177280000410974,25.856208600045647,42.17362750004395
robustness,ROB__CICIDS2017_COVERAGE_R1__CB-Score__FedAvg__label-flip__honest__seed11,CICIDS2017,CICIDS2017_COVERAGE_R1,CB-Score,0.4,0.5,11,FedAvg,label-flip,honest,0.7632841777133876,0.4998033796650263,0.005558973457549657,89579,939,32.09609001944907,0.003209609001944907,0.24456776870784117,0.21224832214765102,0.0028163683319975064,0.5564222071451506,0.57,291620,253,8975624,27419558,0.014371900004334748,2049326,20493260,0,48239677.0,5.669178600102896,25500,17939398.0,6900798,0.012948700110428035,38.778533500037156,59.076447099942015
robustness,ROB__CICIDS2017_COVERAGE_R1__CB-Score__FedAvg__label-flip__honest__seed123,CICIDS2017,CICIDS2017_COVERAGE_R1,CB-Score,0.4,0.5,123,FedAvg,label-flip,honest,0.7651199949789613,0.5004786008478272,0.0025985563575791227,89715,101,3.4522950926137974,0.00034522950926137977,0.1805006799237822,0.536697247706422,0.001302431204915843,0.3799518908626649,0.76,292458,117,9404053,27835846,0.018003799952566624,2047977,20479770,0,47872484.0,7.337417300004745,25500,23693253.0,7330576,0.015564800036372617,47.47715439987951,71.17741279987968
robustness,ROB__CICIDS2017_COVERAGE_R1__CB-Score__FedAvg__label-flip__honest__seed2026,CICIDS2017,CICIDS2017_COVERAGE_R1,CB-Score,0.4,0.5,2026,FedAvg,label-flip,honest,0.764654502851793,0.5001473904875976,0.00243864588644778,89722,272,9.297269952385673,0.0009297269952385673,0.17019090578100804,0.2879581151832461,0.0012245079704336984,0.3098835649465339,0.49,292287,110,9394350,27819978,0.014811299974098802,2047292,20472920,0,48365334.0,6.088082699949155,25500,28296892.0,7321558,0.01294330004020594,41.47267479993752,61.30413580007735
robustness,ROB__CICIDS2017_COVERAGE_R1__CB-Score__FedAvg__label-flip__honest__seed2027,CICIDS2017,CICIDS2017_COVERAGE_R1,CB-Score,0.4,0.5,2027,FedAvg,label-flip,honest,0.7638751958074327,0.4997576550472402,0.003113476273544284,89691,601,20.542864858028636,0.002054286485802864,0.19486025208140156,0.19002695417789758,0.0015695965802831953,0.44516054602711114,0.7,291958,141,8371375,26816569,0.016237999952863902,2049466,20494660,0,47731268.0,6.45330889991601,25500,12362188.0,6296409,0.015277800004696473,45.58169029967394,66.68847630001255
robustness,ROB__CICIDS2017_COVERAGE_R1__CB-Score__FedAvg__label-flip__honest__seed2718,CICIDS2017,CICIDS2017_COVERAGE_R1,CB-Score,0.4,0.5,2718,FedAvg,label-flip,honest,0.7649996992607043,0.5006699664109592,0.004144687264506406,89645,217,7.41730727819004,0.0007417307278190041,0.18160256892932303,0.4628712871287129,0.0020816635497372875,0.3817596209758303,0.7,292342,187,9157521,27591735,0.018467499961843714,2048246,20482460,0,48168099.0,6.530528000090271,25500,9982109.0,7083775,0.01623680006014183,42.96807390032336,63.5810040999786
robustness,ROB__CICIDS2017_COVERAGE_R1__CB-Score__FedAvg__label-flip__honest__seed314,CICIDS2017,CICIDS2017_COVERAGE_R1,CB-Score,0.4,0.5,314,FedAvg,label-flip,honest,0.736928954917872,0.4820511097523664,0.0023009481493236005,89716,10880,371.89079809542693,0.03718907980954269,0.16517488837737418,0.010549290651145871,0.0012912993142755365,0.304101942503262,0.31,281679,116,9303394,27734710,0.017397900024661794,2047924,20479240,0,47478343.0,6.244442499912111,25500,10029837.0,7229970,0.01582619993132539,44.22472889989149,63.9902737000084
robustness,ROB__CICIDS2017_COVERAGE_R1__CB-Score__FedAvg__label-flip__honest__seed3407,CICIDS2017,CICIDS2017_COVERAGE_R1,CB-Score,0.4,0.5,3407,FedAvg,label-flip,honest,0.7650755378656925,0.5004225486608207,0.002443005785481883,89722,111,3.7941064879220945,0.0003794106487922094,0.16882948186368293,0.497737556561086,0.0012245079704336984,0.33068072784458885,0.59,292448,110,9244017,27674928,0.016674999991664663,2047879,20478790,0,47557050.0,5.774904599937145,25500,10986695.0,7170638,0.015529199969023466,42.6071091000631,62.664225800021086
robustness,ROB__CICIDS2017_COVERAGE_R1__CB-Score__FedAvg__label-flip__honest__seed42,CICIDS2017,CICIDS2017_COVERAGE_R1,CB-Score,0.4,0.5,42,FedAvg,label-flip,honest,0.7644217567882089,0.499999141305029,0.002458335640329993,89721,362,12.373572510160344,0.0012373572510160345,0.22545006260751735,0.2346723044397463,0.0012356398610740048,0.29000033944391984,0.1,292197,111,9086135,27501206,0.017492199986008927,2046119,20461190,0,47591918.0,6.977117200061912,25500,14915261.0,7014516,0.01700750002055429,46.30389799992554,67.26669150004454
robustness,ROB__CICIDS2017_COVERAGE_R1__CB-Score__FedAvg__label-flip__honest__seed777,CICIDS2017,CICIDS2017_COVERAGE_R1,CB-Score,0.4,0.5,777,FedAvg,label-flip,honest,0.7465604577513593,0.48839956303377924,0.0026756403527728894,89702,7211,246.4801971568128,0.024648019715681282,0.16605262389295097,0.017708759024656042,0.0014471457832398254,0.3123010366748465,0.37,285348,130,9449681,27868217,0.01876139990054071,2046504,20465040,0,48267201.0,6.126269299915293,25500,10393526.0,7377677,0.016002000018488616,44.41649649949977,65.09717799999635
robustness,ROB__CICIDS2017_COVERAGE_R1__CB-Score__FedAvg__label-flip__honest__seed9001,CICIDS2017,CICIDS2017_COVERAGE_R1,CB-Score,0.4,0.5,9001,FedAvg,label-flip,honest,0.7640948662494672,0.49990892960995686,0.0031604305257807146,89689,519,17.740011416500604,0.0017740011416500603,0.17996927144188637,0.21601208459214502,0.001591860361563808,0.38441878317666134,0.61,292040,143,8645396,27083228,0.016449499962618575,2048648,20486480,0,47947733.0,5.772440400003688,25500,11519221.0,6571248,0.016226899955654517,41.62213550019078,61.309218100010185
robustness,ROB__CICIDS2017_COVERAGE_R1__CB-Score__FedAvg__sign-flip__forged__seed11,CICIDS2017,CICIDS2017_COVERAGE_R1,CB-Score,0.4,0.5,11,FedAvg,sign-flip,forged_inflated,0.23492184700999763,0.5,0.3804643145293643,0,292559,10000.0,1.0,0.23492184700999763,0.23492184700999763,1.0,0.5,0.05,0,89832,5805090,23535387,0.011127699952339754,1970033,19700330,0,32630864.0,2.8622308000631165,25500,4482245.0,3809557,0.010643199988408014,24.5755802000931,41.718125799816335
robustness,ROB__CICIDS2017_COVERAGE_R1__CB-Score__FedAvg__sign-flip__forged__seed123,CICIDS2017,CICIDS2017_COVERAGE_R1,CB-Score,0.4,0.5,123,FedAvg,sign-flip,forged_inflated,0.23492184700999763,0.5,0.3804643145293643,0,292559,10000.0,1.0,0.23492184700999763,0.23492184700999763,1.0,0.5,0.05,0,89832,5869127,23743397,0.010223600052995607,1986030,19860300,0,31942014.0,2.9101173000817653,25500,6555421.0,3857597,0.010478100011823699,25.1241251998581,42.66759719999391
robustness,ROB__CICIDS2017_COVERAGE_R1__CB-Score__FedAvg__sign-flip__forged__seed2026,CICIDS2017,CICIDS2017_COVERAGE_R1,CB-Score,0.4,0.5,2026,FedAvg,sign-flip,forged_inflated,0.23492184700999763,0.5,0.3804643145293643,0,292559,10000.0,1.0,0.23492184700999763,0.23492184700999763,1.0,0.5,0.05,0,89832,5914790,23668676,0.01102009994792752,1972654,19726540,0,32772730.0,2.880076999979792,25500,8896543.0,3916636,0.0103357000334654,24.620591299782973,41.755421600013506
robustness,ROB__CICIDS2017_COVERAGE_R1__CB-Score__FedAvg__sign-flip__forged__seed2027,CICIDS2017,CICIDS2017_COVERAGE_R1,CB-Score,0.4,0.5,2027,FedAvg,sign-flip,forged_inflated,0.23492184700999763,0.5,0.3804643145293643,0,292559,10000.0,1.0,0.23492184700999763,0.23492184700999763,1.0,0.5,0.05,0,89832,6006810,23762406,0.012561599898617715,1972844,19728440,0,32847547.0,2.90795739996247,25500,10477821.0,4008466,0.013240100000984967,24.99062899997807,42.40105479999329
robustness,ROB__CICIDS2017_COVERAGE_R1__CB-Score__FedAvg__sign-flip__forged__seed2718,CICIDS2017,CICIDS2017_COVERAGE_R1,CB-Score,0.4,0.5,2718,FedAvg,sign-flip,forged_inflated,0.23492184700999763,0.5,0.3804643145293643,0,292559,10000.0,1.0,0.23492184700999763,0.23492184700999763,1.0,0.5,0.05,0,89832,5771256,23740872,0.012329600082011893,1996624,19966240,0,31542195.0,2.89853310000035,25500,11695657.0,3749132,0.010644299851264805,24.84200769974268,41.81749130002572
robustness,ROB__CICIDS2017_COVERAGE_R1__CB-Score__FedAvg__sign-flip__forged__seed314,CICIDS2017,CICIDS2017_COVERAGE_R1,CB-Score,0.4,0.5,314,FedAvg,sign-flip,forged_inflated,0.23492184700999763,0.5,0.3804643145293643,0,292559,10000.0,1.0,0.23492184700999763,0.23492184700999763,1.0,0.5,0.05,0,89832,5907513,23662524,0.01309439993929118,1972779,19727790,0,32581655.0,2.893066700111376,25500,10347471.0,3909234,0.013106700032949448,24.919088400056353,41.92862300001434
robustness,ROB__CICIDS2017_COVERAGE_R1__CB-Score__FedAvg__sign-flip__forged__seed3407,CICIDS2017,CICIDS2017_COVERAGE_R1,CB-Score,0.4,0.5,3407,FedAvg,sign-flip,forged_inflated,0.7650781529900024,0.5,0.0,89832,0,0.0,0.0,0.23492184700999763,0.0,0.0,0.5,0.05,292559,0,5933278,23888431,0.011911899986444041,1995017,19950170,0,33417131.0,3.3520206999091897,25500,17448101.0,3912761,0.013131999992765486,26.64165779965697,43.68168199999491
robustness,ROB__CICIDS2017_COVERAGE_R1__CB-Score__FedAvg__sign-flip__forged__seed42,CICIDS2017,CICIDS2017_COVERAGE_R1,CB-Score,0.4,0.5,42,FedAvg,sign-flip,forged_inflated,0.23492184700999763,0.5,0.3804643145293643,0,292559,10000.0,1.0,0.23492184700999763,0.23492184700999763,1.0,0.5,0.05,0,89832,4790991,22835892,0.009331100038252771,2004989,20049890,0,31941853.0,2.9066526000970043,25500,4438362.0,2760502,0.010331299883546308,24.821915900189197,41.49690950004151
robustness,ROB__CICIDS2017_COVERAGE_R1__CB-Score__FedAvg__sign-flip__forged__seed777,CICIDS2017,CICIDS2017_COVERAGE_R1,CB-Score,0.4,0.5,777,FedAvg,sign-flip,forged_inflated,0.23492184700999763,0.5,0.3804643145293643,0,292559,10000.0,1.0,0.23492184700999763,0.23492184700999763,1.0,0.5,0.05,0,89832,5970731,24057167,0.01300720006111078,2009604,20096040,0,33526345.0,2.927173099858919,25500,18288482.0,3935627,0.014030399994226173,24.802072699996643,41.831932100030826
robustness,ROB__CICIDS2017_COVERAGE_R1__CB-Score__FedAvg__sign-flip__forged__seed9001,CICIDS2017,CICIDS2017_COVERAGE_R1,CB-Score,0.4,0.5,9001,FedAvg,sign-flip,forged_inflated,0.7650781529900024,0.5,0.0,89832,0,0.0,0.0,0.23492184700999763,0.0,0.0,0.5,0.05,292559,0,6298128,24385698,0.012341000052401796,2009730,20097300,0,31285104.0,3.410750100039877,25500,7050225.0,4262898,0.011804700014181435,26.97025440033758,43.243770800036145
robustness,ROB__CICIDS2017_COVERAGE_R1__CB-Score__FedAvg__sign-flip__honest__seed11,CICIDS2017,CICIDS2017_COVERAGE_R1,CB-Score,0.4,0.5,11,FedAvg,sign-flip,honest,0.23492184700999763,0.5,0.3804643145293643,0,292559,10000.0,1.0,0.23523542753852575,0.23492184700999763,1.0,0.5008711853443051,0.05,0,89832,2746629,21203541,0.001980199886020273,2050768,20507680,27,39251790.0,4.245935699931579,25500,1800593.0,670361,0.015499400033149868,33.63457339967135,55.330476599920075
robustness,ROB__CICIDS2017_COVERAGE_R1__CB-Score__FedAvg__sign-flip__honest__seed123,CICIDS2017,CICIDS2017_COVERAGE_R1,CB-Score,0.4,0.5,123,FedAvg,sign-flip,honest,0.4151379085804844,0.6147138740795756,0.44328167240031663,794,222852,7617.335306724455,0.7617335306724455,0.3312008543826472,0.2854788547244221,0.9911612788315968,0.6874803978782414,0.95,69707,89038,9382286,27741206,0.014791700086789206,2039880,20398800,0,48048668.0,4.220372200012207,25500,20472311.0,7316906,0.013275000004796311,34.49782220006455,54.59390690003056
robustness,ROB__CICIDS2017_COVERAGE_R1__CB-Score__FedAvg__sign-flip__honest__seed2026,CICIDS2017,CICIDS2017_COVERAGE_R1,CB-Score,0.4,0.5,2026,FedAvg,sign-flip,honest,0.7528079897277917,0.4939596883863402,0.010737833594976452,89319,5205,177.9128312579685,0.017791283125796847,0.20363757336867733,0.08971668415529906,0.005710659898477157,0.3366342958368726,0.95,287354,513,8988843,27390414,0.014916500047547743,2044619,20446190,0,47462515.0,4.502013999852352,25500,17456408.0,6918724,0.013912199909100309,35.60474639988388,56.59537429991178
robustness,ROB__CICIDS2017_COVERAGE_R1__CB-Score__FedAvg__sign-flip__honest__seed2027,CICIDS2017,CICIDS2017_COVERAGE_R1,CB-Score,0.4,0.5,2027,FedAvg,sign-flip,honest,0.7524994050592195,0.49177943594283546,0.0,89832,4810,164.41128114329075,0.016441128114329077,0.23323785914619247,0.0,0.0,0.40358472858445144,0.05,287749,0,2892067,21359212,0.0020576999813783914,2051905,20519050,26,38943271.0,5.08192639995832,25500,2247994.0,814662,0.011950500018429011,37.51873939993675,56.23042940002051
robustness,ROB__CICIDS2017_COVERAGE_R1__CB-Score__FedAvg__sign-flip__honest__seed2718,CICIDS2017,CICIDS2017_COVERAGE_R1,CB-Score,0.4,0.5,2718,FedAvg,sign-flip,honest,0.23492184700999763,0.5,0.3804643145293643,0,292559,10000.0,1.0,0.23492184700999763,0.23492184700999763,1.0,0.5,0.05,0,89832,4040787,22492254,0.007346200000029057,2050163,20501630,21,38883883.0,7.646719700045651,25500,4396290.0,1965124,0.017350499954773113,47.793905199563596,73.43504159996519
robustness,ROB__CICIDS2017_COVERAGE_R1__CB-Score__FedAvg__sign-flip__honest__seed314,CICIDS2017,CICIDS2017_COVERAGE_R1,CB-Score,0.4,0.5,314,FedAvg,sign-flip,honest,0.30562696297768516,0.5459339344023557,0.40338033992144595,71,265451,9073.41766959827,0.9073417669598269,0.29621535182573366,0.25269698095785054,0.9992096357645383,0.6351246432466843,0.95,27108,89761,8310809,26716979,0.02173670011688955,2045130,20451300,0,42113728.0,7.333189199882327,25500,15335959.0,6240179,0.023442299949238077,47.923594699794194,75.4183011999994
robustness,ROB__CICIDS2017_COVERAGE_R1__CB-Score__FedAvg__sign-flip__honest__seed3407,CICIDS2017,CICIDS2017_COVERAGE_R1,CB-Score,0.4,0.5,3407,FedAvg,sign-flip,honest,0.7319863699720967,0.4783735930188441,0.0,89832,12654,432.52813962311876,0.04325281396231188,0.2242831458983045,0.0,0.0,0.3510635419291389,0.15,279905,0,2514529,20944702,0.0018532000249251723,2047797,20477970,28,43723183.0,9.655798299965682,25500,1057777.0,441232,0.020560799952363595,68.67994339985307,93.32035670001642
robustness,ROB__CICIDS2017_COVERAGE_R1__CB-Score__FedAvg__sign-flip__honest__seed42,CICIDS2017,CICIDS2017_COVERAGE_R1,CB-Score,0.4,0.5,42,FedAvg,sign-flip,honest,0.7323786386185868,0.4786299515653253,0.0,89832,12504,427.4009686934943,0.04274009686934943,0.1819342352823499,0.0,0.0,0.36809657698166676,0.31,280055,0,3420468,21778740,0.0036292999575380236,2039808,20398080,23,42410197.0,5.746366999926977,25500,2012369.0,1355160,0.014738800004124641,41.764498399948934,61.223524799977895
robustness,ROB__CICIDS2017_COVERAGE_R1__CB-Score__FedAvg__sign-flip__honest__seed777,CICIDS2017,CICIDS2017_COVERAGE_R1,CB-Score,0.4,0.5,777,FedAvg,sign-flip,honest,0.7630932736387624,0.4992003643511309,0.0028398771588019683,89703,888,30.352851903376756,0.0030352851903376753,0.17502485522796912,0.12684365781710916,0.0014360138925995191,0.36555973093770383,0.77,291671,129,9546308,27966167,0.016208000102778897,2046651,20466510,0,49264319.0,5.595676000055391,25500,12781696.0,7474157,0.014776000054553151,44.156804599944735,64.10993779986165
robustness,ROB__CICIDS2017_COVERAGE_R1__CB-Score__FedAvg__sign-flip__honest__seed9001,CICIDS2017,CICIDS2017_COVERAGE_R1,CB-Score,0.4,0.5,9001,FedAvg,sign-flip,honest,0.7650232353794938,0.5005156448366291,0.003172877444835199,89689,164,5.605706883056067,0.0005605706883056068,0.1773037532035832,0.46579804560260585,0.001591860361563808,0.37351053462370276,0.92,292395,143,9136574,27568160,0.016469899885123596,2047954,20479540,0,48422394.0,5.987252900173189,25500,12364966.0,7063120,0.01625920008518733,45.679188500216696,65.3545089000254
robustness,ROB__CICIDS2017_COVERAGE_R1__CB-Score__Norm-Clipped-Averaging__clean__forged__seed11,CICIDS2017,CICIDS2017_COVERAGE_R1,CB-Score,0.4,0.5,11,Norm-Clipped-Averaging,clean,forged_inflated,0.764892479163997,0.5003029146724628,0.0024411082631514707,89722,181,6.186786255080172,0.0006186786255080172,0.16396980188156807,0.37800687285223367,0.0012245079704336984,0.3003770953628689,0.65,292378,110,9080444,27527303,0.0186192000110168,2049651,20496510,0,48199024.0,5.455357400060166,25500,8839657.0,7005293,0.012167700100690126,41.213115600083256,58.904609299992444
robustness,ROB__CICIDS2017_COVERAGE_R1__CB-Score__Norm-Clipped-Averaging__clean__forged__seed123,CICIDS2017,CICIDS2017_COVERAGE_R1,CB-Score,0.4,0.5,123,Norm-Clipped-Averaging,clean,forged_inflated,0.764698959965062,0.5003538613200049,0.0034555704460122495,89676,301,10.288522998779733,0.0010288522998779734,0.17477179960000805,0.3413566739606127,0.0017365749398877905,0.36068602010944845,0.67,292258,156,8949345,27382092,0.017613899981370196,2048083,20480830,0,48055367.0,5.304277900024317,25500,14282114.0,6875762,0.011373800021829084,39.22450320023927,57.08438699992257
robustness,ROB__CICIDS2017_COVERAGE_R1__CB-Score__Norm-Clipped-Averaging__clean__forged__seed2026,CICIDS2017,CICIDS2017_COVERAGE_R1,CB-Score,0.4,0.5,2026,Norm-Clipped-Averaging,clean,forged_inflated,0.7645159012633665,0.5001069500163078,0.0027244636904300446,89709,338,11.553225161420432,0.0011553225161420432,0.17417229890823083,0.2668112798264642,0.001369222548757681,0.3563372488559227,0.83,292221,123,8930861,27364301,0.017541600042022765,2048160,20481600,0,48677504.0,5.1280122000025585,25500,21738128.0,6857201,0.011658099974738434,37.87789660011185,55.08502929995302
robustness,ROB__CICIDS2017_COVERAGE_R1__CB-Score__Norm-Clipped-Averaging__clean__forged__seed2027,CICIDS2017,CICIDS2017_COVERAGE_R1,CB-Score,0.4,0.5,2027,Norm-Clipped-Averaging,clean,forged_inflated,0.7609514868289264,0.5016498212542679,0.02406474205671336,88705,2705,92.45998243089429,0.009245998243089429,0.1935137168739826,0.29410229645093944,0.012545640751625255,0.4299062008932731,0.63,289854,1127,7940737,26405416,0.017034100019373,2051631,20516310,0,48698057.0,4.861238500016043,25500,14897222.0,5863606,0.011556900048162788,37.7570521000016,55.044824700045865
robustness,ROB__CICIDS2017_COVERAGE_R1__CB-Score__Norm-Clipped-Averaging__clean__forged__seed2718,CICIDS2017,CICIDS2017_COVERAGE_R1,CB-Score,0.4,0.5,2718,Norm-Clipped-Averaging,clean,forged_inflated,0.7651147647303415,0.5005330360590283,0.002930663173552985,89700,118,4.033374464637902,0.00040333744646379023,0.17118086066791047,0.528,0.001469409564520438,0.3429711857969182,0.61,292441,132,8087377,26513428,0.01711400004569441,2047339,20473390,0,47963229.0,5.3907868001260795,25500,18057143.0,6014538,0.011768900149036199,41.332619600056205,58.46381160002784
robustness,ROB__CICIDS2017_COVERAGE_R1__CB-Score__Norm-Clipped-Averaging__clean__forged__seed314,CICIDS2017,CICIDS2017_COVERAGE_R1,CB-Score,0.4,0.5,314,Norm-Clipped-Averaging,clean,forged_inflated,0.7644400626583785,0.5001808077909836,0.003429734693425973,89677,399,13.638274672801042,0.0013638274672801041,0.1737438876981044,0.27978339350180503,0.0017254430492474842,0.3471268030578879,0.59,292160,155,9366003,27798300,0.01970240010996349,2048033,20480330,0,48493500.0,5.393143399938708,25500,16007661.0,7292470,0.012305599899264053,40.1846109998296,57.11666320008226
robustness,ROB__CICIDS2017_COVERAGE_R1__CB-Score__Norm-Clipped-Averaging__clean__forged__seed3407,CICIDS2017,CICIDS2017_COVERAGE_R1,CB-Score,0.4,0.5,3407,Norm-Clipped-Averaging,clean,forged_inflated,0.7645185163876765,0.5001742261751257,0.0030998826472997806,89692,354,12.100123393913707,0.0012100123393913706,0.17933895357540308,0.2834008097165992,0.0015584646896428889,0.3836512503344103,0.74,292205,140,8920816,27349036,0.01782219999586232,2047580,20475800,0,48271275.0,4.864715199946659,25500,25523441.0,6847736,0.011692600179230794,36.80900900004781,53.884440099966014
robustness,ROB__CICIDS2017_COVERAGE_R1__CB-Score__Norm-Clipped-Averaging__clean__forged__seed42,CICIDS2017,CICIDS2017_COVERAGE_R1,CB-Score,0.4,0.5,42,Norm-Clipped-Averaging,clean,forged_inflated,0.7624447228098987,0.49877651822094865,0.0028321459543124363,89703,1136,38.82977450702251,0.0038829774507022517,0.228984139572741,0.10197628458498023,0.0014360138925995191,0.2950240666902786,0.06,291423,129,7789253,26198834,0.016416399885201827,2045509,20455090,0,48024479.0,5.742482299974654,25500,14012763.0,5718244,0.011385599966160953,38.62159099962446,55.49491590002435
robustness,ROB__CICIDS2017_COVERAGE_R1__CB-Score__Norm-Clipped-Averaging__clean__forged__seed777,CICIDS2017,CICIDS2017_COVERAGE_R1,CB-Score,0.4,0.5,777,Norm-Clipped-Averaging,clean,forged_inflated,0.7655593358630303,0.5017453720591636,0.008208872662905188,89461,187,6.39187309226515,0.000639187309226515,0.1787857706157946,0.6648745519713262,0.0041299314275536556,0.3607274838993401,0.69,292372,371,9236245,27674590,0.018550599954323843,2048705,20487050,0,48458720.0,5.137156399927335,25500,28075247.0,7162040,0.011712500039720908,39.342004499718314,56.33015759990667
robustness,ROB__CICIDS2017_COVERAGE_R1__CB-Score__Norm-Clipped-Averaging__clean__forged__seed9001,CICIDS2017,CICIDS2017_COVERAGE_R1,CB-Score,0.4,0.5,9001,Norm-Clipped-Averaging,clean,forged_inflated,0.763349555821136,0.49951827058023285,0.0036992590472206014,89664,829,28.336164671057805,0.0028336164671057804,0.1887796461720659,0.16850551654964896,0.0018701576275714667,0.42851159736826605,0.65,291730,168,8621373,27078411,0.01729909999994561,2050782,20507820,0,48204918.0,4.896911299903877,25500,11237776.0,6545091,0.01145419993554242,36.87648809995153,53.49093510006787
robustness,ROB__CICIDS2017_COVERAGE_R1__CB-Score__Norm-Clipped-Averaging__clean__honest__seed11,CICIDS2017,CICIDS2017_COVERAGE_R1,CB-Score,0.4,0.5,11,Norm-Clipped-Averaging,clean,honest,0.75168610139883,0.49174545781945694,0.0027097709298295365,89703,5250,179.4509825368558,0.017945098253685583,0.1696530650959771,0.023982152816508645,0.0014360138925995191,0.2936484500173865,0.31,287309,129,8173065,26611779,0.018883800017647445,2048746,20487460,0,47814059.0,5.679306799982442,25500,15559730.0,6098819,0.012874799984274432,44.24027899984503,63.679302499920595
robustness,ROB__CICIDS2017_COVERAGE_R1__CB-Score__Norm-Clipped-Averaging__clean__honest__seed123,CICIDS2017,CICIDS2017_COVERAGE_R1,CB-Score,0.4,0.5,123,Norm-Clipped-Averaging,clean,honest,0.7634306246747439,0.4994748291379153,0.0031515846079252434,89689,773,26.42202085733134,0.0026422020857331343,0.17899812932918702,0.15611353711790393,0.001591860361563808,0.3756942738234882,0.69,291786,143,9077315,27506534,0.018575599970063195,2047691,20476910,0,48064236.0,5.515256899874657,25500,22828600.0,7004124,0.012562099960632622,42.12121430027764,61.49138429990853
robustness,ROB__CICIDS2017_COVERAGE_R1__CB-Score__Norm-Clipped-Averaging__clean__honest__seed2026,CICIDS2017,CICIDS2017_COVERAGE_R1,CB-Score,0.4,0.5,2026,Norm-Clipped-Averaging,clean,honest,0.7428705173500423,0.4860883627368131,0.0031631453019181637,89676,8648,295.59849466261505,0.029559849466261508,0.175399898446665,0.017719218537028625,0.0017365749398877905,0.3631447476269412,0.25,283911,156,8566915,27002884,0.018117599945981055,2048441,20484410,0,48303144.0,5.224878899869509,25500,22293544.0,6492974,0.01262320001842454,38.19238399999449,56.52380900003482
robustness,ROB__CICIDS2017_COVERAGE_R1__CB-Score__Norm-Clipped-Averaging__clean__honest__seed2027,CICIDS2017,CICIDS2017_COVERAGE_R1,CB-Score,0.4,0.5,2027,Norm-Clipped-Averaging,clean,honest,0.7638019723267545,0.4997406565586459,0.0032885298726522323,89683,637,21.773385881138505,0.0021773385881138506,0.2220045430245922,0.1895674300254453,0.0016586517054056461,0.5024826233614319,0.95,291922,149,7492332,25930407,0.02044879991444759,2048675,20486750,0,48057270.0,6.694041599927004,25500,8789744.0,5418157,0.015519200154813007,49.35487629973795,71.07479820010485
robustness,ROB__CICIDS2017_COVERAGE_R1__CB-Score__Norm-Clipped-Averaging__clean__honest__seed2718,CICIDS2017,CICIDS2017_COVERAGE_R1,CB-Score,0.4,0.5,2718,Norm-Clipped-Averaging,clean,honest,0.7648663279208977,0.5003745325346005,0.0029496889519732977,89699,214,7.3147638595975515,0.0007314763859597552,0.18219540520576377,0.38328530259365995,0.0014805414551607445,0.39450548146594433,0.6,292345,133,8364936,26791401,0.019571300188545138,2047385,20473850,0,48168273.0,5.697927899891511,25500,13816239.0,6292051,0.012430799950379878,45.26166999989073,64.15484600010677
robustness,ROB__CICIDS2017_COVERAGE_R1__CB-Score__Norm-Clipped-Averaging__clean__honest__seed314,CICIDS2017,CICIDS2017_COVERAGE_R1,CB-Score,0.4,0.5,314,Norm-Clipped-Averaging,clean,honest,0.7646937297164421,0.5002463072207743,0.0028591376043086538,89703,276,9.433994510508992,0.0009433994510508991,0.16664459869781661,0.31851851851851853,0.0014360138925995191,0.31492099122667927,0.49,292283,129,9151420,27580576,0.0214565999340266,2047684,20476840,0,47626906.0,5.717135000042617,25500,18923282.0,7078236,0.014959800144424662,44.23524610046297,63.2480200000864
robustness,ROB__CICIDS2017_COVERAGE_R1__CB-Score__Norm-Clipped-Averaging__clean__honest__seed3407,CICIDS2017,CICIDS2017_COVERAGE_R1,CB-Score,0.4,0.5,3407,Norm-Clipped-Averaging,clean,honest,0.7649081699098567,0.5003131690143221,0.0024412707924143058,89722,175,5.981699417895194,0.0005981699417895194,0.16980657040519362,0.38596491228070173,0.0012245079704336984,0.3348303761719394,0.68,292384,110,9327629,27754841,0.02199450001353398,2047468,20474680,0,48203139.0,5.1997951999655925,25500,14929135.0,7254661,0.015368099935585633,41.18779539997922,59.945695000031264
robustness,ROB__CICIDS2017_COVERAGE_R1__CB-Score__Norm-Clipped-Averaging__clean__honest__seed42,CICIDS2017,CICIDS2017_COVERAGE_R1,CB-Score,0.4,0.5,42,Norm-Clipped-Averaging,clean,honest,0.7625257916635068,0.4988294989872214,0.0028331100520501613,89703,1105,37.7701591815668,0.0037770159181566795,0.1952588607280155,0.10453808752025932,0.0014360138925995191,0.30428885329728905,0.06,291454,129,7971382,26386687,0.018375299958279356,2046145,20461450,0,47802514.0,5.281576900102664,25500,11603551.0,5899737,0.014219899952877313,39.413512500032084,57.677626000047894
robustness,ROB__CICIDS2017_COVERAGE_R1__CB-Score__Norm-Clipped-Averaging__clean__honest__seed777,CICIDS2017,CICIDS2017_COVERAGE_R1,CB-Score,0.4,0.5,777,Norm-Clipped-Averaging,clean,honest,0.7573661514000068,0.4993028472510859,0.02369703155745899,88706,4075,139.28814358813094,0.013928814358813093,0.18158756038871926,0.2164968275331667,0.01253450886098495,0.3869286695659658,0.5,288484,1126,9172707,27595770,0.019511599937686697,2047007,20470070,0,48790008.0,4.985738699964713,25500,14151819.0,7100200,0.013147199933882803,39.99721710008453,57.523045499954605
robustness,ROB__CICIDS2017_COVERAGE_R1__CB-Score__Norm-Clipped-Averaging__clean__honest__seed9001,CICIDS2017,CICIDS2017_COVERAGE_R1,CB-Score,0.4,0.5,9001,Norm-Clipped-Averaging,clean,honest,0.7580983862067884,0.49594763619096754,0.0028459009324637526,89700,2801,95.74137182585393,0.009574137182585393,0.1772064667922184,0.04500511421752472,0.001469409564520438,0.30014792401046914,0.88,289758,132,7863639,26290995,0.018719099956797436,2047484,20474840,0,48113322.0,5.592988400108879,25500,8770251.0,5790655,0.01355840009637177,41.74975760013331,59.99926509990473
robustness,ROB__CICIDS2017_COVERAGE_R1__CB-Score__Norm-Clipped-Averaging__label-flip__forged__seed11,CICIDS2017,CICIDS2017_COVERAGE_R1,CB-Score,0.4,0.5,11,Norm-Clipped-Averaging,label-flip,forged_inflated,0.7589483016075169,0.5058714614949763,0.052642397582684124,87271,4905,167.65848939871958,0.016765848939871958,0.21804280705518075,0.34302169836592555,0.02850877192982456,0.4605751611789352,0.86,287654,2561,8220243,26595489,0.017797099892050028,2041694,20416940,0,43834115.0,2.9887272000778466,25500,8279564.0,6153049,0.011654300091322511,25.097010500205215,42.54232349997619
robustness,ROB__CICIDS2017_COVERAGE_R1__CB-Score__Norm-Clipped-Averaging__label-flip__forged__seed123,CICIDS2017,CICIDS2017_COVERAGE_R1,CB-Score,0.4,0.5,123,Norm-Clipped-Averaging,label-flip,forged_inflated,0.7349205394478426,0.48085811753303453,0.0028920498140825117,89685,11679,399.2015285805598,0.03992015285805598,0.18903587334364813,0.012430238457635717,0.0016363879241250334,0.40838621541294273,0.6,280880,147,9309133,27683776,0.017824699956690893,2041627,20416270,0,48049248.0,3.253480699902866,25500,14569759.0,7242006,0.010852299979887903,26.10719059969415,43.80684560001828
robustness,ROB__CICIDS2017_COVERAGE_R1__CB-Score__Norm-Clipped-Averaging__label-flip__forged__seed2026,CICIDS2017,CICIDS2017_COVERAGE_R1,CB-Score,0.4,0.5,2026,Norm-Clipped-Averaging,label-flip,forged_inflated,0.7377527190755012,0.482450614719607,0.001592974980336715,89752,10529,359.8932181201057,0.03598932181201057,0.14917775810181608,0.007540767273070035,0.0008905512512245079,0.21735711349394674,0.43,282030,80,9313285,27702940,0.018145700014429167,2043295,20432950,0,48484287.0,3.7276774999918416,25500,20244444.0,7244490,0.011965199984842911,26.153072299901396,43.443826500093564
robustness,ROB__CICIDS2017_COVERAGE_R1__CB-Score__Norm-Clipped-Averaging__label-flip__forged__seed2027,CICIDS2017,CICIDS2017_COVERAGE_R1,CB-Score,0.4,0.5,2027,Norm-Clipped-Averaging,label-flip,forged_inflated,0.749269726536451,0.4898885932123926,0.0011876113385629902,89775,6102,208.5733134171227,0.02085733134171227,0.15403964742925333,0.009254749147588894,0.0006345177664974619,0.25733480114098983,0.77,286457,57,9386484,27767643,0.019474600005196407,2042351,20423510,0,48612428.0,3.1976854000240564,25500,15382615.0,7318633,0.012378599989460781,26.203597799874842,43.26759279993712
robustness,ROB__CICIDS2017_COVERAGE_R1__CB-Score__Norm-Clipped-Averaging__label-flip__forged__seed2718,CICIDS2017,CICIDS2017_COVERAGE_R1,CB-Score,0.4,0.5,2718,Norm-Clipped-Averaging,label-flip,forged_inflated,0.741489731714397,0.4848041487071817,0.0011519107572297556,89775,9077,310.262203521341,0.0310262203521341,0.17916200221252487,0.006240420407269543,0.0006345177664974619,0.38090648675630095,0.81,283482,57,8929279,27298873,0.019824999995762482,2041066,20410660,0,45178356.0,3.0438959999301005,25500,18452141.0,6862713,0.012387500086333603,24.9856095998839,41.97855390002951
robustness,ROB__CICIDS2017_COVERAGE_R1__CB-Score__Norm-Clipped-Averaging__label-flip__forged__seed314,CICIDS2017,CICIDS2017_COVERAGE_R1,CB-Score,0.4,0.5,314,Norm-Clipped-Averaging,label-flip,forged_inflated,0.7496750708044907,0.49000307839835566,0.000375947701497525,89814,5908,201.94217234814175,0.020194217234814175,0.19233488417137554,0.0030374620317246033,0.00020037403152551428,0.42784787400363555,0.8,286651,18,8207093,26591177,0.018002200085902587,2042676,20426760,0,44301516.0,3.04330329989898,25500,14618517.0,6138917,0.011967299913521856,25.51821910010767,42.492711200000485
robustness,ROB__CICIDS2017_COVERAGE_R1__CB-Score__Norm-Clipped-Averaging__label-flip__forged__seed3407,CICIDS2017,CICIDS2017_COVERAGE_R1,CB-Score,0.4,0.5,3407,Norm-Clipped-Averaging,label-flip,forged_inflated,0.765214139454119,0.5005169855689211,0.0024666118530699316,89721,59,2.016687232318951,0.00020166872323189512,0.1572354086386632,0.6529411764705882,0.0012356398610740048,0.25479995411456735,0.5,292500,111,9104054,27490208,0.01907280005980283,2042906,20429060,0,46729495.0,4.157078900083434,25500,24333868.0,7035648,0.012381899956380948,29.868162800266873,46.80962539988104
robustness,ROB__CICIDS2017_COVERAGE_R1__CB-Score__Norm-Clipped-Averaging__label-flip__forged__seed42,CICIDS2017,CICIDS2017_COVERAGE_R1,CB-Score,0.4,0.5,42,Norm-Clipped-Averaging,label-flip,forged_inflated,0.7494266339950469,0.4900605606211701,0.0015630372940698366,89757,6060,207.13770555682785,0.020713770555682784,0.14861056628409766,0.012224938875305624,0.0008348917980229762,0.20744848462718288,0.41,286499,75,8626635,27002664,0.01889609993668273,2041781,20417810,0,47334998.0,4.432352600124432,25500,15469762.0,6559354,0.012567100144224241,28.209845900069922,45.17343610004173
robustness,ROB__CICIDS2017_COVERAGE_R1__CB-Score__Norm-Clipped-Averaging__label-flip__forged__seed777,CICIDS2017,CICIDS2017_COVERAGE_R1,CB-Score,0.4,0.5,777,Norm-Clipped-Averaging,label-flip,forged_inflated,0.7523869547138923,0.4918486513615578,0.0007809284606211547,89795,4890,167.14577230575713,0.016714577230575713,0.16643999169443288,0.0075096407550233404,0.0004118799536913349,0.3222908324114463,0.73,287669,37,9335135,27714359,0.019694299960974604,2042136,20421360,0,47502226.0,3.138810700067552,25500,27525797.0,7267499,0.012311600177781656,25.921251000341726,43.140272199874744
robustness,ROB__CICIDS2017_COVERAGE_R1__CB-Score__Norm-Clipped-Averaging__label-flip__forged__seed9001,CICIDS2017,CICIDS2017_COVERAGE_R1,CB-Score,0.4,0.5,9001,Norm-Clipped-Averaging,label-flip,forged_inflated,0.7466206056104877,0.49069129413690893,0.014524298704204724,89118,7772,265.65581643360827,0.026565581643360828,0.18208409867831724,0.08413858119255244,0.007948169917178734,0.3889751367051602,0.84,284787,714,8672339,27058565,0.019473699969239533,2042914,20429140,0,45372685.0,3.1493354999402072,25500,11090955.0,6603925,0.012795299873687327,26.21793909999542,42.833410699968226
robustness,ROB__CICIDS2017_COVERAGE_R1__CB-Score__Norm-Clipped-Averaging__label-flip__honest__seed11,CICIDS2017,CICIDS2017_COVERAGE_R1,CB-Score,0.4,0.5,11,Norm-Clipped-Averaging,label-flip,honest,0.7634384700476737,0.5011615596266596,0.012639575624611153,89253,1206,41.22245427418059,0.004122245427418059,0.190487255126161,0.3243697478991597,0.0064453646807373765,0.42539892963495113,0.57,291353,579,9299428,27748951,0.023976700118510053,2049947,20499470,0,47942434.0,6.317583999858471,25500,20219536.0,7223981,0.014287499972851947,44.997366200055694,67.12348919999204
robustness,ROB__CICIDS2017_COVERAGE_R1__CB-Score__Norm-Clipped-Averaging__label-flip__honest__seed123,CICIDS2017,CICIDS2017_COVERAGE_R1,CB-Score,0.4,0.5,123,Norm-Clipped-Averaging,label-flip,honest,0.7651095344817216,0.5005180472800445,0.0028641843735429293,89703,117,3.9991933251070724,0.0003999193325107072,0.17544317558812986,0.524390243902439,0.0014360138925995191,0.36371522069395185,0.75,292442,129,9406861,27840490,0.02504509998834692,2048181,20481810,0,47893237.0,7.723602799989749,25500,22312368.0,7333180,0.0188429000263568,51.527136799908476,77.33749299996998
robustness,ROB__CICIDS2017_COVERAGE_R1__CB-Score__Norm-Clipped-Averaging__label-flip__honest__seed2026,CICIDS2017,CICIDS2017_COVERAGE_R1,CB-Score,0.4,0.5,2026,Norm-Clipped-Averaging,label-flip,honest,0.7650598471198329,0.5004431494257103,0.002620038856508465,89714,125,4.272642441353709,0.000427264244135371,0.1723005118474765,0.48559670781893005,0.0013135630955561492,0.33307463162544715,0.5,292434,118,9524327,27951422,0.0288894998957403,2047455,20474550,0,48432383.0,7.977429899969138,25500,28540216.0,7451372,0.018049899983452633,54.709258199785836,80.64799779996974
robustness,ROB__CICIDS2017_COVERAGE_R1__CB-Score__Norm-Clipped-Averaging__label-flip__honest__seed2027,CICIDS2017,CICIDS2017_COVERAGE_R1,CB-Score,0.4,0.5,2027,Norm-Clipped-Averaging,label-flip,honest,0.7654599611392527,0.5033774587652441,0.017764051342708198,89021,665,22.730457788001736,0.0022730457788001737,0.2346446830945898,0.5494579945799458,0.009027963309288449,0.5252044926396706,0.47,291894,811,8492986,26934553,0.019568700023228303,2049063,20490630,0,47756007.0,6.108755399967777,25500,11525028.0,6418423,0.013996499968925491,43.37596779986052,63.04978020003182
robustness,ROB__CICIDS2017_COVERAGE_R1__CB-Score__Norm-Clipped-Averaging__label-flip__honest__seed2718,CICIDS2017,CICIDS2017_COVERAGE_R1,CB-Score,0.4,0.5,2718,Norm-Clipped-Averaging,label-flip,honest,0.7649657026446752,0.5004819024714888,0.003194214921863736,89688,187,6.39187309226515,0.000639187309226515,0.18909416383971372,0.4350453172205438,0.0016029922522041143,0.4244496798143015,0.67,292372,144,9035538,27470211,0.023217900015879422,2048297,20482970,0,48164889.0,6.146232999832137,25500,10806437.0,6961741,0.015758100053062662,41.35778410010971,61.01254789996892
robustness,ROB__CICIDS2017_COVERAGE_R1__CB-Score__Norm-Clipped-Averaging__label-flip__honest__seed314,CICIDS2017,CICIDS2017_COVERAGE_R1,CB-Score,0.4,0.5,314,Norm-Clipped-Averaging,label-flip,honest,0.7652952083077269,0.5005661094468502,0.002445286709866732,89722,27,0.9228907673324013,9.228907673324013e-05,0.16307176716191643,0.8029197080291971,0.0012245079704336984,0.2863846919161159,0.65,292532,110,9289354,27722659,0.02494289999594912,2048145,20481450,0,47409432.0,7.058317699964391,25500,7902590.0,7215709,0.01754540001275018,49.40987689976464,71.36640859997715
robustness,ROB__CICIDS2017_COVERAGE_R1__CB-Score__Norm-Clipped-Averaging__label-flip__honest__seed3407,CICIDS2017,CICIDS2017_COVERAGE_R1,CB-Score,0.4,0.5,3407,Norm-Clipped-Averaging,label-flip,honest,0.7651383008491308,0.5005021349116939,0.0026652156048373662,89712,97,3.3155705344904787,0.0003315570534490479,0.16663140882321237,0.5529953917050692,0.0013358268768367619,0.3181102223800738,0.62,292462,120,9140355,27568026,0.028107000020099804,2047519,20475190,0,47651785.0,7.589984300109791,25500,12014780.0,7067336,0.021585799957392737,53.76693899993552,77.4904512000794
robustness,ROB__CICIDS2017_COVERAGE_R1__CB-Score__Norm-Clipped-Averaging__label-flip__honest__seed42,CICIDS2017,CICIDS2017_COVERAGE_R1,CB-Score,0.4,0.5,42,Norm-Clipped-Averaging,label-flip,honest,0.7640713301306777,0.49983183788367025,0.002807529484586221,89705,512,17.500743439784795,0.0017500743439784795,0.22941081962166154,0.19874804381846636,0.0014137501113189064,0.2938606589146089,0.13,292047,127,9262114,27675628,0.024440499866614118,2045946,20459460,0,47590021.0,6.616053499979898,25500,15065885.0,7190668,0.0164130000048317,44.96439650002867,65.3146648000693
robustness,ROB__CICIDS2017_COVERAGE_R1__CB-Score__Norm-Clipped-Averaging__label-flip__honest__seed777,CICIDS2017,CICIDS2017_COVERAGE_R1,CB-Score,0.4,0.5,777,Norm-Clipped-Averaging,label-flip,honest,0.7648035649374593,0.5002448067352604,0.0024401876726155482,89722,215,7.348944999128381,0.0007348944999128381,0.16650397578300874,0.3384615384615385,0.0012245079704336984,0.30511325771579456,0.7,292344,110,9450346,27869269,0.024567199958255515,2046547,20465470,0,48260198.0,6.251711200020509,25500,10131676.0,7378299,0.016004699951736256,47.30261320018326,69.19021379997139
robustness,ROB__CICIDS2017_COVERAGE_R1__CB-Score__Norm-Clipped-Averaging__label-flip__honest__seed9001,CICIDS2017,CICIDS2017_COVERAGE_R1,CB-Score,0.4,0.5,9001,Norm-Clipped-Averaging,label-flip,honest,0.7648401766777984,0.500407581513302,0.0032367122983982706,89686,237,8.100930068806633,0.0008100930068806634,0.18277974267661037,0.381201044386423,0.001625256033484727,0.3967575202572999,0.82,292322,146,8413801,26850463,0.020045100071001798,2048518,20485180,0,47998843.0,5.691275399993174,25500,12877867.0,6339783,0.014554899971699342,41.10174770039157,59.78723439993337
robustness,ROB__CICIDS2017_COVERAGE_R1__CB-Score__Norm-Clipped-Averaging__sign-flip__forged__seed11,CICIDS2017,CICIDS2017_COVERAGE_R1,CB-Score,0.4,0.5,11,Norm-Clipped-Averaging,sign-flip,forged_inflated,0.23492184700999763,0.5,0.3804643145293643,0,292559,10000.0,1.0,0.23492184700999763,0.23492184700999763,1.0,0.5,0.05,0,89832,5804369,23533145,0.01564389991108328,1969864,19698640,0,32633130.0,2.8696843000361696,25500,4481651.0,3809005,0.01081720003276132,24.733019699837314,41.85609750007279
robustness,ROB__CICIDS2017_COVERAGE_R1__CB-Score__Norm-Clipped-Averaging__sign-flip__forged__seed123,CICIDS2017,CICIDS2017_COVERAGE_R1,CB-Score,0.4,0.5,123,Norm-Clipped-Averaging,sign-flip,forged_inflated,0.23492184700999763,0.5,0.3804643145293643,0,292559,10000.0,1.0,0.23492184700999763,0.23492184700999763,1.0,0.5,0.05,0,89832,5872537,23747473,0.014046600030269474,1986104,19861040,0,31969829.0,2.8869408999744337,25500,6561839.0,3860933,0.010882900067372248,24.534560200030683,42.04613689999678
robustness,ROB__CICIDS2017_COVERAGE_R1__CB-Score__Norm-Clipped-Averaging__sign-flip__forged__seed2026,CICIDS2017,CICIDS2017_COVERAGE_R1,CB-Score,0.4,0.5,2026,Norm-Clipped-Averaging,sign-flip,forged_inflated,0.23492184700999763,0.5,0.3804643145293643,0,292559,10000.0,1.0,0.23492184700999763,0.23492184700999763,1.0,0.5,0.05,0,89832,5915281,23670787,0.015009399881819263,1972834,19728340,0,32773649.0,2.938337100087665,25500,8897555.0,3916947,0.011865100037539378,24.95264480021433,42.1704973000451
robustness,ROB__CICIDS2017_COVERAGE_R1__CB-Score__Norm-Clipped-Averaging__sign-flip__forged__seed2027,CICIDS2017,CICIDS2017_COVERAGE_R1,CB-Score,0.4,0.5,2027,Norm-Clipped-Averaging,sign-flip,forged_inflated,0.23492184700999763,0.5,0.3804643145293643,0,292559,10000.0,1.0,0.23492184700999763,0.23492184700999763,1.0,0.5,0.05,0,89832,6006427,23762761,0.016747800109442323,1972926,19729260,0,32846436.0,2.895369099889649,25500,10476832.0,4008001,0.01277910007047467,24.954154900158755,41.89828170000692
robustness,ROB__CICIDS2017_COVERAGE_R1__CB-Score__Norm-Clipped-Averaging__sign-flip__forged__seed2718,CICIDS2017,CICIDS2017_COVERAGE_R1,CB-Score,0.4,0.5,2718,Norm-Clipped-Averaging,sign-flip,forged_inflated,0.23492184700999763,0.5,0.3804643145293643,0,292559,10000.0,1.0,0.23492184700999763,0.23492184700999763,1.0,0.5,0.05,0,89832,5771379,23741409,0.015856800077017397,1996670,19966700,0,31543854.0,2.934527900040848,25500,11696061.0,3749209,0.01181119994726032,24.8411103997787,41.5902304998599
robustness,ROB__CICIDS2017_COVERAGE_R1__CB-Score__Norm-Clipped-Averaging__sign-flip__forged__seed314,CICIDS2017,CICIDS2017_COVERAGE_R1,CB-Score,0.4,0.5,314,Norm-Clipped-Averaging,sign-flip,forged_inflated,0.23492184700999763,0.5,0.3804643145293643,0,292559,10000.0,1.0,0.23492184700999763,0.23492184700999763,1.0,0.5,0.05,0,89832,5912530,23662618,0.016454700118629262,1972232,19722320,0,32631119.0,2.8927096000988968,25500,10361759.0,3914798,0.011834000033559278,25.319100400200114,42.17497830002685
robustness,ROB__CICIDS2017_COVERAGE_R1__CB-Score__Norm-Clipped-Averaging__sign-flip__forged__seed3407,CICIDS2017,CICIDS2017_COVERAGE_R1,CB-Score,0.4,0.5,3407,Norm-Clipped-Averaging,sign-flip,forged_inflated,0.7650781529900024,0.5,0.0,89832,0,0.0,0.0,0.23492184700999763,0.0,0.0,0.5,0.05,292559,0,5933472,23890065,0.017289600014919415,1995177,19951770,0,33417255.0,3.298826300102519,25500,17448231.0,3912795,0.012816600006772205,26.358423100202344,43.373772300052224
robustness,ROB__CICIDS2017_COVERAGE_R1__CB-Score__Norm-Clipped-Averaging__sign-flip__forged__seed42,CICIDS2017,CICIDS2017_COVERAGE_R1,CB-Score,0.4,0.5,42,Norm-Clipped-Averaging,sign-flip,forged_inflated,0.23492184700999763,0.5,0.3804643145293643,0,292559,10000.0,1.0,0.23492184700999763,0.23492184700999763,1.0,0.5,0.05,0,89832,4790991,22835892,0.014151500101434067,2004989,20049890,0,31941853.0,2.8934134000446647,25500,4438362.0,2760502,0.012086699978681281,24.907729100144934,41.70932369993534
robustness,ROB__CICIDS2017_COVERAGE_R1__CB-Score__Norm-Clipped-Averaging__sign-flip__forged__seed777,CICIDS2017,CICIDS2017_COVERAGE_R1,CB-Score,0.4,0.5,777,Norm-Clipped-Averaging,sign-flip,forged_inflated,0.23492184700999763,0.5,0.3804643145293643,0,292559,10000.0,1.0,0.23492184700999763,0.23492184700999763,1.0,0.5,0.05,0,89832,5970636,24056334,0.016731299983803183,2009522,20095220,0,33526157.0,2.911413699883269,25500,18288490.0,3935614,0.011794299993198365,24.796806599973934,41.99480409992975
robustness,ROB__CICIDS2017_COVERAGE_R1__CB-Score__Norm-Clipped-Averaging__sign-flip__forged__seed9001,CICIDS2017,CICIDS2017_COVERAGE_R1,CB-Score,0.4,0.5,9001,Norm-Clipped-Averaging,sign-flip,forged_inflated,0.7650781529900024,0.5,0.0,89832,0,0.0,0.0,0.23492184700999763,0.0,0.0,0.5,0.05,292559,0,6301852,24390232,0.01658080008928664,2009820,20098200,0,31307803.0,3.39939209993463,25500,7056279.0,4266532,0.012664999987464398,27.74320899992017,44.37429680000059
robustness,ROB__CICIDS2017_COVERAGE_R1__CB-Score__Norm-Clipped-Averaging__sign-flip__honest__seed11,CICIDS2017,CICIDS2017_COVERAGE_R1,CB-Score,0.4,0.5,11,Norm-Clipped-Averaging,sign-flip,honest,0.23965783713528824,0.5030951021845166,0.38192903242264226,0,290748,9938.097956309668,0.9938097956309667,0.2781752640933339,0.23603972883493615,1.0,0.6016052358061341,0.95,1811,89832,3436693,21882850,0.00438689993461594,2049573,20495730,24,41537690.0,4.547866500011878,25500,2953488.0,1361620,0.014159799960907549,34.54645190006704,55.95726740008104
robustness,ROB__CICIDS2017_COVERAGE_R1__CB-Score__Norm-Clipped-Averaging__sign-flip__honest__seed123,CICIDS2017,CICIDS2017_COVERAGE_R1,CB-Score,0.4,0.5,123,Norm-Clipped-Averaging,sign-flip,honest,0.7651539915949904,0.5037444616854997,0.020889891952594337,88874,929,31.75427862414077,0.003175427862414077,0.18597148375632713,0.5076841547429782,0.010664351233413484,0.3857550675485235,0.84,291630,958,9319597,27726118,0.023538800043752417,2045169,20451690,0,48057191.0,6.051435999921523,25500,23747271.0,7248928,0.014336499996716157,43.94776839995757,65.48641949999728
robustness,ROB__CICIDS2017_COVERAGE_R1__CB-Score__Norm-Clipped-Averaging__sign-flip__honest__seed2026,CICIDS2017,CICIDS2017_COVERAGE_R1,CB-Score,0.4,0.5,2026,Norm-Clipped-Averaging,sign-flip,honest,0.7648610976722778,0.5003556868672729,0.0028611668681312588,89703,212,7.246401580535892,0.0007246401580535892,0.1750611317936722,0.3782991202346041,0.0014360138925995191,0.363734962992171,0.59,292347,129,9273654,27683667,0.020332000101916492,2045557,20455570,0,49033840.0,5.2661757999740075,25500,19802256.0,7202597,0.013079300057142973,40.05134330040892,60.162421700020786
robustness,ROB__CICIDS2017_COVERAGE_R1__CB-Score__Norm-Clipped-Averaging__sign-flip__honest__seed2027,CICIDS2017,CICIDS2017_COVERAGE_R1,CB-Score,0.4,0.5,2027,Norm-Clipped-Averaging,sign-flip,honest,0.7524994050592195,0.49177943594283546,0.0,89832,4810,164.41128114329075,0.016441128114329077,0.23323785914619247,0.0,0.0,0.40358472858445144,0.05,287749,0,2892067,21359212,0.0029616000538226217,2051905,20519050,26,38943271.0,7.537131099990802,25500,2247994.0,814662,0.021409699984360486,54.141142799984664,80.2256311000092
robustness,ROB__CICIDS2017_COVERAGE_R1__CB-Score__Norm-Clipped-Averaging__sign-flip__honest__seed2718,CICIDS2017,CICIDS2017_COVERAGE_R1,CB-Score,0.4,0.5,2718,Norm-Clipped-Averaging,sign-flip,honest,0.720071863616037,0.47072212052574747,0.0006535215475390245,89797,17245,589.4537512091578,0.05894537512091578,0.17872439388147413,0.002025462962962963,0.0003896161724107222,0.375753242852816,0.95,275314,35,8842093,27207808,0.02381369998329319,2040635,20406350,0,47740326.0,5.005321300035575,25500,10101797.0,6775958,0.017623200023081154,38.67318380007055,62.015818799933186
robustness,ROB__CICIDS2017_COVERAGE_R1__CB-Score__Norm-Clipped-Averaging__sign-flip__honest__seed314,CICIDS2017,CICIDS2017_COVERAGE_R1,CB-Score,0.4,0.5,314,Norm-Clipped-Averaging,sign-flip,honest,0.7636006077548896,0.49964377116654474,0.0034835139395676474,89674,723,24.712963880789857,0.0024712963880789856,0.1737447438371072,0.1793416572077185,0.0017588387211684032,0.3477593277046059,0.49,291836,158,8820938,27222761,0.02588980001746677,2044647,20446470,0,44931971.0,5.384919199976139,25500,15549098.0,6750791,0.018179999955464154,40.68649509982788,63.16123150000931
robustness,ROB__CICIDS2017_COVERAGE_R1__CB-Score__Norm-Clipped-Averaging__sign-flip__honest__seed3407,CICIDS2017,CICIDS2017_COVERAGE_R1,CB-Score,0.4,0.5,3407,Norm-Clipped-Averaging,sign-flip,honest,0.7650781529900024,0.5,0.0,89832,0,0.0,0.0,0.23491400346788016,0.0,0.0,0.41857196241207273,0.05,292559,0,5567627,23956328,0.011221799999475479,2043189,20431890,15,42892726.0,5.097130099980859,25500,6996192.0,3498938,0.017092300025979057,37.6835046998749,57.8344845000247
robustness,ROB__CICIDS2017_COVERAGE_R1__CB-Score__Norm-Clipped-Averaging__sign-flip__honest__seed42,CICIDS2017,CICIDS2017_COVERAGE_R1,CB-Score,0.4,0.5,42,Norm-Clipped-Averaging,sign-flip,honest,0.7636555253653983,0.4993595396305323,0.001656982524357643,89757,619,21.158125369583573,0.002115812536958357,0.2289902465565028,0.10806916426512968,0.0008348917980229762,0.3353782835874335,0.05,291940,75,8452360,26836327,0.019385700055863708,2042663,20426630,0,47704977.0,5.847998399985954,25500,10070765.0,6384197,0.014586599980248138,40.69143330003135,60.118243300094036
robustness,ROB__CICIDS2017_COVERAGE_R1__CB-Score__Norm-Clipped-Averaging__sign-flip__honest__seed777,CICIDS2017,CICIDS2017_COVERAGE_R1,CB-Score,0.4,0.5,777,Norm-Clipped-Averaging,sign-flip,honest,0.7264370761864165,0.47715367244103674,0.011789600967351875,89208,15400,526.389548774777,0.0526389548774777,0.1720151372875079,0.038941587618572145,0.006946299759551162,0.346463015464738,0.31,277159,624,9513129,27932790,0.0214389999746345,2046629,20466290,0,49075392.0,5.874703600071371,25500,12094861.0,7441000,0.013730299921007827,46.569656800013036,66.41523669997696
robustness,ROB__CICIDS2017_COVERAGE_R1__CB-Score__Norm-Clipped-Averaging__sign-flip__honest__seed9001,CICIDS2017,CICIDS2017_COVERAGE_R1,CB-Score,0.4,0.5,9001,Norm-Clipped-Averaging,sign-flip,honest,0.7642491585837533,0.5000097639715728,0.0031624923978548127,89689,460,15.723324184181653,0.0015723324184181652,0.178861947223164,0.23714759535655058,0.001591860361563808,0.3778469502772887,0.86,292099,143,9087200,27521108,0.020230500056641176,2048212,20482120,0,48157320.0,5.9879347999813035,25500,11992638.0,7013488,0.012780900084180757,44.62425930000609,63.13874950009631
robustness,ROB__CICIDS2017_COVERAGE_R1__Full-Contextual__FedAvg__clean__honest__seed11,CICIDS2017,CICIDS2017_COVERAGE_R1,Full-Contextual,,0.5,11,FedAvg,clean,honest,0.7651173798546513,0.500453750460789,0.002465598240762336,89721,96,3.2813893949596493,0.0003281389394959649,0.1634132126663696,0.5362318840579711,0.0012356398610740048,0.29699842740442733,0.84,292463,111,20451753,38893239,0.06208460002380889,2049054,20490540,0,48018662.0,5.496541199972853,0,48018662.0,18402699,0.0003222999512217939,41.55052949990204,59.416160799897625
robustness,ROB__CICIDS2017_COVERAGE_R1__Full-Contextual__FedAvg__clean__honest__seed123,CICIDS2017,CICIDS2017_COVERAGE_R1,Full-Contextual,,0.5,123,FedAvg,clean,honest,0.7663961756422092,0.5038080274106963,0.016817821607818965,89068,260,8.887096278015717,0.0008887096278015717,0.19203387747663722,0.74609375,0.008504764449194051,0.40808440988101635,0.77,292299,764,20604635,39039794,0.06164710001030471,2048351,20483510,0,48354476.0,5.386513100049342,0,48354476.0,18556284,0.00024219999613706023,38.8617618001299,56.78945589999785
robustness,ROB__CICIDS2017_COVERAGE_R1__Full-Contextual__FedAvg__clean__honest__seed2026,CICIDS2017,CICIDS2017_COVERAGE_R1,Full-Contextual,,0.5,2026,FedAvg,clean,honest,0.7650781529900024,0.5004435421595154,0.0025537962736781328,89717,115,3.9308310460454132,0.0003930831046045413,0.1716826431872589,0.5,0.0012801674236352302,0.34737887621515406,0.79,292444,115,20678416,39118219,0.06233810003323015,2048867,20488670,0,48472011.0,5.274095600048895,0,48472011.0,18629549,0.00023749997490085661,37.97677040011331,55.4647536999837
robustness,ROB__CICIDS2017_COVERAGE_R1__Full-Contextual__FedAvg__clean__honest__seed2027,CICIDS2017,CICIDS2017_COVERAGE_R1,Full-Contextual,,0.5,2027,FedAvg,clean,honest,0.7651932184596395,0.5005187406664832,0.0025550445466462264,89717,71,2.426860906688907,0.00024268609066889073,0.17458265572596643,0.6182795698924731,0.0012801674236352302,0.35890294438740683,0.54,292488,115,20630104,39058072,0.05872050000471063,2047552,20475520,0,48424221.0,5.345933200034779,0,48424221.0,18582552,0.0002460999967297539,40.443570500036,57.58591080001497
robustness,ROB__CICIDS2017_COVERAGE_R1__Full-Contextual__FedAvg__clean__honest__seed2718,CICIDS2017,CICIDS2017_COVERAGE_R1,Full-Contextual,,0.5,2718,FedAvg,clean,honest,0.7651383008491308,0.5005947002319405,0.0031965548242449803,89688,121,4.135917883230391,0.0004135917883230391,0.1762495062446207,0.5433962264150943,0.0016029922522041143,0.36404488138895125,0.78,292438,144,20489183,38924702,0.06399329996202141,2048391,20483910,0,48062588.0,5.678895299977739,0,48062588.0,18440792,0.00027219999174121767,41.03912139983731,58.34822380004334
robustness,ROB__CICIDS2017_COVERAGE_R1__Full-Contextual__FedAvg__clean__honest__seed314,CICIDS2017,CICIDS2017_COVERAGE_R1,Full-Contextual,,0.5,314,FedAvg,clean,honest,0.7650310807524235,0.5005014875658407,0.003062379335596831,89694,156,5.3322577668094295,0.000533225776680943,0.1680634528368968,0.46938775510204084,0.0015362009083622762,0.3213607405350546,0.69,292403,138,20475658,38908918,0.060087200021371245,2048140,20481400,0,48135977.0,5.33765949998633,0,48135977.0,18427518,0.0002647999644977972,39.66165030008415,56.63583110002219
robustness,ROB__CICIDS2017_COVERAGE_R1__Full-Contextual__FedAvg__clean__honest__seed3407,CICIDS2017,CICIDS2017_COVERAGE_R1,Full-Contextual,,0.5,3407,FedAvg,clean,honest,0.764340687934601,0.5000348689706593,0.0029651921842844815,89698,416,14.219354044825147,0.0014219354044825146,0.1718650290183775,0.24363636363636362,0.0014916733458010508,0.3473635318772843,0.69,292143,134,20521724,38955524,0.06294569993042387,2048200,20482000,0,48235343.0,5.107636099986848,0,48235343.0,18473524,0.0002550000208429992,38.17507950015715,55.40882890003559
robustness,ROB__CICIDS2017_COVERAGE_R1__Full-Contextual__FedAvg__clean__honest__seed42,CICIDS2017,CICIDS2017_COVERAGE_R1,Full-Contextual,,0.5,42,FedAvg,clean,honest,0.760653362657594,0.49758267286195607,0.0026806145799280813,89709,1815,62.03876824845587,0.0062038768248455865,0.16884511379024328,0.06346749226006192,0.001369222548757681,0.31957465946622704,0.45,290744,123,20525062,38939080,0.06544079996820074,2046002,20460020,0,48004903.0,7.390594800002873,0,48004903.0,18479060,0.0002865000569727272,47.894913699958124,68.31232469994575
robustness,ROB__CICIDS2017_COVERAGE_R1__Full-Contextual__FedAvg__clean__honest__seed777,CICIDS2017,CICIDS2017_COVERAGE_R1,Full-Contextual,,0.5,777,FedAvg,clean,honest,0.7641680897301453,0.4999567832053,0.003161408706033206,89689,491,16.782939509637373,0.0016782939509637372,0.17421572474713898,0.22555205047318613,0.001591860361563808,0.35793962022609777,0.56,292068,143,20732372,39166991,0.060758999999961816,2048291,20482910,0,48747029.0,5.187754200029303,0,48747029.0,18684081,0.00027459995180834085,39.686821800190955,57.09464800002752
robustness,ROB__CICIDS2017_COVERAGE_R1__Full-Contextual__FedAvg__clean__honest__seed9001,CICIDS2017,CICIDS2017_COVERAGE_R1,Full-Contextual,,0.5,9001,FedAvg,clean,honest,0.7652952083077269,0.5006741023204714,0.003065815051374618,89694,55,1.8799626741956323,0.00018799626741956323,0.17648429411110939,0.7150259067357513,0.0015362009083622762,0.36966032326845133,0.79,292504,138,20667398,39094079,0.06045650003943592,2047409,20474090,0,48435681.0,5.109521400008816,0,48435681.0,18619989,0.0002339000056963414,37.813433700066525,54.403082100019674
robustness,ROB__CICIDS2017_COVERAGE_R1__Full-Contextual__FedAvg__label-flip__honest__seed11,CICIDS2017,CICIDS2017_COVERAGE_R1,Full-Contextual,,0.5,11,FedAvg,label-flip,honest,0.7466493719778969,0.4923029886495625,0.022737130925120797,88705,8174,279.3966345250018,0.02793966345250018,0.22144922386308982,0.12116976669175357,0.012545640751625255,0.520840088514589,0.6,284385,1127,20696282,39098384,0.06321570003638044,2044678,20446780,0,48598396.0,3.5746021999802906,0,48598396.0,18651604,0.00029959995299577713,27.09195479992195,44.725918500014814
robustness,ROB__CICIDS2017_COVERAGE_R1__Full-Contextual__FedAvg__label-flip__honest__seed123,CICIDS2017,CICIDS2017_COVERAGE_R1,Full-Contextual,,0.5,123,FedAvg,label-flip,honest,0.7643119215671917,0.5038421025807801,0.024378362579429946,88706,1419,48.50303699424732,0.004850303699424731,0.24885389768668884,0.44243614931237724,0.01253450886098495,0.5575738161456154,0.53,291140,1126,20506547,38924282,0.06158279997180216,2046415,20464150,0,48141424.0,4.736733800033107,0,48141424.0,18460132,0.00023400005011353642,32.20075559994439,49.670673600034206
robustness,ROB__CICIDS2017_COVERAGE_R1__Full-Contextual__FedAvg__label-flip__honest__seed2026,CICIDS2017,CICIDS2017_COVERAGE_R1,Full-Contextual,,0.5,2026,FedAvg,label-flip,honest,0.761006404439435,0.5016857114507753,0.024070138718323846,88705,2684,91.74217850074686,0.009174217850074686,0.27460481182063284,0.2957229073733928,0.012545640751625255,0.6054621171295078,0.52,289875,1127,20692557,39115899,0.061212300017359667,2047038,20470380,0,48490062.0,5.029094400029862,0,48490062.0,18645519,0.0002225000353064388,31.566468899909523,48.76928279999993
robustness,ROB__CICIDS2017_COVERAGE_R1__Full-Contextual__FedAvg__label-flip__honest__seed2027,CICIDS2017,CICIDS2017_COVERAGE_R1,Full-Contextual,,0.5,2027,FedAvg,label-flip,honest,0.7630409711525638,0.49945159294902736,0.004460705142995265,89629,982,33.565879019274746,0.0033565879019274744,0.2729349185326408,0.17130801687763714,0.002259773799982189,0.6318949437693482,0.5,291577,203,20388315,38790831,0.06077379995258525,2044724,20447240,0,47758693.0,5.069227799962391,0,47758693.0,18343591,0.0002473000786267221,32.50838249990193,49.73430980007106
robustness,ROB__CICIDS2017_COVERAGE_R1__Full-Contextual__FedAvg__label-flip__honest__seed2718,CICIDS2017,CICIDS2017_COVERAGE_R1,Full-Contextual,,0.5,2718,FedAvg,label-flip,honest,0.7453810366875789,0.4877097729925749,0.0030921712776196424,89681,7683,262.61369501536444,0.02626136950153644,0.19177390422616739,0.01927495532295124,0.0016809154866862588,0.42622670976060606,0.6,284876,151,20835454,39220555,0.06483689999731723,2042789,20427890,0,48924502.0,3.4382810999813955,0,48924502.0,18792665,0.0002606000052765012,27.01298620001762,44.16894230004982
robustness,ROB__CICIDS2017_COVERAGE_R1__Full-Contextual__FedAvg__label-flip__honest__seed314,CICIDS2017,CICIDS2017_COVERAGE_R1,Full-Contextual,,0.5,314,FedAvg,label-flip,honest,0.7646623482247229,0.5002720811971791,0.0031238576318500548,89691,300,10.254341859248903,0.0010254341859248903,0.20523041404558787,0.3197278911564626,0.0015695965802831953,0.47617638944005813,0.64,292259,141,20486042,38895632,0.06547319998207968,2045510,20455100,0,48128491.0,4.3702178999374155,0,48128491.0,18440532,0.00026570004411041737,30.573214299904066,47.87743790000968
robustness,ROB__CICIDS2017_COVERAGE_R1__Full-Contextual__FedAvg__label-flip__honest__seed3407,CICIDS2017,CICIDS2017_COVERAGE_R1,Full-Contextual,,0.5,3407,FedAvg,label-flip,honest,0.7651775277137799,0.5006010516448706,0.0030864197530864196,89693,101,3.4522950926137974,0.00034522950926137977,0.1736053133370391,0.5791666666666667,0.0015473327990025826,0.35653270885398974,0.69,292458,139,20415735,38843838,0.060014499991666526,2047567,20475670,0,47879213.0,5.030861100021866,0,47879213.0,18368168,0.00026449990400578827,35.071701200155076,52.44617650001601
robustness,ROB__CICIDS2017_COVERAGE_R1__Full-Contextual__FedAvg__label-flip__honest__seed42,CICIDS2017,CICIDS2017_COVERAGE_R1,Full-Contextual,,0.5,42,FedAvg,label-flip,honest,0.7650676924927626,0.5005061299217942,0.002952209717875297,89699,137,4.682816115723666,0.0004682816115723666,0.18092079807674913,0.4925925925925926,0.0014805414551607445,0.3896231708651049,0.64,292422,133,20578765,38972209,0.058329400038928725,2043716,20437160,0,48154533.0,5.240451099947677,0,48154533.0,18535049,0.00024309994478244334,31.53453679989616,48.426358099939534
robustness,ROB__CICIDS2017_COVERAGE_R1__Full-Contextual__FedAvg__label-flip__honest__seed777,CICIDS2017,CICIDS2017_COVERAGE_R1,Full-Contextual,,0.5,777,FedAvg,label-flip,honest,0.7623636539562908,0.4988469578816714,0.0035310114922361613,89671,1199,40.98318629746478,0.004098318629746478,0.20173745103976914,0.11838235294117647,0.0017922343930893223,0.46695743212657825,0.54,291360,161,20722927,39127225,0.06214540000655688,2044922,20449220,0,48689209.0,4.895245500025339,0,48689209.0,18678005,0.00025220002862624824,33.52776870007801,50.69739639997715
robustness,ROB__CICIDS2017_COVERAGE_R1__Full-Contextual__FedAvg__label-flip__honest__seed9001,CICIDS2017,CICIDS2017_COVERAGE_R1,Full-Contextual,,0.5,9001,FedAvg,label-flip,honest,0.7614405150748841,0.4981896643321417,0.0032125178928505086,89685,1538,52.57059259841605,0.0052570592598416045,0.24298423919886297,0.08724035608308606,0.0016363879241250334,0.5740977296846639,0.58,291021,147,20742190,39141295,0.06105129997013137,2044345,20443450,0,48610981.0,5.337400200005504,0,48610981.0,18697845,0.00027359997329767793,34.203963599939016,50.4923130999814
robustness,ROB__CICIDS2017_COVERAGE_R1__Full-Contextual__FedAvg__sign-flip__honest__seed11,CICIDS2017,CICIDS2017_COVERAGE_R1,Full-Contextual,,0.5,11,FedAvg,sign-flip,honest,0.23492184700999763,0.5,0.3804643145293643,0,292559,10000.0,1.0,0.23492184700999763,0.23492184700999763,1.0,0.5,0.05,0,89832,15626291,33607454,0.06446210001013242,1997907,19979070,0,35853793.0,2.9010522000171477,0,35853793.0,13628384,0.00023979999241419137,24.840793100040173,41.93726410000818
robustness,ROB__CICIDS2017_COVERAGE_R1__Full-Contextual__FedAvg__sign-flip__honest__seed123,CICIDS2017,CICIDS2017_COVERAGE_R1,Full-Contextual,,0.5,123,FedAvg,sign-flip,honest,0.2438394209068728,0.5058278842900065,0.383231693660372,0,289149,9883.44231419987,0.9883442314199871,0.2754285184538189,0.23703562975452594,1.0,0.5961041656282613,0.95,3410,89832,19808507,38130608,0.06264689996896777,2035789,20357890,0,46196319.0,3.0780401999654714,0,46196319.0,17772718,0.00023950000468175858,25.291698800123413,42.58377949996793
robustness,ROB__CICIDS2017_COVERAGE_R1__Full-Contextual__FedAvg__sign-flip__honest__seed2026,CICIDS2017,CICIDS2017_COVERAGE_R1,Full-Contextual,,0.5,2026,FedAvg,sign-flip,honest,0.7650781529900024,0.5,0.0,89832,0,0.0,0.0,0.23492184700999763,0.0,0.0,0.46680840445858784,0.05,292559,0,20054090,38427293,0.06680770004459191,2041467,20414670,0,46948766.0,5.319947899959516,0,46948766.0,18012623,0.00023259998124558479,35.69508439996571,52.93122939998284
robustness,ROB__CICIDS2017_COVERAGE_R1__Full-Contextual__FedAvg__sign-flip__honest__seed2027,CICIDS2017,CICIDS2017_COVERAGE_R1,Full-Contextual,,0.5,2027,FedAvg,sign-flip,honest,0.7650781529900024,0.5,0.0,89832,0,0.0,0.0,0.23492184700999763,0.0,0.0,0.49196914126723157,0.05,292559,0,16215094,34486309,0.06268420000560582,2030135,20301350,0,36411105.0,5.33660979999695,0,36411105.0,14184959,0.0002370999864069745,35.06596460007131,51.99998700004653
robustness,ROB__CICIDS2017_COVERAGE_R1__Full-Contextual__FedAvg__sign-flip__honest__seed2718,CICIDS2017,CICIDS2017_COVERAGE_R1,Full-Contextual,,0.5,2718,FedAvg,sign-flip,honest,0.23492184700999763,0.5,0.3804643145293643,0,292559,10000.0,1.0,0.23492184700999763,0.23492184700999763,1.0,0.5,0.05,0,89832,15098995,33122485,0.0644907999667339,2002610,20026100,0,34277581.0,2.93651949998457,0,34277581.0,13096385,0.00025499997718725353,25.039581099976203,41.98620590000064
robustness,ROB__CICIDS2017_COVERAGE_R1__Full-Contextual__FedAvg__sign-flip__honest__seed314,CICIDS2017,CICIDS2017_COVERAGE_R1,Full-Contextual,,0.5,314,FedAvg,sign-flip,honest,0.23492184700999763,0.5,0.3804643145293643,0,292559,10000.0,1.0,0.23492921943935205,0.23492184700999763,1.0,0.5000205086837185,0.05,0,89832,16525918,34619428,0.06804619992908556,2010390,20103900,0,38037972.0,2.926103100020555,0,38037972.0,14515528,0.00029280001763254404,25.14514270001382,41.98814429997583
robustness,ROB__CICIDS2017_COVERAGE_R1__Full-Contextual__FedAvg__sign-flip__honest__seed3407,CICIDS2017,CICIDS2017_COVERAGE_R1,Full-Contextual,,0.5,3407,FedAvg,sign-flip,honest,0.7543482979463428,0.49309958898721507,0.0006170672284106264,89803,4132,141.23646854138823,0.014123646854138824,0.21140210436282544,0.006969478490747416,0.0003228248285688841,0.2880562954470444,0.05,288427,29,19996708,38392105,0.06630209996365011,2043933,20439330,0,47024387.0,5.125226899981499,0,47024387.0,17952775,0.0002801999798975885,36.90076299991051,53.804460500061396
robustness,ROB__CICIDS2017_COVERAGE_R1__Full-Contextual__FedAvg__sign-flip__honest__seed42,CICIDS2017,CICIDS2017_COVERAGE_R1,Full-Contextual,,0.5,42,FedAvg,sign-flip,honest,0.45078989829781557,0.6357301699413476,0.4571975032630749,1386,208627,7131.108596898403,0.7131108596898403,0.29700099935882013,0.29772480164807974,0.9845711995725354,0.6361395254630966,0.95,83932,88446,20262961,38630350,0.06152320002729539,2040821,20408210,0,47367573.0,3.562445600051433,0,47367573.0,18222140,0.0002451000618748367,26.815821600001073,43.165413300012005
robustness,ROB__CICIDS2017_COVERAGE_R1__Full-Contextual__FedAvg__sign-flip__honest__seed777,CICIDS2017,CICIDS2017_COVERAGE_R1,Full-Contextual,,0.5,777,FedAvg,sign-flip,honest,0.38211673391894685,0.592828917457641,0.4295554466417667,873,235400,8046.2402455573065,0.8046240245557307,0.2739054214423935,0.2742609269358951,0.9902818594710125,0.5928784087090029,0.95,57159,88959,19863867,38219745,0.06370550001156516,2039542,20395420,0,46753874.0,3.111846700005117,0,46753874.0,17824325,0.00024419999681413174,25.64584340013971,42.23029329997371
robustness,ROB__CICIDS2017_COVERAGE_R1__Full-Contextual__FedAvg__sign-flip__honest__seed9001,CICIDS2017,CICIDS2017_COVERAGE_R1,Full-Contextual,,0.5,9001,FedAvg,sign-flip,honest,0.7650781529900024,0.5,0.0,89832,0,0.0,0.0,0.23492184700999763,0.0,0.0,0.49012677784651987,0.05,292559,0,16791564,34942692,0.06233230001816992,2016792,20167920,0,36967839.0,5.325190500007011,0,36967839.0,14774772,0.00025130003632511944,33.380530499940505,49.918318900017766
robustness,ROB__CICIDS2017_COVERAGE_R1__Full-Contextual__Norm-Clipped-Averaging__clean__honest__seed11,CICIDS2017,CICIDS2017_COVERAGE_R1,Full-Contextual,,0.5,11,Norm-Clipped-Averaging,clean,honest,0.7651984487082594,0.5005067312270618,0.002466447426895387,89721,65,2.221774069503929,0.00022217740695039292,0.16338858364136047,0.6306818181818182,0.0012356398610740048,0.2985814437880532,0.85,292494,111,20445237,38887434,0.10104589995171409,2049133,20491330,0,48013830.0,5.511098499962827,0,48013830.0,18396104,0.00025699997786432505,41.10548539995216,58.86282769999525
robustness,ROB__CICIDS2017_COVERAGE_R1__Full-Contextual__Norm-Clipped-Averaging__clean__honest__seed123,CICIDS2017,CICIDS2017_COVERAGE_R1,Full-Contextual,,0.5,123,Norm-Clipped-Averaging,clean,honest,0.7651147647303415,0.501073000427134,0.006020229742590912,89560,258,8.818733998954057,0.0008818733998954057,0.1900742018485834,0.5132075471698113,0.003027874254163327,0.40730820122311495,0.84,292301,272,20630950,39068467,0.08000480002374388,2048613,20486130,0,48426200.0,5.249256499970215,0,48426200.0,18582337,0.00023129998589865863,38.33890109983622,56.192112699965946
robustness,ROB__CICIDS2017_COVERAGE_R1__Full-Contextual__Norm-Clipped-Averaging__clean__honest__seed2026,CICIDS2017,CICIDS2017_COVERAGE_R1,Full-Contextual,,0.5,2026,Norm-Clipped-Averaging,clean,honest,0.7650781529900024,0.500466683489577,0.002686679841019606,89711,121,4.135917883230391,0.0004135917883230391,0.1720766630441335,0.5,0.0013469587674770683,0.34738345757684425,0.76,292438,121,20763522,39201390,0.08046600002853666,2048652,20486520,0,48693699.0,5.268384999988484,0,48693699.0,18714870,0.00023169995984062552,37.237541400041664,54.68067949998658
robustness,ROB__CICIDS2017_COVERAGE_R1__Full-Contextual__Norm-Clipped-Averaging__clean__honest__seed2027,CICIDS2017,CICIDS2017_COVERAGE_R1,Full-Contextual,,0.5,2027,Norm-Clipped-Averaging,clean,honest,0.765211524329809,0.5005577022837242,0.0027103582338239376,89710,71,2.426860906688907,0.00024268609066889073,0.1772613311755958,0.6321243523316062,0.0013580906581173746,0.37101189341912433,0.64,292488,122,20677174,39109822,0.09388749999925494,2048072,20480720,0,48535523.0,5.419946499969228,0,48535523.0,18629102,0.00024119998852256685,40.436463499907404,57.924529999960214
robustness,ROB__CICIDS2017_COVERAGE_R1__Full-Contextual__Norm-Clipped-Averaging__clean__honest__seed2718,CICIDS2017,CICIDS2017_COVERAGE_R1,Full-Contextual,,0.5,2718,Norm-Clipped-Averaging,clean,honest,0.7650284656281137,0.5005229198389258,0.0031950653989948857,89688,163,5.571525743525237,0.0005571525743525238,0.17702461079977505,0.46905537459283386,0.0016029922522041143,0.3694685515778896,0.79,292396,144,20532237,38967657,0.09376309996878263,2048380,20483800,0,48168711.0,5.557556900021154,0,48168711.0,18483857,0.00025030002871062607,40.36846029992739,57.70791889997781
robustness,ROB__CICIDS2017_COVERAGE_R1__Full-Contextual__Norm-Clipped-Averaging__clean__honest__seed314,CICIDS2017,CICIDS2017_COVERAGE_R1,Full-Contextual,,0.5,314,Norm-Clipped-Averaging,clean,honest,0.7651278403518911,0.50057243645066,0.0031078996148424408,89692,121,4.135917883230391,0.0004135917883230391,0.17069717711932428,0.5363984674329502,0.0015584646896428889,0.33407166902456714,0.65,292438,140,20476127,38908073,0.07834299997193739,2047994,20479940,0,48138213.0,5.368684200075222,0,48138213.0,18428133,0.00023200002033263445,39.444081800073036,56.39851650000492
robustness,ROB__CICIDS2017_COVERAGE_R1__Full-Contextual__Norm-Clipped-Averaging__clean__honest__seed3407,CICIDS2017,CICIDS2017_COVERAGE_R1,Full-Contextual,,0.5,3407,Norm-Clipped-Averaging,clean,honest,0.7651958335839494,0.5005821599369575,0.0029095270352807916,89701,86,2.9395779996513522,0.0002939577999651352,0.17512235307814017,0.6036866359447005,0.0014582776738801318,0.3633796106611198,0.75,292473,131,20499624,38931354,0.0793340999953216,2047970,20479700,0,48177800.0,5.031161399951088,0,48177800.0,18451654,0.0002609000221127644,37.38730899995426,55.05208150000544
robustness,ROB__CICIDS2017_COVERAGE_R1__Full-Contextual__Norm-Clipped-Averaging__clean__honest__seed42,CICIDS2017,CICIDS2017_COVERAGE_R1,Full-Contextual,,0.5,42,Norm-Clipped-Averaging,clean,honest,0.7274203629269518,0.47605296433290384,0.003289473684210526,89660,14572,498.0875652432501,0.04980875652432501,0.16843319847342544,0.01166576234400434,0.001914685190132692,0.3171750758942373,0.2,277987,172,20508868,38921419,0.07875579998653848,2045839,20458390,0,47972277.0,5.477559399951133,0,47972277.0,18463029,0.0002469000028213486,37.1884405999881,54.212200599955395
robustness,ROB__CICIDS2017_COVERAGE_R1__Full-Contextual__Norm-Clipped-Averaging__clean__honest__seed777,CICIDS2017,CICIDS2017_COVERAGE_R1,Full-Contextual,,0.5,777,Norm-Clipped-Averaging,clean,honest,0.7643642240533903,0.5000772487018534,0.0031199176872780377,89691,414,14.150991765763488,0.0014150991765763488,0.1743840316364905,0.25405405405405407,0.0015695965802831953,0.35937438379337344,0.56,292145,141,20719319,39153182,0.08009790000505745,2048207,20482070,0,48708734.0,5.233531400052016,0,48708734.0,18671112,0.0002595000114524737,39.32599220010161,56.72164329998486
robustness,ROB__CICIDS2017_COVERAGE_R1__Full-Contextual__Norm-Clipped-Averaging__clean__honest__seed9001,CICIDS2017,CICIDS2017_COVERAGE_R1,Full-Contextual,,0.5,9001,Norm-Clipped-Averaging,clean,honest,0.7652664419403177,0.500620590698637,0.0028660934479770713,89703,57,1.9483249532572917,0.00019483249532572917,0.17835465550814777,0.6935483870967742,0.0014360138925995191,0.37873895513634,0.8,292502,129,20700216,39129606,0.07869129999016877,2047710,20477100,0,48516500.0,5.093352800045977,0,48516500.0,18652506,0.0002433999761706218,37.77125509994221,54.113111299986485
robustness,ROB__CICIDS2017_COVERAGE_R1__Full-Contextual__Norm-Clipped-Averaging__label-flip__honest__seed11,CICIDS2017,CICIDS2017_COVERAGE_R1,Full-Contextual,,0.5,11,Norm-Clipped-Averaging,label-flip,honest,0.7468847331657911,0.49242209178235874,0.022580156526129765,88714,8075,276.01270171144967,0.027601270171144967,0.21069436951630843,0.12161427172848907,0.012445453735862498,0.4896353979014657,0.61,284484,1118,20706028,39106204,0.08457599999383092,2044464,20444640,0,48631874.0,3.8823133000405505,0,48631874.0,18661564,0.0002705000079004094,29.93795459998364,48.385750900022686
robustness,ROB__CICIDS2017_COVERAGE_R1__Full-Contextual__Norm-Clipped-Averaging__label-flip__honest__seed123,CICIDS2017,CICIDS2017_COVERAGE_R1,Full-Contextual,,0.5,123,Norm-Clipped-Averaging,label-flip,honest,0.7645629735009454,0.503867324070158,0.023641943844960905,88742,1287,43.9911265761778,0.00439911265761778,0.20932073740052065,0.4585612116112747,0.01213376079793392,0.47764299018640793,0.51,291272,1090,20502237,38918082,0.09689389998675324,2046205,20462050,0,48131318.0,5.622273499975563,0,48131318.0,18456032,0.0002615999837871641,34.733199099922786,53.290844600007404
robustness,ROB__CICIDS2017_COVERAGE_R1__Full-Contextual__Norm-Clipped-Averaging__label-flip__honest__seed2026,CICIDS2017,CICIDS2017_COVERAGE_R1,Full-Contextual,,0.5,2026,Norm-Clipped-Averaging,label-flip,honest,0.7618615500887834,0.5022407161937608,0.0241335705253231,88706,2356,80.53076473463473,0.008053076473463473,0.24608244542994662,0.32337736932797245,0.01253450886098495,0.5487915927305469,0.49,290203,1126,20650648,39073396,0.08299779996741563,2046972,20469720,0,48408222.0,5.496788899952662,0,48408222.0,18603676,0.0002320999774383381,34.86136199985049,53.29262219996599
robustness,ROB__CICIDS2017_COVERAGE_R1__Full-Contextual__Norm-Clipped-Averaging__label-flip__honest__seed2027,CICIDS2017,CICIDS2017_COVERAGE_R1,Full-Contextual,,0.5,2027,Norm-Clipped-Averaging,label-flip,honest,0.7646911145921321,0.5003988736975422,0.0037423326468699484,89663,317,10.835421231273008,0.0010835421231273007,0.26053979503829483,0.3477366255144033,0.0018812895182117732,0.6044841620120798,0.5,292242,169,20526800,38926085,0.0805259000044316,2044365,20443650,0,48117441.0,5.351567400051863,0,48117441.0,18482435,0.0002614000259200111,34.71015100002114,52.870339200031594
robustness,ROB__CICIDS2017_COVERAGE_R1__Full-Contextual__Norm-Clipped-Averaging__label-flip__honest__seed2718,CICIDS2017,CICIDS2017_COVERAGE_R1,Full-Contextual,,0.5,2718,Norm-Clipped-Averaging,label-flip,honest,0.7421827396565296,0.48561188253357745,0.0030136016584921877,89683,8904,304.3488663825075,0.030434886638250745,0.18713597765323253,0.016458632497514634,0.0016586517054056461,0.4081658626210336,0.59,283655,149,20791533,39176157,0.0798345000075642,2042736,20427360,0,48820567.0,3.529374099933193,0,48820567.0,18748797,0.000249100019573234,27.464614599826746,44.93583109998144
robustness,ROB__CICIDS2017_COVERAGE_R1__Full-Contextual__Norm-Clipped-Averaging__label-flip__honest__seed314,CICIDS2017,CICIDS2017_COVERAGE_R1,Full-Contextual,,0.5,314,Norm-Clipped-Averaging,label-flip,honest,0.7647224960838513,0.5003113895076395,0.0031246537396121886,89691,277,9.468175650039822,0.0009468175650039822,0.20633430145385084,0.3373205741626794,0.0015695965802831953,0.4787492525394642,0.62,292282,141,20509381,38915668,0.078297800020664,2045143,20451430,0,48210662.0,4.455715100019006,0,48210662.0,18464238,0.0002582000015536323,31.089308999929926,48.465569099993445
robustness,ROB__CICIDS2017_COVERAGE_R1__Full-Contextual__Norm-Clipped-Averaging__label-flip__honest__seed3407,CICIDS2017,CICIDS2017_COVERAGE_R1,Full-Contextual,,0.5,3407,Norm-Clipped-Averaging,label-flip,honest,0.7644217567882089,0.5001264186203682,0.0031868630423476556,89688,395,13.501550114677723,0.0013501550114677723,0.1722872740414658,0.26716141001855287,0.0016029922522041143,0.348183009667758,0.54,292164,144,20403186,38827743,0.08138230004988145,2047173,20471730,0,47838227.0,5.2909947999578435,0,47838227.0,18356013,0.0002499000111129135,36.914095099957194,55.428392600035295
robustness,ROB__CICIDS2017_COVERAGE_R1__Full-Contextual__Norm-Clipped-Averaging__label-flip__honest__seed42,CICIDS2017,CICIDS2017_COVERAGE_R1,Full-Contextual,,0.5,42,Norm-Clipped-Averaging,label-flip,honest,0.764976163141915,0.5004463129276152,0.0029510633812973586,89699,172,5.8791559993027045,0.0005879155999302704,0.1760562795875363,0.4360655737704918,0.0014805414551607445,0.36816891128858603,0.63,292387,133,20582571,38976555,0.0774875999923097,2043776,20437760,0,48155711.0,5.171210900021833,0,48155711.0,18538795,0.00023749998945277184,31.664625900084502,48.59575529991707
robustness,ROB__CICIDS2017_COVERAGE_R1__Full-Contextual__Norm-Clipped-Averaging__label-flip__honest__seed777,CICIDS2017,CICIDS2017_COVERAGE_R1,Full-Contextual,,0.5,777,Norm-Clipped-Averaging,label-flip,honest,0.7624185715667994,0.4988828480781788,0.0035318248127145695,89671,1178,40.265382367317365,0.004026538236731736,0.20275802570213194,0.12023898431665422,0.0017922343930893223,0.46867855780552636,0.52,291381,161,20729380,39133849,0.09258520000730641,2044941,20449410,0,48694883.0,5.475586800021119,0,48694883.0,18684439,0.0002783999952953309,38.486667700039106,58.2953797999362
robustness,ROB__CICIDS2017_COVERAGE_R1__Full-Contextual__Norm-Clipped-Averaging__label-flip__honest__seed9001,CICIDS2017,CICIDS2017_COVERAGE_R1,Full-Contextual,,0.5,9001,Norm-Clipped-Averaging,label-flip,honest,0.7603081662486826,0.49750749598645344,0.0035225048923679062,89670,1986,67.88374310822775,0.006788374310822774,0.22706341277829215,0.07541899441340782,0.0018033662837296286,0.5381249327139672,0.55,290573,162,20742748,39139351,0.09220280000590719,2044067,20440670,0,48605621.0,5.75426969990076,0,48605621.0,18698681,0.000267999988864176,38.66733089990157,56.60330489999615
robustness,ROB__CICIDS2017_COVERAGE_R1__Full-Contextual__Norm-Clipped-Averaging__sign-flip__honest__seed11,CICIDS2017,CICIDS2017_COVERAGE_R1,Full-Contextual,,0.5,11,Norm-Clipped-Averaging,sign-flip,honest,0.6414847629782082,0.42639049988575983,0.026376529575944378,87975,49118,1678.909211475292,0.1678909211475292,0.1610480020156317,0.036429622363903874,0.020671920919048892,0.27313544478113144,0.95,243441,1857,21011617,39336814,0.08677710001938976,2036133,20361330,0,49396475.0,3.731095199997071,0,49396475.0,18975484,0.0002612999960547313,30.923473199960426,49.87066170004255
robustness,ROB__CICIDS2017_COVERAGE_R1__Full-Contextual__Norm-Clipped-Averaging__sign-flip__honest__seed123,CICIDS2017,CICIDS2017_COVERAGE_R1,Full-Contextual,,0.5,123,Norm-Clipped-Averaging,sign-flip,honest,0.7638908865532923,0.4997293405056633,0.002893492954013341,89701,585,19.995966625535363,0.001999596662553536,0.18470201691286672,0.1829608938547486,0.0014582776738801318,0.4019843913710572,0.75,291974,131,20683719,39073329,0.07646269997349009,2043290,20432900,0,48495840.0,4.556816700001946,0,48495840.0,18640429,0.0002207999787060544,34.143380200097454,52.581200599976
robustness,ROB__CICIDS2017_COVERAGE_R1__Full-Contextual__Norm-Clipped-Averaging__sign-flip__honest__seed2026,CICIDS2017,CICIDS2017_COVERAGE_R1,Full-Contextual,,0.5,2026,Norm-Clipped-Averaging,sign-flip,honest,0.7608521121051489,0.49753514432836704,0.00168118600030567,89755,1693,57.868669225694646,0.005786866922569464,0.22163856415391336,0.04350282485875706,0.0008571555793035889,0.31102023033344883,0.05,290866,77,20922568,39302242,0.08124020004470367,2042186,20421860,0,48938422.0,5.416587800020352,0,48938422.0,18880382,0.00024770002346485853,40.80132820001745,59.522214000011445
robustness,ROB__CICIDS2017_COVERAGE_R1__Full-Contextual__Norm-Clipped-Averaging__sign-flip__honest__seed2027,CICIDS2017,CICIDS2017_COVERAGE_R1,Full-Contextual,,0.5,2027,Norm-Clipped-Averaging,sign-flip,honest,0.7650703076170726,0.4999948728290704,0.0,89832,3,0.10254341859248904,1.0254341859248904e-05,0.2346432589212661,0.0,0.0,0.4078938055856494,0.05,292556,0,17520341,35918663,0.08392930001718923,2044258,20442580,0,40244051.0,5.389407300041057,0,40244051.0,15476083,0.0002847000287147239,41.21175710007083,59.82710390005377
robustness,ROB__CICIDS2017_COVERAGE_R1__Full-Contextual__Norm-Clipped-Averaging__sign-flip__honest__seed2718,CICIDS2017,CICIDS2017_COVERAGE_R1,Full-Contextual,,0.5,2718,Norm-Clipped-Averaging,sign-flip,honest,0.24670298202625063,0.5076993016793194,0.384128898182238,0,288054,9846.013966413613,0.9846013966413613,0.27452461699165204,0.23772248773439608,1.0,0.5942685831677279,0.95,4505,89832,18023156,36359828,0.09089960003620945,2037408,20374080,0,41671707.0,3.4279789999418426,0,41671707.0,15985748,0.00033050002821255475,29.95352979992458,49.4419866999815
robustness,ROB__CICIDS2017_COVERAGE_R1__Full-Contextual__Norm-Clipped-Averaging__sign-flip__honest__seed314,CICIDS2017,CICIDS2017_COVERAGE_R1,Full-Contextual,,0.5,314,Norm-Clipped-Averaging,sign-flip,honest,0.745655624740122,0.4873068338352264,0.0,89832,7427,253.86332329547201,0.025386332329547203,0.17012574933840963,0.0,0.0,0.3426099168320701,0.4,285132,0,20525653,38854702,0.09794169999076985,2036561,20365610,0,48299505.0,4.119688999955542,0,48299505.0,18489092,0.00028240001120138913,32.09459569994942,51.15874380002788
robustness,ROB__CICIDS2017_COVERAGE_R1__Full-Contextual__Norm-Clipped-Averaging__sign-flip__honest__seed3407,CICIDS2017,CICIDS2017_COVERAGE_R1,Full-Contextual,,0.5,3407,Norm-Clipped-Averaging,sign-flip,honest,0.7649290909043361,0.5003268414701344,0.002441487531767082,89722,167,5.708250301648556,0.0005708250301648556,0.1681642657219583,0.3971119133574007,0.0012245079704336984,0.32166324881373703,0.53,292392,110,20515709,38928260,0.08407970001280773,2045839,20458390,0,48400528.0,5.260055300037493,0,48400528.0,18469870,0.00026359999901615083,40.513020500016864,58.85086099995533
robustness,ROB__CICIDS2017_COVERAGE_R1__Full-Contextual__Norm-Clipped-Averaging__sign-flip__honest__seed42,CICIDS2017,CICIDS2017_COVERAGE_R1,Full-Contextual,,0.5,42,Norm-Clipped-Averaging,sign-flip,honest,0.7650781529900024,0.5,0.0,89832,0,0.0,0.0,0.23279052370422093,0.0,0.0,0.3639616886001748,0.05,292559,0,20616550,38965300,0.08024179996573366,2038750,20387500,0,48175042.0,5.498077299955185,0,48175042.0,18577800,0.00026369998522568494,37.835798599990085,55.52396730001783
robustness,ROB__CICIDS2017_COVERAGE_R1__Full-Contextual__Norm-Clipped-Averaging__sign-flip__honest__seed777,CICIDS2017,CICIDS2017_COVERAGE_R1,Full-Contextual,,0.5,777,Norm-Clipped-Averaging,sign-flip,honest,0.7400514133439333,0.48393359136026887,0.0015067502410800386,89757,9645,329.6770907748523,0.032967709077485224,0.1789457816273808,0.007716049382716049,0.0008348917980229762,0.326801479624243,0.36,282914,75,20935674,39281157,0.0815661999367876,2038387,20383870,0,49521438.0,5.079531600000337,0,49521438.0,18897287,0.00025410004309378564,39.37674130011874,57.41182939997816
robustness,ROB__CICIDS2017_COVERAGE_R1__Full-Contextual__Norm-Clipped-Averaging__sign-flip__honest__seed9001,CICIDS2017,CICIDS2017_COVERAGE_R1,Full-Contextual,,0.5,9001,Norm-Clipped-Averaging,sign-flip,honest,0.7650781529900024,0.5,0.0,89832,0,0.0,0.0,0.23315744587856732,0.0,0.0,0.3961171473649447,0.05,292559,0,18817169,37192901,0.08478289996855892,2041748,20417480,0,43294024.0,4.955130200003623,0,43294024.0,16775421,0.0003059000155190006,36.15552259994729,53.629378799989354
robustness,ROB__CICIoT2023_R1__CB-Score__FedAvg__clean__forged__seed11,CICIoT2023,CICIoT2023_R1,CB-Score,0.4,0.5,11,FedAvg,clean,forged_inflated,0.8993666432090077,0.9186014690487557,0.9291160155788977,8048,961,428.40584878744653,0.04284058487874465,0.9891405413144909,0.9839844010399307,0.8800435229762561,0.9650139276575211,0.67,21471,59043,6042439,19508716,0.01064400002360344,1496253,14962530,0,30905149.0,2.755488900002092,25500,7245804.0,4520686,0.010884099989198148,24.00556989980396,39.33147299994016
robustness,ROB__CICIoT2023_R1__CB-Score__FedAvg__clean__forged__seed123,CICIoT2023,CICIoT2023_R1,CB-Score,0.4,0.5,123,FedAvg,clean,forged_inflated,0.8829909632161568,0.9049756716163885,0.9168604605017739,9332,1143,509.53994293865907,0.050953994293865906,0.9867003686347865,0.9805948864215137,0.8609053375266429,0.9560350396961215,0.18,21289,57759,2988620,16465409,0.0069154999509919435,1497421,14974210,0,35667981.0,2.7585827999573667,25500,5887571.0,1465699,0.011916299990843982,24.00623870018171,38.976952499942854
robustness,ROB__CICIoT2023_R1__CB-Score__FedAvg__clean__forged__seed2026,CICIoT2023,CICIoT2023_R1,CB-Score,0.4,0.5,2026,FedAvg,clean,forged_inflated,0.8928655205924735,0.9122759156203646,0.924349863149841,8496,1095,488.141940085592,0.0488141940085592,0.9881073080412927,0.9816552186295862,0.8733660252492883,0.9609760340970026,0.4,21337,58595,6598761,20067657,0.01151960008428432,1496544,14965440,0,34307941.0,2.747105299960822,25500,11516836.0,5076717,0.012692200078163296,23.401511600008234,38.202639800088946
robustness,ROB__CICIoT2023_R1__CB-Score__FedAvg__clean__forged__seed2027,CICIoT2023,CICIoT2023_R1,CB-Score,0.4,0.5,2027,FedAvg,clean,forged_inflated,0.8888888888888888,0.9084210039120967,0.9214216309731647,8771,1176,524.2510699001426,0.052425106990014264,0.9873526115192086,0.9802339653085922,0.8692671148142076,0.9580942827168268,0.34,21256,58320,6335739,19810422,0.009801699954550713,1497187,14971870,0,35493337.0,2.770868099963991,25500,12426488.0,4813052,0.011397100082831457,23.995598999841604,39.41096730006393
robustness,ROB__CICIoT2023_R1__CB-Score__FedAvg__clean__forged__seed2718,CICIoT2023,CICIoT2023_R1,CB-Score,0.4,0.5,2718,FedAvg,clean,forged_inflated,0.8809691364230421,0.9050807855990557,0.915170042032862,9611,1045,465.8523537803138,0.04658523537803139,0.987438579705751,0.9821443827424178,0.8567468065761429,0.9591350935390391,0.2,21387,57480,4255917,17727459,0.008182999939890578,1496838,14968380,0,35711208.0,2.7372272000066005,25500,3043840.0,2733579,0.011877800076035783,23.78699130009045,38.58124400008819
robustness,ROB__CICIoT2023_R1__CB-Score__FedAvg__clean__forged__seed314,CICIoT2023,CICIoT2023_R1,CB-Score,0.4,0.5,314,FedAvg,clean,forged_inflated,0.8980932274387587,0.9141019693220767,0.9284319032265657,7916,1207,538.0706134094152,0.053807061340941514,0.9886300707267366,0.9800105991851876,0.8820109999850949,0.9630200573678422,0.1,21225,59175,5710670,19177235,0.009676700021373108,1496285,14962850,0,35583891.0,2.7523388000554405,25500,9454584.0,4188885,0.01069689993164502,23.03125970021938,37.74063799990108
robustness,ROB__CICIoT2023_R1__CB-Score__FedAvg__clean__forged__seed3407,CICIoT2023,CICIoT2023_R1,CB-Score,0.4,0.5,3407,FedAvg,clean,forged_inflated,0.8378628955687365,0.8914847758328155,0.8787516811039737,14492,23,10.25320970042796,0.001025320970042796,0.9857267133949038,0.9995629204515222,0.7839948726356739,0.9537519290420824,0.05,22409,52599,6161347,19616617,0.009364699944853783,1495030,14950300,0,35962777.0,2.7576684000960086,25500,21948260.0,4640817,0.010473700036527589,23.699896200123476,38.84832660004031
robustness,ROB__CICIoT2023_R1__CB-Score__FedAvg__clean__forged__seed42,CICIoT2023,CICIoT2023_R1,CB-Score,0.4,0.5,42,FedAvg,clean,forged_inflated,0.8922734939624454,0.9098927687740783,0.9240606003338688,8415,1229,547.8780313837375,0.05478780313837375,0.9873162734297551,0.9794841832902095,0.8745733406865303,0.9582570215143733,0.18,21203,58676,5658086,19124408,0.00994000001810491,1496258,14962580,0,35688434.0,2.780931299988879,25500,10113682.0,4136328,0.012473700044211,24.3130714999279,39.50537620013347
robustness,ROB__CICIoT2023_R1__CB-Score__FedAvg__clean__forged__seed777,CICIoT2023,CICIoT2023_R1,CB-Score,0.4,0.5,777,FedAvg,clean,forged_inflated,0.889101124850597,0.910936526136675,0.9213847932470741,8912,1016,452.9243937232525,0.04529243937232525,0.9874042500792121,0.9828363882084635,0.8671654916456752,0.9593425463942336,0.79,21416,58179,6578709,20045859,0.010712800052715465,1496350,14963500,0,33301548.0,2.7774907000130042,25500,18711143.0,5056859,0.011754300008760765,23.38941660002456,38.53749150005751
robustness,ROB__CICIoT2023_R1__CB-Score__FedAvg__clean__forged__seed9001,CICIoT2023,CICIoT2023_R1,CB-Score,0.4,0.5,9001,FedAvg,clean,forged_inflated,0.888017604414508,0.9093234060745439,0.920631150591011,8949,1076,479.6718972895863,0.04796718972895863,0.9860482507768191,0.9818298490323888,0.8666140018780463,0.9548100264117395,0.75,21356,58142,6117577,19583395,0.010302700102329254,1496202,14962020,0,33242997.0,2.7479628999717534,25500,11159836.0,4595875,0.011367099970811978,23.27113160007866,37.90429239993682
robustness,ROB__CICIoT2023_R1__CB-Score__FedAvg__clean__honest__seed11,CICIoT2023,CICIoT2023_R1,CB-Score,0.4,0.5,11,FedAvg,clean,honest,0.8704467008478268,0.9081644818072484,0.9059458933437136,11234,364,162.2681883024251,0.01622681883024251,0.9860031430713995,0.9935255509507124,0.8325557824447393,0.9543798647385071,0.05,22068,55857,6324059,19786754,0.020887099963147193,1495855,14958550,0,34547611.0,4.0026702000177465,25500,8916433.0,4802704,0.020169900002656505,36.473095599911176,57.41242339994642
robustness,ROB__CICIoT2023_R1__CB-Score__FedAvg__clean__honest__seed123,CICIoT2023,CICIoT2023_R1,CB-Score,0.4,0.5,123,FedAvg,clean,honest,0.8848005540475632,0.907696363285172,0.918118951020635,9272,1041,464.0691868758916,0.04640691868758916,0.9875743431075205,0.9823139653414883,0.8617996452579333,0.9593335526187514,0.2,21391,57819,5653530,19126359,0.014024399977643043,1496981,14969810,0,35841460.0,3.9514009000267833,25500,15836196.0,4131049,0.015225400042254478,35.94821320025949,56.58129110003938
robustness,ROB__CICIoT2023_R1__CB-Score__FedAvg__clean__honest__seed2026,CICIoT2023,CICIoT2023_R1,CB-Score,0.4,0.5,2026,FedAvg,clean,honest,0.8851468337745607,0.907719674476132,0.9184033013252917,9227,1055,470.31027104136945,0.047031027104136945,0.9879795130206734,0.9820940613384477,0.862470376056401,0.9604295746110245,0.26,21377,57864,6846218,20310461,0.017964899947401136,1496027,14960270,0,34811328.0,4.034471799968742,25500,13364237.0,5324691,0.01564269998925738,36.480917699984275,57.36387670013937
robustness,ROB__CICIoT2023_R1__CB-Score__FedAvg__clean__honest__seed2027,CICIoT2023,CICIoT2023_R1,CB-Score,0.4,0.5,2027,FedAvg,clean,honest,0.8942841504417859,0.9128217917119446,0.925458011058427,8342,1122,500.1783166904422,0.05001783166904422,0.9876790424701811,0.9812597083730019,0.8756614150929335,0.9591179953655256,0.38,21310,58749,6739841,20211923,0.017953299917280674,1496898,14968980,0,35256113.0,4.033883600088302,25500,16858700.0,5217443,0.01805479990434833,37.16813659996842,58.73441340000136
robustness,ROB__CICIoT2023_R1__CB-Score__FedAvg__clean__honest__seed2718,CICIoT2023,CICIoT2023_R1,CB-Score,0.4,0.5,2718,FedAvg,clean,honest,0.8838399070629894,0.9068773984818796,0.9173954833226096,9346,1053,469.41868758915837,0.04694186875891584,0.9876309746098388,0.9820912275927752,0.8606966657226752,0.9594448204820754,0.22,21379,57745,6723785,20199944,0.01783249992877245,1497351,14973510,0,35321588.0,4.080039800028317,25500,9600073.0,5200934,0.014964800007874146,37.63846239980194,58.39293010000256
robustness,ROB__CICIoT2023_R1__CB-Score__FedAvg__clean__honest__seed314,CICIoT2023,CICIoT2023_R1,CB-Score,0.4,0.5,314,FedAvg,clean,honest,0.895959697507903,0.9127675516477067,0.9268170032214976,8113,1201,535.3958630527817,0.05353958630527817,0.9878955267677968,0.9800428720982403,0.8790746896006916,0.960352822699176,0.06,21231,58978,6574586,20044994,0.014397200080566108,1496712,14967120,0,35277139.0,3.863595499889925,25500,11466724.0,5052374,0.013534899975638837,34.954276799660875,55.54676619995735
robustness,ROB__CICIoT2023_R1__CB-Score__FedAvg__clean__honest__seed3407,CICIoT2023,CICIoT2023_R1,CB-Score,0.4,0.5,3407,FedAvg,clean,honest,0.8367682048188734,0.890798935584562,0.8778269193789765,14593,20,8.91583452211127,0.000891583452211127,0.986250378177588,0.9996191781865266,0.7824894546213352,0.9554836117231157,0.05,22412,52498,6626723,20084684,0.015209199918899685,1495329,14953290,1,35693212.0,3.9430353999778163,25500,22631607.0,5105894,0.01471379998838529,35.99763179998263,56.991032999998424
robustness,ROB__CICIoT2023_R1__CB-Score__FedAvg__clean__honest__seed42,CICIoT2023,CICIoT2023_R1,CB-Score,0.4,0.5,42,FedAvg,clean,honest,0.8938708488321437,0.9103946786558406,0.9253154109185238,8234,1267,564.8181169757489,0.056481811697574894,0.9887521200865584,0.9789268844388265,0.8772711690092561,0.9636299789349705,0.36,21165,58857,5878553,19339187,0.01621139989583753,1495626,14956260,0,34135733.0,4.0239227000274695,25500,6691048.0,4357427,0.016773200128227472,36.15496590020484,57.123331800074084
robustness,ROB__CICIoT2023_R1__CB-Score__FedAvg__clean__honest__seed777,CICIoT2023,CICIoT2023_R1,CB-Score,0.4,0.5,777,FedAvg,clean,honest,0.88723568245032,0.9088165635865023,0.9200313695667672,9020,1075,479.22610556348076,0.047922610556348076,0.9877472308892781,0.9818246373381124,0.8655557377293527,0.9600884882257241,0.3,21357,58071,6390686,19864019,0.017668899963609874,1497037,14970370,0,35783325.0,4.008316600025864,25500,9437736.0,4868149,0.016768200090155005,36.365545900102006,57.709087999828625
robustness,ROB__CICIoT2023_R1__CB-Score__FedAvg__clean__honest__seed9001,CICIoT2023,CICIoT2023_R1,CB-Score,0.4,0.5,9001,FedAvg,clean,honest,0.8857165197770406,0.9079958961087854,0.9188498909379338,9169,1062,473.4308131241084,0.04734308131241084,0.9879143702929054,0.9819951173199511,0.8633348735299816,0.960708137130311,0.09,21370,57922,6615170,20082554,0.015891899907728657,1496376,14963760,0,36243845.0,4.040368100075284,25500,18133810.0,5093294,0.018577000038931146,36.44027660010033,56.688698800018756
robustness,ROB__CICIoT2023_R1__CB-Score__FedAvg__label-flip__forged__seed11,CICIoT2023,CICIoT2023_R1,CB-Score,0.4,0.5,11,FedAvg,label-flip,forged_inflated,0.8612535326117311,0.8945234882132855,0.8994259155796309,11551,870,387.83880171184023,0.038783880171184025,0.9835374634659126,0.9845772026236483,0.8278308565977552,0.9462989496604469,0.25,21562,55540,6201877,19635160,0.010144699859665707,1492587,14925870,0,33384750.0,2.7692455000942573,25500,6982498.0,4683790,0.012368100055027753,23.823560900229495,39.13092719990527
robustness,ROB__CICIoT2023_R1__CB-Score__FedAvg__label-flip__forged__seed123,CICIoT2023,CICIoT2023_R1,CB-Score,0.4,0.5,123,FedAvg,label-flip,forged_inflated,0.866939222322755,0.9046967629143214,0.9032724319935038,11472,440,196.14835948644793,0.019614835948644792,0.9842504375327314,0.9921511264917319,0.8290083617772875,0.947049191866133,0.28,21992,55619,4338132,17771109,0.00902599998516962,1492553,14925530,0,34864300.0,2.7545505999587476,25500,10593267.0,2820079,0.012496399896917865,23.232454099605093,38.11589810004807
robustness,ROB__CICIoT2023_R1__CB-Score__FedAvg__label-flip__forged__seed2026,CICIoT2023,CICIoT2023_R1,CB-Score,0.4,0.5,2026,FedAvg,label-flip,forged_inflated,0.26758486645889884,0.49176538674418635,0.07979902882645185,64248,1320,588.4450784593438,0.05884450784593438,0.7406137129240858,0.6829209704539995,0.04237528133430714,0.4730578141349993,0.31,21112,2843,6624267,20058504,0.010991799994371831,1492693,14926930,0,33307795.0,2.7453824999101926,25500,14873523.0,5106074,0.012623499991605058,23.465480599872535,38.16819850006141
robustness,ROB__CICIoT2023_R1__CB-Score__FedAvg__label-flip__forged__seed2027,CICIoT2023,CICIoT2023_R1,CB-Score,0.4,0.5,2027,FedAvg,label-flip,forged_inflated,0.8118472347888253,0.8724660068310355,0.8567784504455479,16709,135,60.18188302425107,0.006018188302425107,0.9718875870257102,0.997327632282202,0.750950201964496,0.9079091527372993,0.44,22297,50382,6872061,20308026,0.010591600002953783,1492885,14928850,0,35895456.0,2.7769826999574434,25500,15214051.0,5353676,0.01133880004636012,24.09188160020858,39.70195500002592
robustness,ROB__CICIoT2023_R1__CB-Score__FedAvg__label-flip__forged__seed2718,CICIoT2023,CICIoT2023_R1,CB-Score,0.4,0.5,2718,FedAvg,label-flip,forged_inflated,0.8957139506048725,0.9130635429085171,0.926595694494677,8166,1170,521.5763195435093,0.05215763195435093,0.987675249656607,0.9805308261918629,0.8782847177713852,0.9594939505296648,0.18,21262,58925,4916931,18372507,0.009465599927352741,1495064,14950640,0,33615019.0,2.777677900099661,25500,4435437.0,3396367,0.012601099908351898,23.1033268001338,37.89400880003814
robustness,ROB__CICIoT2023_R1__CB-Score__FedAvg__label-flip__forged__seed314,CICIoT2023,CICIoT2023_R1,CB-Score,0.4,0.5,314,FedAvg,label-flip,forged_inflated,0.8712062821844666,0.9083596787288779,0.9065806744340555,11145,385,171.62981455064195,0.017162981455064195,0.9711962656928012,0.9931653973833235,0.8338823389128199,0.9033092726289678,0.46,22047,55946,6141308,19588685,0.009917400078848004,1494153,14941530,0,35301198.0,2.784907400025986,25500,13988861.0,4621655,0.011778100015362725,23.94766319988412,39.15382979999413
robustness,ROB__CICIoT2023_R1__CB-Score__FedAvg__label-flip__forged__seed3407,CICIoT2023,CICIoT2023_R1,CB-Score,0.4,0.5,3407,FedAvg,label-flip,forged_inflated,0.8531773957530467,0.8964944469836793,0.8920729804739461,12770,374,166.72610556348073,0.016672610556348073,0.9810001915687738,0.9931620806289423,0.8096615045237066,0.9371281774343323,0.21,22058,54321,5963462,19394702,0.010357899940572679,1492360,14923600,0,35427124.0,2.7445458000001963,25500,21891677.0,4445602,0.01082729993504472,23.68420470014098,38.89101749996189
robustness,ROB__CICIoT2023_R1__CB-Score__FedAvg__label-flip__forged__seed42,CICIoT2023,CICIoT2023_R1,CB-Score,0.4,0.5,42,FedAvg,label-flip,forged_inflated,0.4922422170838779,0.6477345414783688,0.49797892783778414,44546,910,405.67047075606274,0.04056704707560628,0.9352010123326927,0.9612023022809636,0.3360361300323441,0.8326983622415578,0.28,21522,22545,6270289,19699612,0.010745199979282916,1492147,14921470,0,34512049.0,2.7749574001063593,25500,10962695.0,4752642,0.012763600010657683,23.265581899991957,38.2424227000738
robustness,ROB__CICIoT2023_R1__CB-Score__FedAvg__label-flip__forged__seed777,CICIoT2023,CICIoT2023_R1,CB-Score,0.4,0.5,777,FedAvg,label-flip,forged_inflated,0.2533427163969036,0.4916848759916668,0.02715801423394315,66158,685,305.36733238231096,0.030536733238231098,0.6191161574605261,0.57663782447466,0.01390648522156474,0.21829847964655752,0.34,21747,933,6888636,20325438,0.010938600025838241,1492978,14929780,0,36197795.0,2.7445307999150828,25500,20214725.0,5370158,0.012015400046948344,23.427070800040383,38.47491469999659
robustness,ROB__CICIoT2023_R1__CB-Score__FedAvg__label-flip__forged__seed9001,CICIoT2023,CICIoT2023_R1,CB-Score,0.4,0.5,9001,FedAvg,label-flip,forged_inflated,0.8232186142108732,0.8643996593370076,0.8689206201961304,14636,1190,530.4921540656205,0.05304921540656205,0.9782629438820765,0.9778171311399012,0.7818485340805771,0.9354751460192323,0.24,21242,52455,6393192,19821786,0.010577399894827977,1492066,14920660,0,33607964.0,2.7666062000207603,25500,11259408.0,4875626,0.011365499929524958,23.674061100027757,38.4381507000071
robustness,ROB__CICIoT2023_R1__CB-Score__FedAvg__label-flip__honest__seed11,CICIoT2023,CICIoT2023_R1,CB-Score,0.4,0.5,11,FedAvg,label-flip,honest,0.8779084704489349,0.9014957326706455,0.9129430505774592,9781,1149,512.2146932952925,0.05122146932952924,0.9849698640256926,0.980345199199439,0.8542129346708203,0.9508269300637533,0.18,21283,57310,6115356,19577574,0.01649469995754771,1495802,14958020,0,35033764.0,3.9812542000727262,25500,11113326.0,4594054,0.015858700062381104,37.32188040029723,58.3278302999679
robustness,ROB__CICIoT2023_R1__CB-Score__FedAvg__label-flip__honest__seed123,CICIoT2023,CICIoT2023_R1,CB-Score,0.4,0.5,123,FedAvg,label-flip,honest,0.879684550339019,0.9054107024401312,0.9140664267877231,9806,965,430.18901569186875,0.043018901569186876,0.9860103010129304,0.9834334763948498,0.8538403064494493,0.9538207841991219,0.11,21467,57285,5953075,19425085,0.01840870000887662,1496890,14968900,0,35669442.0,3.9509375000779983,25500,15841672.0,4430685,0.01701329997740686,35.94058600041899,56.7721330000204
robustness,ROB__CICIoT2023_R1__CB-Score__FedAvg__label-flip__honest__seed2026,CICIoT2023,CICIoT2023_R1,CB-Score,0.4,0.5,2026,FedAvg,label-flip,honest,0.8842532086726316,0.9070196101687935,0.9177253382455695,9300,1062,473.4308131241084,0.04734308131241084,0.9866044168332889,0.9819550405246972,0.8613823016499977,0.9562326220230912,0.15,21370,57791,6614365,20075116,0.017979999945964664,1495639,14956390,0,35040225.0,3.9233764000528026,25500,14653020.0,5093226,0.016117400053190067,36.04245399998035,56.54639030000544
robustness,ROB__CICIoT2023_R1__CB-Score__FedAvg__label-flip__honest__seed2027,CICIoT2023,CICIoT2023_R1,CB-Score,0.4,0.5,2027,FedAvg,label-flip,honest,0.8808350926577527,0.903700533922553,0.9151838954348137,9536,1132,504.63623395149784,0.05046362339514979,0.9863267909252925,0.9807112307666093,0.8578646912402558,0.9547977625046749,0.38,21300,57555,6539282,20005343,0.01821609999751672,1496229,14962290,0,34698621.0,3.982063899835339,25500,15027803.0,5017553,0.018451300071319565,36.365362699638354,57.79893489993992
robustness,ROB__CICIoT2023_R1__CB-Score__FedAvg__label-flip__honest__seed2718,CICIoT2023,CICIoT2023_R1,CB-Score,0.4,0.5,2718,FedAvg,label-flip,honest,0.8827005350580298,0.9061914220196722,0.916510967824006,9453,1048,467.18972895863055,0.046718972895863055,0.98753290248213,0.9821422485771735,0.8591018169352074,0.9591324616196654,0.2,21384,57638,6273204,19744125,0.01758230000268668,1496769,14967690,0,34972140.0,4.11644390001311,25500,8173417.0,4750935,0.01667260006070137,37.91355019976618,58.78747380009736
robustness,ROB__CICIoT2023_R1__CB-Score__FedAvg__label-flip__honest__seed314,CICIoT2023,CICIoT2023_R1,CB-Score,0.4,0.5,314,FedAvg,label-flip,honest,0.8928431799649252,0.9122164994258761,0.9243364751350712,8495,1098,489.4793152639087,0.04894793152639087,0.9878458270514286,0.9816061915770429,0.8733809303781431,0.9604780906991337,0.27,21334,58596,5914711,19381978,0.01692849991377443,1496363,14963630,0,35525408.0,4.102533299970673,25500,12121957.0,4392848,0.01635720004560426,37.98871569990297,59.48376269990695
robustness,ROB__CICIoT2023_R1__CB-Score__FedAvg__label-flip__honest__seed3407,CICIoT2023,CICIoT2023_R1,CB-Score,0.4,0.5,3407,FedAvg,label-flip,honest,0.852428984730181,0.8991554108270261,0.8910819255851533,13050,161,71.77246790299571,0.007177246790299572,0.9783552709083662,0.9970296299029556,0.8054880684443517,0.9281875177529971,0.21,22271,54041,6174827,19629215,0.01717820012709126,1494932,14949320,0,34542959.0,3.975036799994996,25500,15898328.0,4654395,0.018033500091405585,36.24455769971246,57.122668700059876
robustness,ROB__CICIoT2023_R1__CB-Score__FedAvg__label-flip__honest__seed42,CICIoT2023,CICIoT2023_R1,CB-Score,0.4,0.5,42,FedAvg,label-flip,honest,0.8799526378695978,0.9049812460893971,0.9143303546517653,9741,1006,448.46647646219685,0.044846647646219685,0.9828615125038583,0.9827609843032422,0.8548091398250138,0.9425601919097002,0.42,21426,57350,5948996,19399721,0.015686299913795665,1494525,14945250,0,33226892.0,4.109304400073597,25500,9222861.0,4428971,0.015557700011413544,37.71655810048105,58.98543880003854
robustness,ROB__CICIoT2023_R1__CB-Score__FedAvg__label-flip__honest__seed777,CICIoT2023,CICIoT2023_R1,CB-Score,0.4,0.5,777,FedAvg,label-flip,honest,0.8794164628084403,0.9037333016842094,0.9139970841067886,9729,1066,475.21398002853067,0.047521398002853064,0.9865477008888914,0.981755322790443,0.8549880013712718,0.9561233807576188,0.32,21366,57362,6165570,19632144,0.018254299968248233,1496286,14962860,0,34927349.0,4.109540100151207,25500,6905553.0,4643784,0.016837600036524236,37.93997850001324,59.40350159991067
robustness,ROB__CICIoT2023_R1__CB-Score__FedAvg__label-flip__honest__seed9001,CICIoT2023,CICIoT2023_R1,CB-Score,0.4,0.5,9001,FedAvg,label-flip,honest,0.8820414865453571,0.9068644973592939,0.9159021406727829,9587,973,433.7553495007133,0.04337553495007133,0.9876155720457314,0.9833609795304137,0.857104529668659,0.9599183918812889,0.09,21459,57504,6045261,19509477,0.01464119995944202,1496024,14960240,0,36041386.0,4.00152369987336,25500,19854682.0,4523737,0.015649799985112622,35.97962779965019,56.19450049998704
robustness,ROB__CICIoT2023_R1__CB-Score__FedAvg__sign-flip__forged__seed11,CICIoT2023,CICIoT2023_R1,CB-Score,0.4,0.5,11,FedAvg,sign-flip,forged_inflated,0.25057247858092335,0.5,0.0,67091,0,0.0,0.0,0.7494275214190766,0.0,0.0,0.5,0.05,22432,0,4054900,17028391,0.008641199994599447,1441499,14414990,0,21475612.0,2.9032192999729887,25500,3033160.0,2587901,0.010577999986708164,23.88646460007294,38.9671076000086
robustness,ROB__CICIoT2023_R1__CB-Score__FedAvg__sign-flip__forged__seed123,CICIoT2023,CICIoT2023_R1,CB-Score,0.4,0.5,123,FedAvg,sign-flip,forged_inflated,0.5340191905990639,0.35628474758164286,0.6962353455180951,19284,22432,10000.0,1.0,0.700405808544031,0.6806332664189411,0.7125694951632857,0.35628474758164286,0.05,0,47807,3239187,16676214,0.007655700028408319,1493003,14930030,0,30041477.0,2.841210900049191,25500,6229971.0,1720684,0.011816099984571338,24.027004700008547,38.84041430000798
robustness,ROB__CICIoT2023_R1__CB-Score__FedAvg__sign-flip__forged__seed2026,CICIoT2023,CICIoT2023_R1,CB-Score,0.4,0.5,2026,FedAvg,sign-flip,forged_inflated,0.25057247858092335,0.5,0.0,67091,0,0.0,0.0,0.7494275214190766,0.0,0.0,0.5,0.05,22432,0,4111151,17155382,0.009659799921792,1449359,14493590,0,22343277.0,2.787034899898572,25500,6006562.0,2636292,0.011730699887266383,23.686575900093885,38.485922299994854
robustness,ROB__CICIoT2023_R1__CB-Score__FedAvg__sign-flip__forged__seed2027,CICIoT2023,CICIoT2023_R1,CB-Score,0.4,0.5,2027,FedAvg,sign-flip,forged_inflated,0.25057247858092335,0.5,0.0,67091,0,0.0,0.0,0.7494275214190766,0.0,0.0,0.5,0.05,22432,0,4159628,17427842,0.00888090007356368,1474246,14742460,0,22317887.0,2.862475600122707,25500,6916778.0,2659882,0.011092199973063543,23.659898200072348,38.69573130001663
robustness,ROB__CICIoT2023_R1__CB-Score__FedAvg__sign-flip__forged__seed2718,CICIoT2023,CICIoT2023_R1,CB-Score,0.4,0.5,2718,FedAvg,sign-flip,forged_inflated,0.7494275214190766,0.5,0.856768871237565,0,22432,10000.0,1.0,0.7494275214190766,0.7494275214190766,1.0,0.5,0.05,0,67091,4839287,18237173,0.009115399938309565,1488654,14886540,0,30492435.0,2.7639211999776307,25500,5025445.0,3325133,0.011475799954496324,23.761387399717933,38.5033192000119
robustness,ROB__CICIoT2023_R1__CB-Score__FedAvg__sign-flip__forged__seed314,CICIoT2023,CICIoT2023_R1,CB-Score,0.4,0.5,314,FedAvg,sign-flip,forged_inflated,0.546775688929102,0.3647955761577559,0.7069876942631002,18142,22432,10000.0,1.0,0.7029528390507185,0.6857427046412911,0.7295911523155117,0.36478812359332846,0.05,0,48949,5247804,18601158,0.009710899903438985,1483706,14837060,0,32668689.0,2.7803639000921976,25500,11306959.0,3738598,0.011422999989008531,23.828763199941022,38.77481000000262
robustness,ROB__CICIoT2023_R1__CB-Score__FedAvg__sign-flip__forged__seed3407,CICIoT2023,CICIoT2023_R1,CB-Score,0.4,0.5,3407,FedAvg,sign-flip,forged_inflated,0.7494275214190766,0.5,0.856768871237565,0,22432,10000.0,1.0,0.7494275214190766,0.7494275214190766,1.0,0.5,0.05,0,67091,3254424,16517985,0.008098499965853989,1473729,14737290,0,22005009.0,2.7969389000791125,25500,10202003.0,1755195,0.011670999985653907,24.2381996003096,39.47875709988875
robustness,ROB__CICIoT2023_R1__CB-Score__FedAvg__sign-flip__forged__seed42,CICIoT2023,CICIoT2023_R1,CB-Score,0.4,0.5,42,FedAvg,sign-flip,forged_inflated,0.25057247858092335,0.5,0.0,67091,0,0.0,0.0,0.7494275214190766,0.0,0.0,0.5,0.05,22432,0,4216279,17368879,0.009544000029563904,1461400,14614000,0,22473476.0,2.989096800069092,25500,6768687.0,2729379,0.011368400126229972,23.691371699998854,38.49000140008866
robustness,ROB__CICIoT2023_R1__CB-Score__FedAvg__sign-flip__forged__seed777,CICIoT2023,CICIoT2023_R1,CB-Score,0.4,0.5,777,FedAvg,sign-flip,forged_inflated,0.25057247858092335,0.5,0.0,67091,0,0.0,0.0,0.7494275214190766,0.0,0.0,0.5,0.05,22432,0,4079885,17078306,0.010083100089104846,1444269,14442690,0,22236911.0,2.8719083000032697,25500,12352614.0,2610116,0.011980100040091202,24.181101700058207,39.1460950000037
robustness,ROB__CICIoT2023_R1__CB-Score__FedAvg__sign-flip__forged__seed9001,CICIoT2023,CICIoT2023_R1,CB-Score,0.4,0.5,9001,FedAvg,sign-flip,forged_inflated,0.25057247858092335,0.5,0.0,67091,0,0.0,0.0,0.7494275214190766,0.0,0.0,0.5,0.05,22432,0,3926902,16969072,0.009613900037948042,1449130,14491300,0,21090222.0,2.828781600110233,25500,4016935.0,2452272,0.012290400045458227,23.952696000167634,38.635149699955946
robustness,ROB__CICIoT2023_R1__CB-Score__FedAvg__sign-flip__honest__seed11,CICIoT2023,CICIoT2023_R1,CB-Score,0.4,0.5,11,FedAvg,sign-flip,honest,0.8873138746467388,0.9094622124126086,0.9200405820994896,9053,1035,461.3944365192582,0.04613944365192582,0.9861249632952324,0.9824793052663654,0.865063868477143,0.9540281642961309,0.49,21397,58038,6598833,20058666,0.015580500126816332,1495537,14955370,0,34989538.0,3.9629691000154708,25500,9588371.0,5077796,0.01670639991061762,36.113761100161355,57.063564199896064
robustness,ROB__CICIoT2023_R1__CB-Score__FedAvg__sign-flip__honest__seed123,CICIoT2023,CICIoT2023_R1,CB-Score,0.4,0.5,123,FedAvg,sign-flip,honest,0.8656769768662802,0.9017774400711228,0.9024870861276223,11445,580,258.5592011412268,0.02585592011412268,0.9828088657411563,0.9896844876035997,0.8294108002563683,0.943678470265363,0.38,21852,55646,5402666,18844283,0.016894000000320375,1493513,14935130,0,33294518.0,3.9378543000202626,25500,12366477.0,3883653,0.016347700031474233,35.725952099543065,56.53904209996108
robustness,ROB__CICIoT2023_R1__CB-Score__FedAvg__sign-flip__honest__seed2026,CICIoT2023,CICIoT2023_R1,CB-Score,0.4,0.5,2026,FedAvg,sign-flip,honest,0.8274856740725847,0.8848877579610557,0.869934310257706,15443,1,0.4457917261055635,4.457917261055635e-05,0.978148421129757,0.9999806385409205,0.769820095094722,0.9261036715021442,0.05,22431,51648,7012972,20473804,0.017939900018973276,1495648,14956480,0,36044560.0,3.943982199940365,25500,13190758.0,5491824,0.015806299925316125,35.94734960002825,56.212973999994574
robustness,ROB__CICIoT2023_R1__CB-Score__FedAvg__sign-flip__honest__seed2027,CICIoT2023,CICIoT2023_R1,CB-Score,0.4,0.5,2027,FedAvg,sign-flip,honest,0.8913240172916457,0.9117222464294721,0.9231389092977508,8666,1063,473.876604850214,0.047387660485021396,0.9876649118055595,0.9821308499193114,0.8708321533439657,0.9591071916056016,0.35,21369,58425,7006677,20473431,0.018303999997442588,1496306,14963060,0,36026042.0,3.920425299962517,25500,16071641.0,5484871,0.019411499990383163,36.876375299762,58.08950909995474
robustness,ROB__CICIoT2023_R1__CB-Score__FedAvg__sign-flip__honest__seed2718,CICIoT2023,CICIoT2023_R1,CB-Score,0.4,0.5,2718,FedAvg,sign-flip,honest,0.8836276711012813,0.9076260210704302,0.9171530815109344,9425,993,442.67118402282455,0.04426711840228245,0.9879605442175524,0.983071651408991,0.8595191605431429,0.9605685706519373,0.23,21439,57666,6844963,20312257,0.016152800031704828,1496366,14963660,0,35029421.0,3.9901238000020385,25500,10085944.0,5323097,0.013761899987002835,36.30330669981777,56.95504189992789
robustness,ROB__CICIoT2023_R1__CB-Score__FedAvg__sign-flip__honest__seed314,CICIoT2023,CICIoT2023_R1,CB-Score,0.4,0.5,314,FedAvg,sign-flip,honest,0.8901623046591379,0.9116741938010355,0.9221931205836505,8819,1014,452.03281027104134,0.045203281027104136,0.9878771588567159,0.982896467968829,0.8685516686291753,0.9604396252074519,0.27,21418,58272,6959026,20423935,0.017418200004613027,1496101,14961010,0,35522895.0,3.932959299942013,25500,15619133.0,5437425,0.015984199999365956,35.92458499976783,56.87457759989775
robustness,ROB__CICIoT2023_R1__CB-Score__FedAvg__sign-flip__honest__seed3407,CICIoT2023,CICIoT2023_R1,CB-Score,0.4,0.5,3407,FedAvg,sign-flip,honest,0.7494275214190766,0.5,0.856768871237565,0,22432,10000.0,1.0,0.6646014616615804,0.7494275214190766,1.0,0.29663902892628363,0.05,0,67091,2192758,15625033,0.0024706000403966755,1492475,14924750,26,29549303.0,4.0844898999494035,25500,2050491.0,674783,0.014689200063003227,36.85123299973202,57.800281499978155
robustness,ROB__CICIoT2023_R1__CB-Score__FedAvg__sign-flip__honest__seed42,CICIoT2023,CICIoT2023_R1,CB-Score,0.4,0.5,42,FedAvg,sign-flip,honest,0.7494275214190766,0.5,0.856768871237565,0,22432,10000.0,1.0,0.6772711439904061,0.7494275214190766,1.0,0.3234933910105829,0.05,0,67091,4032800,17491292,0.011863000021548942,1495388,14953880,16,31012177.0,4.601452699920628,25500,4551939.0,2511912,0.01770390002639033,39.78560159992776,60.595307199982926
robustness,ROB__CICIoT2023_R1__CB-Score__FedAvg__sign-flip__honest__seed777,CICIoT2023,CICIoT2023_R1,CB-Score,0.4,0.5,777,FedAvg,sign-flip,honest,0.8863085464070686,0.9094443105767667,0.9192132459162129,9187,991,441.7796005706134,0.044177960057061344,0.9878344402979207,0.9831734442652178,0.8630665812105945,0.9600223666501803,0.28,21441,57904,7044475,20520553,0.01763999994727783,1497342,14973420,0,36438151.0,4.076336199999787,25500,4965340.0,5521633,0.01566640002420172,37.490081700118026,58.66977460004273
robustness,ROB__CICIoT2023_R1__CB-Score__FedAvg__sign-flip__honest__seed9001,CICIoT2023,CICIoT2023_R1,CB-Score,0.4,0.5,9001,FedAvg,sign-flip,honest,0.8927426471409582,0.9122236114554186,0.9242541375447675,8509,1093,487.2503566333809,0.048725035663338086,0.9881507436363388,0.9816841223292836,0.8731722585741754,0.9613155822613105,0.16,21339,58582,6926662,20387071,0.018763400032185018,1495601,14956010,0,36174623.0,4.024807000067085,25500,21359046.0,5405561,0.01661159994546324,36.45986200013431,57.034616799996
robustness,ROB__CICIoT2023_R1__CB-Score__Norm-Clipped-Averaging__clean__forged__seed11,CICIoT2023,CICIoT2023_R1,CB-Score,0.4,0.5,11,Norm-Clipped-Averaging,clean,forged_inflated,0.8983948259106598,0.9184723917092953,0.9283429705840647,8170,926,412.8031383737518,0.041280313837375175,0.9892363376099278,0.9845272110548565,0.8782250972559658,0.9653212954413205,0.68,21506,58921,6012108,19480905,0.014692900003865361,1496533,14965330,0,30973391.0,2.782999399874825,25500,6119155.0,4490075,0.011929500033147633,23.784762399765896,39.013357399991946
robustness,ROB__CICIoT2023_R1__CB-Score__Norm-Clipped-Averaging__clean__forged__seed123,CICIoT2023,CICIoT2023_R1,CB-Score,0.4,0.5,123,Norm-Clipped-Averaging,clean,forged_inflated,0.8821643599968723,0.9045132039800265,0.9162159371599673,9412,1137,506.86519258202566,0.05068651925820257,0.9866358903410065,0.9806685255712732,0.8597129272182558,0.9558089690512541,0.18,21295,57679,2989399,16469977,0.00957389990799129,1497842,14978420,0,35692511.0,2.7923541000054684,25500,5889003.0,1466057,0.011252600001171231,23.141265599842882,37.74039559994708
robustness,ROB__CICIoT2023_R1__CB-Score__Norm-Clipped-Averaging__clean__forged__seed2026,CICIoT2023,CICIoT2023_R1,CB-Score,0.4,0.5,2026,Norm-Clipped-Averaging,clean,forged_inflated,0.8878723903354445,0.9101315810715367,0.9204431974891816,9023,1015,452.47860199714694,0.04524786019971469,0.9875541658889727,0.9828207775502259,0.8655110223427882,0.9590859103347847,0.49,21417,58068,6636309,20104755,0.014763900166144595,1496494,14964940,0,34286270.0,2.7849821998679545,25500,12525636.0,5114315,0.011227199982386082,24.058517599856714,39.201654800068354
robustness,ROB__CICIoT2023_R1__CB-Score__Norm-Clipped-Averaging__clean__forged__seed2027,CICIoT2023,CICIoT2023_R1,CB-Score,0.4,0.5,2027,Norm-Clipped-Averaging,clean,forged_inflated,0.8869117433508708,0.9078289140804585,0.919849262144531,8997,1127,502.40727532097003,0.050240727532097004,0.987302927905258,0.9809695884905693,0.865898555693014,0.9580769489928417,0.35,21305,58094,6238878,19712256,0.013064300117548555,1497042,14970420,0,35449261.0,2.7436528999824077,25500,11892803.0,4716336,0.011634599999524653,23.539935999870067,38.831672200059984
robustness,ROB__CICIoT2023_R1__CB-Score__Norm-Clipped-Averaging__clean__forged__seed2718,CICIoT2023,CICIoT2023_R1,CB-Score,0.4,0.5,2718,Norm-Clipped-Averaging,clean,forged_inflated,0.8835941601599588,0.9059419169268278,0.917274610823126,9316,1105,492.59985734664764,0.049259985734664766,0.98753528158536,0.9812330163043478,0.8611438195883203,0.9591938279992994,0.18,21327,57775,4620533,18094190,0.011715399974491447,1497073,14970730,0,35720670.0,2.7185644999553915,25500,4021102.0,3097960,0.012076800019713119,23.582399799925042,38.32544529996812
robustness,ROB__CICIoT2023_R1__CB-Score__Norm-Clipped-Averaging__clean__forged__seed314,CICIoT2023,CICIoT2023_R1,CB-Score,0.4,0.5,314,Norm-Clipped-Averaging,clean,forged_inflated,0.8941724473040448,0.9135187912053191,0.9253121846619576,8404,1070,476.99714693295294,0.04769971469329529,0.9874709245828683,0.9820941479659286,0.8747372971039334,0.9586429518589215,0.31,21362,58687,6022868,19487156,0.01323799998499453,1496032,14960320,0,35560390.0,2.753578700037906,25500,10905407.0,4501336,0.010463699960382655,23.17159369989531,37.96370859994204
robustness,ROB__CICIoT2023_R1__CB-Score__Norm-Clipped-Averaging__clean__forged__seed3407,CICIoT2023,CICIoT2023_R1,CB-Score,0.4,0.5,3407,Norm-Clipped-Averaging,clean,forged_inflated,0.8363102219541347,0.8905082174649157,0.8774400749376913,14635,19,8.470042796005707,0.0008470042796005706,0.9856728145692119,0.9996379228203907,0.781863439209432,0.9536273447697275,0.05,22413,52456,6207805,19665271,0.013297599885845557,1495274,14952740,0,35981633.0,2.759705100004794,25500,21829948.0,4687031,0.011529999988852069,23.144201900198823,38.046900900051696
robustness,ROB__CICIoT2023_R1__CB-Score__Norm-Clipped-Averaging__clean__forged__seed42,CICIoT2023,CICIoT2023_R1,CB-Score,0.4,0.5,42,Norm-Clipped-Averaging,clean,forged_inflated,0.8900617718351709,0.9085803682581056,0.9223670095286174,8624,1218,542.9743223965763,0.054297432239657634,0.9872694628262233,0.9795928625282735,0.8714581687558689,0.9581620152715484,0.18,21214,58467,5657124,19122150,0.012557000038214028,1496114,14961140,0,35684912.0,2.754987299995264,25500,10111812.0,4135510,0.010504499863600358,23.525135499890894,38.3071643000294
robustness,ROB__CICIoT2023_R1__CB-Score__Norm-Clipped-Averaging__clean__forged__seed777,CICIoT2023,CICIoT2023_R1,CB-Score,0.4,0.5,777,Norm-Clipped-Averaging,clean,forged_inflated,0.8885649497894396,0.9100149962128002,0.9210222144813718,8922,1054,469.8644793152639,0.04698644793152639,0.9866895945545912,0.9822028603751921,0.8670164403571269,0.9569012601101052,0.84,21378,58169,6576328,20046448,0.014263200049754232,1496680,14966800,0,33280177.0,2.754378099925816,25500,18662961.0,5054148,0.011388099868781865,23.601913599995896,38.744629399938276
robustness,ROB__CICIoT2023_R1__CB-Score__Norm-Clipped-Averaging__clean__forged__seed9001,CICIoT2023,CICIoT2023_R1,CB-Score,0.4,0.5,9001,Norm-Clipped-Averaging,clean,forged_inflated,0.88919048736079,0.9116934866803537,0.9213946117274168,8951,969,431.972182596291,0.0431972182596291,0.9863844624627106,0.9836065573770492,0.8665841916203365,0.9569109867831056,0.73,21463,58140,6103267,19567816,0.014034100022399798,1496061,14960610,0,33419693.0,2.7892260999360587,25500,10567399.0,4581706,0.012407799891661853,23.594454100035364,38.20518249986344
robustness,ROB__CICIoT2023_R1__CB-Score__Norm-Clipped-Averaging__clean__honest__seed11,CICIoT2023,CICIoT2023_R1,CB-Score,0.4,0.5,11,Norm-Clipped-Averaging,clean,honest,0.8829351116472862,0.9063775999164037,0.9166891902634466,9434,1046,466.2981455064194,0.04662981455064194,0.9853453727391067,0.9821814898727492,0.8593850143834494,0.9511683536616469,0.39,21386,57657,6268114,19731475,0.018298499984666705,1495929,14959290,0,34830146.0,3.4130751000193413,25500,9057652.0,4746685,0.0136616998934187,31.633417000382906,50.26931450000848
robustness,ROB__CICIoT2023_R1__CB-Score__Norm-Clipped-Averaging__clean__honest__seed123,CICIoT2023,CICIoT2023_R1,CB-Score,0.4,0.5,123,Norm-Clipped-Averaging,clean,honest,0.8851133228332384,0.9074302503890483,0.9184008631974803,9212,1073,478.3345221112696,0.04783345221112696,0.9869118088397224,0.9817987515266657,0.8626939529892236,0.956980354901962,0.19,21359,57879,5640366,19114311,0.018227200052933767,1497105,14971050,0,35742916.0,4.067740499944193,25500,15871348.0,4117761,0.013699200004339218,33.56136679969495,52.61737469988293
robustness,ROB__CICIoT2023_R1__CB-Score__Norm-Clipped-Averaging__clean__honest__seed2026,CICIoT2023,CICIoT2023_R1,CB-Score,0.4,0.5,2026,Norm-Clipped-Averaging,clean,honest,0.8908436937993588,0.9118617338373067,0.9227351076110505,8740,1032,460.0570613409415,0.04600570613409415,0.9884581279927072,0.9826212889210717,0.8697291738087076,0.9618213054693254,0.28,21400,58351,6882027,20345100,0.019513199949869886,1495897,14958970,0,35051827.0,3.469045600038953,25500,14083026.0,5360630,0.01359509999747388,31.34585549987969,49.74752310005715
robustness,ROB__CICIoT2023_R1__CB-Score__Norm-Clipped-Averaging__clean__honest__seed2027,CICIoT2023,CICIoT2023_R1,CB-Score,0.4,0.5,2027,Norm-Clipped-Averaging,clean,honest,0.8916144454497726,0.9112631841419592,0.9234132903948916,8596,1107,493.4914407988588,0.04934914407988588,0.9878664331420336,0.9814267977584645,0.8718755123638043,0.9602335959541909,0.36,21325,58495,6715424,20185769,0.0167002999514807,1496705,14967050,0,35098622.0,3.376570299908053,25500,16873093.0,5193219,0.011968700040597469,31.777055500046117,50.65769360002014
robustness,ROB__CICIoT2023_R1__CB-Score__Norm-Clipped-Averaging__clean__honest__seed2718,CICIoT2023,CICIoT2023_R1,CB-Score,0.4,0.5,2718,Norm-Clipped-Averaging,clean,honest,0.8860292885627157,0.9073143466000816,0.9191668713308985,9081,1122,500.1783166904422,0.05001783166904422,0.9881163742479643,0.9810255022661165,0.8646465248692075,0.9610140583883652,0.22,21310,58010,6440657,19915106,0.01641190005466342,1497161,14971610,0,35142672.0,3.325933200045256,25500,9803813.0,4917996,0.012443399988114834,31.17960880001192,49.21399890005705
robustness,ROB__CICIoT2023_R1__CB-Score__Norm-Clipped-Averaging__clean__honest__seed314,CICIoT2023,CICIoT2023_R1,CB-Score,0.4,0.5,314,Norm-Clipped-Averaging,clean,honest,0.8898383655596885,0.9107013813168696,0.9220086990905496,8797,1065,474.76818830242513,0.04747681883024251,0.9884850217694353,0.9820583230849577,0.8688795814639818,0.9629009196602709,0.58,21367,58294,6498324,19967724,0.015529199969023466,1496600,14966000,0,35050433.0,3.314425000047777,25500,14508477.0,4976224,0.011991300038062036,30.792674100375734,49.05840879995958
robustness,ROB__CICIoT2023_R1__CB-Score__Norm-Clipped-Averaging__clean__honest__seed3407,CICIoT2023,CICIoT2023_R1,CB-Score,0.4,0.5,3407,Norm-Clipped-Averaging,clean,honest,0.8360197937960078,0.8903292878116806,0.8771938630393682,14662,18,8.024251069900142,0.0008024251069900142,0.9862985905722369,0.9996567963849219,0.7814610007303513,0.9556599330452469,0.05,22414,52429,6771908,20233811,0.017931499984115362,1495767,14957670,0,35451611.0,3.3606498000153806,25500,23211058.0,5250641,0.012679400038905442,30.736419499880867,49.13466829995741
robustness,ROB__CICIoT2023_R1__CB-Score__Norm-Clipped-Averaging__clean__honest__seed42,CICIoT2023,CICIoT2023_R1,CB-Score,0.4,0.5,42,Norm-Clipped-Averaging,clean,honest,0.8976910961428907,0.9127060633399724,0.928214814756758,7876,1283,571.9507845934379,0.057195078459343796,0.9892281850808126,0.9787926873615657,0.8826072051392885,0.9652625114789161,0.35,21149,59215,5831963,19290977,0.019059599959291518,1495446,14954460,0,34055052.0,3.5478385999740567,25500,6171141.0,4311017,0.015285300120012835,30.794538699672557,49.623140799900284
robustness,ROB__CICIoT2023_R1__CB-Score__Norm-Clipped-Averaging__clean__honest__seed777,CICIoT2023,CICIoT2023_R1,CB-Score,0.4,0.5,777,Norm-Clipped-Averaging,clean,honest,0.8810584989332351,0.9046804584362615,0.9152809382110975,9572,1076,479.6718972895863,0.04796718972895863,0.9869769842783811,0.9816366584179538,0.8573281066014816,0.9572858020690105,0.44,21356,57519,6611890,20087671,0.015460199996596202,1497309,14973090,0,35826121.0,3.3127842999529094,25500,9530642.0,5089081,0.011592299852054566,30.514364400005434,48.91894339994178
robustness,ROB__CICIoT2023_R1__CB-Score__Norm-Clipped-Averaging__clean__honest__seed9001,CICIoT2023,CICIoT2023_R1,CB-Score,0.4,0.5,9001,Norm-Clipped-Averaging,clean,honest,0.8861968432693275,0.9076932014602943,0.9192722777768974,9084,1104,492.1540656205421,0.049215406562054205,0.9880345283943719,0.9813232731640473,0.864601809482643,0.9611700057575047,0.09,21328,58007,6570936,20039265,0.01947180012939498,1496481,14964810,0,36264181.0,3.3834125000284985,25500,17584401.0,5048955,0.01409269991563633,31.34145220022765,49.50385390003794
robustness,ROB__CICIoT2023_R1__CB-Score__Norm-Clipped-Averaging__label-flip__forged__seed11,CICIoT2023,CICIoT2023_R1,CB-Score,0.4,0.5,11,Norm-Clipped-Averaging,label-flip,forged_inflated,0.2654178255867207,0.5089252146801018,0.040699031392227795,65696,66,29.42225392296719,0.002942225392296719,0.7273296171350236,0.9548254620123203,0.020792654752500337,0.4275634634898018,0.39,22366,1395,6543436,19976422,0.014481699996395037,1492554,14925540,0,34795725.0,2.7582845000142697,25500,8034369.0,5025382,0.012403499975334853,23.389851299958536,38.40491160002421
robustness,ROB__CICIoT2023_R1__CB-Score__Norm-Clipped-Averaging__label-flip__forged__seed123,CICIoT2023,CICIoT2023_R1,CB-Score,0.4,0.5,123,Norm-Clipped-Averaging,label-flip,forged_inflated,0.866939222322755,0.9046967629143214,0.9032724319935038,11472,440,196.14835948644793,0.019614835948644792,0.9842504375327314,0.9921511264917319,0.8290083617772875,0.947049191866133,0.28,21992,55619,4338132,17771109,0.011680600029649213,1492553,14925530,0,34864300.0,2.754923300090013,25500,10593267.0,2820079,0.011759599961806089,23.865462600108003,39.29094390003593
robustness,ROB__CICIoT2023_R1__CB-Score__Norm-Clipped-Averaging__label-flip__forged__seed2026,CICIoT2023,CICIoT2023_R1,CB-Score,0.4,0.5,2026,Norm-Clipped-Averaging,label-flip,forged_inflated,0.2688471119153737,0.4955007457906672,0.07779985065584626,64330,1125,501.5156918687589,0.05015156918687589,0.7904241839812962,0.7104992279979413,0.04115306076821034,0.5832922221901392,0.3,21307,2761,6543692,19977902,0.015451299987034872,1492690,14926900,0,32779838.0,2.7317780000157654,25500,13406703.0,5025502,0.01151960005518049,23.366967500420287,38.258310500037624
robustness,ROB__CICIoT2023_R1__CB-Score__Norm-Clipped-Averaging__label-flip__forged__seed2027,CICIoT2023,CICIoT2023_R1,CB-Score,0.4,0.5,2027,Norm-Clipped-Averaging,label-flip,forged_inflated,0.2860270544999609,0.5148115744534256,0.10551800383447388,63321,596,265.69186875891586,0.026569186875891583,0.874647165537048,0.8634906092533211,0.05619233578274284,0.7470411422194664,0.37,21836,3770,7029237,20459028,0.015060900041135028,1492199,14921990,0,36020320.0,2.790350099996431,25500,15819756.0,5511538,0.011749700002837926,23.831325799721526,39.26220429997193
robustness,ROB__CICIoT2023_R1__CB-Score__Norm-Clipped-Averaging__label-flip__forged__seed2718,CICIoT2023,CICIoT2023_R1,CB-Score,0.4,0.5,2718,Norm-Clipped-Averaging,label-flip,forged_inflated,0.8955017146431643,0.9152958676848535,0.9262497339314292,8345,1010,450.2496433666191,0.045024964336661914,0.9882756706130092,0.9830979315884597,0.8756166997063689,0.9616225078481031,0.2,21422,58746,4769518,18226633,0.011356299975886941,1495235,14952350,0,33390322.0,2.745029199955752,25500,4376487.0,3248783,0.011300900077912956,23.510827500052983,38.20265560000553
robustness,ROB__CICIoT2023_R1__CB-Score__Norm-Clipped-Averaging__label-flip__forged__seed314,CICIoT2023,CICIoT2023_R1,CB-Score,0.4,0.5,314,Norm-Clipped-Averaging,label-flip,forged_inflated,0.7935279201992784,0.8487747832584827,0.8427081028643396,17576,908,404.77888730385166,0.040477888730385166,0.960544007469116,0.9819923447633024,0.7380274552473506,0.8666967458749524,0.43,21524,49515,6111820,19556488,0.013908299995819107,1493852,14938520,0,35491241.0,2.7728251999651548,25500,14748706.0,4592468,0.011560300074052066,23.746328799868934,39.08800640000845
robustness,ROB__CICIoT2023_R1__CB-Score__Norm-Clipped-Averaging__label-flip__forged__seed3407,CICIoT2023,CICIoT2023_R1,CB-Score,0.4,0.5,3407,Norm-Clipped-Averaging,label-flip,forged_inflated,0.8426214492365091,0.8808908119762434,0.8845116603139473,13138,951,423.94793152639085,0.04239479315263909,0.9760239746902839,0.9826788576424305,0.8041764171051259,0.9207117222018442,0.27,21481,53953,5827567,19258942,0.013161599985323846,1492375,14923750,0,35435529.0,2.738020599936135,25500,21614296.0,4309692,0.011274299991782755,23.323243599763373,38.24075999998604
robustness,ROB__CICIoT2023_R1__CB-Score__Norm-Clipped-Averaging__label-flip__forged__seed42,CICIoT2023,CICIoT2023_R1,CB-Score,0.4,0.5,42,Norm-Clipped-Averaging,label-flip,forged_inflated,0.2823520212682774,0.5109204896346523,0.09921202434031576,63553,693,308.9336661911555,0.03089336661911555,0.791330069506485,0.8362089340581422,0.05273434588842021,0.6107770970724264,0.41,21739,3538,6414048,19843101,0.015589699993142858,1492117,14921170,0,34415499.0,2.735366999928374,25500,11621454.0,4896431,0.012933600053656846,23.38319639992551,38.60592869995162
robustness,ROB__CICIoT2023_R1__CB-Score__Norm-Clipped-Averaging__label-flip__forged__seed777,CICIoT2023,CICIoT2023_R1,CB-Score,0.4,0.5,777,Norm-Clipped-Averaging,label-flip,forged_inflated,0.26108374384236455,0.5030662153066913,0.03520798086459367,65884,266,118.58059914407988,0.01185805991440799,0.859144081760761,0.8194161575016972,0.01799049052779061,0.7749839833652808,0.36,22166,1207,7058819,20492003,0.014685000031022355,1492576,14925760,0,36117652.0,2.7525463000056334,25500,20630704.0,5540743,0.012087200040696189,23.545319700002437,38.900510900013614
robustness,ROB__CICIoT2023_R1__CB-Score__Norm-Clipped-Averaging__label-flip__forged__seed9001,CICIoT2023,CICIoT2023_R1,CB-Score,0.4,0.5,9001,Norm-Clipped-Averaging,label-flip,forged_inflated,0.27699027065670273,0.5039010696338277,0.09227834964799596,63801,925,412.35734664764624,0.04123573466476462,0.806896759666801,0.7805456702253856,0.049037873932420144,0.6245470962443519,0.31,21507,3290,6403110,19832523,0.01531380001688376,1492157,14921570,0,32560231.0,2.7530908999906387,25500,11355301.0,4885453,0.0124484000261873,23.57646539993584,38.447287000046344
robustness,ROB__CICIoT2023_R1__CB-Score__Norm-Clipped-Averaging__label-flip__honest__seed11,CICIoT2023,CICIoT2023_R1,CB-Score,0.4,0.5,11,Norm-Clipped-Averaging,label-flip,honest,0.8868670620957743,0.9079474740415274,0.919802356518434,9011,1117,497.9493580599144,0.04979493580599144,0.9876048757795766,0.981130800547325,0.8656898838890462,0.9596695788217765,0.4,21315,58080,6048477,19512396,0.019184700009645894,1495991,14959910,0,34848761.0,3.349142000050051,25500,10870209.0,4526986,0.01512979989638552,31.470432100031758,50.11824289991637
robustness,ROB__CICIoT2023_R1__CB-Score__Norm-Clipped-Averaging__label-flip__honest__seed123,CICIoT2023,CICIoT2023_R1,CB-Score,0.4,0.5,123,Norm-Clipped-Averaging,label-flip,honest,0.8801201925762094,0.9059387448028462,0.914382359511121,9783,949,423.05634807417977,0.042305634807417974,0.9862681570209092,0.9837101120895343,0.8541831244131105,0.954482933186261,0.14,21483,57308,6040085,19511879,0.017655800067586824,1496866,14968660,0,35682122.0,3.313264500029618,25500,14719395.0,4517719,0.014437500009080395,30.76681559989811,48.995971000083955
robustness,ROB__CICIoT2023_R1__CB-Score__Norm-Clipped-Averaging__label-flip__honest__seed2026,CICIoT2023,CICIoT2023_R1,CB-Score,0.4,0.5,2026,Norm-Clipped-Averaging,label-flip,honest,0.8804776426169811,0.9039813476266007,0.9148604347687704,9603,1097,489.03352353780315,0.048903352353780315,0.9839130172555711,0.9812750704105146,0.8568660476069816,0.9465265086919333,0.23,21335,57488,6758489,20218061,0.02017680002609268,1495508,14955080,0,35409132.0,3.406663100089645,25500,12924784.0,5237481,0.013644500053487718,31.235260700341314,49.60497600014787
robustness,ROB__CICIoT2023_R1__CB-Score__Norm-Clipped-Averaging__label-flip__honest__seed2027,CICIoT2023,CICIoT2023_R1,CB-Score,0.4,0.5,2027,Norm-Clipped-Averaging,label-flip,honest,0.8906091172101024,0.9109782159123159,0.922616178457697,8712,1081,481.9008559201141,0.04819008559201141,0.9866771734474847,0.9818197107299025,0.8701465174166431,0.955913096313328,0.47,21351,58379,6535487,20003951,0.014108500006841496,1496496,14964960,0,34978287.0,2.8129409000102896,25500,14892867.0,5013491,0.012455199990654364,24.626455200195778,40.5289674999658
robustness,ROB__CICIoT2023_R1__CB-Score__Norm-Clipped-Averaging__label-flip__honest__seed2718,CICIoT2023,CICIoT2023_R1,CB-Score,0.4,0.5,2718,Norm-Clipped-Averaging,label-flip,honest,0.8861186510729087,0.9076558705311804,0.9192110497412693,9092,1103,491.7082738944365,0.04917082738944365,0.9879173147121614,0.9813373489898819,0.8644825684518043,0.9603624450522211,0.2,21329,57999,6262136,19733804,0.01715249996050261,1496852,14968520,0,35225500.0,3.590687199990498,25500,8221714.0,4739784,0.013659800082677975,31.560957400070038,49.656014899985166
robustness,ROB__CICIoT2023_R1__CB-Score__Norm-Clipped-Averaging__label-flip__honest__seed314,CICIoT2023,CICIoT2023_R1,CB-Score,0.4,0.5,314,Norm-Clipped-Averaging,label-flip,honest,0.8934798878500497,0.9116768891761782,0.9248968276470403,8373,1163,518.4557774607704,0.05184557774607703,0.9876615755796637,0.9805781466575374,0.8751993560984335,0.9595446779350362,0.25,21269,58718,5849202,19315623,0.017298600112553686,1496269,14962690,0,35327209.0,3.3680304999870714,25500,11744658.0,4327433,0.01416379990405403,31.303575999714667,49.91264530006447
robustness,ROB__CICIoT2023_R1__CB-Score__Norm-Clipped-Averaging__label-flip__honest__seed3407,CICIoT2023,CICIoT2023_R1,CB-Score,0.4,0.5,3407,Norm-Clipped-Averaging,label-flip,honest,0.8903298593657496,0.9109551090422868,0.9223898058559413,8748,1070,476.99714693295294,0.04769971469329529,0.9865707623435946,0.9819904734654032,0.8696099327778689,0.9556564163996306,0.48,21362,58343,6224335,19675816,0.018559299845946953,1494609,14946090,0,34606480.0,3.4740948998951353,25500,17250674.0,4704226,0.013239200110547245,31.585498499887763,50.41068970001652
robustness,ROB__CICIoT2023_R1__CB-Score__Norm-Clipped-Averaging__label-flip__honest__seed42,CICIoT2023,CICIoT2023_R1,CB-Score,0.4,0.5,42,Norm-Clipped-Averaging,label-flip,honest,0.8961719334696112,0.9148231261940715,0.9268288842880872,8223,1072,477.888730385164,0.04778887303851641,0.9873601438360695,0.9821154487821154,0.8774351254266594,0.9577705616172816,0.49,21360,58868,5961141,19412838,0.017711999884340912,1494633,14946330,0,33562657.0,3.377738799958024,25500,8570538.0,4441008,0.014059199980692938,30.82889379991684,49.19011129986029
robustness,ROB__CICIoT2023_R1__CB-Score__Norm-Clipped-Averaging__label-flip__honest__seed777,CICIoT2023,CICIoT2023_R1,CB-Score,0.4,0.5,777,Norm-Clipped-Averaging,label-flip,honest,0.8844654446343397,0.906998001652258,0.9179029249513831,9270,1073,478.3345221112696,0.04783345221112696,0.9864248942466132,0.9817808265697694,0.8618294555156429,0.9554445701460773,0.3,21359,57821,6411113,19875833,0.017740300158038735,1496080,14960800,0,35562261.0,3.2924265000619926,25500,7827308.0,4889533,0.01386340000317432,30.53656169990427,48.86842160005472
robustness,ROB__CICIoT2023_R1__CB-Score__Norm-Clipped-Averaging__label-flip__honest__seed9001,CICIoT2023,CICIoT2023_R1,CB-Score,0.4,0.5,9001,Norm-Clipped-Averaging,label-flip,honest,0.884186186789987,0.9077315828979997,0.9176070440891319,9357,1011,450.69543509272467,0.04506954350927247,0.9879973319051082,0.9827900246829517,0.8605327093052719,0.9611409124503136,0.09,21421,57734,6084647,19550672,0.013586899964138865,1496225,14962250,0,36002389.0,2.9113623001030646,25500,19709680.0,4562922,0.012751599948387593,23.12888189998921,36.90334909997182
robustness,ROB__CICIoT2023_R1__CB-Score__Norm-Clipped-Averaging__sign-flip__forged__seed11,CICIoT2023,CICIoT2023_R1,CB-Score,0.4,0.5,11,Norm-Clipped-Averaging,sign-flip,forged_inflated,0.25057247858092335,0.5,0.0,67091,0,0.0,0.0,0.7494275214190766,0.0,0.0,0.5,0.05,22432,0,4054957,17028781,0.012115600082324818,1441536,14415360,0,21475794.0,2.9471770999080036,25500,3033174.0,2587921,0.011606499989284202,23.95274769986281,38.94305239993264
robustness,ROB__CICIoT2023_R1__CB-Score__Norm-Clipped-Averaging__sign-flip__forged__seed123,CICIoT2023,CICIoT2023_R1,CB-Score,0.4,0.5,123,Norm-Clipped-Averaging,sign-flip,forged_inflated,0.5193078873585559,0.3464697202307314,0.6836111254071302,20601,22432,10000.0,1.0,0.6975085753946275,0.6745306288267897,0.6929394404614628,0.34645481510187653,0.05,0,46490,3961092,17410125,0.010206999955698848,1494337,14943370,0,31870830.0,3.20677699992666,25500,8396607.0,2441255,0.01029119998565875,24.898904099565698,39.63868369991542
robustness,ROB__CICIoT2023_R1__CB-Score__Norm-Clipped-Averaging__sign-flip__forged__seed2026,CICIoT2023,CICIoT2023_R1,CB-Score,0.4,0.5,2026,Norm-Clipped-Averaging,sign-flip,forged_inflated,0.25057247858092335,0.5,0.0,67091,0,0.0,0.0,0.7494275214190766,0.0,0.0,0.5,0.05,22432,0,4111064,17154458,0.013665600039530545,1449266,14492660,0,22343553.0,2.770704000024125,25500,6006272.0,2636298,0.01280430011684075,23.27619639984914,37.775792100059334
robustness,ROB__CICIoT2023_R1__CB-Score__Norm-Clipped-Averaging__sign-flip__forged__seed2027,CICIoT2023,CICIoT2023_R1,CB-Score,0.4,0.5,2027,Norm-Clipped-Averaging,sign-flip,forged_inflated,0.25057247858092335,0.5,0.0,67091,0,0.0,0.0,0.7494275214190766,0.0,0.0,0.5,0.05,22432,0,4159628,17427842,0.012570899969432503,1474246,14742460,0,22317887.0,2.9212424998986535,25500,6916778.0,2659882,0.011761300062062219,24.055724899924826,39.4138778000779
robustness,ROB__CICIoT2023_R1__CB-Score__Norm-Clipped-Averaging__sign-flip__forged__seed2718,CICIoT2023,CICIoT2023_R1,CB-Score,0.4,0.5,2718,Norm-Clipped-Averaging,sign-flip,forged_inflated,0.7494275214190766,0.5,0.856768871237565,0,22432,10000.0,1.0,0.7494275214190766,0.7494275214190766,1.0,0.5,0.05,0,67091,3839510,17137865,0.010678599996026605,1477595,14775950,0,28005617.0,2.754908499890007,25500,2495761.0,2336415,0.011611999972956255,23.198154599784175,37.963413799967384
robustness,ROB__CICIoT2023_R1__CB-Score__Norm-Clipped-Averaging__sign-flip__forged__seed314,CICIoT2023,CICIoT2023_R1,CB-Score,0.4,0.5,314,Norm-Clipped-Averaging,sign-flip,forged_inflated,0.546775688929102,0.3647955761577559,0.7069876942631002,18142,22432,10000.0,1.0,0.7029528390507185,0.6857427046412911,0.7295911523155117,0.36478812359332846,0.05,0,48949,5247804,18601158,0.01252410002052784,1483706,14837060,0,32668689.0,2.81139600003371,25500,11306959.0,3738598,0.010675500001525506,24.115372599684633,39.07519299999694
robustness,ROB__CICIoT2023_R1__CB-Score__Norm-Clipped-Averaging__sign-flip__forged__seed3407,CICIoT2023,CICIoT2023_R1,CB-Score,0.4,0.5,3407,Norm-Clipped-Averaging,sign-flip,forged_inflated,0.7494275214190766,0.5,0.856768871237565,0,22432,10000.0,1.0,0.7494275214190766,0.7494275214190766,1.0,0.5,0.05,0,67091,3254424,16517985,0.011280000006081536,1473729,14737290,0,22005009.0,2.7680791999737266,25500,10202003.0,1755195,0.012497700023232028,23.66556470026262,38.759197900042636
robustness,ROB__CICIoT2023_R1__CB-Score__Norm-Clipped-Averaging__sign-flip__forged__seed42,CICIoT2023,CICIoT2023_R1,CB-Score,0.4,0.5,42,Norm-Clipped-Averaging,sign-flip,forged_inflated,0.25057247858092335,0.5,0.0,67091,0,0.0,0.0,0.7494275214190766,0.0,0.0,0.5,0.05,22432,0,4216279,17368879,0.01287639993824996,1461400,14614000,0,22473476.0,2.986142400011886,25500,6768687.0,2729379,0.012178399978438392,23.940146699518664,38.648363199987216
robustness,ROB__CICIoT2023_R1__CB-Score__Norm-Clipped-Averaging__sign-flip__forged__seed777,CICIoT2023,CICIoT2023_R1,CB-Score,0.4,0.5,777,Norm-Clipped-Averaging,sign-flip,forged_inflated,0.25057247858092335,0.5,0.0,67091,0,0.0,0.0,0.7494275214190766,0.0,0.0,0.5,0.05,22432,0,4079885,17078306,0.013681799871847034,1444269,14442690,0,22236911.0,2.8561495000321884,25500,12352614.0,2610116,0.013230000040493906,24.10678299985011,39.375278899940895
robustness,ROB__CICIoT2023_R1__CB-Score__Norm-Clipped-Averaging__sign-flip__forged__seed9001,CICIoT2023,CICIoT2023_R1,CB-Score,0.4,0.5,9001,Norm-Clipped-Averaging,sign-flip,forged_inflated,0.25057247858092335,0.5,0.0,67091,0,0.0,0.0,0.7494275214190766,0.0,0.0,0.5,0.05,22432,0,3926991,16969188,0.012587499979417771,1449133,14491330,0,21089907.0,2.7831598999910057,25500,4016923.0,2452358,0.011378399998648092,23.482030400045915,37.843050800060155
robustness,ROB__CICIoT2023_R1__CB-Score__Norm-Clipped-Averaging__sign-flip__honest__seed11,CICIoT2023,CICIoT2023_R1,CB-Score,0.4,0.5,11,Norm-Clipped-Averaging,sign-flip,honest,0.8881293075522492,0.9088192878655815,0.920765524498208,8900,1115,497.05777460770327,0.04970577746077033,0.9866169474393408,0.9811992041277442,0.8673443531919334,0.9561025666009956,0.5,21317,58191,6638349,20100720,0.013936699921032414,1495819,14958190,0,34900224.0,2.773658299993258,25500,9346437.0,5117030,0.011418300011428073,23.339337199984584,38.518508800072595
robustness,ROB__CICIoT2023_R1__CB-Score__Norm-Clipped-Averaging__sign-flip__honest__seed123,CICIoT2023,CICIoT2023_R1,CB-Score,0.4,0.5,123,Norm-Clipped-Averaging,sign-flip,honest,0.892128279883382,0.911976927652567,0.9237739661691228,8575,1082,482.3466476462197,0.048234664764621966,0.9860715113227903,0.9818450283566562,0.872188520069756,0.9532060871701051,0.48,21350,58516,6014242,19482913,0.013966900092782453,1496519,14965190,0,35960200.0,3.0190020999580156,25500,14384287.0,4492223,0.012026599899400026,26.45962969987886,42.598344200028805
robustness,ROB__CICIoT2023_R1__CB-Score__Norm-Clipped-Averaging__sign-flip__honest__seed2026,CICIoT2023,CICIoT2023_R1,CB-Score,0.4,0.5,2026,Norm-Clipped-Averaging,sign-flip,honest,0.8732727902326777,0.9079134494569738,0.9083994735694735,10837,508,226.46219686162624,0.022646219686162625,0.9856111288498443,0.9910503505866601,0.8384731186001103,0.95272345089837,0.05,21924,56254,6977396,20438201,0.015602999948896468,1495645,14956450,0,36039476.0,3.1649393999541644,25500,13763658.0,5456251,0.011332400172250345,24.405040099984035,39.16425039994647
robustness,ROB__CICIoT2023_R1__CB-Score__Norm-Clipped-Averaging__sign-flip__honest__seed2027,CICIoT2023,CICIoT2023_R1,CB-Score,0.4,0.5,2027,Norm-Clipped-Averaging,sign-flip,honest,0.8921171095696078,0.9121920304163075,0.9237474142967677,8591,1067,475.6597717546362,0.047565977175463625,0.9872785372133736,0.9820873973844578,0.8719500380080786,0.9576502906760593,0.37,21365,58500,7024121,20492657,0.015174799977103248,1496504,14965040,0,36159080.0,2.784470600017812,25500,14777914.0,5502117,0.01243520001298748,23.647371799859684,39.27374309988227
robustness,ROB__CICIoT2023_R1__CB-Score__Norm-Clipped-Averaging__sign-flip__honest__seed2718,CICIoT2023,CICIoT2023_R1,CB-Score,0.4,0.5,2718,Norm-Clipped-Averaging,sign-flip,honest,0.8842978899277281,0.9069900723389916,0.9177649337864016,9292,1066,475.21398002853067,0.047521398002853064,0.9877955384775758,0.9818907670092585,0.8615015426808365,0.9599617630686883,0.21,21366,57799,6847878,20318709,0.015243899979395792,1496759,14967590,0,35068565.0,2.873442700103624,25500,10213591.0,5325619,0.012374799931421876,24.624998200306436,39.832089299947256
robustness,ROB__CICIoT2023_R1__CB-Score__Norm-Clipped-Averaging__sign-flip__honest__seed314,CICIoT2023,CICIoT2023_R1,CB-Score,0.4,0.5,314,Norm-Clipped-Averaging,sign-flip,honest,0.8918825329803515,0.9104628022442787,0.9236966787282517,8506,1173,522.913694721826,0.052291369472182596,0.9876303344967565,0.9803708290103417,0.8732169739607399,0.95946123725359,0.25,21259,58585,6991140,20460513,0.015478200104553252,1496597,14965970,0,35733913.0,2.7531357000698335,25500,15725948.0,5469043,0.012390899966703728,23.869395100104157,39.39226260004216
robustness,ROB__CICIoT2023_R1__CB-Score__Norm-Clipped-Averaging__sign-flip__honest__seed3407,CICIoT2023,CICIoT2023_R1,CB-Score,0.4,0.5,3407,Norm-Clipped-Averaging,sign-flip,honest,0.7494275214190766,0.5,0.856768871237565,0,22432,10000.0,1.0,0.7427922426051492,0.7494275214190766,1.0,0.48248647359556424,0.05,0,67091,3716259,17165202,0.007182700006524101,1494327,14943270,14,30174231.0,2.7658041000249796,25500,8812620.0,2196432,0.011570500122616068,23.655325400148286,38.4996070000343
robustness,ROB__CICIoT2023_R1__CB-Score__Norm-Clipped-Averaging__sign-flip__honest__seed42,CICIoT2023,CICIoT2023_R1,CB-Score,0.4,0.5,42,Norm-Clipped-Averaging,sign-flip,honest,0.8585279760508473,0.9042334284920914,0.8959351864785584,12572,93,41.458630527817405,0.00414586305278174,0.977966582745445,0.9982970775653702,0.8126127200369647,0.9272514727372969,0.53,22339,54519,6256555,19710349,0.014201599929947406,1494866,14948660,0,35195602.0,2.9498514001024887,25500,6326964.0,4736189,0.012940499960677698,25.849900500121294,41.79666069993982
robustness,ROB__CICIoT2023_R1__CB-Score__Norm-Clipped-Averaging__sign-flip__honest__seed777,CICIoT2023,CICIoT2023_R1,CB-Score,0.4,0.5,777,Norm-Clipped-Averaging,sign-flip,honest,0.8859175854249746,0.9080410201372118,0.9190119344990286,9145,1068,476.1055634807418,0.04761055634807418,0.9877135506925138,0.9819025993831972,0.8636925966224978,0.9595425058208142,0.25,21364,57946,7049328,20527458,0.014582499978132546,1497570,14975700,0,36476582.0,2.744909299974097,25500,4999991.0,5526258,0.012739400059217587,23.020196599856718,38.056461799977114
robustness,ROB__CICIoT2023_R1__CB-Score__Norm-Clipped-Averaging__sign-flip__honest__seed9001,CICIoT2023,CICIoT2023_R1,CB-Score,0.4,0.5,9001,Norm-Clipped-Averaging,sign-flip,honest,0.8856383275806218,0.9089229716017322,0.9187047389150045,9242,996,444.0085592011412,0.04440085592011412,0.9882102138232586,0.9830741779250574,0.8622467991235784,0.9616043578370816,0.16,21436,57849,6975283,20440201,0.01643819996388629,1496102,14961020,0,36209133.0,3.143847800034564,25500,21883640.0,5453681,0.013507600058801472,27.039668699959293,42.68742370000109
robustness,ROB__CICIoT2023_R1__Full-Contextual__FedAvg__clean__honest__seed11,CICIoT2023,CICIoT2023_R1,Full-Contextual,,0.5,11,FedAvg,clean,honest,0.897813969594406,0.915503216552322,0.9281009792979864,8048,1100,490.3708987161198,0.04903708987161198,0.9880405588590353,0.9817102572202916,0.8800435229762561,0.9610093526945995,0.58,21332,59043,14477977,27943048,0.05274790004477836,1496119,14961190,0,33656483.0,3.8063601999601815,0,33656483.0,12981858,0.00026700011221691966,31.23910639990936,49.956039299984695
robustness,ROB__CICIoT2023_R1__Full-Contextual__FedAvg__clean__honest__seed123,CICIoT2023,CICIoT2023_R1,Full-Contextual,,0.5,123,FedAvg,clean,honest,0.8942729801280118,0.9139716268539901,0.9253578328930248,8421,1044,465.4065620542083,0.046540656205420826,0.9871631996491089,0.982516662759152,0.8744839099134012,0.9577614256477209,0.48,21388,58670,15048794,28521587,0.051439100061543286,1496977,14969770,0,35480630.0,3.4391364000330213,0,35480630.0,13551817,0.00023889998556114733,29.268619900249178,46.58889520005323
robustness,ROB__CICIoT2023_R1__Full-Contextual__FedAvg__clean__honest__seed2026,CICIoT2023,CICIoT2023_R1,Full-Contextual,,0.5,2026,FedAvg,clean,honest,0.8884420763379244,0.9085680119913356,0.9210432692687787,8841,1146,510.87731811697574,0.051087731811697575,0.9874684519286523,0.9807057714324197,0.8682237557943688,0.958830739405914,0.36,21286,58250,14894645,28360175,0.04990060004638508,1496170,14961700,0,34960377.0,2.990231700037839,0,34960377.0,13398475,0.00026309993700124323,26.6423066999414,42.9757818999351
robustness,ROB__CICIoT2023_R1__Full-Contextual__FedAvg__clean__honest__seed2027,CICIoT2023,CICIoT2023_R1,Full-Contextual,,0.5,2027,FedAvg,clean,honest,0.8842978899277281,0.9070494204265032,0.9177597103566552,9296,1062,473.4308131241084,0.04734308131241084,0.9871506124100893,0.981956266884143,0.8614419221654172,0.9575760274928184,0.4,21370,57795,15079939,28551751,0.05347130005247891,1496868,14968680,0,35412326.0,3.284782200062182,0,35412326.0,13583071,0.00025260000256821513,29.116681199870072,47.191835500096204
robustness,ROB__CICIoT2023_R1__Full-Contextual__FedAvg__clean__honest__seed2718,CICIoT2023,CICIoT2023_R1,Full-Contextual,,0.5,2718,FedAvg,clean,honest,0.8811031801883314,0.90672810366936,0.9151317992632636,9704,940,419.0442225392297,0.04190442225392297,0.9868939394727971,0.983883964544722,0.8553606295926428,0.9569609503936475,0.56,21492,57387,14697626,28166828,0.049948700005188584,1496578,14965780,0,34130950.0,3.177195499971276,0,34130950.0,13201048,0.00023380003403872252,28.257861899968702,45.258153899922036
robustness,ROB__CICIoT2023_R1__Full-Contextual__FedAvg__clean__honest__seed314,CICIoT2023,CICIoT2023_R1,Full-Contextual,,0.5,314,FedAvg,clean,honest,0.8883862247690537,0.9108453245821445,0.9208052627407466,9002,990,441.33380884450787,0.04413338088445078,0.9867621564823805,0.9832427766211345,0.8658240300487398,0.9566865301074778,0.61,21442,58089,14835052,28297009,0.05247519991826266,1495773,14957730,0,34748900.0,3.720655600045575,0,34748900.0,13339279,0.00026130012702196836,32.090456100093434,51.54454489989439
robustness,ROB__CICIoT2023_R1__Full-Contextual__FedAvg__clean__honest__seed3407,CICIoT2023,CICIoT2023_R1,Full-Contextual,,0.5,3407,FedAvg,clean,honest,0.8835159679635401,0.906512903894706,0.9171591992373689,9365,1063,473.876604850214,0.047387660485021396,0.9859936360665027,0.9819183860926364,0.8604134682744332,0.9543825242329009,0.63,21369,57726,14911143,28373577,0.05678400010219775,1495826,14958260,0,35049861.0,3.686015400075121,0,35049861.0,13415317,0.00033539996366016567,30.185482200147817,49.14788840003894
robustness,ROB__CICIoT2023_R1__Full-Contextual__FedAvg__clean__honest__seed42,CICIoT2023,CICIoT2023_R1,Full-Contextual,,0.5,42,FedAvg,clean,honest,0.8981267383800811,0.9154003108968547,0.9283604600012568,7999,1121,499.7325249643367,0.04997325249643367,0.9892335525344556,0.9813827578762061,0.8807738742901432,0.9649651045896719,0.52,21311,59092,14756272,28220740,0.05522629999904893,1496052,14960520,0,34289049.0,3.5293250000395346,0,34289049.0,13260220,0.00024159991880878806,28.621420600335114,46.39842709992081
robustness,ROB__CICIoT2023_R1__Full-Contextual__FedAvg__clean__honest__seed777,CICIoT2023,CICIoT2023_R1,Full-Contextual,,0.5,777,FedAvg,clean,honest,0.891547423567128,0.9131621186213942,0.923203480324303,8733,976,435.09272467902997,0.043509272467902996,0.9879708782959289,0.9835507466208245,0.8698335097106914,0.9605353507263996,0.54,21456,58358,15206989,28678126,0.05023960003745742,1496793,14967930,0,35650337.0,3.1640719000424724,0,35650337.0,13710196,0.00024969998048618436,27.79874489971553,45.2275577999244
robustness,ROB__CICIoT2023_R1__Full-Contextual__FedAvg__clean__honest__seed9001,CICIoT2023,CICIoT2023_R1,Full-Contextual,,0.5,9001,FedAvg,clean,honest,0.8886431419858584,0.9090434096542199,0.9211681256375585,8846,1123,500.6241084165478,0.05006241084165478,0.9873920872811944,0.9810840857027355,0.8681492301500946,0.959202164625511,0.62,21309,58245,15041861,28505348,0.05042009998578578,1495943,14959430,0,35438755.0,3.1530480999790598,0,35438755.0,13545918,0.0002499000111129135,28.20708650018787,45.290371400042204
robustness,ROB__CICIoT2023_R1__Full-Contextual__FedAvg__label-flip__honest__seed11,CICIoT2023,CICIoT2023_R1,Full-Contextual,,0.5,11,FedAvg,label-flip,honest,0.8650402689811557,0.8963080564602879,0.9025173471034371,11162,920,410.1283880171184,0.04101283880171184,0.9755938531885052,0.9838167777797323,0.8336289517222877,0.9155012823141758,0.55,21512,55929,14616260,28074014,0.04917549999663606,1495306,14953060,0,34102268.0,2.957329899974866,0,34102268.0,13120954,0.0002858998777810484,24.47410289995605,40.23564860003535
robustness,ROB__CICIoT2023_R1__Full-Contextual__FedAvg__label-flip__honest__seed123,CICIoT2023,CICIoT2023_R1,Full-Contextual,,0.5,123,FedAvg,label-flip,honest,0.8698881851591211,0.8987709442841393,0.9064252317678626,10676,972,433.3095577746077,0.043330955777460774,0.9833104672933862,0.9830623660410894,0.8408728443457394,0.944979135118629,0.46,21460,56415,14866366,28329403,0.04924289995688014,1495893,14958930,0,35028479.0,3.0906968999188393,0,35028479.0,13370473,0.0002465999568812549,27.35211730012088,44.34612469995045
robustness,ROB__CICIoT2023_R1__Full-Contextual__FedAvg__label-flip__honest__seed2026,CICIoT2023,CICIoT2023_R1,Full-Contextual,,0.5,2026,FedAvg,label-flip,honest,0.8394714207522089,0.8784182632607647,0.8819756412046352,13395,976,435.09272467902997,0.043509272467902996,0.977017605014886,0.9821480831138426,0.8003457989894323,0.9245725024059239,0.3,21456,53696,15319376,28755143,0.04979520000051707,1492863,14928630,0,36040476.0,2.923328800010495,0,36040476.0,13826513,0.0002679000317584723,24.216863199777436,39.72451100006583
robustness,ROB__CICIoT2023_R1__Full-Contextual__FedAvg__label-flip__honest__seed2027,CICIoT2023,CICIoT2023_R1,Full-Contextual,,0.5,2027,FedAvg,label-flip,honest,0.8678886989935547,0.8993360740519971,0.9046540312633522,10983,844,376.24821683309557,0.03762482168330956,0.9771235750468263,0.9851805028796179,0.8362969697873038,0.9207114358203119,0.42,21588,56108,14913708,28374594,0.054422000102931634,1495654,14956540,0,34995899.0,3.012504100013757,0,34995899.0,13418054,0.0002978999400511384,24.912483399850316,40.45533130003605
robustness,ROB__CICIoT2023_R1__Full-Contextual__FedAvg__label-flip__honest__seed2718,CICIoT2023,CICIoT2023_R1,Full-Contextual,,0.5,2718,FedAvg,label-flip,honest,0.8705919149268903,0.8980980051584716,0.9070933076707165,10536,1049,467.6355206847361,0.04676355206847361,0.9750101215360292,0.9817894590653427,0.8429595623854168,0.9121721594582579,0.4,21383,56555,14643394,28105891,0.04976530003477819,1495833,14958330,0,34197243.0,3.1245971000171266,0,34197243.0,13147561,0.0002780000795610249,26.022658099944238,41.76354360010009
robustness,ROB__CICIoT2023_R1__Full-Contextual__FedAvg__label-flip__honest__seed314,CICIoT2023,CICIoT2023_R1,Full-Contextual,,0.5,314,FedAvg,label-flip,honest,0.8710722384191772,0.8970534594160877,0.9076063463601287,10401,1141,508.64835948644793,0.05086483594864479,0.9769876686690822,0.9802700973526309,0.8449717547808201,0.9209721802255038,0.44,21291,56690,14680502,28132550,0.04905160013004206,1494672,14946720,0,34337034.0,2.8290736999479122,0,34337034.0,13185830,0.00026429988793097436,24.334885299904272,39.8843064000248
robustness,ROB__CICIoT2023_R1__Full-Contextual__FedAvg__label-flip__honest__seed3407,CICIoT2023,CICIoT2023_R1,Full-Contextual,,0.5,3407,FedAvg,label-flip,honest,0.879974978497146,0.9037498413805117,0.9144622145091826,9655,1090,485.9129814550642,0.04859129814550642,0.9850330386167905,0.9813757987902813,0.8560909809065299,0.9508430531446941,0.62,21342,57436,14325488,27784646,0.04854609997710213,1495462,14954620,0,33517356.0,3.018850500084227,0,33517356.0,12830026,0.0002621999883558601,24.56217260012636,40.04473259989754
robustness,ROB__CICIoT2023_R1__Full-Contextual__FedAvg__label-flip__honest__seed42,CICIoT2023,CICIoT2023_R1,Full-Contextual,,0.5,42,FedAvg,label-flip,honest,0.8966634272756722,0.91388989216926,0.9272977327203427,8094,1157,515.7810271041369,0.051578102710413694,0.9862332966856086,0.9807660338464608,0.8793578870489336,0.9534819566398532,0.46,21275,58997,14345992,27807454,0.05367439999827184,1495718,14957180,0,33160421.0,3.0682979001721833,0,33160421.0,12850274,0.0002613000979181379,27.563181900477502,44.571947700023884
robustness,ROB__CICIoT2023_R1__Full-Contextual__FedAvg__label-flip__honest__seed777,CICIoT2023,CICIoT2023_R1,Full-Contextual,,0.5,777,FedAvg,label-flip,honest,0.8485640561643376,0.8854045460611113,0.8892881350395662,12643,914,407.453637660485,0.0407453637660485,0.973274827691607,0.9834904808352299,0.8115544558882711,0.9085938703832347,0.36,21518,54448,15356713,28811164,0.04932829999597743,1494939,14949390,0,36047535.0,2.8266031999664847,0,36047535.0,13861774,0.00024179992033168674,24.44473359978292,40.12586729996838
robustness,ROB__CICIoT2023_R1__Full-Contextual__FedAvg__label-flip__honest__seed9001,CICIoT2023,CICIoT2023_R1,Full-Contextual,,0.5,9001,FedAvg,label-flip,honest,0.8470002122359617,0.8801474728279608,0.8885344357549173,12499,1198,534.0584878744651,0.0534058487874465,0.9752745495776678,0.9785266176734182,0.813700794443368,0.915398581976327,0.34,21234,54592,15386077,28827694,0.05260570006794296,1493513,14935130,0,36263963.0,3.0037049999518786,0,36263963.0,13892564,0.0002710999979171902,24.88645670004189,40.450819200021215
robustness,ROB__CICIoT2023_R1__Full-Contextual__FedAvg__sign-flip__honest__seed11,CICIoT2023,CICIoT2023_R1,Full-Contextual,,0.5,11,FedAvg,sign-flip,honest,0.7520748857835416,0.8345309844459133,0.8018215098888343,22191,4,1.783166904422254,0.0001783166904422254,0.9802929401075862,0.9999109210760734,0.6692402855822689,0.9356847088617966,0.05,22428,44900,15417241,28840534,0.04922440001973882,1491477,14914770,0,36152781.0,3.4483160999952815,0,36152781.0,13925764,0.0002491999766789377,27.38921410011244,43.815694999997504
robustness,ROB__CICIoT2023_R1__Full-Contextual__FedAvg__sign-flip__honest__seed123,CICIoT2023,CICIoT2023_R1,Full-Contextual,,0.5,123,FedAvg,sign-flip,honest,0.8843649118103728,0.906738047287999,0.917842573927398,9266,1086,484.1298145506419,0.048412981455064195,0.9856149209367574,0.981565412232011,0.8618890760310622,0.953424502258531,0.55,21346,57825,14988419,28433762,0.05370059999404475,1493927,14939270,0,35469896.0,3.0213303000782616,0,35469896.0,13494492,0.0002815000480040908,24.63650450008572,39.58301409994601
robustness,ROB__CICIoT2023_R1__Full-Contextual__FedAvg__sign-flip__honest__seed2026,CICIoT2023,CICIoT2023_R1,Full-Contextual,,0.5,2026,FedAvg,sign-flip,honest,0.25057247858092335,0.5,0.0,67091,0,0.0,0.0,0.7494275214190766,0.0,0.0,0.5,0.05,22432,0,10484287,23592841,0.04813460004515946,1456506,14565060,0,23514379.0,3.0958047999301925,0,23514379.0,9027781,0.00024900000425986946,28.4568264001864,45.46311379992403
robustness,ROB__CICIoT2023_R1__Full-Contextual__FedAvg__sign-flip__honest__seed2027,CICIoT2023,CICIoT2023_R1,Full-Contextual,,0.5,2027,FedAvg,sign-flip,honest,0.3088256649129274,0.20604104872486623,0.471912605615772,39444,22432,10000.0,1.0,0.6611610270522853,0.5520677329818886,0.41208209744973245,0.20363387041480974,0.05,0,27647,14640184,28010701,0.046302500035380945,1485613,14856130,0,34246434.0,2.98499990007258,0,34246434.0,13154571,0.00025799989816732705,24.848313099966617,39.921221300028265
robustness,ROB__CICIoT2023_R1__Full-Contextual__FedAvg__sign-flip__honest__seed2718,CICIoT2023,CICIoT2023_R1,Full-Contextual,,0.5,2718,FedAvg,sign-flip,honest,0.8669280520089809,0.8910837612878976,0.9046830368930174,10556,1357,604.9393723252497,0.06049393723252496,0.9844424090354211,0.9765598010087749,0.8426614598083201,0.9491231297146373,0.07,21075,56535,14816600,28241045,0.05108439986361191,1491605,14916050,0,34667331.0,3.0681933000159916,0,34667331.0,13324995,0.0002677000011317432,26.173855200206162,42.268483000050765
robustness,ROB__CICIoT2023_R1__Full-Contextual__FedAvg__sign-flip__honest__seed314,CICIoT2023,CICIoT2023_R1,Full-Contextual,,0.5,314,FedAvg,sign-flip,honest,0.4724260804485998,0.6334009155432874,0.4688603495198039,46245,985,439.10485021398,0.043910485021398,0.9048976301207259,0.9548806742705327,0.31071231610797273,0.7668256569004974,0.77,21447,20846,15539062,28956388,0.05013280006824061,1490814,14908140,0,36607944.0,4.039729299984174,0,36607944.0,14048248,0.00026550007169134915,29.399483299814165,46.507403099996736
robustness,ROB__CICIoT2023_R1__Full-Contextual__FedAvg__sign-flip__honest__seed3407,CICIoT2023,CICIoT2023_R1,Full-Contextual,,0.5,3407,FedAvg,sign-flip,honest,0.7494275214190766,0.5,0.856768871237565,0,22432,10000.0,1.0,0.7452453464564123,0.7494275214190766,1.0,0.48892548926085466,0.05,0,67091,12288209,25712168,0.048903899994911626,1491551,14915510,0,28082353.0,3.05566479996196,0,28082353.0,10796658,0.00028429998201318085,27.336026399716502,43.74897350004176
robustness,ROB__CICIoT2023_R1__Full-Contextual__FedAvg__sign-flip__honest__seed42,CICIoT2023,CICIoT2023_R1,Full-Contextual,,0.5,42,FedAvg,sign-flip,honest,0.8854037509913654,0.8963775544807443,0.919590860994631,8428,1831,816.2446504992868,0.08162446504992868,0.982512532387463,0.9697325354580619,0.8743795740114173,0.944407537181333,0.95,20601,58663,14154470,27607850,0.05325949989492074,1494820,14948200,0,32774326.0,3.29447120000259,0,32774326.0,12659650,0.0002825999981723726,25.782345000101486,41.1411320999905
robustness,ROB__CICIoT2023_R1__Full-Contextual__FedAvg__sign-flip__honest__seed777,CICIoT2023,CICIoT2023_R1,Full-Contextual,,0.5,777,FedAvg,sign-flip,honest,0.25057247858092335,0.5,0.0,67091,0,0.0,0.0,0.7494275214190766,0.0,0.0,0.5,0.05,22432,0,10787931,23992371,0.0503094999876339,1467160,14671600,0,24581609.0,3.1103632999875117,0,24581609.0,9320771,0.00025529987760819495,26.196362800284987,41.7640301999636
robustness,ROB__CICIoT2023_R1__Full-Contextual__FedAvg__sign-flip__honest__seed9001,CICIoT2023,CICIoT2023_R1,Full-Contextual,,0.5,9001,FedAvg,sign-flip,honest,0.25057247858092335,0.5,0.0,67091,0,0.0,0.0,0.7494275214190766,0.0,0.0,0.5,0.05,22432,0,10304619,23513604,0.04819120003958233,1467665,14676650,0,23111941.0,3.0009829000628088,0,23111941.0,8836954,0.0002568000345490873,25.168250300368527,40.43596019988763
robustness,ROB__CICIoT2023_R1__Full-Contextual__Norm-Clipped-Averaging__clean__honest__seed11,CICIoT2023,CICIoT2023_R1,Full-Contextual,,0.5,11,Norm-Clipped-Averaging,clean,honest,0.8977581180255353,0.9153027464895285,0.928071292170592,8042,1111,495.27460770328105,0.0495274607703281,0.9885289444798575,0.9815325797872341,0.8801329537493852,0.962696440588252,0.58,21321,59049,14401224,27865503,0.0621029001486022,1496031,14960310,0,33427842.0,2.786414300033357,0,33427842.0,12905193,0.00024669989943504333,23.92678260008688,39.252225000120234
robustness,ROB__CICIoT2023_R1__Full-Contextual__Norm-Clipped-Averaging__clean__honest__seed123,CICIoT2023,CICIoT2023_R1,Full-Contextual,,0.5,123,Norm-Clipped-Averaging,clean,honest,0.8947644739340728,0.9134093183761252,0.9258007860186345,8317,1104,492.1540656205421,0.049215406562054205,0.9872820807526662,0.9815625104378903,0.8760340433143045,0.958173099100651,0.48,21328,58774,15032356,28501990,0.06435840003541671,1496626,14966260,0,35453693.0,2.7777804000361357,0,35453693.0,13535730,0.0002575999533291906,23.88120980016538,39.01081229999545
robustness,ROB__CICIoT2023_R1__Full-Contextual__Norm-Clipped-Averaging__clean__honest__seed2026,CICIoT2023,CICIoT2023_R1,Full-Contextual,,0.5,2026,Norm-Clipped-Averaging,clean,honest,0.8876154731186399,0.9080610332893402,0.9204078888036263,8918,1143,509.53994293865907,0.050953994293865906,0.9874320904658791,0.9807303257131297,0.8670760608725463,0.95875555229339,0.38,21289,58173,14899122,28365570,0.0636486999283079,1496272,14962720,0,34974667.0,2.937578399985796,0,34974667.0,13402850,0.0002592999953776598,25.575227499910397,41.43016810005065
robustness,ROB__CICIoT2023_R1__Full-Contextual__Norm-Clipped-Averaging__clean__honest__seed2027,CICIoT2023,CICIoT2023_R1,Full-Contextual,,0.5,2027,Norm-Clipped-Averaging,clean,honest,0.8862303542106498,0.9091695872976068,0.9191724400638049,9179,1006,448.46647646219685,0.044846647646219685,0.9873520438293759,0.9829254217726332,0.8631858222414333,0.9581374090513383,0.39,21426,57912,15079507,28552561,0.061877999862190336,1497006,14970060,0,35402304.0,2.969978099950822,0,35402304.0,13582501,0.00023030012380331755,26.553997600101866,42.66477449989179
robustness,ROB__CICIoT2023_R1__Full-Contextual__Norm-Clipped-Averaging__clean__honest__seed2718,CICIoT2023,CICIoT2023_R1,Full-Contextual,,0.5,2718,Norm-Clipped-Averaging,clean,honest,0.8846441696547256,0.9091795887241191,0.9178591029485456,9393,934,416.36947218259627,0.041636947218259626,0.9873231296774564,0.9840701323509347,0.8599961246664978,0.9582558185125996,0.53,21498,57698,14706989,28174706,0.06598980000126176,1496413,14964130,0,34149489.0,2.7560685999924317,0,34149489.0,13210576,0.00026119992253370583,23.51382759999251,38.18897080005263
robustness,ROB__CICIoT2023_R1__Full-Contextual__Norm-Clipped-Averaging__clean__honest__seed314,CICIoT2023,CICIoT2023_R1,Full-Contextual,,0.5,314,Norm-Clipped-Averaging,clean,honest,0.8887101638685031,0.9109575897973947,0.9210620142140667,8966,997,444.45435092724676,0.04444543509272468,0.9864791288054118,0.9831365650688407,0.866360614687514,0.955616055872843,0.6,21435,58125,14828021,28290410,0.06369689997518435,1495821,14958210,0,34738992.0,2.767349100060528,0,34738992.0,13332200,0.0002610000956337899,23.613375199813163,39.01207200001227
robustness,ROB__CICIoT2023_R1__Full-Contextual__Norm-Clipped-Averaging__clean__honest__seed3407,CICIoT2023,CICIoT2023_R1,Full-Contextual,,0.5,3407,Norm-Clipped-Averaging,clean,honest,0.8836388414150553,0.9081676064224605,0.9171142354729112,9460,957,426.62268188302426,0.042662268188302425,0.9862640985293618,0.9836655970505905,0.8589974810332235,0.955256533427218,0.63,21475,57631,14905415,28367498,0.06175920003443025,1495787,14957870,0,35044800.0,2.8289236000855453,0,35044800.0,13409628,0.00023369997506961226,23.805908599839313,39.15950690006139
robustness,ROB__CICIoT2023_R1__Full-Contextual__Norm-Clipped-Averaging__clean__honest__seed42,CICIoT2023,CICIoT2023_R1,Full-Contextual,,0.5,42,Norm-Clipped-Averaging,clean,honest,0.8988528087753985,0.9168491340066979,0.9288347126274177,7999,1056,470.75606276747504,0.047075606276747506,0.9893607475344033,0.9824433065106072,0.8807738742901432,0.9654551000694418,0.53,21376,59092,14730468,28196556,0.06235610009753145,1496232,14962320,0,34152622.0,2.9981063999293838,0,34152622.0,13234236,0.000246899900957942,26.224009499768727,42.75826709991088
robustness,ROB__CICIoT2023_R1__Full-Contextual__Norm-Clipped-Averaging__clean__honest__seed777,CICIoT2023,CICIoT2023_R1,Full-Contextual,,0.5,777,Norm-Clipped-Averaging,clean,honest,0.891458061056935,0.912672224471517,0.923170587072544,8712,1005,448.0206847360913,0.04480206847360913,0.9883080321679526,0.9830762494948134,0.8701465174166431,0.9619259719393196,0.54,21427,58379,15212715,28684383,0.06539999996311963,1496852,14968520,0,35662211.0,2.982131200027652,0,35662211.0,13715863,0.0002927999885287136,26.702690699894447,43.195055700140074
robustness,ROB__CICIoT2023_R1__Full-Contextual__Norm-Clipped-Averaging__clean__honest__seed9001,CICIoT2023,CICIoT2023_R1,Full-Contextual,,0.5,9001,Norm-Clipped-Averaging,clean,honest,0.8848452353026597,0.9090318314681333,0.9180387823086524,9356,953,424.839514978602,0.042483951497860196,0.987198491159213,0.983761586695747,0.8605476144341268,0.9586075824107445,0.64,21479,57735,15004373,28468058,0.06368459988152608,1495965,14959650,0,35332522.0,3.0498410999425687,0,35332522.0,13508408,0.00025220008683390915,26.81152530023246,42.87583630013978
robustness,ROB__CICIoT2023_R1__Full-Contextual__Norm-Clipped-Averaging__label-flip__honest__seed11,CICIoT2023,CICIoT2023_R1,Full-Contextual,,0.5,11,Norm-Clipped-Averaging,label-flip,honest,0.8699105257866694,0.9004921069289479,0.9062696177062374,10789,857,382.04350927246793,0.03820435092724679,0.9790747153352101,0.9850067355971938,0.8391885647851426,0.9286555741482213,0.51,21575,56302,14616154,28073071,0.06827180000254884,1495213,14952130,0,34103705.0,3.0833457001426723,0,34103705.0,13120941,0.00027760001830756664,27.832690900191665,44.76535010006046
robustness,ROB__CICIoT2023_R1__Full-Contextual__Norm-Clipped-Averaging__label-flip__honest__seed123,CICIoT2023,CICIoT2023_R1,Full-Contextual,,0.5,123,Norm-Clipped-Averaging,label-flip,honest,0.8846441696547256,0.9090312185053404,0.9178721678343924,9383,944,420.82738944365195,0.04208273894436519,0.9854450852190852,0.9839050671758849,0.8601451759550461,0.952002764130631,0.45,21488,57708,14943901,28409224,0.06775700001162477,1496147,14961470,0,35191165.0,3.09048289997736,0,35191165.0,13447754,0.00025420007295906544,27.904635300015798,44.76730540016433
robustness,ROB__CICIoT2023_R1__Full-Contextual__Norm-Clipped-Averaging__label-flip__honest__seed2026,CICIoT2023,CICIoT2023_R1,Full-Contextual,,0.5,2026,Norm-Clipped-Averaging,label-flip,honest,0.8371926767422897,0.8768534290519374,0.8801052934644018,13596,979,436.43009985734665,0.043643009985734664,0.9759978680354343,0.9820281235084628,0.7973498680896096,0.921296350831097,0.3,21453,53495,15320287,28756360,0.06471029989188537,1492897,14928970,0,36040371.0,3.0406837999180425,0,36040371.0,13827390,0.0002576001570560038,27.524362499738345,44.186677599995164
robustness,ROB__CICIoT2023_R1__Full-Contextual__Norm-Clipped-Averaging__label-flip__honest__seed2027,CICIoT2023,CICIoT2023_R1,Full-Contextual,,0.5,2027,Norm-Clipped-Averaging,label-flip,honest,0.8733509824290965,0.8997013962219985,0.9092771296429657,10273,1065,474.76818830242513,0.04747681883024251,0.9793892636560148,0.9816008154380388,0.8468796112742395,0.9285679055185356,0.4,21367,56818,14914461,28372782,0.06386459991335869,1495369,14953690,0,34979810.0,3.0088547000777908,0,34979810.0,13419092,0.0002549000200815499,26.81400040021981,43.48091830004705
robustness,ROB__CICIoT2023_R1__Full-Contextual__Norm-Clipped-Averaging__label-flip__honest__seed2718,CICIoT2023,CICIoT2023_R1,Full-Contextual,,0.5,2718,Norm-Clipped-Averaging,label-flip,honest,0.8756073858114675,0.9024976351397109,0.9109134253851938,10158,978,435.9843081312411,0.04359843081312411,0.9844927872154121,0.9831120167153046,0.848593701092546,0.9486325186142415,0.42,21454,56933,14659139,28123202,0.06677559998934157,1496007,14960070,0,34236701.0,3.03321589998086,0,34236701.0,13163132,0.0002486999146640301,27.34132750023855,43.858125499944435
robustness,ROB__CICIoT2023_R1__Full-Contextual__Norm-Clipped-Averaging__label-flip__honest__seed314,CICIoT2023,CICIoT2023_R1,Full-Contextual,,0.5,314,Norm-Clipped-Averaging,label-flip,honest,0.8829016007059638,0.9052573026041599,0.9167612891955629,9363,1120,499.2867332382311,0.04992867332382311,0.9802568509302167,0.9809679173463839,0.8604432785321429,0.9315604078134685,0.47,21312,57728,14724945,28175454,0.06207650003489107,1494501,14945010,0,34461594.0,3.049808799929451,0,34461594.0,13230444,0.000261300039710477,27.45642089989269,44.52264750000904
robustness,ROB__CICIoT2023_R1__Full-Contextual__Norm-Clipped-Averaging__label-flip__honest__seed3407,CICIoT2023,CICIoT2023_R1,Full-Contextual,,0.5,3407,Norm-Clipped-Averaging,label-flip,honest,0.8821196787417759,0.9079107457761022,0.9158728007589225,9647,906,403.8873038516405,0.04038873038516405,0.9847183391805789,0.9844730077120822,0.8562102219373686,0.9494087550935513,0.64,21526,57444,14366052,27825741,0.06608369995956309,1495521,14955210,0,33641113.0,3.057682999991812,0,33641113.0,12870531,0.00027179994503967464,27.59907830011798,44.585481199930655
robustness,ROB__CICIoT2023_R1__Full-Contextual__Norm-Clipped-Averaging__label-flip__honest__seed42,CICIoT2023,CICIoT2023_R1,Full-Contextual,,0.5,42,Norm-Clipped-Averaging,label-flip,honest,0.8982831227729187,0.9164393791771437,0.9284074470092458,8048,1058,471.6476462196862,0.04716476462196861,0.9865342800612457,0.9823962995624033,0.8800435229762561,0.9546438885776979,0.49,21374,59043,14407791,27867057,0.06508090000716038,1495474,14954740,0,33317149.0,3.0385593000391964,0,33317149.0,12912317,0.00023360000341199338,27.462093099748017,44.219704900024226
robustness,ROB__CICIoT2023_R1__Full-Contextual__Norm-Clipped-Averaging__label-flip__honest__seed777,CICIoT2023,CICIoT2023_R1,Full-Contextual,,0.5,777,Norm-Clipped-Averaging,label-flip,honest,0.8517922768450565,0.8857630575334147,0.8921160476159501,12233,1035,461.3944365192582,0.04613944365192582,0.9756416715420102,0.9814824754441522,0.8176655587187551,0.9169047219246217,0.35,21397,54858,15361632,28817253,0.06736449993331917,1495069,14950690,0,36060921.0,3.0805475000233855,0,36060921.0,13866563,0.0002694999857340008,27.275897999759763,44.29804249989684
robustness,ROB__CICIoT2023_R1__Full-Contextual__Norm-Clipped-Averaging__label-flip__honest__seed9001,CICIoT2023,CICIoT2023_R1,Full-Contextual,,0.5,9001,Norm-Clipped-Averaging,label-flip,honest,0.8479496889067614,0.8804248522792228,0.8893459281057441,12390,1222,544.7574893009986,0.054475748930099856,0.9752597702695978,0.978148525651342,0.8153254534885455,0.9154116585159071,0.34,21210,54701,15363254,28804853,0.06348399995476939,1493511,14935110,0,36206309.0,3.013919999997597,0,36206309.0,13869743,0.00027699998463504016,27.02755710008205,43.3047712999105
robustness,ROB__CICIoT2023_R1__Full-Contextual__Norm-Clipped-Averaging__sign-flip__honest__seed11,CICIoT2023,CICIoT2023_R1,Full-Contextual,,0.5,11,Norm-Clipped-Averaging,sign-flip,honest,0.8963059772349006,0.913280484560636,0.9270565678948319,8101,1182,526.925820256776,0.0526925820256776,0.9878490427432705,0.9803563119058698,0.8792535511469497,0.9602851050947665,0.38,21250,58990,15013016,28468133,0.06291690006037243,1495013,14950130,0,34985838.0,3.0621818001091015,0,34985838.0,13518003,0.0002490000915713608,26.378855000104522,42.8668645999569
robustness,ROB__CICIoT2023_R1__Full-Contextual__Norm-Clipped-Averaging__sign-flip__honest__seed123,CICIoT2023,CICIoT2023_R1,Full-Contextual,,0.5,123,Norm-Clipped-Averaging,sign-flip,honest,0.8950213911508774,0.9145748078237723,0.9259171672263475,8361,1037,462.28601997146933,0.046228601997146936,0.986942956077262,0.9826492880686667,0.8753782176446916,0.9570872180711357,0.51,21395,58730,15114713,28577588,0.06649269995978102,1495875,14958750,0,35666089.0,3.066646500083152,0,35666089.0,13618838,0.0002685000654309988,27.18386829996598,43.63700619991869
robustness,ROB__CICIoT2023_R1__Full-Contextual__Norm-Clipped-Averaging__sign-flip__honest__seed2026,CICIoT2023,CICIoT2023_R1,Full-Contextual,,0.5,2026,Norm-Clipped-Averaging,sign-flip,honest,0.25057247858092335,0.5,0.0,67091,0,0.0,0.0,0.7538121943238477,0.0,0.0,0.5087493106377905,0.05,22432,0,12441406,25836997,0.06314150002435781,1488399,14883990,0,28522427.0,3.0526110999344382,0,28522427.0,10953007,0.00030730009893886745,22.69741109991446,35.24271039996529
robustness,ROB__CICIoT2023_R1__Full-Contextual__Norm-Clipped-Averaging__sign-flip__honest__seed2027,CICIoT2023,CICIoT2023_R1,Full-Contextual,,0.5,2027,Norm-Clipped-Averaging,sign-flip,honest,0.8987299353238832,0.9164555783385613,0.9287656164060658,7989,1077,480.1176890156919,0.048011768901569184,0.9875202561754934,0.9821033915485469,0.8809229255786917,0.9583666069692512,0.41,21355,59102,15308279,28756718,0.10169080004561692,1494271,14942710,0,36026137.0,3.9998814000282437,0,36026137.0,13814008,0.00038899999344721437,37.22289190010633,58.66900240004179
robustness,ROB__CICIoT2023_R1__Full-Contextual__Norm-Clipped-Averaging__sign-flip__honest__seed2718,CICIoT2023,CICIoT2023_R1,Full-Contextual,,0.5,2718,Norm-Clipped-Averaging,sign-flip,honest,0.88881069669247,0.9091997091862648,0.921292342727014,8834,1120,499.2867332382311,0.04992867332382311,0.9868886290698484,0.981137477474443,0.8683280916963527,0.9565557019203652,0.43,21312,58257,14967131,28433120,0.10422580008162186,1496221,14962210,0,34903302.0,4.039583299978403,0,34903302.0,13470910,0.0003850000211969018,36.710820199834416,57.54550889998791
robustness,ROB__CICIoT2023_R1__Full-Contextual__Norm-Clipped-Averaging__sign-flip__honest__seed314,CICIoT2023,CICIoT2023_R1,Full-Contextual,,0.5,314,Norm-Clipped-Averaging,sign-flip,honest,0.8889223998302113,0.910431522537012,0.9212805370402621,8902,1042,464.51497860199714,0.04645149786019971,0.9846108772643106,0.9824078607485945,0.8673145429342237,0.9485161244550404,0.63,21390,58189,14944114,28392760,0.06450559999211691,1494294,14942940,0,35025464.0,3.2833717999747023,0,35025464.0,13449820,0.00024379996466450393,26.743393100012327,43.30988649991923
robustness,ROB__CICIoT2023_R1__Full-Contextual__Norm-Clipped-Averaging__sign-flip__honest__seed3407,CICIoT2023,CICIoT2023_R1,Full-Contextual,,0.5,3407,Norm-Clipped-Averaging,sign-flip,honest,0.8939825519698849,0.9098608864031226,0.9254479329494844,8183,1308,583.0955777460771,0.0583095577746077,0.9823855480115132,0.9782781984854524,0.8780313305808529,0.9424391362432114,0.95,21124,58908,13396061,26861915,0.06414409994613379,1496206,14962060,0,31026382.0,2.7905771000368986,0,31026382.0,11899855,0.0003147998941130936,23.385345200047595,37.74308829990332
robustness,ROB__CICIoT2023_R1__Full-Contextual__Norm-Clipped-Averaging__sign-flip__honest__seed42,CICIoT2023,CICIoT2023_R1,Full-Contextual,,0.5,42,Norm-Clipped-Averaging,sign-flip,honest,0.8969985366888956,0.918267835227883,0.9272303989267253,8344,877,390.9593437945792,0.039095934379457915,0.9874259309007782,0.985291157922984,0.8756316048352238,0.9584041099930681,0.7,21555,58747,14611717,28071388,0.06309960002545267,1495519,14955190,0,33805787.0,2.929484100022819,0,33805787.0,13116198,0.0002603000320959836,25.418311000132235,41.405056000017794
robustness,ROB__CICIoT2023_R1__Full-Contextual__Norm-Clipped-Averaging__sign-flip__honest__seed777,CICIoT2023,CICIoT2023_R1,Full-Contextual,,0.5,777,Norm-Clipped-Averaging,sign-flip,honest,0.7017749628587067,0.800601161282297,0.7517435048632163,26669,29,12.927960057061341,0.001292796005706134,0.9803754929277171,0.9992830832365084,0.6024951185703,0.938056826696791,0.05,22403,40422,15327931,28743358,0.06400249997386709,1490603,14906030,0,36149343.0,2.864437900047051,0,36149343.0,13837328,0.00024130003293976188,23.05707659991458,38.01055920004728
robustness,ROB__CICIoT2023_R1__Full-Contextual__Norm-Clipped-Averaging__sign-flip__honest__seed9001,CICIoT2023,CICIoT2023_R1,Full-Contextual,,0.5,9001,Norm-Clipped-Averaging,sign-flip,honest,0.26791997587212224,0.5115738325557825,0.045247945923897206,65538,0,0.0,0.0,0.8559553714553616,1.0,0.02314766511156489,0.7111224458249066,0.05,22432,1553,12255983,25693766,0.10721249994821846,1493087,14930870,0,28016835.0,8.061614800040843,0,28016835.0,10762896,0.00041230005444958806,49.01326729985885,69.67593179998221
