dataset,seed,beta,method,endpoint,fraction_of_full_final,target_value,reached,round,E2E_broadcast_bytes
CICIDS2017_COVERAGE_R1,42,0.1,Full-Contextual,F1,0.9,0.0,True,0.0,696492.0
CICIDS2017_COVERAGE_R1,42,0.1,Full-Contextual,F1,0.95,0.0,True,0.0,696492.0
CICIDS2017_COVERAGE_R1,42,0.1,Full-Contextual,PR_AUC,0.9,0.031762607204972794,True,0.0,696492.0
CICIDS2017_COVERAGE_R1,42,0.1,Full-Contextual,PR_AUC,0.95,0.03352719649413795,True,1.0,1392715.0
CICIDS2017_COVERAGE_R1,42,0.1,Random-Budget,F1,0.9,0.0,True,0.0,131271.0
CICIDS2017_COVERAGE_R1,42,0.1,Random-Budget,F1,0.95,0.0,True,0.0,131271.0
CICIDS2017_COVERAGE_R1,42,0.1,Random-Budget,PR_AUC,0.9,0.031762607204972794,True,0.0,131271.0
CICIDS2017_COVERAGE_R1,42,0.1,Random-Budget,PR_AUC,0.95,0.03352719649413795,True,0.0,131271.0
CICIDS2017_COVERAGE_R1,42,0.1,Cost-Only,F1,0.9,0.0,True,0.0,131161.0
CICIDS2017_COVERAGE_R1,42,0.1,Cost-Only,F1,0.95,0.0,True,0.0,131161.0
CICIDS2017_COVERAGE_R1,42,0.1,Cost-Only,PR_AUC,0.9,0.031762607204972794,True,0.0,131161.0
CICIDS2017_COVERAGE_R1,42,0.1,Cost-Only,PR_AUC,0.95,0.03352719649413795,True,0.0,131161.0
CICIDS2017_COVERAGE_R1,42,0.1,Utility-Only,F1,0.9,0.0,True,0.0,131161.0
CICIDS2017_COVERAGE_R1,42,0.1,Utility-Only,F1,0.95,0.0,True,0.0,131161.0
CICIDS2017_COVERAGE_R1,42,0.1,Utility-Only,PR_AUC,0.9,0.031762607204972794,True,0.0,131161.0
CICIDS2017_COVERAGE_R1,42,0.1,Utility-Only,PR_AUC,0.95,0.03352719649413795,True,0.0,131161.0
CICIDS2017_COVERAGE_R1,42,0.1,Utility-Cost-Ratio,F1,0.9,0.0,True,0.0,131161.0
CICIDS2017_COVERAGE_R1,42,0.1,Utility-Cost-Ratio,F1,0.95,0.0,True,0.0,131161.0
CICIDS2017_COVERAGE_R1,42,0.1,Utility-Cost-Ratio,PR_AUC,0.9,0.031762607204972794,True,0.0,131161.0
CICIDS2017_COVERAGE_R1,42,0.1,Utility-Cost-Ratio,PR_AUC,0.95,0.03352719649413795,True,0.0,131161.0
CICIDS2017_COVERAGE_R1,42,0.1,CB-Score,F1,0.9,0.0,True,0.0,131161.0
CICIDS2017_COVERAGE_R1,42,0.1,CB-Score,F1,0.95,0.0,True,0.0,131161.0
CICIDS2017_COVERAGE_R1,42,0.1,CB-Score,PR_AUC,0.9,0.031762607204972794,True,0.0,131161.0
CICIDS2017_COVERAGE_R1,42,0.1,CB-Score,PR_AUC,0.95,0.03352719649413795,True,0.0,131161.0
CICIDS2017_COVERAGE_R1,42,0.1,Historical-DoubleCost,F1,0.9,0.0,True,0.0,131161.0
CICIDS2017_COVERAGE_R1,42,0.1,Historical-DoubleCost,F1,0.95,0.0,True,0.0,131161.0
CICIDS2017_COVERAGE_R1,42,0.1,Historical-DoubleCost,PR_AUC,0.9,0.031762607204972794,True,0.0,131161.0
CICIDS2017_COVERAGE_R1,42,0.1,Historical-DoubleCost,PR_AUC,0.95,0.03352719649413795,True,0.0,131161.0
CICIDS2017_COVERAGE_R1,42,0.1,Oort-Style-Adapted,F1,0.9,0.0,True,0.0,131161.0
CICIDS2017_COVERAGE_R1,42,0.1,Oort-Style-Adapted,F1,0.95,0.0,True,0.0,131161.0
CICIDS2017_COVERAGE_R1,42,0.1,Oort-Style-Adapted,PR_AUC,0.9,0.031762607204972794,True,0.0,131161.0
CICIDS2017_COVERAGE_R1,42,0.1,Oort-Style-Adapted,PR_AUC,0.95,0.03352719649413795,True,0.0,131161.0
CICIDS2017_COVERAGE_R1,42,0.1,Oracle-Score-Exact,F1,0.9,0.0,True,0.0,131161.0
CICIDS2017_COVERAGE_R1,42,0.1,Oracle-Score-Exact,F1,0.95,0.0,True,0.0,131161.0
CICIDS2017_COVERAGE_R1,42,0.1,Oracle-Score-Exact,PR_AUC,0.9,0.031762607204972794,True,0.0,131161.0
CICIDS2017_COVERAGE_R1,42,0.1,Oracle-Score-Exact,PR_AUC,0.95,0.03352719649413795,True,0.0,131161.0
CICIDS2017_COVERAGE_R1,42,0.2,Full-Contextual,F1,0.9,0.0,True,0.0,696492.0
CICIDS2017_COVERAGE_R1,42,0.2,Full-Contextual,F1,0.95,0.0,True,0.0,696492.0
CICIDS2017_COVERAGE_R1,42,0.2,Full-Contextual,PR_AUC,0.9,0.031762607204972794,True,0.0,696492.0
CICIDS2017_COVERAGE_R1,42,0.2,Full-Contextual,PR_AUC,0.95,0.03352719649413795,True,1.0,1392715.0
CICIDS2017_COVERAGE_R1,42,0.2,Random-Budget,F1,0.9,0.0,True,0.0,131575.0
CICIDS2017_COVERAGE_R1,42,0.2,Random-Budget,F1,0.95,0.0,True,0.0,131575.0
CICIDS2017_COVERAGE_R1,42,0.2,Random-Budget,PR_AUC,0.9,0.031762607204972794,True,0.0,131575.0
CICIDS2017_COVERAGE_R1,42,0.2,Random-Budget,PR_AUC,0.95,0.03352719649413795,True,1.0,325434.0
CICIDS2017_COVERAGE_R1,42,0.2,Cost-Only,F1,0.9,0.0,True,0.0,193980.0
CICIDS2017_COVERAGE_R1,42,0.2,Cost-Only,F1,0.95,0.0,True,0.0,193980.0
CICIDS2017_COVERAGE_R1,42,0.2,Cost-Only,PR_AUC,0.9,0.031762607204972794,True,0.0,193980.0
CICIDS2017_COVERAGE_R1,42,0.2,Cost-Only,PR_AUC,0.95,0.03352719649413795,True,0.0,193980.0
CICIDS2017_COVERAGE_R1,42,0.2,Utility-Only,F1,0.9,0.0,True,0.0,131723.0
CICIDS2017_COVERAGE_R1,42,0.2,Utility-Only,F1,0.95,0.0,True,0.0,131723.0
CICIDS2017_COVERAGE_R1,42,0.2,Utility-Only,PR_AUC,0.9,0.031762607204972794,True,0.0,131723.0
CICIDS2017_COVERAGE_R1,42,0.2,Utility-Only,PR_AUC,0.95,0.03352719649413795,True,0.0,131723.0
CICIDS2017_COVERAGE_R1,42,0.2,Utility-Cost-Ratio,F1,0.9,0.0,True,0.0,131723.0
CICIDS2017_COVERAGE_R1,42,0.2,Utility-Cost-Ratio,F1,0.95,0.0,True,0.0,131723.0
CICIDS2017_COVERAGE_R1,42,0.2,Utility-Cost-Ratio,PR_AUC,0.9,0.031762607204972794,True,0.0,131723.0
CICIDS2017_COVERAGE_R1,42,0.2,Utility-Cost-Ratio,PR_AUC,0.95,0.03352719649413795,True,0.0,131723.0
CICIDS2017_COVERAGE_R1,42,0.2,CB-Score,F1,0.9,0.0,True,0.0,194201.0
CICIDS2017_COVERAGE_R1,42,0.2,CB-Score,F1,0.95,0.0,True,0.0,194201.0
CICIDS2017_COVERAGE_R1,42,0.2,CB-Score,PR_AUC,0.9,0.031762607204972794,True,0.0,194201.0
CICIDS2017_COVERAGE_R1,42,0.2,CB-Score,PR_AUC,0.95,0.03352719649413795,True,0.0,194201.0
CICIDS2017_COVERAGE_R1,42,0.2,Historical-DoubleCost,F1,0.9,0.0,True,0.0,194201.0
CICIDS2017_COVERAGE_R1,42,0.2,Historical-DoubleCost,F1,0.95,0.0,True,0.0,194201.0
CICIDS2017_COVERAGE_R1,42,0.2,Historical-DoubleCost,PR_AUC,0.9,0.031762607204972794,True,0.0,194201.0
CICIDS2017_COVERAGE_R1,42,0.2,Historical-DoubleCost,PR_AUC,0.95,0.03352719649413795,True,0.0,194201.0
CICIDS2017_COVERAGE_R1,42,0.2,Oort-Style-Adapted,F1,0.9,0.0,True,0.0,131723.0
CICIDS2017_COVERAGE_R1,42,0.2,Oort-Style-Adapted,F1,0.95,0.0,True,0.0,131723.0
CICIDS2017_COVERAGE_R1,42,0.2,Oort-Style-Adapted,PR_AUC,0.9,0.031762607204972794,True,0.0,131723.0
CICIDS2017_COVERAGE_R1,42,0.2,Oort-Style-Adapted,PR_AUC,0.95,0.03352719649413795,True,0.0,131723.0
CICIDS2017_COVERAGE_R1,42,0.2,Oracle-Score-Exact,F1,0.9,0.0,True,0.0,194201.0
CICIDS2017_COVERAGE_R1,42,0.2,Oracle-Score-Exact,F1,0.95,0.0,True,0.0,194201.0
CICIDS2017_COVERAGE_R1,42,0.2,Oracle-Score-Exact,PR_AUC,0.9,0.031762607204972794,True,0.0,194201.0
CICIDS2017_COVERAGE_R1,42,0.2,Oracle-Score-Exact,PR_AUC,0.95,0.03352719649413795,True,0.0,194201.0
CICIDS2017_COVERAGE_R1,42,0.4,Full-Contextual,F1,0.9,0.0,True,0.0,696492.0
CICIDS2017_COVERAGE_R1,42,0.4,Full-Contextual,F1,0.95,0.0,True,0.0,696492.0
CICIDS2017_COVERAGE_R1,42,0.4,Full-Contextual,PR_AUC,0.9,0.031762607204972794,True,0.0,696492.0
CICIDS2017_COVERAGE_R1,42,0.4,Full-Contextual,PR_AUC,0.95,0.03352719649413795,True,1.0,1392715.0
CICIDS2017_COVERAGE_R1,42,0.4,Random-Budget,F1,0.9,0.0,True,0.0,257773.0
CICIDS2017_COVERAGE_R1,42,0.4,Random-Budget,F1,0.95,0.0,True,0.0,257773.0
CICIDS2017_COVERAGE_R1,42,0.4,Random-Budget,PR_AUC,0.9,0.031762607204972794,True,0.0,257773.0
CICIDS2017_COVERAGE_R1,42,0.4,Random-Budget,PR_AUC,0.95,0.03352719649413795,True,0.0,257773.0
CICIDS2017_COVERAGE_R1,42,0.4,Cost-Only,F1,0.9,0.0,True,0.0,257048.0
CICIDS2017_COVERAGE_R1,42,0.4,Cost-Only,F1,0.95,0.0,True,0.0,257048.0
CICIDS2017_COVERAGE_R1,42,0.4,Cost-Only,PR_AUC,0.9,0.031762607204972794,True,0.0,257048.0
CICIDS2017_COVERAGE_R1,42,0.4,Cost-Only,PR_AUC,0.95,0.03352719649413795,True,0.0,257048.0
CICIDS2017_COVERAGE_R1,42,0.4,Utility-Only,F1,0.9,0.0,True,0.0,257419.0
CICIDS2017_COVERAGE_R1,42,0.4,Utility-Only,F1,0.95,0.0,True,0.0,257419.0
CICIDS2017_COVERAGE_R1,42,0.4,Utility-Only,PR_AUC,0.9,0.031762607204972794,True,0.0,257419.0
CICIDS2017_COVERAGE_R1,42,0.4,Utility-Only,PR_AUC,0.95,0.03352719649413795,True,0.0,257419.0
CICIDS2017_COVERAGE_R1,42,0.4,Utility-Cost-Ratio,F1,0.9,0.0,True,0.0,257419.0
CICIDS2017_COVERAGE_R1,42,0.4,Utility-Cost-Ratio,F1,0.95,0.0,True,0.0,257419.0
CICIDS2017_COVERAGE_R1,42,0.4,Utility-Cost-Ratio,PR_AUC,0.9,0.031762607204972794,True,0.0,257419.0
CICIDS2017_COVERAGE_R1,42,0.4,Utility-Cost-Ratio,PR_AUC,0.95,0.03352719649413795,True,0.0,257419.0
CICIDS2017_COVERAGE_R1,42,0.4,CB-Score,F1,0.9,0.0,True,0.0,257419.0
CICIDS2017_COVERAGE_R1,42,0.4,CB-Score,F1,0.95,0.0,True,0.0,257419.0
CICIDS2017_COVERAGE_R1,42,0.4,CB-Score,PR_AUC,0.9,0.031762607204972794,True,0.0,257419.0
CICIDS2017_COVERAGE_R1,42,0.4,CB-Score,PR_AUC,0.95,0.03352719649413795,True,0.0,257419.0
CICIDS2017_COVERAGE_R1,42,0.4,Historical-DoubleCost,F1,0.9,0.0,True,0.0,257419.0
CICIDS2017_COVERAGE_R1,42,0.4,Historical-DoubleCost,F1,0.95,0.0,True,0.0,257419.0
CICIDS2017_COVERAGE_R1,42,0.4,Historical-DoubleCost,PR_AUC,0.9,0.031762607204972794,True,0.0,257419.0
CICIDS2017_COVERAGE_R1,42,0.4,Historical-DoubleCost,PR_AUC,0.95,0.03352719649413795,True,0.0,257419.0
CICIDS2017_COVERAGE_R1,42,0.4,Oort-Style-Adapted,F1,0.9,0.0,True,0.0,257930.0
CICIDS2017_COVERAGE_R1,42,0.4,Oort-Style-Adapted,F1,0.95,0.0,True,0.0,257930.0
CICIDS2017_COVERAGE_R1,42,0.4,Oort-Style-Adapted,PR_AUC,0.9,0.031762607204972794,True,0.0,257930.0
CICIDS2017_COVERAGE_R1,42,0.4,Oort-Style-Adapted,PR_AUC,0.95,0.03352719649413795,True,0.0,257930.0
CICIDS2017_COVERAGE_R1,42,0.4,Oracle-Score-Exact,F1,0.9,0.0,True,0.0,257419.0
CICIDS2017_COVERAGE_R1,42,0.4,Oracle-Score-Exact,F1,0.95,0.0,True,0.0,257419.0
CICIDS2017_COVERAGE_R1,42,0.4,Oracle-Score-Exact,PR_AUC,0.9,0.031762607204972794,True,0.0,257419.0
CICIDS2017_COVERAGE_R1,42,0.4,Oracle-Score-Exact,PR_AUC,0.95,0.03352719649413795,True,0.0,257419.0
CICIDS2017_COVERAGE_R1,42,0.6,Full-Contextual,F1,0.9,0.0,True,0.0,696492.0
CICIDS2017_COVERAGE_R1,42,0.6,Full-Contextual,F1,0.95,0.0,True,0.0,696492.0
CICIDS2017_COVERAGE_R1,42,0.6,Full-Contextual,PR_AUC,0.9,0.031762607204972794,True,0.0,696492.0
CICIDS2017_COVERAGE_R1,42,0.6,Full-Contextual,PR_AUC,0.95,0.03352719649413795,True,1.0,1392715.0
CICIDS2017_COVERAGE_R1,42,0.6,Random-Budget,F1,0.9,0.0,True,0.0,383732.0
CICIDS2017_COVERAGE_R1,42,0.6,Random-Budget,F1,0.95,0.0,True,0.0,383732.0
CICIDS2017_COVERAGE_R1,42,0.6,Random-Budget,PR_AUC,0.9,0.031762607204972794,True,0.0,383732.0
CICIDS2017_COVERAGE_R1,42,0.6,Random-Budget,PR_AUC,0.95,0.03352719649413795,True,0.0,383732.0
CICIDS2017_COVERAGE_R1,42,0.6,Cost-Only,F1,0.9,0.0,True,0.0,383162.0
CICIDS2017_COVERAGE_R1,42,0.6,Cost-Only,F1,0.95,0.0,True,0.0,383162.0
CICIDS2017_COVERAGE_R1,42,0.6,Cost-Only,PR_AUC,0.9,0.031762607204972794,True,0.0,383162.0
CICIDS2017_COVERAGE_R1,42,0.6,Cost-Only,PR_AUC,0.95,0.03352719649413795,True,1.0,765844.0
CICIDS2017_COVERAGE_R1,42,0.6,Utility-Only,F1,0.9,0.0,True,0.0,383607.0
CICIDS2017_COVERAGE_R1,42,0.6,Utility-Only,F1,0.95,0.0,True,0.0,383607.0
CICIDS2017_COVERAGE_R1,42,0.6,Utility-Only,PR_AUC,0.9,0.031762607204972794,True,0.0,383607.0
CICIDS2017_COVERAGE_R1,42,0.6,Utility-Only,PR_AUC,0.95,0.03352719649413795,True,0.0,383607.0
CICIDS2017_COVERAGE_R1,42,0.6,Utility-Cost-Ratio,F1,0.9,0.0,True,0.0,383607.0
CICIDS2017_COVERAGE_R1,42,0.6,Utility-Cost-Ratio,F1,0.95,0.0,True,0.0,383607.0
CICIDS2017_COVERAGE_R1,42,0.6,Utility-Cost-Ratio,PR_AUC,0.9,0.031762607204972794,True,0.0,383607.0
CICIDS2017_COVERAGE_R1,42,0.6,Utility-Cost-Ratio,PR_AUC,0.95,0.03352719649413795,True,0.0,383607.0
CICIDS2017_COVERAGE_R1,42,0.6,CB-Score,F1,0.9,0.0,True,0.0,383607.0
CICIDS2017_COVERAGE_R1,42,0.6,CB-Score,F1,0.95,0.0,True,0.0,383607.0
CICIDS2017_COVERAGE_R1,42,0.6,CB-Score,PR_AUC,0.9,0.031762607204972794,True,0.0,383607.0
CICIDS2017_COVERAGE_R1,42,0.6,CB-Score,PR_AUC,0.95,0.03352719649413795,True,0.0,383607.0
CICIDS2017_COVERAGE_R1,42,0.6,Historical-DoubleCost,F1,0.9,0.0,True,0.0,383607.0
CICIDS2017_COVERAGE_R1,42,0.6,Historical-DoubleCost,F1,0.95,0.0,True,0.0,383607.0
CICIDS2017_COVERAGE_R1,42,0.6,Historical-DoubleCost,PR_AUC,0.9,0.031762607204972794,True,0.0,383607.0
CICIDS2017_COVERAGE_R1,42,0.6,Historical-DoubleCost,PR_AUC,0.95,0.03352719649413795,True,0.0,383607.0
CICIDS2017_COVERAGE_R1,42,0.6,Oort-Style-Adapted,F1,0.9,0.0,True,0.0,383607.0
CICIDS2017_COVERAGE_R1,42,0.6,Oort-Style-Adapted,F1,0.95,0.0,True,0.0,383607.0
CICIDS2017_COVERAGE_R1,42,0.6,Oort-Style-Adapted,PR_AUC,0.9,0.031762607204972794,True,0.0,383607.0
CICIDS2017_COVERAGE_R1,42,0.6,Oort-Style-Adapted,PR_AUC,0.95,0.03352719649413795,True,0.0,383607.0
CICIDS2017_COVERAGE_R1,42,0.6,Oracle-Score-Exact,F1,0.9,0.0,True,0.0,383607.0
CICIDS2017_COVERAGE_R1,42,0.6,Oracle-Score-Exact,F1,0.95,0.0,True,0.0,383607.0
CICIDS2017_COVERAGE_R1,42,0.6,Oracle-Score-Exact,PR_AUC,0.9,0.031762607204972794,True,0.0,383607.0
CICIDS2017_COVERAGE_R1,42,0.6,Oracle-Score-Exact,PR_AUC,0.95,0.03352719649413795,True,0.0,383607.0
CICIDS2017_COVERAGE_R1,42,0.8,Full-Contextual,F1,0.9,0.0,True,0.0,696492.0
CICIDS2017_COVERAGE_R1,42,0.8,Full-Contextual,F1,0.95,0.0,True,0.0,696492.0
CICIDS2017_COVERAGE_R1,42,0.8,Full-Contextual,PR_AUC,0.9,0.031762607204972794,True,0.0,696492.0
CICIDS2017_COVERAGE_R1,42,0.8,Full-Contextual,PR_AUC,0.95,0.03352719649413795,True,1.0,1392715.0
CICIDS2017_COVERAGE_R1,42,0.8,Random-Budget,F1,0.9,0.0,True,0.0,509495.0
CICIDS2017_COVERAGE_R1,42,0.8,Random-Budget,F1,0.95,0.0,True,0.0,509495.0
CICIDS2017_COVERAGE_R1,42,0.8,Random-Budget,PR_AUC,0.9,0.031762607204972794,True,0.0,509495.0
CICIDS2017_COVERAGE_R1,42,0.8,Random-Budget,PR_AUC,0.95,0.03352719649413795,True,1.0,1019650.0
CICIDS2017_COVERAGE_R1,42,0.8,Cost-Only,F1,0.9,0.0,True,0.0,509412.0
CICIDS2017_COVERAGE_R1,42,0.8,Cost-Only,F1,0.95,0.0,True,0.0,509412.0
CICIDS2017_COVERAGE_R1,42,0.8,Cost-Only,PR_AUC,0.9,0.031762607204972794,True,0.0,509412.0
CICIDS2017_COVERAGE_R1,42,0.8,Cost-Only,PR_AUC,0.95,0.03352719649413795,True,1.0,1018220.0
CICIDS2017_COVERAGE_R1,42,0.8,Utility-Only,F1,0.9,0.0,True,0.0,509799.0
CICIDS2017_COVERAGE_R1,42,0.8,Utility-Only,F1,0.95,0.0,True,0.0,509799.0
CICIDS2017_COVERAGE_R1,42,0.8,Utility-Only,PR_AUC,0.9,0.031762607204972794,True,0.0,509799.0
CICIDS2017_COVERAGE_R1,42,0.8,Utility-Only,PR_AUC,0.95,0.03352719649413795,True,0.0,509799.0
CICIDS2017_COVERAGE_R1,42,0.8,Utility-Cost-Ratio,F1,0.9,0.0,True,0.0,509799.0
CICIDS2017_COVERAGE_R1,42,0.8,Utility-Cost-Ratio,F1,0.95,0.0,True,0.0,509799.0
CICIDS2017_COVERAGE_R1,42,0.8,Utility-Cost-Ratio,PR_AUC,0.9,0.031762607204972794,True,0.0,509799.0
CICIDS2017_COVERAGE_R1,42,0.8,Utility-Cost-Ratio,PR_AUC,0.95,0.03352719649413795,True,0.0,509799.0
CICIDS2017_COVERAGE_R1,42,0.8,CB-Score,F1,0.9,0.0,True,0.0,509799.0
CICIDS2017_COVERAGE_R1,42,0.8,CB-Score,F1,0.95,0.0,True,0.0,509799.0
CICIDS2017_COVERAGE_R1,42,0.8,CB-Score,PR_AUC,0.9,0.031762607204972794,True,0.0,509799.0
CICIDS2017_COVERAGE_R1,42,0.8,CB-Score,PR_AUC,0.95,0.03352719649413795,True,0.0,509799.0
CICIDS2017_COVERAGE_R1,42,0.8,Historical-DoubleCost,F1,0.9,0.0,True,0.0,509799.0
CICIDS2017_COVERAGE_R1,42,0.8,Historical-DoubleCost,F1,0.95,0.0,True,0.0,509799.0
CICIDS2017_COVERAGE_R1,42,0.8,Historical-DoubleCost,PR_AUC,0.9,0.031762607204972794,True,0.0,509799.0
CICIDS2017_COVERAGE_R1,42,0.8,Historical-DoubleCost,PR_AUC,0.95,0.03352719649413795,True,0.0,509799.0
CICIDS2017_COVERAGE_R1,42,0.8,Oort-Style-Adapted,F1,0.9,0.0,True,0.0,509799.0
CICIDS2017_COVERAGE_R1,42,0.8,Oort-Style-Adapted,F1,0.95,0.0,True,0.0,509799.0
CICIDS2017_COVERAGE_R1,42,0.8,Oort-Style-Adapted,PR_AUC,0.9,0.031762607204972794,True,0.0,509799.0
CICIDS2017_COVERAGE_R1,42,0.8,Oort-Style-Adapted,PR_AUC,0.95,0.03352719649413795,True,0.0,509799.0
CICIDS2017_COVERAGE_R1,42,0.8,Oracle-Score-Exact,F1,0.9,0.0,True,0.0,509799.0
CICIDS2017_COVERAGE_R1,42,0.8,Oracle-Score-Exact,F1,0.95,0.0,True,0.0,509799.0
CICIDS2017_COVERAGE_R1,42,0.8,Oracle-Score-Exact,PR_AUC,0.9,0.031762607204972794,True,0.0,509799.0
CICIDS2017_COVERAGE_R1,42,0.8,Oracle-Score-Exact,PR_AUC,0.95,0.03352719649413795,True,0.0,509799.0
CICIDS2017_COVERAGE_R1,42,1.0,Full-Contextual,F1,0.9,0.0,True,0.0,696492.0
CICIDS2017_COVERAGE_R1,42,1.0,Full-Contextual,F1,0.95,0.0,True,0.0,696492.0
CICIDS2017_COVERAGE_R1,42,1.0,Full-Contextual,PR_AUC,0.9,0.031762607204972794,True,0.0,696492.0
CICIDS2017_COVERAGE_R1,42,1.0,Full-Contextual,PR_AUC,0.95,0.03352719649413795,True,1.0,1392715.0
CICIDS2017_COVERAGE_R1,42,1.0,Random-Budget,F1,0.9,0.0,True,0.0,572534.0
CICIDS2017_COVERAGE_R1,42,1.0,Random-Budget,F1,0.95,0.0,True,0.0,572534.0
CICIDS2017_COVERAGE_R1,42,1.0,Random-Budget,PR_AUC,0.9,0.031762607204972794,True,0.0,572534.0
CICIDS2017_COVERAGE_R1,42,1.0,Random-Budget,PR_AUC,0.95,0.03352719649413795,True,2.0,1712421.0
CICIDS2017_COVERAGE_R1,42,1.0,Cost-Only,F1,0.9,0.0,True,0.0,572614.0
CICIDS2017_COVERAGE_R1,42,1.0,Cost-Only,F1,0.95,0.0,True,0.0,572614.0
CICIDS2017_COVERAGE_R1,42,1.0,Cost-Only,PR_AUC,0.9,0.031762607204972794,True,0.0,572614.0
CICIDS2017_COVERAGE_R1,42,1.0,Cost-Only,PR_AUC,0.95,0.03352719649413795,True,2.0,1712661.0
CICIDS2017_COVERAGE_R1,42,1.0,Utility-Only,F1,0.9,0.0,True,0.0,572614.0
CICIDS2017_COVERAGE_R1,42,1.0,Utility-Only,F1,0.95,0.0,True,0.0,572614.0
CICIDS2017_COVERAGE_R1,42,1.0,Utility-Only,PR_AUC,0.9,0.031762607204972794,True,0.0,572614.0
CICIDS2017_COVERAGE_R1,42,1.0,Utility-Only,PR_AUC,0.95,0.03352719649413795,True,1.0,1018700.0
CICIDS2017_COVERAGE_R1,42,1.0,Utility-Cost-Ratio,F1,0.9,0.0,True,0.0,572614.0
CICIDS2017_COVERAGE_R1,42,1.0,Utility-Cost-Ratio,F1,0.95,0.0,True,0.0,572614.0
CICIDS2017_COVERAGE_R1,42,1.0,Utility-Cost-Ratio,PR_AUC,0.9,0.031762607204972794,True,0.0,572614.0
CICIDS2017_COVERAGE_R1,42,1.0,Utility-Cost-Ratio,PR_AUC,0.95,0.03352719649413795,True,1.0,1018700.0
CICIDS2017_COVERAGE_R1,42,1.0,CB-Score,F1,0.9,0.0,True,0.0,509799.0
CICIDS2017_COVERAGE_R1,42,1.0,CB-Score,F1,0.95,0.0,True,0.0,509799.0
CICIDS2017_COVERAGE_R1,42,1.0,CB-Score,PR_AUC,0.9,0.031762607204972794,True,0.0,509799.0
CICIDS2017_COVERAGE_R1,42,1.0,CB-Score,PR_AUC,0.95,0.03352719649413795,True,0.0,509799.0
CICIDS2017_COVERAGE_R1,42,1.0,Historical-DoubleCost,F1,0.9,0.0,True,0.0,509799.0
CICIDS2017_COVERAGE_R1,42,1.0,Historical-DoubleCost,F1,0.95,0.0,True,0.0,509799.0
CICIDS2017_COVERAGE_R1,42,1.0,Historical-DoubleCost,PR_AUC,0.9,0.031762607204972794,True,0.0,509799.0
CICIDS2017_COVERAGE_R1,42,1.0,Historical-DoubleCost,PR_AUC,0.95,0.03352719649413795,True,0.0,509799.0
CICIDS2017_COVERAGE_R1,42,1.0,Oort-Style-Adapted,F1,0.9,0.0,True,0.0,572614.0
CICIDS2017_COVERAGE_R1,42,1.0,Oort-Style-Adapted,F1,0.95,0.0,True,0.0,572614.0
CICIDS2017_COVERAGE_R1,42,1.0,Oort-Style-Adapted,PR_AUC,0.9,0.031762607204972794,True,0.0,572614.0
CICIDS2017_COVERAGE_R1,42,1.0,Oort-Style-Adapted,PR_AUC,0.95,0.03352719649413795,True,1.0,1018700.0
CICIDS2017_COVERAGE_R1,42,1.0,Oracle-Score-Exact,F1,0.9,0.0,True,0.0,509799.0
CICIDS2017_COVERAGE_R1,42,1.0,Oracle-Score-Exact,F1,0.95,0.0,True,0.0,509799.0
CICIDS2017_COVERAGE_R1,42,1.0,Oracle-Score-Exact,PR_AUC,0.9,0.031762607204972794,True,0.0,509799.0
CICIDS2017_COVERAGE_R1,42,1.0,Oracle-Score-Exact,PR_AUC,0.95,0.03352719649413795,True,0.0,509799.0
CICIDS2017_COVERAGE_R1,123,0.1,Full-Contextual,F1,0.9,0.00134228187919458,True,6.0,4851702.0
CICIDS2017_COVERAGE_R1,123,0.1,Full-Contextual,F1,0.95,0.00141685309470539,True,18.0,13062994.0
CICIDS2017_COVERAGE_R1,123,0.1,Full-Contextual,PR_AUC,0.9,0.02814399912922929,True,0.0,698279.0
CICIDS2017_COVERAGE_R1,123,0.1,Full-Contextual,PR_AUC,0.95,0.02970755463640869,True,0.0,698279.0
CICIDS2017_COVERAGE_R1,123,0.1,Random-Budget,F1,0.9,0.00134228187919458,True,0.0,131365.0
CICIDS2017_COVERAGE_R1,123,0.1,Random-Budget,F1,0.95,0.00141685309470539,True,0.0,131365.0
CICIDS2017_COVERAGE_R1,123,0.1,Random-Budget,PR_AUC,0.9,0.02814399912922929,True,0.0,131365.0
CICIDS2017_COVERAGE_R1,123,0.1,Random-Budget,PR_AUC,0.95,0.02970755463640869,True,0.0,131365.0
CICIDS2017_COVERAGE_R1,123,0.1,Cost-Only,F1,0.9,0.00134228187919458,True,0.0,131445.0
CICIDS2017_COVERAGE_R1,123,0.1,Cost-Only,F1,0.95,0.00141685309470539,True,0.0,131445.0
CICIDS2017_COVERAGE_R1,123,0.1,Cost-Only,PR_AUC,0.9,0.02814399912922929,True,0.0,131445.0
CICIDS2017_COVERAGE_R1,123,0.1,Cost-Only,PR_AUC,0.95,0.02970755463640869,True,0.0,131445.0
CICIDS2017_COVERAGE_R1,123,0.1,Utility-Only,F1,0.9,0.00134228187919458,True,2.0,394333.0
CICIDS2017_COVERAGE_R1,123,0.1,Utility-Only,F1,0.95,0.00141685309470539,True,2.0,394333.0
CICIDS2017_COVERAGE_R1,123,0.1,Utility-Only,PR_AUC,0.9,0.02814399912922929,True,0.0,131520.0
CICIDS2017_COVERAGE_R1,123,0.1,Utility-Only,PR_AUC,0.95,0.02970755463640869,True,0.0,131520.0
CICIDS2017_COVERAGE_R1,123,0.1,Utility-Cost-Ratio,F1,0.9,0.00134228187919458,True,2.0,394333.0
CICIDS2017_COVERAGE_R1,123,0.1,Utility-Cost-Ratio,F1,0.95,0.00141685309470539,True,2.0,394333.0
CICIDS2017_COVERAGE_R1,123,0.1,Utility-Cost-Ratio,PR_AUC,0.9,0.02814399912922929,True,0.0,131520.0
CICIDS2017_COVERAGE_R1,123,0.1,Utility-Cost-Ratio,PR_AUC,0.95,0.02970755463640869,True,0.0,131520.0
CICIDS2017_COVERAGE_R1,123,0.1,CB-Score,F1,0.9,0.00134228187919458,True,2.0,394333.0
CICIDS2017_COVERAGE_R1,123,0.1,CB-Score,F1,0.95,0.00141685309470539,True,2.0,394333.0
CICIDS2017_COVERAGE_R1,123,0.1,CB-Score,PR_AUC,0.9,0.02814399912922929,True,0.0,131520.0
CICIDS2017_COVERAGE_R1,123,0.1,CB-Score,PR_AUC,0.95,0.02970755463640869,True,0.0,131520.0
CICIDS2017_COVERAGE_R1,123,0.1,Historical-DoubleCost,F1,0.9,0.00134228187919458,True,2.0,394333.0
CICIDS2017_COVERAGE_R1,123,0.1,Historical-DoubleCost,F1,0.95,0.00141685309470539,True,2.0,394333.0
CICIDS2017_COVERAGE_R1,123,0.1,Historical-DoubleCost,PR_AUC,0.9,0.02814399912922929,True,0.0,131520.0
CICIDS2017_COVERAGE_R1,123,0.1,Historical-DoubleCost,PR_AUC,0.95,0.02970755463640869,True,0.0,131520.0
CICIDS2017_COVERAGE_R1,123,0.1,Oort-Style-Adapted,F1,0.9,0.00134228187919458,True,2.0,394333.0
CICIDS2017_COVERAGE_R1,123,0.1,Oort-Style-Adapted,F1,0.95,0.00141685309470539,True,2.0,394333.0
CICIDS2017_COVERAGE_R1,123,0.1,Oort-Style-Adapted,PR_AUC,0.9,0.02814399912922929,True,0.0,131520.0
CICIDS2017_COVERAGE_R1,123,0.1,Oort-Style-Adapted,PR_AUC,0.95,0.02970755463640869,True,0.0,131520.0
CICIDS2017_COVERAGE_R1,123,0.1,Oracle-Score-Exact,F1,0.9,0.00134228187919458,True,2.0,394333.0
CICIDS2017_COVERAGE_R1,123,0.1,Oracle-Score-Exact,F1,0.95,0.00141685309470539,True,2.0,394333.0
CICIDS2017_COVERAGE_R1,123,0.1,Oracle-Score-Exact,PR_AUC,0.9,0.02814399912922929,True,0.0,131520.0
CICIDS2017_COVERAGE_R1,123,0.1,Oracle-Score-Exact,PR_AUC,0.95,0.02970755463640869,True,0.0,131520.0
CICIDS2017_COVERAGE_R1,123,0.2,Full-Contextual,F1,0.9,0.00134228187919458,True,6.0,4851702.0
CICIDS2017_COVERAGE_R1,123,0.2,Full-Contextual,F1,0.95,0.00141685309470539,True,18.0,13062994.0
CICIDS2017_COVERAGE_R1,123,0.2,Full-Contextual,PR_AUC,0.9,0.02814399912922929,True,0.0,698279.0
CICIDS2017_COVERAGE_R1,123,0.2,Full-Contextual,PR_AUC,0.95,0.02970755463640869,True,0.0,698279.0
CICIDS2017_COVERAGE_R1,123,0.2,Random-Budget,F1,0.9,0.00134228187919458,True,15.0,3022552.0
CICIDS2017_COVERAGE_R1,123,0.2,Random-Budget,F1,0.95,0.00141685309470539,True,17.0,3344923.0
CICIDS2017_COVERAGE_R1,123,0.2,Random-Budget,PR_AUC,0.9,0.02814399912922929,True,0.0,194334.0
CICIDS2017_COVERAGE_R1,123,0.2,Random-Budget,PR_AUC,0.95,0.02970755463640869,True,0.0,194334.0
CICIDS2017_COVERAGE_R1,123,0.2,Cost-Only,F1,0.9,0.00134228187919458,True,0.0,194428.0
CICIDS2017_COVERAGE_R1,123,0.2,Cost-Only,F1,0.95,0.00141685309470539,True,0.0,194428.0
CICIDS2017_COVERAGE_R1,123,0.2,Cost-Only,PR_AUC,0.9,0.02814399912922929,True,0.0,194428.0
CICIDS2017_COVERAGE_R1,123,0.2,Cost-Only,PR_AUC,0.95,0.02970755463640869,True,0.0,194428.0
CICIDS2017_COVERAGE_R1,123,0.2,Utility-Only,F1,0.9,0.00134228187919458,True,0.0,194636.0
CICIDS2017_COVERAGE_R1,123,0.2,Utility-Only,F1,0.95,0.00141685309470539,True,0.0,194636.0
CICIDS2017_COVERAGE_R1,123,0.2,Utility-Only,PR_AUC,0.9,0.02814399912922929,True,0.0,194636.0
CICIDS2017_COVERAGE_R1,123,0.2,Utility-Only,PR_AUC,0.95,0.02970755463640869,True,0.0,194636.0
CICIDS2017_COVERAGE_R1,123,0.2,Utility-Cost-Ratio,F1,0.9,0.00134228187919458,True,0.0,194636.0
CICIDS2017_COVERAGE_R1,123,0.2,Utility-Cost-Ratio,F1,0.95,0.00141685309470539,True,0.0,194636.0
CICIDS2017_COVERAGE_R1,123,0.2,Utility-Cost-Ratio,PR_AUC,0.9,0.02814399912922929,True,0.0,194636.0
CICIDS2017_COVERAGE_R1,123,0.2,Utility-Cost-Ratio,PR_AUC,0.95,0.02970755463640869,True,0.0,194636.0
CICIDS2017_COVERAGE_R1,123,0.2,CB-Score,F1,0.9,0.00134228187919458,True,3.0,774211.0
CICIDS2017_COVERAGE_R1,123,0.2,CB-Score,F1,0.95,0.00141685309470539,True,3.0,774211.0
CICIDS2017_COVERAGE_R1,123,0.2,CB-Score,PR_AUC,0.9,0.02814399912922929,True,0.0,194608.0
CICIDS2017_COVERAGE_R1,123,0.2,CB-Score,PR_AUC,0.95,0.02970755463640869,True,0.0,194608.0
CICIDS2017_COVERAGE_R1,123,0.2,Historical-DoubleCost,F1,0.9,0.00134228187919458,True,3.0,774211.0
CICIDS2017_COVERAGE_R1,123,0.2,Historical-DoubleCost,F1,0.95,0.00141685309470539,True,3.0,774211.0
CICIDS2017_COVERAGE_R1,123,0.2,Historical-DoubleCost,PR_AUC,0.9,0.02814399912922929,True,0.0,194608.0
CICIDS2017_COVERAGE_R1,123,0.2,Historical-DoubleCost,PR_AUC,0.95,0.02970755463640869,True,0.0,194608.0
CICIDS2017_COVERAGE_R1,123,0.2,Oort-Style-Adapted,F1,0.9,0.00134228187919458,True,2.0,583514.0
CICIDS2017_COVERAGE_R1,123,0.2,Oort-Style-Adapted,F1,0.95,0.00141685309470539,True,2.0,583514.0
CICIDS2017_COVERAGE_R1,123,0.2,Oort-Style-Adapted,PR_AUC,0.9,0.02814399912922929,True,0.0,194549.0
CICIDS2017_COVERAGE_R1,123,0.2,Oort-Style-Adapted,PR_AUC,0.95,0.02970755463640869,True,0.0,194549.0
CICIDS2017_COVERAGE_R1,123,0.2,Oracle-Score-Exact,F1,0.9,0.00134228187919458,True,3.0,774211.0
CICIDS2017_COVERAGE_R1,123,0.2,Oracle-Score-Exact,F1,0.95,0.00141685309470539,True,3.0,774211.0
CICIDS2017_COVERAGE_R1,123,0.2,Oracle-Score-Exact,PR_AUC,0.9,0.02814399912922929,True,0.0,194608.0
CICIDS2017_COVERAGE_R1,123,0.2,Oracle-Score-Exact,PR_AUC,0.95,0.02970755463640869,True,0.0,194608.0
CICIDS2017_COVERAGE_R1,123,0.4,Full-Contextual,F1,0.9,0.00134228187919458,True,6.0,4851702.0
CICIDS2017_COVERAGE_R1,123,0.4,Full-Contextual,F1,0.95,0.00141685309470539,True,18.0,13062994.0
CICIDS2017_COVERAGE_R1,123,0.4,Full-Contextual,PR_AUC,0.9,0.02814399912922929,True,0.0,698279.0
CICIDS2017_COVERAGE_R1,123,0.4,Full-Contextual,PR_AUC,0.95,0.02970755463640869,True,0.0,698279.0
CICIDS2017_COVERAGE_R1,123,0.4,Random-Budget,F1,0.9,0.00134228187919458,True,15.0,5065666.0
CICIDS2017_COVERAGE_R1,123,0.4,Random-Budget,F1,0.95,0.00141685309470539,True,15.0,5065666.0
CICIDS2017_COVERAGE_R1,123,0.4,Random-Budget,PR_AUC,0.9,0.02814399912922929,True,0.0,320507.0
CICIDS2017_COVERAGE_R1,123,0.4,Random-Budget,PR_AUC,0.95,0.02970755463640869,True,0.0,320507.0
CICIDS2017_COVERAGE_R1,123,0.4,Cost-Only,F1,0.9,0.00134228187919458,True,13.0,4424280.0
CICIDS2017_COVERAGE_R1,123,0.4,Cost-Only,F1,0.95,0.00141685309470539,True,15.0,5049838.0
CICIDS2017_COVERAGE_R1,123,0.4,Cost-Only,PR_AUC,0.9,0.02814399912922929,True,0.0,320368.0
CICIDS2017_COVERAGE_R1,123,0.4,Cost-Only,PR_AUC,0.95,0.02970755463640869,True,0.0,320368.0
CICIDS2017_COVERAGE_R1,123,0.4,Utility-Only,F1,0.9,0.00134228187919458,True,3.0,1215577.0
CICIDS2017_COVERAGE_R1,123,0.4,Utility-Only,F1,0.95,0.00141685309470539,True,3.0,1215577.0
CICIDS2017_COVERAGE_R1,123,0.4,Utility-Only,PR_AUC,0.9,0.02814399912922929,True,0.0,320729.0
CICIDS2017_COVERAGE_R1,123,0.4,Utility-Only,PR_AUC,0.95,0.02970755463640869,True,0.0,320729.0
CICIDS2017_COVERAGE_R1,123,0.4,Utility-Cost-Ratio,F1,0.9,0.00134228187919458,True,3.0,1215577.0
CICIDS2017_COVERAGE_R1,123,0.4,Utility-Cost-Ratio,F1,0.95,0.00141685309470539,True,3.0,1215577.0
CICIDS2017_COVERAGE_R1,123,0.4,Utility-Cost-Ratio,PR_AUC,0.9,0.02814399912922929,True,0.0,320729.0
CICIDS2017_COVERAGE_R1,123,0.4,Utility-Cost-Ratio,PR_AUC,0.95,0.02970755463640869,True,0.0,320729.0
CICIDS2017_COVERAGE_R1,123,0.4,CB-Score,F1,0.9,0.00134228187919458,True,11.0,3797262.0
CICIDS2017_COVERAGE_R1,123,0.4,CB-Score,F1,0.95,0.00141685309470539,True,13.0,4364174.0
CICIDS2017_COVERAGE_R1,123,0.4,CB-Score,PR_AUC,0.9,0.02814399912922929,True,0.0,320729.0
CICIDS2017_COVERAGE_R1,123,0.4,CB-Score,PR_AUC,0.95,0.02970755463640869,True,0.0,320729.0
CICIDS2017_COVERAGE_R1,123,0.4,Historical-DoubleCost,F1,0.9,0.00134228187919458,True,11.0,3797262.0
CICIDS2017_COVERAGE_R1,123,0.4,Historical-DoubleCost,F1,0.95,0.00141685309470539,True,13.0,4364174.0
CICIDS2017_COVERAGE_R1,123,0.4,Historical-DoubleCost,PR_AUC,0.9,0.02814399912922929,True,0.0,320729.0
CICIDS2017_COVERAGE_R1,123,0.4,Historical-DoubleCost,PR_AUC,0.95,0.02970755463640869,True,0.0,320729.0
CICIDS2017_COVERAGE_R1,123,0.4,Oort-Style-Adapted,F1,0.9,0.00134228187919458,True,3.0,1215959.0
CICIDS2017_COVERAGE_R1,123,0.4,Oort-Style-Adapted,F1,0.95,0.00141685309470539,True,3.0,1215959.0
CICIDS2017_COVERAGE_R1,123,0.4,Oort-Style-Adapted,PR_AUC,0.9,0.02814399912922929,True,0.0,320672.0
CICIDS2017_COVERAGE_R1,123,0.4,Oort-Style-Adapted,PR_AUC,0.95,0.02970755463640869,True,0.0,320672.0
CICIDS2017_COVERAGE_R1,123,0.4,Oracle-Score-Exact,F1,0.9,0.00134228187919458,True,3.0,1277581.0
CICIDS2017_COVERAGE_R1,123,0.4,Oracle-Score-Exact,F1,0.95,0.00141685309470539,True,3.0,1277581.0
CICIDS2017_COVERAGE_R1,123,0.4,Oracle-Score-Exact,PR_AUC,0.9,0.02814399912922929,True,0.0,320640.0
CICIDS2017_COVERAGE_R1,123,0.4,Oracle-Score-Exact,PR_AUC,0.95,0.02970755463640869,True,0.0,320640.0
CICIDS2017_COVERAGE_R1,123,0.6,Full-Contextual,F1,0.9,0.00134228187919458,True,6.0,4851702.0
CICIDS2017_COVERAGE_R1,123,0.6,Full-Contextual,F1,0.95,0.00141685309470539,True,18.0,13062994.0
CICIDS2017_COVERAGE_R1,123,0.6,Full-Contextual,PR_AUC,0.9,0.02814399912922929,True,0.0,698279.0
CICIDS2017_COVERAGE_R1,123,0.6,Full-Contextual,PR_AUC,0.95,0.02970755463640869,True,0.0,698279.0
CICIDS2017_COVERAGE_R1,123,0.6,Random-Budget,F1,0.9,0.00134228187919458,True,6.0,2983803.0
CICIDS2017_COVERAGE_R1,123,0.6,Random-Budget,F1,0.95,0.00141685309470539,True,6.0,2983803.0
CICIDS2017_COVERAGE_R1,123,0.6,Random-Budget,PR_AUC,0.9,0.02814399912922929,True,0.0,446794.0
CICIDS2017_COVERAGE_R1,123,0.6,Random-Budget,PR_AUC,0.95,0.02970755463640869,True,0.0,446794.0
CICIDS2017_COVERAGE_R1,123,0.6,Cost-Only,F1,0.9,0.00134228187919458,True,7.0,3532279.0
CICIDS2017_COVERAGE_R1,123,0.6,Cost-Only,F1,0.95,0.00141685309470539,True,12.0,5706574.0
CICIDS2017_COVERAGE_R1,123,0.6,Cost-Only,PR_AUC,0.9,0.02814399912922929,True,0.0,446577.0
CICIDS2017_COVERAGE_R1,123,0.6,Cost-Only,PR_AUC,0.95,0.02970755463640869,True,0.0,446577.0
CICIDS2017_COVERAGE_R1,123,0.6,Utility-Only,F1,0.9,0.00134228187919458,True,10.0,4483146.0
CICIDS2017_COVERAGE_R1,123,0.6,Utility-Only,F1,0.95,0.00141685309470539,True,10.0,4483146.0
CICIDS2017_COVERAGE_R1,123,0.6,Utility-Only,PR_AUC,0.9,0.02814399912922929,True,0.0,446729.0
CICIDS2017_COVERAGE_R1,123,0.6,Utility-Only,PR_AUC,0.95,0.02970755463640869,True,0.0,446729.0
CICIDS2017_COVERAGE_R1,123,0.6,Utility-Cost-Ratio,F1,0.9,0.00134228187919458,True,10.0,4483146.0
CICIDS2017_COVERAGE_R1,123,0.6,Utility-Cost-Ratio,F1,0.95,0.00141685309470539,True,10.0,4483146.0
CICIDS2017_COVERAGE_R1,123,0.6,Utility-Cost-Ratio,PR_AUC,0.9,0.02814399912922929,True,0.0,446729.0
CICIDS2017_COVERAGE_R1,123,0.6,Utility-Cost-Ratio,PR_AUC,0.95,0.02970755463640869,True,0.0,446729.0
CICIDS2017_COVERAGE_R1,123,0.6,CB-Score,F1,0.9,0.00134228187919458,True,11.0,5281176.0
CICIDS2017_COVERAGE_R1,123,0.6,CB-Score,F1,0.95,0.00141685309470539,True,11.0,5281176.0
CICIDS2017_COVERAGE_R1,123,0.6,CB-Score,PR_AUC,0.9,0.02814399912922929,True,0.0,446729.0
CICIDS2017_COVERAGE_R1,123,0.6,CB-Score,PR_AUC,0.95,0.02970755463640869,True,0.0,446729.0
CICIDS2017_COVERAGE_R1,123,0.6,Historical-DoubleCost,F1,0.9,0.00134228187919458,True,11.0,5281176.0
CICIDS2017_COVERAGE_R1,123,0.6,Historical-DoubleCost,F1,0.95,0.00141685309470539,True,11.0,5281176.0
CICIDS2017_COVERAGE_R1,123,0.6,Historical-DoubleCost,PR_AUC,0.9,0.02814399912922929,True,0.0,446729.0
CICIDS2017_COVERAGE_R1,123,0.6,Historical-DoubleCost,PR_AUC,0.95,0.02970755463640869,True,0.0,446729.0
CICIDS2017_COVERAGE_R1,123,0.6,Oort-Style-Adapted,F1,0.9,0.00134228187919458,True,0.0,383963.0
CICIDS2017_COVERAGE_R1,123,0.6,Oort-Style-Adapted,F1,0.95,0.00141685309470539,True,0.0,383963.0
CICIDS2017_COVERAGE_R1,123,0.6,Oort-Style-Adapted,PR_AUC,0.9,0.02814399912922929,True,0.0,383963.0
CICIDS2017_COVERAGE_R1,123,0.6,Oort-Style-Adapted,PR_AUC,0.95,0.02970755463640869,True,0.0,383963.0
CICIDS2017_COVERAGE_R1,123,0.6,Oracle-Score-Exact,F1,0.9,0.00134228187919458,True,11.0,5281176.0
CICIDS2017_COVERAGE_R1,123,0.6,Oracle-Score-Exact,F1,0.95,0.00141685309470539,True,11.0,5281176.0
CICIDS2017_COVERAGE_R1,123,0.6,Oracle-Score-Exact,PR_AUC,0.9,0.02814399912922929,True,0.0,446729.0
CICIDS2017_COVERAGE_R1,123,0.6,Oracle-Score-Exact,PR_AUC,0.95,0.02970755463640869,True,0.0,446729.0
CICIDS2017_COVERAGE_R1,123,0.8,Full-Contextual,F1,0.9,0.00134228187919458,True,6.0,4851702.0
CICIDS2017_COVERAGE_R1,123,0.8,Full-Contextual,F1,0.95,0.00141685309470539,True,18.0,13062994.0
CICIDS2017_COVERAGE_R1,123,0.8,Full-Contextual,PR_AUC,0.9,0.02814399912922929,True,0.0,698279.0
CICIDS2017_COVERAGE_R1,123,0.8,Full-Contextual,PR_AUC,0.95,0.02970755463640869,True,0.0,698279.0
CICIDS2017_COVERAGE_R1,123,0.8,Random-Budget,F1,0.9,0.00134228187919458,True,13.0,7733700.0
CICIDS2017_COVERAGE_R1,123,0.8,Random-Budget,F1,0.95,0.00141685309470539,True,18.0,10420529.0
CICIDS2017_COVERAGE_R1,123,0.8,Random-Budget,PR_AUC,0.9,0.02814399912922929,True,0.0,572901.0
CICIDS2017_COVERAGE_R1,123,0.8,Random-Budget,PR_AUC,0.95,0.02970755463640869,True,0.0,572901.0
CICIDS2017_COVERAGE_R1,123,0.8,Cost-Only,F1,0.9,0.00134228187919458,True,6.0,3971876.0
CICIDS2017_COVERAGE_R1,123,0.8,Cost-Only,F1,0.95,0.00141685309470539,True,6.0,3971876.0
CICIDS2017_COVERAGE_R1,123,0.8,Cost-Only,PR_AUC,0.9,0.02814399912922929,True,0.0,572849.0
CICIDS2017_COVERAGE_R1,123,0.8,Cost-Only,PR_AUC,0.95,0.02970755463640869,True,0.0,572849.0
CICIDS2017_COVERAGE_R1,123,0.8,Utility-Only,F1,0.9,0.00134228187919458,True,2.0,1211214.0
CICIDS2017_COVERAGE_R1,123,0.8,Utility-Only,F1,0.95,0.00141685309470539,True,2.0,1211214.0
CICIDS2017_COVERAGE_R1,123,0.8,Utility-Only,PR_AUC,0.9,0.02814399912922929,True,0.0,510092.0
CICIDS2017_COVERAGE_R1,123,0.8,Utility-Only,PR_AUC,0.95,0.02970755463640869,True,0.0,510092.0
CICIDS2017_COVERAGE_R1,123,0.8,Utility-Cost-Ratio,F1,0.9,0.00134228187919458,True,2.0,1211214.0
CICIDS2017_COVERAGE_R1,123,0.8,Utility-Cost-Ratio,F1,0.95,0.00141685309470539,True,2.0,1211214.0
CICIDS2017_COVERAGE_R1,123,0.8,Utility-Cost-Ratio,PR_AUC,0.9,0.02814399912922929,True,0.0,510092.0
CICIDS2017_COVERAGE_R1,123,0.8,Utility-Cost-Ratio,PR_AUC,0.95,0.02970755463640869,True,0.0,510092.0
CICIDS2017_COVERAGE_R1,123,0.8,CB-Score,F1,0.9,0.00134228187919458,True,7.0,3974278.0
CICIDS2017_COVERAGE_R1,123,0.8,CB-Score,F1,0.95,0.00141685309470539,True,7.0,3974278.0
CICIDS2017_COVERAGE_R1,123,0.8,CB-Score,PR_AUC,0.9,0.02814399912922929,True,0.0,510092.0
CICIDS2017_COVERAGE_R1,123,0.8,CB-Score,PR_AUC,0.95,0.02970755463640869,True,0.0,510092.0
CICIDS2017_COVERAGE_R1,123,0.8,Historical-DoubleCost,F1,0.9,0.00134228187919458,True,7.0,3974278.0
CICIDS2017_COVERAGE_R1,123,0.8,Historical-DoubleCost,F1,0.95,0.00141685309470539,True,7.0,3974278.0
CICIDS2017_COVERAGE_R1,123,0.8,Historical-DoubleCost,PR_AUC,0.9,0.02814399912922929,True,0.0,510092.0
CICIDS2017_COVERAGE_R1,123,0.8,Historical-DoubleCost,PR_AUC,0.95,0.02970755463640869,True,0.0,510092.0
CICIDS2017_COVERAGE_R1,123,0.8,Oort-Style-Adapted,F1,0.9,0.00134228187919458,True,11.0,5248452.0
CICIDS2017_COVERAGE_R1,123,0.8,Oort-Style-Adapted,F1,0.95,0.00141685309470539,True,11.0,5248452.0
CICIDS2017_COVERAGE_R1,123,0.8,Oort-Style-Adapted,PR_AUC,0.9,0.02814399912922929,True,0.0,510097.0
CICIDS2017_COVERAGE_R1,123,0.8,Oort-Style-Adapted,PR_AUC,0.95,0.02970755463640869,True,1.0,1020241.0
CICIDS2017_COVERAGE_R1,123,0.8,Oracle-Score-Exact,F1,0.9,0.00134228187919458,True,7.0,3974278.0
CICIDS2017_COVERAGE_R1,123,0.8,Oracle-Score-Exact,F1,0.95,0.00141685309470539,True,7.0,3974278.0
CICIDS2017_COVERAGE_R1,123,0.8,Oracle-Score-Exact,PR_AUC,0.9,0.02814399912922929,True,0.0,510092.0
CICIDS2017_COVERAGE_R1,123,0.8,Oracle-Score-Exact,PR_AUC,0.95,0.02970755463640869,True,0.0,510092.0
CICIDS2017_COVERAGE_R1,123,1.0,Full-Contextual,F1,0.9,0.00134228187919458,True,6.0,4851702.0
CICIDS2017_COVERAGE_R1,123,1.0,Full-Contextual,F1,0.95,0.00141685309470539,True,18.0,13062994.0
CICIDS2017_COVERAGE_R1,123,1.0,Full-Contextual,PR_AUC,0.9,0.02814399912922929,True,0.0,698279.0
CICIDS2017_COVERAGE_R1,123,1.0,Full-Contextual,PR_AUC,0.95,0.02970755463640869,True,0.0,698279.0
CICIDS2017_COVERAGE_R1,123,1.0,Random-Budget,F1,0.9,0.00134228187919458,True,6.0,4857092.0
CICIDS2017_COVERAGE_R1,123,1.0,Random-Budget,F1,0.95,0.00141685309470539,True,18.0,13077624.0
CICIDS2017_COVERAGE_R1,123,1.0,Random-Budget,PR_AUC,0.9,0.02814399912922929,True,0.0,699049.0
CICIDS2017_COVERAGE_R1,123,1.0,Random-Budget,PR_AUC,0.95,0.02970755463640869,True,0.0,699049.0
CICIDS2017_COVERAGE_R1,123,1.0,Cost-Only,F1,0.9,0.00134228187919458,True,6.0,4857652.0
CICIDS2017_COVERAGE_R1,123,1.0,Cost-Only,F1,0.95,0.00141685309470539,True,18.0,13079144.0
CICIDS2017_COVERAGE_R1,123,1.0,Cost-Only,PR_AUC,0.9,0.02814399912922929,True,0.0,699129.0
CICIDS2017_COVERAGE_R1,123,1.0,Cost-Only,PR_AUC,0.95,0.02970755463640869,True,0.0,699129.0
CICIDS2017_COVERAGE_R1,123,1.0,Utility-Only,F1,0.9,0.00134228187919458,True,2.0,1464911.0
CICIDS2017_COVERAGE_R1,123,1.0,Utility-Only,F1,0.95,0.00141685309470539,True,2.0,1464911.0
CICIDS2017_COVERAGE_R1,123,1.0,Utility-Only,PR_AUC,0.9,0.02814399912922929,True,0.0,699129.0
CICIDS2017_COVERAGE_R1,123,1.0,Utility-Only,PR_AUC,0.95,0.02970755463640869,True,0.0,699129.0
CICIDS2017_COVERAGE_R1,123,1.0,Utility-Cost-Ratio,F1,0.9,0.00134228187919458,True,2.0,1464911.0
CICIDS2017_COVERAGE_R1,123,1.0,Utility-Cost-Ratio,F1,0.95,0.00141685309470539,True,2.0,1464911.0
CICIDS2017_COVERAGE_R1,123,1.0,Utility-Cost-Ratio,PR_AUC,0.9,0.02814399912922929,True,0.0,699129.0
CICIDS2017_COVERAGE_R1,123,1.0,Utility-Cost-Ratio,PR_AUC,0.95,0.02970755463640869,True,0.0,699129.0
CICIDS2017_COVERAGE_R1,123,1.0,CB-Score,F1,0.9,0.00134228187919458,True,12.0,6727092.0
CICIDS2017_COVERAGE_R1,123,1.0,CB-Score,F1,0.95,0.00141685309470539,True,12.0,6727092.0
CICIDS2017_COVERAGE_R1,123,1.0,CB-Score,PR_AUC,0.9,0.02814399912922929,True,0.0,636193.0
CICIDS2017_COVERAGE_R1,123,1.0,CB-Score,PR_AUC,0.95,0.02970755463640869,True,0.0,636193.0
CICIDS2017_COVERAGE_R1,123,1.0,Historical-DoubleCost,F1,0.9,0.00134228187919458,True,12.0,6727092.0
CICIDS2017_COVERAGE_R1,123,1.0,Historical-DoubleCost,F1,0.95,0.00141685309470539,True,12.0,6727092.0
CICIDS2017_COVERAGE_R1,123,1.0,Historical-DoubleCost,PR_AUC,0.9,0.02814399912922929,True,0.0,636193.0
CICIDS2017_COVERAGE_R1,123,1.0,Historical-DoubleCost,PR_AUC,0.95,0.02970755463640869,True,0.0,636193.0
CICIDS2017_COVERAGE_R1,123,1.0,Oort-Style-Adapted,F1,0.9,0.00134228187919458,True,2.0,1464911.0
CICIDS2017_COVERAGE_R1,123,1.0,Oort-Style-Adapted,F1,0.95,0.00141685309470539,True,2.0,1464911.0
CICIDS2017_COVERAGE_R1,123,1.0,Oort-Style-Adapted,PR_AUC,0.9,0.02814399912922929,True,0.0,699129.0
CICIDS2017_COVERAGE_R1,123,1.0,Oort-Style-Adapted,PR_AUC,0.95,0.02970755463640869,True,0.0,699129.0
CICIDS2017_COVERAGE_R1,123,1.0,Oracle-Score-Exact,F1,0.9,0.00134228187919458,True,12.0,6727092.0
CICIDS2017_COVERAGE_R1,123,1.0,Oracle-Score-Exact,F1,0.95,0.00141685309470539,True,12.0,6727092.0
CICIDS2017_COVERAGE_R1,123,1.0,Oracle-Score-Exact,PR_AUC,0.9,0.02814399912922929,True,0.0,636193.0
CICIDS2017_COVERAGE_R1,123,1.0,Oracle-Score-Exact,PR_AUC,0.95,0.02970755463640869,True,0.0,636193.0
CICIDS2017_COVERAGE_R1,777,0.1,Full-Contextual,F1,0.9,0.0,True,0.0,698036.0
CICIDS2017_COVERAGE_R1,777,0.1,Full-Contextual,F1,0.95,0.0,True,0.0,698036.0
CICIDS2017_COVERAGE_R1,777,0.1,Full-Contextual,PR_AUC,0.9,0.02856910712150601,True,0.0,698036.0
CICIDS2017_COVERAGE_R1,777,0.1,Full-Contextual,PR_AUC,0.95,0.03015627973936745,True,1.0,1396411.0
CICIDS2017_COVERAGE_R1,777,0.1,Random-Budget,F1,0.9,0.0,True,0.0,131516.0
CICIDS2017_COVERAGE_R1,777,0.1,Random-Budget,F1,0.95,0.0,True,0.0,131516.0
CICIDS2017_COVERAGE_R1,777,0.1,Random-Budget,PR_AUC,0.9,0.02856910712150601,True,0.0,131516.0
CICIDS2017_COVERAGE_R1,777,0.1,Random-Budget,PR_AUC,0.95,0.03015627973936745,True,0.0,131516.0
CICIDS2017_COVERAGE_R1,777,0.1,Cost-Only,F1,0.9,0.0,True,0.0,131366.0
CICIDS2017_COVERAGE_R1,777,0.1,Cost-Only,F1,0.95,0.0,True,0.0,131366.0
CICIDS2017_COVERAGE_R1,777,0.1,Cost-Only,PR_AUC,0.9,0.02856910712150601,True,0.0,131366.0
CICIDS2017_COVERAGE_R1,777,0.1,Cost-Only,PR_AUC,0.95,0.03015627973936745,True,0.0,131366.0
CICIDS2017_COVERAGE_R1,777,0.1,Utility-Only,F1,0.9,0.0,True,0.0,131596.0
CICIDS2017_COVERAGE_R1,777,0.1,Utility-Only,F1,0.95,0.0,True,0.0,131596.0
CICIDS2017_COVERAGE_R1,777,0.1,Utility-Only,PR_AUC,0.9,0.02856910712150601,True,0.0,131596.0
CICIDS2017_COVERAGE_R1,777,0.1,Utility-Only,PR_AUC,0.95,0.03015627973936745,True,0.0,131596.0
CICIDS2017_COVERAGE_R1,777,0.1,Utility-Cost-Ratio,F1,0.9,0.0,True,0.0,131596.0
CICIDS2017_COVERAGE_R1,777,0.1,Utility-Cost-Ratio,F1,0.95,0.0,True,0.0,131596.0
CICIDS2017_COVERAGE_R1,777,0.1,Utility-Cost-Ratio,PR_AUC,0.9,0.02856910712150601,True,0.0,131596.0
CICIDS2017_COVERAGE_R1,777,0.1,Utility-Cost-Ratio,PR_AUC,0.95,0.03015627973936745,True,0.0,131596.0
CICIDS2017_COVERAGE_R1,777,0.1,CB-Score,F1,0.9,0.0,True,0.0,131596.0
CICIDS2017_COVERAGE_R1,777,0.1,CB-Score,F1,0.95,0.0,True,0.0,131596.0
CICIDS2017_COVERAGE_R1,777,0.1,CB-Score,PR_AUC,0.9,0.02856910712150601,True,0.0,131596.0
CICIDS2017_COVERAGE_R1,777,0.1,CB-Score,PR_AUC,0.95,0.03015627973936745,True,0.0,131596.0
CICIDS2017_COVERAGE_R1,777,0.1,Historical-DoubleCost,F1,0.9,0.0,True,0.0,131596.0
CICIDS2017_COVERAGE_R1,777,0.1,Historical-DoubleCost,F1,0.95,0.0,True,0.0,131596.0
CICIDS2017_COVERAGE_R1,777,0.1,Historical-DoubleCost,PR_AUC,0.9,0.02856910712150601,True,0.0,131596.0
CICIDS2017_COVERAGE_R1,777,0.1,Historical-DoubleCost,PR_AUC,0.95,0.03015627973936745,True,0.0,131596.0
CICIDS2017_COVERAGE_R1,777,0.1,Oort-Style-Adapted,F1,0.9,0.0,True,0.0,131596.0
CICIDS2017_COVERAGE_R1,777,0.1,Oort-Style-Adapted,F1,0.95,0.0,True,0.0,131596.0
CICIDS2017_COVERAGE_R1,777,0.1,Oort-Style-Adapted,PR_AUC,0.9,0.02856910712150601,True,0.0,131596.0
CICIDS2017_COVERAGE_R1,777,0.1,Oort-Style-Adapted,PR_AUC,0.95,0.03015627973936745,True,0.0,131596.0
CICIDS2017_COVERAGE_R1,777,0.1,Oracle-Score-Exact,F1,0.9,0.0,True,0.0,131596.0
CICIDS2017_COVERAGE_R1,777,0.1,Oracle-Score-Exact,F1,0.95,0.0,True,0.0,131596.0
CICIDS2017_COVERAGE_R1,777,0.1,Oracle-Score-Exact,PR_AUC,0.9,0.02856910712150601,True,0.0,131596.0
CICIDS2017_COVERAGE_R1,777,0.1,Oracle-Score-Exact,PR_AUC,0.95,0.03015627973936745,True,0.0,131596.0
CICIDS2017_COVERAGE_R1,777,0.2,Full-Contextual,F1,0.9,0.0,True,0.0,698036.0
CICIDS2017_COVERAGE_R1,777,0.2,Full-Contextual,F1,0.95,0.0,True,0.0,698036.0
CICIDS2017_COVERAGE_R1,777,0.2,Full-Contextual,PR_AUC,0.9,0.02856910712150601,True,0.0,698036.0
CICIDS2017_COVERAGE_R1,777,0.2,Full-Contextual,PR_AUC,0.95,0.03015627973936745,True,1.0,1396411.0
CICIDS2017_COVERAGE_R1,777,0.2,Random-Budget,F1,0.9,0.0,True,0.0,194441.0
CICIDS2017_COVERAGE_R1,777,0.2,Random-Budget,F1,0.95,0.0,True,0.0,194441.0
CICIDS2017_COVERAGE_R1,777,0.2,Random-Budget,PR_AUC,0.9,0.02856910712150601,True,0.0,194441.0
CICIDS2017_COVERAGE_R1,777,0.2,Random-Budget,PR_AUC,0.95,0.03015627973936745,True,0.0,194441.0
CICIDS2017_COVERAGE_R1,777,0.2,Cost-Only,F1,0.9,0.0,True,0.0,194346.0
CICIDS2017_COVERAGE_R1,777,0.2,Cost-Only,F1,0.95,0.0,True,0.0,194346.0
CICIDS2017_COVERAGE_R1,777,0.2,Cost-Only,PR_AUC,0.9,0.02856910712150601,True,0.0,194346.0
CICIDS2017_COVERAGE_R1,777,0.2,Cost-Only,PR_AUC,0.95,0.03015627973936745,True,0.0,194346.0
CICIDS2017_COVERAGE_R1,777,0.2,Utility-Only,F1,0.9,0.0,True,0.0,194521.0
CICIDS2017_COVERAGE_R1,777,0.2,Utility-Only,F1,0.95,0.0,True,0.0,194521.0
CICIDS2017_COVERAGE_R1,777,0.2,Utility-Only,PR_AUC,0.9,0.02856910712150601,True,0.0,194521.0
CICIDS2017_COVERAGE_R1,777,0.2,Utility-Only,PR_AUC,0.95,0.03015627973936745,True,0.0,194521.0
CICIDS2017_COVERAGE_R1,777,0.2,Utility-Cost-Ratio,F1,0.9,0.0,True,0.0,194521.0
CICIDS2017_COVERAGE_R1,777,0.2,Utility-Cost-Ratio,F1,0.95,0.0,True,0.0,194521.0
CICIDS2017_COVERAGE_R1,777,0.2,Utility-Cost-Ratio,PR_AUC,0.9,0.02856910712150601,True,0.0,194521.0
CICIDS2017_COVERAGE_R1,777,0.2,Utility-Cost-Ratio,PR_AUC,0.95,0.03015627973936745,True,0.0,194521.0
CICIDS2017_COVERAGE_R1,777,0.2,CB-Score,F1,0.9,0.0,True,0.0,194405.0
CICIDS2017_COVERAGE_R1,777,0.2,CB-Score,F1,0.95,0.0,True,0.0,194405.0
CICIDS2017_COVERAGE_R1,777,0.2,CB-Score,PR_AUC,0.9,0.02856910712150601,True,0.0,194405.0
CICIDS2017_COVERAGE_R1,777,0.2,CB-Score,PR_AUC,0.95,0.03015627973936745,True,0.0,194405.0
CICIDS2017_COVERAGE_R1,777,0.2,Historical-DoubleCost,F1,0.9,0.0,True,0.0,194405.0
CICIDS2017_COVERAGE_R1,777,0.2,Historical-DoubleCost,F1,0.95,0.0,True,0.0,194405.0
CICIDS2017_COVERAGE_R1,777,0.2,Historical-DoubleCost,PR_AUC,0.9,0.02856910712150601,True,0.0,194405.0
CICIDS2017_COVERAGE_R1,777,0.2,Historical-DoubleCost,PR_AUC,0.95,0.03015627973936745,True,0.0,194405.0
CICIDS2017_COVERAGE_R1,777,0.2,Oort-Style-Adapted,F1,0.9,0.0,True,0.0,194521.0
CICIDS2017_COVERAGE_R1,777,0.2,Oort-Style-Adapted,F1,0.95,0.0,True,0.0,194521.0
CICIDS2017_COVERAGE_R1,777,0.2,Oort-Style-Adapted,PR_AUC,0.9,0.02856910712150601,True,0.0,194521.0
CICIDS2017_COVERAGE_R1,777,0.2,Oort-Style-Adapted,PR_AUC,0.95,0.03015627973936745,True,0.0,194521.0
CICIDS2017_COVERAGE_R1,777,0.2,Oracle-Score-Exact,F1,0.9,0.0,True,0.0,194405.0
CICIDS2017_COVERAGE_R1,777,0.2,Oracle-Score-Exact,F1,0.95,0.0,True,0.0,194405.0
CICIDS2017_COVERAGE_R1,777,0.2,Oracle-Score-Exact,PR_AUC,0.9,0.02856910712150601,True,0.0,194405.0
CICIDS2017_COVERAGE_R1,777,0.2,Oracle-Score-Exact,PR_AUC,0.95,0.03015627973936745,True,0.0,194405.0
CICIDS2017_COVERAGE_R1,777,0.4,Full-Contextual,F1,0.9,0.0,True,0.0,698036.0
CICIDS2017_COVERAGE_R1,777,0.4,Full-Contextual,F1,0.95,0.0,True,0.0,698036.0
CICIDS2017_COVERAGE_R1,777,0.4,Full-Contextual,PR_AUC,0.9,0.02856910712150601,True,0.0,698036.0
CICIDS2017_COVERAGE_R1,777,0.4,Full-Contextual,PR_AUC,0.95,0.03015627973936745,True,1.0,1396411.0
CICIDS2017_COVERAGE_R1,777,0.4,Random-Budget,F1,0.9,0.0,True,0.0,320570.0
CICIDS2017_COVERAGE_R1,777,0.4,Random-Budget,F1,0.95,0.0,True,0.0,320570.0
CICIDS2017_COVERAGE_R1,777,0.4,Random-Budget,PR_AUC,0.9,0.02856910712150601,True,0.0,320570.0
CICIDS2017_COVERAGE_R1,777,0.4,Random-Budget,PR_AUC,0.95,0.03015627973936745,True,0.0,320570.0
CICIDS2017_COVERAGE_R1,777,0.4,Cost-Only,F1,0.9,0.0,True,0.0,320261.0
CICIDS2017_COVERAGE_R1,777,0.4,Cost-Only,F1,0.95,0.0,True,0.0,320261.0
CICIDS2017_COVERAGE_R1,777,0.4,Cost-Only,PR_AUC,0.9,0.02856910712150601,True,0.0,320261.0
CICIDS2017_COVERAGE_R1,777,0.4,Cost-Only,PR_AUC,0.95,0.03015627973936745,True,0.0,320261.0
CICIDS2017_COVERAGE_R1,777,0.4,Utility-Only,F1,0.9,0.0,True,0.0,257793.0
CICIDS2017_COVERAGE_R1,777,0.4,Utility-Only,F1,0.95,0.0,True,0.0,257793.0
CICIDS2017_COVERAGE_R1,777,0.4,Utility-Only,PR_AUC,0.9,0.02856910712150601,True,1.0,578601.0
CICIDS2017_COVERAGE_R1,777,0.4,Utility-Only,PR_AUC,0.95,0.03015627973936745,True,1.0,578601.0
CICIDS2017_COVERAGE_R1,777,0.4,Utility-Cost-Ratio,F1,0.9,0.0,True,0.0,257793.0
CICIDS2017_COVERAGE_R1,777,0.4,Utility-Cost-Ratio,F1,0.95,0.0,True,0.0,257793.0
CICIDS2017_COVERAGE_R1,777,0.4,Utility-Cost-Ratio,PR_AUC,0.9,0.02856910712150601,True,1.0,578601.0
CICIDS2017_COVERAGE_R1,777,0.4,Utility-Cost-Ratio,PR_AUC,0.95,0.03015627973936745,True,1.0,578601.0
CICIDS2017_COVERAGE_R1,777,0.4,CB-Score,F1,0.9,0.0,True,0.0,257793.0
CICIDS2017_COVERAGE_R1,777,0.4,CB-Score,F1,0.95,0.0,True,0.0,257793.0
CICIDS2017_COVERAGE_R1,777,0.4,CB-Score,PR_AUC,0.9,0.02856910712150601,True,1.0,578601.0
CICIDS2017_COVERAGE_R1,777,0.4,CB-Score,PR_AUC,0.95,0.03015627973936745,True,1.0,578601.0
CICIDS2017_COVERAGE_R1,777,0.4,Historical-DoubleCost,F1,0.9,0.0,True,0.0,257793.0
CICIDS2017_COVERAGE_R1,777,0.4,Historical-DoubleCost,F1,0.95,0.0,True,0.0,257793.0
CICIDS2017_COVERAGE_R1,777,0.4,Historical-DoubleCost,PR_AUC,0.9,0.02856910712150601,True,1.0,578601.0
CICIDS2017_COVERAGE_R1,777,0.4,Historical-DoubleCost,PR_AUC,0.95,0.03015627973936745,True,1.0,578601.0
CICIDS2017_COVERAGE_R1,777,0.4,Oort-Style-Adapted,F1,0.9,0.0,True,0.0,320612.0
CICIDS2017_COVERAGE_R1,777,0.4,Oort-Style-Adapted,F1,0.95,0.0,True,0.0,320612.0
CICIDS2017_COVERAGE_R1,777,0.4,Oort-Style-Adapted,PR_AUC,0.9,0.02856910712150601,True,0.0,320612.0
CICIDS2017_COVERAGE_R1,777,0.4,Oort-Style-Adapted,PR_AUC,0.95,0.03015627973936745,True,0.0,320612.0
CICIDS2017_COVERAGE_R1,777,0.4,Oracle-Score-Exact,F1,0.9,0.0,True,0.0,320668.0
CICIDS2017_COVERAGE_R1,777,0.4,Oracle-Score-Exact,F1,0.95,0.0,True,0.0,320668.0
CICIDS2017_COVERAGE_R1,777,0.4,Oracle-Score-Exact,PR_AUC,0.9,0.02856910712150601,True,1.0,641179.0
CICIDS2017_COVERAGE_R1,777,0.4,Oracle-Score-Exact,PR_AUC,0.95,0.03015627973936745,True,1.0,641179.0
CICIDS2017_COVERAGE_R1,777,0.6,Full-Contextual,F1,0.9,0.0,True,0.0,698036.0
CICIDS2017_COVERAGE_R1,777,0.6,Full-Contextual,F1,0.95,0.0,True,0.0,698036.0
CICIDS2017_COVERAGE_R1,777,0.6,Full-Contextual,PR_AUC,0.9,0.02856910712150601,True,0.0,698036.0
CICIDS2017_COVERAGE_R1,777,0.6,Full-Contextual,PR_AUC,0.95,0.03015627973936745,True,1.0,1396411.0
CICIDS2017_COVERAGE_R1,777,0.6,Random-Budget,F1,0.9,0.0,True,0.0,446605.0
CICIDS2017_COVERAGE_R1,777,0.6,Random-Budget,F1,0.95,0.0,True,0.0,446605.0
CICIDS2017_COVERAGE_R1,777,0.6,Random-Budget,PR_AUC,0.9,0.02856910712150601,True,0.0,446605.0
CICIDS2017_COVERAGE_R1,777,0.6,Random-Budget,PR_AUC,0.95,0.03015627973936745,True,0.0,446605.0
CICIDS2017_COVERAGE_R1,777,0.6,Cost-Only,F1,0.9,0.0,True,0.0,446383.0
CICIDS2017_COVERAGE_R1,777,0.6,Cost-Only,F1,0.95,0.0,True,0.0,446383.0
CICIDS2017_COVERAGE_R1,777,0.6,Cost-Only,PR_AUC,0.9,0.02856910712150601,True,0.0,446383.0
CICIDS2017_COVERAGE_R1,777,0.6,Cost-Only,PR_AUC,0.95,0.03015627973936745,True,0.0,446383.0
CICIDS2017_COVERAGE_R1,777,0.6,Utility-Only,F1,0.9,0.0,True,0.0,446736.0
CICIDS2017_COVERAGE_R1,777,0.6,Utility-Only,F1,0.95,0.0,True,0.0,446736.0
CICIDS2017_COVERAGE_R1,777,0.6,Utility-Only,PR_AUC,0.9,0.02856910712150601,True,1.0,893547.0
CICIDS2017_COVERAGE_R1,777,0.6,Utility-Only,PR_AUC,0.95,0.03015627973936745,True,1.0,893547.0
CICIDS2017_COVERAGE_R1,777,0.6,Utility-Cost-Ratio,F1,0.9,0.0,True,0.0,446736.0
CICIDS2017_COVERAGE_R1,777,0.6,Utility-Cost-Ratio,F1,0.95,0.0,True,0.0,446736.0
CICIDS2017_COVERAGE_R1,777,0.6,Utility-Cost-Ratio,PR_AUC,0.9,0.02856910712150601,True,1.0,893547.0
CICIDS2017_COVERAGE_R1,777,0.6,Utility-Cost-Ratio,PR_AUC,0.95,0.03015627973936745,True,1.0,893547.0
CICIDS2017_COVERAGE_R1,777,0.6,CB-Score,F1,0.9,0.0,True,0.0,446736.0
CICIDS2017_COVERAGE_R1,777,0.6,CB-Score,F1,0.95,0.0,True,0.0,446736.0
CICIDS2017_COVERAGE_R1,777,0.6,CB-Score,PR_AUC,0.9,0.02856910712150601,True,1.0,830222.0
CICIDS2017_COVERAGE_R1,777,0.6,CB-Score,PR_AUC,0.95,0.03015627973936745,True,1.0,830222.0
CICIDS2017_COVERAGE_R1,777,0.6,Historical-DoubleCost,F1,0.9,0.0,True,0.0,446736.0
CICIDS2017_COVERAGE_R1,777,0.6,Historical-DoubleCost,F1,0.95,0.0,True,0.0,446736.0
CICIDS2017_COVERAGE_R1,777,0.6,Historical-DoubleCost,PR_AUC,0.9,0.02856910712150601,True,1.0,830222.0
CICIDS2017_COVERAGE_R1,777,0.6,Historical-DoubleCost,PR_AUC,0.95,0.03015627973936745,True,1.0,830222.0
CICIDS2017_COVERAGE_R1,777,0.6,Oort-Style-Adapted,F1,0.9,0.0,True,0.0,446723.0
CICIDS2017_COVERAGE_R1,777,0.6,Oort-Style-Adapted,F1,0.95,0.0,True,0.0,446723.0
CICIDS2017_COVERAGE_R1,777,0.6,Oort-Style-Adapted,PR_AUC,0.9,0.02856910712150601,True,1.0,830187.0
CICIDS2017_COVERAGE_R1,777,0.6,Oort-Style-Adapted,PR_AUC,0.95,0.03015627973936745,True,1.0,830187.0
CICIDS2017_COVERAGE_R1,777,0.6,Oracle-Score-Exact,F1,0.9,0.0,True,0.0,446736.0
CICIDS2017_COVERAGE_R1,777,0.6,Oracle-Score-Exact,F1,0.95,0.0,True,0.0,446736.0
CICIDS2017_COVERAGE_R1,777,0.6,Oracle-Score-Exact,PR_AUC,0.9,0.02856910712150601,True,1.0,830222.0
CICIDS2017_COVERAGE_R1,777,0.6,Oracle-Score-Exact,PR_AUC,0.95,0.03015627973936745,True,1.0,830222.0
CICIDS2017_COVERAGE_R1,777,0.8,Full-Contextual,F1,0.9,0.0,True,0.0,698036.0
CICIDS2017_COVERAGE_R1,777,0.8,Full-Contextual,F1,0.95,0.0,True,0.0,698036.0
CICIDS2017_COVERAGE_R1,777,0.8,Full-Contextual,PR_AUC,0.9,0.02856910712150601,True,0.0,698036.0
CICIDS2017_COVERAGE_R1,777,0.8,Full-Contextual,PR_AUC,0.95,0.03015627973936745,True,1.0,1396411.0
CICIDS2017_COVERAGE_R1,777,0.8,Random-Budget,F1,0.9,0.0,True,0.0,572725.0
CICIDS2017_COVERAGE_R1,777,0.8,Random-Budget,F1,0.95,0.0,True,0.0,572725.0
CICIDS2017_COVERAGE_R1,777,0.8,Random-Budget,PR_AUC,0.9,0.02856910712150601,True,0.0,572725.0
CICIDS2017_COVERAGE_R1,777,0.8,Random-Budget,PR_AUC,0.95,0.03015627973936745,True,0.0,572725.0
CICIDS2017_COVERAGE_R1,777,0.8,Cost-Only,F1,0.9,0.0,True,0.0,572628.0
CICIDS2017_COVERAGE_R1,777,0.8,Cost-Only,F1,0.95,0.0,True,0.0,572628.0
CICIDS2017_COVERAGE_R1,777,0.8,Cost-Only,PR_AUC,0.9,0.02856910712150601,True,0.0,572628.0
CICIDS2017_COVERAGE_R1,777,0.8,Cost-Only,PR_AUC,0.95,0.03015627973936745,True,0.0,572628.0
CICIDS2017_COVERAGE_R1,777,0.8,Utility-Only,F1,0.9,0.0,True,0.0,509977.0
CICIDS2017_COVERAGE_R1,777,0.8,Utility-Only,F1,0.95,0.0,True,0.0,509977.0
CICIDS2017_COVERAGE_R1,777,0.8,Utility-Only,PR_AUC,0.9,0.02856910712150601,True,1.0,1019903.0
CICIDS2017_COVERAGE_R1,777,0.8,Utility-Only,PR_AUC,0.95,0.03015627973936745,True,1.0,1019903.0
CICIDS2017_COVERAGE_R1,777,0.8,Utility-Cost-Ratio,F1,0.9,0.0,True,0.0,509977.0
CICIDS2017_COVERAGE_R1,777,0.8,Utility-Cost-Ratio,F1,0.95,0.0,True,0.0,509977.0
CICIDS2017_COVERAGE_R1,777,0.8,Utility-Cost-Ratio,PR_AUC,0.9,0.02856910712150601,True,1.0,1019903.0
CICIDS2017_COVERAGE_R1,777,0.8,Utility-Cost-Ratio,PR_AUC,0.95,0.03015627973936745,True,1.0,1019903.0
CICIDS2017_COVERAGE_R1,777,0.8,CB-Score,F1,0.9,0.0,True,0.0,572779.0
CICIDS2017_COVERAGE_R1,777,0.8,CB-Score,F1,0.95,0.0,True,0.0,572779.0
CICIDS2017_COVERAGE_R1,777,0.8,CB-Score,PR_AUC,0.9,0.02856910712150601,True,0.0,572779.0
CICIDS2017_COVERAGE_R1,777,0.8,CB-Score,PR_AUC,0.95,0.03015627973936745,True,1.0,1019541.0
CICIDS2017_COVERAGE_R1,777,0.8,Historical-DoubleCost,F1,0.9,0.0,True,0.0,572779.0
CICIDS2017_COVERAGE_R1,777,0.8,Historical-DoubleCost,F1,0.95,0.0,True,0.0,572779.0
CICIDS2017_COVERAGE_R1,777,0.8,Historical-DoubleCost,PR_AUC,0.9,0.02856910712150601,True,0.0,572779.0
CICIDS2017_COVERAGE_R1,777,0.8,Historical-DoubleCost,PR_AUC,0.95,0.03015627973936745,True,1.0,1019541.0
CICIDS2017_COVERAGE_R1,777,0.8,Oort-Style-Adapted,F1,0.9,0.0,True,0.0,572779.0
CICIDS2017_COVERAGE_R1,777,0.8,Oort-Style-Adapted,F1,0.95,0.0,True,0.0,572779.0
CICIDS2017_COVERAGE_R1,777,0.8,Oort-Style-Adapted,PR_AUC,0.9,0.02856910712150601,True,0.0,572779.0
CICIDS2017_COVERAGE_R1,777,0.8,Oort-Style-Adapted,PR_AUC,0.95,0.03015627973936745,True,1.0,1145913.0
CICIDS2017_COVERAGE_R1,777,0.8,Oracle-Score-Exact,F1,0.9,0.0,True,0.0,572779.0
CICIDS2017_COVERAGE_R1,777,0.8,Oracle-Score-Exact,F1,0.95,0.0,True,0.0,572779.0
CICIDS2017_COVERAGE_R1,777,0.8,Oracle-Score-Exact,PR_AUC,0.9,0.02856910712150601,True,0.0,572779.0
CICIDS2017_COVERAGE_R1,777,0.8,Oracle-Score-Exact,PR_AUC,0.95,0.03015627973936745,True,1.0,1019541.0
CICIDS2017_COVERAGE_R1,777,1.0,Full-Contextual,F1,0.9,0.0,True,0.0,698036.0
CICIDS2017_COVERAGE_R1,777,1.0,Full-Contextual,F1,0.95,0.0,True,0.0,698036.0
CICIDS2017_COVERAGE_R1,777,1.0,Full-Contextual,PR_AUC,0.9,0.02856910712150601,True,0.0,698036.0
CICIDS2017_COVERAGE_R1,777,1.0,Full-Contextual,PR_AUC,0.95,0.03015627973936745,True,1.0,1396411.0
CICIDS2017_COVERAGE_R1,777,1.0,Random-Budget,F1,0.9,0.0,True,0.0,698806.0
CICIDS2017_COVERAGE_R1,777,1.0,Random-Budget,F1,0.95,0.0,True,0.0,698806.0
CICIDS2017_COVERAGE_R1,777,1.0,Random-Budget,PR_AUC,0.9,0.02856910712150601,True,0.0,698806.0
CICIDS2017_COVERAGE_R1,777,1.0,Random-Budget,PR_AUC,0.95,0.03015627973936745,True,1.0,1397951.0
CICIDS2017_COVERAGE_R1,777,1.0,Cost-Only,F1,0.9,0.0,True,0.0,698886.0
CICIDS2017_COVERAGE_R1,777,1.0,Cost-Only,F1,0.95,0.0,True,0.0,698886.0
CICIDS2017_COVERAGE_R1,777,1.0,Cost-Only,PR_AUC,0.9,0.02856910712150601,True,0.0,698886.0
CICIDS2017_COVERAGE_R1,777,1.0,Cost-Only,PR_AUC,0.95,0.03015627973936745,True,1.0,1398111.0
CICIDS2017_COVERAGE_R1,777,1.0,Utility-Only,F1,0.9,0.0,True,0.0,635860.0
CICIDS2017_COVERAGE_R1,777,1.0,Utility-Only,F1,0.95,0.0,True,0.0,635860.0
CICIDS2017_COVERAGE_R1,777,1.0,Utility-Only,PR_AUC,0.9,0.02856910712150601,True,0.0,635860.0
CICIDS2017_COVERAGE_R1,777,1.0,Utility-Only,PR_AUC,0.95,0.03015627973936745,True,1.0,1335350.0
CICIDS2017_COVERAGE_R1,777,1.0,Utility-Cost-Ratio,F1,0.9,0.0,True,0.0,635860.0
CICIDS2017_COVERAGE_R1,777,1.0,Utility-Cost-Ratio,F1,0.95,0.0,True,0.0,635860.0
CICIDS2017_COVERAGE_R1,777,1.0,Utility-Cost-Ratio,PR_AUC,0.9,0.02856910712150601,True,0.0,635860.0
CICIDS2017_COVERAGE_R1,777,1.0,Utility-Cost-Ratio,PR_AUC,0.95,0.03015627973936745,True,1.0,1335350.0
CICIDS2017_COVERAGE_R1,777,1.0,CB-Score,F1,0.9,0.0,True,0.0,635860.0
CICIDS2017_COVERAGE_R1,777,1.0,CB-Score,F1,0.95,0.0,True,0.0,635860.0
CICIDS2017_COVERAGE_R1,777,1.0,CB-Score,PR_AUC,0.9,0.02856910712150601,True,0.0,635860.0
CICIDS2017_COVERAGE_R1,777,1.0,CB-Score,PR_AUC,0.95,0.03015627973936745,True,1.0,1019754.0
CICIDS2017_COVERAGE_R1,777,1.0,Historical-DoubleCost,F1,0.9,0.0,True,0.0,635860.0
CICIDS2017_COVERAGE_R1,777,1.0,Historical-DoubleCost,F1,0.95,0.0,True,0.0,635860.0
CICIDS2017_COVERAGE_R1,777,1.0,Historical-DoubleCost,PR_AUC,0.9,0.02856910712150601,True,0.0,635860.0
CICIDS2017_COVERAGE_R1,777,1.0,Historical-DoubleCost,PR_AUC,0.95,0.03015627973936745,True,1.0,1019754.0
CICIDS2017_COVERAGE_R1,777,1.0,Oort-Style-Adapted,F1,0.9,0.0,True,0.0,635860.0
CICIDS2017_COVERAGE_R1,777,1.0,Oort-Style-Adapted,F1,0.95,0.0,True,0.0,635860.0
CICIDS2017_COVERAGE_R1,777,1.0,Oort-Style-Adapted,PR_AUC,0.9,0.02856910712150601,True,0.0,635860.0
CICIDS2017_COVERAGE_R1,777,1.0,Oort-Style-Adapted,PR_AUC,0.95,0.03015627973936745,True,1.0,1335350.0
CICIDS2017_COVERAGE_R1,777,1.0,Oracle-Score-Exact,F1,0.9,0.0,True,0.0,635860.0
CICIDS2017_COVERAGE_R1,777,1.0,Oracle-Score-Exact,F1,0.95,0.0,True,0.0,635860.0
CICIDS2017_COVERAGE_R1,777,1.0,Oracle-Score-Exact,PR_AUC,0.9,0.02856910712150601,True,0.0,635860.0
CICIDS2017_COVERAGE_R1,777,1.0,Oracle-Score-Exact,PR_AUC,0.95,0.03015627973936745,True,1.0,1019754.0
CICIDS2017_COVERAGE_R1,2026,0.1,Full-Contextual,F1,0.9,0.00138996138996135,True,16.0,11777581.0
CICIDS2017_COVERAGE_R1,2026,0.1,Full-Contextual,F1,0.95,0.001467181467181425,True,16.0,11777581.0
CICIDS2017_COVERAGE_R1,2026,0.1,Full-Contextual,PR_AUC,0.9,0.03048677333188542,True,0.0,698199.0
CICIDS2017_COVERAGE_R1,2026,0.1,Full-Contextual,PR_AUC,0.95,0.03218048296143461,True,0.0,698199.0
CICIDS2017_COVERAGE_R1,2026,0.1,Random-Budget,F1,0.9,0.00138996138996135,True,0.0,131484.0
CICIDS2017_COVERAGE_R1,2026,0.1,Random-Budget,F1,0.95,0.001467181467181425,True,0.0,131484.0
CICIDS2017_COVERAGE_R1,2026,0.1,Random-Budget,PR_AUC,0.9,0.03048677333188542,True,0.0,131484.0
CICIDS2017_COVERAGE_R1,2026,0.1,Random-Budget,PR_AUC,0.95,0.03218048296143461,True,0.0,131484.0
CICIDS2017_COVERAGE_R1,2026,0.1,Cost-Only,F1,0.9,0.00138996138996135,False,,
CICIDS2017_COVERAGE_R1,2026,0.1,Cost-Only,F1,0.95,0.001467181467181425,False,,
CICIDS2017_COVERAGE_R1,2026,0.1,Cost-Only,PR_AUC,0.9,0.03048677333188542,True,0.0,131319.0
CICIDS2017_COVERAGE_R1,2026,0.1,Cost-Only,PR_AUC,0.95,0.03218048296143461,True,0.0,131319.0
CICIDS2017_COVERAGE_R1,2026,0.1,Utility-Only,F1,0.9,0.00138996138996135,False,,
CICIDS2017_COVERAGE_R1,2026,0.1,Utility-Only,F1,0.95,0.001467181467181425,False,,
CICIDS2017_COVERAGE_R1,2026,0.1,Utility-Only,PR_AUC,0.9,0.03048677333188542,True,1.0,263283.0
CICIDS2017_COVERAGE_R1,2026,0.1,Utility-Only,PR_AUC,0.95,0.03218048296143461,True,1.0,263283.0
CICIDS2017_COVERAGE_R1,2026,0.1,Utility-Cost-Ratio,F1,0.9,0.00138996138996135,False,,
CICIDS2017_COVERAGE_R1,2026,0.1,Utility-Cost-Ratio,F1,0.95,0.001467181467181425,False,,
CICIDS2017_COVERAGE_R1,2026,0.1,Utility-Cost-Ratio,PR_AUC,0.9,0.03048677333188542,True,1.0,263283.0
CICIDS2017_COVERAGE_R1,2026,0.1,Utility-Cost-Ratio,PR_AUC,0.95,0.03218048296143461,True,1.0,263283.0
CICIDS2017_COVERAGE_R1,2026,0.1,CB-Score,F1,0.9,0.00138996138996135,False,,
CICIDS2017_COVERAGE_R1,2026,0.1,CB-Score,F1,0.95,0.001467181467181425,False,,
CICIDS2017_COVERAGE_R1,2026,0.1,CB-Score,PR_AUC,0.9,0.03048677333188542,True,1.0,263283.0
CICIDS2017_COVERAGE_R1,2026,0.1,CB-Score,PR_AUC,0.95,0.03218048296143461,True,1.0,263283.0
CICIDS2017_COVERAGE_R1,2026,0.1,Historical-DoubleCost,F1,0.9,0.00138996138996135,False,,
CICIDS2017_COVERAGE_R1,2026,0.1,Historical-DoubleCost,F1,0.95,0.001467181467181425,False,,
CICIDS2017_COVERAGE_R1,2026,0.1,Historical-DoubleCost,PR_AUC,0.9,0.03048677333188542,True,1.0,263283.0
CICIDS2017_COVERAGE_R1,2026,0.1,Historical-DoubleCost,PR_AUC,0.95,0.03218048296143461,True,1.0,263283.0
CICIDS2017_COVERAGE_R1,2026,0.1,Oort-Style-Adapted,F1,0.9,0.00138996138996135,True,19.0,2600804.0
CICIDS2017_COVERAGE_R1,2026,0.1,Oort-Style-Adapted,F1,0.95,0.001467181467181425,True,19.0,2600804.0
CICIDS2017_COVERAGE_R1,2026,0.1,Oort-Style-Adapted,PR_AUC,0.9,0.03048677333188542,True,1.0,263283.0
CICIDS2017_COVERAGE_R1,2026,0.1,Oort-Style-Adapted,PR_AUC,0.95,0.03218048296143461,True,1.0,263283.0
CICIDS2017_COVERAGE_R1,2026,0.1,Oracle-Score-Exact,F1,0.9,0.00138996138996135,False,,
CICIDS2017_COVERAGE_R1,2026,0.1,Oracle-Score-Exact,F1,0.95,0.001467181467181425,False,,
CICIDS2017_COVERAGE_R1,2026,0.1,Oracle-Score-Exact,PR_AUC,0.9,0.03048677333188542,True,1.0,263283.0
CICIDS2017_COVERAGE_R1,2026,0.1,Oracle-Score-Exact,PR_AUC,0.95,0.03218048296143461,True,1.0,263283.0
CICIDS2017_COVERAGE_R1,2026,0.2,Full-Contextual,F1,0.9,0.00138996138996135,True,16.0,11777581.0
CICIDS2017_COVERAGE_R1,2026,0.2,Full-Contextual,F1,0.95,0.001467181467181425,True,16.0,11777581.0
CICIDS2017_COVERAGE_R1,2026,0.2,Full-Contextual,PR_AUC,0.9,0.03048677333188542,True,0.0,698199.0
CICIDS2017_COVERAGE_R1,2026,0.2,Full-Contextual,PR_AUC,0.95,0.03218048296143461,True,0.0,698199.0
CICIDS2017_COVERAGE_R1,2026,0.2,Random-Budget,F1,0.9,0.00138996138996135,True,0.0,194614.0
CICIDS2017_COVERAGE_R1,2026,0.2,Random-Budget,F1,0.95,0.001467181467181425,True,0.0,194614.0
CICIDS2017_COVERAGE_R1,2026,0.2,Random-Budget,PR_AUC,0.9,0.03048677333188542,True,0.0,194614.0
CICIDS2017_COVERAGE_R1,2026,0.2,Random-Budget,PR_AUC,0.95,0.03218048296143461,True,0.0,194614.0
CICIDS2017_COVERAGE_R1,2026,0.2,Cost-Only,F1,0.9,0.00138996138996135,False,,
CICIDS2017_COVERAGE_R1,2026,0.2,Cost-Only,F1,0.95,0.001467181467181425,False,,
CICIDS2017_COVERAGE_R1,2026,0.2,Cost-Only,PR_AUC,0.9,0.03048677333188542,True,0.0,194336.0
CICIDS2017_COVERAGE_R1,2026,0.2,Cost-Only,PR_AUC,0.95,0.03218048296143461,True,0.0,194336.0
CICIDS2017_COVERAGE_R1,2026,0.2,Utility-Only,F1,0.9,0.00138996138996135,True,0.0,194644.0
CICIDS2017_COVERAGE_R1,2026,0.2,Utility-Only,F1,0.95,0.001467181467181425,True,0.0,194644.0
CICIDS2017_COVERAGE_R1,2026,0.2,Utility-Only,PR_AUC,0.9,0.03048677333188542,True,0.0,194644.0
CICIDS2017_COVERAGE_R1,2026,0.2,Utility-Only,PR_AUC,0.95,0.03218048296143461,True,0.0,194644.0
CICIDS2017_COVERAGE_R1,2026,0.2,Utility-Cost-Ratio,F1,0.9,0.00138996138996135,True,0.0,194644.0
CICIDS2017_COVERAGE_R1,2026,0.2,Utility-Cost-Ratio,F1,0.95,0.001467181467181425,True,0.0,194644.0
CICIDS2017_COVERAGE_R1,2026,0.2,Utility-Cost-Ratio,PR_AUC,0.9,0.03048677333188542,True,0.0,194644.0
CICIDS2017_COVERAGE_R1,2026,0.2,Utility-Cost-Ratio,PR_AUC,0.95,0.03218048296143461,True,0.0,194644.0
CICIDS2017_COVERAGE_R1,2026,0.2,CB-Score,F1,0.9,0.00138996138996135,True,0.0,194644.0
CICIDS2017_COVERAGE_R1,2026,0.2,CB-Score,F1,0.95,0.001467181467181425,True,0.0,194644.0
CICIDS2017_COVERAGE_R1,2026,0.2,CB-Score,PR_AUC,0.9,0.03048677333188542,True,0.0,194644.0
CICIDS2017_COVERAGE_R1,2026,0.2,CB-Score,PR_AUC,0.95,0.03218048296143461,True,0.0,194644.0
CICIDS2017_COVERAGE_R1,2026,0.2,Historical-DoubleCost,F1,0.9,0.00138996138996135,True,0.0,194644.0
CICIDS2017_COVERAGE_R1,2026,0.2,Historical-DoubleCost,F1,0.95,0.001467181467181425,True,0.0,194644.0
CICIDS2017_COVERAGE_R1,2026,0.2,Historical-DoubleCost,PR_AUC,0.9,0.03048677333188542,True,0.0,194644.0
CICIDS2017_COVERAGE_R1,2026,0.2,Historical-DoubleCost,PR_AUC,0.95,0.03218048296143461,True,0.0,194644.0
CICIDS2017_COVERAGE_R1,2026,0.2,Oort-Style-Adapted,F1,0.9,0.00138996138996135,True,0.0,194644.0
CICIDS2017_COVERAGE_R1,2026,0.2,Oort-Style-Adapted,F1,0.95,0.001467181467181425,True,0.0,194644.0
CICIDS2017_COVERAGE_R1,2026,0.2,Oort-Style-Adapted,PR_AUC,0.9,0.03048677333188542,True,0.0,194644.0
CICIDS2017_COVERAGE_R1,2026,0.2,Oort-Style-Adapted,PR_AUC,0.95,0.03218048296143461,True,0.0,194644.0
CICIDS2017_COVERAGE_R1,2026,0.2,Oracle-Score-Exact,F1,0.9,0.00138996138996135,True,0.0,194644.0
CICIDS2017_COVERAGE_R1,2026,0.2,Oracle-Score-Exact,F1,0.95,0.001467181467181425,True,0.0,194644.0
CICIDS2017_COVERAGE_R1,2026,0.2,Oracle-Score-Exact,PR_AUC,0.9,0.03048677333188542,True,0.0,194644.0
CICIDS2017_COVERAGE_R1,2026,0.2,Oracle-Score-Exact,PR_AUC,0.95,0.03218048296143461,True,0.0,194644.0
CICIDS2017_COVERAGE_R1,2026,0.4,Full-Contextual,F1,0.9,0.00138996138996135,True,16.0,11777581.0
CICIDS2017_COVERAGE_R1,2026,0.4,Full-Contextual,F1,0.95,0.001467181467181425,True,16.0,11777581.0
CICIDS2017_COVERAGE_R1,2026,0.4,Full-Contextual,PR_AUC,0.9,0.03048677333188542,True,0.0,698199.0
CICIDS2017_COVERAGE_R1,2026,0.4,Full-Contextual,PR_AUC,0.95,0.03218048296143461,True,0.0,698199.0
CICIDS2017_COVERAGE_R1,2026,0.4,Random-Budget,F1,0.9,0.00138996138996135,True,29.0,9484216.0
CICIDS2017_COVERAGE_R1,2026,0.4,Random-Budget,F1,0.95,0.001467181467181425,False,,
CICIDS2017_COVERAGE_R1,2026,0.4,Random-Budget,PR_AUC,0.9,0.03048677333188542,True,0.0,320569.0
CICIDS2017_COVERAGE_R1,2026,0.4,Random-Budget,PR_AUC,0.95,0.03218048296143461,True,0.0,320569.0
CICIDS2017_COVERAGE_R1,2026,0.4,Cost-Only,F1,0.9,0.00138996138996135,False,,
CICIDS2017_COVERAGE_R1,2026,0.4,Cost-Only,F1,0.95,0.001467181467181425,False,,
CICIDS2017_COVERAGE_R1,2026,0.4,Cost-Only,PR_AUC,0.9,0.03048677333188542,True,0.0,320378.0
CICIDS2017_COVERAGE_R1,2026,0.4,Cost-Only,PR_AUC,0.95,0.03218048296143461,True,0.0,320378.0
CICIDS2017_COVERAGE_R1,2026,0.4,Utility-Only,F1,0.9,0.00138996138996135,True,1.0,578497.0
CICIDS2017_COVERAGE_R1,2026,0.4,Utility-Only,F1,0.95,0.001467181467181425,True,1.0,578497.0
CICIDS2017_COVERAGE_R1,2026,0.4,Utility-Only,PR_AUC,0.9,0.03048677333188542,True,0.0,320597.0
CICIDS2017_COVERAGE_R1,2026,0.4,Utility-Only,PR_AUC,0.95,0.03218048296143461,True,0.0,320597.0
CICIDS2017_COVERAGE_R1,2026,0.4,Utility-Cost-Ratio,F1,0.9,0.00138996138996135,True,1.0,578497.0
CICIDS2017_COVERAGE_R1,2026,0.4,Utility-Cost-Ratio,F1,0.95,0.001467181467181425,True,1.0,578497.0
CICIDS2017_COVERAGE_R1,2026,0.4,Utility-Cost-Ratio,PR_AUC,0.9,0.03048677333188542,True,0.0,320597.0
CICIDS2017_COVERAGE_R1,2026,0.4,Utility-Cost-Ratio,PR_AUC,0.95,0.03218048296143461,True,0.0,320597.0
CICIDS2017_COVERAGE_R1,2026,0.4,CB-Score,F1,0.9,0.00138996138996135,True,2.0,834656.0
CICIDS2017_COVERAGE_R1,2026,0.4,CB-Score,F1,0.95,0.001467181467181425,True,2.0,834656.0
CICIDS2017_COVERAGE_R1,2026,0.4,CB-Score,PR_AUC,0.9,0.03048677333188542,True,0.0,257848.0
CICIDS2017_COVERAGE_R1,2026,0.4,CB-Score,PR_AUC,0.95,0.03218048296143461,True,1.0,577944.0
CICIDS2017_COVERAGE_R1,2026,0.4,Historical-DoubleCost,F1,0.9,0.00138996138996135,True,23.0,7422405.0
CICIDS2017_COVERAGE_R1,2026,0.4,Historical-DoubleCost,F1,0.95,0.001467181467181425,True,25.0,8059545.0
CICIDS2017_COVERAGE_R1,2026,0.4,Historical-DoubleCost,PR_AUC,0.9,0.03048677333188542,True,0.0,257848.0
CICIDS2017_COVERAGE_R1,2026,0.4,Historical-DoubleCost,PR_AUC,0.95,0.03218048296143461,True,1.0,577944.0
CICIDS2017_COVERAGE_R1,2026,0.4,Oort-Style-Adapted,F1,0.9,0.00138996138996135,True,1.0,578424.0
CICIDS2017_COVERAGE_R1,2026,0.4,Oort-Style-Adapted,F1,0.95,0.001467181467181425,True,1.0,578424.0
CICIDS2017_COVERAGE_R1,2026,0.4,Oort-Style-Adapted,PR_AUC,0.9,0.03048677333188542,True,0.0,320597.0
CICIDS2017_COVERAGE_R1,2026,0.4,Oort-Style-Adapted,PR_AUC,0.95,0.03218048296143461,True,0.0,320597.0
CICIDS2017_COVERAGE_R1,2026,0.4,Oracle-Score-Exact,F1,0.9,0.00138996138996135,True,0.0,320743.0
CICIDS2017_COVERAGE_R1,2026,0.4,Oracle-Score-Exact,F1,0.95,0.001467181467181425,True,0.0,320743.0
CICIDS2017_COVERAGE_R1,2026,0.4,Oracle-Score-Exact,PR_AUC,0.9,0.03048677333188542,True,0.0,320743.0
CICIDS2017_COVERAGE_R1,2026,0.4,Oracle-Score-Exact,PR_AUC,0.95,0.03218048296143461,True,0.0,320743.0
CICIDS2017_COVERAGE_R1,2026,0.6,Full-Contextual,F1,0.9,0.00138996138996135,True,16.0,11777581.0
CICIDS2017_COVERAGE_R1,2026,0.6,Full-Contextual,F1,0.95,0.001467181467181425,True,16.0,11777581.0
CICIDS2017_COVERAGE_R1,2026,0.6,Full-Contextual,PR_AUC,0.9,0.03048677333188542,True,0.0,698199.0
CICIDS2017_COVERAGE_R1,2026,0.6,Full-Contextual,PR_AUC,0.95,0.03218048296143461,True,0.0,698199.0
CICIDS2017_COVERAGE_R1,2026,0.6,Random-Budget,F1,0.9,0.00138996138996135,False,,
CICIDS2017_COVERAGE_R1,2026,0.6,Random-Budget,F1,0.95,0.001467181467181425,False,,
CICIDS2017_COVERAGE_R1,2026,0.6,Random-Budget,PR_AUC,0.9,0.03048677333188542,True,0.0,446623.0
CICIDS2017_COVERAGE_R1,2026,0.6,Random-Budget,PR_AUC,0.95,0.03218048296143461,True,0.0,446623.0
CICIDS2017_COVERAGE_R1,2026,0.6,Cost-Only,F1,0.9,0.00138996138996135,False,,
CICIDS2017_COVERAGE_R1,2026,0.6,Cost-Only,F1,0.95,0.001467181467181425,False,,
CICIDS2017_COVERAGE_R1,2026,0.6,Cost-Only,PR_AUC,0.9,0.03048677333188542,True,0.0,446542.0
CICIDS2017_COVERAGE_R1,2026,0.6,Cost-Only,PR_AUC,0.95,0.03218048296143461,True,0.0,446542.0
CICIDS2017_COVERAGE_R1,2026,0.6,Utility-Only,F1,0.9,0.00138996138996135,True,2.0,1086703.0
CICIDS2017_COVERAGE_R1,2026,0.6,Utility-Only,F1,0.95,0.001467181467181425,True,2.0,1086703.0
CICIDS2017_COVERAGE_R1,2026,0.6,Utility-Only,PR_AUC,0.9,0.03048677333188542,True,0.0,384140.0
CICIDS2017_COVERAGE_R1,2026,0.6,Utility-Only,PR_AUC,0.95,0.03218048296143461,True,0.0,384140.0
CICIDS2017_COVERAGE_R1,2026,0.6,Utility-Cost-Ratio,F1,0.9,0.00138996138996135,True,2.0,1086703.0
CICIDS2017_COVERAGE_R1,2026,0.6,Utility-Cost-Ratio,F1,0.95,0.001467181467181425,True,2.0,1086703.0
CICIDS2017_COVERAGE_R1,2026,0.6,Utility-Cost-Ratio,PR_AUC,0.9,0.03048677333188542,True,0.0,384140.0
CICIDS2017_COVERAGE_R1,2026,0.6,Utility-Cost-Ratio,PR_AUC,0.95,0.03218048296143461,True,0.0,384140.0
CICIDS2017_COVERAGE_R1,2026,0.6,CB-Score,F1,0.9,0.00138996138996135,True,2.0,1212568.0
CICIDS2017_COVERAGE_R1,2026,0.6,CB-Score,F1,0.95,0.001467181467181425,True,2.0,1212568.0
CICIDS2017_COVERAGE_R1,2026,0.6,CB-Score,PR_AUC,0.9,0.03048677333188542,True,0.0,384140.0
CICIDS2017_COVERAGE_R1,2026,0.6,CB-Score,PR_AUC,0.95,0.03218048296143461,True,0.0,384140.0
CICIDS2017_COVERAGE_R1,2026,0.6,Historical-DoubleCost,F1,0.9,0.00138996138996135,True,2.0,1212568.0
CICIDS2017_COVERAGE_R1,2026,0.6,Historical-DoubleCost,F1,0.95,0.001467181467181425,True,2.0,1212568.0
CICIDS2017_COVERAGE_R1,2026,0.6,Historical-DoubleCost,PR_AUC,0.9,0.03048677333188542,True,0.0,384140.0
CICIDS2017_COVERAGE_R1,2026,0.6,Historical-DoubleCost,PR_AUC,0.95,0.03218048296143461,True,0.0,384140.0
CICIDS2017_COVERAGE_R1,2026,0.6,Oort-Style-Adapted,F1,0.9,0.00138996138996135,True,4.0,1663682.0
CICIDS2017_COVERAGE_R1,2026,0.6,Oort-Style-Adapted,F1,0.95,0.001467181467181425,True,4.0,1663682.0
CICIDS2017_COVERAGE_R1,2026,0.6,Oort-Style-Adapted,PR_AUC,0.9,0.03048677333188542,True,0.0,384140.0
CICIDS2017_COVERAGE_R1,2026,0.6,Oort-Style-Adapted,PR_AUC,0.95,0.03218048296143461,True,0.0,384140.0
CICIDS2017_COVERAGE_R1,2026,0.6,Oracle-Score-Exact,F1,0.9,0.00138996138996135,True,19.0,6919810.0
CICIDS2017_COVERAGE_R1,2026,0.6,Oracle-Score-Exact,F1,0.95,0.001467181467181425,True,19.0,6919810.0
CICIDS2017_COVERAGE_R1,2026,0.6,Oracle-Score-Exact,PR_AUC,0.9,0.03048677333188542,True,0.0,384140.0
CICIDS2017_COVERAGE_R1,2026,0.6,Oracle-Score-Exact,PR_AUC,0.95,0.03218048296143461,True,0.0,384140.0
CICIDS2017_COVERAGE_R1,2026,0.8,Full-Contextual,F1,0.9,0.00138996138996135,True,16.0,11777581.0
CICIDS2017_COVERAGE_R1,2026,0.8,Full-Contextual,F1,0.95,0.001467181467181425,True,16.0,11777581.0
CICIDS2017_COVERAGE_R1,2026,0.8,Full-Contextual,PR_AUC,0.9,0.03048677333188542,True,0.0,698199.0
CICIDS2017_COVERAGE_R1,2026,0.8,Full-Contextual,PR_AUC,0.95,0.03218048296143461,True,0.0,698199.0
CICIDS2017_COVERAGE_R1,2026,0.8,Random-Budget,F1,0.9,0.00138996138996135,True,16.0,9598021.0
CICIDS2017_COVERAGE_R1,2026,0.8,Random-Budget,F1,0.95,0.001467181467181425,True,16.0,9598021.0
CICIDS2017_COVERAGE_R1,2026,0.8,Random-Budget,PR_AUC,0.9,0.03048677333188542,True,0.0,572814.0
CICIDS2017_COVERAGE_R1,2026,0.8,Random-Budget,PR_AUC,0.95,0.03218048296143461,True,0.0,572814.0
CICIDS2017_COVERAGE_R1,2026,0.8,Cost-Only,F1,0.9,0.00138996138996135,True,18.0,10803890.0
CICIDS2017_COVERAGE_R1,2026,0.8,Cost-Only,F1,0.95,0.001467181467181425,True,18.0,10803890.0
CICIDS2017_COVERAGE_R1,2026,0.8,Cost-Only,PR_AUC,0.9,0.03048677333188542,True,0.0,572755.0
CICIDS2017_COVERAGE_R1,2026,0.8,Cost-Only,PR_AUC,0.95,0.03218048296143461,True,0.0,572755.0
CICIDS2017_COVERAGE_R1,2026,0.8,Utility-Only,F1,0.9,0.00138996138996135,True,0.0,510244.0
CICIDS2017_COVERAGE_R1,2026,0.8,Utility-Only,F1,0.95,0.001467181467181425,True,0.0,510244.0
CICIDS2017_COVERAGE_R1,2026,0.8,Utility-Only,PR_AUC,0.9,0.03048677333188542,True,0.0,510244.0
CICIDS2017_COVERAGE_R1,2026,0.8,Utility-Only,PR_AUC,0.95,0.03218048296143461,True,0.0,510244.0
CICIDS2017_COVERAGE_R1,2026,0.8,Utility-Cost-Ratio,F1,0.9,0.00138996138996135,True,0.0,510244.0
CICIDS2017_COVERAGE_R1,2026,0.8,Utility-Cost-Ratio,F1,0.95,0.001467181467181425,True,0.0,510244.0
CICIDS2017_COVERAGE_R1,2026,0.8,Utility-Cost-Ratio,PR_AUC,0.9,0.03048677333188542,True,0.0,510244.0
CICIDS2017_COVERAGE_R1,2026,0.8,Utility-Cost-Ratio,PR_AUC,0.95,0.03218048296143461,True,0.0,510244.0
CICIDS2017_COVERAGE_R1,2026,0.8,CB-Score,F1,0.9,0.00138996138996135,True,0.0,510142.0
CICIDS2017_COVERAGE_R1,2026,0.8,CB-Score,F1,0.95,0.001467181467181425,True,0.0,510142.0
CICIDS2017_COVERAGE_R1,2026,0.8,CB-Score,PR_AUC,0.9,0.03048677333188542,True,0.0,510142.0
CICIDS2017_COVERAGE_R1,2026,0.8,CB-Score,PR_AUC,0.95,0.03218048296143461,True,0.0,510142.0
CICIDS2017_COVERAGE_R1,2026,0.8,Historical-DoubleCost,F1,0.9,0.00138996138996135,True,0.0,510142.0
CICIDS2017_COVERAGE_R1,2026,0.8,Historical-DoubleCost,F1,0.95,0.001467181467181425,True,0.0,510142.0
CICIDS2017_COVERAGE_R1,2026,0.8,Historical-DoubleCost,PR_AUC,0.9,0.03048677333188542,True,0.0,510142.0
CICIDS2017_COVERAGE_R1,2026,0.8,Historical-DoubleCost,PR_AUC,0.95,0.03218048296143461,True,0.0,510142.0
CICIDS2017_COVERAGE_R1,2026,0.8,Oort-Style-Adapted,F1,0.9,0.00138996138996135,True,0.0,510243.0
CICIDS2017_COVERAGE_R1,2026,0.8,Oort-Style-Adapted,F1,0.95,0.001467181467181425,True,0.0,510243.0
CICIDS2017_COVERAGE_R1,2026,0.8,Oort-Style-Adapted,PR_AUC,0.9,0.03048677333188542,True,0.0,510243.0
CICIDS2017_COVERAGE_R1,2026,0.8,Oort-Style-Adapted,PR_AUC,0.95,0.03218048296143461,True,0.0,510243.0
CICIDS2017_COVERAGE_R1,2026,0.8,Oracle-Score-Exact,F1,0.9,0.00138996138996135,True,0.0,510142.0
CICIDS2017_COVERAGE_R1,2026,0.8,Oracle-Score-Exact,F1,0.95,0.001467181467181425,True,0.0,510142.0
CICIDS2017_COVERAGE_R1,2026,0.8,Oracle-Score-Exact,PR_AUC,0.9,0.03048677333188542,True,0.0,510142.0
CICIDS2017_COVERAGE_R1,2026,0.8,Oracle-Score-Exact,PR_AUC,0.95,0.03218048296143461,True,0.0,510142.0
CICIDS2017_COVERAGE_R1,2026,1.0,Full-Contextual,F1,0.9,0.00138996138996135,True,16.0,11777581.0
CICIDS2017_COVERAGE_R1,2026,1.0,Full-Contextual,F1,0.95,0.001467181467181425,True,16.0,11777581.0
CICIDS2017_COVERAGE_R1,2026,1.0,Full-Contextual,PR_AUC,0.9,0.03048677333188542,True,0.0,698199.0
CICIDS2017_COVERAGE_R1,2026,1.0,Full-Contextual,PR_AUC,0.95,0.03218048296143461,True,0.0,698199.0
CICIDS2017_COVERAGE_R1,2026,1.0,Random-Budget,F1,0.9,0.00138996138996135,True,16.0,11790671.0
CICIDS2017_COVERAGE_R1,2026,1.0,Random-Budget,F1,0.95,0.001467181467181425,True,16.0,11790671.0
CICIDS2017_COVERAGE_R1,2026,1.0,Random-Budget,PR_AUC,0.9,0.03048677333188542,True,0.0,698969.0
CICIDS2017_COVERAGE_R1,2026,1.0,Random-Budget,PR_AUC,0.95,0.03218048296143461,True,0.0,698969.0
CICIDS2017_COVERAGE_R1,2026,1.0,Cost-Only,F1,0.9,0.00138996138996135,True,16.0,11792031.0
CICIDS2017_COVERAGE_R1,2026,1.0,Cost-Only,F1,0.95,0.001467181467181425,True,16.0,11792031.0
CICIDS2017_COVERAGE_R1,2026,1.0,Cost-Only,PR_AUC,0.9,0.03048677333188542,True,0.0,699049.0
CICIDS2017_COVERAGE_R1,2026,1.0,Cost-Only,PR_AUC,0.95,0.03218048296143461,True,0.0,699049.0
CICIDS2017_COVERAGE_R1,2026,1.0,Utility-Only,F1,0.9,0.00138996138996135,True,1.0,1335493.0
CICIDS2017_COVERAGE_R1,2026,1.0,Utility-Only,F1,0.95,0.001467181467181425,True,1.0,1335493.0
CICIDS2017_COVERAGE_R1,2026,1.0,Utility-Only,PR_AUC,0.9,0.03048677333188542,True,0.0,699049.0
CICIDS2017_COVERAGE_R1,2026,1.0,Utility-Only,PR_AUC,0.95,0.03218048296143461,True,0.0,699049.0
CICIDS2017_COVERAGE_R1,2026,1.0,Utility-Cost-Ratio,F1,0.9,0.00138996138996135,True,1.0,1335493.0
CICIDS2017_COVERAGE_R1,2026,1.0,Utility-Cost-Ratio,F1,0.95,0.001467181467181425,True,1.0,1335493.0
CICIDS2017_COVERAGE_R1,2026,1.0,Utility-Cost-Ratio,PR_AUC,0.9,0.03048677333188542,True,0.0,699049.0
CICIDS2017_COVERAGE_R1,2026,1.0,Utility-Cost-Ratio,PR_AUC,0.95,0.03218048296143461,True,0.0,699049.0
CICIDS2017_COVERAGE_R1,2026,1.0,CB-Score,F1,0.9,0.00138996138996135,True,0.0,636326.0
CICIDS2017_COVERAGE_R1,2026,1.0,CB-Score,F1,0.95,0.001467181467181425,True,0.0,636326.0
CICIDS2017_COVERAGE_R1,2026,1.0,CB-Score,PR_AUC,0.9,0.03048677333188542,True,0.0,636326.0
CICIDS2017_COVERAGE_R1,2026,1.0,CB-Score,PR_AUC,0.95,0.03218048296143461,True,0.0,636326.0
CICIDS2017_COVERAGE_R1,2026,1.0,Historical-DoubleCost,F1,0.9,0.00138996138996135,True,0.0,636326.0
CICIDS2017_COVERAGE_R1,2026,1.0,Historical-DoubleCost,F1,0.95,0.001467181467181425,True,0.0,636326.0
CICIDS2017_COVERAGE_R1,2026,1.0,Historical-DoubleCost,PR_AUC,0.9,0.03048677333188542,True,0.0,636326.0
CICIDS2017_COVERAGE_R1,2026,1.0,Historical-DoubleCost,PR_AUC,0.95,0.03218048296143461,True,0.0,636326.0
CICIDS2017_COVERAGE_R1,2026,1.0,Oort-Style-Adapted,F1,0.9,0.00138996138996135,True,1.0,1335493.0
CICIDS2017_COVERAGE_R1,2026,1.0,Oort-Style-Adapted,F1,0.95,0.001467181467181425,True,1.0,1335493.0
CICIDS2017_COVERAGE_R1,2026,1.0,Oort-Style-Adapted,PR_AUC,0.9,0.03048677333188542,True,0.0,699049.0
CICIDS2017_COVERAGE_R1,2026,1.0,Oort-Style-Adapted,PR_AUC,0.95,0.03218048296143461,True,0.0,699049.0
CICIDS2017_COVERAGE_R1,2026,1.0,Oracle-Score-Exact,F1,0.9,0.00138996138996135,True,0.0,636326.0
CICIDS2017_COVERAGE_R1,2026,1.0,Oracle-Score-Exact,F1,0.95,0.001467181467181425,True,0.0,636326.0
CICIDS2017_COVERAGE_R1,2026,1.0,Oracle-Score-Exact,PR_AUC,0.9,0.03048677333188542,True,0.0,636326.0
CICIDS2017_COVERAGE_R1,2026,1.0,Oracle-Score-Exact,PR_AUC,0.95,0.03218048296143461,True,0.0,636326.0
CICIDS2017_COVERAGE_R1,3407,0.1,Full-Contextual,F1,0.9,0.0,True,0.0,698618.0
CICIDS2017_COVERAGE_R1,3407,0.1,Full-Contextual,F1,0.95,0.0,True,0.0,698618.0
CICIDS2017_COVERAGE_R1,3407,0.1,Full-Contextual,PR_AUC,0.9,0.03087992488499964,True,0.0,698618.0
CICIDS2017_COVERAGE_R1,3407,0.1,Full-Contextual,PR_AUC,0.95,0.03259547626749962,True,0.0,698618.0
CICIDS2017_COVERAGE_R1,3407,0.1,Random-Budget,F1,0.9,0.0,True,0.0,131591.0
CICIDS2017_COVERAGE_R1,3407,0.1,Random-Budget,F1,0.95,0.0,True,0.0,131591.0
CICIDS2017_COVERAGE_R1,3407,0.1,Random-Budget,PR_AUC,0.9,0.03087992488499964,True,0.0,131591.0
CICIDS2017_COVERAGE_R1,3407,0.1,Random-Budget,PR_AUC,0.95,0.03259547626749962,True,0.0,131591.0
CICIDS2017_COVERAGE_R1,3407,0.1,Cost-Only,F1,0.9,0.0,True,0.0,131453.0
CICIDS2017_COVERAGE_R1,3407,0.1,Cost-Only,F1,0.95,0.0,True,0.0,131453.0
CICIDS2017_COVERAGE_R1,3407,0.1,Cost-Only,PR_AUC,0.9,0.03087992488499964,True,0.0,131453.0
CICIDS2017_COVERAGE_R1,3407,0.1,Cost-Only,PR_AUC,0.95,0.03259547626749962,True,0.0,131453.0
CICIDS2017_COVERAGE_R1,3407,0.1,Utility-Only,F1,0.9,0.0,True,0.0,131665.0
CICIDS2017_COVERAGE_R1,3407,0.1,Utility-Only,F1,0.95,0.0,True,0.0,131665.0
CICIDS2017_COVERAGE_R1,3407,0.1,Utility-Only,PR_AUC,0.9,0.03087992488499964,True,1.0,263301.0
CICIDS2017_COVERAGE_R1,3407,0.1,Utility-Only,PR_AUC,0.95,0.03259547626749962,True,1.0,263301.0
CICIDS2017_COVERAGE_R1,3407,0.1,Utility-Cost-Ratio,F1,0.9,0.0,True,0.0,131665.0
CICIDS2017_COVERAGE_R1,3407,0.1,Utility-Cost-Ratio,F1,0.95,0.0,True,0.0,131665.0
CICIDS2017_COVERAGE_R1,3407,0.1,Utility-Cost-Ratio,PR_AUC,0.9,0.03087992488499964,True,1.0,263301.0
CICIDS2017_COVERAGE_R1,3407,0.1,Utility-Cost-Ratio,PR_AUC,0.95,0.03259547626749962,True,1.0,263301.0
CICIDS2017_COVERAGE_R1,3407,0.1,CB-Score,F1,0.9,0.0,True,0.0,131665.0
CICIDS2017_COVERAGE_R1,3407,0.1,CB-Score,F1,0.95,0.0,True,0.0,131665.0
CICIDS2017_COVERAGE_R1,3407,0.1,CB-Score,PR_AUC,0.9,0.03087992488499964,True,1.0,263301.0
CICIDS2017_COVERAGE_R1,3407,0.1,CB-Score,PR_AUC,0.95,0.03259547626749962,True,1.0,263301.0
CICIDS2017_COVERAGE_R1,3407,0.1,Historical-DoubleCost,F1,0.9,0.0,True,0.0,131665.0
CICIDS2017_COVERAGE_R1,3407,0.1,Historical-DoubleCost,F1,0.95,0.0,True,0.0,131665.0
CICIDS2017_COVERAGE_R1,3407,0.1,Historical-DoubleCost,PR_AUC,0.9,0.03087992488499964,True,1.0,263301.0
CICIDS2017_COVERAGE_R1,3407,0.1,Historical-DoubleCost,PR_AUC,0.95,0.03259547626749962,True,1.0,263301.0
CICIDS2017_COVERAGE_R1,3407,0.1,Oort-Style-Adapted,F1,0.9,0.0,True,0.0,131675.0
CICIDS2017_COVERAGE_R1,3407,0.1,Oort-Style-Adapted,F1,0.95,0.0,True,0.0,131675.0
CICIDS2017_COVERAGE_R1,3407,0.1,Oort-Style-Adapted,PR_AUC,0.9,0.03087992488499964,True,0.0,131675.0
CICIDS2017_COVERAGE_R1,3407,0.1,Oort-Style-Adapted,PR_AUC,0.95,0.03259547626749962,True,0.0,131675.0
CICIDS2017_COVERAGE_R1,3407,0.1,Oracle-Score-Exact,F1,0.9,0.0,True,0.0,131665.0
CICIDS2017_COVERAGE_R1,3407,0.1,Oracle-Score-Exact,F1,0.95,0.0,True,0.0,131665.0
CICIDS2017_COVERAGE_R1,3407,0.1,Oracle-Score-Exact,PR_AUC,0.9,0.03087992488499964,True,1.0,263301.0
CICIDS2017_COVERAGE_R1,3407,0.1,Oracle-Score-Exact,PR_AUC,0.95,0.03259547626749962,True,1.0,263301.0
CICIDS2017_COVERAGE_R1,3407,0.2,Full-Contextual,F1,0.9,0.0,True,0.0,698618.0
CICIDS2017_COVERAGE_R1,3407,0.2,Full-Contextual,F1,0.95,0.0,True,0.0,698618.0
CICIDS2017_COVERAGE_R1,3407,0.2,Full-Contextual,PR_AUC,0.9,0.03087992488499964,True,0.0,698618.0
CICIDS2017_COVERAGE_R1,3407,0.2,Full-Contextual,PR_AUC,0.95,0.03259547626749962,True,0.0,698618.0
CICIDS2017_COVERAGE_R1,3407,0.2,Random-Budget,F1,0.9,0.0,True,0.0,194580.0
CICIDS2017_COVERAGE_R1,3407,0.2,Random-Budget,F1,0.95,0.0,True,0.0,194580.0
CICIDS2017_COVERAGE_R1,3407,0.2,Random-Budget,PR_AUC,0.9,0.03087992488499964,True,0.0,194580.0
CICIDS2017_COVERAGE_R1,3407,0.2,Random-Budget,PR_AUC,0.95,0.03259547626749962,True,0.0,194580.0
CICIDS2017_COVERAGE_R1,3407,0.2,Cost-Only,F1,0.9,0.0,True,0.0,194510.0
CICIDS2017_COVERAGE_R1,3407,0.2,Cost-Only,F1,0.95,0.0,True,0.0,194510.0
CICIDS2017_COVERAGE_R1,3407,0.2,Cost-Only,PR_AUC,0.9,0.03087992488499964,True,0.0,194510.0
CICIDS2017_COVERAGE_R1,3407,0.2,Cost-Only,PR_AUC,0.95,0.03259547626749962,True,0.0,194510.0
CICIDS2017_COVERAGE_R1,3407,0.2,Utility-Only,F1,0.9,0.0,True,0.0,194749.0
CICIDS2017_COVERAGE_R1,3407,0.2,Utility-Only,F1,0.95,0.0,True,0.0,194749.0
CICIDS2017_COVERAGE_R1,3407,0.2,Utility-Only,PR_AUC,0.9,0.03087992488499964,True,0.0,194749.0
CICIDS2017_COVERAGE_R1,3407,0.2,Utility-Only,PR_AUC,0.95,0.03259547626749962,True,0.0,194749.0
CICIDS2017_COVERAGE_R1,3407,0.2,Utility-Cost-Ratio,F1,0.9,0.0,True,0.0,194749.0
CICIDS2017_COVERAGE_R1,3407,0.2,Utility-Cost-Ratio,F1,0.95,0.0,True,0.0,194749.0
CICIDS2017_COVERAGE_R1,3407,0.2,Utility-Cost-Ratio,PR_AUC,0.9,0.03087992488499964,True,0.0,194749.0
CICIDS2017_COVERAGE_R1,3407,0.2,Utility-Cost-Ratio,PR_AUC,0.95,0.03259547626749962,True,0.0,194749.0
CICIDS2017_COVERAGE_R1,3407,0.2,CB-Score,F1,0.9,0.0,True,0.0,194749.0
CICIDS2017_COVERAGE_R1,3407,0.2,CB-Score,F1,0.95,0.0,True,0.0,194749.0
CICIDS2017_COVERAGE_R1,3407,0.2,CB-Score,PR_AUC,0.9,0.03087992488499964,True,0.0,194749.0
CICIDS2017_COVERAGE_R1,3407,0.2,CB-Score,PR_AUC,0.95,0.03259547626749962,True,0.0,194749.0
CICIDS2017_COVERAGE_R1,3407,0.2,Historical-DoubleCost,F1,0.9,0.0,True,0.0,194749.0
CICIDS2017_COVERAGE_R1,3407,0.2,Historical-DoubleCost,F1,0.95,0.0,True,0.0,194749.0
CICIDS2017_COVERAGE_R1,3407,0.2,Historical-DoubleCost,PR_AUC,0.9,0.03087992488499964,True,0.0,194749.0
CICIDS2017_COVERAGE_R1,3407,0.2,Historical-DoubleCost,PR_AUC,0.95,0.03259547626749962,True,0.0,194749.0
CICIDS2017_COVERAGE_R1,3407,0.2,Oort-Style-Adapted,F1,0.9,0.0,True,0.0,194796.0
CICIDS2017_COVERAGE_R1,3407,0.2,Oort-Style-Adapted,F1,0.95,0.0,True,0.0,194796.0
CICIDS2017_COVERAGE_R1,3407,0.2,Oort-Style-Adapted,PR_AUC,0.9,0.03087992488499964,True,0.0,194796.0
CICIDS2017_COVERAGE_R1,3407,0.2,Oort-Style-Adapted,PR_AUC,0.95,0.03259547626749962,True,0.0,194796.0
CICIDS2017_COVERAGE_R1,3407,0.2,Oracle-Score-Exact,F1,0.9,0.0,True,0.0,194749.0
CICIDS2017_COVERAGE_R1,3407,0.2,Oracle-Score-Exact,F1,0.95,0.0,True,0.0,194749.0
CICIDS2017_COVERAGE_R1,3407,0.2,Oracle-Score-Exact,PR_AUC,0.9,0.03087992488499964,True,0.0,194749.0
CICIDS2017_COVERAGE_R1,3407,0.2,Oracle-Score-Exact,PR_AUC,0.95,0.03259547626749962,True,0.0,194749.0
CICIDS2017_COVERAGE_R1,3407,0.4,Full-Contextual,F1,0.9,0.0,True,0.0,698618.0
CICIDS2017_COVERAGE_R1,3407,0.4,Full-Contextual,F1,0.95,0.0,True,0.0,698618.0
CICIDS2017_COVERAGE_R1,3407,0.4,Full-Contextual,PR_AUC,0.9,0.03087992488499964,True,0.0,698618.0
CICIDS2017_COVERAGE_R1,3407,0.4,Full-Contextual,PR_AUC,0.95,0.03259547626749962,True,0.0,698618.0
CICIDS2017_COVERAGE_R1,3407,0.4,Random-Budget,F1,0.9,0.0,True,0.0,320744.0
CICIDS2017_COVERAGE_R1,3407,0.4,Random-Budget,F1,0.95,0.0,True,0.0,320744.0
CICIDS2017_COVERAGE_R1,3407,0.4,Random-Budget,PR_AUC,0.9,0.03087992488499964,True,0.0,320744.0
CICIDS2017_COVERAGE_R1,3407,0.4,Random-Budget,PR_AUC,0.95,0.03259547626749962,True,0.0,320744.0
CICIDS2017_COVERAGE_R1,3407,0.4,Cost-Only,F1,0.9,0.0,True,0.0,320649.0
CICIDS2017_COVERAGE_R1,3407,0.4,Cost-Only,F1,0.95,0.0,True,0.0,320649.0
CICIDS2017_COVERAGE_R1,3407,0.4,Cost-Only,PR_AUC,0.9,0.03087992488499964,True,0.0,320649.0
CICIDS2017_COVERAGE_R1,3407,0.4,Cost-Only,PR_AUC,0.95,0.03259547626749962,True,0.0,320649.0
CICIDS2017_COVERAGE_R1,3407,0.4,Utility-Only,F1,0.9,0.0,True,0.0,320957.0
CICIDS2017_COVERAGE_R1,3407,0.4,Utility-Only,F1,0.95,0.0,True,0.0,320957.0
CICIDS2017_COVERAGE_R1,3407,0.4,Utility-Only,PR_AUC,0.9,0.03087992488499964,True,0.0,320957.0
CICIDS2017_COVERAGE_R1,3407,0.4,Utility-Only,PR_AUC,0.95,0.03259547626749962,True,0.0,320957.0
CICIDS2017_COVERAGE_R1,3407,0.4,Utility-Cost-Ratio,F1,0.9,0.0,True,0.0,320957.0
CICIDS2017_COVERAGE_R1,3407,0.4,Utility-Cost-Ratio,F1,0.95,0.0,True,0.0,320957.0
CICIDS2017_COVERAGE_R1,3407,0.4,Utility-Cost-Ratio,PR_AUC,0.9,0.03087992488499964,True,0.0,320957.0
CICIDS2017_COVERAGE_R1,3407,0.4,Utility-Cost-Ratio,PR_AUC,0.95,0.03259547626749962,True,0.0,320957.0
CICIDS2017_COVERAGE_R1,3407,0.4,CB-Score,F1,0.9,0.0,True,0.0,320897.0
CICIDS2017_COVERAGE_R1,3407,0.4,CB-Score,F1,0.95,0.0,True,0.0,320897.0
CICIDS2017_COVERAGE_R1,3407,0.4,CB-Score,PR_AUC,0.9,0.03087992488499964,True,0.0,320897.0
CICIDS2017_COVERAGE_R1,3407,0.4,CB-Score,PR_AUC,0.95,0.03259547626749962,True,0.0,320897.0
CICIDS2017_COVERAGE_R1,3407,0.4,Historical-DoubleCost,F1,0.9,0.0,True,0.0,320897.0
CICIDS2017_COVERAGE_R1,3407,0.4,Historical-DoubleCost,F1,0.95,0.0,True,0.0,320897.0
CICIDS2017_COVERAGE_R1,3407,0.4,Historical-DoubleCost,PR_AUC,0.9,0.03087992488499964,True,0.0,320897.0
CICIDS2017_COVERAGE_R1,3407,0.4,Historical-DoubleCost,PR_AUC,0.95,0.03259547626749962,True,0.0,320897.0
CICIDS2017_COVERAGE_R1,3407,0.4,Oort-Style-Adapted,F1,0.9,0.0,True,0.0,320889.0
CICIDS2017_COVERAGE_R1,3407,0.4,Oort-Style-Adapted,F1,0.95,0.0,True,0.0,320889.0
CICIDS2017_COVERAGE_R1,3407,0.4,Oort-Style-Adapted,PR_AUC,0.9,0.03087992488499964,True,1.0,579224.0
CICIDS2017_COVERAGE_R1,3407,0.4,Oort-Style-Adapted,PR_AUC,0.95,0.03259547626749962,True,1.0,579224.0
CICIDS2017_COVERAGE_R1,3407,0.4,Oracle-Score-Exact,F1,0.9,0.0,True,0.0,320897.0
CICIDS2017_COVERAGE_R1,3407,0.4,Oracle-Score-Exact,F1,0.95,0.0,True,0.0,320897.0
CICIDS2017_COVERAGE_R1,3407,0.4,Oracle-Score-Exact,PR_AUC,0.9,0.03087992488499964,True,0.0,320897.0
CICIDS2017_COVERAGE_R1,3407,0.4,Oracle-Score-Exact,PR_AUC,0.95,0.03259547626749962,True,0.0,320897.0
CICIDS2017_COVERAGE_R1,3407,0.6,Full-Contextual,F1,0.9,0.0,True,0.0,698618.0
CICIDS2017_COVERAGE_R1,3407,0.6,Full-Contextual,F1,0.95,0.0,True,0.0,698618.0
CICIDS2017_COVERAGE_R1,3407,0.6,Full-Contextual,PR_AUC,0.9,0.03087992488499964,True,0.0,698618.0
CICIDS2017_COVERAGE_R1,3407,0.6,Full-Contextual,PR_AUC,0.95,0.03259547626749962,True,0.0,698618.0
CICIDS2017_COVERAGE_R1,3407,0.6,Random-Budget,F1,0.9,0.0,True,0.0,446987.0
CICIDS2017_COVERAGE_R1,3407,0.6,Random-Budget,F1,0.95,0.0,True,0.0,446987.0
CICIDS2017_COVERAGE_R1,3407,0.6,Random-Budget,PR_AUC,0.9,0.03087992488499964,True,0.0,446987.0
CICIDS2017_COVERAGE_R1,3407,0.6,Random-Budget,PR_AUC,0.95,0.03259547626749962,True,0.0,446987.0
CICIDS2017_COVERAGE_R1,3407,0.6,Cost-Only,F1,0.9,0.0,True,0.0,446845.0
CICIDS2017_COVERAGE_R1,3407,0.6,Cost-Only,F1,0.95,0.0,True,0.0,446845.0
CICIDS2017_COVERAGE_R1,3407,0.6,Cost-Only,PR_AUC,0.9,0.03087992488499964,True,0.0,446845.0
CICIDS2017_COVERAGE_R1,3407,0.6,Cost-Only,PR_AUC,0.95,0.03259547626749962,True,0.0,446845.0
CICIDS2017_COVERAGE_R1,3407,0.6,Utility-Only,F1,0.9,0.0,True,0.0,447075.0
CICIDS2017_COVERAGE_R1,3407,0.6,Utility-Only,F1,0.95,0.0,True,0.0,447075.0
CICIDS2017_COVERAGE_R1,3407,0.6,Utility-Only,PR_AUC,0.9,0.03087992488499964,True,1.0,894850.0
CICIDS2017_COVERAGE_R1,3407,0.6,Utility-Only,PR_AUC,0.95,0.03259547626749962,True,1.0,894850.0
CICIDS2017_COVERAGE_R1,3407,0.6,Utility-Cost-Ratio,F1,0.9,0.0,True,0.0,447075.0
CICIDS2017_COVERAGE_R1,3407,0.6,Utility-Cost-Ratio,F1,0.95,0.0,True,0.0,447075.0
CICIDS2017_COVERAGE_R1,3407,0.6,Utility-Cost-Ratio,PR_AUC,0.9,0.03087992488499964,True,1.0,894850.0
CICIDS2017_COVERAGE_R1,3407,0.6,Utility-Cost-Ratio,PR_AUC,0.95,0.03259547626749962,True,1.0,894850.0
CICIDS2017_COVERAGE_R1,3407,0.6,CB-Score,F1,0.9,0.0,True,0.0,447075.0
CICIDS2017_COVERAGE_R1,3407,0.6,CB-Score,F1,0.95,0.0,True,0.0,447075.0
CICIDS2017_COVERAGE_R1,3407,0.6,CB-Score,PR_AUC,0.9,0.03087992488499964,True,1.0,894850.0
CICIDS2017_COVERAGE_R1,3407,0.6,CB-Score,PR_AUC,0.95,0.03259547626749962,True,1.0,894850.0
CICIDS2017_COVERAGE_R1,3407,0.6,Historical-DoubleCost,F1,0.9,0.0,True,0.0,447075.0
CICIDS2017_COVERAGE_R1,3407,0.6,Historical-DoubleCost,F1,0.95,0.0,True,0.0,447075.0
CICIDS2017_COVERAGE_R1,3407,0.6,Historical-DoubleCost,PR_AUC,0.9,0.03087992488499964,True,1.0,894850.0
CICIDS2017_COVERAGE_R1,3407,0.6,Historical-DoubleCost,PR_AUC,0.95,0.03259547626749962,True,1.0,894850.0
CICIDS2017_COVERAGE_R1,3407,0.6,Oort-Style-Adapted,F1,0.9,0.0,True,0.0,447010.0
CICIDS2017_COVERAGE_R1,3407,0.6,Oort-Style-Adapted,F1,0.95,0.0,True,0.0,447010.0
CICIDS2017_COVERAGE_R1,3407,0.6,Oort-Style-Adapted,PR_AUC,0.9,0.03087992488499964,True,0.0,447010.0
CICIDS2017_COVERAGE_R1,3407,0.6,Oort-Style-Adapted,PR_AUC,0.95,0.03259547626749962,True,0.0,447010.0
CICIDS2017_COVERAGE_R1,3407,0.6,Oracle-Score-Exact,F1,0.9,0.0,True,0.0,447075.0
CICIDS2017_COVERAGE_R1,3407,0.6,Oracle-Score-Exact,F1,0.95,0.0,True,0.0,447075.0
CICIDS2017_COVERAGE_R1,3407,0.6,Oracle-Score-Exact,PR_AUC,0.9,0.03087992488499964,True,1.0,894850.0
CICIDS2017_COVERAGE_R1,3407,0.6,Oracle-Score-Exact,PR_AUC,0.95,0.03259547626749962,True,1.0,894850.0
CICIDS2017_COVERAGE_R1,3407,0.8,Full-Contextual,F1,0.9,0.0,True,0.0,698618.0
CICIDS2017_COVERAGE_R1,3407,0.8,Full-Contextual,F1,0.95,0.0,True,0.0,698618.0
CICIDS2017_COVERAGE_R1,3407,0.8,Full-Contextual,PR_AUC,0.9,0.03087992488499964,True,0.0,698618.0
CICIDS2017_COVERAGE_R1,3407,0.8,Full-Contextual,PR_AUC,0.95,0.03259547626749962,True,0.0,698618.0
CICIDS2017_COVERAGE_R1,3407,0.8,Random-Budget,F1,0.9,0.0,True,0.0,573151.0
CICIDS2017_COVERAGE_R1,3407,0.8,Random-Budget,F1,0.95,0.0,True,0.0,573151.0
CICIDS2017_COVERAGE_R1,3407,0.8,Random-Budget,PR_AUC,0.9,0.03087992488499964,True,0.0,573151.0
CICIDS2017_COVERAGE_R1,3407,0.8,Random-Budget,PR_AUC,0.95,0.03259547626749962,True,0.0,573151.0
CICIDS2017_COVERAGE_R1,3407,0.8,Cost-Only,F1,0.9,0.0,True,0.0,573083.0
CICIDS2017_COVERAGE_R1,3407,0.8,Cost-Only,F1,0.95,0.0,True,0.0,573083.0
CICIDS2017_COVERAGE_R1,3407,0.8,Cost-Only,PR_AUC,0.9,0.03087992488499964,True,0.0,573083.0
CICIDS2017_COVERAGE_R1,3407,0.8,Cost-Only,PR_AUC,0.95,0.03259547626749962,True,0.0,573083.0
CICIDS2017_COVERAGE_R1,3407,0.8,Utility-Only,F1,0.9,0.0,True,0.0,573189.0
CICIDS2017_COVERAGE_R1,3407,0.8,Utility-Only,F1,0.95,0.0,True,0.0,573189.0
CICIDS2017_COVERAGE_R1,3407,0.8,Utility-Only,PR_AUC,0.9,0.03087992488499964,True,0.0,573189.0
CICIDS2017_COVERAGE_R1,3407,0.8,Utility-Only,PR_AUC,0.95,0.03259547626749962,True,0.0,573189.0
CICIDS2017_COVERAGE_R1,3407,0.8,Utility-Cost-Ratio,F1,0.9,0.0,True,0.0,573189.0
CICIDS2017_COVERAGE_R1,3407,0.8,Utility-Cost-Ratio,F1,0.95,0.0,True,0.0,573189.0
CICIDS2017_COVERAGE_R1,3407,0.8,Utility-Cost-Ratio,PR_AUC,0.9,0.03087992488499964,True,0.0,573189.0
CICIDS2017_COVERAGE_R1,3407,0.8,Utility-Cost-Ratio,PR_AUC,0.95,0.03259547626749962,True,0.0,573189.0
CICIDS2017_COVERAGE_R1,3407,0.8,CB-Score,F1,0.9,0.0,True,0.0,510309.0
CICIDS2017_COVERAGE_R1,3407,0.8,CB-Score,F1,0.95,0.0,True,0.0,510309.0
CICIDS2017_COVERAGE_R1,3407,0.8,CB-Score,PR_AUC,0.9,0.03087992488499964,True,1.0,894660.0
CICIDS2017_COVERAGE_R1,3407,0.8,CB-Score,PR_AUC,0.95,0.03259547626749962,True,1.0,894660.0
CICIDS2017_COVERAGE_R1,3407,0.8,Historical-DoubleCost,F1,0.9,0.0,True,0.0,510309.0
CICIDS2017_COVERAGE_R1,3407,0.8,Historical-DoubleCost,F1,0.95,0.0,True,0.0,510309.0
CICIDS2017_COVERAGE_R1,3407,0.8,Historical-DoubleCost,PR_AUC,0.9,0.03087992488499964,True,1.0,894660.0
CICIDS2017_COVERAGE_R1,3407,0.8,Historical-DoubleCost,PR_AUC,0.95,0.03259547626749962,True,1.0,894660.0
CICIDS2017_COVERAGE_R1,3407,0.8,Oort-Style-Adapted,F1,0.9,0.0,True,0.0,573290.0
CICIDS2017_COVERAGE_R1,3407,0.8,Oort-Style-Adapted,F1,0.95,0.0,True,0.0,573290.0
CICIDS2017_COVERAGE_R1,3407,0.8,Oort-Style-Adapted,PR_AUC,0.9,0.03087992488499964,True,0.0,573290.0
CICIDS2017_COVERAGE_R1,3407,0.8,Oort-Style-Adapted,PR_AUC,0.95,0.03259547626749962,True,0.0,573290.0
CICIDS2017_COVERAGE_R1,3407,0.8,Oracle-Score-Exact,F1,0.9,0.0,True,0.0,510309.0
CICIDS2017_COVERAGE_R1,3407,0.8,Oracle-Score-Exact,F1,0.95,0.0,True,0.0,510309.0
CICIDS2017_COVERAGE_R1,3407,0.8,Oracle-Score-Exact,PR_AUC,0.9,0.03087992488499964,True,1.0,894660.0
CICIDS2017_COVERAGE_R1,3407,0.8,Oracle-Score-Exact,PR_AUC,0.95,0.03259547626749962,True,1.0,894660.0
CICIDS2017_COVERAGE_R1,3407,1.0,Full-Contextual,F1,0.9,0.0,True,0.0,698618.0
CICIDS2017_COVERAGE_R1,3407,1.0,Full-Contextual,F1,0.95,0.0,True,0.0,698618.0
CICIDS2017_COVERAGE_R1,3407,1.0,Full-Contextual,PR_AUC,0.9,0.03087992488499964,True,0.0,698618.0
CICIDS2017_COVERAGE_R1,3407,1.0,Full-Contextual,PR_AUC,0.95,0.03259547626749962,True,0.0,698618.0
CICIDS2017_COVERAGE_R1,3407,1.0,Random-Budget,F1,0.9,0.0,True,0.0,699388.0
CICIDS2017_COVERAGE_R1,3407,1.0,Random-Budget,F1,0.95,0.0,True,0.0,699388.0
CICIDS2017_COVERAGE_R1,3407,1.0,Random-Budget,PR_AUC,0.9,0.03087992488499964,True,0.0,699388.0
CICIDS2017_COVERAGE_R1,3407,1.0,Random-Budget,PR_AUC,0.95,0.03259547626749962,True,0.0,699388.0
CICIDS2017_COVERAGE_R1,3407,1.0,Cost-Only,F1,0.9,0.0,True,0.0,699468.0
CICIDS2017_COVERAGE_R1,3407,1.0,Cost-Only,F1,0.95,0.0,True,0.0,699468.0
CICIDS2017_COVERAGE_R1,3407,1.0,Cost-Only,PR_AUC,0.9,0.03087992488499964,True,0.0,699468.0
CICIDS2017_COVERAGE_R1,3407,1.0,Cost-Only,PR_AUC,0.95,0.03259547626749962,True,0.0,699468.0
CICIDS2017_COVERAGE_R1,3407,1.0,Utility-Only,F1,0.9,0.0,True,0.0,699468.0
CICIDS2017_COVERAGE_R1,3407,1.0,Utility-Only,F1,0.95,0.0,True,0.0,699468.0
CICIDS2017_COVERAGE_R1,3407,1.0,Utility-Only,PR_AUC,0.9,0.03087992488499964,True,0.0,699468.0
CICIDS2017_COVERAGE_R1,3407,1.0,Utility-Only,PR_AUC,0.95,0.03259547626749962,True,0.0,699468.0
CICIDS2017_COVERAGE_R1,3407,1.0,Utility-Cost-Ratio,F1,0.9,0.0,True,0.0,699468.0
CICIDS2017_COVERAGE_R1,3407,1.0,Utility-Cost-Ratio,F1,0.95,0.0,True,0.0,699468.0
CICIDS2017_COVERAGE_R1,3407,1.0,Utility-Cost-Ratio,PR_AUC,0.9,0.03087992488499964,True,0.0,699468.0
CICIDS2017_COVERAGE_R1,3407,1.0,Utility-Cost-Ratio,PR_AUC,0.95,0.03259547626749962,True,0.0,699468.0
CICIDS2017_COVERAGE_R1,3407,1.0,CB-Score,F1,0.9,0.0,True,0.0,636570.0
CICIDS2017_COVERAGE_R1,3407,1.0,CB-Score,F1,0.95,0.0,True,0.0,636570.0
CICIDS2017_COVERAGE_R1,3407,1.0,CB-Score,PR_AUC,0.9,0.03087992488499964,True,1.0,1147212.0
CICIDS2017_COVERAGE_R1,3407,1.0,CB-Score,PR_AUC,0.95,0.03259547626749962,True,1.0,1147212.0
CICIDS2017_COVERAGE_R1,3407,1.0,Historical-DoubleCost,F1,0.9,0.0,True,0.0,636570.0
CICIDS2017_COVERAGE_R1,3407,1.0,Historical-DoubleCost,F1,0.95,0.0,True,0.0,636570.0
CICIDS2017_COVERAGE_R1,3407,1.0,Historical-DoubleCost,PR_AUC,0.9,0.03087992488499964,True,1.0,1147212.0
CICIDS2017_COVERAGE_R1,3407,1.0,Historical-DoubleCost,PR_AUC,0.95,0.03259547626749962,True,1.0,1147212.0
CICIDS2017_COVERAGE_R1,3407,1.0,Oort-Style-Adapted,F1,0.9,0.0,True,0.0,699468.0
CICIDS2017_COVERAGE_R1,3407,1.0,Oort-Style-Adapted,F1,0.95,0.0,True,0.0,699468.0
CICIDS2017_COVERAGE_R1,3407,1.0,Oort-Style-Adapted,PR_AUC,0.9,0.03087992488499964,True,0.0,699468.0
CICIDS2017_COVERAGE_R1,3407,1.0,Oort-Style-Adapted,PR_AUC,0.95,0.03259547626749962,True,0.0,699468.0
CICIDS2017_COVERAGE_R1,3407,1.0,Oracle-Score-Exact,F1,0.9,0.0,True,0.0,636570.0
CICIDS2017_COVERAGE_R1,3407,1.0,Oracle-Score-Exact,F1,0.95,0.0,True,0.0,636570.0
CICIDS2017_COVERAGE_R1,3407,1.0,Oracle-Score-Exact,PR_AUC,0.9,0.03087992488499964,True,1.0,1147212.0
CICIDS2017_COVERAGE_R1,3407,1.0,Oracle-Score-Exact,PR_AUC,0.95,0.03259547626749962,True,1.0,1147212.0
CICIDS2017_COVERAGE_R1,11,0.1,Full-Contextual,F1,0.9,0.00078935828095305,True,2.0,2082481.0
CICIDS2017_COVERAGE_R1,11,0.1,Full-Contextual,F1,0.95,0.000833211518783775,True,2.0,2082481.0
CICIDS2017_COVERAGE_R1,11,0.1,Full-Contextual,PR_AUC,0.9,0.026674519251094472,True,0.0,697338.0
CICIDS2017_COVERAGE_R1,11,0.1,Full-Contextual,PR_AUC,0.95,0.028156436987266383,True,0.0,697338.0
CICIDS2017_COVERAGE_R1,11,0.1,Random-Budget,F1,0.9,0.00078935828095305,True,0.0,131080.0
CICIDS2017_COVERAGE_R1,11,0.1,Random-Budget,F1,0.95,0.000833211518783775,True,0.0,131080.0
CICIDS2017_COVERAGE_R1,11,0.1,Random-Budget,PR_AUC,0.9,0.026674519251094472,True,0.0,131080.0
CICIDS2017_COVERAGE_R1,11,0.1,Random-Budget,PR_AUC,0.95,0.028156436987266383,True,0.0,131080.0
CICIDS2017_COVERAGE_R1,11,0.1,Cost-Only,F1,0.9,0.00078935828095305,True,0.0,131160.0
CICIDS2017_COVERAGE_R1,11,0.1,Cost-Only,F1,0.95,0.000833211518783775,True,0.0,131160.0
CICIDS2017_COVERAGE_R1,11,0.1,Cost-Only,PR_AUC,0.9,0.026674519251094472,True,0.0,131160.0
CICIDS2017_COVERAGE_R1,11,0.1,Cost-Only,PR_AUC,0.95,0.028156436987266383,True,0.0,131160.0
CICIDS2017_COVERAGE_R1,11,0.1,Utility-Only,F1,0.9,0.00078935828095305,True,0.0,131160.0
CICIDS2017_COVERAGE_R1,11,0.1,Utility-Only,F1,0.95,0.000833211518783775,True,0.0,131160.0
CICIDS2017_COVERAGE_R1,11,0.1,Utility-Only,PR_AUC,0.9,0.026674519251094472,True,0.0,131160.0
CICIDS2017_COVERAGE_R1,11,0.1,Utility-Only,PR_AUC,0.95,0.028156436987266383,True,0.0,131160.0
CICIDS2017_COVERAGE_R1,11,0.1,Utility-Cost-Ratio,F1,0.9,0.00078935828095305,True,0.0,131160.0
CICIDS2017_COVERAGE_R1,11,0.1,Utility-Cost-Ratio,F1,0.95,0.000833211518783775,True,0.0,131160.0
CICIDS2017_COVERAGE_R1,11,0.1,Utility-Cost-Ratio,PR_AUC,0.9,0.026674519251094472,True,0.0,131160.0
CICIDS2017_COVERAGE_R1,11,0.1,Utility-Cost-Ratio,PR_AUC,0.95,0.028156436987266383,True,0.0,131160.0
CICIDS2017_COVERAGE_R1,11,0.1,CB-Score,F1,0.9,0.00078935828095305,True,0.0,131160.0
CICIDS2017_COVERAGE_R1,11,0.1,CB-Score,F1,0.95,0.000833211518783775,True,0.0,131160.0
CICIDS2017_COVERAGE_R1,11,0.1,CB-Score,PR_AUC,0.9,0.026674519251094472,True,0.0,131160.0
CICIDS2017_COVERAGE_R1,11,0.1,CB-Score,PR_AUC,0.95,0.028156436987266383,True,0.0,131160.0
CICIDS2017_COVERAGE_R1,11,0.1,Historical-DoubleCost,F1,0.9,0.00078935828095305,True,0.0,131160.0
CICIDS2017_COVERAGE_R1,11,0.1,Historical-DoubleCost,F1,0.95,0.000833211518783775,True,0.0,131160.0
CICIDS2017_COVERAGE_R1,11,0.1,Historical-DoubleCost,PR_AUC,0.9,0.026674519251094472,True,0.0,131160.0
CICIDS2017_COVERAGE_R1,11,0.1,Historical-DoubleCost,PR_AUC,0.95,0.028156436987266383,True,0.0,131160.0
CICIDS2017_COVERAGE_R1,11,0.1,Oort-Style-Adapted,F1,0.9,0.00078935828095305,True,0.0,131385.0
CICIDS2017_COVERAGE_R1,11,0.1,Oort-Style-Adapted,F1,0.95,0.000833211518783775,True,0.0,131385.0
CICIDS2017_COVERAGE_R1,11,0.1,Oort-Style-Adapted,PR_AUC,0.9,0.026674519251094472,True,0.0,131385.0
CICIDS2017_COVERAGE_R1,11,0.1,Oort-Style-Adapted,PR_AUC,0.95,0.028156436987266383,True,0.0,131385.0
CICIDS2017_COVERAGE_R1,11,0.1,Oracle-Score-Exact,F1,0.9,0.00078935828095305,True,0.0,131160.0
CICIDS2017_COVERAGE_R1,11,0.1,Oracle-Score-Exact,F1,0.95,0.000833211518783775,True,0.0,131160.0
CICIDS2017_COVERAGE_R1,11,0.1,Oracle-Score-Exact,PR_AUC,0.9,0.026674519251094472,True,0.0,131160.0
CICIDS2017_COVERAGE_R1,11,0.1,Oracle-Score-Exact,PR_AUC,0.95,0.028156436987266383,True,0.0,131160.0
CICIDS2017_COVERAGE_R1,11,0.2,Full-Contextual,F1,0.9,0.00078935828095305,True,2.0,2082481.0
CICIDS2017_COVERAGE_R1,11,0.2,Full-Contextual,F1,0.95,0.000833211518783775,True,2.0,2082481.0
CICIDS2017_COVERAGE_R1,11,0.2,Full-Contextual,PR_AUC,0.9,0.026674519251094472,True,0.0,697338.0
CICIDS2017_COVERAGE_R1,11,0.2,Full-Contextual,PR_AUC,0.95,0.028156436987266383,True,0.0,697338.0
CICIDS2017_COVERAGE_R1,11,0.2,Random-Budget,F1,0.9,0.00078935828095305,True,0.0,193981.0
CICIDS2017_COVERAGE_R1,11,0.2,Random-Budget,F1,0.95,0.000833211518783775,True,0.0,193981.0
CICIDS2017_COVERAGE_R1,11,0.2,Random-Budget,PR_AUC,0.9,0.026674519251094472,True,0.0,193981.0
CICIDS2017_COVERAGE_R1,11,0.2,Random-Budget,PR_AUC,0.95,0.028156436987266383,True,0.0,193981.0
CICIDS2017_COVERAGE_R1,11,0.2,Cost-Only,F1,0.9,0.00078935828095305,True,0.0,194061.0
CICIDS2017_COVERAGE_R1,11,0.2,Cost-Only,F1,0.95,0.000833211518783775,True,0.0,194061.0
CICIDS2017_COVERAGE_R1,11,0.2,Cost-Only,PR_AUC,0.9,0.026674519251094472,True,0.0,194061.0
CICIDS2017_COVERAGE_R1,11,0.2,Cost-Only,PR_AUC,0.95,0.028156436987266383,True,0.0,194061.0
CICIDS2017_COVERAGE_R1,11,0.2,Utility-Only,F1,0.9,0.00078935828095305,True,2.0,518912.0
CICIDS2017_COVERAGE_R1,11,0.2,Utility-Only,F1,0.95,0.000833211518783775,True,2.0,518912.0
CICIDS2017_COVERAGE_R1,11,0.2,Utility-Only,PR_AUC,0.9,0.026674519251094472,True,0.0,194185.0
CICIDS2017_COVERAGE_R1,11,0.2,Utility-Only,PR_AUC,0.95,0.028156436987266383,True,0.0,194185.0
CICIDS2017_COVERAGE_R1,11,0.2,Utility-Cost-Ratio,F1,0.9,0.00078935828095305,True,2.0,518912.0
CICIDS2017_COVERAGE_R1,11,0.2,Utility-Cost-Ratio,F1,0.95,0.000833211518783775,True,2.0,518912.0
CICIDS2017_COVERAGE_R1,11,0.2,Utility-Cost-Ratio,PR_AUC,0.9,0.026674519251094472,True,0.0,194185.0
CICIDS2017_COVERAGE_R1,11,0.2,Utility-Cost-Ratio,PR_AUC,0.95,0.028156436987266383,True,0.0,194185.0
CICIDS2017_COVERAGE_R1,11,0.2,CB-Score,F1,0.9,0.00078935828095305,True,2.0,580396.0
CICIDS2017_COVERAGE_R1,11,0.2,CB-Score,F1,0.95,0.000833211518783775,True,2.0,580396.0
CICIDS2017_COVERAGE_R1,11,0.2,CB-Score,PR_AUC,0.9,0.026674519251094472,True,0.0,194185.0
CICIDS2017_COVERAGE_R1,11,0.2,CB-Score,PR_AUC,0.95,0.028156436987266383,True,0.0,194185.0
CICIDS2017_COVERAGE_R1,11,0.2,Historical-DoubleCost,F1,0.9,0.00078935828095305,True,2.0,580396.0
CICIDS2017_COVERAGE_R1,11,0.2,Historical-DoubleCost,F1,0.95,0.000833211518783775,True,2.0,580396.0
CICIDS2017_COVERAGE_R1,11,0.2,Historical-DoubleCost,PR_AUC,0.9,0.026674519251094472,True,0.0,194185.0
CICIDS2017_COVERAGE_R1,11,0.2,Historical-DoubleCost,PR_AUC,0.95,0.028156436987266383,True,0.0,194185.0
CICIDS2017_COVERAGE_R1,11,0.2,Oort-Style-Adapted,F1,0.9,0.00078935828095305,True,2.0,518691.0
CICIDS2017_COVERAGE_R1,11,0.2,Oort-Style-Adapted,F1,0.95,0.000833211518783775,True,2.0,518691.0
CICIDS2017_COVERAGE_R1,11,0.2,Oort-Style-Adapted,PR_AUC,0.9,0.026674519251094472,True,0.0,194416.0
CICIDS2017_COVERAGE_R1,11,0.2,Oort-Style-Adapted,PR_AUC,0.95,0.028156436987266383,True,0.0,194416.0
CICIDS2017_COVERAGE_R1,11,0.2,Oracle-Score-Exact,F1,0.9,0.00078935828095305,True,2.0,580396.0
CICIDS2017_COVERAGE_R1,11,0.2,Oracle-Score-Exact,F1,0.95,0.000833211518783775,True,2.0,580396.0
CICIDS2017_COVERAGE_R1,11,0.2,Oracle-Score-Exact,PR_AUC,0.9,0.026674519251094472,True,0.0,194185.0
CICIDS2017_COVERAGE_R1,11,0.2,Oracle-Score-Exact,PR_AUC,0.95,0.028156436987266383,True,0.0,194185.0
CICIDS2017_COVERAGE_R1,11,0.4,Full-Contextual,F1,0.9,0.00078935828095305,True,2.0,2082481.0
CICIDS2017_COVERAGE_R1,11,0.4,Full-Contextual,F1,0.95,0.000833211518783775,True,2.0,2082481.0
CICIDS2017_COVERAGE_R1,11,0.4,Full-Contextual,PR_AUC,0.9,0.026674519251094472,True,0.0,697338.0
CICIDS2017_COVERAGE_R1,11,0.4,Full-Contextual,PR_AUC,0.95,0.028156436987266383,True,0.0,697338.0
CICIDS2017_COVERAGE_R1,11,0.4,Random-Budget,F1,0.9,0.00078935828095305,True,0.0,320197.0
CICIDS2017_COVERAGE_R1,11,0.4,Random-Budget,F1,0.95,0.000833211518783775,True,0.0,320197.0
CICIDS2017_COVERAGE_R1,11,0.4,Random-Budget,PR_AUC,0.9,0.026674519251094472,True,0.0,320197.0
CICIDS2017_COVERAGE_R1,11,0.4,Random-Budget,PR_AUC,0.95,0.028156436987266383,True,0.0,320197.0
CICIDS2017_COVERAGE_R1,11,0.4,Cost-Only,F1,0.9,0.00078935828095305,True,0.0,320080.0
CICIDS2017_COVERAGE_R1,11,0.4,Cost-Only,F1,0.95,0.000833211518783775,True,0.0,320080.0
CICIDS2017_COVERAGE_R1,11,0.4,Cost-Only,PR_AUC,0.9,0.026674519251094472,True,0.0,320080.0
CICIDS2017_COVERAGE_R1,11,0.4,Cost-Only,PR_AUC,0.95,0.028156436987266383,True,0.0,320080.0
CICIDS2017_COVERAGE_R1,11,0.4,Utility-Only,F1,0.9,0.00078935828095305,True,2.0,833039.0
CICIDS2017_COVERAGE_R1,11,0.4,Utility-Only,F1,0.95,0.000833211518783775,True,2.0,833039.0
CICIDS2017_COVERAGE_R1,11,0.4,Utility-Only,PR_AUC,0.9,0.026674519251094472,True,0.0,320432.0
CICIDS2017_COVERAGE_R1,11,0.4,Utility-Only,PR_AUC,0.95,0.028156436987266383,True,0.0,320432.0
CICIDS2017_COVERAGE_R1,11,0.4,Utility-Cost-Ratio,F1,0.9,0.00078935828095305,True,2.0,833039.0
CICIDS2017_COVERAGE_R1,11,0.4,Utility-Cost-Ratio,F1,0.95,0.000833211518783775,True,2.0,833039.0
CICIDS2017_COVERAGE_R1,11,0.4,Utility-Cost-Ratio,PR_AUC,0.9,0.026674519251094472,True,0.0,320432.0
CICIDS2017_COVERAGE_R1,11,0.4,Utility-Cost-Ratio,PR_AUC,0.95,0.028156436987266383,True,0.0,320432.0
CICIDS2017_COVERAGE_R1,11,0.4,CB-Score,F1,0.9,0.00078935828095305,True,2.0,833039.0
CICIDS2017_COVERAGE_R1,11,0.4,CB-Score,F1,0.95,0.000833211518783775,True,2.0,833039.0
CICIDS2017_COVERAGE_R1,11,0.4,CB-Score,PR_AUC,0.9,0.026674519251094472,True,0.0,320432.0
CICIDS2017_COVERAGE_R1,11,0.4,CB-Score,PR_AUC,0.95,0.028156436987266383,True,0.0,320432.0
CICIDS2017_COVERAGE_R1,11,0.4,Historical-DoubleCost,F1,0.9,0.00078935828095305,True,2.0,833039.0
CICIDS2017_COVERAGE_R1,11,0.4,Historical-DoubleCost,F1,0.95,0.000833211518783775,True,2.0,833039.0
CICIDS2017_COVERAGE_R1,11,0.4,Historical-DoubleCost,PR_AUC,0.9,0.026674519251094472,True,0.0,320432.0
CICIDS2017_COVERAGE_R1,11,0.4,Historical-DoubleCost,PR_AUC,0.95,0.028156436987266383,True,0.0,320432.0
CICIDS2017_COVERAGE_R1,11,0.4,Oort-Style-Adapted,F1,0.9,0.00078935828095305,True,2.0,833039.0
CICIDS2017_COVERAGE_R1,11,0.4,Oort-Style-Adapted,F1,0.95,0.000833211518783775,True,2.0,833039.0
CICIDS2017_COVERAGE_R1,11,0.4,Oort-Style-Adapted,PR_AUC,0.9,0.026674519251094472,True,0.0,320432.0
CICIDS2017_COVERAGE_R1,11,0.4,Oort-Style-Adapted,PR_AUC,0.95,0.028156436987266383,True,0.0,320432.0
CICIDS2017_COVERAGE_R1,11,0.4,Oracle-Score-Exact,F1,0.9,0.00078935828095305,True,2.0,894774.0
CICIDS2017_COVERAGE_R1,11,0.4,Oracle-Score-Exact,F1,0.95,0.000833211518783775,True,2.0,894774.0
CICIDS2017_COVERAGE_R1,11,0.4,Oracle-Score-Exact,PR_AUC,0.9,0.026674519251094472,True,0.0,320432.0
CICIDS2017_COVERAGE_R1,11,0.4,Oracle-Score-Exact,PR_AUC,0.95,0.028156436987266383,True,0.0,320432.0
CICIDS2017_COVERAGE_R1,11,0.6,Full-Contextual,F1,0.9,0.00078935828095305,True,2.0,2082481.0
CICIDS2017_COVERAGE_R1,11,0.6,Full-Contextual,F1,0.95,0.000833211518783775,True,2.0,2082481.0
CICIDS2017_COVERAGE_R1,11,0.6,Full-Contextual,PR_AUC,0.9,0.026674519251094472,True,0.0,697338.0
CICIDS2017_COVERAGE_R1,11,0.6,Full-Contextual,PR_AUC,0.95,0.028156436987266383,True,0.0,697338.0
CICIDS2017_COVERAGE_R1,11,0.6,Random-Budget,F1,0.9,0.00078935828095305,True,2.0,1332219.0
CICIDS2017_COVERAGE_R1,11,0.6,Random-Budget,F1,0.95,0.000833211518783775,True,2.0,1332219.0
CICIDS2017_COVERAGE_R1,11,0.6,Random-Budget,PR_AUC,0.9,0.026674519251094472,True,0.0,446242.0
CICIDS2017_COVERAGE_R1,11,0.6,Random-Budget,PR_AUC,0.95,0.028156436987266383,True,0.0,446242.0
CICIDS2017_COVERAGE_R1,11,0.6,Cost-Only,F1,0.9,0.00078935828095305,True,2.0,1331382.0
CICIDS2017_COVERAGE_R1,11,0.6,Cost-Only,F1,0.95,0.000833211518783775,True,2.0,1331382.0
CICIDS2017_COVERAGE_R1,11,0.6,Cost-Only,PR_AUC,0.9,0.026674519251094472,True,0.0,446187.0
CICIDS2017_COVERAGE_R1,11,0.6,Cost-Only,PR_AUC,0.95,0.028156436987266383,True,0.0,446187.0
CICIDS2017_COVERAGE_R1,11,0.6,Utility-Only,F1,0.9,0.00078935828095305,True,4.0,1221081.0
CICIDS2017_COVERAGE_R1,11,0.6,Utility-Only,F1,0.95,0.000833211518783775,True,4.0,1221081.0
CICIDS2017_COVERAGE_R1,11,0.6,Utility-Only,PR_AUC,0.9,0.026674519251094472,True,0.0,446319.0
CICIDS2017_COVERAGE_R1,11,0.6,Utility-Only,PR_AUC,0.95,0.028156436987266383,True,0.0,446319.0
CICIDS2017_COVERAGE_R1,11,0.6,Utility-Cost-Ratio,F1,0.9,0.00078935828095305,True,4.0,1221081.0
CICIDS2017_COVERAGE_R1,11,0.6,Utility-Cost-Ratio,F1,0.95,0.000833211518783775,True,4.0,1221081.0
CICIDS2017_COVERAGE_R1,11,0.6,Utility-Cost-Ratio,PR_AUC,0.9,0.026674519251094472,True,0.0,446319.0
CICIDS2017_COVERAGE_R1,11,0.6,Utility-Cost-Ratio,PR_AUC,0.95,0.028156436987266383,True,0.0,446319.0
CICIDS2017_COVERAGE_R1,11,0.6,CB-Score,F1,0.9,0.00078935828095305,True,2.0,1145109.0
CICIDS2017_COVERAGE_R1,11,0.6,CB-Score,F1,0.95,0.000833211518783775,True,2.0,1145109.0
CICIDS2017_COVERAGE_R1,11,0.6,CB-Score,PR_AUC,0.9,0.026674519251094472,True,0.0,446319.0
CICIDS2017_COVERAGE_R1,11,0.6,CB-Score,PR_AUC,0.95,0.028156436987266383,True,0.0,446319.0
CICIDS2017_COVERAGE_R1,11,0.6,Historical-DoubleCost,F1,0.9,0.00078935828095305,True,2.0,1145109.0
CICIDS2017_COVERAGE_R1,11,0.6,Historical-DoubleCost,F1,0.95,0.000833211518783775,True,2.0,1145109.0
CICIDS2017_COVERAGE_R1,11,0.6,Historical-DoubleCost,PR_AUC,0.9,0.026674519251094472,True,0.0,446319.0
CICIDS2017_COVERAGE_R1,11,0.6,Historical-DoubleCost,PR_AUC,0.95,0.028156436987266383,True,0.0,446319.0
CICIDS2017_COVERAGE_R1,11,0.6,Oort-Style-Adapted,F1,0.9,0.00078935828095305,True,4.0,1221081.0
CICIDS2017_COVERAGE_R1,11,0.6,Oort-Style-Adapted,F1,0.95,0.000833211518783775,True,4.0,1221081.0
CICIDS2017_COVERAGE_R1,11,0.6,Oort-Style-Adapted,PR_AUC,0.9,0.026674519251094472,True,0.0,446319.0
CICIDS2017_COVERAGE_R1,11,0.6,Oort-Style-Adapted,PR_AUC,0.95,0.028156436987266383,True,0.0,446319.0
CICIDS2017_COVERAGE_R1,11,0.6,Oracle-Score-Exact,F1,0.9,0.00078935828095305,True,2.0,1145109.0
CICIDS2017_COVERAGE_R1,11,0.6,Oracle-Score-Exact,F1,0.95,0.000833211518783775,True,2.0,1145109.0
CICIDS2017_COVERAGE_R1,11,0.6,Oracle-Score-Exact,PR_AUC,0.9,0.026674519251094472,True,0.0,446319.0
CICIDS2017_COVERAGE_R1,11,0.6,Oracle-Score-Exact,PR_AUC,0.95,0.028156436987266383,True,0.0,446319.0
CICIDS2017_COVERAGE_R1,11,0.8,Full-Contextual,F1,0.9,0.00078935828095305,True,2.0,2082481.0
CICIDS2017_COVERAGE_R1,11,0.8,Full-Contextual,F1,0.95,0.000833211518783775,True,2.0,2082481.0
CICIDS2017_COVERAGE_R1,11,0.8,Full-Contextual,PR_AUC,0.9,0.026674519251094472,True,0.0,697338.0
CICIDS2017_COVERAGE_R1,11,0.8,Full-Contextual,PR_AUC,0.95,0.028156436987266383,True,0.0,697338.0
CICIDS2017_COVERAGE_R1,11,0.8,Random-Budget,F1,0.9,0.00078935828095305,True,2.0,1583490.0
CICIDS2017_COVERAGE_R1,11,0.8,Random-Budget,F1,0.95,0.000833211518783775,True,2.0,1583490.0
CICIDS2017_COVERAGE_R1,11,0.8,Random-Budget,PR_AUC,0.9,0.026674519251094472,True,0.0,509295.0
CICIDS2017_COVERAGE_R1,11,0.8,Random-Budget,PR_AUC,0.95,0.028156436987266383,True,0.0,509295.0
CICIDS2017_COVERAGE_R1,11,0.8,Cost-Only,F1,0.9,0.00078935828095305,True,2.0,1645533.0
CICIDS2017_COVERAGE_R1,11,0.8,Cost-Only,F1,0.95,0.000833211518783775,True,3.0,2211367.0
CICIDS2017_COVERAGE_R1,11,0.8,Cost-Only,PR_AUC,0.9,0.026674519251094472,True,0.0,509251.0
CICIDS2017_COVERAGE_R1,11,0.8,Cost-Only,PR_AUC,0.95,0.028156436987266383,True,0.0,509251.0
CICIDS2017_COVERAGE_R1,11,0.8,Utility-Only,F1,0.9,0.00078935828095305,True,2.0,1209699.0
CICIDS2017_COVERAGE_R1,11,0.8,Utility-Only,F1,0.95,0.000833211518783775,True,2.0,1209699.0
CICIDS2017_COVERAGE_R1,11,0.8,Utility-Only,PR_AUC,0.9,0.026674519251094472,True,0.0,509618.0
CICIDS2017_COVERAGE_R1,11,0.8,Utility-Only,PR_AUC,0.95,0.028156436987266383,True,0.0,509618.0
CICIDS2017_COVERAGE_R1,11,0.8,Utility-Cost-Ratio,F1,0.9,0.00078935828095305,True,2.0,1209699.0
CICIDS2017_COVERAGE_R1,11,0.8,Utility-Cost-Ratio,F1,0.95,0.000833211518783775,True,2.0,1209699.0
CICIDS2017_COVERAGE_R1,11,0.8,Utility-Cost-Ratio,PR_AUC,0.9,0.026674519251094472,True,0.0,509618.0
CICIDS2017_COVERAGE_R1,11,0.8,Utility-Cost-Ratio,PR_AUC,0.95,0.028156436987266383,True,0.0,509618.0
CICIDS2017_COVERAGE_R1,11,0.8,CB-Score,F1,0.9,0.00078935828095305,True,3.0,1776439.0
CICIDS2017_COVERAGE_R1,11,0.8,CB-Score,F1,0.95,0.000833211518783775,True,3.0,1776439.0
CICIDS2017_COVERAGE_R1,11,0.8,CB-Score,PR_AUC,0.9,0.026674519251094472,True,0.0,509449.0
CICIDS2017_COVERAGE_R1,11,0.8,CB-Score,PR_AUC,0.95,0.028156436987266383,True,0.0,509449.0
CICIDS2017_COVERAGE_R1,11,0.8,Historical-DoubleCost,F1,0.9,0.00078935828095305,True,3.0,1776439.0
CICIDS2017_COVERAGE_R1,11,0.8,Historical-DoubleCost,F1,0.95,0.000833211518783775,True,3.0,1776439.0
CICIDS2017_COVERAGE_R1,11,0.8,Historical-DoubleCost,PR_AUC,0.9,0.026674519251094472,True,0.0,509449.0
CICIDS2017_COVERAGE_R1,11,0.8,Historical-DoubleCost,PR_AUC,0.95,0.028156436987266383,True,0.0,509449.0
CICIDS2017_COVERAGE_R1,11,0.8,Oort-Style-Adapted,F1,0.9,0.00078935828095305,True,2.0,1209223.0
CICIDS2017_COVERAGE_R1,11,0.8,Oort-Style-Adapted,F1,0.95,0.000833211518783775,True,2.0,1209223.0
CICIDS2017_COVERAGE_R1,11,0.8,Oort-Style-Adapted,PR_AUC,0.9,0.026674519251094472,True,0.0,509848.0
CICIDS2017_COVERAGE_R1,11,0.8,Oort-Style-Adapted,PR_AUC,0.95,0.028156436987266383,True,0.0,509848.0
CICIDS2017_COVERAGE_R1,11,0.8,Oracle-Score-Exact,F1,0.9,0.00078935828095305,True,3.0,1776439.0
CICIDS2017_COVERAGE_R1,11,0.8,Oracle-Score-Exact,F1,0.95,0.000833211518783775,True,3.0,1776439.0
CICIDS2017_COVERAGE_R1,11,0.8,Oracle-Score-Exact,PR_AUC,0.9,0.026674519251094472,True,0.0,509449.0
CICIDS2017_COVERAGE_R1,11,0.8,Oracle-Score-Exact,PR_AUC,0.95,0.028156436987266383,True,0.0,509449.0
CICIDS2017_COVERAGE_R1,11,1.0,Full-Contextual,F1,0.9,0.00078935828095305,True,2.0,2082481.0
CICIDS2017_COVERAGE_R1,11,1.0,Full-Contextual,F1,0.95,0.000833211518783775,True,2.0,2082481.0
CICIDS2017_COVERAGE_R1,11,1.0,Full-Contextual,PR_AUC,0.9,0.026674519251094472,True,0.0,697338.0
CICIDS2017_COVERAGE_R1,11,1.0,Full-Contextual,PR_AUC,0.95,0.028156436987266383,True,0.0,697338.0
CICIDS2017_COVERAGE_R1,11,1.0,Random-Budget,F1,0.9,0.00078935828095305,True,2.0,1898394.0
CICIDS2017_COVERAGE_R1,11,1.0,Random-Budget,F1,0.95,0.000833211518783775,True,2.0,1898394.0
CICIDS2017_COVERAGE_R1,11,1.0,Random-Budget,PR_AUC,0.9,0.026674519251094472,True,0.0,635387.0
CICIDS2017_COVERAGE_R1,11,1.0,Random-Budget,PR_AUC,0.95,0.028156436987266383,True,0.0,635387.0
CICIDS2017_COVERAGE_R1,11,1.0,Cost-Only,F1,0.9,0.00078935828095305,True,2.0,1898634.0
CICIDS2017_COVERAGE_R1,11,1.0,Cost-Only,F1,0.95,0.000833211518783775,True,2.0,1898634.0
CICIDS2017_COVERAGE_R1,11,1.0,Cost-Only,PR_AUC,0.9,0.026674519251094472,True,0.0,635467.0
CICIDS2017_COVERAGE_R1,11,1.0,Cost-Only,PR_AUC,0.95,0.028156436987266383,True,0.0,635467.0
CICIDS2017_COVERAGE_R1,11,1.0,Utility-Only,F1,0.9,0.00078935828095305,True,1.0,1018141.0
CICIDS2017_COVERAGE_R1,11,1.0,Utility-Only,F1,0.95,0.000833211518783775,True,1.0,1018141.0
CICIDS2017_COVERAGE_R1,11,1.0,Utility-Only,PR_AUC,0.9,0.026674519251094472,True,0.0,635467.0
CICIDS2017_COVERAGE_R1,11,1.0,Utility-Only,PR_AUC,0.95,0.028156436987266383,True,0.0,635467.0
CICIDS2017_COVERAGE_R1,11,1.0,Utility-Cost-Ratio,F1,0.9,0.00078935828095305,True,1.0,1018141.0
CICIDS2017_COVERAGE_R1,11,1.0,Utility-Cost-Ratio,F1,0.95,0.000833211518783775,True,1.0,1018141.0
CICIDS2017_COVERAGE_R1,11,1.0,Utility-Cost-Ratio,PR_AUC,0.9,0.026674519251094472,True,0.0,635467.0
CICIDS2017_COVERAGE_R1,11,1.0,Utility-Cost-Ratio,PR_AUC,0.95,0.028156436987266383,True,0.0,635467.0
CICIDS2017_COVERAGE_R1,11,1.0,CB-Score,F1,0.9,0.00078935828095305,True,2.0,1522574.0
CICIDS2017_COVERAGE_R1,11,1.0,CB-Score,F1,0.95,0.000833211518783775,True,2.0,1522574.0
CICIDS2017_COVERAGE_R1,11,1.0,CB-Score,PR_AUC,0.9,0.026674519251094472,True,0.0,635467.0
CICIDS2017_COVERAGE_R1,11,1.0,CB-Score,PR_AUC,0.95,0.028156436987266383,True,0.0,635467.0
CICIDS2017_COVERAGE_R1,11,1.0,Historical-DoubleCost,F1,0.9,0.00078935828095305,True,2.0,1522574.0
CICIDS2017_COVERAGE_R1,11,1.0,Historical-DoubleCost,F1,0.95,0.000833211518783775,True,2.0,1522574.0
CICIDS2017_COVERAGE_R1,11,1.0,Historical-DoubleCost,PR_AUC,0.9,0.026674519251094472,True,0.0,635467.0
CICIDS2017_COVERAGE_R1,11,1.0,Historical-DoubleCost,PR_AUC,0.95,0.028156436987266383,True,0.0,635467.0
CICIDS2017_COVERAGE_R1,11,1.0,Oort-Style-Adapted,F1,0.9,0.00078935828095305,True,1.0,1018141.0
CICIDS2017_COVERAGE_R1,11,1.0,Oort-Style-Adapted,F1,0.95,0.000833211518783775,True,1.0,1018141.0
CICIDS2017_COVERAGE_R1,11,1.0,Oort-Style-Adapted,PR_AUC,0.9,0.026674519251094472,True,0.0,635467.0
CICIDS2017_COVERAGE_R1,11,1.0,Oort-Style-Adapted,PR_AUC,0.95,0.028156436987266383,True,0.0,635467.0
CICIDS2017_COVERAGE_R1,11,1.0,Oracle-Score-Exact,F1,0.9,0.00078935828095305,True,2.0,1522574.0
CICIDS2017_COVERAGE_R1,11,1.0,Oracle-Score-Exact,F1,0.95,0.000833211518783775,True,2.0,1522574.0
CICIDS2017_COVERAGE_R1,11,1.0,Oracle-Score-Exact,PR_AUC,0.9,0.026674519251094472,True,0.0,635467.0
CICIDS2017_COVERAGE_R1,11,1.0,Oracle-Score-Exact,PR_AUC,0.95,0.028156436987266383,True,0.0,635467.0
CICIDS2017_COVERAGE_R1,314,0.1,Full-Contextual,F1,0.9,0.0,True,0.0,697894.0
CICIDS2017_COVERAGE_R1,314,0.1,Full-Contextual,F1,0.95,0.0,True,0.0,697894.0
CICIDS2017_COVERAGE_R1,314,0.1,Full-Contextual,PR_AUC,0.9,0.03217909436021601,True,0.0,697894.0
CICIDS2017_COVERAGE_R1,314,0.1,Full-Contextual,PR_AUC,0.95,0.03396682182467245,True,0.0,697894.0
CICIDS2017_COVERAGE_R1,314,0.1,Random-Budget,F1,0.9,0.0,True,0.0,131453.0
CICIDS2017_COVERAGE_R1,314,0.1,Random-Budget,F1,0.95,0.0,True,0.0,131453.0
CICIDS2017_COVERAGE_R1,314,0.1,Random-Budget,PR_AUC,0.9,0.03217909436021601,True,0.0,131453.0
CICIDS2017_COVERAGE_R1,314,0.1,Random-Budget,PR_AUC,0.95,0.03396682182467245,True,0.0,131453.0
CICIDS2017_COVERAGE_R1,314,0.1,Cost-Only,F1,0.9,0.0,True,0.0,131283.0
CICIDS2017_COVERAGE_R1,314,0.1,Cost-Only,F1,0.95,0.0,True,0.0,131283.0
CICIDS2017_COVERAGE_R1,314,0.1,Cost-Only,PR_AUC,0.9,0.03217909436021601,True,0.0,131283.0
CICIDS2017_COVERAGE_R1,314,0.1,Cost-Only,PR_AUC,0.95,0.03396682182467245,True,0.0,131283.0
CICIDS2017_COVERAGE_R1,314,0.1,Utility-Only,F1,0.9,0.0,True,0.0,131533.0
CICIDS2017_COVERAGE_R1,314,0.1,Utility-Only,F1,0.95,0.0,True,0.0,131533.0
CICIDS2017_COVERAGE_R1,314,0.1,Utility-Only,PR_AUC,0.9,0.03217909436021601,True,0.0,131533.0
CICIDS2017_COVERAGE_R1,314,0.1,Utility-Only,PR_AUC,0.95,0.03396682182467245,True,0.0,131533.0
CICIDS2017_COVERAGE_R1,314,0.1,Utility-Cost-Ratio,F1,0.9,0.0,True,0.0,131533.0
CICIDS2017_COVERAGE_R1,314,0.1,Utility-Cost-Ratio,F1,0.95,0.0,True,0.0,131533.0
CICIDS2017_COVERAGE_R1,314,0.1,Utility-Cost-Ratio,PR_AUC,0.9,0.03217909436021601,True,0.0,131533.0
CICIDS2017_COVERAGE_R1,314,0.1,Utility-Cost-Ratio,PR_AUC,0.95,0.03396682182467245,True,0.0,131533.0
CICIDS2017_COVERAGE_R1,314,0.1,CB-Score,F1,0.9,0.0,True,0.0,131533.0
CICIDS2017_COVERAGE_R1,314,0.1,CB-Score,F1,0.95,0.0,True,0.0,131533.0
CICIDS2017_COVERAGE_R1,314,0.1,CB-Score,PR_AUC,0.9,0.03217909436021601,True,0.0,131533.0
CICIDS2017_COVERAGE_R1,314,0.1,CB-Score,PR_AUC,0.95,0.03396682182467245,True,0.0,131533.0
CICIDS2017_COVERAGE_R1,314,0.1,Historical-DoubleCost,F1,0.9,0.0,True,0.0,131533.0
CICIDS2017_COVERAGE_R1,314,0.1,Historical-DoubleCost,F1,0.95,0.0,True,0.0,131533.0
CICIDS2017_COVERAGE_R1,314,0.1,Historical-DoubleCost,PR_AUC,0.9,0.03217909436021601,True,0.0,131533.0
CICIDS2017_COVERAGE_R1,314,0.1,Historical-DoubleCost,PR_AUC,0.95,0.03396682182467245,True,0.0,131533.0
CICIDS2017_COVERAGE_R1,314,0.1,Oort-Style-Adapted,F1,0.9,0.0,True,0.0,131533.0
CICIDS2017_COVERAGE_R1,314,0.1,Oort-Style-Adapted,F1,0.95,0.0,True,0.0,131533.0
CICIDS2017_COVERAGE_R1,314,0.1,Oort-Style-Adapted,PR_AUC,0.9,0.03217909436021601,True,0.0,131533.0
CICIDS2017_COVERAGE_R1,314,0.1,Oort-Style-Adapted,PR_AUC,0.95,0.03396682182467245,True,0.0,131533.0
CICIDS2017_COVERAGE_R1,314,0.1,Oracle-Score-Exact,F1,0.9,0.0,True,0.0,131533.0
CICIDS2017_COVERAGE_R1,314,0.1,Oracle-Score-Exact,F1,0.95,0.0,True,0.0,131533.0
CICIDS2017_COVERAGE_R1,314,0.1,Oracle-Score-Exact,PR_AUC,0.9,0.03217909436021601,True,0.0,131533.0
CICIDS2017_COVERAGE_R1,314,0.1,Oracle-Score-Exact,PR_AUC,0.95,0.03396682182467245,True,0.0,131533.0
CICIDS2017_COVERAGE_R1,314,0.2,Full-Contextual,F1,0.9,0.0,True,0.0,697894.0
CICIDS2017_COVERAGE_R1,314,0.2,Full-Contextual,F1,0.95,0.0,True,0.0,697894.0
CICIDS2017_COVERAGE_R1,314,0.2,Full-Contextual,PR_AUC,0.9,0.03217909436021601,True,0.0,697894.0
CICIDS2017_COVERAGE_R1,314,0.2,Full-Contextual,PR_AUC,0.95,0.03396682182467245,True,0.0,697894.0
CICIDS2017_COVERAGE_R1,314,0.2,Random-Budget,F1,0.9,0.0,True,0.0,194390.0
CICIDS2017_COVERAGE_R1,314,0.2,Random-Budget,F1,0.95,0.0,True,0.0,194390.0
CICIDS2017_COVERAGE_R1,314,0.2,Random-Budget,PR_AUC,0.9,0.03217909436021601,True,1.0,389019.0
CICIDS2017_COVERAGE_R1,314,0.2,Random-Budget,PR_AUC,0.95,0.03396682182467245,True,1.0,389019.0
CICIDS2017_COVERAGE_R1,314,0.2,Cost-Only,F1,0.9,0.0,True,0.0,194130.0
CICIDS2017_COVERAGE_R1,314,0.2,Cost-Only,F1,0.95,0.0,True,0.0,194130.0
CICIDS2017_COVERAGE_R1,314,0.2,Cost-Only,PR_AUC,0.9,0.03217909436021601,True,0.0,194130.0
CICIDS2017_COVERAGE_R1,314,0.2,Cost-Only,PR_AUC,0.95,0.03396682182467245,True,0.0,194130.0
CICIDS2017_COVERAGE_R1,314,0.2,Utility-Only,F1,0.9,0.0,True,0.0,194467.0
CICIDS2017_COVERAGE_R1,314,0.2,Utility-Only,F1,0.95,0.0,True,0.0,194467.0
CICIDS2017_COVERAGE_R1,314,0.2,Utility-Only,PR_AUC,0.9,0.03217909436021601,True,0.0,194467.0
CICIDS2017_COVERAGE_R1,314,0.2,Utility-Only,PR_AUC,0.95,0.03396682182467245,True,0.0,194467.0
CICIDS2017_COVERAGE_R1,314,0.2,Utility-Cost-Ratio,F1,0.9,0.0,True,0.0,194467.0
CICIDS2017_COVERAGE_R1,314,0.2,Utility-Cost-Ratio,F1,0.95,0.0,True,0.0,194467.0
CICIDS2017_COVERAGE_R1,314,0.2,Utility-Cost-Ratio,PR_AUC,0.9,0.03217909436021601,True,0.0,194467.0
CICIDS2017_COVERAGE_R1,314,0.2,Utility-Cost-Ratio,PR_AUC,0.95,0.03396682182467245,True,0.0,194467.0
CICIDS2017_COVERAGE_R1,314,0.2,CB-Score,F1,0.9,0.0,True,0.0,194467.0
CICIDS2017_COVERAGE_R1,314,0.2,CB-Score,F1,0.95,0.0,True,0.0,194467.0
CICIDS2017_COVERAGE_R1,314,0.2,CB-Score,PR_AUC,0.9,0.03217909436021601,True,0.0,194467.0
CICIDS2017_COVERAGE_R1,314,0.2,CB-Score,PR_AUC,0.95,0.03396682182467245,True,0.0,194467.0
CICIDS2017_COVERAGE_R1,314,0.2,Historical-DoubleCost,F1,0.9,0.0,True,0.0,194467.0
CICIDS2017_COVERAGE_R1,314,0.2,Historical-DoubleCost,F1,0.95,0.0,True,0.0,194467.0
CICIDS2017_COVERAGE_R1,314,0.2,Historical-DoubleCost,PR_AUC,0.9,0.03217909436021601,True,0.0,194467.0
CICIDS2017_COVERAGE_R1,314,0.2,Historical-DoubleCost,PR_AUC,0.95,0.03396682182467245,True,0.0,194467.0
CICIDS2017_COVERAGE_R1,314,0.2,Oort-Style-Adapted,F1,0.9,0.0,True,0.0,194467.0
CICIDS2017_COVERAGE_R1,314,0.2,Oort-Style-Adapted,F1,0.95,0.0,True,0.0,194467.0
CICIDS2017_COVERAGE_R1,314,0.2,Oort-Style-Adapted,PR_AUC,0.9,0.03217909436021601,True,0.0,194467.0
CICIDS2017_COVERAGE_R1,314,0.2,Oort-Style-Adapted,PR_AUC,0.95,0.03396682182467245,True,0.0,194467.0
CICIDS2017_COVERAGE_R1,314,0.2,Oracle-Score-Exact,F1,0.9,0.0,True,0.0,194467.0
CICIDS2017_COVERAGE_R1,314,0.2,Oracle-Score-Exact,F1,0.95,0.0,True,0.0,194467.0
CICIDS2017_COVERAGE_R1,314,0.2,Oracle-Score-Exact,PR_AUC,0.9,0.03217909436021601,True,0.0,194467.0
CICIDS2017_COVERAGE_R1,314,0.2,Oracle-Score-Exact,PR_AUC,0.95,0.03396682182467245,True,0.0,194467.0
CICIDS2017_COVERAGE_R1,314,0.4,Full-Contextual,F1,0.9,0.0,True,0.0,697894.0
CICIDS2017_COVERAGE_R1,314,0.4,Full-Contextual,F1,0.95,0.0,True,0.0,697894.0
CICIDS2017_COVERAGE_R1,314,0.4,Full-Contextual,PR_AUC,0.9,0.03217909436021601,True,0.0,697894.0
CICIDS2017_COVERAGE_R1,314,0.4,Full-Contextual,PR_AUC,0.95,0.03396682182467245,True,0.0,697894.0
CICIDS2017_COVERAGE_R1,314,0.4,Random-Budget,F1,0.9,0.0,True,0.0,257827.0
CICIDS2017_COVERAGE_R1,314,0.4,Random-Budget,F1,0.95,0.0,True,0.0,257827.0
CICIDS2017_COVERAGE_R1,314,0.4,Random-Budget,PR_AUC,0.9,0.03217909436021601,True,1.0,516078.0
CICIDS2017_COVERAGE_R1,314,0.4,Random-Budget,PR_AUC,0.95,0.03396682182467245,True,1.0,516078.0
CICIDS2017_COVERAGE_R1,314,0.4,Cost-Only,F1,0.9,0.0,True,0.0,320058.0
CICIDS2017_COVERAGE_R1,314,0.4,Cost-Only,F1,0.95,0.0,True,0.0,320058.0
CICIDS2017_COVERAGE_R1,314,0.4,Cost-Only,PR_AUC,0.9,0.03217909436021601,True,0.0,320058.0
CICIDS2017_COVERAGE_R1,314,0.4,Cost-Only,PR_AUC,0.95,0.03396682182467245,True,0.0,320058.0
CICIDS2017_COVERAGE_R1,314,0.4,Utility-Only,F1,0.9,0.0,True,0.0,320395.0
CICIDS2017_COVERAGE_R1,314,0.4,Utility-Only,F1,0.95,0.0,True,0.0,320395.0
CICIDS2017_COVERAGE_R1,314,0.4,Utility-Only,PR_AUC,0.9,0.03217909436021601,True,0.0,320395.0
CICIDS2017_COVERAGE_R1,314,0.4,Utility-Only,PR_AUC,0.95,0.03396682182467245,True,0.0,320395.0
CICIDS2017_COVERAGE_R1,314,0.4,Utility-Cost-Ratio,F1,0.9,0.0,True,0.0,320395.0
CICIDS2017_COVERAGE_R1,314,0.4,Utility-Cost-Ratio,F1,0.95,0.0,True,0.0,320395.0
CICIDS2017_COVERAGE_R1,314,0.4,Utility-Cost-Ratio,PR_AUC,0.9,0.03217909436021601,True,0.0,320395.0
CICIDS2017_COVERAGE_R1,314,0.4,Utility-Cost-Ratio,PR_AUC,0.95,0.03396682182467245,True,0.0,320395.0
CICIDS2017_COVERAGE_R1,314,0.4,CB-Score,F1,0.9,0.0,True,0.0,320395.0
CICIDS2017_COVERAGE_R1,314,0.4,CB-Score,F1,0.95,0.0,True,0.0,320395.0
CICIDS2017_COVERAGE_R1,314,0.4,CB-Score,PR_AUC,0.9,0.03217909436021601,True,0.0,320395.0
CICIDS2017_COVERAGE_R1,314,0.4,CB-Score,PR_AUC,0.95,0.03396682182467245,True,0.0,320395.0
CICIDS2017_COVERAGE_R1,314,0.4,Historical-DoubleCost,F1,0.9,0.0,True,0.0,320395.0
CICIDS2017_COVERAGE_R1,314,0.4,Historical-DoubleCost,F1,0.95,0.0,True,0.0,320395.0
CICIDS2017_COVERAGE_R1,314,0.4,Historical-DoubleCost,PR_AUC,0.9,0.03217909436021601,True,0.0,320395.0
CICIDS2017_COVERAGE_R1,314,0.4,Historical-DoubleCost,PR_AUC,0.95,0.03396682182467245,True,0.0,320395.0
CICIDS2017_COVERAGE_R1,314,0.4,Oort-Style-Adapted,F1,0.9,0.0,True,0.0,320395.0
CICIDS2017_COVERAGE_R1,314,0.4,Oort-Style-Adapted,F1,0.95,0.0,True,0.0,320395.0
CICIDS2017_COVERAGE_R1,314,0.4,Oort-Style-Adapted,PR_AUC,0.9,0.03217909436021601,True,0.0,320395.0
CICIDS2017_COVERAGE_R1,314,0.4,Oort-Style-Adapted,PR_AUC,0.95,0.03396682182467245,True,0.0,320395.0
CICIDS2017_COVERAGE_R1,314,0.4,Oracle-Score-Exact,F1,0.9,0.0,True,0.0,320395.0
CICIDS2017_COVERAGE_R1,314,0.4,Oracle-Score-Exact,F1,0.95,0.0,True,0.0,320395.0
CICIDS2017_COVERAGE_R1,314,0.4,Oracle-Score-Exact,PR_AUC,0.9,0.03217909436021601,True,0.0,320395.0
CICIDS2017_COVERAGE_R1,314,0.4,Oracle-Score-Exact,PR_AUC,0.95,0.03396682182467245,True,0.0,320395.0
CICIDS2017_COVERAGE_R1,314,0.6,Full-Contextual,F1,0.9,0.0,True,0.0,697894.0
CICIDS2017_COVERAGE_R1,314,0.6,Full-Contextual,F1,0.95,0.0,True,0.0,697894.0
CICIDS2017_COVERAGE_R1,314,0.6,Full-Contextual,PR_AUC,0.9,0.03217909436021601,True,0.0,697894.0
CICIDS2017_COVERAGE_R1,314,0.6,Full-Contextual,PR_AUC,0.95,0.03396682182467245,True,0.0,697894.0
CICIDS2017_COVERAGE_R1,314,0.6,Random-Budget,F1,0.9,0.0,True,0.0,446559.0
CICIDS2017_COVERAGE_R1,314,0.6,Random-Budget,F1,0.95,0.0,True,0.0,446559.0
CICIDS2017_COVERAGE_R1,314,0.6,Random-Budget,PR_AUC,0.9,0.03217909436021601,True,1.0,893268.0
CICIDS2017_COVERAGE_R1,314,0.6,Random-Budget,PR_AUC,0.95,0.03396682182467245,True,1.0,893268.0
CICIDS2017_COVERAGE_R1,314,0.6,Cost-Only,F1,0.9,0.0,True,0.0,446211.0
CICIDS2017_COVERAGE_R1,314,0.6,Cost-Only,F1,0.95,0.0,True,0.0,446211.0
CICIDS2017_COVERAGE_R1,314,0.6,Cost-Only,PR_AUC,0.9,0.03217909436021601,True,0.0,446211.0
CICIDS2017_COVERAGE_R1,314,0.6,Cost-Only,PR_AUC,0.95,0.03396682182467245,True,0.0,446211.0
CICIDS2017_COVERAGE_R1,314,0.6,Utility-Only,F1,0.9,0.0,True,0.0,446449.0
CICIDS2017_COVERAGE_R1,314,0.6,Utility-Only,F1,0.95,0.0,True,0.0,446449.0
CICIDS2017_COVERAGE_R1,314,0.6,Utility-Only,PR_AUC,0.9,0.03217909436021601,True,0.0,446449.0
CICIDS2017_COVERAGE_R1,314,0.6,Utility-Only,PR_AUC,0.95,0.03396682182467245,True,0.0,446449.0
CICIDS2017_COVERAGE_R1,314,0.6,Utility-Cost-Ratio,F1,0.9,0.0,True,0.0,446449.0
CICIDS2017_COVERAGE_R1,314,0.6,Utility-Cost-Ratio,F1,0.95,0.0,True,0.0,446449.0
CICIDS2017_COVERAGE_R1,314,0.6,Utility-Cost-Ratio,PR_AUC,0.9,0.03217909436021601,True,0.0,446449.0
CICIDS2017_COVERAGE_R1,314,0.6,Utility-Cost-Ratio,PR_AUC,0.95,0.03396682182467245,True,0.0,446449.0
CICIDS2017_COVERAGE_R1,314,0.6,CB-Score,F1,0.9,0.0,True,0.0,446232.0
CICIDS2017_COVERAGE_R1,314,0.6,CB-Score,F1,0.95,0.0,True,0.0,446232.0
CICIDS2017_COVERAGE_R1,314,0.6,CB-Score,PR_AUC,0.9,0.03217909436021601,True,0.0,446232.0
CICIDS2017_COVERAGE_R1,314,0.6,CB-Score,PR_AUC,0.95,0.03396682182467245,True,0.0,446232.0
CICIDS2017_COVERAGE_R1,314,0.6,Historical-DoubleCost,F1,0.9,0.0,True,0.0,446232.0
CICIDS2017_COVERAGE_R1,314,0.6,Historical-DoubleCost,F1,0.95,0.0,True,0.0,446232.0
CICIDS2017_COVERAGE_R1,314,0.6,Historical-DoubleCost,PR_AUC,0.9,0.03217909436021601,True,0.0,446232.0
CICIDS2017_COVERAGE_R1,314,0.6,Historical-DoubleCost,PR_AUC,0.95,0.03396682182467245,True,0.0,446232.0
CICIDS2017_COVERAGE_R1,314,0.6,Oort-Style-Adapted,F1,0.9,0.0,True,0.0,446449.0
CICIDS2017_COVERAGE_R1,314,0.6,Oort-Style-Adapted,F1,0.95,0.0,True,0.0,446449.0
CICIDS2017_COVERAGE_R1,314,0.6,Oort-Style-Adapted,PR_AUC,0.9,0.03217909436021601,True,0.0,446449.0
CICIDS2017_COVERAGE_R1,314,0.6,Oort-Style-Adapted,PR_AUC,0.95,0.03396682182467245,True,0.0,446449.0
CICIDS2017_COVERAGE_R1,314,0.6,Oracle-Score-Exact,F1,0.9,0.0,True,0.0,446232.0
CICIDS2017_COVERAGE_R1,314,0.6,Oracle-Score-Exact,F1,0.95,0.0,True,0.0,446232.0
CICIDS2017_COVERAGE_R1,314,0.6,Oracle-Score-Exact,PR_AUC,0.9,0.03217909436021601,True,0.0,446232.0
CICIDS2017_COVERAGE_R1,314,0.6,Oracle-Score-Exact,PR_AUC,0.95,0.03396682182467245,True,0.0,446232.0
CICIDS2017_COVERAGE_R1,314,0.8,Full-Contextual,F1,0.9,0.0,True,0.0,697894.0
CICIDS2017_COVERAGE_R1,314,0.8,Full-Contextual,F1,0.95,0.0,True,0.0,697894.0
CICIDS2017_COVERAGE_R1,314,0.8,Full-Contextual,PR_AUC,0.9,0.03217909436021601,True,0.0,697894.0
CICIDS2017_COVERAGE_R1,314,0.8,Full-Contextual,PR_AUC,0.95,0.03396682182467245,True,0.0,697894.0
CICIDS2017_COVERAGE_R1,314,0.8,Random-Budget,F1,0.9,0.0,True,0.0,572623.0
CICIDS2017_COVERAGE_R1,314,0.8,Random-Budget,F1,0.95,0.0,True,0.0,572623.0
CICIDS2017_COVERAGE_R1,314,0.8,Random-Budget,PR_AUC,0.9,0.03217909436021601,True,1.0,1145981.0
CICIDS2017_COVERAGE_R1,314,0.8,Random-Budget,PR_AUC,0.95,0.03396682182467245,True,1.0,1145981.0
CICIDS2017_COVERAGE_R1,314,0.8,Cost-Only,F1,0.9,0.0,True,0.0,572392.0
CICIDS2017_COVERAGE_R1,314,0.8,Cost-Only,F1,0.95,0.0,True,0.0,572392.0
CICIDS2017_COVERAGE_R1,314,0.8,Cost-Only,PR_AUC,0.9,0.03217909436021601,True,0.0,572392.0
CICIDS2017_COVERAGE_R1,314,0.8,Cost-Only,PR_AUC,0.95,0.03396682182467245,True,0.0,572392.0
CICIDS2017_COVERAGE_R1,314,0.8,Utility-Only,F1,0.9,0.0,True,0.0,572407.0
CICIDS2017_COVERAGE_R1,314,0.8,Utility-Only,F1,0.95,0.0,True,0.0,572407.0
CICIDS2017_COVERAGE_R1,314,0.8,Utility-Only,PR_AUC,0.9,0.03217909436021601,True,1.0,893392.0
CICIDS2017_COVERAGE_R1,314,0.8,Utility-Only,PR_AUC,0.95,0.03396682182467245,True,1.0,893392.0
CICIDS2017_COVERAGE_R1,314,0.8,Utility-Cost-Ratio,F1,0.9,0.0,True,0.0,572407.0
CICIDS2017_COVERAGE_R1,314,0.8,Utility-Cost-Ratio,F1,0.95,0.0,True,0.0,572407.0
CICIDS2017_COVERAGE_R1,314,0.8,Utility-Cost-Ratio,PR_AUC,0.9,0.03217909436021601,True,1.0,893392.0
CICIDS2017_COVERAGE_R1,314,0.8,Utility-Cost-Ratio,PR_AUC,0.95,0.03396682182467245,True,1.0,893392.0
CICIDS2017_COVERAGE_R1,314,0.8,CB-Score,F1,0.9,0.0,True,0.0,509268.0
CICIDS2017_COVERAGE_R1,314,0.8,CB-Score,F1,0.95,0.0,True,0.0,509268.0
CICIDS2017_COVERAGE_R1,314,0.8,CB-Score,PR_AUC,0.9,0.03217909436021601,True,0.0,509268.0
CICIDS2017_COVERAGE_R1,314,0.8,CB-Score,PR_AUC,0.95,0.03396682182467245,True,0.0,509268.0
CICIDS2017_COVERAGE_R1,314,0.8,Historical-DoubleCost,F1,0.9,0.0,True,0.0,509268.0
CICIDS2017_COVERAGE_R1,314,0.8,Historical-DoubleCost,F1,0.95,0.0,True,0.0,509268.0
CICIDS2017_COVERAGE_R1,314,0.8,Historical-DoubleCost,PR_AUC,0.9,0.03217909436021601,True,0.0,509268.0
CICIDS2017_COVERAGE_R1,314,0.8,Historical-DoubleCost,PR_AUC,0.95,0.03396682182467245,True,0.0,509268.0
CICIDS2017_COVERAGE_R1,314,0.8,Oort-Style-Adapted,F1,0.9,0.0,True,0.0,572518.0
CICIDS2017_COVERAGE_R1,314,0.8,Oort-Style-Adapted,F1,0.95,0.0,True,0.0,572518.0
CICIDS2017_COVERAGE_R1,314,0.8,Oort-Style-Adapted,PR_AUC,0.9,0.03217909436021601,True,0.0,572518.0
CICIDS2017_COVERAGE_R1,314,0.8,Oort-Style-Adapted,PR_AUC,0.95,0.03396682182467245,True,0.0,572518.0
CICIDS2017_COVERAGE_R1,314,0.8,Oracle-Score-Exact,F1,0.9,0.0,True,0.0,509268.0
CICIDS2017_COVERAGE_R1,314,0.8,Oracle-Score-Exact,F1,0.95,0.0,True,0.0,509268.0
CICIDS2017_COVERAGE_R1,314,0.8,Oracle-Score-Exact,PR_AUC,0.9,0.03217909436021601,True,0.0,509268.0
CICIDS2017_COVERAGE_R1,314,0.8,Oracle-Score-Exact,PR_AUC,0.95,0.03396682182467245,True,0.0,509268.0
CICIDS2017_COVERAGE_R1,314,1.0,Full-Contextual,F1,0.9,0.0,True,0.0,697894.0
CICIDS2017_COVERAGE_R1,314,1.0,Full-Contextual,F1,0.95,0.0,True,0.0,697894.0
CICIDS2017_COVERAGE_R1,314,1.0,Full-Contextual,PR_AUC,0.9,0.03217909436021601,True,0.0,697894.0
CICIDS2017_COVERAGE_R1,314,1.0,Full-Contextual,PR_AUC,0.95,0.03396682182467245,True,0.0,697894.0
CICIDS2017_COVERAGE_R1,314,1.0,Random-Budget,F1,0.9,0.0,True,0.0,698664.0
CICIDS2017_COVERAGE_R1,314,1.0,Random-Budget,F1,0.95,0.0,True,0.0,698664.0
CICIDS2017_COVERAGE_R1,314,1.0,Random-Budget,PR_AUC,0.9,0.03217909436021601,True,0.0,698664.0
CICIDS2017_COVERAGE_R1,314,1.0,Random-Budget,PR_AUC,0.95,0.03396682182467245,True,0.0,698664.0
CICIDS2017_COVERAGE_R1,314,1.0,Cost-Only,F1,0.9,0.0,True,0.0,698744.0
CICIDS2017_COVERAGE_R1,314,1.0,Cost-Only,F1,0.95,0.0,True,0.0,698744.0
CICIDS2017_COVERAGE_R1,314,1.0,Cost-Only,PR_AUC,0.9,0.03217909436021601,True,0.0,698744.0
CICIDS2017_COVERAGE_R1,314,1.0,Cost-Only,PR_AUC,0.95,0.03396682182467245,True,0.0,698744.0
CICIDS2017_COVERAGE_R1,314,1.0,Utility-Only,F1,0.9,0.0,True,0.0,698744.0
CICIDS2017_COVERAGE_R1,314,1.0,Utility-Only,F1,0.95,0.0,True,0.0,698744.0
CICIDS2017_COVERAGE_R1,314,1.0,Utility-Only,PR_AUC,0.9,0.03217909436021601,True,0.0,698744.0
CICIDS2017_COVERAGE_R1,314,1.0,Utility-Only,PR_AUC,0.95,0.03396682182467245,True,0.0,698744.0
CICIDS2017_COVERAGE_R1,314,1.0,Utility-Cost-Ratio,F1,0.9,0.0,True,0.0,698744.0
CICIDS2017_COVERAGE_R1,314,1.0,Utility-Cost-Ratio,F1,0.95,0.0,True,0.0,698744.0
CICIDS2017_COVERAGE_R1,314,1.0,Utility-Cost-Ratio,PR_AUC,0.9,0.03217909436021601,True,0.0,698744.0
CICIDS2017_COVERAGE_R1,314,1.0,Utility-Cost-Ratio,PR_AUC,0.95,0.03396682182467245,True,0.0,698744.0
CICIDS2017_COVERAGE_R1,314,1.0,CB-Score,F1,0.9,0.0,True,0.0,509268.0
CICIDS2017_COVERAGE_R1,314,1.0,CB-Score,F1,0.95,0.0,True,0.0,509268.0
CICIDS2017_COVERAGE_R1,314,1.0,CB-Score,PR_AUC,0.9,0.03217909436021601,True,0.0,509268.0
CICIDS2017_COVERAGE_R1,314,1.0,CB-Score,PR_AUC,0.95,0.03396682182467245,True,0.0,509268.0
CICIDS2017_COVERAGE_R1,314,1.0,Historical-DoubleCost,F1,0.9,0.0,True,0.0,509268.0
CICIDS2017_COVERAGE_R1,314,1.0,Historical-DoubleCost,F1,0.95,0.0,True,0.0,509268.0
CICIDS2017_COVERAGE_R1,314,1.0,Historical-DoubleCost,PR_AUC,0.9,0.03217909436021601,True,0.0,509268.0
CICIDS2017_COVERAGE_R1,314,1.0,Historical-DoubleCost,PR_AUC,0.95,0.03396682182467245,True,0.0,509268.0
CICIDS2017_COVERAGE_R1,314,1.0,Oort-Style-Adapted,F1,0.9,0.0,True,0.0,698744.0
CICIDS2017_COVERAGE_R1,314,1.0,Oort-Style-Adapted,F1,0.95,0.0,True,0.0,698744.0
CICIDS2017_COVERAGE_R1,314,1.0,Oort-Style-Adapted,PR_AUC,0.9,0.03217909436021601,True,0.0,698744.0
CICIDS2017_COVERAGE_R1,314,1.0,Oort-Style-Adapted,PR_AUC,0.95,0.03396682182467245,True,0.0,698744.0
CICIDS2017_COVERAGE_R1,314,1.0,Oracle-Score-Exact,F1,0.9,0.0,True,0.0,509268.0
CICIDS2017_COVERAGE_R1,314,1.0,Oracle-Score-Exact,F1,0.95,0.0,True,0.0,509268.0
CICIDS2017_COVERAGE_R1,314,1.0,Oracle-Score-Exact,PR_AUC,0.9,0.03217909436021601,True,0.0,509268.0
CICIDS2017_COVERAGE_R1,314,1.0,Oracle-Score-Exact,PR_AUC,0.95,0.03396682182467245,True,0.0,509268.0
CICIDS2017_COVERAGE_R1,2718,0.1,Full-Contextual,F1,0.9,0.0,True,0.0,696356.0
CICIDS2017_COVERAGE_R1,2718,0.1,Full-Contextual,F1,0.95,0.0,True,0.0,696356.0
CICIDS2017_COVERAGE_R1,2718,0.1,Full-Contextual,PR_AUC,0.9,0.03136963308323022,True,0.0,696356.0
CICIDS2017_COVERAGE_R1,2718,0.1,Full-Contextual,PR_AUC,0.95,0.03311239047674301,True,23.0,16417003.0
CICIDS2017_COVERAGE_R1,2718,0.1,Random-Budget,F1,0.9,0.0,True,0.0,131304.0
CICIDS2017_COVERAGE_R1,2718,0.1,Random-Budget,F1,0.95,0.0,True,0.0,131304.0
CICIDS2017_COVERAGE_R1,2718,0.1,Random-Budget,PR_AUC,0.9,0.03136963308323022,True,0.0,131304.0
CICIDS2017_COVERAGE_R1,2718,0.1,Random-Budget,PR_AUC,0.95,0.03311239047674301,True,0.0,131304.0
CICIDS2017_COVERAGE_R1,2718,0.1,Cost-Only,F1,0.9,0.0,True,0.0,131222.0
CICIDS2017_COVERAGE_R1,2718,0.1,Cost-Only,F1,0.95,0.0,True,0.0,131222.0
CICIDS2017_COVERAGE_R1,2718,0.1,Cost-Only,PR_AUC,0.9,0.03136963308323022,True,1.0,262149.0
CICIDS2017_COVERAGE_R1,2718,0.1,Cost-Only,PR_AUC,0.95,0.03311239047674301,True,1.0,262149.0
CICIDS2017_COVERAGE_R1,2718,0.1,Utility-Only,F1,0.9,0.0,True,0.0,131222.0
CICIDS2017_COVERAGE_R1,2718,0.1,Utility-Only,F1,0.95,0.0,True,0.0,131222.0
CICIDS2017_COVERAGE_R1,2718,0.1,Utility-Only,PR_AUC,0.9,0.03136963308323022,True,1.0,262149.0
CICIDS2017_COVERAGE_R1,2718,0.1,Utility-Only,PR_AUC,0.95,0.03311239047674301,True,1.0,262149.0
CICIDS2017_COVERAGE_R1,2718,0.1,Utility-Cost-Ratio,F1,0.9,0.0,True,0.0,131222.0
CICIDS2017_COVERAGE_R1,2718,0.1,Utility-Cost-Ratio,F1,0.95,0.0,True,0.0,131222.0
CICIDS2017_COVERAGE_R1,2718,0.1,Utility-Cost-Ratio,PR_AUC,0.9,0.03136963308323022,True,1.0,262149.0
CICIDS2017_COVERAGE_R1,2718,0.1,Utility-Cost-Ratio,PR_AUC,0.95,0.03311239047674301,True,1.0,262149.0
CICIDS2017_COVERAGE_R1,2718,0.1,CB-Score,F1,0.9,0.0,True,0.0,131222.0
CICIDS2017_COVERAGE_R1,2718,0.1,CB-Score,F1,0.95,0.0,True,0.0,131222.0
CICIDS2017_COVERAGE_R1,2718,0.1,CB-Score,PR_AUC,0.9,0.03136963308323022,True,1.0,262149.0
CICIDS2017_COVERAGE_R1,2718,0.1,CB-Score,PR_AUC,0.95,0.03311239047674301,True,1.0,262149.0
CICIDS2017_COVERAGE_R1,2718,0.1,Historical-DoubleCost,F1,0.9,0.0,True,0.0,131222.0
CICIDS2017_COVERAGE_R1,2718,0.1,Historical-DoubleCost,F1,0.95,0.0,True,0.0,131222.0
CICIDS2017_COVERAGE_R1,2718,0.1,Historical-DoubleCost,PR_AUC,0.9,0.03136963308323022,True,1.0,262149.0
CICIDS2017_COVERAGE_R1,2718,0.1,Historical-DoubleCost,PR_AUC,0.95,0.03311239047674301,True,1.0,262149.0
CICIDS2017_COVERAGE_R1,2718,0.1,Oort-Style-Adapted,F1,0.9,0.0,True,0.0,131222.0
CICIDS2017_COVERAGE_R1,2718,0.1,Oort-Style-Adapted,F1,0.95,0.0,True,0.0,131222.0
CICIDS2017_COVERAGE_R1,2718,0.1,Oort-Style-Adapted,PR_AUC,0.9,0.03136963308323022,True,1.0,262149.0
CICIDS2017_COVERAGE_R1,2718,0.1,Oort-Style-Adapted,PR_AUC,0.95,0.03311239047674301,True,1.0,262149.0
CICIDS2017_COVERAGE_R1,2718,0.1,Oracle-Score-Exact,F1,0.9,0.0,True,0.0,131222.0
CICIDS2017_COVERAGE_R1,2718,0.1,Oracle-Score-Exact,F1,0.95,0.0,True,0.0,131222.0
CICIDS2017_COVERAGE_R1,2718,0.1,Oracle-Score-Exact,PR_AUC,0.9,0.03136963308323022,True,1.0,262149.0
CICIDS2017_COVERAGE_R1,2718,0.1,Oracle-Score-Exact,PR_AUC,0.95,0.03311239047674301,True,1.0,262149.0
CICIDS2017_COVERAGE_R1,2718,0.2,Full-Contextual,F1,0.9,0.0,True,0.0,696356.0
CICIDS2017_COVERAGE_R1,2718,0.2,Full-Contextual,F1,0.95,0.0,True,0.0,696356.0
CICIDS2017_COVERAGE_R1,2718,0.2,Full-Contextual,PR_AUC,0.9,0.03136963308323022,True,0.0,696356.0
CICIDS2017_COVERAGE_R1,2718,0.2,Full-Contextual,PR_AUC,0.95,0.03311239047674301,True,23.0,16417003.0
CICIDS2017_COVERAGE_R1,2718,0.2,Random-Budget,F1,0.9,0.0,True,0.0,131489.0
CICIDS2017_COVERAGE_R1,2718,0.2,Random-Budget,F1,0.95,0.0,True,0.0,131489.0
CICIDS2017_COVERAGE_R1,2718,0.2,Random-Budget,PR_AUC,0.9,0.03136963308323022,True,1.0,324902.0
CICIDS2017_COVERAGE_R1,2718,0.2,Random-Budget,PR_AUC,0.95,0.03311239047674301,True,2.0,518228.0
CICIDS2017_COVERAGE_R1,2718,0.2,Cost-Only,F1,0.9,0.0,True,0.0,194071.0
CICIDS2017_COVERAGE_R1,2718,0.2,Cost-Only,F1,0.95,0.0,True,0.0,194071.0
CICIDS2017_COVERAGE_R1,2718,0.2,Cost-Only,PR_AUC,0.9,0.03136963308323022,True,1.0,388145.0
CICIDS2017_COVERAGE_R1,2718,0.2,Cost-Only,PR_AUC,0.95,0.03311239047674301,True,1.0,388145.0
CICIDS2017_COVERAGE_R1,2718,0.2,Utility-Only,F1,0.9,0.0,True,0.0,194149.0
CICIDS2017_COVERAGE_R1,2718,0.2,Utility-Only,F1,0.95,0.0,True,0.0,194149.0
CICIDS2017_COVERAGE_R1,2718,0.2,Utility-Only,PR_AUC,0.9,0.03136963308323022,True,1.0,388446.0
CICIDS2017_COVERAGE_R1,2718,0.2,Utility-Only,PR_AUC,0.95,0.03311239047674301,True,1.0,388446.0
CICIDS2017_COVERAGE_R1,2718,0.2,Utility-Cost-Ratio,F1,0.9,0.0,True,0.0,194149.0
CICIDS2017_COVERAGE_R1,2718,0.2,Utility-Cost-Ratio,F1,0.95,0.0,True,0.0,194149.0
CICIDS2017_COVERAGE_R1,2718,0.2,Utility-Cost-Ratio,PR_AUC,0.9,0.03136963308323022,True,1.0,388446.0
CICIDS2017_COVERAGE_R1,2718,0.2,Utility-Cost-Ratio,PR_AUC,0.95,0.03311239047674301,True,1.0,388446.0
CICIDS2017_COVERAGE_R1,2718,0.2,CB-Score,F1,0.9,0.0,True,0.0,194149.0
CICIDS2017_COVERAGE_R1,2718,0.2,CB-Score,F1,0.95,0.0,True,0.0,194149.0
CICIDS2017_COVERAGE_R1,2718,0.2,CB-Score,PR_AUC,0.9,0.03136963308323022,True,1.0,388446.0
CICIDS2017_COVERAGE_R1,2718,0.2,CB-Score,PR_AUC,0.95,0.03311239047674301,True,1.0,388446.0
CICIDS2017_COVERAGE_R1,2718,0.2,Historical-DoubleCost,F1,0.9,0.0,True,0.0,194149.0
CICIDS2017_COVERAGE_R1,2718,0.2,Historical-DoubleCost,F1,0.95,0.0,True,0.0,194149.0
CICIDS2017_COVERAGE_R1,2718,0.2,Historical-DoubleCost,PR_AUC,0.9,0.03136963308323022,True,1.0,388446.0
CICIDS2017_COVERAGE_R1,2718,0.2,Historical-DoubleCost,PR_AUC,0.95,0.03311239047674301,True,1.0,388446.0
CICIDS2017_COVERAGE_R1,2718,0.2,Oort-Style-Adapted,F1,0.9,0.0,True,0.0,194149.0
CICIDS2017_COVERAGE_R1,2718,0.2,Oort-Style-Adapted,F1,0.95,0.0,True,0.0,194149.0
CICIDS2017_COVERAGE_R1,2718,0.2,Oort-Style-Adapted,PR_AUC,0.9,0.03136963308323022,True,1.0,388446.0
CICIDS2017_COVERAGE_R1,2718,0.2,Oort-Style-Adapted,PR_AUC,0.95,0.03311239047674301,True,1.0,388446.0
CICIDS2017_COVERAGE_R1,2718,0.2,Oracle-Score-Exact,F1,0.9,0.0,True,0.0,194149.0
CICIDS2017_COVERAGE_R1,2718,0.2,Oracle-Score-Exact,F1,0.95,0.0,True,0.0,194149.0
CICIDS2017_COVERAGE_R1,2718,0.2,Oracle-Score-Exact,PR_AUC,0.9,0.03136963308323022,True,1.0,388446.0
CICIDS2017_COVERAGE_R1,2718,0.2,Oracle-Score-Exact,PR_AUC,0.95,0.03311239047674301,True,1.0,388446.0
CICIDS2017_COVERAGE_R1,2718,0.4,Full-Contextual,F1,0.9,0.0,True,0.0,696356.0
CICIDS2017_COVERAGE_R1,2718,0.4,Full-Contextual,F1,0.95,0.0,True,0.0,696356.0
CICIDS2017_COVERAGE_R1,2718,0.4,Full-Contextual,PR_AUC,0.9,0.03136963308323022,True,0.0,696356.0
CICIDS2017_COVERAGE_R1,2718,0.4,Full-Contextual,PR_AUC,0.95,0.03311239047674301,True,23.0,16417003.0
CICIDS2017_COVERAGE_R1,2718,0.4,Random-Budget,F1,0.9,0.0,True,0.0,257460.0
CICIDS2017_COVERAGE_R1,2718,0.4,Random-Budget,F1,0.95,0.0,True,0.0,257460.0
CICIDS2017_COVERAGE_R1,2718,0.4,Random-Budget,PR_AUC,0.9,0.03136963308323022,True,3.0,1024231.0
CICIDS2017_COVERAGE_R1,2718,0.4,Random-Budget,PR_AUC,0.95,0.03311239047674301,True,3.0,1024231.0
CICIDS2017_COVERAGE_R1,2718,0.4,Cost-Only,F1,0.9,0.0,True,0.0,319942.0
CICIDS2017_COVERAGE_R1,2718,0.4,Cost-Only,F1,0.95,0.0,True,0.0,319942.0
CICIDS2017_COVERAGE_R1,2718,0.4,Cost-Only,PR_AUC,0.9,0.03136963308323022,True,1.0,639954.0
CICIDS2017_COVERAGE_R1,2718,0.4,Cost-Only,PR_AUC,0.95,0.03311239047674301,True,2.0,895360.0
CICIDS2017_COVERAGE_R1,2718,0.4,Utility-Only,F1,0.9,0.0,True,0.0,257349.0
CICIDS2017_COVERAGE_R1,2718,0.4,Utility-Only,F1,0.95,0.0,True,0.0,257349.0
CICIDS2017_COVERAGE_R1,2718,0.4,Utility-Only,PR_AUC,0.9,0.03136963308323022,True,1.0,576396.0
CICIDS2017_COVERAGE_R1,2718,0.4,Utility-Only,PR_AUC,0.95,0.03311239047674301,True,3.0,1086832.0
CICIDS2017_COVERAGE_R1,2718,0.4,Utility-Cost-Ratio,F1,0.9,0.0,True,0.0,257349.0
CICIDS2017_COVERAGE_R1,2718,0.4,Utility-Cost-Ratio,F1,0.95,0.0,True,0.0,257349.0
CICIDS2017_COVERAGE_R1,2718,0.4,Utility-Cost-Ratio,PR_AUC,0.9,0.03136963308323022,True,1.0,576396.0
CICIDS2017_COVERAGE_R1,2718,0.4,Utility-Cost-Ratio,PR_AUC,0.95,0.03311239047674301,True,3.0,1086832.0
CICIDS2017_COVERAGE_R1,2718,0.4,CB-Score,F1,0.9,0.0,True,0.0,257180.0
CICIDS2017_COVERAGE_R1,2718,0.4,CB-Score,F1,0.95,0.0,True,0.0,257180.0
CICIDS2017_COVERAGE_R1,2718,0.4,CB-Score,PR_AUC,0.9,0.03136963308323022,True,1.0,514247.0
CICIDS2017_COVERAGE_R1,2718,0.4,CB-Score,PR_AUC,0.95,0.03311239047674301,True,3.0,1146784.0
CICIDS2017_COVERAGE_R1,2718,0.4,Historical-DoubleCost,F1,0.9,0.0,True,0.0,257180.0
CICIDS2017_COVERAGE_R1,2718,0.4,Historical-DoubleCost,F1,0.95,0.0,True,0.0,257180.0
CICIDS2017_COVERAGE_R1,2718,0.4,Historical-DoubleCost,PR_AUC,0.9,0.03136963308323022,True,1.0,514247.0
CICIDS2017_COVERAGE_R1,2718,0.4,Historical-DoubleCost,PR_AUC,0.95,0.03311239047674301,True,3.0,1146784.0
CICIDS2017_COVERAGE_R1,2718,0.4,Oort-Style-Adapted,F1,0.9,0.0,True,0.0,257349.0
CICIDS2017_COVERAGE_R1,2718,0.4,Oort-Style-Adapted,F1,0.95,0.0,True,0.0,257349.0
CICIDS2017_COVERAGE_R1,2718,0.4,Oort-Style-Adapted,PR_AUC,0.9,0.03136963308323022,True,1.0,576396.0
CICIDS2017_COVERAGE_R1,2718,0.4,Oort-Style-Adapted,PR_AUC,0.95,0.03311239047674301,True,7.0,2229288.0
CICIDS2017_COVERAGE_R1,2718,0.4,Oracle-Score-Exact,F1,0.9,0.0,True,0.0,319942.0
CICIDS2017_COVERAGE_R1,2718,0.4,Oracle-Score-Exact,F1,0.95,0.0,True,0.0,319942.0
CICIDS2017_COVERAGE_R1,2718,0.4,Oracle-Score-Exact,PR_AUC,0.9,0.03136963308323022,True,1.0,577257.0
CICIDS2017_COVERAGE_R1,2718,0.4,Oracle-Score-Exact,PR_AUC,0.95,0.03311239047674301,True,1.0,577257.0
CICIDS2017_COVERAGE_R1,2718,0.6,Full-Contextual,F1,0.9,0.0,True,0.0,696356.0
CICIDS2017_COVERAGE_R1,2718,0.6,Full-Contextual,F1,0.95,0.0,True,0.0,696356.0
CICIDS2017_COVERAGE_R1,2718,0.6,Full-Contextual,PR_AUC,0.9,0.03136963308323022,True,0.0,696356.0
CICIDS2017_COVERAGE_R1,2718,0.6,Full-Contextual,PR_AUC,0.95,0.03311239047674301,True,23.0,16417003.0
CICIDS2017_COVERAGE_R1,2718,0.6,Random-Budget,F1,0.9,0.0,True,0.0,383044.0
CICIDS2017_COVERAGE_R1,2718,0.6,Random-Budget,F1,0.95,0.0,True,0.0,383044.0
CICIDS2017_COVERAGE_R1,2718,0.6,Random-Budget,PR_AUC,0.9,0.03136963308323022,True,11.0,4678438.0
CICIDS2017_COVERAGE_R1,2718,0.6,Random-Budget,PR_AUC,0.95,0.03311239047674301,True,11.0,4678438.0
CICIDS2017_COVERAGE_R1,2718,0.6,Cost-Only,F1,0.9,0.0,True,0.0,382960.0
CICIDS2017_COVERAGE_R1,2718,0.6,Cost-Only,F1,0.95,0.0,True,0.0,382960.0
CICIDS2017_COVERAGE_R1,2718,0.6,Cost-Only,PR_AUC,0.9,0.03136963308323022,True,0.0,382960.0
CICIDS2017_COVERAGE_R1,2718,0.6,Cost-Only,PR_AUC,0.95,0.03311239047674301,True,0.0,382960.0
CICIDS2017_COVERAGE_R1,2718,0.6,Utility-Only,F1,0.9,0.0,True,0.0,383339.0
CICIDS2017_COVERAGE_R1,2718,0.6,Utility-Only,F1,0.95,0.0,True,0.0,383339.0
CICIDS2017_COVERAGE_R1,2718,0.6,Utility-Only,PR_AUC,0.9,0.03136963308323022,True,1.0,766018.0
CICIDS2017_COVERAGE_R1,2718,0.6,Utility-Only,PR_AUC,0.95,0.03311239047674301,True,23.0,8452122.0
CICIDS2017_COVERAGE_R1,2718,0.6,Utility-Cost-Ratio,F1,0.9,0.0,True,0.0,383339.0
CICIDS2017_COVERAGE_R1,2718,0.6,Utility-Cost-Ratio,F1,0.95,0.0,True,0.0,383339.0
CICIDS2017_COVERAGE_R1,2718,0.6,Utility-Cost-Ratio,PR_AUC,0.9,0.03136963308323022,True,1.0,766018.0
CICIDS2017_COVERAGE_R1,2718,0.6,Utility-Cost-Ratio,PR_AUC,0.95,0.03311239047674301,True,23.0,8452122.0
CICIDS2017_COVERAGE_R1,2718,0.6,CB-Score,F1,0.9,0.0,True,0.0,383098.0
CICIDS2017_COVERAGE_R1,2718,0.6,CB-Score,F1,0.95,0.0,True,0.0,383098.0
CICIDS2017_COVERAGE_R1,2718,0.6,CB-Score,PR_AUC,0.9,0.03136963308323022,True,1.0,765503.0
CICIDS2017_COVERAGE_R1,2718,0.6,CB-Score,PR_AUC,0.95,0.03311239047674301,True,22.0,8686470.0
CICIDS2017_COVERAGE_R1,2718,0.6,Historical-DoubleCost,F1,0.9,0.0,True,0.0,383098.0
CICIDS2017_COVERAGE_R1,2718,0.6,Historical-DoubleCost,F1,0.95,0.0,True,0.0,383098.0
CICIDS2017_COVERAGE_R1,2718,0.6,Historical-DoubleCost,PR_AUC,0.9,0.03136963308323022,True,1.0,765503.0
CICIDS2017_COVERAGE_R1,2718,0.6,Historical-DoubleCost,PR_AUC,0.95,0.03311239047674301,True,22.0,8686470.0
CICIDS2017_COVERAGE_R1,2718,0.6,Oort-Style-Adapted,F1,0.9,0.0,True,0.0,383339.0
CICIDS2017_COVERAGE_R1,2718,0.6,Oort-Style-Adapted,F1,0.95,0.0,True,0.0,383339.0
CICIDS2017_COVERAGE_R1,2718,0.6,Oort-Style-Adapted,PR_AUC,0.9,0.03136963308323022,True,1.0,766232.0
CICIDS2017_COVERAGE_R1,2718,0.6,Oort-Style-Adapted,PR_AUC,0.95,0.03311239047674301,True,22.0,7648195.0
CICIDS2017_COVERAGE_R1,2718,0.6,Oracle-Score-Exact,F1,0.9,0.0,True,0.0,383098.0
CICIDS2017_COVERAGE_R1,2718,0.6,Oracle-Score-Exact,F1,0.95,0.0,True,0.0,383098.0
CICIDS2017_COVERAGE_R1,2718,0.6,Oracle-Score-Exact,PR_AUC,0.9,0.03136963308323022,True,1.0,765503.0
CICIDS2017_COVERAGE_R1,2718,0.6,Oracle-Score-Exact,PR_AUC,0.95,0.03311239047674301,True,22.0,8686470.0
CICIDS2017_COVERAGE_R1,2718,0.8,Full-Contextual,F1,0.9,0.0,True,0.0,696356.0
CICIDS2017_COVERAGE_R1,2718,0.8,Full-Contextual,F1,0.95,0.0,True,0.0,696356.0
CICIDS2017_COVERAGE_R1,2718,0.8,Full-Contextual,PR_AUC,0.9,0.03136963308323022,True,0.0,696356.0
CICIDS2017_COVERAGE_R1,2718,0.8,Full-Contextual,PR_AUC,0.95,0.03311239047674301,True,23.0,16417003.0
CICIDS2017_COVERAGE_R1,2718,0.8,Random-Budget,F1,0.9,0.0,True,0.0,509199.0
CICIDS2017_COVERAGE_R1,2718,0.8,Random-Budget,F1,0.95,0.0,True,0.0,509199.0
CICIDS2017_COVERAGE_R1,2718,0.8,Random-Budget,PR_AUC,0.9,0.03136963308323022,True,2.0,1522362.0
CICIDS2017_COVERAGE_R1,2718,0.8,Random-Budget,PR_AUC,0.95,0.03311239047674301,True,18.0,9556750.0
CICIDS2017_COVERAGE_R1,2718,0.8,Cost-Only,F1,0.9,0.0,True,0.0,508987.0
CICIDS2017_COVERAGE_R1,2718,0.8,Cost-Only,F1,0.95,0.0,True,0.0,508987.0
CICIDS2017_COVERAGE_R1,2718,0.8,Cost-Only,PR_AUC,0.9,0.03136963308323022,True,0.0,508987.0
CICIDS2017_COVERAGE_R1,2718,0.8,Cost-Only,PR_AUC,0.95,0.03311239047674301,True,0.0,508987.0
CICIDS2017_COVERAGE_R1,2718,0.8,Utility-Only,F1,0.9,0.0,True,0.0,509252.0
CICIDS2017_COVERAGE_R1,2718,0.8,Utility-Only,F1,0.95,0.0,True,0.0,509252.0
CICIDS2017_COVERAGE_R1,2718,0.8,Utility-Only,PR_AUC,0.9,0.03136963308323022,True,1.0,1017603.0
CICIDS2017_COVERAGE_R1,2718,0.8,Utility-Only,PR_AUC,0.95,0.03311239047674301,True,25.0,9951105.0
CICIDS2017_COVERAGE_R1,2718,0.8,Utility-Cost-Ratio,F1,0.9,0.0,True,0.0,509252.0
CICIDS2017_COVERAGE_R1,2718,0.8,Utility-Cost-Ratio,F1,0.95,0.0,True,0.0,509252.0
CICIDS2017_COVERAGE_R1,2718,0.8,Utility-Cost-Ratio,PR_AUC,0.9,0.03136963308323022,True,1.0,1017603.0
CICIDS2017_COVERAGE_R1,2718,0.8,Utility-Cost-Ratio,PR_AUC,0.95,0.03311239047674301,True,25.0,9951105.0
CICIDS2017_COVERAGE_R1,2718,0.8,CB-Score,F1,0.9,0.0,True,0.0,509252.0
CICIDS2017_COVERAGE_R1,2718,0.8,CB-Score,F1,0.95,0.0,True,0.0,509252.0
CICIDS2017_COVERAGE_R1,2718,0.8,CB-Score,PR_AUC,0.9,0.03136963308323022,True,1.0,954553.0
CICIDS2017_COVERAGE_R1,2718,0.8,CB-Score,PR_AUC,0.95,0.03311239047674301,True,22.0,10479195.0
CICIDS2017_COVERAGE_R1,2718,0.8,Historical-DoubleCost,F1,0.9,0.0,True,0.0,509252.0
CICIDS2017_COVERAGE_R1,2718,0.8,Historical-DoubleCost,F1,0.95,0.0,True,0.0,509252.0
CICIDS2017_COVERAGE_R1,2718,0.8,Historical-DoubleCost,PR_AUC,0.9,0.03136963308323022,True,1.0,954553.0
CICIDS2017_COVERAGE_R1,2718,0.8,Historical-DoubleCost,PR_AUC,0.95,0.03311239047674301,True,22.0,10479195.0
CICIDS2017_COVERAGE_R1,2718,0.8,Oort-Style-Adapted,F1,0.9,0.0,True,0.0,509110.0
CICIDS2017_COVERAGE_R1,2718,0.8,Oort-Style-Adapted,F1,0.95,0.0,True,0.0,509110.0
CICIDS2017_COVERAGE_R1,2718,0.8,Oort-Style-Adapted,PR_AUC,0.9,0.03136963308323022,True,1.0,954633.0
CICIDS2017_COVERAGE_R1,2718,0.8,Oort-Style-Adapted,PR_AUC,0.95,0.03311239047674301,True,26.0,10392648.0
CICIDS2017_COVERAGE_R1,2718,0.8,Oracle-Score-Exact,F1,0.9,0.0,True,0.0,509252.0
CICIDS2017_COVERAGE_R1,2718,0.8,Oracle-Score-Exact,F1,0.95,0.0,True,0.0,509252.0
CICIDS2017_COVERAGE_R1,2718,0.8,Oracle-Score-Exact,PR_AUC,0.9,0.03136963308323022,True,1.0,954553.0
CICIDS2017_COVERAGE_R1,2718,0.8,Oracle-Score-Exact,PR_AUC,0.95,0.03311239047674301,True,22.0,10479195.0
CICIDS2017_COVERAGE_R1,2718,1.0,Full-Contextual,F1,0.9,0.0,True,0.0,696356.0
CICIDS2017_COVERAGE_R1,2718,1.0,Full-Contextual,F1,0.95,0.0,True,0.0,696356.0
CICIDS2017_COVERAGE_R1,2718,1.0,Full-Contextual,PR_AUC,0.9,0.03136963308323022,True,0.0,696356.0
CICIDS2017_COVERAGE_R1,2718,1.0,Full-Contextual,PR_AUC,0.95,0.03311239047674301,True,23.0,16417003.0
CICIDS2017_COVERAGE_R1,2718,1.0,Random-Budget,F1,0.9,0.0,True,0.0,635066.0
CICIDS2017_COVERAGE_R1,2718,1.0,Random-Budget,F1,0.95,0.0,True,0.0,635066.0
CICIDS2017_COVERAGE_R1,2718,1.0,Random-Budget,PR_AUC,0.9,0.03136963308323022,True,0.0,635066.0
CICIDS2017_COVERAGE_R1,2718,1.0,Random-Budget,PR_AUC,0.95,0.03311239047674301,True,20.0,13098781.0
CICIDS2017_COVERAGE_R1,2718,1.0,Cost-Only,F1,0.9,0.0,True,0.0,635146.0
CICIDS2017_COVERAGE_R1,2718,1.0,Cost-Only,F1,0.95,0.0,True,0.0,635146.0
CICIDS2017_COVERAGE_R1,2718,1.0,Cost-Only,PR_AUC,0.9,0.03136963308323022,True,0.0,635146.0
CICIDS2017_COVERAGE_R1,2718,1.0,Cost-Only,PR_AUC,0.95,0.03311239047674301,True,20.0,13100461.0
CICIDS2017_COVERAGE_R1,2718,1.0,Utility-Only,F1,0.9,0.0,True,0.0,572169.0
CICIDS2017_COVERAGE_R1,2718,1.0,Utility-Only,F1,0.95,0.0,True,0.0,572169.0
CICIDS2017_COVERAGE_R1,2718,1.0,Utility-Only,PR_AUC,0.9,0.03136963308323022,True,1.0,1080599.0
CICIDS2017_COVERAGE_R1,2718,1.0,Utility-Only,PR_AUC,0.95,0.03311239047674301,True,10.0,4241552.0
CICIDS2017_COVERAGE_R1,2718,1.0,Utility-Cost-Ratio,F1,0.9,0.0,True,0.0,572169.0
CICIDS2017_COVERAGE_R1,2718,1.0,Utility-Cost-Ratio,F1,0.95,0.0,True,0.0,572169.0
CICIDS2017_COVERAGE_R1,2718,1.0,Utility-Cost-Ratio,PR_AUC,0.9,0.03136963308323022,True,1.0,1080599.0
CICIDS2017_COVERAGE_R1,2718,1.0,Utility-Cost-Ratio,PR_AUC,0.95,0.03311239047674301,True,10.0,4241552.0
CICIDS2017_COVERAGE_R1,2718,1.0,CB-Score,F1,0.9,0.0,True,0.0,572169.0
CICIDS2017_COVERAGE_R1,2718,1.0,CB-Score,F1,0.95,0.0,True,0.0,572169.0
CICIDS2017_COVERAGE_R1,2718,1.0,CB-Score,PR_AUC,0.9,0.03136963308323022,True,1.0,1017464.0
CICIDS2017_COVERAGE_R1,2718,1.0,CB-Score,PR_AUC,0.95,0.03311239047674301,True,3.0,1714180.0
CICIDS2017_COVERAGE_R1,2718,1.0,Historical-DoubleCost,F1,0.9,0.0,True,0.0,572169.0
CICIDS2017_COVERAGE_R1,2718,1.0,Historical-DoubleCost,F1,0.95,0.0,True,0.0,572169.0
CICIDS2017_COVERAGE_R1,2718,1.0,Historical-DoubleCost,PR_AUC,0.9,0.03136963308323022,True,1.0,1017464.0
CICIDS2017_COVERAGE_R1,2718,1.0,Historical-DoubleCost,PR_AUC,0.95,0.03311239047674301,True,3.0,1714180.0
CICIDS2017_COVERAGE_R1,2718,1.0,Oort-Style-Adapted,F1,0.9,0.0,True,0.0,572169.0
CICIDS2017_COVERAGE_R1,2718,1.0,Oort-Style-Adapted,F1,0.95,0.0,True,0.0,572169.0
CICIDS2017_COVERAGE_R1,2718,1.0,Oort-Style-Adapted,PR_AUC,0.9,0.03136963308323022,True,1.0,1080599.0
CICIDS2017_COVERAGE_R1,2718,1.0,Oort-Style-Adapted,PR_AUC,0.95,0.03311239047674301,True,10.0,4241552.0
CICIDS2017_COVERAGE_R1,2718,1.0,Oracle-Score-Exact,F1,0.9,0.0,True,0.0,572169.0
CICIDS2017_COVERAGE_R1,2718,1.0,Oracle-Score-Exact,F1,0.95,0.0,True,0.0,572169.0
CICIDS2017_COVERAGE_R1,2718,1.0,Oracle-Score-Exact,PR_AUC,0.9,0.03136963308323022,True,1.0,1017464.0
CICIDS2017_COVERAGE_R1,2718,1.0,Oracle-Score-Exact,PR_AUC,0.95,0.03311239047674301,True,3.0,1714180.0
CICIDS2017_COVERAGE_R1,9001,0.1,Full-Contextual,F1,0.9,0.0010451444331542401,True,10.0,7619838.0
CICIDS2017_COVERAGE_R1,9001,0.1,Full-Contextual,F1,0.95,0.00110320801277392,True,10.0,7619838.0
CICIDS2017_COVERAGE_R1,9001,0.1,Full-Contextual,PR_AUC,0.9,0.032847802072740455,True,0.0,697943.0
CICIDS2017_COVERAGE_R1,9001,0.1,Full-Contextual,PR_AUC,0.95,0.03467267996567048,True,0.0,697943.0
CICIDS2017_COVERAGE_R1,9001,0.1,Random-Budget,F1,0.9,0.0010451444331542401,True,22.0,2975073.0
CICIDS2017_COVERAGE_R1,9001,0.1,Random-Budget,F1,0.95,0.00110320801277392,True,22.0,2975073.0
CICIDS2017_COVERAGE_R1,9001,0.1,Random-Budget,PR_AUC,0.9,0.032847802072740455,True,0.0,131411.0
CICIDS2017_COVERAGE_R1,9001,0.1,Random-Budget,PR_AUC,0.95,0.03467267996567048,True,0.0,131411.0
CICIDS2017_COVERAGE_R1,9001,0.1,Cost-Only,F1,0.9,0.0010451444331542401,True,26.0,3455792.0
CICIDS2017_COVERAGE_R1,9001,0.1,Cost-Only,F1,0.95,0.00110320801277392,True,26.0,3455792.0
CICIDS2017_COVERAGE_R1,9001,0.1,Cost-Only,PR_AUC,0.9,0.032847802072740455,True,0.0,131491.0
CICIDS2017_COVERAGE_R1,9001,0.1,Cost-Only,PR_AUC,0.95,0.03467267996567048,True,0.0,131491.0
CICIDS2017_COVERAGE_R1,9001,0.1,Utility-Only,F1,0.9,0.0010451444331542401,True,0.0,131558.0
CICIDS2017_COVERAGE_R1,9001,0.1,Utility-Only,F1,0.95,0.00110320801277392,True,0.0,131558.0
CICIDS2017_COVERAGE_R1,9001,0.1,Utility-Only,PR_AUC,0.9,0.032847802072740455,True,2.0,331516.0
CICIDS2017_COVERAGE_R1,9001,0.1,Utility-Only,PR_AUC,0.95,0.03467267996567048,True,2.0,331516.0
CICIDS2017_COVERAGE_R1,9001,0.1,Utility-Cost-Ratio,F1,0.9,0.0010451444331542401,True,0.0,131558.0
CICIDS2017_COVERAGE_R1,9001,0.1,Utility-Cost-Ratio,F1,0.95,0.00110320801277392,True,0.0,131558.0
CICIDS2017_COVERAGE_R1,9001,0.1,Utility-Cost-Ratio,PR_AUC,0.9,0.032847802072740455,True,2.0,331516.0
CICIDS2017_COVERAGE_R1,9001,0.1,Utility-Cost-Ratio,PR_AUC,0.95,0.03467267996567048,True,2.0,331516.0
CICIDS2017_COVERAGE_R1,9001,0.1,CB-Score,F1,0.9,0.0010451444331542401,True,0.0,131558.0
CICIDS2017_COVERAGE_R1,9001,0.1,CB-Score,F1,0.95,0.00110320801277392,True,0.0,131558.0
CICIDS2017_COVERAGE_R1,9001,0.1,CB-Score,PR_AUC,0.9,0.032847802072740455,True,2.0,331516.0
CICIDS2017_COVERAGE_R1,9001,0.1,CB-Score,PR_AUC,0.95,0.03467267996567048,True,2.0,331516.0
CICIDS2017_COVERAGE_R1,9001,0.1,Historical-DoubleCost,F1,0.9,0.0010451444331542401,True,0.0,131558.0
CICIDS2017_COVERAGE_R1,9001,0.1,Historical-DoubleCost,F1,0.95,0.00110320801277392,True,0.0,131558.0
CICIDS2017_COVERAGE_R1,9001,0.1,Historical-DoubleCost,PR_AUC,0.9,0.032847802072740455,True,2.0,331516.0
CICIDS2017_COVERAGE_R1,9001,0.1,Historical-DoubleCost,PR_AUC,0.95,0.03467267996567048,True,2.0,331516.0
CICIDS2017_COVERAGE_R1,9001,0.1,Oort-Style-Adapted,F1,0.9,0.0010451444331542401,True,0.0,131558.0
CICIDS2017_COVERAGE_R1,9001,0.1,Oort-Style-Adapted,F1,0.95,0.00110320801277392,True,0.0,131558.0
CICIDS2017_COVERAGE_R1,9001,0.1,Oort-Style-Adapted,PR_AUC,0.9,0.032847802072740455,True,2.0,331516.0
CICIDS2017_COVERAGE_R1,9001,0.1,Oort-Style-Adapted,PR_AUC,0.95,0.03467267996567048,True,2.0,331516.0
CICIDS2017_COVERAGE_R1,9001,0.1,Oracle-Score-Exact,F1,0.9,0.0010451444331542401,True,0.0,131558.0
CICIDS2017_COVERAGE_R1,9001,0.1,Oracle-Score-Exact,F1,0.95,0.00110320801277392,True,0.0,131558.0
CICIDS2017_COVERAGE_R1,9001,0.1,Oracle-Score-Exact,PR_AUC,0.9,0.032847802072740455,True,2.0,331516.0
CICIDS2017_COVERAGE_R1,9001,0.1,Oracle-Score-Exact,PR_AUC,0.95,0.03467267996567048,True,2.0,331516.0
CICIDS2017_COVERAGE_R1,9001,0.2,Full-Contextual,F1,0.9,0.0010451444331542401,True,10.0,7619838.0
CICIDS2017_COVERAGE_R1,9001,0.2,Full-Contextual,F1,0.95,0.00110320801277392,True,10.0,7619838.0
CICIDS2017_COVERAGE_R1,9001,0.2,Full-Contextual,PR_AUC,0.9,0.032847802072740455,True,0.0,697943.0
CICIDS2017_COVERAGE_R1,9001,0.2,Full-Contextual,PR_AUC,0.95,0.03467267996567048,True,0.0,697943.0
CICIDS2017_COVERAGE_R1,9001,0.2,Random-Budget,F1,0.9,0.0010451444331542401,True,1.0,262884.0
CICIDS2017_COVERAGE_R1,9001,0.2,Random-Budget,F1,0.95,0.00110320801277392,True,1.0,262884.0
CICIDS2017_COVERAGE_R1,9001,0.2,Random-Budget,PR_AUC,0.9,0.032847802072740455,True,2.0,456225.0
CICIDS2017_COVERAGE_R1,9001,0.2,Random-Budget,PR_AUC,0.95,0.03467267996567048,True,2.0,456225.0
CICIDS2017_COVERAGE_R1,9001,0.2,Cost-Only,F1,0.9,0.0010451444331542401,True,0.0,194560.0
CICIDS2017_COVERAGE_R1,9001,0.2,Cost-Only,F1,0.95,0.00110320801277392,True,0.0,194560.0
CICIDS2017_COVERAGE_R1,9001,0.2,Cost-Only,PR_AUC,0.9,0.032847802072740455,True,1.0,388463.0
CICIDS2017_COVERAGE_R1,9001,0.2,Cost-Only,PR_AUC,0.95,0.03467267996567048,True,1.0,388463.0
CICIDS2017_COVERAGE_R1,9001,0.2,Utility-Only,F1,0.9,0.0010451444331542401,True,0.0,131627.0
CICIDS2017_COVERAGE_R1,9001,0.2,Utility-Only,F1,0.95,0.00110320801277392,True,0.0,131627.0
CICIDS2017_COVERAGE_R1,9001,0.2,Utility-Only,PR_AUC,0.9,0.032847802072740455,True,0.0,131627.0
CICIDS2017_COVERAGE_R1,9001,0.2,Utility-Only,PR_AUC,0.95,0.03467267996567048,True,0.0,131627.0
CICIDS2017_COVERAGE_R1,9001,0.2,Utility-Cost-Ratio,F1,0.9,0.0010451444331542401,True,0.0,131627.0
CICIDS2017_COVERAGE_R1,9001,0.2,Utility-Cost-Ratio,F1,0.95,0.00110320801277392,True,0.0,131627.0
CICIDS2017_COVERAGE_R1,9001,0.2,Utility-Cost-Ratio,PR_AUC,0.9,0.032847802072740455,True,0.0,131627.0
CICIDS2017_COVERAGE_R1,9001,0.2,Utility-Cost-Ratio,PR_AUC,0.95,0.03467267996567048,True,0.0,131627.0
CICIDS2017_COVERAGE_R1,9001,0.2,CB-Score,F1,0.9,0.0010451444331542401,True,0.0,131627.0
CICIDS2017_COVERAGE_R1,9001,0.2,CB-Score,F1,0.95,0.00110320801277392,True,0.0,131627.0
CICIDS2017_COVERAGE_R1,9001,0.2,CB-Score,PR_AUC,0.9,0.032847802072740455,True,0.0,131627.0
CICIDS2017_COVERAGE_R1,9001,0.2,CB-Score,PR_AUC,0.95,0.03467267996567048,True,0.0,131627.0
CICIDS2017_COVERAGE_R1,9001,0.2,Historical-DoubleCost,F1,0.9,0.0010451444331542401,True,0.0,131627.0
CICIDS2017_COVERAGE_R1,9001,0.2,Historical-DoubleCost,F1,0.95,0.00110320801277392,True,0.0,131627.0
CICIDS2017_COVERAGE_R1,9001,0.2,Historical-DoubleCost,PR_AUC,0.9,0.032847802072740455,True,0.0,131627.0
CICIDS2017_COVERAGE_R1,9001,0.2,Historical-DoubleCost,PR_AUC,0.95,0.03467267996567048,True,0.0,131627.0
CICIDS2017_COVERAGE_R1,9001,0.2,Oort-Style-Adapted,F1,0.9,0.0010451444331542401,True,0.0,131627.0
CICIDS2017_COVERAGE_R1,9001,0.2,Oort-Style-Adapted,F1,0.95,0.00110320801277392,True,0.0,131627.0
CICIDS2017_COVERAGE_R1,9001,0.2,Oort-Style-Adapted,PR_AUC,0.9,0.032847802072740455,True,0.0,131627.0
CICIDS2017_COVERAGE_R1,9001,0.2,Oort-Style-Adapted,PR_AUC,0.95,0.03467267996567048,True,0.0,131627.0
CICIDS2017_COVERAGE_R1,9001,0.2,Oracle-Score-Exact,F1,0.9,0.0010451444331542401,True,0.0,194560.0
CICIDS2017_COVERAGE_R1,9001,0.2,Oracle-Score-Exact,F1,0.95,0.00110320801277392,True,0.0,194560.0
CICIDS2017_COVERAGE_R1,9001,0.2,Oracle-Score-Exact,PR_AUC,0.9,0.032847802072740455,True,1.0,326130.0
CICIDS2017_COVERAGE_R1,9001,0.2,Oracle-Score-Exact,PR_AUC,0.95,0.03467267996567048,True,1.0,326130.0
CICIDS2017_COVERAGE_R1,9001,0.4,Full-Contextual,F1,0.9,0.0010451444331542401,True,10.0,7619838.0
CICIDS2017_COVERAGE_R1,9001,0.4,Full-Contextual,F1,0.95,0.00110320801277392,True,10.0,7619838.0
CICIDS2017_COVERAGE_R1,9001,0.4,Full-Contextual,PR_AUC,0.9,0.032847802072740455,True,0.0,697943.0
CICIDS2017_COVERAGE_R1,9001,0.4,Full-Contextual,PR_AUC,0.95,0.03467267996567048,True,0.0,697943.0
CICIDS2017_COVERAGE_R1,9001,0.4,Random-Budget,F1,0.9,0.0010451444331542401,True,0.0,257971.0
CICIDS2017_COVERAGE_R1,9001,0.4,Random-Budget,F1,0.95,0.00110320801277392,True,0.0,257971.0
CICIDS2017_COVERAGE_R1,9001,0.4,Random-Budget,PR_AUC,0.9,0.032847802072740455,True,1.0,513908.0
CICIDS2017_COVERAGE_R1,9001,0.4,Random-Budget,PR_AUC,0.95,0.03467267996567048,True,1.0,513908.0
CICIDS2017_COVERAGE_R1,9001,0.4,Cost-Only,F1,0.9,0.0010451444331542401,True,3.0,1150458.0
CICIDS2017_COVERAGE_R1,9001,0.4,Cost-Only,F1,0.95,0.00110320801277392,True,3.0,1150458.0
CICIDS2017_COVERAGE_R1,9001,0.4,Cost-Only,PR_AUC,0.9,0.032847802072740455,True,13.0,4316428.0
CICIDS2017_COVERAGE_R1,9001,0.4,Cost-Only,PR_AUC,0.95,0.03467267996567048,True,13.0,4316428.0
CICIDS2017_COVERAGE_R1,9001,0.4,Utility-Only,F1,0.9,0.0010451444331542401,True,0.0,257924.0
CICIDS2017_COVERAGE_R1,9001,0.4,Utility-Only,F1,0.95,0.00110320801277392,True,0.0,257924.0
CICIDS2017_COVERAGE_R1,9001,0.4,Utility-Only,PR_AUC,0.9,0.032847802072740455,True,3.0,964400.0
CICIDS2017_COVERAGE_R1,9001,0.4,Utility-Only,PR_AUC,0.95,0.03467267996567048,True,4.0,1219866.0
CICIDS2017_COVERAGE_R1,9001,0.4,Utility-Cost-Ratio,F1,0.9,0.0010451444331542401,True,0.0,257924.0
CICIDS2017_COVERAGE_R1,9001,0.4,Utility-Cost-Ratio,F1,0.95,0.00110320801277392,True,0.0,257924.0
CICIDS2017_COVERAGE_R1,9001,0.4,Utility-Cost-Ratio,PR_AUC,0.9,0.032847802072740455,True,3.0,964400.0
CICIDS2017_COVERAGE_R1,9001,0.4,Utility-Cost-Ratio,PR_AUC,0.95,0.03467267996567048,True,4.0,1219866.0
CICIDS2017_COVERAGE_R1,9001,0.4,CB-Score,F1,0.9,0.0010451444331542401,True,0.0,257812.0
CICIDS2017_COVERAGE_R1,9001,0.4,CB-Score,F1,0.95,0.00110320801277392,True,0.0,257812.0
CICIDS2017_COVERAGE_R1,9001,0.4,CB-Score,PR_AUC,0.9,0.032847802072740455,True,2.0,708542.0
CICIDS2017_COVERAGE_R1,9001,0.4,CB-Score,PR_AUC,0.95,0.03467267996567048,True,2.0,708542.0
CICIDS2017_COVERAGE_R1,9001,0.4,Historical-DoubleCost,F1,0.9,0.0010451444331542401,True,0.0,257812.0
CICIDS2017_COVERAGE_R1,9001,0.4,Historical-DoubleCost,F1,0.95,0.00110320801277392,True,0.0,257812.0
CICIDS2017_COVERAGE_R1,9001,0.4,Historical-DoubleCost,PR_AUC,0.9,0.032847802072740455,True,2.0,708542.0
CICIDS2017_COVERAGE_R1,9001,0.4,Historical-DoubleCost,PR_AUC,0.95,0.03467267996567048,True,2.0,708542.0
CICIDS2017_COVERAGE_R1,9001,0.4,Oort-Style-Adapted,F1,0.9,0.0010451444331542401,True,0.0,257753.0
CICIDS2017_COVERAGE_R1,9001,0.4,Oort-Style-Adapted,F1,0.95,0.00110320801277392,True,0.0,257753.0
CICIDS2017_COVERAGE_R1,9001,0.4,Oort-Style-Adapted,PR_AUC,0.9,0.032847802072740455,True,2.0,771017.0
CICIDS2017_COVERAGE_R1,9001,0.4,Oort-Style-Adapted,PR_AUC,0.95,0.03467267996567048,True,3.0,1026842.0
CICIDS2017_COVERAGE_R1,9001,0.4,Oracle-Score-Exact,F1,0.9,0.0010451444331542401,True,0.0,257812.0
CICIDS2017_COVERAGE_R1,9001,0.4,Oracle-Score-Exact,F1,0.95,0.00110320801277392,True,0.0,257812.0
CICIDS2017_COVERAGE_R1,9001,0.4,Oracle-Score-Exact,PR_AUC,0.9,0.032847802072740455,True,2.0,708542.0
CICIDS2017_COVERAGE_R1,9001,0.4,Oracle-Score-Exact,PR_AUC,0.95,0.03467267996567048,True,2.0,708542.0
CICIDS2017_COVERAGE_R1,9001,0.6,Full-Contextual,F1,0.9,0.0010451444331542401,True,10.0,7619838.0
CICIDS2017_COVERAGE_R1,9001,0.6,Full-Contextual,F1,0.95,0.00110320801277392,True,10.0,7619838.0
CICIDS2017_COVERAGE_R1,9001,0.6,Full-Contextual,PR_AUC,0.9,0.032847802072740455,True,0.0,697943.0
CICIDS2017_COVERAGE_R1,9001,0.6,Full-Contextual,PR_AUC,0.95,0.03467267996567048,True,0.0,697943.0
CICIDS2017_COVERAGE_R1,9001,0.6,Random-Budget,F1,0.9,0.0010451444331542401,True,1.0,766240.0
CICIDS2017_COVERAGE_R1,9001,0.6,Random-Budget,F1,0.95,0.00110320801277392,True,1.0,766240.0
CICIDS2017_COVERAGE_R1,9001,0.6,Random-Budget,PR_AUC,0.9,0.032847802072740455,True,7.0,3048655.0
CICIDS2017_COVERAGE_R1,9001,0.6,Random-Budget,PR_AUC,0.95,0.03467267996567048,True,9.0,3806520.0
CICIDS2017_COVERAGE_R1,9001,0.6,Cost-Only,F1,0.9,0.0010451444331542401,True,0.0,383742.0
CICIDS2017_COVERAGE_R1,9001,0.6,Cost-Only,F1,0.95,0.00110320801277392,True,0.0,383742.0
CICIDS2017_COVERAGE_R1,9001,0.6,Cost-Only,PR_AUC,0.9,0.032847802072740455,True,13.0,5876806.0
CICIDS2017_COVERAGE_R1,9001,0.6,Cost-Only,PR_AUC,0.95,0.03467267996567048,True,13.0,5876806.0
CICIDS2017_COVERAGE_R1,9001,0.6,Utility-Only,F1,0.9,0.0010451444331542401,True,0.0,384172.0
CICIDS2017_COVERAGE_R1,9001,0.6,Utility-Only,F1,0.95,0.00110320801277392,True,0.0,384172.0
CICIDS2017_COVERAGE_R1,9001,0.6,Utility-Only,PR_AUC,0.9,0.032847802072740455,True,4.0,1472365.0
CICIDS2017_COVERAGE_R1,9001,0.6,Utility-Only,PR_AUC,0.95,0.03467267996567048,True,4.0,1472365.0
CICIDS2017_COVERAGE_R1,9001,0.6,Utility-Cost-Ratio,F1,0.9,0.0010451444331542401,True,0.0,384172.0
CICIDS2017_COVERAGE_R1,9001,0.6,Utility-Cost-Ratio,F1,0.95,0.00110320801277392,True,0.0,384172.0
CICIDS2017_COVERAGE_R1,9001,0.6,Utility-Cost-Ratio,PR_AUC,0.9,0.032847802072740455,True,4.0,1472365.0
CICIDS2017_COVERAGE_R1,9001,0.6,Utility-Cost-Ratio,PR_AUC,0.95,0.03467267996567048,True,4.0,1472365.0
CICIDS2017_COVERAGE_R1,9001,0.6,CB-Score,F1,0.9,0.0010451444331542401,True,0.0,384058.0
CICIDS2017_COVERAGE_R1,9001,0.6,CB-Score,F1,0.95,0.00110320801277392,True,0.0,384058.0
CICIDS2017_COVERAGE_R1,9001,0.6,CB-Score,PR_AUC,0.9,0.032847802072740455,True,3.0,1216193.0
CICIDS2017_COVERAGE_R1,9001,0.6,CB-Score,PR_AUC,0.95,0.03467267996567048,True,4.0,1597958.0
CICIDS2017_COVERAGE_R1,9001,0.6,Historical-DoubleCost,F1,0.9,0.0010451444331542401,True,0.0,384058.0
CICIDS2017_COVERAGE_R1,9001,0.6,Historical-DoubleCost,F1,0.95,0.00110320801277392,True,0.0,384058.0
CICIDS2017_COVERAGE_R1,9001,0.6,Historical-DoubleCost,PR_AUC,0.9,0.032847802072740455,True,3.0,1216193.0
CICIDS2017_COVERAGE_R1,9001,0.6,Historical-DoubleCost,PR_AUC,0.95,0.03467267996567048,True,4.0,1597958.0
CICIDS2017_COVERAGE_R1,9001,0.6,Oort-Style-Adapted,F1,0.9,0.0010451444331542401,True,0.0,383887.0
CICIDS2017_COVERAGE_R1,9001,0.6,Oort-Style-Adapted,F1,0.95,0.00110320801277392,True,4.0,1658261.0
CICIDS2017_COVERAGE_R1,9001,0.6,Oort-Style-Adapted,PR_AUC,0.9,0.032847802072740455,True,10.0,3371186.0
CICIDS2017_COVERAGE_R1,9001,0.6,Oort-Style-Adapted,PR_AUC,0.95,0.03467267996567048,True,10.0,3371186.0
CICIDS2017_COVERAGE_R1,9001,0.6,Oracle-Score-Exact,F1,0.9,0.0010451444331542401,True,0.0,384058.0
CICIDS2017_COVERAGE_R1,9001,0.6,Oracle-Score-Exact,F1,0.95,0.00110320801277392,True,0.0,384058.0
CICIDS2017_COVERAGE_R1,9001,0.6,Oracle-Score-Exact,PR_AUC,0.9,0.032847802072740455,True,3.0,1216193.0
CICIDS2017_COVERAGE_R1,9001,0.6,Oracle-Score-Exact,PR_AUC,0.95,0.03467267996567048,True,4.0,1597958.0
CICIDS2017_COVERAGE_R1,9001,0.8,Full-Contextual,F1,0.9,0.0010451444331542401,True,10.0,7619838.0
CICIDS2017_COVERAGE_R1,9001,0.8,Full-Contextual,F1,0.95,0.00110320801277392,True,10.0,7619838.0
CICIDS2017_COVERAGE_R1,9001,0.8,Full-Contextual,PR_AUC,0.9,0.032847802072740455,True,0.0,697943.0
CICIDS2017_COVERAGE_R1,9001,0.8,Full-Contextual,PR_AUC,0.95,0.03467267996567048,True,0.0,697943.0
CICIDS2017_COVERAGE_R1,9001,0.8,Random-Budget,F1,0.9,0.0010451444331542401,True,1.0,1017969.0
CICIDS2017_COVERAGE_R1,9001,0.8,Random-Budget,F1,0.95,0.00110320801277392,True,1.0,1017969.0
CICIDS2017_COVERAGE_R1,9001,0.8,Random-Budget,PR_AUC,0.9,0.032847802072740455,True,9.0,5064528.0
CICIDS2017_COVERAGE_R1,9001,0.8,Random-Budget,PR_AUC,0.95,0.03467267996567048,True,9.0,5064528.0
CICIDS2017_COVERAGE_R1,9001,0.8,Cost-Only,F1,0.9,0.0010451444331542401,True,1.0,1018021.0
CICIDS2017_COVERAGE_R1,9001,0.8,Cost-Only,F1,0.95,0.00110320801277392,True,1.0,1018021.0
CICIDS2017_COVERAGE_R1,9001,0.8,Cost-Only,PR_AUC,0.9,0.032847802072740455,True,9.0,5052291.0
CICIDS2017_COVERAGE_R1,9001,0.8,Cost-Only,PR_AUC,0.95,0.03467267996567048,True,11.0,6119063.0
CICIDS2017_COVERAGE_R1,9001,0.8,Utility-Only,F1,0.9,0.0010451444331542401,True,0.0,510245.0
CICIDS2017_COVERAGE_R1,9001,0.8,Utility-Only,F1,0.95,0.00110320801277392,True,4.0,2036724.0
CICIDS2017_COVERAGE_R1,9001,0.8,Utility-Only,PR_AUC,0.9,0.032847802072740455,True,3.0,1530839.0
CICIDS2017_COVERAGE_R1,9001,0.8,Utility-Only,PR_AUC,0.95,0.03467267996567048,True,11.0,3941676.0
CICIDS2017_COVERAGE_R1,9001,0.8,Utility-Cost-Ratio,F1,0.9,0.0010451444331542401,True,0.0,510245.0
CICIDS2017_COVERAGE_R1,9001,0.8,Utility-Cost-Ratio,F1,0.95,0.00110320801277392,True,4.0,2036724.0
CICIDS2017_COVERAGE_R1,9001,0.8,Utility-Cost-Ratio,PR_AUC,0.9,0.032847802072740455,True,3.0,1530839.0
CICIDS2017_COVERAGE_R1,9001,0.8,Utility-Cost-Ratio,PR_AUC,0.95,0.03467267996567048,True,11.0,3941676.0
CICIDS2017_COVERAGE_R1,9001,0.8,CB-Score,F1,0.9,0.0010451444331542401,True,0.0,510245.0
CICIDS2017_COVERAGE_R1,9001,0.8,CB-Score,F1,0.95,0.00110320801277392,True,19.0,6659852.0
CICIDS2017_COVERAGE_R1,9001,0.8,CB-Score,PR_AUC,0.9,0.032847802072740455,True,2.0,1022962.0
CICIDS2017_COVERAGE_R1,9001,0.8,CB-Score,PR_AUC,0.95,0.03467267996567048,True,2.0,1022962.0
CICIDS2017_COVERAGE_R1,9001,0.8,Historical-DoubleCost,F1,0.9,0.0010451444331542401,True,0.0,510245.0
CICIDS2017_COVERAGE_R1,9001,0.8,Historical-DoubleCost,F1,0.95,0.00110320801277392,True,19.0,6659852.0
CICIDS2017_COVERAGE_R1,9001,0.8,Historical-DoubleCost,PR_AUC,0.9,0.032847802072740455,True,2.0,1022962.0
CICIDS2017_COVERAGE_R1,9001,0.8,Historical-DoubleCost,PR_AUC,0.95,0.03467267996567048,True,2.0,1022962.0
CICIDS2017_COVERAGE_R1,9001,0.8,Oort-Style-Adapted,F1,0.9,0.0010451444331542401,True,1.0,892657.0
CICIDS2017_COVERAGE_R1,9001,0.8,Oort-Style-Adapted,F1,0.95,0.00110320801277392,True,1.0,892657.0
CICIDS2017_COVERAGE_R1,9001,0.8,Oort-Style-Adapted,PR_AUC,0.9,0.032847802072740455,True,5.0,1979831.0
CICIDS2017_COVERAGE_R1,9001,0.8,Oort-Style-Adapted,PR_AUC,0.95,0.03467267996567048,True,9.0,3184315.0
CICIDS2017_COVERAGE_R1,9001,0.8,Oracle-Score-Exact,F1,0.9,0.0010451444331542401,True,0.0,510245.0
CICIDS2017_COVERAGE_R1,9001,0.8,Oracle-Score-Exact,F1,0.95,0.00110320801277392,True,19.0,6659852.0
CICIDS2017_COVERAGE_R1,9001,0.8,Oracle-Score-Exact,PR_AUC,0.9,0.032847802072740455,True,2.0,1022962.0
CICIDS2017_COVERAGE_R1,9001,0.8,Oracle-Score-Exact,PR_AUC,0.95,0.03467267996567048,True,2.0,1022962.0
CICIDS2017_COVERAGE_R1,9001,1.0,Full-Contextual,F1,0.9,0.0010451444331542401,True,10.0,7619838.0
CICIDS2017_COVERAGE_R1,9001,1.0,Full-Contextual,F1,0.95,0.00110320801277392,True,10.0,7619838.0
CICIDS2017_COVERAGE_R1,9001,1.0,Full-Contextual,PR_AUC,0.9,0.032847802072740455,True,0.0,697943.0
CICIDS2017_COVERAGE_R1,9001,1.0,Full-Contextual,PR_AUC,0.95,0.03467267996567048,True,0.0,697943.0
CICIDS2017_COVERAGE_R1,9001,1.0,Random-Budget,F1,0.9,0.0010451444331542401,True,1.0,1269424.0
CICIDS2017_COVERAGE_R1,9001,1.0,Random-Budget,F1,0.95,0.00110320801277392,True,1.0,1269424.0
CICIDS2017_COVERAGE_R1,9001,1.0,Random-Budget,PR_AUC,0.9,0.032847802072740455,True,9.0,6302215.0
CICIDS2017_COVERAGE_R1,9001,1.0,Random-Budget,PR_AUC,0.95,0.03467267996567048,True,9.0,6302215.0
CICIDS2017_COVERAGE_R1,9001,1.0,Cost-Only,F1,0.9,0.0010451444331542401,True,1.0,1269584.0
CICIDS2017_COVERAGE_R1,9001,1.0,Cost-Only,F1,0.95,0.00110320801277392,True,1.0,1269584.0
CICIDS2017_COVERAGE_R1,9001,1.0,Cost-Only,PR_AUC,0.9,0.032847802072740455,True,9.0,6303015.0
CICIDS2017_COVERAGE_R1,9001,1.0,Cost-Only,PR_AUC,0.95,0.03467267996567048,True,9.0,6303015.0
CICIDS2017_COVERAGE_R1,9001,1.0,Utility-Only,F1,0.9,0.0010451444331542401,True,4.0,2034751.0
CICIDS2017_COVERAGE_R1,9001,1.0,Utility-Only,F1,0.95,0.00110320801277392,True,4.0,2034751.0
CICIDS2017_COVERAGE_R1,9001,1.0,Utility-Only,PR_AUC,0.9,0.032847802072740455,True,3.0,1530677.0
CICIDS2017_COVERAGE_R1,9001,1.0,Utility-Only,PR_AUC,0.95,0.03467267996567048,True,3.0,1530677.0
CICIDS2017_COVERAGE_R1,9001,1.0,Utility-Cost-Ratio,F1,0.9,0.0010451444331542401,True,4.0,2034751.0
CICIDS2017_COVERAGE_R1,9001,1.0,Utility-Cost-Ratio,F1,0.95,0.00110320801277392,True,4.0,2034751.0
CICIDS2017_COVERAGE_R1,9001,1.0,Utility-Cost-Ratio,PR_AUC,0.9,0.032847802072740455,True,3.0,1530677.0
CICIDS2017_COVERAGE_R1,9001,1.0,Utility-Cost-Ratio,PR_AUC,0.95,0.03467267996567048,True,3.0,1530677.0
CICIDS2017_COVERAGE_R1,9001,1.0,CB-Score,F1,0.9,0.0010451444331542401,True,5.0,2411083.0
CICIDS2017_COVERAGE_R1,9001,1.0,CB-Score,F1,0.95,0.00110320801277392,True,5.0,2411083.0
CICIDS2017_COVERAGE_R1,9001,1.0,CB-Score,PR_AUC,0.9,0.032847802072740455,True,2.0,1149382.0
CICIDS2017_COVERAGE_R1,9001,1.0,CB-Score,PR_AUC,0.95,0.03467267996567048,True,2.0,1149382.0
CICIDS2017_COVERAGE_R1,9001,1.0,Historical-DoubleCost,F1,0.9,0.0010451444331542401,True,5.0,2411083.0
CICIDS2017_COVERAGE_R1,9001,1.0,Historical-DoubleCost,F1,0.95,0.00110320801277392,True,5.0,2411083.0
CICIDS2017_COVERAGE_R1,9001,1.0,Historical-DoubleCost,PR_AUC,0.9,0.032847802072740455,True,2.0,1149382.0
CICIDS2017_COVERAGE_R1,9001,1.0,Historical-DoubleCost,PR_AUC,0.95,0.03467267996567048,True,2.0,1149382.0
CICIDS2017_COVERAGE_R1,9001,1.0,Oort-Style-Adapted,F1,0.9,0.0010451444331542401,True,4.0,2034751.0
CICIDS2017_COVERAGE_R1,9001,1.0,Oort-Style-Adapted,F1,0.95,0.00110320801277392,True,4.0,2034751.0
CICIDS2017_COVERAGE_R1,9001,1.0,Oort-Style-Adapted,PR_AUC,0.9,0.032847802072740455,True,3.0,1530677.0
CICIDS2017_COVERAGE_R1,9001,1.0,Oort-Style-Adapted,PR_AUC,0.95,0.03467267996567048,True,3.0,1530677.0
CICIDS2017_COVERAGE_R1,9001,1.0,Oracle-Score-Exact,F1,0.9,0.0010451444331542401,True,5.0,2411083.0
CICIDS2017_COVERAGE_R1,9001,1.0,Oracle-Score-Exact,F1,0.95,0.00110320801277392,True,5.0,2411083.0
CICIDS2017_COVERAGE_R1,9001,1.0,Oracle-Score-Exact,PR_AUC,0.9,0.032847802072740455,True,2.0,1149382.0
CICIDS2017_COVERAGE_R1,9001,1.0,Oracle-Score-Exact,PR_AUC,0.95,0.03467267996567048,True,2.0,1149382.0
CICIDS2017_COVERAGE_R1,2027,0.1,Full-Contextual,F1,0.9,0.0,True,0.0,696632.0
CICIDS2017_COVERAGE_R1,2027,0.1,Full-Contextual,F1,0.95,0.0,True,0.0,696632.0
CICIDS2017_COVERAGE_R1,2027,0.1,Full-Contextual,PR_AUC,0.9,0.02685606213583053,True,0.0,696632.0
CICIDS2017_COVERAGE_R1,2027,0.1,Full-Contextual,PR_AUC,0.95,0.028348065587821113,True,0.0,696632.0
CICIDS2017_COVERAGE_R1,2027,0.1,Random-Budget,F1,0.9,0.0,True,0.0,131334.0
CICIDS2017_COVERAGE_R1,2027,0.1,Random-Budget,F1,0.95,0.0,True,0.0,131334.0
CICIDS2017_COVERAGE_R1,2027,0.1,Random-Budget,PR_AUC,0.9,0.02685606213583053,True,0.0,131334.0
CICIDS2017_COVERAGE_R1,2027,0.1,Random-Budget,PR_AUC,0.95,0.028348065587821113,True,0.0,131334.0
CICIDS2017_COVERAGE_R1,2027,0.1,Cost-Only,F1,0.9,0.0,True,0.0,131414.0
CICIDS2017_COVERAGE_R1,2027,0.1,Cost-Only,F1,0.95,0.0,True,0.0,131414.0
CICIDS2017_COVERAGE_R1,2027,0.1,Cost-Only,PR_AUC,0.9,0.02685606213583053,True,0.0,131414.0
CICIDS2017_COVERAGE_R1,2027,0.1,Cost-Only,PR_AUC,0.95,0.028348065587821113,True,0.0,131414.0
CICIDS2017_COVERAGE_R1,2027,0.1,Utility-Only,F1,0.9,0.0,True,0.0,131414.0
CICIDS2017_COVERAGE_R1,2027,0.1,Utility-Only,F1,0.95,0.0,True,0.0,131414.0
CICIDS2017_COVERAGE_R1,2027,0.1,Utility-Only,PR_AUC,0.9,0.02685606213583053,True,0.0,131414.0
CICIDS2017_COVERAGE_R1,2027,0.1,Utility-Only,PR_AUC,0.95,0.028348065587821113,True,0.0,131414.0
CICIDS2017_COVERAGE_R1,2027,0.1,Utility-Cost-Ratio,F1,0.9,0.0,True,0.0,131414.0
CICIDS2017_COVERAGE_R1,2027,0.1,Utility-Cost-Ratio,F1,0.95,0.0,True,0.0,131414.0
CICIDS2017_COVERAGE_R1,2027,0.1,Utility-Cost-Ratio,PR_AUC,0.9,0.02685606213583053,True,0.0,131414.0
CICIDS2017_COVERAGE_R1,2027,0.1,Utility-Cost-Ratio,PR_AUC,0.95,0.028348065587821113,True,0.0,131414.0
CICIDS2017_COVERAGE_R1,2027,0.1,CB-Score,F1,0.9,0.0,True,0.0,131414.0
CICIDS2017_COVERAGE_R1,2027,0.1,CB-Score,F1,0.95,0.0,True,0.0,131414.0
CICIDS2017_COVERAGE_R1,2027,0.1,CB-Score,PR_AUC,0.9,0.02685606213583053,True,0.0,131414.0
CICIDS2017_COVERAGE_R1,2027,0.1,CB-Score,PR_AUC,0.95,0.028348065587821113,True,0.0,131414.0
CICIDS2017_COVERAGE_R1,2027,0.1,Historical-DoubleCost,F1,0.9,0.0,True,0.0,131414.0
CICIDS2017_COVERAGE_R1,2027,0.1,Historical-DoubleCost,F1,0.95,0.0,True,0.0,131414.0
CICIDS2017_COVERAGE_R1,2027,0.1,Historical-DoubleCost,PR_AUC,0.9,0.02685606213583053,True,0.0,131414.0
CICIDS2017_COVERAGE_R1,2027,0.1,Historical-DoubleCost,PR_AUC,0.95,0.028348065587821113,True,0.0,131414.0
CICIDS2017_COVERAGE_R1,2027,0.1,Oort-Style-Adapted,F1,0.9,0.0,True,0.0,131414.0
CICIDS2017_COVERAGE_R1,2027,0.1,Oort-Style-Adapted,F1,0.95,0.0,True,0.0,131414.0
CICIDS2017_COVERAGE_R1,2027,0.1,Oort-Style-Adapted,PR_AUC,0.9,0.02685606213583053,True,0.0,131414.0
CICIDS2017_COVERAGE_R1,2027,0.1,Oort-Style-Adapted,PR_AUC,0.95,0.028348065587821113,True,0.0,131414.0
CICIDS2017_COVERAGE_R1,2027,0.1,Oracle-Score-Exact,F1,0.9,0.0,True,0.0,131414.0
CICIDS2017_COVERAGE_R1,2027,0.1,Oracle-Score-Exact,F1,0.95,0.0,True,0.0,131414.0
CICIDS2017_COVERAGE_R1,2027,0.1,Oracle-Score-Exact,PR_AUC,0.9,0.02685606213583053,True,0.0,131414.0
CICIDS2017_COVERAGE_R1,2027,0.1,Oracle-Score-Exact,PR_AUC,0.95,0.028348065587821113,True,0.0,131414.0
CICIDS2017_COVERAGE_R1,2027,0.2,Full-Contextual,F1,0.9,0.0,True,0.0,696632.0
CICIDS2017_COVERAGE_R1,2027,0.2,Full-Contextual,F1,0.95,0.0,True,0.0,696632.0
CICIDS2017_COVERAGE_R1,2027,0.2,Full-Contextual,PR_AUC,0.9,0.02685606213583053,True,0.0,696632.0
CICIDS2017_COVERAGE_R1,2027,0.2,Full-Contextual,PR_AUC,0.95,0.028348065587821113,True,0.0,696632.0
CICIDS2017_COVERAGE_R1,2027,0.2,Random-Budget,F1,0.9,0.0,True,0.0,131396.0
CICIDS2017_COVERAGE_R1,2027,0.2,Random-Budget,F1,0.95,0.0,True,0.0,131396.0
CICIDS2017_COVERAGE_R1,2027,0.2,Random-Budget,PR_AUC,0.9,0.02685606213583053,True,0.0,131396.0
CICIDS2017_COVERAGE_R1,2027,0.2,Random-Budget,PR_AUC,0.95,0.028348065587821113,True,0.0,131396.0
CICIDS2017_COVERAGE_R1,2027,0.2,Cost-Only,F1,0.9,0.0,True,0.0,131414.0
CICIDS2017_COVERAGE_R1,2027,0.2,Cost-Only,F1,0.95,0.0,True,0.0,131414.0
CICIDS2017_COVERAGE_R1,2027,0.2,Cost-Only,PR_AUC,0.9,0.02685606213583053,True,0.0,131414.0
CICIDS2017_COVERAGE_R1,2027,0.2,Cost-Only,PR_AUC,0.95,0.028348065587821113,True,0.0,131414.0
CICIDS2017_COVERAGE_R1,2027,0.2,Utility-Only,F1,0.9,0.0,True,0.0,131611.0
CICIDS2017_COVERAGE_R1,2027,0.2,Utility-Only,F1,0.95,0.0,True,0.0,131611.0
CICIDS2017_COVERAGE_R1,2027,0.2,Utility-Only,PR_AUC,0.9,0.02685606213583053,True,0.0,131611.0
CICIDS2017_COVERAGE_R1,2027,0.2,Utility-Only,PR_AUC,0.95,0.028348065587821113,True,1.0,326018.0
CICIDS2017_COVERAGE_R1,2027,0.2,Utility-Cost-Ratio,F1,0.9,0.0,True,0.0,131611.0
CICIDS2017_COVERAGE_R1,2027,0.2,Utility-Cost-Ratio,F1,0.95,0.0,True,0.0,131611.0
CICIDS2017_COVERAGE_R1,2027,0.2,Utility-Cost-Ratio,PR_AUC,0.9,0.02685606213583053,True,0.0,131611.0
CICIDS2017_COVERAGE_R1,2027,0.2,Utility-Cost-Ratio,PR_AUC,0.95,0.028348065587821113,True,1.0,326018.0
CICIDS2017_COVERAGE_R1,2027,0.2,CB-Score,F1,0.9,0.0,True,0.0,131611.0
CICIDS2017_COVERAGE_R1,2027,0.2,CB-Score,F1,0.95,0.0,True,0.0,131611.0
CICIDS2017_COVERAGE_R1,2027,0.2,CB-Score,PR_AUC,0.9,0.02685606213583053,True,0.0,131611.0
CICIDS2017_COVERAGE_R1,2027,0.2,CB-Score,PR_AUC,0.95,0.028348065587821113,True,1.0,326018.0
CICIDS2017_COVERAGE_R1,2027,0.2,Historical-DoubleCost,F1,0.9,0.0,True,0.0,131611.0
CICIDS2017_COVERAGE_R1,2027,0.2,Historical-DoubleCost,F1,0.95,0.0,True,0.0,131611.0
CICIDS2017_COVERAGE_R1,2027,0.2,Historical-DoubleCost,PR_AUC,0.9,0.02685606213583053,True,0.0,131611.0
CICIDS2017_COVERAGE_R1,2027,0.2,Historical-DoubleCost,PR_AUC,0.95,0.028348065587821113,True,1.0,326018.0
CICIDS2017_COVERAGE_R1,2027,0.2,Oort-Style-Adapted,F1,0.9,0.0,True,0.0,131611.0
CICIDS2017_COVERAGE_R1,2027,0.2,Oort-Style-Adapted,F1,0.95,0.0,True,0.0,131611.0
CICIDS2017_COVERAGE_R1,2027,0.2,Oort-Style-Adapted,PR_AUC,0.9,0.02685606213583053,True,0.0,131611.0
CICIDS2017_COVERAGE_R1,2027,0.2,Oort-Style-Adapted,PR_AUC,0.95,0.028348065587821113,True,1.0,326018.0
CICIDS2017_COVERAGE_R1,2027,0.2,Oracle-Score-Exact,F1,0.9,0.0,True,0.0,131611.0
CICIDS2017_COVERAGE_R1,2027,0.2,Oracle-Score-Exact,F1,0.95,0.0,True,0.0,131611.0
CICIDS2017_COVERAGE_R1,2027,0.2,Oracle-Score-Exact,PR_AUC,0.9,0.02685606213583053,True,0.0,131611.0
CICIDS2017_COVERAGE_R1,2027,0.2,Oracle-Score-Exact,PR_AUC,0.95,0.028348065587821113,True,1.0,326018.0
CICIDS2017_COVERAGE_R1,2027,0.4,Full-Contextual,F1,0.9,0.0,True,0.0,696632.0
CICIDS2017_COVERAGE_R1,2027,0.4,Full-Contextual,F1,0.95,0.0,True,0.0,696632.0
CICIDS2017_COVERAGE_R1,2027,0.4,Full-Contextual,PR_AUC,0.9,0.02685606213583053,True,0.0,696632.0
CICIDS2017_COVERAGE_R1,2027,0.4,Full-Contextual,PR_AUC,0.95,0.028348065587821113,True,0.0,696632.0
CICIDS2017_COVERAGE_R1,2027,0.4,Random-Budget,F1,0.9,0.0,True,0.0,257438.0
CICIDS2017_COVERAGE_R1,2027,0.4,Random-Budget,F1,0.95,0.0,True,0.0,257438.0
CICIDS2017_COVERAGE_R1,2027,0.4,Random-Budget,PR_AUC,0.9,0.02685606213583053,True,0.0,257438.0
CICIDS2017_COVERAGE_R1,2027,0.4,Random-Budget,PR_AUC,0.95,0.028348065587821113,True,0.0,257438.0
CICIDS2017_COVERAGE_R1,2027,0.4,Cost-Only,F1,0.9,0.0,True,0.0,257356.0
CICIDS2017_COVERAGE_R1,2027,0.4,Cost-Only,F1,0.95,0.0,True,0.0,257356.0
CICIDS2017_COVERAGE_R1,2027,0.4,Cost-Only,PR_AUC,0.9,0.02685606213583053,True,0.0,257356.0
CICIDS2017_COVERAGE_R1,2027,0.4,Cost-Only,PR_AUC,0.95,0.028348065587821113,True,0.0,257356.0
CICIDS2017_COVERAGE_R1,2027,0.4,Utility-Only,F1,0.9,0.0,True,0.0,257771.0
CICIDS2017_COVERAGE_R1,2027,0.4,Utility-Only,F1,0.95,0.0,True,0.0,257771.0
CICIDS2017_COVERAGE_R1,2027,0.4,Utility-Only,PR_AUC,0.9,0.02685606213583053,True,0.0,257771.0
CICIDS2017_COVERAGE_R1,2027,0.4,Utility-Only,PR_AUC,0.95,0.028348065587821113,True,0.0,257771.0
CICIDS2017_COVERAGE_R1,2027,0.4,Utility-Cost-Ratio,F1,0.9,0.0,True,0.0,257771.0
CICIDS2017_COVERAGE_R1,2027,0.4,Utility-Cost-Ratio,F1,0.95,0.0,True,0.0,257771.0
CICIDS2017_COVERAGE_R1,2027,0.4,Utility-Cost-Ratio,PR_AUC,0.9,0.02685606213583053,True,0.0,257771.0
CICIDS2017_COVERAGE_R1,2027,0.4,Utility-Cost-Ratio,PR_AUC,0.95,0.028348065587821113,True,0.0,257771.0
CICIDS2017_COVERAGE_R1,2027,0.4,CB-Score,F1,0.9,0.0,True,0.0,257578.0
CICIDS2017_COVERAGE_R1,2027,0.4,CB-Score,F1,0.95,0.0,True,0.0,257578.0
CICIDS2017_COVERAGE_R1,2027,0.4,CB-Score,PR_AUC,0.9,0.02685606213583053,True,0.0,257578.0
CICIDS2017_COVERAGE_R1,2027,0.4,CB-Score,PR_AUC,0.95,0.028348065587821113,True,1.0,452154.0
CICIDS2017_COVERAGE_R1,2027,0.4,Historical-DoubleCost,F1,0.9,0.0,True,0.0,257578.0
CICIDS2017_COVERAGE_R1,2027,0.4,Historical-DoubleCost,F1,0.95,0.0,True,0.0,257578.0
CICIDS2017_COVERAGE_R1,2027,0.4,Historical-DoubleCost,PR_AUC,0.9,0.02685606213583053,True,0.0,257578.0
CICIDS2017_COVERAGE_R1,2027,0.4,Historical-DoubleCost,PR_AUC,0.95,0.028348065587821113,True,1.0,452154.0
CICIDS2017_COVERAGE_R1,2027,0.4,Oort-Style-Adapted,F1,0.9,0.0,True,0.0,257578.0
CICIDS2017_COVERAGE_R1,2027,0.4,Oort-Style-Adapted,F1,0.95,0.0,True,0.0,257578.0
CICIDS2017_COVERAGE_R1,2027,0.4,Oort-Style-Adapted,PR_AUC,0.9,0.02685606213583053,True,0.0,257578.0
CICIDS2017_COVERAGE_R1,2027,0.4,Oort-Style-Adapted,PR_AUC,0.95,0.028348065587821113,True,1.0,515176.0
CICIDS2017_COVERAGE_R1,2027,0.4,Oracle-Score-Exact,F1,0.9,0.0,True,0.0,257578.0
CICIDS2017_COVERAGE_R1,2027,0.4,Oracle-Score-Exact,F1,0.95,0.0,True,0.0,257578.0
CICIDS2017_COVERAGE_R1,2027,0.4,Oracle-Score-Exact,PR_AUC,0.9,0.02685606213583053,True,0.0,257578.0
CICIDS2017_COVERAGE_R1,2027,0.4,Oracle-Score-Exact,PR_AUC,0.95,0.028348065587821113,True,1.0,452154.0
CICIDS2017_COVERAGE_R1,2027,0.6,Full-Contextual,F1,0.9,0.0,True,0.0,696632.0
CICIDS2017_COVERAGE_R1,2027,0.6,Full-Contextual,F1,0.95,0.0,True,0.0,696632.0
CICIDS2017_COVERAGE_R1,2027,0.6,Full-Contextual,PR_AUC,0.9,0.02685606213583053,True,0.0,696632.0
CICIDS2017_COVERAGE_R1,2027,0.6,Full-Contextual,PR_AUC,0.95,0.028348065587821113,True,0.0,696632.0
CICIDS2017_COVERAGE_R1,2027,0.6,Random-Budget,F1,0.9,0.0,True,0.0,383574.0
CICIDS2017_COVERAGE_R1,2027,0.6,Random-Budget,F1,0.95,0.0,True,0.0,383574.0
CICIDS2017_COVERAGE_R1,2027,0.6,Random-Budget,PR_AUC,0.9,0.02685606213583053,True,0.0,383574.0
CICIDS2017_COVERAGE_R1,2027,0.6,Random-Budget,PR_AUC,0.95,0.028348065587821113,True,0.0,383574.0
CICIDS2017_COVERAGE_R1,2027,0.6,Cost-Only,F1,0.9,0.0,True,0.0,383409.0
CICIDS2017_COVERAGE_R1,2027,0.6,Cost-Only,F1,0.95,0.0,True,0.0,383409.0
CICIDS2017_COVERAGE_R1,2027,0.6,Cost-Only,PR_AUC,0.9,0.02685606213583053,True,0.0,383409.0
CICIDS2017_COVERAGE_R1,2027,0.6,Cost-Only,PR_AUC,0.95,0.028348065587821113,True,0.0,383409.0
CICIDS2017_COVERAGE_R1,2027,0.6,Utility-Only,F1,0.9,0.0,True,0.0,383646.0
CICIDS2017_COVERAGE_R1,2027,0.6,Utility-Only,F1,0.95,0.0,True,0.0,383646.0
CICIDS2017_COVERAGE_R1,2027,0.6,Utility-Only,PR_AUC,0.9,0.02685606213583053,True,0.0,383646.0
CICIDS2017_COVERAGE_R1,2027,0.6,Utility-Only,PR_AUC,0.95,0.028348065587821113,True,1.0,767791.0
CICIDS2017_COVERAGE_R1,2027,0.6,Utility-Cost-Ratio,F1,0.9,0.0,True,0.0,383646.0
CICIDS2017_COVERAGE_R1,2027,0.6,Utility-Cost-Ratio,F1,0.95,0.0,True,0.0,383646.0
CICIDS2017_COVERAGE_R1,2027,0.6,Utility-Cost-Ratio,PR_AUC,0.9,0.02685606213583053,True,0.0,383646.0
CICIDS2017_COVERAGE_R1,2027,0.6,Utility-Cost-Ratio,PR_AUC,0.95,0.028348065587821113,True,1.0,767791.0
CICIDS2017_COVERAGE_R1,2027,0.6,CB-Score,F1,0.9,0.0,True,0.0,383646.0
CICIDS2017_COVERAGE_R1,2027,0.6,CB-Score,F1,0.95,0.0,True,0.0,383646.0
CICIDS2017_COVERAGE_R1,2027,0.6,CB-Score,PR_AUC,0.9,0.02685606213583053,True,0.0,383646.0
CICIDS2017_COVERAGE_R1,2027,0.6,CB-Score,PR_AUC,0.95,0.028348065587821113,True,1.0,578282.0
CICIDS2017_COVERAGE_R1,2027,0.6,Historical-DoubleCost,F1,0.9,0.0,True,0.0,383646.0
CICIDS2017_COVERAGE_R1,2027,0.6,Historical-DoubleCost,F1,0.95,0.0,True,0.0,383646.0
CICIDS2017_COVERAGE_R1,2027,0.6,Historical-DoubleCost,PR_AUC,0.9,0.02685606213583053,True,0.0,383646.0
CICIDS2017_COVERAGE_R1,2027,0.6,Historical-DoubleCost,PR_AUC,0.95,0.028348065587821113,True,1.0,578282.0
CICIDS2017_COVERAGE_R1,2027,0.6,Oort-Style-Adapted,F1,0.9,0.0,True,0.0,383696.0
CICIDS2017_COVERAGE_R1,2027,0.6,Oort-Style-Adapted,F1,0.95,0.0,True,0.0,383696.0
CICIDS2017_COVERAGE_R1,2027,0.6,Oort-Style-Adapted,PR_AUC,0.9,0.02685606213583053,True,0.0,383696.0
CICIDS2017_COVERAGE_R1,2027,0.6,Oort-Style-Adapted,PR_AUC,0.95,0.028348065587821113,True,0.0,383696.0
CICIDS2017_COVERAGE_R1,2027,0.6,Oracle-Score-Exact,F1,0.9,0.0,True,0.0,383646.0
CICIDS2017_COVERAGE_R1,2027,0.6,Oracle-Score-Exact,F1,0.95,0.0,True,0.0,383646.0
CICIDS2017_COVERAGE_R1,2027,0.6,Oracle-Score-Exact,PR_AUC,0.9,0.02685606213583053,True,0.0,383646.0
CICIDS2017_COVERAGE_R1,2027,0.6,Oracle-Score-Exact,PR_AUC,0.95,0.028348065587821113,True,1.0,578282.0
CICIDS2017_COVERAGE_R1,2027,0.8,Full-Contextual,F1,0.9,0.0,True,0.0,696632.0
CICIDS2017_COVERAGE_R1,2027,0.8,Full-Contextual,F1,0.95,0.0,True,0.0,696632.0
CICIDS2017_COVERAGE_R1,2027,0.8,Full-Contextual,PR_AUC,0.9,0.02685606213583053,True,0.0,696632.0
CICIDS2017_COVERAGE_R1,2027,0.8,Full-Contextual,PR_AUC,0.95,0.028348065587821113,True,0.0,696632.0
CICIDS2017_COVERAGE_R1,2027,0.8,Random-Budget,F1,0.9,0.0,True,0.0,509488.0
CICIDS2017_COVERAGE_R1,2027,0.8,Random-Budget,F1,0.95,0.0,True,0.0,509488.0
CICIDS2017_COVERAGE_R1,2027,0.8,Random-Budget,PR_AUC,0.9,0.02685606213583053,True,0.0,509488.0
CICIDS2017_COVERAGE_R1,2027,0.8,Random-Budget,PR_AUC,0.95,0.028348065587821113,True,0.0,509488.0
CICIDS2017_COVERAGE_R1,2027,0.8,Cost-Only,F1,0.9,0.0,True,0.0,509512.0
CICIDS2017_COVERAGE_R1,2027,0.8,Cost-Only,F1,0.95,0.0,True,0.0,509512.0
CICIDS2017_COVERAGE_R1,2027,0.8,Cost-Only,PR_AUC,0.9,0.02685606213583053,True,0.0,509512.0
CICIDS2017_COVERAGE_R1,2027,0.8,Cost-Only,PR_AUC,0.95,0.028348065587821113,True,0.0,509512.0
CICIDS2017_COVERAGE_R1,2027,0.8,Utility-Only,F1,0.9,0.0,True,0.0,509718.0
CICIDS2017_COVERAGE_R1,2027,0.8,Utility-Only,F1,0.95,0.0,True,0.0,509718.0
CICIDS2017_COVERAGE_R1,2027,0.8,Utility-Only,PR_AUC,0.9,0.02685606213583053,True,0.0,509718.0
CICIDS2017_COVERAGE_R1,2027,0.8,Utility-Only,PR_AUC,0.95,0.028348065587821113,True,0.0,509718.0
CICIDS2017_COVERAGE_R1,2027,0.8,Utility-Cost-Ratio,F1,0.9,0.0,True,0.0,509718.0
CICIDS2017_COVERAGE_R1,2027,0.8,Utility-Cost-Ratio,F1,0.95,0.0,True,0.0,509718.0
CICIDS2017_COVERAGE_R1,2027,0.8,Utility-Cost-Ratio,PR_AUC,0.9,0.02685606213583053,True,0.0,509718.0
CICIDS2017_COVERAGE_R1,2027,0.8,Utility-Cost-Ratio,PR_AUC,0.95,0.028348065587821113,True,0.0,509718.0
CICIDS2017_COVERAGE_R1,2027,0.8,CB-Score,F1,0.9,0.0,True,0.0,509718.0
CICIDS2017_COVERAGE_R1,2027,0.8,CB-Score,F1,0.95,0.0,True,0.0,509718.0
CICIDS2017_COVERAGE_R1,2027,0.8,CB-Score,PR_AUC,0.9,0.02685606213583053,True,0.0,509718.0
CICIDS2017_COVERAGE_R1,2027,0.8,CB-Score,PR_AUC,0.95,0.028348065587821113,True,0.0,509718.0
CICIDS2017_COVERAGE_R1,2027,0.8,Historical-DoubleCost,F1,0.9,0.0,True,0.0,509718.0
CICIDS2017_COVERAGE_R1,2027,0.8,Historical-DoubleCost,F1,0.95,0.0,True,0.0,509718.0
CICIDS2017_COVERAGE_R1,2027,0.8,Historical-DoubleCost,PR_AUC,0.9,0.02685606213583053,True,0.0,509718.0
CICIDS2017_COVERAGE_R1,2027,0.8,Historical-DoubleCost,PR_AUC,0.95,0.028348065587821113,True,0.0,509718.0
CICIDS2017_COVERAGE_R1,2027,0.8,Oort-Style-Adapted,F1,0.9,0.0,True,0.0,509679.0
CICIDS2017_COVERAGE_R1,2027,0.8,Oort-Style-Adapted,F1,0.95,0.0,True,0.0,509679.0
CICIDS2017_COVERAGE_R1,2027,0.8,Oort-Style-Adapted,PR_AUC,0.9,0.02685606213583053,True,0.0,509679.0
CICIDS2017_COVERAGE_R1,2027,0.8,Oort-Style-Adapted,PR_AUC,0.95,0.028348065587821113,True,0.0,509679.0
CICIDS2017_COVERAGE_R1,2027,0.8,Oracle-Score-Exact,F1,0.9,0.0,True,0.0,509718.0
CICIDS2017_COVERAGE_R1,2027,0.8,Oracle-Score-Exact,F1,0.95,0.0,True,0.0,509718.0
CICIDS2017_COVERAGE_R1,2027,0.8,Oracle-Score-Exact,PR_AUC,0.9,0.02685606213583053,True,0.0,509718.0
CICIDS2017_COVERAGE_R1,2027,0.8,Oracle-Score-Exact,PR_AUC,0.95,0.028348065587821113,True,0.0,509718.0
CICIDS2017_COVERAGE_R1,2027,1.0,Full-Contextual,F1,0.9,0.0,True,0.0,696632.0
CICIDS2017_COVERAGE_R1,2027,1.0,Full-Contextual,F1,0.95,0.0,True,0.0,696632.0
CICIDS2017_COVERAGE_R1,2027,1.0,Full-Contextual,PR_AUC,0.9,0.02685606213583053,True,0.0,696632.0
CICIDS2017_COVERAGE_R1,2027,1.0,Full-Contextual,PR_AUC,0.95,0.028348065587821113,True,0.0,696632.0
CICIDS2017_COVERAGE_R1,2027,1.0,Random-Budget,F1,0.9,0.0,True,0.0,635577.0
CICIDS2017_COVERAGE_R1,2027,1.0,Random-Budget,F1,0.95,0.0,True,0.0,635577.0
CICIDS2017_COVERAGE_R1,2027,1.0,Random-Budget,PR_AUC,0.9,0.02685606213583053,True,0.0,635577.0
CICIDS2017_COVERAGE_R1,2027,1.0,Random-Budget,PR_AUC,0.95,0.028348065587821113,True,0.0,635577.0
CICIDS2017_COVERAGE_R1,2027,1.0,Cost-Only,F1,0.9,0.0,True,0.0,635657.0
CICIDS2017_COVERAGE_R1,2027,1.0,Cost-Only,F1,0.95,0.0,True,0.0,635657.0
CICIDS2017_COVERAGE_R1,2027,1.0,Cost-Only,PR_AUC,0.9,0.02685606213583053,True,0.0,635657.0
CICIDS2017_COVERAGE_R1,2027,1.0,Cost-Only,PR_AUC,0.95,0.028348065587821113,True,0.0,635657.0
CICIDS2017_COVERAGE_R1,2027,1.0,Utility-Only,F1,0.9,0.0,True,0.0,635657.0
CICIDS2017_COVERAGE_R1,2027,1.0,Utility-Only,F1,0.95,0.0,True,0.0,635657.0
CICIDS2017_COVERAGE_R1,2027,1.0,Utility-Only,PR_AUC,0.9,0.02685606213583053,True,0.0,635657.0
CICIDS2017_COVERAGE_R1,2027,1.0,Utility-Only,PR_AUC,0.95,0.028348065587821113,True,0.0,635657.0
CICIDS2017_COVERAGE_R1,2027,1.0,Utility-Cost-Ratio,F1,0.9,0.0,True,0.0,635657.0
CICIDS2017_COVERAGE_R1,2027,1.0,Utility-Cost-Ratio,F1,0.95,0.0,True,0.0,635657.0
CICIDS2017_COVERAGE_R1,2027,1.0,Utility-Cost-Ratio,PR_AUC,0.9,0.02685606213583053,True,0.0,635657.0
CICIDS2017_COVERAGE_R1,2027,1.0,Utility-Cost-Ratio,PR_AUC,0.95,0.028348065587821113,True,0.0,635657.0
CICIDS2017_COVERAGE_R1,2027,1.0,CB-Score,F1,0.9,0.0,True,0.0,509718.0
CICIDS2017_COVERAGE_R1,2027,1.0,CB-Score,F1,0.95,0.0,True,0.0,509718.0
CICIDS2017_COVERAGE_R1,2027,1.0,CB-Score,PR_AUC,0.9,0.02685606213583053,True,0.0,509718.0
CICIDS2017_COVERAGE_R1,2027,1.0,CB-Score,PR_AUC,0.95,0.028348065587821113,True,0.0,509718.0
CICIDS2017_COVERAGE_R1,2027,1.0,Historical-DoubleCost,F1,0.9,0.0,True,0.0,509718.0
CICIDS2017_COVERAGE_R1,2027,1.0,Historical-DoubleCost,F1,0.95,0.0,True,0.0,509718.0
CICIDS2017_COVERAGE_R1,2027,1.0,Historical-DoubleCost,PR_AUC,0.9,0.02685606213583053,True,0.0,509718.0
CICIDS2017_COVERAGE_R1,2027,1.0,Historical-DoubleCost,PR_AUC,0.95,0.028348065587821113,True,0.0,509718.0
CICIDS2017_COVERAGE_R1,2027,1.0,Oort-Style-Adapted,F1,0.9,0.0,True,0.0,635657.0
CICIDS2017_COVERAGE_R1,2027,1.0,Oort-Style-Adapted,F1,0.95,0.0,True,0.0,635657.0
CICIDS2017_COVERAGE_R1,2027,1.0,Oort-Style-Adapted,PR_AUC,0.9,0.02685606213583053,True,0.0,635657.0
CICIDS2017_COVERAGE_R1,2027,1.0,Oort-Style-Adapted,PR_AUC,0.95,0.028348065587821113,True,0.0,635657.0
CICIDS2017_COVERAGE_R1,2027,1.0,Oracle-Score-Exact,F1,0.9,0.0,True,0.0,509718.0
CICIDS2017_COVERAGE_R1,2027,1.0,Oracle-Score-Exact,F1,0.95,0.0,True,0.0,509718.0
CICIDS2017_COVERAGE_R1,2027,1.0,Oracle-Score-Exact,PR_AUC,0.9,0.02685606213583053,True,0.0,509718.0
CICIDS2017_COVERAGE_R1,2027,1.0,Oracle-Score-Exact,PR_AUC,0.95,0.028348065587821113,True,0.0,509718.0
CICIoT2023_R1,42,0.1,Full-Contextual,F1,0.9,0.8599498282161748,True,0.0,518598.0
CICIoT2023_R1,42,0.1,Full-Contextual,F1,0.95,0.907724818672629,True,0.0,518598.0
CICIoT2023_R1,42,0.1,Full-Contextual,PR_AUC,0.9,0.8947086839225536,True,0.0,518598.0
CICIoT2023_R1,42,0.1,Full-Contextual,PR_AUC,0.95,0.9444147219182509,True,0.0,518598.0
CICIoT2023_R1,42,0.1,Random-Budget,F1,0.9,0.8599498282161748,True,0.0,97230.0
CICIoT2023_R1,42,0.1,Random-Budget,F1,0.95,0.907724818672629,True,4.0,466380.0
CICIoT2023_R1,42,0.1,Random-Budget,PR_AUC,0.9,0.8947086839225536,True,1.0,192936.0
CICIoT2023_R1,42,0.1,Random-Budget,PR_AUC,0.95,0.9444147219182509,True,2.0,284692.0
CICIoT2023_R1,42,0.1,Cost-Only,F1,0.9,0.8599498282161748,True,3.0,378309.0
CICIoT2023_R1,42,0.1,Cost-Only,F1,0.95,0.907724818672629,True,3.0,378309.0
CICIoT2023_R1,42,0.1,Cost-Only,PR_AUC,0.9,0.8947086839225536,True,0.0,97039.0
CICIoT2023_R1,42,0.1,Cost-Only,PR_AUC,0.95,0.9444147219182509,True,0.0,97039.0
CICIoT2023_R1,42,0.1,Utility-Only,F1,0.9,0.8599498282161748,True,0.0,97310.0
CICIoT2023_R1,42,0.1,Utility-Only,F1,0.95,0.907724818672629,True,3.0,382059.0
CICIoT2023_R1,42,0.1,Utility-Only,PR_AUC,0.9,0.8947086839225536,True,1.0,192802.0
CICIoT2023_R1,42,0.1,Utility-Only,PR_AUC,0.95,0.9444147219182509,True,1.0,192802.0
CICIoT2023_R1,42,0.1,Utility-Cost-Ratio,F1,0.9,0.8599498282161748,True,0.0,97310.0
CICIoT2023_R1,42,0.1,Utility-Cost-Ratio,F1,0.95,0.907724818672629,True,3.0,382059.0
CICIoT2023_R1,42,0.1,Utility-Cost-Ratio,PR_AUC,0.9,0.8947086839225536,True,1.0,192802.0
CICIoT2023_R1,42,0.1,Utility-Cost-Ratio,PR_AUC,0.95,0.9444147219182509,True,1.0,192802.0
CICIoT2023_R1,42,0.1,CB-Score,F1,0.9,0.8599498282161748,True,0.0,97310.0
CICIoT2023_R1,42,0.1,CB-Score,F1,0.95,0.907724818672629,True,3.0,382059.0
CICIoT2023_R1,42,0.1,CB-Score,PR_AUC,0.9,0.8947086839225536,True,1.0,192802.0
CICIoT2023_R1,42,0.1,CB-Score,PR_AUC,0.95,0.9444147219182509,True,1.0,192802.0
CICIoT2023_R1,42,0.1,Historical-DoubleCost,F1,0.9,0.8599498282161748,True,0.0,97310.0
CICIoT2023_R1,42,0.1,Historical-DoubleCost,F1,0.95,0.907724818672629,True,3.0,382059.0
CICIoT2023_R1,42,0.1,Historical-DoubleCost,PR_AUC,0.9,0.8947086839225536,True,1.0,192802.0
CICIoT2023_R1,42,0.1,Historical-DoubleCost,PR_AUC,0.95,0.9444147219182509,True,1.0,192802.0
CICIoT2023_R1,42,0.1,Oort-Style-Adapted,F1,0.9,0.8599498282161748,True,0.0,97310.0
CICIoT2023_R1,42,0.1,Oort-Style-Adapted,F1,0.95,0.907724818672629,True,3.0,382059.0
CICIoT2023_R1,42,0.1,Oort-Style-Adapted,PR_AUC,0.9,0.8947086839225536,True,1.0,192802.0
CICIoT2023_R1,42,0.1,Oort-Style-Adapted,PR_AUC,0.95,0.9444147219182509,True,1.0,192802.0
CICIoT2023_R1,42,0.1,Oracle-Score-Exact,F1,0.9,0.8599498282161748,True,0.0,97310.0
CICIoT2023_R1,42,0.1,Oracle-Score-Exact,F1,0.95,0.907724818672629,True,3.0,382059.0
CICIoT2023_R1,42,0.1,Oracle-Score-Exact,PR_AUC,0.9,0.8947086839225536,True,1.0,192802.0
CICIoT2023_R1,42,0.1,Oracle-Score-Exact,PR_AUC,0.95,0.9444147219182509,True,1.0,192802.0
CICIoT2023_R1,42,0.2,Full-Contextual,F1,0.9,0.8599498282161748,True,0.0,518598.0
CICIoT2023_R1,42,0.2,Full-Contextual,F1,0.95,0.907724818672629,True,0.0,518598.0
CICIoT2023_R1,42,0.2,Full-Contextual,PR_AUC,0.9,0.8947086839225536,True,0.0,518598.0
CICIoT2023_R1,42,0.2,Full-Contextual,PR_AUC,0.95,0.9444147219182509,True,0.0,518598.0
CICIoT2023_R1,42,0.2,Random-Budget,F1,0.9,0.8599498282161748,True,2.0,428315.0
CICIoT2023_R1,42,0.2,Random-Budget,F1,0.95,0.907724818672629,True,2.0,428315.0
CICIoT2023_R1,42,0.2,Random-Budget,PR_AUC,0.9,0.8947086839225536,True,0.0,143957.0
CICIoT2023_R1,42,0.2,Random-Budget,PR_AUC,0.95,0.9444147219182509,True,0.0,143957.0
CICIoT2023_R1,42,0.2,Cost-Only,F1,0.9,0.8599498282161748,True,1.0,287500.0
CICIoT2023_R1,42,0.2,Cost-Only,F1,0.95,0.907724818672629,True,5.0,840109.0
CICIoT2023_R1,42,0.2,Cost-Only,PR_AUC,0.9,0.8947086839225536,True,0.0,143856.0
CICIoT2023_R1,42,0.2,Cost-Only,PR_AUC,0.95,0.9444147219182509,True,0.0,143856.0
CICIoT2023_R1,42,0.2,Utility-Only,F1,0.9,0.8599498282161748,True,0.0,97645.0
CICIoT2023_R1,42,0.2,Utility-Only,F1,0.95,0.907724818672629,True,1.0,195026.0
CICIoT2023_R1,42,0.2,Utility-Only,PR_AUC,0.9,0.8947086839225536,True,0.0,97645.0
CICIoT2023_R1,42,0.2,Utility-Only,PR_AUC,0.95,0.9444147219182509,True,0.0,97645.0
CICIoT2023_R1,42,0.2,Utility-Cost-Ratio,F1,0.9,0.8599498282161748,True,0.0,97645.0
CICIoT2023_R1,42,0.2,Utility-Cost-Ratio,F1,0.95,0.907724818672629,True,1.0,195026.0
CICIoT2023_R1,42,0.2,Utility-Cost-Ratio,PR_AUC,0.9,0.8947086839225536,True,0.0,97645.0
CICIoT2023_R1,42,0.2,Utility-Cost-Ratio,PR_AUC,0.95,0.9444147219182509,True,0.0,97645.0
CICIoT2023_R1,42,0.2,CB-Score,F1,0.9,0.8599498282161748,True,0.0,97645.0
CICIoT2023_R1,42,0.2,CB-Score,F1,0.95,0.907724818672629,True,1.0,194789.0
CICIoT2023_R1,42,0.2,CB-Score,PR_AUC,0.9,0.8947086839225536,True,0.0,97645.0
CICIoT2023_R1,42,0.2,CB-Score,PR_AUC,0.95,0.9444147219182509,True,0.0,97645.0
CICIoT2023_R1,42,0.2,Historical-DoubleCost,F1,0.9,0.8599498282161748,True,0.0,97645.0
CICIoT2023_R1,42,0.2,Historical-DoubleCost,F1,0.95,0.907724818672629,True,1.0,194789.0
CICIoT2023_R1,42,0.2,Historical-DoubleCost,PR_AUC,0.9,0.8947086839225536,True,0.0,97645.0
CICIoT2023_R1,42,0.2,Historical-DoubleCost,PR_AUC,0.95,0.9444147219182509,True,0.0,97645.0
CICIoT2023_R1,42,0.2,Oort-Style-Adapted,F1,0.9,0.8599498282161748,True,0.0,97645.0
CICIoT2023_R1,42,0.2,Oort-Style-Adapted,F1,0.95,0.907724818672629,True,1.0,195026.0
CICIoT2023_R1,42,0.2,Oort-Style-Adapted,PR_AUC,0.9,0.8947086839225536,True,0.0,97645.0
CICIoT2023_R1,42,0.2,Oort-Style-Adapted,PR_AUC,0.95,0.9444147219182509,True,0.0,97645.0
CICIoT2023_R1,42,0.2,Oracle-Score-Exact,F1,0.9,0.8599498282161748,True,0.0,97645.0
CICIoT2023_R1,42,0.2,Oracle-Score-Exact,F1,0.95,0.907724818672629,True,1.0,194789.0
CICIoT2023_R1,42,0.2,Oracle-Score-Exact,PR_AUC,0.9,0.8947086839225536,True,0.0,97645.0
CICIoT2023_R1,42,0.2,Oracle-Score-Exact,PR_AUC,0.95,0.9444147219182509,True,0.0,97645.0
CICIoT2023_R1,42,0.4,Full-Contextual,F1,0.9,0.8599498282161748,True,0.0,518598.0
CICIoT2023_R1,42,0.4,Full-Contextual,F1,0.95,0.907724818672629,True,0.0,518598.0
CICIoT2023_R1,42,0.4,Full-Contextual,PR_AUC,0.9,0.8947086839225536,True,0.0,518598.0
CICIoT2023_R1,42,0.4,Full-Contextual,PR_AUC,0.95,0.9444147219182509,True,0.0,518598.0
CICIoT2023_R1,42,0.4,Random-Budget,F1,0.9,0.8599498282161748,True,0.0,191612.0
CICIoT2023_R1,42,0.4,Random-Budget,F1,0.95,0.907724818672629,True,2.0,571816.0
CICIoT2023_R1,42,0.4,Random-Budget,PR_AUC,0.9,0.8947086839225536,True,0.0,191612.0
CICIoT2023_R1,42,0.4,Random-Budget,PR_AUC,0.95,0.9444147219182509,True,0.0,191612.0
CICIoT2023_R1,42,0.4,Cost-Only,F1,0.9,0.8599498282161748,True,1.0,474604.0
CICIoT2023_R1,42,0.4,Cost-Only,F1,0.95,0.907724818672629,True,1.0,474604.0
CICIoT2023_R1,42,0.4,Cost-Only,PR_AUC,0.9,0.8947086839225536,True,0.0,237888.0
CICIoT2023_R1,42,0.4,Cost-Only,PR_AUC,0.95,0.9444147219182509,True,0.0,237888.0
CICIoT2023_R1,42,0.4,Utility-Only,F1,0.9,0.8599498282161748,True,0.0,191844.0
CICIoT2023_R1,42,0.4,Utility-Only,F1,0.95,0.907724818672629,True,0.0,191844.0
CICIoT2023_R1,42,0.4,Utility-Only,PR_AUC,0.9,0.8947086839225536,True,0.0,191844.0
CICIoT2023_R1,42,0.4,Utility-Only,PR_AUC,0.95,0.9444147219182509,True,0.0,191844.0
CICIoT2023_R1,42,0.4,Utility-Cost-Ratio,F1,0.9,0.8599498282161748,True,0.0,191844.0
CICIoT2023_R1,42,0.4,Utility-Cost-Ratio,F1,0.95,0.907724818672629,True,0.0,191844.0
CICIoT2023_R1,42,0.4,Utility-Cost-Ratio,PR_AUC,0.9,0.8947086839225536,True,0.0,191844.0
CICIoT2023_R1,42,0.4,Utility-Cost-Ratio,PR_AUC,0.95,0.9444147219182509,True,0.0,191844.0
CICIoT2023_R1,42,0.4,CB-Score,F1,0.9,0.8599498282161748,True,0.0,191749.0
CICIoT2023_R1,42,0.4,CB-Score,F1,0.95,0.907724818672629,True,0.0,191749.0
CICIoT2023_R1,42,0.4,CB-Score,PR_AUC,0.9,0.8947086839225536,True,0.0,191749.0
CICIoT2023_R1,42,0.4,CB-Score,PR_AUC,0.95,0.9444147219182509,True,0.0,191749.0
CICIoT2023_R1,42,0.4,Historical-DoubleCost,F1,0.9,0.8599498282161748,True,0.0,191749.0
CICIoT2023_R1,42,0.4,Historical-DoubleCost,F1,0.95,0.907724818672629,True,0.0,191749.0
CICIoT2023_R1,42,0.4,Historical-DoubleCost,PR_AUC,0.9,0.8947086839225536,True,0.0,191749.0
CICIoT2023_R1,42,0.4,Historical-DoubleCost,PR_AUC,0.95,0.9444147219182509,True,0.0,191749.0
CICIoT2023_R1,42,0.4,Oort-Style-Adapted,F1,0.9,0.8599498282161748,True,0.0,191844.0
CICIoT2023_R1,42,0.4,Oort-Style-Adapted,F1,0.95,0.907724818672629,True,0.0,191844.0
CICIoT2023_R1,42,0.4,Oort-Style-Adapted,PR_AUC,0.9,0.8947086839225536,True,0.0,191844.0
CICIoT2023_R1,42,0.4,Oort-Style-Adapted,PR_AUC,0.95,0.9444147219182509,True,0.0,191844.0
CICIoT2023_R1,42,0.4,Oracle-Score-Exact,F1,0.9,0.8599498282161748,True,0.0,191749.0
CICIoT2023_R1,42,0.4,Oracle-Score-Exact,F1,0.95,0.907724818672629,True,0.0,191749.0
CICIoT2023_R1,42,0.4,Oracle-Score-Exact,PR_AUC,0.9,0.8947086839225536,True,0.0,191749.0
CICIoT2023_R1,42,0.4,Oracle-Score-Exact,PR_AUC,0.95,0.9444147219182509,True,0.0,191749.0
CICIoT2023_R1,42,0.6,Full-Contextual,F1,0.9,0.8599498282161748,True,0.0,518598.0
CICIoT2023_R1,42,0.6,Full-Contextual,F1,0.95,0.907724818672629,True,0.0,518598.0
CICIoT2023_R1,42,0.6,Full-Contextual,PR_AUC,0.9,0.8947086839225536,True,0.0,518598.0
CICIoT2023_R1,42,0.6,Full-Contextual,PR_AUC,0.95,0.9444147219182509,True,0.0,518598.0
CICIoT2023_R1,42,0.6,Random-Budget,F1,0.9,0.8599498282161748,True,0.0,285838.0
CICIoT2023_R1,42,0.6,Random-Budget,F1,0.95,0.907724818672629,True,0.0,285838.0
CICIoT2023_R1,42,0.6,Random-Budget,PR_AUC,0.9,0.8947086839225536,True,0.0,285838.0
CICIoT2023_R1,42,0.6,Random-Budget,PR_AUC,0.95,0.9444147219182509,True,0.0,285838.0
CICIoT2023_R1,42,0.6,Cost-Only,F1,0.9,0.8599498282161748,True,0.0,284968.0
CICIoT2023_R1,42,0.6,Cost-Only,F1,0.95,0.907724818672629,True,1.0,613498.0
CICIoT2023_R1,42,0.6,Cost-Only,PR_AUC,0.9,0.8947086839225536,True,0.0,284968.0
CICIoT2023_R1,42,0.6,Cost-Only,PR_AUC,0.95,0.9444147219182509,True,0.0,284968.0
CICIoT2023_R1,42,0.6,Utility-Only,F1,0.9,0.8599498282161748,True,0.0,286018.0
CICIoT2023_R1,42,0.6,Utility-Only,F1,0.95,0.907724818672629,True,0.0,286018.0
CICIoT2023_R1,42,0.6,Utility-Only,PR_AUC,0.9,0.8947086839225536,True,0.0,286018.0
CICIoT2023_R1,42,0.6,Utility-Only,PR_AUC,0.95,0.9444147219182509,True,0.0,286018.0
CICIoT2023_R1,42,0.6,Utility-Cost-Ratio,F1,0.9,0.8599498282161748,True,0.0,286018.0
CICIoT2023_R1,42,0.6,Utility-Cost-Ratio,F1,0.95,0.907724818672629,True,0.0,286018.0
CICIoT2023_R1,42,0.6,Utility-Cost-Ratio,PR_AUC,0.9,0.8947086839225536,True,0.0,286018.0
CICIoT2023_R1,42,0.6,Utility-Cost-Ratio,PR_AUC,0.95,0.9444147219182509,True,0.0,286018.0
CICIoT2023_R1,42,0.6,CB-Score,F1,0.9,0.8599498282161748,True,0.0,286018.0
CICIoT2023_R1,42,0.6,CB-Score,F1,0.95,0.907724818672629,True,0.0,286018.0
CICIoT2023_R1,42,0.6,CB-Score,PR_AUC,0.9,0.8947086839225536,True,0.0,286018.0
CICIoT2023_R1,42,0.6,CB-Score,PR_AUC,0.95,0.9444147219182509,True,0.0,286018.0
CICIoT2023_R1,42,0.6,Historical-DoubleCost,F1,0.9,0.8599498282161748,True,0.0,286018.0
CICIoT2023_R1,42,0.6,Historical-DoubleCost,F1,0.95,0.907724818672629,True,0.0,286018.0
CICIoT2023_R1,42,0.6,Historical-DoubleCost,PR_AUC,0.9,0.8947086839225536,True,0.0,286018.0
CICIoT2023_R1,42,0.6,Historical-DoubleCost,PR_AUC,0.95,0.9444147219182509,True,0.0,286018.0
CICIoT2023_R1,42,0.6,Oort-Style-Adapted,F1,0.9,0.8599498282161748,True,0.0,285920.0
CICIoT2023_R1,42,0.6,Oort-Style-Adapted,F1,0.95,0.907724818672629,True,0.0,285920.0
CICIoT2023_R1,42,0.6,Oort-Style-Adapted,PR_AUC,0.9,0.8947086839225536,True,0.0,285920.0
CICIoT2023_R1,42,0.6,Oort-Style-Adapted,PR_AUC,0.95,0.9444147219182509,True,0.0,285920.0
CICIoT2023_R1,42,0.6,Oracle-Score-Exact,F1,0.9,0.8599498282161748,True,0.0,286018.0
CICIoT2023_R1,42,0.6,Oracle-Score-Exact,F1,0.95,0.907724818672629,True,0.0,286018.0
CICIoT2023_R1,42,0.6,Oracle-Score-Exact,PR_AUC,0.9,0.8947086839225536,True,0.0,286018.0
CICIoT2023_R1,42,0.6,Oracle-Score-Exact,PR_AUC,0.95,0.9444147219182509,True,0.0,286018.0
CICIoT2023_R1,42,0.8,Full-Contextual,F1,0.9,0.8599498282161748,True,0.0,518598.0
CICIoT2023_R1,42,0.8,Full-Contextual,F1,0.95,0.907724818672629,True,0.0,518598.0
CICIoT2023_R1,42,0.8,Full-Contextual,PR_AUC,0.9,0.8947086839225536,True,0.0,518598.0
CICIoT2023_R1,42,0.8,Full-Contextual,PR_AUC,0.95,0.9444147219182509,True,0.0,518598.0
CICIoT2023_R1,42,0.8,Random-Budget,F1,0.9,0.8599498282161748,True,0.0,379394.0
CICIoT2023_R1,42,0.8,Random-Budget,F1,0.95,0.907724818672629,True,1.0,755903.0
CICIoT2023_R1,42,0.8,Random-Budget,PR_AUC,0.9,0.8947086839225536,True,0.0,379394.0
CICIoT2023_R1,42,0.8,Random-Budget,PR_AUC,0.95,0.9444147219182509,True,0.0,379394.0
CICIoT2023_R1,42,0.8,Cost-Only,F1,0.9,0.8599498282161748,True,0.0,379203.0
CICIoT2023_R1,42,0.8,Cost-Only,F1,0.95,0.907724818672629,True,2.0,1123501.0
CICIoT2023_R1,42,0.8,Cost-Only,PR_AUC,0.9,0.8947086839225536,True,0.0,379203.0
CICIoT2023_R1,42,0.8,Cost-Only,PR_AUC,0.95,0.9444147219182509,True,0.0,379203.0
CICIoT2023_R1,42,0.8,Utility-Only,F1,0.9,0.8599498282161748,True,0.0,379787.0
CICIoT2023_R1,42,0.8,Utility-Only,F1,0.95,0.907724818672629,True,0.0,379787.0
CICIoT2023_R1,42,0.8,Utility-Only,PR_AUC,0.9,0.8947086839225536,True,0.0,379787.0
CICIoT2023_R1,42,0.8,Utility-Only,PR_AUC,0.95,0.9444147219182509,True,0.0,379787.0
CICIoT2023_R1,42,0.8,Utility-Cost-Ratio,F1,0.9,0.8599498282161748,True,0.0,379787.0
CICIoT2023_R1,42,0.8,Utility-Cost-Ratio,F1,0.95,0.907724818672629,True,0.0,379787.0
CICIoT2023_R1,42,0.8,Utility-Cost-Ratio,PR_AUC,0.9,0.8947086839225536,True,0.0,379787.0
CICIoT2023_R1,42,0.8,Utility-Cost-Ratio,PR_AUC,0.95,0.9444147219182509,True,0.0,379787.0
CICIoT2023_R1,42,0.8,CB-Score,F1,0.9,0.8599498282161748,True,0.0,379787.0
CICIoT2023_R1,42,0.8,CB-Score,F1,0.95,0.907724818672629,True,0.0,379787.0
CICIoT2023_R1,42,0.8,CB-Score,PR_AUC,0.9,0.8947086839225536,True,0.0,379787.0
CICIoT2023_R1,42,0.8,CB-Score,PR_AUC,0.95,0.9444147219182509,True,0.0,379787.0
CICIoT2023_R1,42,0.8,Historical-DoubleCost,F1,0.9,0.8599498282161748,True,0.0,379787.0
CICIoT2023_R1,42,0.8,Historical-DoubleCost,F1,0.95,0.907724818672629,True,0.0,379787.0
CICIoT2023_R1,42,0.8,Historical-DoubleCost,PR_AUC,0.9,0.8947086839225536,True,0.0,379787.0
CICIoT2023_R1,42,0.8,Historical-DoubleCost,PR_AUC,0.95,0.9444147219182509,True,0.0,379787.0
CICIoT2023_R1,42,0.8,Oort-Style-Adapted,F1,0.9,0.8599498282161748,True,0.0,380095.0
CICIoT2023_R1,42,0.8,Oort-Style-Adapted,F1,0.95,0.907724818672629,True,0.0,380095.0
CICIoT2023_R1,42,0.8,Oort-Style-Adapted,PR_AUC,0.9,0.8947086839225536,True,0.0,380095.0
CICIoT2023_R1,42,0.8,Oort-Style-Adapted,PR_AUC,0.95,0.9444147219182509,True,0.0,380095.0
CICIoT2023_R1,42,0.8,Oracle-Score-Exact,F1,0.9,0.8599498282161748,True,0.0,379787.0
CICIoT2023_R1,42,0.8,Oracle-Score-Exact,F1,0.95,0.907724818672629,True,0.0,379787.0
CICIoT2023_R1,42,0.8,Oracle-Score-Exact,PR_AUC,0.9,0.8947086839225536,True,0.0,379787.0
CICIoT2023_R1,42,0.8,Oracle-Score-Exact,PR_AUC,0.95,0.9444147219182509,True,0.0,379787.0
CICIoT2023_R1,42,1.0,Full-Contextual,F1,0.9,0.8599498282161748,True,0.0,518598.0
CICIoT2023_R1,42,1.0,Full-Contextual,F1,0.95,0.907724818672629,True,0.0,518598.0
CICIoT2023_R1,42,1.0,Full-Contextual,PR_AUC,0.9,0.8947086839225536,True,0.0,518598.0
CICIoT2023_R1,42,1.0,Full-Contextual,PR_AUC,0.95,0.9444147219182509,True,0.0,518598.0
CICIoT2023_R1,42,1.0,Random-Budget,F1,0.9,0.8599498282161748,True,0.0,473372.0
CICIoT2023_R1,42,1.0,Random-Budget,F1,0.95,0.907724818672629,True,1.0,942762.0
CICIoT2023_R1,42,1.0,Random-Budget,PR_AUC,0.9,0.8947086839225536,True,0.0,473372.0
CICIoT2023_R1,42,1.0,Random-Budget,PR_AUC,0.95,0.9444147219182509,True,0.0,473372.0
CICIoT2023_R1,42,1.0,Cost-Only,F1,0.9,0.8599498282161748,True,0.0,473452.0
CICIoT2023_R1,42,1.0,Cost-Only,F1,0.95,0.907724818672629,True,1.0,942922.0
CICIoT2023_R1,42,1.0,Cost-Only,PR_AUC,0.9,0.8947086839225536,True,0.0,473452.0
CICIoT2023_R1,42,1.0,Cost-Only,PR_AUC,0.95,0.9444147219182509,True,0.0,473452.0
CICIoT2023_R1,42,1.0,Utility-Only,F1,0.9,0.8599498282161748,True,0.0,426897.0
CICIoT2023_R1,42,1.0,Utility-Only,F1,0.95,0.907724818672629,True,0.0,426897.0
CICIoT2023_R1,42,1.0,Utility-Only,PR_AUC,0.9,0.8947086839225536,True,0.0,426897.0
CICIoT2023_R1,42,1.0,Utility-Only,PR_AUC,0.95,0.9444147219182509,True,0.0,426897.0
CICIoT2023_R1,42,1.0,Utility-Cost-Ratio,F1,0.9,0.8599498282161748,True,0.0,426897.0
CICIoT2023_R1,42,1.0,Utility-Cost-Ratio,F1,0.95,0.907724818672629,True,0.0,426897.0
CICIoT2023_R1,42,1.0,Utility-Cost-Ratio,PR_AUC,0.9,0.8947086839225536,True,0.0,426897.0
CICIoT2023_R1,42,1.0,Utility-Cost-Ratio,PR_AUC,0.95,0.9444147219182509,True,0.0,426897.0
CICIoT2023_R1,42,1.0,CB-Score,F1,0.9,0.8599498282161748,True,0.0,426897.0
CICIoT2023_R1,42,1.0,CB-Score,F1,0.95,0.907724818672629,True,0.0,426897.0
CICIoT2023_R1,42,1.0,CB-Score,PR_AUC,0.9,0.8947086839225536,True,0.0,426897.0
CICIoT2023_R1,42,1.0,CB-Score,PR_AUC,0.95,0.9444147219182509,True,0.0,426897.0
CICIoT2023_R1,42,1.0,Historical-DoubleCost,F1,0.9,0.8599498282161748,True,0.0,426897.0
CICIoT2023_R1,42,1.0,Historical-DoubleCost,F1,0.95,0.907724818672629,True,0.0,426897.0
CICIoT2023_R1,42,1.0,Historical-DoubleCost,PR_AUC,0.9,0.8947086839225536,True,0.0,426897.0
CICIoT2023_R1,42,1.0,Historical-DoubleCost,PR_AUC,0.95,0.9444147219182509,True,0.0,426897.0
CICIoT2023_R1,42,1.0,Oort-Style-Adapted,F1,0.9,0.8599498282161748,True,0.0,426897.0
CICIoT2023_R1,42,1.0,Oort-Style-Adapted,F1,0.95,0.907724818672629,True,0.0,426897.0
CICIoT2023_R1,42,1.0,Oort-Style-Adapted,PR_AUC,0.9,0.8947086839225536,True,0.0,426897.0
CICIoT2023_R1,42,1.0,Oort-Style-Adapted,PR_AUC,0.95,0.9444147219182509,True,0.0,426897.0
CICIoT2023_R1,42,1.0,Oracle-Score-Exact,F1,0.9,0.8599498282161748,True,0.0,426897.0
CICIoT2023_R1,42,1.0,Oracle-Score-Exact,F1,0.95,0.907724818672629,True,0.0,426897.0
CICIoT2023_R1,42,1.0,Oracle-Score-Exact,PR_AUC,0.9,0.8947086839225536,True,0.0,426897.0
CICIoT2023_R1,42,1.0,Oracle-Score-Exact,PR_AUC,0.95,0.9444147219182509,True,0.0,426897.0
CICIoT2023_R1,123,0.1,Full-Contextual,F1,0.9,0.8560089574521025,True,0.0,516849.0
CICIoT2023_R1,123,0.1,Full-Contextual,F1,0.95,0.903565010643886,True,0.0,516849.0
CICIoT2023_R1,123,0.1,Full-Contextual,PR_AUC,0.9,0.8942554249894124,True,0.0,516849.0
CICIoT2023_R1,123,0.1,Full-Contextual,PR_AUC,0.95,0.9439362819332685,True,0.0,516849.0
CICIoT2023_R1,123,0.1,Random-Budget,F1,0.9,0.8560089574521025,False,,
CICIoT2023_R1,123,0.1,Random-Budget,F1,0.95,0.903565010643886,False,,
CICIoT2023_R1,123,0.1,Random-Budget,PR_AUC,0.9,0.8942554249894124,False,,
CICIoT2023_R1,123,0.1,Random-Budget,PR_AUC,0.95,0.9439362819332685,False,,
CICIoT2023_R1,123,0.1,Cost-Only,F1,0.9,0.8560089574521025,False,,
CICIoT2023_R1,123,0.1,Cost-Only,F1,0.95,0.903565010643886,False,,
CICIoT2023_R1,123,0.1,Cost-Only,PR_AUC,0.9,0.8942554249894124,False,,
CICIoT2023_R1,123,0.1,Cost-Only,PR_AUC,0.95,0.9439362819332685,False,,
CICIoT2023_R1,123,0.1,Utility-Only,F1,0.9,0.8560089574521025,False,,
CICIoT2023_R1,123,0.1,Utility-Only,F1,0.95,0.903565010643886,False,,
CICIoT2023_R1,123,0.1,Utility-Only,PR_AUC,0.9,0.8942554249894124,False,,
CICIoT2023_R1,123,0.1,Utility-Only,PR_AUC,0.95,0.9439362819332685,False,,
CICIoT2023_R1,123,0.1,Utility-Cost-Ratio,F1,0.9,0.8560089574521025,False,,
CICIoT2023_R1,123,0.1,Utility-Cost-Ratio,F1,0.95,0.903565010643886,False,,
CICIoT2023_R1,123,0.1,Utility-Cost-Ratio,PR_AUC,0.9,0.8942554249894124,False,,
CICIoT2023_R1,123,0.1,Utility-Cost-Ratio,PR_AUC,0.95,0.9439362819332685,False,,
CICIoT2023_R1,123,0.1,CB-Score,F1,0.9,0.8560089574521025,False,,
CICIoT2023_R1,123,0.1,CB-Score,F1,0.95,0.903565010643886,False,,
CICIoT2023_R1,123,0.1,CB-Score,PR_AUC,0.9,0.8942554249894124,False,,
CICIoT2023_R1,123,0.1,CB-Score,PR_AUC,0.95,0.9439362819332685,False,,
CICIoT2023_R1,123,0.1,Historical-DoubleCost,F1,0.9,0.8560089574521025,False,,
CICIoT2023_R1,123,0.1,Historical-DoubleCost,F1,0.95,0.903565010643886,False,,
CICIoT2023_R1,123,0.1,Historical-DoubleCost,PR_AUC,0.9,0.8942554249894124,False,,
CICIoT2023_R1,123,0.1,Historical-DoubleCost,PR_AUC,0.95,0.9439362819332685,False,,
CICIoT2023_R1,123,0.1,Oort-Style-Adapted,F1,0.9,0.8560089574521025,False,,
CICIoT2023_R1,123,0.1,Oort-Style-Adapted,F1,0.95,0.903565010643886,False,,
CICIoT2023_R1,123,0.1,Oort-Style-Adapted,PR_AUC,0.9,0.8942554249894124,False,,
CICIoT2023_R1,123,0.1,Oort-Style-Adapted,PR_AUC,0.95,0.9439362819332685,False,,
CICIoT2023_R1,123,0.1,Oracle-Score-Exact,F1,0.9,0.8560089574521025,False,,
CICIoT2023_R1,123,0.1,Oracle-Score-Exact,F1,0.95,0.903565010643886,False,,
CICIoT2023_R1,123,0.1,Oracle-Score-Exact,PR_AUC,0.9,0.8942554249894124,False,,
CICIoT2023_R1,123,0.1,Oracle-Score-Exact,PR_AUC,0.95,0.9439362819332685,False,,
CICIoT2023_R1,123,0.2,Full-Contextual,F1,0.9,0.8560089574521025,True,0.0,516849.0
CICIoT2023_R1,123,0.2,Full-Contextual,F1,0.95,0.903565010643886,True,0.0,516849.0
CICIoT2023_R1,123,0.2,Full-Contextual,PR_AUC,0.9,0.8942554249894124,True,0.0,516849.0
CICIoT2023_R1,123,0.2,Full-Contextual,PR_AUC,0.95,0.9439362819332685,True,0.0,516849.0
CICIoT2023_R1,123,0.2,Random-Budget,F1,0.9,0.8560089574521025,True,0.0,97540.0
CICIoT2023_R1,123,0.2,Random-Budget,F1,0.95,0.903565010643886,True,1.0,194476.0
CICIoT2023_R1,123,0.2,Random-Budget,PR_AUC,0.9,0.8942554249894124,True,1.0,194476.0
CICIoT2023_R1,123,0.2,Random-Budget,PR_AUC,0.95,0.9439362819332685,True,1.0,194476.0
CICIoT2023_R1,123,0.2,Cost-Only,F1,0.9,0.8560089574521025,True,1.0,194737.0
CICIoT2023_R1,123,0.2,Cost-Only,F1,0.95,0.903565010643886,True,2.0,336378.0
CICIoT2023_R1,123,0.2,Cost-Only,PR_AUC,0.9,0.8942554249894124,True,0.0,97425.0
CICIoT2023_R1,123,0.2,Cost-Only,PR_AUC,0.95,0.9439362819332685,True,0.0,97425.0
CICIoT2023_R1,123,0.2,Utility-Only,F1,0.9,0.8560089574521025,True,1.0,195170.0
CICIoT2023_R1,123,0.2,Utility-Only,F1,0.95,0.903565010643886,True,1.0,195170.0
CICIoT2023_R1,123,0.2,Utility-Only,PR_AUC,0.9,0.8942554249894124,True,0.0,97505.0
CICIoT2023_R1,123,0.2,Utility-Only,PR_AUC,0.95,0.9439362819332685,True,0.0,97505.0
CICIoT2023_R1,123,0.2,Utility-Cost-Ratio,F1,0.9,0.8560089574521025,True,1.0,195170.0
CICIoT2023_R1,123,0.2,Utility-Cost-Ratio,F1,0.95,0.903565010643886,True,1.0,195170.0
CICIoT2023_R1,123,0.2,Utility-Cost-Ratio,PR_AUC,0.9,0.8942554249894124,True,0.0,97505.0
CICIoT2023_R1,123,0.2,Utility-Cost-Ratio,PR_AUC,0.95,0.9439362819332685,True,0.0,97505.0
CICIoT2023_R1,123,0.2,CB-Score,F1,0.9,0.8560089574521025,True,1.0,195170.0
CICIoT2023_R1,123,0.2,CB-Score,F1,0.95,0.903565010643886,True,1.0,195170.0
CICIoT2023_R1,123,0.2,CB-Score,PR_AUC,0.9,0.8942554249894124,True,0.0,97505.0
CICIoT2023_R1,123,0.2,CB-Score,PR_AUC,0.95,0.9439362819332685,True,0.0,97505.0
CICIoT2023_R1,123,0.2,Historical-DoubleCost,F1,0.9,0.8560089574521025,True,1.0,195170.0
CICIoT2023_R1,123,0.2,Historical-DoubleCost,F1,0.95,0.903565010643886,True,1.0,195170.0
CICIoT2023_R1,123,0.2,Historical-DoubleCost,PR_AUC,0.9,0.8942554249894124,True,0.0,97505.0
CICIoT2023_R1,123,0.2,Historical-DoubleCost,PR_AUC,0.95,0.9439362819332685,True,0.0,97505.0
CICIoT2023_R1,123,0.2,Oort-Style-Adapted,F1,0.9,0.8560089574521025,True,1.0,194973.0
CICIoT2023_R1,123,0.2,Oort-Style-Adapted,F1,0.95,0.903565010643886,True,1.0,194973.0
CICIoT2023_R1,123,0.2,Oort-Style-Adapted,PR_AUC,0.9,0.8942554249894124,True,0.0,97505.0
CICIoT2023_R1,123,0.2,Oort-Style-Adapted,PR_AUC,0.95,0.9439362819332685,True,0.0,97505.0
CICIoT2023_R1,123,0.2,Oracle-Score-Exact,F1,0.9,0.8560089574521025,True,1.0,195170.0
CICIoT2023_R1,123,0.2,Oracle-Score-Exact,F1,0.95,0.903565010643886,True,1.0,195170.0
CICIoT2023_R1,123,0.2,Oracle-Score-Exact,PR_AUC,0.9,0.8942554249894124,True,0.0,97505.0
CICIoT2023_R1,123,0.2,Oracle-Score-Exact,PR_AUC,0.95,0.9439362819332685,True,0.0,97505.0
CICIoT2023_R1,123,0.4,Full-Contextual,F1,0.9,0.8560089574521025,True,0.0,516849.0
CICIoT2023_R1,123,0.4,Full-Contextual,F1,0.95,0.903565010643886,True,0.0,516849.0
CICIoT2023_R1,123,0.4,Full-Contextual,PR_AUC,0.9,0.8942554249894124,True,0.0,516849.0
CICIoT2023_R1,123,0.4,Full-Contextual,PR_AUC,0.95,0.9439362819332685,True,0.0,516849.0
CICIoT2023_R1,123,0.4,Random-Budget,F1,0.9,0.8560089574521025,True,0.0,191563.0
CICIoT2023_R1,123,0.4,Random-Budget,F1,0.95,0.903565010643886,True,0.0,191563.0
CICIoT2023_R1,123,0.4,Random-Budget,PR_AUC,0.9,0.8942554249894124,True,0.0,191563.0
CICIoT2023_R1,123,0.4,Random-Budget,PR_AUC,0.95,0.9439362819332685,True,0.0,191563.0
CICIoT2023_R1,123,0.4,Cost-Only,F1,0.9,0.8560089574521025,True,1.0,382455.0
CICIoT2023_R1,123,0.4,Cost-Only,F1,0.95,0.903565010643886,True,1.0,382455.0
CICIoT2023_R1,123,0.4,Cost-Only,PR_AUC,0.9,0.8942554249894124,True,0.0,191369.0
CICIoT2023_R1,123,0.4,Cost-Only,PR_AUC,0.95,0.9439362819332685,True,0.0,191369.0
CICIoT2023_R1,123,0.4,Utility-Only,F1,0.9,0.8560089574521025,True,1.0,382679.0
CICIoT2023_R1,123,0.4,Utility-Only,F1,0.95,0.903565010643886,True,1.0,382679.0
CICIoT2023_R1,123,0.4,Utility-Only,PR_AUC,0.9,0.8942554249894124,True,0.0,191369.0
CICIoT2023_R1,123,0.4,Utility-Only,PR_AUC,0.95,0.9439362819332685,True,0.0,191369.0
CICIoT2023_R1,123,0.4,Utility-Cost-Ratio,F1,0.9,0.8560089574521025,True,1.0,382679.0
CICIoT2023_R1,123,0.4,Utility-Cost-Ratio,F1,0.95,0.903565010643886,True,1.0,382679.0
CICIoT2023_R1,123,0.4,Utility-Cost-Ratio,PR_AUC,0.9,0.8942554249894124,True,0.0,191369.0
CICIoT2023_R1,123,0.4,Utility-Cost-Ratio,PR_AUC,0.95,0.9439362819332685,True,0.0,191369.0
CICIoT2023_R1,123,0.4,CB-Score,F1,0.9,0.8560089574521025,True,1.0,382679.0
CICIoT2023_R1,123,0.4,CB-Score,F1,0.95,0.903565010643886,True,1.0,382679.0
CICIoT2023_R1,123,0.4,CB-Score,PR_AUC,0.9,0.8942554249894124,True,0.0,191369.0
CICIoT2023_R1,123,0.4,CB-Score,PR_AUC,0.95,0.9439362819332685,True,0.0,191369.0
CICIoT2023_R1,123,0.4,Historical-DoubleCost,F1,0.9,0.8560089574521025,True,1.0,382679.0
CICIoT2023_R1,123,0.4,Historical-DoubleCost,F1,0.95,0.903565010643886,True,1.0,382679.0
CICIoT2023_R1,123,0.4,Historical-DoubleCost,PR_AUC,0.9,0.8942554249894124,True,0.0,191369.0
CICIoT2023_R1,123,0.4,Historical-DoubleCost,PR_AUC,0.95,0.9439362819332685,True,0.0,191369.0
CICIoT2023_R1,123,0.4,Oort-Style-Adapted,F1,0.9,0.8560089574521025,True,1.0,382884.0
CICIoT2023_R1,123,0.4,Oort-Style-Adapted,F1,0.95,0.903565010643886,True,1.0,382884.0
CICIoT2023_R1,123,0.4,Oort-Style-Adapted,PR_AUC,0.9,0.8942554249894124,True,0.0,191562.0
CICIoT2023_R1,123,0.4,Oort-Style-Adapted,PR_AUC,0.95,0.9439362819332685,True,0.0,191562.0
CICIoT2023_R1,123,0.4,Oracle-Score-Exact,F1,0.9,0.8560089574521025,True,1.0,382679.0
CICIoT2023_R1,123,0.4,Oracle-Score-Exact,F1,0.95,0.903565010643886,True,1.0,382679.0
CICIoT2023_R1,123,0.4,Oracle-Score-Exact,PR_AUC,0.9,0.8942554249894124,True,0.0,191369.0
CICIoT2023_R1,123,0.4,Oracle-Score-Exact,PR_AUC,0.95,0.9439362819332685,True,0.0,191369.0
CICIoT2023_R1,123,0.6,Full-Contextual,F1,0.9,0.8560089574521025,True,0.0,516849.0
CICIoT2023_R1,123,0.6,Full-Contextual,F1,0.95,0.903565010643886,True,0.0,516849.0
CICIoT2023_R1,123,0.6,Full-Contextual,PR_AUC,0.9,0.8942554249894124,True,0.0,516849.0
CICIoT2023_R1,123,0.6,Full-Contextual,PR_AUC,0.95,0.9439362819332685,True,0.0,516849.0
CICIoT2023_R1,123,0.6,Random-Budget,F1,0.9,0.8560089574521025,True,0.0,285756.0
CICIoT2023_R1,123,0.6,Random-Budget,F1,0.95,0.903565010643886,True,0.0,285756.0
CICIoT2023_R1,123,0.6,Random-Budget,PR_AUC,0.9,0.8942554249894124,True,0.0,285756.0
CICIoT2023_R1,123,0.6,Random-Budget,PR_AUC,0.95,0.9439362819332685,True,0.0,285756.0
CICIoT2023_R1,123,0.6,Cost-Only,F1,0.9,0.8560089574521025,True,1.0,569708.0
CICIoT2023_R1,123,0.6,Cost-Only,F1,0.95,0.903565010643886,True,1.0,569708.0
CICIoT2023_R1,123,0.6,Cost-Only,PR_AUC,0.9,0.8942554249894124,True,0.0,285487.0
CICIoT2023_R1,123,0.6,Cost-Only,PR_AUC,0.95,0.9439362819332685,True,0.0,285487.0
CICIoT2023_R1,123,0.6,Utility-Only,F1,0.9,0.8560089574521025,True,1.0,570152.0
CICIoT2023_R1,123,0.6,Utility-Only,F1,0.95,0.903565010643886,True,1.0,570152.0
CICIoT2023_R1,123,0.6,Utility-Only,PR_AUC,0.9,0.8942554249894124,True,0.0,285529.0
CICIoT2023_R1,123,0.6,Utility-Only,PR_AUC,0.95,0.9439362819332685,True,0.0,285529.0
CICIoT2023_R1,123,0.6,Utility-Cost-Ratio,F1,0.9,0.8560089574521025,True,1.0,570152.0
CICIoT2023_R1,123,0.6,Utility-Cost-Ratio,F1,0.95,0.903565010643886,True,1.0,570152.0
CICIoT2023_R1,123,0.6,Utility-Cost-Ratio,PR_AUC,0.9,0.8942554249894124,True,0.0,285529.0
CICIoT2023_R1,123,0.6,Utility-Cost-Ratio,PR_AUC,0.95,0.9439362819332685,True,0.0,285529.0
CICIoT2023_R1,123,0.6,CB-Score,F1,0.9,0.8560089574521025,True,1.0,570152.0
CICIoT2023_R1,123,0.6,CB-Score,F1,0.95,0.903565010643886,True,1.0,570152.0
CICIoT2023_R1,123,0.6,CB-Score,PR_AUC,0.9,0.8942554249894124,True,0.0,285529.0
CICIoT2023_R1,123,0.6,CB-Score,PR_AUC,0.95,0.9439362819332685,True,0.0,285529.0
CICIoT2023_R1,123,0.6,Historical-DoubleCost,F1,0.9,0.8560089574521025,True,1.0,570152.0
CICIoT2023_R1,123,0.6,Historical-DoubleCost,F1,0.95,0.903565010643886,True,1.0,570152.0
CICIoT2023_R1,123,0.6,Historical-DoubleCost,PR_AUC,0.9,0.8942554249894124,True,0.0,285529.0
CICIoT2023_R1,123,0.6,Historical-DoubleCost,PR_AUC,0.95,0.9439362819332685,True,0.0,285529.0
CICIoT2023_R1,123,0.6,Oort-Style-Adapted,F1,0.9,0.8560089574521025,True,1.0,570241.0
CICIoT2023_R1,123,0.6,Oort-Style-Adapted,F1,0.95,0.903565010643886,True,1.0,570241.0
CICIoT2023_R1,123,0.6,Oort-Style-Adapted,PR_AUC,0.9,0.8942554249894124,True,0.0,285536.0
CICIoT2023_R1,123,0.6,Oort-Style-Adapted,PR_AUC,0.95,0.9439362819332685,True,0.0,285536.0
CICIoT2023_R1,123,0.6,Oracle-Score-Exact,F1,0.9,0.8560089574521025,True,1.0,570152.0
CICIoT2023_R1,123,0.6,Oracle-Score-Exact,F1,0.95,0.903565010643886,True,1.0,570152.0
CICIoT2023_R1,123,0.6,Oracle-Score-Exact,PR_AUC,0.9,0.8942554249894124,True,0.0,285529.0
CICIoT2023_R1,123,0.6,Oracle-Score-Exact,PR_AUC,0.95,0.9439362819332685,True,0.0,285529.0
CICIoT2023_R1,123,0.8,Full-Contextual,F1,0.9,0.8560089574521025,True,0.0,516849.0
CICIoT2023_R1,123,0.8,Full-Contextual,F1,0.95,0.903565010643886,True,0.0,516849.0
CICIoT2023_R1,123,0.8,Full-Contextual,PR_AUC,0.9,0.8942554249894124,True,0.0,516849.0
CICIoT2023_R1,123,0.8,Full-Contextual,PR_AUC,0.95,0.9439362819332685,True,0.0,516849.0
CICIoT2023_R1,123,0.8,Random-Budget,F1,0.9,0.8560089574521025,True,0.0,379854.0
CICIoT2023_R1,123,0.8,Random-Budget,F1,0.95,0.903565010643886,True,0.0,379854.0
CICIoT2023_R1,123,0.8,Random-Budget,PR_AUC,0.9,0.8942554249894124,True,0.0,379854.0
CICIoT2023_R1,123,0.8,Random-Budget,PR_AUC,0.95,0.9439362819332685,True,0.0,379854.0
CICIoT2023_R1,123,0.8,Cost-Only,F1,0.9,0.8560089574521025,True,0.0,379696.0
CICIoT2023_R1,123,0.8,Cost-Only,F1,0.95,0.903565010643886,True,0.0,379696.0
CICIoT2023_R1,123,0.8,Cost-Only,PR_AUC,0.9,0.8942554249894124,True,0.0,379696.0
CICIoT2023_R1,123,0.8,Cost-Only,PR_AUC,0.95,0.9439362819332685,True,0.0,379696.0
CICIoT2023_R1,123,0.8,Utility-Only,F1,0.9,0.8560089574521025,True,0.0,379696.0
CICIoT2023_R1,123,0.8,Utility-Only,F1,0.95,0.903565010643886,True,0.0,379696.0
CICIoT2023_R1,123,0.8,Utility-Only,PR_AUC,0.9,0.8942554249894124,True,0.0,379696.0
CICIoT2023_R1,123,0.8,Utility-Only,PR_AUC,0.95,0.9439362819332685,True,0.0,379696.0
CICIoT2023_R1,123,0.8,Utility-Cost-Ratio,F1,0.9,0.8560089574521025,True,0.0,379696.0
CICIoT2023_R1,123,0.8,Utility-Cost-Ratio,F1,0.95,0.903565010643886,True,0.0,379696.0
CICIoT2023_R1,123,0.8,Utility-Cost-Ratio,PR_AUC,0.9,0.8942554249894124,True,0.0,379696.0
CICIoT2023_R1,123,0.8,Utility-Cost-Ratio,PR_AUC,0.95,0.9439362819332685,True,0.0,379696.0
CICIoT2023_R1,123,0.8,CB-Score,F1,0.9,0.8560089574521025,True,1.0,617064.0
CICIoT2023_R1,123,0.8,CB-Score,F1,0.95,0.903565010643886,True,1.0,617064.0
CICIoT2023_R1,123,0.8,CB-Score,PR_AUC,0.9,0.8942554249894124,True,0.0,332590.0
CICIoT2023_R1,123,0.8,CB-Score,PR_AUC,0.95,0.9439362819332685,True,0.0,332590.0
CICIoT2023_R1,123,0.8,Historical-DoubleCost,F1,0.9,0.8560089574521025,True,1.0,617064.0
CICIoT2023_R1,123,0.8,Historical-DoubleCost,F1,0.95,0.903565010643886,True,1.0,617064.0
CICIoT2023_R1,123,0.8,Historical-DoubleCost,PR_AUC,0.9,0.8942554249894124,True,0.0,332590.0
CICIoT2023_R1,123,0.8,Historical-DoubleCost,PR_AUC,0.95,0.9439362819332685,True,0.0,332590.0
CICIoT2023_R1,123,0.8,Oort-Style-Adapted,F1,0.9,0.8560089574521025,True,0.0,379696.0
CICIoT2023_R1,123,0.8,Oort-Style-Adapted,F1,0.95,0.903565010643886,True,0.0,379696.0
CICIoT2023_R1,123,0.8,Oort-Style-Adapted,PR_AUC,0.9,0.8942554249894124,True,0.0,379696.0
CICIoT2023_R1,123,0.8,Oort-Style-Adapted,PR_AUC,0.95,0.9439362819332685,True,0.0,379696.0
CICIoT2023_R1,123,0.8,Oracle-Score-Exact,F1,0.9,0.8560089574521025,True,1.0,617064.0
CICIoT2023_R1,123,0.8,Oracle-Score-Exact,F1,0.95,0.903565010643886,True,1.0,617064.0
CICIoT2023_R1,123,0.8,Oracle-Score-Exact,PR_AUC,0.9,0.8942554249894124,True,0.0,332590.0
CICIoT2023_R1,123,0.8,Oracle-Score-Exact,PR_AUC,0.95,0.9439362819332685,True,0.0,332590.0
CICIoT2023_R1,123,1.0,Full-Contextual,F1,0.9,0.8560089574521025,True,0.0,516849.0
CICIoT2023_R1,123,1.0,Full-Contextual,F1,0.95,0.903565010643886,True,0.0,516849.0
CICIoT2023_R1,123,1.0,Full-Contextual,PR_AUC,0.9,0.8942554249894124,True,0.0,516849.0
CICIoT2023_R1,123,1.0,Full-Contextual,PR_AUC,0.95,0.9439362819332685,True,0.0,516849.0
CICIoT2023_R1,123,1.0,Random-Budget,F1,0.9,0.8560089574521025,True,0.0,426712.0
CICIoT2023_R1,123,1.0,Random-Budget,F1,0.95,0.903565010643886,True,0.0,426712.0
CICIoT2023_R1,123,1.0,Random-Budget,PR_AUC,0.9,0.8942554249894124,True,0.0,426712.0
CICIoT2023_R1,123,1.0,Random-Budget,PR_AUC,0.95,0.9439362819332685,True,0.0,426712.0
CICIoT2023_R1,123,1.0,Cost-Only,F1,0.9,0.8560089574521025,True,0.0,426792.0
CICIoT2023_R1,123,1.0,Cost-Only,F1,0.95,0.903565010643886,True,0.0,426792.0
CICIoT2023_R1,123,1.0,Cost-Only,PR_AUC,0.9,0.8942554249894124,True,0.0,426792.0
CICIoT2023_R1,123,1.0,Cost-Only,PR_AUC,0.95,0.9439362819332685,True,0.0,426792.0
CICIoT2023_R1,123,1.0,Utility-Only,F1,0.9,0.8560089574521025,True,0.0,426792.0
CICIoT2023_R1,123,1.0,Utility-Only,F1,0.95,0.903565010643886,True,0.0,426792.0
CICIoT2023_R1,123,1.0,Utility-Only,PR_AUC,0.9,0.8942554249894124,True,0.0,426792.0
CICIoT2023_R1,123,1.0,Utility-Only,PR_AUC,0.95,0.9439362819332685,True,0.0,426792.0
CICIoT2023_R1,123,1.0,Utility-Cost-Ratio,F1,0.9,0.8560089574521025,True,0.0,426792.0
CICIoT2023_R1,123,1.0,Utility-Cost-Ratio,F1,0.95,0.903565010643886,True,0.0,426792.0
CICIoT2023_R1,123,1.0,Utility-Cost-Ratio,PR_AUC,0.9,0.8942554249894124,True,0.0,426792.0
CICIoT2023_R1,123,1.0,Utility-Cost-Ratio,PR_AUC,0.95,0.9439362819332685,True,0.0,426792.0
CICIoT2023_R1,123,1.0,CB-Score,F1,0.9,0.8560089574521025,True,1.0,617064.0
CICIoT2023_R1,123,1.0,CB-Score,F1,0.95,0.903565010643886,True,1.0,617064.0
CICIoT2023_R1,123,1.0,CB-Score,PR_AUC,0.9,0.8942554249894124,True,0.0,332590.0
CICIoT2023_R1,123,1.0,CB-Score,PR_AUC,0.95,0.9439362819332685,True,0.0,332590.0
CICIoT2023_R1,123,1.0,Historical-DoubleCost,F1,0.9,0.8560089574521025,True,1.0,617064.0
CICIoT2023_R1,123,1.0,Historical-DoubleCost,F1,0.95,0.903565010643886,True,1.0,617064.0
CICIoT2023_R1,123,1.0,Historical-DoubleCost,PR_AUC,0.9,0.8942554249894124,True,0.0,332590.0
CICIoT2023_R1,123,1.0,Historical-DoubleCost,PR_AUC,0.95,0.9439362819332685,True,0.0,332590.0
CICIoT2023_R1,123,1.0,Oort-Style-Adapted,F1,0.9,0.8560089574521025,True,0.0,426792.0
CICIoT2023_R1,123,1.0,Oort-Style-Adapted,F1,0.95,0.903565010643886,True,0.0,426792.0
CICIoT2023_R1,123,1.0,Oort-Style-Adapted,PR_AUC,0.9,0.8942554249894124,True,0.0,426792.0
CICIoT2023_R1,123,1.0,Oort-Style-Adapted,PR_AUC,0.95,0.9439362819332685,True,0.0,426792.0
CICIoT2023_R1,123,1.0,Oracle-Score-Exact,F1,0.9,0.8560089574521025,True,1.0,617064.0
CICIoT2023_R1,123,1.0,Oracle-Score-Exact,F1,0.95,0.903565010643886,True,1.0,617064.0
CICIoT2023_R1,123,1.0,Oracle-Score-Exact,PR_AUC,0.9,0.8942554249894124,True,0.0,332590.0
CICIoT2023_R1,123,1.0,Oracle-Score-Exact,PR_AUC,0.95,0.9439362819332685,True,0.0,332590.0
CICIoT2023_R1,777,0.1,Full-Contextual,F1,0.9,0.8576689129157041,True,0.0,519846.0
CICIoT2023_R1,777,0.1,Full-Contextual,F1,0.95,0.9053171858554654,True,1.0,1036769.0
CICIoT2023_R1,777,0.1,Full-Contextual,PR_AUC,0.9,0.8940980828870453,True,1.0,1036769.0
CICIoT2023_R1,777,0.1,Full-Contextual,PR_AUC,0.95,0.9437701986029922,True,1.0,1036769.0
CICIoT2023_R1,777,0.1,Random-Budget,F1,0.9,0.8576689129157041,True,1.0,194251.0
CICIoT2023_R1,777,0.1,Random-Budget,F1,0.95,0.9053171858554654,True,2.0,290348.0
CICIoT2023_R1,777,0.1,Random-Budget,PR_AUC,0.9,0.8940980828870453,True,1.0,194251.0
CICIoT2023_R1,777,0.1,Random-Budget,PR_AUC,0.95,0.9437701986029922,True,1.0,194251.0
CICIoT2023_R1,777,0.1,Cost-Only,F1,0.9,0.8576689129157041,True,2.0,287701.0
CICIoT2023_R1,777,0.1,Cost-Only,F1,0.95,0.9053171858554654,False,,
CICIoT2023_R1,777,0.1,Cost-Only,PR_AUC,0.9,0.8940980828870453,True,2.0,287701.0
CICIoT2023_R1,777,0.1,Cost-Only,PR_AUC,0.95,0.9437701986029922,True,2.0,287701.0
CICIoT2023_R1,777,0.1,Utility-Only,F1,0.9,0.8576689129157041,True,2.0,290909.0
CICIoT2023_R1,777,0.1,Utility-Only,F1,0.95,0.9053171858554654,True,2.0,290909.0
CICIoT2023_R1,777,0.1,Utility-Only,PR_AUC,0.9,0.8940980828870453,True,1.0,194273.0
CICIoT2023_R1,777,0.1,Utility-Only,PR_AUC,0.95,0.9437701986029922,True,1.0,194273.0
CICIoT2023_R1,777,0.1,Utility-Cost-Ratio,F1,0.9,0.8576689129157041,True,2.0,290909.0
CICIoT2023_R1,777,0.1,Utility-Cost-Ratio,F1,0.95,0.9053171858554654,True,2.0,290909.0
CICIoT2023_R1,777,0.1,Utility-Cost-Ratio,PR_AUC,0.9,0.8940980828870453,True,1.0,194273.0
CICIoT2023_R1,777,0.1,Utility-Cost-Ratio,PR_AUC,0.95,0.9437701986029922,True,1.0,194273.0
CICIoT2023_R1,777,0.1,CB-Score,F1,0.9,0.8576689129157041,True,1.0,147809.0
CICIoT2023_R1,777,0.1,CB-Score,F1,0.95,0.9053171858554654,True,1.0,147809.0
CICIoT2023_R1,777,0.1,CB-Score,PR_AUC,0.9,0.8940980828870453,True,1.0,147809.0
CICIoT2023_R1,777,0.1,CB-Score,PR_AUC,0.95,0.9437701986029922,True,1.0,147809.0
CICIoT2023_R1,777,0.1,Historical-DoubleCost,F1,0.9,0.8576689129157041,True,1.0,147809.0
CICIoT2023_R1,777,0.1,Historical-DoubleCost,F1,0.95,0.9053171858554654,True,1.0,147809.0
CICIoT2023_R1,777,0.1,Historical-DoubleCost,PR_AUC,0.9,0.8940980828870453,True,1.0,147809.0
CICIoT2023_R1,777,0.1,Historical-DoubleCost,PR_AUC,0.95,0.9437701986029922,True,1.0,147809.0
CICIoT2023_R1,777,0.1,Oort-Style-Adapted,F1,0.9,0.8576689129157041,True,2.0,290909.0
CICIoT2023_R1,777,0.1,Oort-Style-Adapted,F1,0.95,0.9053171858554654,True,2.0,290909.0
CICIoT2023_R1,777,0.1,Oort-Style-Adapted,PR_AUC,0.9,0.8940980828870453,True,1.0,194273.0
CICIoT2023_R1,777,0.1,Oort-Style-Adapted,PR_AUC,0.95,0.9437701986029922,True,1.0,194273.0
CICIoT2023_R1,777,0.1,Oracle-Score-Exact,F1,0.9,0.8576689129157041,True,1.0,147809.0
CICIoT2023_R1,777,0.1,Oracle-Score-Exact,F1,0.95,0.9053171858554654,True,1.0,147809.0
CICIoT2023_R1,777,0.1,Oracle-Score-Exact,PR_AUC,0.9,0.8940980828870453,True,1.0,147809.0
CICIoT2023_R1,777,0.1,Oracle-Score-Exact,PR_AUC,0.95,0.9437701986029922,True,1.0,147809.0
CICIoT2023_R1,777,0.2,Full-Contextual,F1,0.9,0.8576689129157041,True,0.0,519846.0
CICIoT2023_R1,777,0.2,Full-Contextual,F1,0.95,0.9053171858554654,True,1.0,1036769.0
CICIoT2023_R1,777,0.2,Full-Contextual,PR_AUC,0.9,0.8940980828870453,True,1.0,1036769.0
CICIoT2023_R1,777,0.2,Full-Contextual,PR_AUC,0.95,0.9437701986029922,True,1.0,1036769.0
CICIoT2023_R1,777,0.2,Random-Budget,F1,0.9,0.8576689129157041,True,1.0,287982.0
CICIoT2023_R1,777,0.2,Random-Budget,F1,0.95,0.9053171858554654,True,1.0,287982.0
CICIoT2023_R1,777,0.2,Random-Budget,PR_AUC,0.9,0.8940980828870453,True,1.0,287982.0
CICIoT2023_R1,777,0.2,Random-Budget,PR_AUC,0.95,0.9437701986029922,True,1.0,287982.0
CICIoT2023_R1,777,0.2,Cost-Only,F1,0.9,0.8576689129157041,True,2.0,425232.0
CICIoT2023_R1,777,0.2,Cost-Only,F1,0.95,0.9053171858554654,True,4.0,695199.0
CICIoT2023_R1,777,0.2,Cost-Only,PR_AUC,0.9,0.8940980828870453,True,2.0,425232.0
CICIoT2023_R1,777,0.2,Cost-Only,PR_AUC,0.95,0.9437701986029922,True,4.0,695199.0
CICIoT2023_R1,777,0.2,Utility-Only,F1,0.9,0.8576689129157041,True,2.0,385396.0
CICIoT2023_R1,777,0.2,Utility-Only,F1,0.95,0.9053171858554654,True,2.0,385396.0
CICIoT2023_R1,777,0.2,Utility-Only,PR_AUC,0.9,0.8940980828870453,True,1.0,288141.0
CICIoT2023_R1,777,0.2,Utility-Only,PR_AUC,0.95,0.9437701986029922,True,1.0,288141.0
CICIoT2023_R1,777,0.2,Utility-Cost-Ratio,F1,0.9,0.8576689129157041,True,2.0,385396.0
CICIoT2023_R1,777,0.2,Utility-Cost-Ratio,F1,0.95,0.9053171858554654,True,2.0,385396.0
CICIoT2023_R1,777,0.2,Utility-Cost-Ratio,PR_AUC,0.9,0.8940980828870453,True,1.0,288141.0
CICIoT2023_R1,777,0.2,Utility-Cost-Ratio,PR_AUC,0.95,0.9437701986029922,True,1.0,288141.0
CICIoT2023_R1,777,0.2,CB-Score,F1,0.9,0.8576689129157041,True,1.0,241687.0
CICIoT2023_R1,777,0.2,CB-Score,F1,0.95,0.9053171858554654,True,1.0,241687.0
CICIoT2023_R1,777,0.2,CB-Score,PR_AUC,0.9,0.8940980828870453,True,0.0,97599.0
CICIoT2023_R1,777,0.2,CB-Score,PR_AUC,0.95,0.9437701986029922,True,0.0,97599.0
CICIoT2023_R1,777,0.2,Historical-DoubleCost,F1,0.9,0.8576689129157041,True,1.0,241687.0
CICIoT2023_R1,777,0.2,Historical-DoubleCost,F1,0.95,0.9053171858554654,True,1.0,241687.0
CICIoT2023_R1,777,0.2,Historical-DoubleCost,PR_AUC,0.9,0.8940980828870453,True,0.0,97599.0
CICIoT2023_R1,777,0.2,Historical-DoubleCost,PR_AUC,0.95,0.9437701986029922,True,0.0,97599.0
CICIoT2023_R1,777,0.2,Oort-Style-Adapted,F1,0.9,0.8576689129157041,True,2.0,431845.0
CICIoT2023_R1,777,0.2,Oort-Style-Adapted,F1,0.95,0.9053171858554654,True,2.0,431845.0
CICIoT2023_R1,777,0.2,Oort-Style-Adapted,PR_AUC,0.9,0.8940980828870453,True,1.0,288147.0
CICIoT2023_R1,777,0.2,Oort-Style-Adapted,PR_AUC,0.95,0.9437701986029922,True,1.0,288147.0
CICIoT2023_R1,777,0.2,Oracle-Score-Exact,F1,0.9,0.8576689129157041,True,1.0,241687.0
CICIoT2023_R1,777,0.2,Oracle-Score-Exact,F1,0.95,0.9053171858554654,True,1.0,241687.0
CICIoT2023_R1,777,0.2,Oracle-Score-Exact,PR_AUC,0.9,0.8940980828870453,True,0.0,97599.0
CICIoT2023_R1,777,0.2,Oracle-Score-Exact,PR_AUC,0.95,0.9437701986029922,True,0.0,97599.0
CICIoT2023_R1,777,0.4,Full-Contextual,F1,0.9,0.8576689129157041,True,0.0,519846.0
CICIoT2023_R1,777,0.4,Full-Contextual,F1,0.95,0.9053171858554654,True,1.0,1036769.0
CICIoT2023_R1,777,0.4,Full-Contextual,PR_AUC,0.9,0.8940980828870453,True,1.0,1036769.0
CICIoT2023_R1,777,0.4,Full-Contextual,PR_AUC,0.95,0.9437701986029922,True,1.0,1036769.0
CICIoT2023_R1,777,0.4,Random-Budget,F1,0.9,0.8576689129157041,True,1.0,475719.0
CICIoT2023_R1,777,0.4,Random-Budget,F1,0.95,0.9053171858554654,True,1.0,475719.0
CICIoT2023_R1,777,0.4,Random-Budget,PR_AUC,0.9,0.8940980828870453,True,1.0,475719.0
CICIoT2023_R1,777,0.4,Random-Budget,PR_AUC,0.95,0.9437701986029922,True,1.0,475719.0
CICIoT2023_R1,777,0.4,Cost-Only,F1,0.9,0.8576689129157041,True,1.0,475407.0
CICIoT2023_R1,777,0.4,Cost-Only,F1,0.95,0.9053171858554654,True,1.0,475407.0
CICIoT2023_R1,777,0.4,Cost-Only,PR_AUC,0.9,0.8940980828870453,True,1.0,475407.0
CICIoT2023_R1,777,0.4,Cost-Only,PR_AUC,0.95,0.9437701986029922,True,1.0,475407.0
CICIoT2023_R1,777,0.4,Utility-Only,F1,0.9,0.8576689129157041,True,1.0,475778.0
CICIoT2023_R1,777,0.4,Utility-Only,F1,0.95,0.9053171858554654,True,2.0,712882.0
CICIoT2023_R1,777,0.4,Utility-Only,PR_AUC,0.9,0.8940980828870453,True,1.0,475778.0
CICIoT2023_R1,777,0.4,Utility-Only,PR_AUC,0.95,0.9437701986029922,True,1.0,475778.0
CICIoT2023_R1,777,0.4,Utility-Cost-Ratio,F1,0.9,0.8576689129157041,True,1.0,475778.0
CICIoT2023_R1,777,0.4,Utility-Cost-Ratio,F1,0.95,0.9053171858554654,True,2.0,712882.0
CICIoT2023_R1,777,0.4,Utility-Cost-Ratio,PR_AUC,0.9,0.8940980828870453,True,1.0,475778.0
CICIoT2023_R1,777,0.4,Utility-Cost-Ratio,PR_AUC,0.95,0.9437701986029922,True,1.0,475778.0
CICIoT2023_R1,777,0.4,CB-Score,F1,0.9,0.8576689129157041,True,0.0,191666.0
CICIoT2023_R1,777,0.4,CB-Score,F1,0.95,0.9053171858554654,True,0.0,191666.0
CICIoT2023_R1,777,0.4,CB-Score,PR_AUC,0.9,0.8940980828870453,True,0.0,191666.0
CICIoT2023_R1,777,0.4,CB-Score,PR_AUC,0.95,0.9437701986029922,True,0.0,191666.0
CICIoT2023_R1,777,0.4,Historical-DoubleCost,F1,0.9,0.8576689129157041,True,0.0,191666.0
CICIoT2023_R1,777,0.4,Historical-DoubleCost,F1,0.95,0.9053171858554654,True,0.0,191666.0
CICIoT2023_R1,777,0.4,Historical-DoubleCost,PR_AUC,0.9,0.8940980828870453,True,0.0,191666.0
CICIoT2023_R1,777,0.4,Historical-DoubleCost,PR_AUC,0.95,0.9437701986029922,True,0.0,191666.0
CICIoT2023_R1,777,0.4,Oort-Style-Adapted,F1,0.9,0.8576689129157041,True,1.0,475833.0
CICIoT2023_R1,777,0.4,Oort-Style-Adapted,F1,0.95,0.9053171858554654,True,2.0,712882.0
CICIoT2023_R1,777,0.4,Oort-Style-Adapted,PR_AUC,0.9,0.8940980828870453,True,1.0,475833.0
CICIoT2023_R1,777,0.4,Oort-Style-Adapted,PR_AUC,0.95,0.9437701986029922,True,1.0,475833.0
CICIoT2023_R1,777,0.4,Oracle-Score-Exact,F1,0.9,0.8576689129157041,True,0.0,191666.0
CICIoT2023_R1,777,0.4,Oracle-Score-Exact,F1,0.95,0.9053171858554654,True,0.0,191666.0
CICIoT2023_R1,777,0.4,Oracle-Score-Exact,PR_AUC,0.9,0.8940980828870453,True,0.0,191666.0
CICIoT2023_R1,777,0.4,Oracle-Score-Exact,PR_AUC,0.95,0.9437701986029922,True,0.0,191666.0
CICIoT2023_R1,777,0.6,Full-Contextual,F1,0.9,0.8576689129157041,True,0.0,519846.0
CICIoT2023_R1,777,0.6,Full-Contextual,F1,0.95,0.9053171858554654,True,1.0,1036769.0
CICIoT2023_R1,777,0.6,Full-Contextual,PR_AUC,0.9,0.8940980828870453,True,1.0,1036769.0
CICIoT2023_R1,777,0.6,Full-Contextual,PR_AUC,0.95,0.9437701986029922,True,1.0,1036769.0
CICIoT2023_R1,777,0.6,Random-Budget,F1,0.9,0.8576689129157041,True,1.0,663321.0
CICIoT2023_R1,777,0.6,Random-Budget,F1,0.95,0.9053171858554654,True,1.0,663321.0
CICIoT2023_R1,777,0.6,Random-Budget,PR_AUC,0.9,0.8940980828870453,True,1.0,663321.0
CICIoT2023_R1,777,0.6,Random-Budget,PR_AUC,0.95,0.9437701986029922,True,1.0,663321.0
CICIoT2023_R1,777,0.6,Cost-Only,F1,0.9,0.8576689129157041,True,1.0,663186.0
CICIoT2023_R1,777,0.6,Cost-Only,F1,0.95,0.9053171858554654,True,1.0,663186.0
CICIoT2023_R1,777,0.6,Cost-Only,PR_AUC,0.9,0.8940980828870453,True,1.0,663186.0
CICIoT2023_R1,777,0.6,Cost-Only,PR_AUC,0.95,0.9437701986029922,True,1.0,663186.0
CICIoT2023_R1,777,0.6,Utility-Only,F1,0.9,0.8576689129157041,True,0.0,332538.0
CICIoT2023_R1,777,0.6,Utility-Only,F1,0.95,0.9053171858554654,True,1.0,663456.0
CICIoT2023_R1,777,0.6,Utility-Only,PR_AUC,0.9,0.8940980828870453,True,1.0,663456.0
CICIoT2023_R1,777,0.6,Utility-Only,PR_AUC,0.95,0.9437701986029922,True,1.0,663456.0
CICIoT2023_R1,777,0.6,Utility-Cost-Ratio,F1,0.9,0.8576689129157041,True,0.0,332538.0
CICIoT2023_R1,777,0.6,Utility-Cost-Ratio,F1,0.95,0.9053171858554654,True,1.0,663456.0
CICIoT2023_R1,777,0.6,Utility-Cost-Ratio,PR_AUC,0.9,0.8940980828870453,True,1.0,663456.0
CICIoT2023_R1,777,0.6,Utility-Cost-Ratio,PR_AUC,0.95,0.9437701986029922,True,1.0,663456.0
CICIoT2023_R1,777,0.6,CB-Score,F1,0.9,0.8576689129157041,True,0.0,285816.0
CICIoT2023_R1,777,0.6,CB-Score,F1,0.95,0.9053171858554654,True,0.0,285816.0
CICIoT2023_R1,777,0.6,CB-Score,PR_AUC,0.9,0.8940980828870453,True,0.0,285816.0
CICIoT2023_R1,777,0.6,CB-Score,PR_AUC,0.95,0.9437701986029922,True,0.0,285816.0
CICIoT2023_R1,777,0.6,Historical-DoubleCost,F1,0.9,0.8576689129157041,True,0.0,285816.0
CICIoT2023_R1,777,0.6,Historical-DoubleCost,F1,0.95,0.9053171858554654,True,0.0,285816.0
CICIoT2023_R1,777,0.6,Historical-DoubleCost,PR_AUC,0.9,0.8940980828870453,True,0.0,285816.0
CICIoT2023_R1,777,0.6,Historical-DoubleCost,PR_AUC,0.95,0.9437701986029922,True,0.0,285816.0
CICIoT2023_R1,777,0.6,Oort-Style-Adapted,F1,0.9,0.8576689129157041,True,0.0,332479.0
CICIoT2023_R1,777,0.6,Oort-Style-Adapted,F1,0.95,0.9053171858554654,True,1.0,663311.0
CICIoT2023_R1,777,0.6,Oort-Style-Adapted,PR_AUC,0.9,0.8940980828870453,True,1.0,663311.0
CICIoT2023_R1,777,0.6,Oort-Style-Adapted,PR_AUC,0.95,0.9437701986029922,True,1.0,663311.0
CICIoT2023_R1,777,0.6,Oracle-Score-Exact,F1,0.9,0.8576689129157041,True,0.0,285816.0
CICIoT2023_R1,777,0.6,Oracle-Score-Exact,F1,0.95,0.9053171858554654,True,0.0,285816.0
CICIoT2023_R1,777,0.6,Oracle-Score-Exact,PR_AUC,0.9,0.8940980828870453,True,0.0,285816.0
CICIoT2023_R1,777,0.6,Oracle-Score-Exact,PR_AUC,0.95,0.9437701986029922,True,0.0,285816.0
CICIoT2023_R1,777,0.8,Full-Contextual,F1,0.9,0.8576689129157041,True,0.0,519846.0
CICIoT2023_R1,777,0.8,Full-Contextual,F1,0.95,0.9053171858554654,True,1.0,1036769.0
CICIoT2023_R1,777,0.8,Full-Contextual,PR_AUC,0.9,0.8940980828870453,True,1.0,1036769.0
CICIoT2023_R1,777,0.8,Full-Contextual,PR_AUC,0.95,0.9437701986029922,True,1.0,1036769.0
CICIoT2023_R1,777,0.8,Random-Budget,F1,0.9,0.8576689129157041,True,0.0,426506.0
CICIoT2023_R1,777,0.8,Random-Budget,F1,0.95,0.9053171858554654,True,1.0,850794.0
CICIoT2023_R1,777,0.8,Random-Budget,PR_AUC,0.9,0.8940980828870453,True,1.0,850794.0
CICIoT2023_R1,777,0.8,Random-Budget,PR_AUC,0.95,0.9437701986029922,True,1.0,850794.0
CICIoT2023_R1,777,0.8,Cost-Only,F1,0.9,0.8576689129157041,True,0.0,426530.0
CICIoT2023_R1,777,0.8,Cost-Only,F1,0.95,0.9053171858554654,True,1.0,850800.0
CICIoT2023_R1,777,0.8,Cost-Only,PR_AUC,0.9,0.8940980828870453,True,1.0,850800.0
CICIoT2023_R1,777,0.8,Cost-Only,PR_AUC,0.95,0.9437701986029922,True,1.0,850800.0
CICIoT2023_R1,777,0.8,Utility-Only,F1,0.9,0.8576689129157041,True,0.0,426634.0
CICIoT2023_R1,777,0.8,Utility-Only,F1,0.95,0.9053171858554654,True,1.0,850989.0
CICIoT2023_R1,777,0.8,Utility-Only,PR_AUC,0.9,0.8940980828870453,True,1.0,850989.0
CICIoT2023_R1,777,0.8,Utility-Only,PR_AUC,0.95,0.9437701986029922,True,1.0,850989.0
CICIoT2023_R1,777,0.8,Utility-Cost-Ratio,F1,0.9,0.8576689129157041,True,0.0,426634.0
CICIoT2023_R1,777,0.8,Utility-Cost-Ratio,F1,0.95,0.9053171858554654,True,1.0,850989.0
CICIoT2023_R1,777,0.8,Utility-Cost-Ratio,PR_AUC,0.9,0.8940980828870453,True,1.0,850989.0
CICIoT2023_R1,777,0.8,Utility-Cost-Ratio,PR_AUC,0.95,0.9437701986029922,True,1.0,850989.0
CICIoT2023_R1,777,0.8,CB-Score,F1,0.9,0.8576689129157041,True,0.0,379898.0
CICIoT2023_R1,777,0.8,CB-Score,F1,0.95,0.9053171858554654,True,0.0,379898.0
CICIoT2023_R1,777,0.8,CB-Score,PR_AUC,0.9,0.8940980828870453,True,0.0,379898.0
CICIoT2023_R1,777,0.8,CB-Score,PR_AUC,0.95,0.9437701986029922,True,0.0,379898.0
CICIoT2023_R1,777,0.8,Historical-DoubleCost,F1,0.9,0.8576689129157041,True,0.0,379898.0
CICIoT2023_R1,777,0.8,Historical-DoubleCost,F1,0.95,0.9053171858554654,True,0.0,379898.0
CICIoT2023_R1,777,0.8,Historical-DoubleCost,PR_AUC,0.9,0.8940980828870453,True,0.0,379898.0
CICIoT2023_R1,777,0.8,Historical-DoubleCost,PR_AUC,0.95,0.9437701986029922,True,0.0,379898.0
CICIoT2023_R1,777,0.8,Oort-Style-Adapted,F1,0.9,0.8576689129157041,True,0.0,426590.0
CICIoT2023_R1,777,0.8,Oort-Style-Adapted,F1,0.95,0.9053171858554654,True,1.0,851101.0
CICIoT2023_R1,777,0.8,Oort-Style-Adapted,PR_AUC,0.9,0.8940980828870453,True,1.0,851101.0
CICIoT2023_R1,777,0.8,Oort-Style-Adapted,PR_AUC,0.95,0.9437701986029922,True,1.0,851101.0
CICIoT2023_R1,777,0.8,Oracle-Score-Exact,F1,0.9,0.8576689129157041,True,0.0,379898.0
CICIoT2023_R1,777,0.8,Oracle-Score-Exact,F1,0.95,0.9053171858554654,True,0.0,379898.0
CICIoT2023_R1,777,0.8,Oracle-Score-Exact,PR_AUC,0.9,0.8940980828870453,True,0.0,379898.0
CICIoT2023_R1,777,0.8,Oracle-Score-Exact,PR_AUC,0.95,0.9437701986029922,True,0.0,379898.0
CICIoT2023_R1,777,1.0,Full-Contextual,F1,0.9,0.8576689129157041,True,0.0,519846.0
CICIoT2023_R1,777,1.0,Full-Contextual,F1,0.95,0.9053171858554654,True,1.0,1036769.0
CICIoT2023_R1,777,1.0,Full-Contextual,PR_AUC,0.9,0.8940980828870453,True,1.0,1036769.0
CICIoT2023_R1,777,1.0,Full-Contextual,PR_AUC,0.95,0.9437701986029922,True,1.0,1036769.0
CICIoT2023_R1,777,1.0,Random-Budget,F1,0.9,0.8576689129157041,True,0.0,520616.0
CICIoT2023_R1,777,1.0,Random-Budget,F1,0.95,0.9053171858554654,True,1.0,1038309.0
CICIoT2023_R1,777,1.0,Random-Budget,PR_AUC,0.9,0.8940980828870453,True,1.0,1038309.0
CICIoT2023_R1,777,1.0,Random-Budget,PR_AUC,0.95,0.9437701986029922,True,1.0,1038309.0
CICIoT2023_R1,777,1.0,Cost-Only,F1,0.9,0.8576689129157041,True,0.0,520696.0
CICIoT2023_R1,777,1.0,Cost-Only,F1,0.95,0.9053171858554654,True,1.0,1038469.0
CICIoT2023_R1,777,1.0,Cost-Only,PR_AUC,0.9,0.8940980828870453,True,1.0,1038469.0
CICIoT2023_R1,777,1.0,Cost-Only,PR_AUC,0.95,0.9437701986029922,True,1.0,1038469.0
CICIoT2023_R1,777,1.0,Utility-Only,F1,0.9,0.8576689129157041,True,0.0,520696.0
CICIoT2023_R1,777,1.0,Utility-Only,F1,0.95,0.9053171858554654,True,1.0,944969.0
CICIoT2023_R1,777,1.0,Utility-Only,PR_AUC,0.9,0.8940980828870453,True,1.0,944969.0
CICIoT2023_R1,777,1.0,Utility-Only,PR_AUC,0.95,0.9437701986029922,True,1.0,944969.0
CICIoT2023_R1,777,1.0,Utility-Cost-Ratio,F1,0.9,0.8576689129157041,True,0.0,520696.0
CICIoT2023_R1,777,1.0,Utility-Cost-Ratio,F1,0.95,0.9053171858554654,True,1.0,944969.0
CICIoT2023_R1,777,1.0,Utility-Cost-Ratio,PR_AUC,0.9,0.8940980828870453,True,1.0,944969.0
CICIoT2023_R1,777,1.0,Utility-Cost-Ratio,PR_AUC,0.95,0.9437701986029922,True,1.0,944969.0
CICIoT2023_R1,777,1.0,CB-Score,F1,0.9,0.8576689129157041,True,0.0,473966.0
CICIoT2023_R1,777,1.0,CB-Score,F1,0.95,0.9053171858554654,True,0.0,473966.0
CICIoT2023_R1,777,1.0,CB-Score,PR_AUC,0.9,0.8940980828870453,True,0.0,473966.0
CICIoT2023_R1,777,1.0,CB-Score,PR_AUC,0.95,0.9437701986029922,True,0.0,473966.0
CICIoT2023_R1,777,1.0,Historical-DoubleCost,F1,0.9,0.8576689129157041,True,0.0,473966.0
CICIoT2023_R1,777,1.0,Historical-DoubleCost,F1,0.95,0.9053171858554654,True,0.0,473966.0
CICIoT2023_R1,777,1.0,Historical-DoubleCost,PR_AUC,0.9,0.8940980828870453,True,0.0,473966.0
CICIoT2023_R1,777,1.0,Historical-DoubleCost,PR_AUC,0.95,0.9437701986029922,True,0.0,473966.0
CICIoT2023_R1,777,1.0,Oort-Style-Adapted,F1,0.9,0.8576689129157041,True,0.0,520696.0
CICIoT2023_R1,777,1.0,Oort-Style-Adapted,F1,0.95,0.9053171858554654,True,1.0,944969.0
CICIoT2023_R1,777,1.0,Oort-Style-Adapted,PR_AUC,0.9,0.8940980828870453,True,1.0,944969.0
CICIoT2023_R1,777,1.0,Oort-Style-Adapted,PR_AUC,0.95,0.9437701986029922,True,1.0,944969.0
CICIoT2023_R1,777,1.0,Oracle-Score-Exact,F1,0.9,0.8576689129157041,True,0.0,473966.0
CICIoT2023_R1,777,1.0,Oracle-Score-Exact,F1,0.95,0.9053171858554654,True,0.0,473966.0
CICIoT2023_R1,777,1.0,Oracle-Score-Exact,PR_AUC,0.9,0.8940980828870453,True,0.0,473966.0
CICIoT2023_R1,777,1.0,Oracle-Score-Exact,PR_AUC,0.95,0.9437701986029922,True,0.0,473966.0
CICIoT2023_R1,2026,0.1,Full-Contextual,F1,0.9,0.8490133512469562,True,0.0,519821.0
CICIoT2023_R1,2026,0.1,Full-Contextual,F1,0.95,0.8961807596495649,True,0.0,519821.0
CICIoT2023_R1,2026,0.1,Full-Contextual,PR_AUC,0.9,0.8946810230345424,True,0.0,519821.0
CICIoT2023_R1,2026,0.1,Full-Contextual,PR_AUC,0.95,0.9443855243142392,True,0.0,519821.0
CICIoT2023_R1,2026,0.1,Random-Budget,F1,0.9,0.8490133512469562,True,0.0,97457.0
CICIoT2023_R1,2026,0.1,Random-Budget,F1,0.95,0.8961807596495649,True,0.0,97457.0
CICIoT2023_R1,2026,0.1,Random-Budget,PR_AUC,0.9,0.8946810230345424,True,0.0,97457.0
CICIoT2023_R1,2026,0.1,Random-Budget,PR_AUC,0.95,0.9443855243142392,True,0.0,97457.0
CICIoT2023_R1,2026,0.1,Cost-Only,F1,0.9,0.8490133512469562,True,1.0,194747.0
CICIoT2023_R1,2026,0.1,Cost-Only,F1,0.95,0.8961807596495649,True,1.0,194747.0
CICIoT2023_R1,2026,0.1,Cost-Only,PR_AUC,0.9,0.8946810230345424,True,0.0,97412.0
CICIoT2023_R1,2026,0.1,Cost-Only,PR_AUC,0.95,0.9443855243142392,True,0.0,97412.0
CICIoT2023_R1,2026,0.1,Utility-Only,F1,0.9,0.8490133512469562,True,0.0,97544.0
CICIoT2023_R1,2026,0.1,Utility-Only,F1,0.95,0.8961807596495649,True,0.0,97544.0
CICIoT2023_R1,2026,0.1,Utility-Only,PR_AUC,0.9,0.8946810230345424,True,0.0,97544.0
CICIoT2023_R1,2026,0.1,Utility-Only,PR_AUC,0.95,0.9443855243142392,True,0.0,97544.0
CICIoT2023_R1,2026,0.1,Utility-Cost-Ratio,F1,0.9,0.8490133512469562,True,0.0,97544.0
CICIoT2023_R1,2026,0.1,Utility-Cost-Ratio,F1,0.95,0.8961807596495649,True,0.0,97544.0
CICIoT2023_R1,2026,0.1,Utility-Cost-Ratio,PR_AUC,0.9,0.8946810230345424,True,0.0,97544.0
CICIoT2023_R1,2026,0.1,Utility-Cost-Ratio,PR_AUC,0.95,0.9443855243142392,True,0.0,97544.0
CICIoT2023_R1,2026,0.1,CB-Score,F1,0.9,0.8490133512469562,True,0.0,97544.0
CICIoT2023_R1,2026,0.1,CB-Score,F1,0.95,0.8961807596495649,True,0.0,97544.0
CICIoT2023_R1,2026,0.1,CB-Score,PR_AUC,0.9,0.8946810230345424,True,0.0,97544.0
CICIoT2023_R1,2026,0.1,CB-Score,PR_AUC,0.95,0.9443855243142392,True,0.0,97544.0
CICIoT2023_R1,2026,0.1,Historical-DoubleCost,F1,0.9,0.8490133512469562,True,0.0,97544.0
CICIoT2023_R1,2026,0.1,Historical-DoubleCost,F1,0.95,0.8961807596495649,True,0.0,97544.0
CICIoT2023_R1,2026,0.1,Historical-DoubleCost,PR_AUC,0.9,0.8946810230345424,True,0.0,97544.0
CICIoT2023_R1,2026,0.1,Historical-DoubleCost,PR_AUC,0.95,0.9443855243142392,True,0.0,97544.0
CICIoT2023_R1,2026,0.1,Oort-Style-Adapted,F1,0.9,0.8490133512469562,True,0.0,97544.0
CICIoT2023_R1,2026,0.1,Oort-Style-Adapted,F1,0.95,0.8961807596495649,True,0.0,97544.0
CICIoT2023_R1,2026,0.1,Oort-Style-Adapted,PR_AUC,0.9,0.8946810230345424,True,0.0,97544.0
CICIoT2023_R1,2026,0.1,Oort-Style-Adapted,PR_AUC,0.95,0.9443855243142392,True,0.0,97544.0
CICIoT2023_R1,2026,0.1,Oracle-Score-Exact,F1,0.9,0.8490133512469562,True,0.0,97544.0
CICIoT2023_R1,2026,0.1,Oracle-Score-Exact,F1,0.95,0.8961807596495649,True,0.0,97544.0
CICIoT2023_R1,2026,0.1,Oracle-Score-Exact,PR_AUC,0.9,0.8946810230345424,True,0.0,97544.0
CICIoT2023_R1,2026,0.1,Oracle-Score-Exact,PR_AUC,0.95,0.9443855243142392,True,0.0,97544.0
CICIoT2023_R1,2026,0.2,Full-Contextual,F1,0.9,0.8490133512469562,True,0.0,519821.0
CICIoT2023_R1,2026,0.2,Full-Contextual,F1,0.95,0.8961807596495649,True,0.0,519821.0
CICIoT2023_R1,2026,0.2,Full-Contextual,PR_AUC,0.9,0.8946810230345424,True,0.0,519821.0
CICIoT2023_R1,2026,0.2,Full-Contextual,PR_AUC,0.95,0.9443855243142392,True,0.0,519821.0
CICIoT2023_R1,2026,0.2,Random-Budget,F1,0.9,0.8490133512469562,True,0.0,144472.0
CICIoT2023_R1,2026,0.2,Random-Budget,F1,0.95,0.8961807596495649,True,0.0,144472.0
CICIoT2023_R1,2026,0.2,Random-Budget,PR_AUC,0.9,0.8946810230345424,True,0.0,144472.0
CICIoT2023_R1,2026,0.2,Random-Budget,PR_AUC,0.95,0.9443855243142392,True,0.0,144472.0
CICIoT2023_R1,2026,0.2,Cost-Only,F1,0.9,0.8490133512469562,True,1.0,288588.0
CICIoT2023_R1,2026,0.2,Cost-Only,F1,0.95,0.8961807596495649,True,3.0,572524.0
CICIoT2023_R1,2026,0.2,Cost-Only,PR_AUC,0.9,0.8946810230345424,True,0.0,144403.0
CICIoT2023_R1,2026,0.2,Cost-Only,PR_AUC,0.95,0.9443855243142392,True,0.0,144403.0
CICIoT2023_R1,2026,0.2,Utility-Only,F1,0.9,0.8490133512469562,True,0.0,144569.0
CICIoT2023_R1,2026,0.2,Utility-Only,F1,0.95,0.8961807596495649,True,0.0,144569.0
CICIoT2023_R1,2026,0.2,Utility-Only,PR_AUC,0.9,0.8946810230345424,True,0.0,144569.0
CICIoT2023_R1,2026,0.2,Utility-Only,PR_AUC,0.95,0.9443855243142392,True,0.0,144569.0
CICIoT2023_R1,2026,0.2,Utility-Cost-Ratio,F1,0.9,0.8490133512469562,True,0.0,144569.0
CICIoT2023_R1,2026,0.2,Utility-Cost-Ratio,F1,0.95,0.8961807596495649,True,0.0,144569.0
CICIoT2023_R1,2026,0.2,Utility-Cost-Ratio,PR_AUC,0.9,0.8946810230345424,True,0.0,144569.0
CICIoT2023_R1,2026,0.2,Utility-Cost-Ratio,PR_AUC,0.95,0.9443855243142392,True,0.0,144569.0
CICIoT2023_R1,2026,0.2,CB-Score,F1,0.9,0.8490133512469562,True,0.0,144569.0
CICIoT2023_R1,2026,0.2,CB-Score,F1,0.95,0.8961807596495649,True,0.0,144569.0
CICIoT2023_R1,2026,0.2,CB-Score,PR_AUC,0.9,0.8946810230345424,True,0.0,144569.0
CICIoT2023_R1,2026,0.2,CB-Score,PR_AUC,0.95,0.9443855243142392,True,0.0,144569.0
CICIoT2023_R1,2026,0.2,Historical-DoubleCost,F1,0.9,0.8490133512469562,True,0.0,144569.0
CICIoT2023_R1,2026,0.2,Historical-DoubleCost,F1,0.95,0.8961807596495649,True,0.0,144569.0
CICIoT2023_R1,2026,0.2,Historical-DoubleCost,PR_AUC,0.9,0.8946810230345424,True,0.0,144569.0
CICIoT2023_R1,2026,0.2,Historical-DoubleCost,PR_AUC,0.95,0.9443855243142392,True,0.0,144569.0
CICIoT2023_R1,2026,0.2,Oort-Style-Adapted,F1,0.9,0.8490133512469562,True,0.0,144552.0
CICIoT2023_R1,2026,0.2,Oort-Style-Adapted,F1,0.95,0.8961807596495649,True,0.0,144552.0
CICIoT2023_R1,2026,0.2,Oort-Style-Adapted,PR_AUC,0.9,0.8946810230345424,True,0.0,144552.0
CICIoT2023_R1,2026,0.2,Oort-Style-Adapted,PR_AUC,0.95,0.9443855243142392,True,0.0,144552.0
CICIoT2023_R1,2026,0.2,Oracle-Score-Exact,F1,0.9,0.8490133512469562,True,0.0,144569.0
CICIoT2023_R1,2026,0.2,Oracle-Score-Exact,F1,0.95,0.8961807596495649,True,0.0,144569.0
CICIoT2023_R1,2026,0.2,Oracle-Score-Exact,PR_AUC,0.9,0.8946810230345424,True,0.0,144569.0
CICIoT2023_R1,2026,0.2,Oracle-Score-Exact,PR_AUC,0.95,0.9443855243142392,True,0.0,144569.0
CICIoT2023_R1,2026,0.4,Full-Contextual,F1,0.9,0.8490133512469562,True,0.0,519821.0
CICIoT2023_R1,2026,0.4,Full-Contextual,F1,0.95,0.8961807596495649,True,0.0,519821.0
CICIoT2023_R1,2026,0.4,Full-Contextual,PR_AUC,0.9,0.8946810230345424,True,0.0,519821.0
CICIoT2023_R1,2026,0.4,Full-Contextual,PR_AUC,0.95,0.9443855243142392,True,0.0,519821.0
CICIoT2023_R1,2026,0.4,Random-Budget,F1,0.9,0.8490133512469562,True,0.0,238367.0
CICIoT2023_R1,2026,0.4,Random-Budget,F1,0.95,0.8961807596495649,True,0.0,238367.0
CICIoT2023_R1,2026,0.4,Random-Budget,PR_AUC,0.9,0.8946810230345424,True,0.0,238367.0
CICIoT2023_R1,2026,0.4,Random-Budget,PR_AUC,0.95,0.9443855243142392,True,0.0,238367.0
CICIoT2023_R1,2026,0.4,Cost-Only,F1,0.9,0.8490133512469562,True,1.0,475300.0
CICIoT2023_R1,2026,0.4,Cost-Only,F1,0.95,0.8961807596495649,True,1.0,475300.0
CICIoT2023_R1,2026,0.4,Cost-Only,PR_AUC,0.9,0.8946810230345424,True,0.0,238404.0
CICIoT2023_R1,2026,0.4,Cost-Only,PR_AUC,0.95,0.9443855243142392,True,0.0,238404.0
CICIoT2023_R1,2026,0.4,Utility-Only,F1,0.9,0.8490133512469562,True,0.0,238622.0
CICIoT2023_R1,2026,0.4,Utility-Only,F1,0.95,0.8961807596495649,True,0.0,238622.0
CICIoT2023_R1,2026,0.4,Utility-Only,PR_AUC,0.9,0.8946810230345424,True,0.0,238622.0
CICIoT2023_R1,2026,0.4,Utility-Only,PR_AUC,0.95,0.9443855243142392,True,0.0,238622.0
CICIoT2023_R1,2026,0.4,Utility-Cost-Ratio,F1,0.9,0.8490133512469562,True,0.0,238622.0
CICIoT2023_R1,2026,0.4,Utility-Cost-Ratio,F1,0.95,0.8961807596495649,True,0.0,238622.0
CICIoT2023_R1,2026,0.4,Utility-Cost-Ratio,PR_AUC,0.9,0.8946810230345424,True,0.0,238622.0
CICIoT2023_R1,2026,0.4,Utility-Cost-Ratio,PR_AUC,0.95,0.9443855243142392,True,0.0,238622.0
CICIoT2023_R1,2026,0.4,CB-Score,F1,0.9,0.8490133512469562,True,0.0,238622.0
CICIoT2023_R1,2026,0.4,CB-Score,F1,0.95,0.8961807596495649,True,0.0,238622.0
CICIoT2023_R1,2026,0.4,CB-Score,PR_AUC,0.9,0.8946810230345424,True,0.0,238622.0
CICIoT2023_R1,2026,0.4,CB-Score,PR_AUC,0.95,0.9443855243142392,True,0.0,238622.0
CICIoT2023_R1,2026,0.4,Historical-DoubleCost,F1,0.9,0.8490133512469562,True,0.0,238622.0
CICIoT2023_R1,2026,0.4,Historical-DoubleCost,F1,0.95,0.8961807596495649,True,0.0,238622.0
CICIoT2023_R1,2026,0.4,Historical-DoubleCost,PR_AUC,0.9,0.8946810230345424,True,0.0,238622.0
CICIoT2023_R1,2026,0.4,Historical-DoubleCost,PR_AUC,0.95,0.9443855243142392,True,0.0,238622.0
CICIoT2023_R1,2026,0.4,Oort-Style-Adapted,F1,0.9,0.8490133512469562,True,0.0,238516.0
CICIoT2023_R1,2026,0.4,Oort-Style-Adapted,F1,0.95,0.8961807596495649,True,0.0,238516.0
CICIoT2023_R1,2026,0.4,Oort-Style-Adapted,PR_AUC,0.9,0.8946810230345424,True,0.0,238516.0
CICIoT2023_R1,2026,0.4,Oort-Style-Adapted,PR_AUC,0.95,0.9443855243142392,True,0.0,238516.0
CICIoT2023_R1,2026,0.4,Oracle-Score-Exact,F1,0.9,0.8490133512469562,True,0.0,238622.0
CICIoT2023_R1,2026,0.4,Oracle-Score-Exact,F1,0.95,0.8961807596495649,True,0.0,238622.0
CICIoT2023_R1,2026,0.4,Oracle-Score-Exact,PR_AUC,0.9,0.8946810230345424,True,0.0,238622.0
CICIoT2023_R1,2026,0.4,Oracle-Score-Exact,PR_AUC,0.95,0.9443855243142392,True,0.0,238622.0
CICIoT2023_R1,2026,0.6,Full-Contextual,F1,0.9,0.8490133512469562,True,0.0,519821.0
CICIoT2023_R1,2026,0.6,Full-Contextual,F1,0.95,0.8961807596495649,True,0.0,519821.0
CICIoT2023_R1,2026,0.6,Full-Contextual,PR_AUC,0.9,0.8946810230345424,True,0.0,519821.0
CICIoT2023_R1,2026,0.6,Full-Contextual,PR_AUC,0.95,0.9443855243142392,True,0.0,519821.0
CICIoT2023_R1,2026,0.6,Random-Budget,F1,0.9,0.8490133512469562,True,0.0,332324.0
CICIoT2023_R1,2026,0.6,Random-Budget,F1,0.95,0.8961807596495649,True,0.0,332324.0
CICIoT2023_R1,2026,0.6,Random-Budget,PR_AUC,0.9,0.8946810230345424,True,0.0,332324.0
CICIoT2023_R1,2026,0.6,Random-Budget,PR_AUC,0.95,0.9443855243142392,True,0.0,332324.0
CICIoT2023_R1,2026,0.6,Cost-Only,F1,0.9,0.8490133512469562,True,0.0,332410.0
CICIoT2023_R1,2026,0.6,Cost-Only,F1,0.95,0.8961807596495649,True,0.0,332410.0
CICIoT2023_R1,2026,0.6,Cost-Only,PR_AUC,0.9,0.8946810230345424,True,0.0,332410.0
CICIoT2023_R1,2026,0.6,Cost-Only,PR_AUC,0.95,0.9443855243142392,True,0.0,332410.0
CICIoT2023_R1,2026,0.6,Utility-Only,F1,0.9,0.8490133512469562,True,0.0,332535.0
CICIoT2023_R1,2026,0.6,Utility-Only,F1,0.95,0.8961807596495649,True,0.0,332535.0
CICIoT2023_R1,2026,0.6,Utility-Only,PR_AUC,0.9,0.8946810230345424,True,0.0,332535.0
CICIoT2023_R1,2026,0.6,Utility-Only,PR_AUC,0.95,0.9443855243142392,True,0.0,332535.0
CICIoT2023_R1,2026,0.6,Utility-Cost-Ratio,F1,0.9,0.8490133512469562,True,0.0,332535.0
CICIoT2023_R1,2026,0.6,Utility-Cost-Ratio,F1,0.95,0.8961807596495649,True,0.0,332535.0
CICIoT2023_R1,2026,0.6,Utility-Cost-Ratio,PR_AUC,0.9,0.8946810230345424,True,0.0,332535.0
CICIoT2023_R1,2026,0.6,Utility-Cost-Ratio,PR_AUC,0.95,0.9443855243142392,True,0.0,332535.0
CICIoT2023_R1,2026,0.6,CB-Score,F1,0.9,0.8490133512469562,True,0.0,332533.0
CICIoT2023_R1,2026,0.6,CB-Score,F1,0.95,0.8961807596495649,True,0.0,332533.0
CICIoT2023_R1,2026,0.6,CB-Score,PR_AUC,0.9,0.8946810230345424,True,0.0,332533.0
CICIoT2023_R1,2026,0.6,CB-Score,PR_AUC,0.95,0.9443855243142392,True,0.0,332533.0
CICIoT2023_R1,2026,0.6,Historical-DoubleCost,F1,0.9,0.8490133512469562,True,0.0,332533.0
CICIoT2023_R1,2026,0.6,Historical-DoubleCost,F1,0.95,0.8961807596495649,True,0.0,332533.0
CICIoT2023_R1,2026,0.6,Historical-DoubleCost,PR_AUC,0.9,0.8946810230345424,True,0.0,332533.0
CICIoT2023_R1,2026,0.6,Historical-DoubleCost,PR_AUC,0.95,0.9443855243142392,True,0.0,332533.0
CICIoT2023_R1,2026,0.6,Oort-Style-Adapted,F1,0.9,0.8490133512469562,True,0.0,332606.0
CICIoT2023_R1,2026,0.6,Oort-Style-Adapted,F1,0.95,0.8961807596495649,True,0.0,332606.0
CICIoT2023_R1,2026,0.6,Oort-Style-Adapted,PR_AUC,0.9,0.8946810230345424,True,0.0,332606.0
CICIoT2023_R1,2026,0.6,Oort-Style-Adapted,PR_AUC,0.95,0.9443855243142392,True,0.0,332606.0
CICIoT2023_R1,2026,0.6,Oracle-Score-Exact,F1,0.9,0.8490133512469562,True,0.0,332533.0
CICIoT2023_R1,2026,0.6,Oracle-Score-Exact,F1,0.95,0.8961807596495649,True,0.0,332533.0
CICIoT2023_R1,2026,0.6,Oracle-Score-Exact,PR_AUC,0.9,0.8946810230345424,True,0.0,332533.0
CICIoT2023_R1,2026,0.6,Oracle-Score-Exact,PR_AUC,0.95,0.9443855243142392,True,0.0,332533.0
CICIoT2023_R1,2026,0.8,Full-Contextual,F1,0.9,0.8490133512469562,True,0.0,519821.0
CICIoT2023_R1,2026,0.8,Full-Contextual,F1,0.95,0.8961807596495649,True,0.0,519821.0
CICIoT2023_R1,2026,0.8,Full-Contextual,PR_AUC,0.9,0.8946810230345424,True,0.0,519821.0
CICIoT2023_R1,2026,0.8,Full-Contextual,PR_AUC,0.95,0.9443855243142392,True,0.0,519821.0
CICIoT2023_R1,2026,0.8,Random-Budget,F1,0.9,0.8490133512469562,True,0.0,426512.0
CICIoT2023_R1,2026,0.8,Random-Budget,F1,0.95,0.8961807596495649,True,0.0,426512.0
CICIoT2023_R1,2026,0.8,Random-Budget,PR_AUC,0.9,0.8946810230345424,True,0.0,426512.0
CICIoT2023_R1,2026,0.8,Random-Budget,PR_AUC,0.95,0.9443855243142392,True,0.0,426512.0
CICIoT2023_R1,2026,0.8,Cost-Only,F1,0.9,0.8490133512469562,True,0.0,426499.0
CICIoT2023_R1,2026,0.8,Cost-Only,F1,0.95,0.8961807596495649,True,0.0,426499.0
CICIoT2023_R1,2026,0.8,Cost-Only,PR_AUC,0.9,0.8946810230345424,True,0.0,426499.0
CICIoT2023_R1,2026,0.8,Cost-Only,PR_AUC,0.95,0.9443855243142392,True,0.0,426499.0
CICIoT2023_R1,2026,0.8,Utility-Only,F1,0.9,0.8490133512469562,True,0.0,426589.0
CICIoT2023_R1,2026,0.8,Utility-Only,F1,0.95,0.8961807596495649,True,0.0,426589.0
CICIoT2023_R1,2026,0.8,Utility-Only,PR_AUC,0.9,0.8946810230345424,True,0.0,426589.0
CICIoT2023_R1,2026,0.8,Utility-Only,PR_AUC,0.95,0.9443855243142392,True,0.0,426589.0
CICIoT2023_R1,2026,0.8,Utility-Cost-Ratio,F1,0.9,0.8490133512469562,True,0.0,426589.0
CICIoT2023_R1,2026,0.8,Utility-Cost-Ratio,F1,0.95,0.8961807596495649,True,0.0,426589.0
CICIoT2023_R1,2026,0.8,Utility-Cost-Ratio,PR_AUC,0.9,0.8946810230345424,True,0.0,426589.0
CICIoT2023_R1,2026,0.8,Utility-Cost-Ratio,PR_AUC,0.95,0.9443855243142392,True,0.0,426589.0
CICIoT2023_R1,2026,0.8,CB-Score,F1,0.9,0.8490133512469562,True,0.0,379722.0
CICIoT2023_R1,2026,0.8,CB-Score,F1,0.95,0.8961807596495649,True,0.0,379722.0
CICIoT2023_R1,2026,0.8,CB-Score,PR_AUC,0.9,0.8946810230345424,True,0.0,379722.0
CICIoT2023_R1,2026,0.8,CB-Score,PR_AUC,0.95,0.9443855243142392,True,0.0,379722.0
CICIoT2023_R1,2026,0.8,Historical-DoubleCost,F1,0.9,0.8490133512469562,True,0.0,379722.0
CICIoT2023_R1,2026,0.8,Historical-DoubleCost,F1,0.95,0.8961807596495649,True,0.0,379722.0
CICIoT2023_R1,2026,0.8,Historical-DoubleCost,PR_AUC,0.9,0.8946810230345424,True,0.0,379722.0
CICIoT2023_R1,2026,0.8,Historical-DoubleCost,PR_AUC,0.95,0.9443855243142392,True,0.0,379722.0
CICIoT2023_R1,2026,0.8,Oort-Style-Adapted,F1,0.9,0.8490133512469562,True,0.0,426578.0
CICIoT2023_R1,2026,0.8,Oort-Style-Adapted,F1,0.95,0.8961807596495649,True,0.0,426578.0
CICIoT2023_R1,2026,0.8,Oort-Style-Adapted,PR_AUC,0.9,0.8946810230345424,True,0.0,426578.0
CICIoT2023_R1,2026,0.8,Oort-Style-Adapted,PR_AUC,0.95,0.9443855243142392,True,0.0,426578.0
CICIoT2023_R1,2026,0.8,Oracle-Score-Exact,F1,0.9,0.8490133512469562,True,0.0,379722.0
CICIoT2023_R1,2026,0.8,Oracle-Score-Exact,F1,0.95,0.8961807596495649,True,0.0,379722.0
CICIoT2023_R1,2026,0.8,Oracle-Score-Exact,PR_AUC,0.9,0.8946810230345424,True,0.0,379722.0
CICIoT2023_R1,2026,0.8,Oracle-Score-Exact,PR_AUC,0.95,0.9443855243142392,True,0.0,379722.0
CICIoT2023_R1,2026,1.0,Full-Contextual,F1,0.9,0.8490133512469562,True,0.0,519821.0
CICIoT2023_R1,2026,1.0,Full-Contextual,F1,0.95,0.8961807596495649,True,0.0,519821.0
CICIoT2023_R1,2026,1.0,Full-Contextual,PR_AUC,0.9,0.8946810230345424,True,0.0,519821.0
CICIoT2023_R1,2026,1.0,Full-Contextual,PR_AUC,0.95,0.9443855243142392,True,0.0,519821.0
CICIoT2023_R1,2026,1.0,Random-Budget,F1,0.9,0.8490133512469562,True,0.0,520591.0
CICIoT2023_R1,2026,1.0,Random-Budget,F1,0.95,0.8961807596495649,True,0.0,520591.0
CICIoT2023_R1,2026,1.0,Random-Budget,PR_AUC,0.9,0.8946810230345424,True,0.0,520591.0
CICIoT2023_R1,2026,1.0,Random-Budget,PR_AUC,0.95,0.9443855243142392,True,0.0,520591.0
CICIoT2023_R1,2026,1.0,Cost-Only,F1,0.9,0.8490133512469562,True,0.0,520671.0
CICIoT2023_R1,2026,1.0,Cost-Only,F1,0.95,0.8961807596495649,True,0.0,520671.0
CICIoT2023_R1,2026,1.0,Cost-Only,PR_AUC,0.9,0.8946810230345424,True,0.0,520671.0
CICIoT2023_R1,2026,1.0,Cost-Only,PR_AUC,0.95,0.9443855243142392,True,0.0,520671.0
CICIoT2023_R1,2026,1.0,Utility-Only,F1,0.9,0.8490133512469562,True,0.0,520671.0
CICIoT2023_R1,2026,1.0,Utility-Only,F1,0.95,0.8961807596495649,True,0.0,520671.0
CICIoT2023_R1,2026,1.0,Utility-Only,PR_AUC,0.9,0.8946810230345424,True,0.0,520671.0
CICIoT2023_R1,2026,1.0,Utility-Only,PR_AUC,0.95,0.9443855243142392,True,0.0,520671.0
CICIoT2023_R1,2026,1.0,Utility-Cost-Ratio,F1,0.9,0.8490133512469562,True,0.0,520671.0
CICIoT2023_R1,2026,1.0,Utility-Cost-Ratio,F1,0.95,0.8961807596495649,True,0.0,520671.0
CICIoT2023_R1,2026,1.0,Utility-Cost-Ratio,PR_AUC,0.9,0.8946810230345424,True,0.0,520671.0
CICIoT2023_R1,2026,1.0,Utility-Cost-Ratio,PR_AUC,0.95,0.9443855243142392,True,0.0,520671.0
CICIoT2023_R1,2026,1.0,CB-Score,F1,0.9,0.8490133512469562,True,0.0,473770.0
CICIoT2023_R1,2026,1.0,CB-Score,F1,0.95,0.8961807596495649,True,0.0,473770.0
CICIoT2023_R1,2026,1.0,CB-Score,PR_AUC,0.9,0.8946810230345424,True,0.0,473770.0
CICIoT2023_R1,2026,1.0,CB-Score,PR_AUC,0.95,0.9443855243142392,True,0.0,473770.0
CICIoT2023_R1,2026,1.0,Historical-DoubleCost,F1,0.9,0.8490133512469562,True,0.0,473770.0
CICIoT2023_R1,2026,1.0,Historical-DoubleCost,F1,0.95,0.8961807596495649,True,0.0,473770.0
CICIoT2023_R1,2026,1.0,Historical-DoubleCost,PR_AUC,0.9,0.8946810230345424,True,0.0,473770.0
CICIoT2023_R1,2026,1.0,Historical-DoubleCost,PR_AUC,0.95,0.9443855243142392,True,0.0,473770.0
CICIoT2023_R1,2026,1.0,Oort-Style-Adapted,F1,0.9,0.8490133512469562,True,0.0,520671.0
CICIoT2023_R1,2026,1.0,Oort-Style-Adapted,F1,0.95,0.8961807596495649,True,0.0,520671.0
CICIoT2023_R1,2026,1.0,Oort-Style-Adapted,PR_AUC,0.9,0.8946810230345424,True,0.0,520671.0
CICIoT2023_R1,2026,1.0,Oort-Style-Adapted,PR_AUC,0.95,0.9443855243142392,True,0.0,520671.0
CICIoT2023_R1,2026,1.0,Oracle-Score-Exact,F1,0.9,0.8490133512469562,True,0.0,473770.0
CICIoT2023_R1,2026,1.0,Oracle-Score-Exact,F1,0.95,0.8961807596495649,True,0.0,473770.0
CICIoT2023_R1,2026,1.0,Oracle-Score-Exact,PR_AUC,0.9,0.8946810230345424,True,0.0,473770.0
CICIoT2023_R1,2026,1.0,Oracle-Score-Exact,PR_AUC,0.95,0.9443855243142392,True,0.0,473770.0
CICIoT2023_R1,3407,0.1,Full-Contextual,F1,0.9,0.840083932091308,True,0.0,518298.0
CICIoT2023_R1,3407,0.1,Full-Contextual,F1,0.95,0.8867552616519362,True,0.0,518298.0
CICIoT2023_R1,3407,0.1,Full-Contextual,PR_AUC,0.9,0.8941399796458087,True,0.0,518298.0
CICIoT2023_R1,3407,0.1,Full-Contextual,PR_AUC,0.95,0.9438144229594647,True,0.0,518298.0
CICIoT2023_R1,3407,0.1,Random-Budget,F1,0.9,0.840083932091308,True,1.0,193068.0
CICIoT2023_R1,3407,0.1,Random-Budget,F1,0.95,0.8867552616519362,True,12.0,1223212.0
CICIoT2023_R1,3407,0.1,Random-Budget,PR_AUC,0.9,0.8941399796458087,True,0.0,96746.0
CICIoT2023_R1,3407,0.1,Random-Budget,PR_AUC,0.95,0.9438144229594647,True,0.0,96746.0
CICIoT2023_R1,3407,0.1,Cost-Only,F1,0.9,0.840083932091308,True,6.0,668962.0
CICIoT2023_R1,3407,0.1,Cost-Only,F1,0.95,0.8867552616519362,True,6.0,668962.0
CICIoT2023_R1,3407,0.1,Cost-Only,PR_AUC,0.9,0.8941399796458087,True,0.0,96826.0
CICIoT2023_R1,3407,0.1,Cost-Only,PR_AUC,0.95,0.9438144229594647,True,0.0,96826.0
CICIoT2023_R1,3407,0.1,Utility-Only,F1,0.9,0.840083932091308,True,1.0,193228.0
CICIoT2023_R1,3407,0.1,Utility-Only,F1,0.95,0.8867552616519362,True,6.0,668014.0
CICIoT2023_R1,3407,0.1,Utility-Only,PR_AUC,0.9,0.8941399796458087,True,0.0,96826.0
CICIoT2023_R1,3407,0.1,Utility-Only,PR_AUC,0.95,0.9438144229594647,True,0.0,96826.0
CICIoT2023_R1,3407,0.1,Utility-Cost-Ratio,F1,0.9,0.840083932091308,True,1.0,193228.0
CICIoT2023_R1,3407,0.1,Utility-Cost-Ratio,F1,0.95,0.8867552616519362,True,6.0,668014.0
CICIoT2023_R1,3407,0.1,Utility-Cost-Ratio,PR_AUC,0.9,0.8941399796458087,True,0.0,96826.0
CICIoT2023_R1,3407,0.1,Utility-Cost-Ratio,PR_AUC,0.95,0.9438144229594647,True,0.0,96826.0
CICIoT2023_R1,3407,0.1,CB-Score,F1,0.9,0.840083932091308,True,1.0,193228.0
CICIoT2023_R1,3407,0.1,CB-Score,F1,0.95,0.8867552616519362,True,6.0,668014.0
CICIoT2023_R1,3407,0.1,CB-Score,PR_AUC,0.9,0.8941399796458087,True,0.0,96826.0
CICIoT2023_R1,3407,0.1,CB-Score,PR_AUC,0.95,0.9438144229594647,True,0.0,96826.0
CICIoT2023_R1,3407,0.1,Historical-DoubleCost,F1,0.9,0.840083932091308,True,1.0,193228.0
CICIoT2023_R1,3407,0.1,Historical-DoubleCost,F1,0.95,0.8867552616519362,True,6.0,668014.0
CICIoT2023_R1,3407,0.1,Historical-DoubleCost,PR_AUC,0.9,0.8941399796458087,True,0.0,96826.0
CICIoT2023_R1,3407,0.1,Historical-DoubleCost,PR_AUC,0.95,0.9438144229594647,True,0.0,96826.0
CICIoT2023_R1,3407,0.1,Oort-Style-Adapted,F1,0.9,0.840083932091308,True,1.0,193228.0
CICIoT2023_R1,3407,0.1,Oort-Style-Adapted,F1,0.95,0.8867552616519362,True,6.0,662603.0
CICIoT2023_R1,3407,0.1,Oort-Style-Adapted,PR_AUC,0.9,0.8941399796458087,True,0.0,96826.0
CICIoT2023_R1,3407,0.1,Oort-Style-Adapted,PR_AUC,0.95,0.9438144229594647,True,0.0,96826.0
CICIoT2023_R1,3407,0.1,Oracle-Score-Exact,F1,0.9,0.840083932091308,True,1.0,193228.0
CICIoT2023_R1,3407,0.1,Oracle-Score-Exact,F1,0.95,0.8867552616519362,True,6.0,668014.0
CICIoT2023_R1,3407,0.1,Oracle-Score-Exact,PR_AUC,0.9,0.8941399796458087,True,0.0,96826.0
CICIoT2023_R1,3407,0.1,Oracle-Score-Exact,PR_AUC,0.95,0.9438144229594647,True,0.0,96826.0
CICIoT2023_R1,3407,0.2,Full-Contextual,F1,0.9,0.840083932091308,True,0.0,518298.0
CICIoT2023_R1,3407,0.2,Full-Contextual,F1,0.95,0.8867552616519362,True,0.0,518298.0
CICIoT2023_R1,3407,0.2,Full-Contextual,PR_AUC,0.9,0.8941399796458087,True,0.0,518298.0
CICIoT2023_R1,3407,0.2,Full-Contextual,PR_AUC,0.95,0.9438144229594647,True,0.0,518298.0
CICIoT2023_R1,3407,0.2,Random-Budget,F1,0.9,0.840083932091308,True,1.0,287583.0
CICIoT2023_R1,3407,0.2,Random-Budget,F1,0.95,0.8867552616519362,True,2.0,383804.0
CICIoT2023_R1,3407,0.2,Random-Budget,PR_AUC,0.9,0.8941399796458087,True,0.0,143613.0
CICIoT2023_R1,3407,0.2,Random-Budget,PR_AUC,0.95,0.9438144229594647,True,0.0,143613.0
CICIoT2023_R1,3407,0.2,Cost-Only,F1,0.9,0.840083932091308,True,1.0,287175.0
CICIoT2023_R1,3407,0.2,Cost-Only,F1,0.95,0.8867552616519362,True,1.0,287175.0
CICIoT2023_R1,3407,0.2,Cost-Only,PR_AUC,0.9,0.8941399796458087,True,0.0,143693.0
CICIoT2023_R1,3407,0.2,Cost-Only,PR_AUC,0.95,0.9438144229594647,True,0.0,143693.0
CICIoT2023_R1,3407,0.2,Utility-Only,F1,0.9,0.840083932091308,True,2.0,384346.0
CICIoT2023_R1,3407,0.2,Utility-Only,F1,0.95,0.8867552616519362,True,2.0,384346.0
CICIoT2023_R1,3407,0.2,Utility-Only,PR_AUC,0.9,0.8941399796458087,True,0.0,143827.0
CICIoT2023_R1,3407,0.2,Utility-Only,PR_AUC,0.95,0.9438144229594647,True,0.0,143827.0
CICIoT2023_R1,3407,0.2,Utility-Cost-Ratio,F1,0.9,0.840083932091308,True,2.0,384346.0
CICIoT2023_R1,3407,0.2,Utility-Cost-Ratio,F1,0.95,0.8867552616519362,True,2.0,384346.0
CICIoT2023_R1,3407,0.2,Utility-Cost-Ratio,PR_AUC,0.9,0.8941399796458087,True,0.0,143827.0
CICIoT2023_R1,3407,0.2,Utility-Cost-Ratio,PR_AUC,0.95,0.9438144229594647,True,0.0,143827.0
CICIoT2023_R1,3407,0.2,CB-Score,F1,0.9,0.840083932091308,True,2.0,384244.0
CICIoT2023_R1,3407,0.2,CB-Score,F1,0.95,0.8867552616519362,True,2.0,384244.0
CICIoT2023_R1,3407,0.2,CB-Score,PR_AUC,0.9,0.8941399796458087,True,0.0,143785.0
CICIoT2023_R1,3407,0.2,CB-Score,PR_AUC,0.95,0.9438144229594647,True,0.0,143785.0
CICIoT2023_R1,3407,0.2,Historical-DoubleCost,F1,0.9,0.840083932091308,True,2.0,384244.0
CICIoT2023_R1,3407,0.2,Historical-DoubleCost,F1,0.95,0.8867552616519362,True,2.0,384244.0
CICIoT2023_R1,3407,0.2,Historical-DoubleCost,PR_AUC,0.9,0.8941399796458087,True,0.0,143785.0
CICIoT2023_R1,3407,0.2,Historical-DoubleCost,PR_AUC,0.95,0.9438144229594647,True,0.0,143785.0
CICIoT2023_R1,3407,0.2,Oort-Style-Adapted,F1,0.9,0.840083932091308,True,1.0,287122.0
CICIoT2023_R1,3407,0.2,Oort-Style-Adapted,F1,0.95,0.8867552616519362,True,5.0,759063.0
CICIoT2023_R1,3407,0.2,Oort-Style-Adapted,PR_AUC,0.9,0.8941399796458087,True,0.0,143785.0
CICIoT2023_R1,3407,0.2,Oort-Style-Adapted,PR_AUC,0.95,0.9438144229594647,True,0.0,143785.0
CICIoT2023_R1,3407,0.2,Oracle-Score-Exact,F1,0.9,0.840083932091308,True,1.0,286671.0
CICIoT2023_R1,3407,0.2,Oracle-Score-Exact,F1,0.95,0.8867552616519362,True,6.0,942973.0
CICIoT2023_R1,3407,0.2,Oracle-Score-Exact,PR_AUC,0.9,0.8941399796458087,True,0.0,143785.0
CICIoT2023_R1,3407,0.2,Oracle-Score-Exact,PR_AUC,0.95,0.9438144229594647,True,0.0,143785.0
CICIoT2023_R1,3407,0.4,Full-Contextual,F1,0.9,0.840083932091308,True,0.0,518298.0
CICIoT2023_R1,3407,0.4,Full-Contextual,F1,0.95,0.8867552616519362,True,0.0,518298.0
CICIoT2023_R1,3407,0.4,Full-Contextual,PR_AUC,0.9,0.8941399796458087,True,0.0,518298.0
CICIoT2023_R1,3407,0.4,Full-Contextual,PR_AUC,0.95,0.9438144229594647,True,0.0,518298.0
CICIoT2023_R1,3407,0.4,Random-Budget,F1,0.9,0.840083932091308,True,1.0,474245.0
CICIoT2023_R1,3407,0.4,Random-Budget,F1,0.95,0.8867552616519362,True,2.0,709246.0
CICIoT2023_R1,3407,0.4,Random-Budget,PR_AUC,0.9,0.8941399796458087,True,0.0,237602.0
CICIoT2023_R1,3407,0.4,Random-Budget,PR_AUC,0.95,0.9438144229594647,True,0.0,237602.0
CICIoT2023_R1,3407,0.4,Cost-Only,F1,0.9,0.840083932091308,True,0.0,237608.0
CICIoT2023_R1,3407,0.4,Cost-Only,F1,0.95,0.8867552616519362,True,0.0,237608.0
CICIoT2023_R1,3407,0.4,Cost-Only,PR_AUC,0.9,0.8941399796458087,True,0.0,237608.0
CICIoT2023_R1,3407,0.4,Cost-Only,PR_AUC,0.95,0.9438144229594647,True,0.0,237608.0
CICIoT2023_R1,3407,0.4,Utility-Only,F1,0.9,0.840083932091308,True,1.0,474699.0
CICIoT2023_R1,3407,0.4,Utility-Only,F1,0.95,0.8867552616519362,True,2.0,664965.0
CICIoT2023_R1,3407,0.4,Utility-Only,PR_AUC,0.9,0.8941399796458087,True,0.0,237874.0
CICIoT2023_R1,3407,0.4,Utility-Only,PR_AUC,0.95,0.9438144229594647,True,0.0,237874.0
CICIoT2023_R1,3407,0.4,Utility-Cost-Ratio,F1,0.9,0.840083932091308,True,1.0,474699.0
CICIoT2023_R1,3407,0.4,Utility-Cost-Ratio,F1,0.95,0.8867552616519362,True,2.0,664965.0
CICIoT2023_R1,3407,0.4,Utility-Cost-Ratio,PR_AUC,0.9,0.8941399796458087,True,0.0,237874.0
CICIoT2023_R1,3407,0.4,Utility-Cost-Ratio,PR_AUC,0.95,0.9438144229594647,True,0.0,237874.0
CICIoT2023_R1,3407,0.4,CB-Score,F1,0.9,0.840083932091308,True,1.0,428983.0
CICIoT2023_R1,3407,0.4,CB-Score,F1,0.95,0.8867552616519362,True,1.0,428983.0
CICIoT2023_R1,3407,0.4,CB-Score,PR_AUC,0.9,0.8941399796458087,True,0.0,237874.0
CICIoT2023_R1,3407,0.4,CB-Score,PR_AUC,0.95,0.9438144229594647,True,0.0,237874.0
CICIoT2023_R1,3407,0.4,Historical-DoubleCost,F1,0.9,0.840083932091308,True,1.0,428983.0
CICIoT2023_R1,3407,0.4,Historical-DoubleCost,F1,0.95,0.8867552616519362,True,1.0,428983.0
CICIoT2023_R1,3407,0.4,Historical-DoubleCost,PR_AUC,0.9,0.8941399796458087,True,0.0,237874.0
CICIoT2023_R1,3407,0.4,Historical-DoubleCost,PR_AUC,0.95,0.9438144229594647,True,0.0,237874.0
CICIoT2023_R1,3407,0.4,Oort-Style-Adapted,F1,0.9,0.840083932091308,True,1.0,473990.0
CICIoT2023_R1,3407,0.4,Oort-Style-Adapted,F1,0.95,0.8867552616519362,True,1.0,473990.0
CICIoT2023_R1,3407,0.4,Oort-Style-Adapted,PR_AUC,0.9,0.8941399796458087,True,0.0,237874.0
CICIoT2023_R1,3407,0.4,Oort-Style-Adapted,PR_AUC,0.95,0.9438144229594647,True,0.0,237874.0
CICIoT2023_R1,3407,0.4,Oracle-Score-Exact,F1,0.9,0.840083932091308,True,1.0,428983.0
CICIoT2023_R1,3407,0.4,Oracle-Score-Exact,F1,0.95,0.8867552616519362,True,1.0,428983.0
CICIoT2023_R1,3407,0.4,Oracle-Score-Exact,PR_AUC,0.9,0.8941399796458087,True,0.0,237874.0
CICIoT2023_R1,3407,0.4,Oracle-Score-Exact,PR_AUC,0.95,0.9438144229594647,True,0.0,237874.0
CICIoT2023_R1,3407,0.6,Full-Contextual,F1,0.9,0.840083932091308,True,0.0,518298.0
CICIoT2023_R1,3407,0.6,Full-Contextual,F1,0.95,0.8867552616519362,True,0.0,518298.0
CICIoT2023_R1,3407,0.6,Full-Contextual,PR_AUC,0.9,0.8941399796458087,True,0.0,518298.0
CICIoT2023_R1,3407,0.6,Full-Contextual,PR_AUC,0.95,0.9438144229594647,True,0.0,518298.0
CICIoT2023_R1,3407,0.6,Random-Budget,F1,0.9,0.840083932091308,True,0.0,285355.0
CICIoT2023_R1,3407,0.6,Random-Budget,F1,0.95,0.8867552616519362,True,0.0,285355.0
CICIoT2023_R1,3407,0.6,Random-Budget,PR_AUC,0.9,0.8941399796458087,True,0.0,285355.0
CICIoT2023_R1,3407,0.6,Random-Budget,PR_AUC,0.95,0.9438144229594647,True,1.0,613857.0
CICIoT2023_R1,3407,0.6,Cost-Only,F1,0.9,0.840083932091308,True,0.0,331568.0
CICIoT2023_R1,3407,0.6,Cost-Only,F1,0.95,0.8867552616519362,True,0.0,331568.0
CICIoT2023_R1,3407,0.6,Cost-Only,PR_AUC,0.9,0.8941399796458087,True,0.0,331568.0
CICIoT2023_R1,3407,0.6,Cost-Only,PR_AUC,0.95,0.9438144229594647,True,0.0,331568.0
CICIoT2023_R1,3407,0.6,Utility-Only,F1,0.9,0.840083932091308,True,1.0,569483.0
CICIoT2023_R1,3407,0.6,Utility-Only,F1,0.95,0.8867552616519362,True,1.0,569483.0
CICIoT2023_R1,3407,0.6,Utility-Only,PR_AUC,0.9,0.8941399796458087,True,0.0,284790.0
CICIoT2023_R1,3407,0.6,Utility-Only,PR_AUC,0.95,0.9438144229594647,True,0.0,284790.0
CICIoT2023_R1,3407,0.6,Utility-Cost-Ratio,F1,0.9,0.840083932091308,True,1.0,569483.0
CICIoT2023_R1,3407,0.6,Utility-Cost-Ratio,F1,0.95,0.8867552616519362,True,1.0,569483.0
CICIoT2023_R1,3407,0.6,Utility-Cost-Ratio,PR_AUC,0.9,0.8941399796458087,True,0.0,284790.0
CICIoT2023_R1,3407,0.6,Utility-Cost-Ratio,PR_AUC,0.95,0.9438144229594647,True,0.0,284790.0
CICIoT2023_R1,3407,0.6,CB-Score,F1,0.9,0.840083932091308,True,1.0,569483.0
CICIoT2023_R1,3407,0.6,CB-Score,F1,0.95,0.8867552616519362,True,1.0,569483.0
CICIoT2023_R1,3407,0.6,CB-Score,PR_AUC,0.9,0.8941399796458087,True,0.0,284790.0
CICIoT2023_R1,3407,0.6,CB-Score,PR_AUC,0.95,0.9438144229594647,True,0.0,284790.0
CICIoT2023_R1,3407,0.6,Historical-DoubleCost,F1,0.9,0.840083932091308,True,1.0,569483.0
CICIoT2023_R1,3407,0.6,Historical-DoubleCost,F1,0.95,0.8867552616519362,True,1.0,569483.0
CICIoT2023_R1,3407,0.6,Historical-DoubleCost,PR_AUC,0.9,0.8941399796458087,True,0.0,284790.0
CICIoT2023_R1,3407,0.6,Historical-DoubleCost,PR_AUC,0.95,0.9438144229594647,True,0.0,284790.0
CICIoT2023_R1,3407,0.6,Oort-Style-Adapted,F1,0.9,0.840083932091308,True,1.0,569483.0
CICIoT2023_R1,3407,0.6,Oort-Style-Adapted,F1,0.95,0.8867552616519362,True,1.0,569483.0
CICIoT2023_R1,3407,0.6,Oort-Style-Adapted,PR_AUC,0.9,0.8941399796458087,True,0.0,284790.0
CICIoT2023_R1,3407,0.6,Oort-Style-Adapted,PR_AUC,0.95,0.9438144229594647,True,0.0,284790.0
CICIoT2023_R1,3407,0.6,Oracle-Score-Exact,F1,0.9,0.840083932091308,True,1.0,569483.0
CICIoT2023_R1,3407,0.6,Oracle-Score-Exact,F1,0.95,0.8867552616519362,True,1.0,569483.0
CICIoT2023_R1,3407,0.6,Oracle-Score-Exact,PR_AUC,0.9,0.8941399796458087,True,0.0,284790.0
CICIoT2023_R1,3407,0.6,Oracle-Score-Exact,PR_AUC,0.95,0.9438144229594647,True,0.0,284790.0
CICIoT2023_R1,3407,0.8,Full-Contextual,F1,0.9,0.840083932091308,True,0.0,518298.0
CICIoT2023_R1,3407,0.8,Full-Contextual,F1,0.95,0.8867552616519362,True,0.0,518298.0
CICIoT2023_R1,3407,0.8,Full-Contextual,PR_AUC,0.9,0.8941399796458087,True,0.0,518298.0
CICIoT2023_R1,3407,0.8,Full-Contextual,PR_AUC,0.95,0.9438144229594647,True,0.0,518298.0
CICIoT2023_R1,3407,0.8,Random-Budget,F1,0.9,0.840083932091308,True,0.0,378625.0
CICIoT2023_R1,3407,0.8,Random-Budget,F1,0.95,0.8867552616519362,True,0.0,378625.0
CICIoT2023_R1,3407,0.8,Random-Budget,PR_AUC,0.9,0.8941399796458087,True,0.0,378625.0
CICIoT2023_R1,3407,0.8,Random-Budget,PR_AUC,0.95,0.9438144229594647,True,0.0,378625.0
CICIoT2023_R1,3407,0.8,Cost-Only,F1,0.9,0.840083932091308,True,0.0,378584.0
CICIoT2023_R1,3407,0.8,Cost-Only,F1,0.95,0.8867552616519362,True,0.0,378584.0
CICIoT2023_R1,3407,0.8,Cost-Only,PR_AUC,0.9,0.8941399796458087,True,0.0,378584.0
CICIoT2023_R1,3407,0.8,Cost-Only,PR_AUC,0.95,0.9438144229594647,True,0.0,378584.0
CICIoT2023_R1,3407,0.8,Utility-Only,F1,0.9,0.840083932091308,True,2.0,1036449.0
CICIoT2023_R1,3407,0.8,Utility-Only,F1,0.95,0.8867552616519362,True,3.0,1271743.0
CICIoT2023_R1,3407,0.8,Utility-Only,PR_AUC,0.9,0.8941399796458087,True,0.0,378687.0
CICIoT2023_R1,3407,0.8,Utility-Only,PR_AUC,0.95,0.9438144229594647,True,0.0,378687.0
CICIoT2023_R1,3407,0.8,Utility-Cost-Ratio,F1,0.9,0.840083932091308,True,2.0,1036449.0
CICIoT2023_R1,3407,0.8,Utility-Cost-Ratio,F1,0.95,0.8867552616519362,True,3.0,1271743.0
CICIoT2023_R1,3407,0.8,Utility-Cost-Ratio,PR_AUC,0.9,0.8941399796458087,True,0.0,378687.0
CICIoT2023_R1,3407,0.8,Utility-Cost-Ratio,PR_AUC,0.95,0.9438144229594647,True,0.0,378687.0
CICIoT2023_R1,3407,0.8,CB-Score,F1,0.9,0.840083932091308,True,1.0,662852.0
CICIoT2023_R1,3407,0.8,CB-Score,F1,0.95,0.8867552616519362,True,5.0,1673929.0
CICIoT2023_R1,3407,0.8,CB-Score,PR_AUC,0.9,0.8941399796458087,True,0.0,284790.0
CICIoT2023_R1,3407,0.8,CB-Score,PR_AUC,0.95,0.9438144229594647,True,0.0,284790.0
CICIoT2023_R1,3407,0.8,Historical-DoubleCost,F1,0.9,0.840083932091308,True,1.0,662852.0
CICIoT2023_R1,3407,0.8,Historical-DoubleCost,F1,0.95,0.8867552616519362,True,5.0,1673929.0
CICIoT2023_R1,3407,0.8,Historical-DoubleCost,PR_AUC,0.9,0.8941399796458087,True,0.0,284790.0
CICIoT2023_R1,3407,0.8,Historical-DoubleCost,PR_AUC,0.95,0.9438144229594647,True,0.0,284790.0
CICIoT2023_R1,3407,0.8,Oort-Style-Adapted,F1,0.9,0.840083932091308,True,2.0,1036449.0
CICIoT2023_R1,3407,0.8,Oort-Style-Adapted,F1,0.95,0.8867552616519362,True,3.0,1271743.0
CICIoT2023_R1,3407,0.8,Oort-Style-Adapted,PR_AUC,0.9,0.8941399796458087,True,0.0,378687.0
CICIoT2023_R1,3407,0.8,Oort-Style-Adapted,PR_AUC,0.95,0.9438144229594647,True,0.0,378687.0
CICIoT2023_R1,3407,0.8,Oracle-Score-Exact,F1,0.9,0.840083932091308,True,1.0,662852.0
CICIoT2023_R1,3407,0.8,Oracle-Score-Exact,F1,0.95,0.8867552616519362,True,5.0,1673929.0
CICIoT2023_R1,3407,0.8,Oracle-Score-Exact,PR_AUC,0.9,0.8941399796458087,True,0.0,284790.0
CICIoT2023_R1,3407,0.8,Oracle-Score-Exact,PR_AUC,0.95,0.9438144229594647,True,0.0,284790.0
CICIoT2023_R1,3407,1.0,Full-Contextual,F1,0.9,0.840083932091308,True,0.0,518298.0
CICIoT2023_R1,3407,1.0,Full-Contextual,F1,0.95,0.8867552616519362,True,0.0,518298.0
CICIoT2023_R1,3407,1.0,Full-Contextual,PR_AUC,0.9,0.8941399796458087,True,0.0,518298.0
CICIoT2023_R1,3407,1.0,Full-Contextual,PR_AUC,0.95,0.9438144229594647,True,0.0,518298.0
CICIoT2023_R1,3407,1.0,Random-Budget,F1,0.9,0.840083932091308,True,0.0,425585.0
CICIoT2023_R1,3407,1.0,Random-Budget,F1,0.95,0.8867552616519362,True,0.0,425585.0
CICIoT2023_R1,3407,1.0,Random-Budget,PR_AUC,0.9,0.8941399796458087,True,0.0,425585.0
CICIoT2023_R1,3407,1.0,Random-Budget,PR_AUC,0.95,0.9438144229594647,True,0.0,425585.0
CICIoT2023_R1,3407,1.0,Cost-Only,F1,0.9,0.840083932091308,True,0.0,425665.0
CICIoT2023_R1,3407,1.0,Cost-Only,F1,0.95,0.8867552616519362,True,0.0,425665.0
CICIoT2023_R1,3407,1.0,Cost-Only,PR_AUC,0.9,0.8941399796458087,True,0.0,425665.0
CICIoT2023_R1,3407,1.0,Cost-Only,PR_AUC,0.95,0.9438144229594647,True,0.0,425665.0
CICIoT2023_R1,3407,1.0,Utility-Only,F1,0.9,0.840083932091308,True,2.0,1036449.0
CICIoT2023_R1,3407,1.0,Utility-Only,F1,0.95,0.8867552616519362,True,3.0,1271743.0
CICIoT2023_R1,3407,1.0,Utility-Only,PR_AUC,0.9,0.8941399796458087,True,0.0,378687.0
CICIoT2023_R1,3407,1.0,Utility-Only,PR_AUC,0.95,0.9438144229594647,True,0.0,378687.0
CICIoT2023_R1,3407,1.0,Utility-Cost-Ratio,F1,0.9,0.840083932091308,True,2.0,1036449.0
CICIoT2023_R1,3407,1.0,Utility-Cost-Ratio,F1,0.95,0.8867552616519362,True,3.0,1271743.0
CICIoT2023_R1,3407,1.0,Utility-Cost-Ratio,PR_AUC,0.9,0.8941399796458087,True,0.0,378687.0
CICIoT2023_R1,3407,1.0,Utility-Cost-Ratio,PR_AUC,0.95,0.9438144229594647,True,0.0,378687.0
CICIoT2023_R1,3407,1.0,CB-Score,F1,0.9,0.840083932091308,True,1.0,662852.0
CICIoT2023_R1,3407,1.0,CB-Score,F1,0.95,0.8867552616519362,True,5.0,1673929.0
CICIoT2023_R1,3407,1.0,CB-Score,PR_AUC,0.9,0.8941399796458087,True,0.0,284790.0
CICIoT2023_R1,3407,1.0,CB-Score,PR_AUC,0.95,0.9438144229594647,True,0.0,284790.0
CICIoT2023_R1,3407,1.0,Historical-DoubleCost,F1,0.9,0.840083932091308,True,1.0,662852.0
CICIoT2023_R1,3407,1.0,Historical-DoubleCost,F1,0.95,0.8867552616519362,True,5.0,1673929.0
CICIoT2023_R1,3407,1.0,Historical-DoubleCost,PR_AUC,0.9,0.8941399796458087,True,0.0,284790.0
CICIoT2023_R1,3407,1.0,Historical-DoubleCost,PR_AUC,0.95,0.9438144229594647,True,0.0,284790.0
CICIoT2023_R1,3407,1.0,Oort-Style-Adapted,F1,0.9,0.840083932091308,True,2.0,1036449.0
CICIoT2023_R1,3407,1.0,Oort-Style-Adapted,F1,0.95,0.8867552616519362,True,3.0,1271743.0
CICIoT2023_R1,3407,1.0,Oort-Style-Adapted,PR_AUC,0.9,0.8941399796458087,True,0.0,378687.0
CICIoT2023_R1,3407,1.0,Oort-Style-Adapted,PR_AUC,0.95,0.9438144229594647,True,0.0,378687.0
CICIoT2023_R1,3407,1.0,Oracle-Score-Exact,F1,0.9,0.840083932091308,True,1.0,662852.0
CICIoT2023_R1,3407,1.0,Oracle-Score-Exact,F1,0.95,0.8867552616519362,True,5.0,1673929.0
CICIoT2023_R1,3407,1.0,Oracle-Score-Exact,PR_AUC,0.9,0.8941399796458087,True,0.0,284790.0
CICIoT2023_R1,3407,1.0,Oracle-Score-Exact,PR_AUC,0.95,0.9438144229594647,True,0.0,284790.0
CICIoT2023_R1,11,0.1,Full-Contextual,F1,0.9,0.858807512113082,True,0.0,518283.0
CICIoT2023_R1,11,0.1,Full-Contextual,F1,0.95,0.9065190405638088,True,1.0,1032463.0
CICIoT2023_R1,11,0.1,Full-Contextual,PR_AUC,0.9,0.8947501249522188,True,1.0,1032463.0
CICIoT2023_R1,11,0.1,Full-Contextual,PR_AUC,0.95,0.9444584652273421,True,1.0,1032463.0
CICIoT2023_R1,11,0.1,Random-Budget,F1,0.9,0.858807512113082,True,5.0,571825.0
CICIoT2023_R1,11,0.1,Random-Budget,F1,0.95,0.9065190405638088,True,5.0,571825.0
CICIoT2023_R1,11,0.1,Random-Budget,PR_AUC,0.9,0.8947501249522188,True,1.0,191892.0
CICIoT2023_R1,11,0.1,Random-Budget,PR_AUC,0.95,0.9444584652273421,True,1.0,191892.0
CICIoT2023_R1,11,0.1,Cost-Only,F1,0.9,0.858807512113082,True,5.0,574525.0
CICIoT2023_R1,11,0.1,Cost-Only,F1,0.95,0.9065190405638088,True,8.0,860016.0
CICIoT2023_R1,11,0.1,Cost-Only,PR_AUC,0.9,0.8947501249522188,True,0.0,97190.0
CICIoT2023_R1,11,0.1,Cost-Only,PR_AUC,0.95,0.9444584652273421,True,0.0,97190.0
CICIoT2023_R1,11,0.1,Utility-Only,F1,0.9,0.858807512113082,True,4.0,476416.0
CICIoT2023_R1,11,0.1,Utility-Only,F1,0.95,0.9065190405638088,True,4.0,476416.0
CICIoT2023_R1,11,0.1,Utility-Only,PR_AUC,0.9,0.8947501249522188,True,1.0,192052.0
CICIoT2023_R1,11,0.1,Utility-Only,PR_AUC,0.95,0.9444584652273421,True,1.0,192052.0
CICIoT2023_R1,11,0.1,Utility-Cost-Ratio,F1,0.9,0.858807512113082,True,4.0,476416.0
CICIoT2023_R1,11,0.1,Utility-Cost-Ratio,F1,0.95,0.9065190405638088,True,4.0,476416.0
CICIoT2023_R1,11,0.1,Utility-Cost-Ratio,PR_AUC,0.9,0.8947501249522188,True,1.0,192052.0
CICIoT2023_R1,11,0.1,Utility-Cost-Ratio,PR_AUC,0.95,0.9444584652273421,True,1.0,192052.0
CICIoT2023_R1,11,0.1,CB-Score,F1,0.9,0.858807512113082,True,4.0,476416.0
CICIoT2023_R1,11,0.1,CB-Score,F1,0.95,0.9065190405638088,True,4.0,476416.0
CICIoT2023_R1,11,0.1,CB-Score,PR_AUC,0.9,0.8947501249522188,True,1.0,192052.0
CICIoT2023_R1,11,0.1,CB-Score,PR_AUC,0.95,0.9444584652273421,True,1.0,192052.0
CICIoT2023_R1,11,0.1,Historical-DoubleCost,F1,0.9,0.858807512113082,True,4.0,476416.0
CICIoT2023_R1,11,0.1,Historical-DoubleCost,F1,0.95,0.9065190405638088,True,4.0,476416.0
CICIoT2023_R1,11,0.1,Historical-DoubleCost,PR_AUC,0.9,0.8947501249522188,True,1.0,192052.0
CICIoT2023_R1,11,0.1,Historical-DoubleCost,PR_AUC,0.95,0.9444584652273421,True,1.0,192052.0
CICIoT2023_R1,11,0.1,Oort-Style-Adapted,F1,0.9,0.858807512113082,True,4.0,476416.0
CICIoT2023_R1,11,0.1,Oort-Style-Adapted,F1,0.95,0.9065190405638088,True,4.0,476416.0
CICIoT2023_R1,11,0.1,Oort-Style-Adapted,PR_AUC,0.9,0.8947501249522188,True,1.0,192052.0
CICIoT2023_R1,11,0.1,Oort-Style-Adapted,PR_AUC,0.95,0.9444584652273421,True,1.0,192052.0
CICIoT2023_R1,11,0.1,Oracle-Score-Exact,F1,0.9,0.858807512113082,True,4.0,476416.0
CICIoT2023_R1,11,0.1,Oracle-Score-Exact,F1,0.95,0.9065190405638088,True,4.0,476416.0
CICIoT2023_R1,11,0.1,Oracle-Score-Exact,PR_AUC,0.9,0.8947501249522188,True,1.0,192052.0
CICIoT2023_R1,11,0.1,Oracle-Score-Exact,PR_AUC,0.95,0.9444584652273421,True,1.0,192052.0
CICIoT2023_R1,11,0.2,Full-Contextual,F1,0.9,0.858807512113082,True,0.0,518283.0
CICIoT2023_R1,11,0.2,Full-Contextual,F1,0.95,0.9065190405638088,True,1.0,1032463.0
CICIoT2023_R1,11,0.2,Full-Contextual,PR_AUC,0.9,0.8947501249522188,True,1.0,1032463.0
CICIoT2023_R1,11,0.2,Full-Contextual,PR_AUC,0.95,0.9444584652273421,True,1.0,1032463.0
CICIoT2023_R1,11,0.2,Random-Budget,F1,0.9,0.858807512113082,True,2.0,431219.0
CICIoT2023_R1,11,0.2,Random-Budget,F1,0.95,0.9065190405638088,True,3.0,574125.0
CICIoT2023_R1,11,0.2,Random-Budget,PR_AUC,0.9,0.8947501249522188,True,0.0,144136.0
CICIoT2023_R1,11,0.2,Random-Budget,PR_AUC,0.95,0.9444584652273421,True,0.0,144136.0
CICIoT2023_R1,11,0.2,Cost-Only,F1,0.9,0.858807512113082,True,0.0,143928.0
CICIoT2023_R1,11,0.2,Cost-Only,F1,0.95,0.9065190405638088,True,2.0,429241.0
CICIoT2023_R1,11,0.2,Cost-Only,PR_AUC,0.9,0.8947501249522188,True,1.0,287333.0
CICIoT2023_R1,11,0.2,Cost-Only,PR_AUC,0.95,0.9444584652273421,True,1.0,287333.0
CICIoT2023_R1,11,0.2,Utility-Only,F1,0.9,0.858807512113082,True,0.0,97568.0
CICIoT2023_R1,11,0.2,Utility-Only,F1,0.95,0.9065190405638088,True,0.0,97568.0
CICIoT2023_R1,11,0.2,Utility-Only,PR_AUC,0.9,0.8947501249522188,True,0.0,97568.0
CICIoT2023_R1,11,0.2,Utility-Only,PR_AUC,0.95,0.9444584652273421,True,0.0,97568.0
CICIoT2023_R1,11,0.2,Utility-Cost-Ratio,F1,0.9,0.858807512113082,True,0.0,97568.0
CICIoT2023_R1,11,0.2,Utility-Cost-Ratio,F1,0.95,0.9065190405638088,True,0.0,97568.0
CICIoT2023_R1,11,0.2,Utility-Cost-Ratio,PR_AUC,0.9,0.8947501249522188,True,0.0,97568.0
CICIoT2023_R1,11,0.2,Utility-Cost-Ratio,PR_AUC,0.95,0.9444584652273421,True,0.0,97568.0
CICIoT2023_R1,11,0.2,CB-Score,F1,0.9,0.858807512113082,True,0.0,97568.0
CICIoT2023_R1,11,0.2,CB-Score,F1,0.95,0.9065190405638088,True,0.0,97568.0
CICIoT2023_R1,11,0.2,CB-Score,PR_AUC,0.9,0.8947501249522188,True,0.0,97568.0
CICIoT2023_R1,11,0.2,CB-Score,PR_AUC,0.95,0.9444584652273421,True,0.0,97568.0
CICIoT2023_R1,11,0.2,Historical-DoubleCost,F1,0.9,0.858807512113082,True,0.0,97568.0
CICIoT2023_R1,11,0.2,Historical-DoubleCost,F1,0.95,0.9065190405638088,True,0.0,97568.0
CICIoT2023_R1,11,0.2,Historical-DoubleCost,PR_AUC,0.9,0.8947501249522188,True,0.0,97568.0
CICIoT2023_R1,11,0.2,Historical-DoubleCost,PR_AUC,0.95,0.9444584652273421,True,0.0,97568.0
CICIoT2023_R1,11,0.2,Oort-Style-Adapted,F1,0.9,0.858807512113082,True,0.0,97568.0
CICIoT2023_R1,11,0.2,Oort-Style-Adapted,F1,0.95,0.9065190405638088,True,0.0,97568.0
CICIoT2023_R1,11,0.2,Oort-Style-Adapted,PR_AUC,0.9,0.8947501249522188,True,0.0,97568.0
CICIoT2023_R1,11,0.2,Oort-Style-Adapted,PR_AUC,0.95,0.9444584652273421,True,0.0,97568.0
CICIoT2023_R1,11,0.2,Oracle-Score-Exact,F1,0.9,0.858807512113082,True,6.0,924259.0
CICIoT2023_R1,11,0.2,Oracle-Score-Exact,F1,0.95,0.9065190405638088,True,6.0,924259.0
CICIoT2023_R1,11,0.2,Oracle-Score-Exact,PR_AUC,0.9,0.8947501249522188,True,1.0,285204.0
CICIoT2023_R1,11,0.2,Oracle-Score-Exact,PR_AUC,0.95,0.9444584652273421,True,1.0,285204.0
CICIoT2023_R1,11,0.4,Full-Contextual,F1,0.9,0.858807512113082,True,0.0,518283.0
CICIoT2023_R1,11,0.4,Full-Contextual,F1,0.95,0.9065190405638088,True,1.0,1032463.0
CICIoT2023_R1,11,0.4,Full-Contextual,PR_AUC,0.9,0.8947501249522188,True,1.0,1032463.0
CICIoT2023_R1,11,0.4,Full-Contextual,PR_AUC,0.95,0.9444584652273421,True,1.0,1032463.0
CICIoT2023_R1,11,0.4,Random-Budget,F1,0.9,0.858807512113082,True,1.0,428699.0
CICIoT2023_R1,11,0.4,Random-Budget,F1,0.95,0.9065190405638088,True,1.0,428699.0
CICIoT2023_R1,11,0.4,Random-Budget,PR_AUC,0.9,0.8947501249522188,True,0.0,191153.0
CICIoT2023_R1,11,0.4,Random-Budget,PR_AUC,0.95,0.9444584652273421,True,0.0,191153.0
CICIoT2023_R1,11,0.4,Cost-Only,F1,0.9,0.858807512113082,True,0.0,237806.0
CICIoT2023_R1,11,0.4,Cost-Only,F1,0.95,0.9065190405638088,True,19.0,4213153.0
CICIoT2023_R1,11,0.4,Cost-Only,PR_AUC,0.9,0.8947501249522188,True,1.0,473871.0
CICIoT2023_R1,11,0.4,Cost-Only,PR_AUC,0.95,0.9444584652273421,True,1.0,473871.0
CICIoT2023_R1,11,0.4,Utility-Only,F1,0.9,0.858807512113082,True,0.0,191692.0
CICIoT2023_R1,11,0.4,Utility-Only,F1,0.95,0.9065190405638088,True,0.0,191692.0
CICIoT2023_R1,11,0.4,Utility-Only,PR_AUC,0.9,0.8947501249522188,True,0.0,191692.0
CICIoT2023_R1,11,0.4,Utility-Only,PR_AUC,0.95,0.9444584652273421,True,0.0,191692.0
CICIoT2023_R1,11,0.4,Utility-Cost-Ratio,F1,0.9,0.858807512113082,True,0.0,191692.0
CICIoT2023_R1,11,0.4,Utility-Cost-Ratio,F1,0.95,0.9065190405638088,True,0.0,191692.0
CICIoT2023_R1,11,0.4,Utility-Cost-Ratio,PR_AUC,0.9,0.8947501249522188,True,0.0,191692.0
CICIoT2023_R1,11,0.4,Utility-Cost-Ratio,PR_AUC,0.95,0.9444584652273421,True,0.0,191692.0
CICIoT2023_R1,11,0.4,CB-Score,F1,0.9,0.858807512113082,True,0.0,191692.0
CICIoT2023_R1,11,0.4,CB-Score,F1,0.95,0.9065190405638088,True,0.0,191692.0
CICIoT2023_R1,11,0.4,CB-Score,PR_AUC,0.9,0.8947501249522188,True,0.0,191692.0
CICIoT2023_R1,11,0.4,CB-Score,PR_AUC,0.95,0.9444584652273421,True,0.0,191692.0
CICIoT2023_R1,11,0.4,Historical-DoubleCost,F1,0.9,0.858807512113082,True,0.0,191692.0
CICIoT2023_R1,11,0.4,Historical-DoubleCost,F1,0.95,0.9065190405638088,True,0.0,191692.0
CICIoT2023_R1,11,0.4,Historical-DoubleCost,PR_AUC,0.9,0.8947501249522188,True,0.0,191692.0
CICIoT2023_R1,11,0.4,Historical-DoubleCost,PR_AUC,0.95,0.9444584652273421,True,0.0,191692.0
CICIoT2023_R1,11,0.4,Oort-Style-Adapted,F1,0.9,0.858807512113082,True,0.0,191692.0
CICIoT2023_R1,11,0.4,Oort-Style-Adapted,F1,0.95,0.9065190405638088,True,0.0,191692.0
CICIoT2023_R1,11,0.4,Oort-Style-Adapted,PR_AUC,0.9,0.8947501249522188,True,0.0,191692.0
CICIoT2023_R1,11,0.4,Oort-Style-Adapted,PR_AUC,0.95,0.9444584652273421,True,0.0,191692.0
CICIoT2023_R1,11,0.4,Oracle-Score-Exact,F1,0.9,0.858807512113082,True,0.0,191692.0
CICIoT2023_R1,11,0.4,Oracle-Score-Exact,F1,0.95,0.9065190405638088,True,0.0,191692.0
CICIoT2023_R1,11,0.4,Oracle-Score-Exact,PR_AUC,0.9,0.8947501249522188,True,0.0,191692.0
CICIoT2023_R1,11,0.4,Oracle-Score-Exact,PR_AUC,0.95,0.9444584652273421,True,0.0,191692.0
CICIoT2023_R1,11,0.6,Full-Contextual,F1,0.9,0.858807512113082,True,0.0,518283.0
CICIoT2023_R1,11,0.6,Full-Contextual,F1,0.95,0.9065190405638088,True,1.0,1032463.0
CICIoT2023_R1,11,0.6,Full-Contextual,PR_AUC,0.9,0.8947501249522188,True,1.0,1032463.0
CICIoT2023_R1,11,0.6,Full-Contextual,PR_AUC,0.95,0.9444584652273421,True,1.0,1032463.0
CICIoT2023_R1,11,0.6,Random-Budget,F1,0.9,0.858807512113082,True,0.0,284965.0
CICIoT2023_R1,11,0.6,Random-Budget,F1,0.95,0.9065190405638088,True,0.0,284965.0
CICIoT2023_R1,11,0.6,Random-Budget,PR_AUC,0.9,0.8947501249522188,True,1.0,615023.0
CICIoT2023_R1,11,0.6,Random-Budget,PR_AUC,0.95,0.9444584652273421,True,1.0,615023.0
CICIoT2023_R1,11,0.6,Cost-Only,F1,0.9,0.858807512113082,True,0.0,284804.0
CICIoT2023_R1,11,0.6,Cost-Only,F1,0.95,0.9065190405638088,True,1.0,614196.0
CICIoT2023_R1,11,0.6,Cost-Only,PR_AUC,0.9,0.8947501249522188,True,1.0,614196.0
CICIoT2023_R1,11,0.6,Cost-Only,PR_AUC,0.95,0.9444584652273421,True,1.0,614196.0
CICIoT2023_R1,11,0.6,Utility-Only,F1,0.9,0.858807512113082,True,0.0,285728.0
CICIoT2023_R1,11,0.6,Utility-Only,F1,0.95,0.9065190405638088,True,0.0,285728.0
CICIoT2023_R1,11,0.6,Utility-Only,PR_AUC,0.9,0.8947501249522188,True,0.0,285728.0
CICIoT2023_R1,11,0.6,Utility-Only,PR_AUC,0.95,0.9444584652273421,True,0.0,285728.0
CICIoT2023_R1,11,0.6,Utility-Cost-Ratio,F1,0.9,0.858807512113082,True,0.0,285728.0
CICIoT2023_R1,11,0.6,Utility-Cost-Ratio,F1,0.95,0.9065190405638088,True,0.0,285728.0
CICIoT2023_R1,11,0.6,Utility-Cost-Ratio,PR_AUC,0.9,0.8947501249522188,True,0.0,285728.0
CICIoT2023_R1,11,0.6,Utility-Cost-Ratio,PR_AUC,0.95,0.9444584652273421,True,0.0,285728.0
CICIoT2023_R1,11,0.6,CB-Score,F1,0.9,0.858807512113082,True,0.0,285728.0
CICIoT2023_R1,11,0.6,CB-Score,F1,0.95,0.9065190405638088,True,0.0,285728.0
CICIoT2023_R1,11,0.6,CB-Score,PR_AUC,0.9,0.8947501249522188,True,0.0,285728.0
CICIoT2023_R1,11,0.6,CB-Score,PR_AUC,0.95,0.9444584652273421,True,0.0,285728.0
CICIoT2023_R1,11,0.6,Historical-DoubleCost,F1,0.9,0.858807512113082,True,0.0,285728.0
CICIoT2023_R1,11,0.6,Historical-DoubleCost,F1,0.95,0.9065190405638088,True,0.0,285728.0
CICIoT2023_R1,11,0.6,Historical-DoubleCost,PR_AUC,0.9,0.8947501249522188,True,0.0,285728.0
CICIoT2023_R1,11,0.6,Historical-DoubleCost,PR_AUC,0.95,0.9444584652273421,True,0.0,285728.0
CICIoT2023_R1,11,0.6,Oort-Style-Adapted,F1,0.9,0.858807512113082,True,0.0,285722.0
CICIoT2023_R1,11,0.6,Oort-Style-Adapted,F1,0.95,0.9065190405638088,True,0.0,285722.0
CICIoT2023_R1,11,0.6,Oort-Style-Adapted,PR_AUC,0.9,0.8947501249522188,True,0.0,285722.0
CICIoT2023_R1,11,0.6,Oort-Style-Adapted,PR_AUC,0.95,0.9444584652273421,True,0.0,285722.0
CICIoT2023_R1,11,0.6,Oracle-Score-Exact,F1,0.9,0.858807512113082,True,0.0,285728.0
CICIoT2023_R1,11,0.6,Oracle-Score-Exact,F1,0.95,0.9065190405638088,True,0.0,285728.0
CICIoT2023_R1,11,0.6,Oracle-Score-Exact,PR_AUC,0.9,0.8947501249522188,True,0.0,285728.0
CICIoT2023_R1,11,0.6,Oracle-Score-Exact,PR_AUC,0.95,0.9444584652273421,True,0.0,285728.0
CICIoT2023_R1,11,0.8,Full-Contextual,F1,0.9,0.858807512113082,True,0.0,518283.0
CICIoT2023_R1,11,0.8,Full-Contextual,F1,0.95,0.9065190405638088,True,1.0,1032463.0
CICIoT2023_R1,11,0.8,Full-Contextual,PR_AUC,0.9,0.8947501249522188,True,1.0,1032463.0
CICIoT2023_R1,11,0.8,Full-Contextual,PR_AUC,0.95,0.9444584652273421,True,1.0,1032463.0
CICIoT2023_R1,11,0.8,Random-Budget,F1,0.9,0.858807512113082,True,0.0,378830.0
CICIoT2023_R1,11,0.8,Random-Budget,F1,0.95,0.9065190405638088,True,0.0,378830.0
CICIoT2023_R1,11,0.8,Random-Budget,PR_AUC,0.9,0.8947501249522188,True,1.0,755146.0
CICIoT2023_R1,11,0.8,Random-Budget,PR_AUC,0.95,0.9444584652273421,True,1.0,755146.0
CICIoT2023_R1,11,0.8,Cost-Only,F1,0.9,0.858807512113082,True,0.0,378833.0
CICIoT2023_R1,11,0.8,Cost-Only,F1,0.95,0.9065190405638088,True,0.0,378833.0
CICIoT2023_R1,11,0.8,Cost-Only,PR_AUC,0.9,0.8947501249522188,True,1.0,754510.0
CICIoT2023_R1,11,0.8,Cost-Only,PR_AUC,0.95,0.9444584652273421,True,1.0,754510.0
CICIoT2023_R1,11,0.8,Utility-Only,F1,0.9,0.858807512113082,True,0.0,379608.0
CICIoT2023_R1,11,0.8,Utility-Only,F1,0.95,0.9065190405638088,True,0.0,379608.0
CICIoT2023_R1,11,0.8,Utility-Only,PR_AUC,0.9,0.8947501249522188,True,0.0,379608.0
CICIoT2023_R1,11,0.8,Utility-Only,PR_AUC,0.95,0.9444584652273421,True,0.0,379608.0
CICIoT2023_R1,11,0.8,Utility-Cost-Ratio,F1,0.9,0.858807512113082,True,0.0,379608.0
CICIoT2023_R1,11,0.8,Utility-Cost-Ratio,F1,0.95,0.9065190405638088,True,0.0,379608.0
CICIoT2023_R1,11,0.8,Utility-Cost-Ratio,PR_AUC,0.9,0.8947501249522188,True,0.0,379608.0
CICIoT2023_R1,11,0.8,Utility-Cost-Ratio,PR_AUC,0.95,0.9444584652273421,True,0.0,379608.0
CICIoT2023_R1,11,0.8,CB-Score,F1,0.9,0.858807512113082,True,0.0,379608.0
CICIoT2023_R1,11,0.8,CB-Score,F1,0.95,0.9065190405638088,True,0.0,379608.0
CICIoT2023_R1,11,0.8,CB-Score,PR_AUC,0.9,0.8947501249522188,True,0.0,379608.0
CICIoT2023_R1,11,0.8,CB-Score,PR_AUC,0.95,0.9444584652273421,True,0.0,379608.0
CICIoT2023_R1,11,0.8,Historical-DoubleCost,F1,0.9,0.858807512113082,True,0.0,379608.0
CICIoT2023_R1,11,0.8,Historical-DoubleCost,F1,0.95,0.9065190405638088,True,0.0,379608.0
CICIoT2023_R1,11,0.8,Historical-DoubleCost,PR_AUC,0.9,0.8947501249522188,True,0.0,379608.0
CICIoT2023_R1,11,0.8,Historical-DoubleCost,PR_AUC,0.95,0.9444584652273421,True,0.0,379608.0
CICIoT2023_R1,11,0.8,Oort-Style-Adapted,F1,0.9,0.858807512113082,True,0.0,379608.0
CICIoT2023_R1,11,0.8,Oort-Style-Adapted,F1,0.95,0.9065190405638088,True,0.0,379608.0
CICIoT2023_R1,11,0.8,Oort-Style-Adapted,PR_AUC,0.9,0.8947501249522188,True,0.0,379608.0
CICIoT2023_R1,11,0.8,Oort-Style-Adapted,PR_AUC,0.95,0.9444584652273421,True,0.0,379608.0
CICIoT2023_R1,11,0.8,Oracle-Score-Exact,F1,0.9,0.858807512113082,True,0.0,379608.0
CICIoT2023_R1,11,0.8,Oracle-Score-Exact,F1,0.95,0.9065190405638088,True,0.0,379608.0
CICIoT2023_R1,11,0.8,Oracle-Score-Exact,PR_AUC,0.9,0.8947501249522188,True,0.0,379608.0
CICIoT2023_R1,11,0.8,Oracle-Score-Exact,PR_AUC,0.95,0.9444584652273421,True,0.0,379608.0
CICIoT2023_R1,11,1.0,Full-Contextual,F1,0.9,0.858807512113082,True,0.0,518283.0
CICIoT2023_R1,11,1.0,Full-Contextual,F1,0.95,0.9065190405638088,True,1.0,1032463.0
CICIoT2023_R1,11,1.0,Full-Contextual,PR_AUC,0.9,0.8947501249522188,True,1.0,1032463.0
CICIoT2023_R1,11,1.0,Full-Contextual,PR_AUC,0.95,0.9444584652273421,True,1.0,1032463.0
CICIoT2023_R1,11,1.0,Random-Budget,F1,0.9,0.858807512113082,True,0.0,472947.0
CICIoT2023_R1,11,1.0,Random-Budget,F1,0.95,0.9065190405638088,True,0.0,472947.0
CICIoT2023_R1,11,1.0,Random-Budget,PR_AUC,0.9,0.8947501249522188,True,0.0,472947.0
CICIoT2023_R1,11,1.0,Random-Budget,PR_AUC,0.95,0.9444584652273421,True,1.0,942033.0
CICIoT2023_R1,11,1.0,Cost-Only,F1,0.9,0.858807512113082,True,0.0,473027.0
CICIoT2023_R1,11,1.0,Cost-Only,F1,0.95,0.9065190405638088,True,0.0,473027.0
CICIoT2023_R1,11,1.0,Cost-Only,PR_AUC,0.9,0.8947501249522188,True,0.0,473027.0
CICIoT2023_R1,11,1.0,Cost-Only,PR_AUC,0.95,0.9444584652273421,True,1.0,942193.0
CICIoT2023_R1,11,1.0,Utility-Only,F1,0.9,0.858807512113082,True,0.0,473027.0
CICIoT2023_R1,11,1.0,Utility-Only,F1,0.95,0.9065190405638088,True,0.0,473027.0
CICIoT2023_R1,11,1.0,Utility-Only,PR_AUC,0.9,0.8947501249522188,True,0.0,473027.0
CICIoT2023_R1,11,1.0,Utility-Only,PR_AUC,0.95,0.9444584652273421,True,1.0,756120.0
CICIoT2023_R1,11,1.0,Utility-Cost-Ratio,F1,0.9,0.858807512113082,True,0.0,473027.0
CICIoT2023_R1,11,1.0,Utility-Cost-Ratio,F1,0.95,0.9065190405638088,True,0.0,473027.0
CICIoT2023_R1,11,1.0,Utility-Cost-Ratio,PR_AUC,0.9,0.8947501249522188,True,0.0,473027.0
CICIoT2023_R1,11,1.0,Utility-Cost-Ratio,PR_AUC,0.95,0.9444584652273421,True,1.0,756120.0
CICIoT2023_R1,11,1.0,CB-Score,F1,0.9,0.858807512113082,True,0.0,426316.0
CICIoT2023_R1,11,1.0,CB-Score,F1,0.95,0.9065190405638088,True,2.0,1120477.0
CICIoT2023_R1,11,1.0,CB-Score,PR_AUC,0.9,0.8947501249522188,True,1.0,753407.0
CICIoT2023_R1,11,1.0,CB-Score,PR_AUC,0.95,0.9444584652273421,True,1.0,753407.0
CICIoT2023_R1,11,1.0,Historical-DoubleCost,F1,0.9,0.858807512113082,True,0.0,426316.0
CICIoT2023_R1,11,1.0,Historical-DoubleCost,F1,0.95,0.9065190405638088,True,2.0,1120477.0
CICIoT2023_R1,11,1.0,Historical-DoubleCost,PR_AUC,0.9,0.8947501249522188,True,1.0,753407.0
CICIoT2023_R1,11,1.0,Historical-DoubleCost,PR_AUC,0.95,0.9444584652273421,True,1.0,753407.0
CICIoT2023_R1,11,1.0,Oort-Style-Adapted,F1,0.9,0.858807512113082,True,0.0,473027.0
CICIoT2023_R1,11,1.0,Oort-Style-Adapted,F1,0.95,0.9065190405638088,True,0.0,473027.0
CICIoT2023_R1,11,1.0,Oort-Style-Adapted,PR_AUC,0.9,0.8947501249522188,True,0.0,473027.0
CICIoT2023_R1,11,1.0,Oort-Style-Adapted,PR_AUC,0.95,0.9444584652273421,True,1.0,756120.0
CICIoT2023_R1,11,1.0,Oracle-Score-Exact,F1,0.9,0.858807512113082,True,0.0,426316.0
CICIoT2023_R1,11,1.0,Oracle-Score-Exact,F1,0.95,0.9065190405638088,True,2.0,1120477.0
CICIoT2023_R1,11,1.0,Oracle-Score-Exact,PR_AUC,0.9,0.8947501249522188,True,1.0,753407.0
CICIoT2023_R1,11,1.0,Oracle-Score-Exact,PR_AUC,0.95,0.9444584652273421,True,1.0,753407.0
CICIoT2023_R1,314,0.1,Full-Contextual,F1,0.9,0.8547346431499061,True,0.0,517926.0
CICIoT2023_R1,314,0.1,Full-Contextual,F1,0.95,0.9022199011026786,True,1.0,1034168.0
CICIoT2023_R1,314,0.1,Full-Contextual,PR_AUC,0.9,0.8940072164102899,True,1.0,1034168.0
CICIoT2023_R1,314,0.1,Full-Contextual,PR_AUC,0.95,0.9436742839886393,True,1.0,1034168.0
CICIoT2023_R1,314,0.1,Random-Budget,F1,0.9,0.8547346431499061,True,0.0,96938.0
CICIoT2023_R1,314,0.1,Random-Budget,F1,0.95,0.9022199011026786,True,6.0,665484.0
CICIoT2023_R1,314,0.1,Random-Budget,PR_AUC,0.9,0.8940072164102899,True,1.0,193606.0
CICIoT2023_R1,314,0.1,Random-Budget,PR_AUC,0.95,0.9436742839886393,True,1.0,193606.0
CICIoT2023_R1,314,0.1,Cost-Only,F1,0.9,0.8547346431499061,True,0.0,97018.0
CICIoT2023_R1,314,0.1,Cost-Only,F1,0.95,0.9022199011026786,True,6.0,653284.0
CICIoT2023_R1,314,0.1,Cost-Only,PR_AUC,0.9,0.8940072164102899,True,4.0,470666.0
CICIoT2023_R1,314,0.1,Cost-Only,PR_AUC,0.95,0.9436742839886393,True,4.0,470666.0
CICIoT2023_R1,314,0.1,Utility-Only,F1,0.9,0.8547346431499061,True,0.0,97018.0
CICIoT2023_R1,314,0.1,Utility-Only,F1,0.95,0.9022199011026786,True,4.0,479596.0
CICIoT2023_R1,314,0.1,Utility-Only,PR_AUC,0.9,0.8940072164102899,True,1.0,193766.0
CICIoT2023_R1,314,0.1,Utility-Only,PR_AUC,0.95,0.9436742839886393,True,1.0,193766.0
CICIoT2023_R1,314,0.1,Utility-Cost-Ratio,F1,0.9,0.8547346431499061,True,0.0,97018.0
CICIoT2023_R1,314,0.1,Utility-Cost-Ratio,F1,0.95,0.9022199011026786,True,4.0,479596.0
CICIoT2023_R1,314,0.1,Utility-Cost-Ratio,PR_AUC,0.9,0.8940072164102899,True,1.0,193766.0
CICIoT2023_R1,314,0.1,Utility-Cost-Ratio,PR_AUC,0.95,0.9436742839886393,True,1.0,193766.0
CICIoT2023_R1,314,0.1,CB-Score,F1,0.9,0.8547346431499061,True,0.0,97018.0
CICIoT2023_R1,314,0.1,CB-Score,F1,0.95,0.9022199011026786,True,4.0,479596.0
CICIoT2023_R1,314,0.1,CB-Score,PR_AUC,0.9,0.8940072164102899,True,1.0,193766.0
CICIoT2023_R1,314,0.1,CB-Score,PR_AUC,0.95,0.9436742839886393,True,1.0,193766.0
CICIoT2023_R1,314,0.1,Historical-DoubleCost,F1,0.9,0.8547346431499061,True,0.0,97018.0
CICIoT2023_R1,314,0.1,Historical-DoubleCost,F1,0.95,0.9022199011026786,True,4.0,479596.0
CICIoT2023_R1,314,0.1,Historical-DoubleCost,PR_AUC,0.9,0.8940072164102899,True,1.0,193766.0
CICIoT2023_R1,314,0.1,Historical-DoubleCost,PR_AUC,0.95,0.9436742839886393,True,1.0,193766.0
CICIoT2023_R1,314,0.1,Oort-Style-Adapted,F1,0.9,0.8547346431499061,True,0.0,97018.0
CICIoT2023_R1,314,0.1,Oort-Style-Adapted,F1,0.95,0.9022199011026786,True,9.0,908078.0
CICIoT2023_R1,314,0.1,Oort-Style-Adapted,PR_AUC,0.9,0.8940072164102899,True,1.0,193766.0
CICIoT2023_R1,314,0.1,Oort-Style-Adapted,PR_AUC,0.95,0.9436742839886393,True,1.0,193766.0
CICIoT2023_R1,314,0.1,Oracle-Score-Exact,F1,0.9,0.8547346431499061,True,0.0,97018.0
CICIoT2023_R1,314,0.1,Oracle-Score-Exact,F1,0.95,0.9022199011026786,True,4.0,479596.0
CICIoT2023_R1,314,0.1,Oracle-Score-Exact,PR_AUC,0.9,0.8940072164102899,True,1.0,193766.0
CICIoT2023_R1,314,0.1,Oracle-Score-Exact,PR_AUC,0.95,0.9436742839886393,True,1.0,193766.0
CICIoT2023_R1,314,0.2,Full-Contextual,F1,0.9,0.8547346431499061,True,0.0,517926.0
CICIoT2023_R1,314,0.2,Full-Contextual,F1,0.95,0.9022199011026786,True,1.0,1034168.0
CICIoT2023_R1,314,0.2,Full-Contextual,PR_AUC,0.9,0.8940072164102899,True,1.0,1034168.0
CICIoT2023_R1,314,0.2,Full-Contextual,PR_AUC,0.95,0.9436742839886393,True,1.0,1034168.0
CICIoT2023_R1,314,0.2,Random-Budget,F1,0.9,0.8547346431499061,True,0.0,144007.0
CICIoT2023_R1,314,0.2,Random-Budget,F1,0.95,0.9022199011026786,True,5.0,842654.0
CICIoT2023_R1,314,0.2,Random-Budget,PR_AUC,0.9,0.8940072164102899,True,3.0,566469.0
CICIoT2023_R1,314,0.2,Random-Budget,PR_AUC,0.95,0.9436742839886393,True,3.0,566469.0
CICIoT2023_R1,314,0.2,Cost-Only,F1,0.9,0.8547346431499061,True,0.0,143865.0
CICIoT2023_R1,314,0.2,Cost-Only,F1,0.95,0.9022199011026786,True,4.0,664324.0
CICIoT2023_R1,314,0.2,Cost-Only,PR_AUC,0.9,0.8940072164102899,True,2.0,384143.0
CICIoT2023_R1,314,0.2,Cost-Only,PR_AUC,0.95,0.9436742839886393,True,2.0,384143.0
CICIoT2023_R1,314,0.2,Utility-Only,F1,0.9,0.8547346431499061,True,0.0,144063.0
CICIoT2023_R1,314,0.2,Utility-Only,F1,0.95,0.9022199011026786,True,1.0,287624.0
CICIoT2023_R1,314,0.2,Utility-Only,PR_AUC,0.9,0.8940072164102899,True,1.0,287624.0
CICIoT2023_R1,314,0.2,Utility-Only,PR_AUC,0.95,0.9436742839886393,True,1.0,287624.0
CICIoT2023_R1,314,0.2,Utility-Cost-Ratio,F1,0.9,0.8547346431499061,True,0.0,144063.0
CICIoT2023_R1,314,0.2,Utility-Cost-Ratio,F1,0.95,0.9022199011026786,True,1.0,287624.0
CICIoT2023_R1,314,0.2,Utility-Cost-Ratio,PR_AUC,0.9,0.8940072164102899,True,1.0,287624.0
CICIoT2023_R1,314,0.2,Utility-Cost-Ratio,PR_AUC,0.95,0.9436742839886393,True,1.0,287624.0
CICIoT2023_R1,314,0.2,CB-Score,F1,0.9,0.8547346431499061,True,0.0,144063.0
CICIoT2023_R1,314,0.2,CB-Score,F1,0.95,0.9022199011026786,True,6.0,894854.0
CICIoT2023_R1,314,0.2,CB-Score,PR_AUC,0.9,0.8940072164102899,True,1.0,241056.0
CICIoT2023_R1,314,0.2,CB-Score,PR_AUC,0.95,0.9436742839886393,True,1.0,241056.0
CICIoT2023_R1,314,0.2,Historical-DoubleCost,F1,0.9,0.8547346431499061,True,0.0,144063.0
CICIoT2023_R1,314,0.2,Historical-DoubleCost,F1,0.95,0.9022199011026786,True,4.0,661663.0
CICIoT2023_R1,314,0.2,Historical-DoubleCost,PR_AUC,0.9,0.8940072164102899,True,1.0,241056.0
CICIoT2023_R1,314,0.2,Historical-DoubleCost,PR_AUC,0.95,0.9436742839886393,True,1.0,241056.0
CICIoT2023_R1,314,0.2,Oort-Style-Adapted,F1,0.9,0.8547346431499061,True,0.0,144063.0
CICIoT2023_R1,314,0.2,Oort-Style-Adapted,F1,0.95,0.9022199011026786,True,1.0,287624.0
CICIoT2023_R1,314,0.2,Oort-Style-Adapted,PR_AUC,0.9,0.8940072164102899,True,1.0,287624.0
CICIoT2023_R1,314,0.2,Oort-Style-Adapted,PR_AUC,0.95,0.9436742839886393,True,1.0,287624.0
CICIoT2023_R1,314,0.2,Oracle-Score-Exact,F1,0.9,0.8547346431499061,True,0.0,144063.0
CICIoT2023_R1,314,0.2,Oracle-Score-Exact,F1,0.95,0.9022199011026786,True,4.0,661663.0
CICIoT2023_R1,314,0.2,Oracle-Score-Exact,PR_AUC,0.9,0.8940072164102899,True,1.0,241056.0
CICIoT2023_R1,314,0.2,Oracle-Score-Exact,PR_AUC,0.95,0.9436742839886393,True,1.0,241056.0
CICIoT2023_R1,314,0.4,Full-Contextual,F1,0.9,0.8547346431499061,True,0.0,517926.0
CICIoT2023_R1,314,0.4,Full-Contextual,F1,0.95,0.9022199011026786,True,1.0,1034168.0
CICIoT2023_R1,314,0.4,Full-Contextual,PR_AUC,0.9,0.8940072164102899,True,1.0,1034168.0
CICIoT2023_R1,314,0.4,Full-Contextual,PR_AUC,0.95,0.9436742839886393,True,1.0,1034168.0
CICIoT2023_R1,314,0.4,Random-Budget,F1,0.9,0.8547346431499061,True,0.0,191034.0
CICIoT2023_R1,314,0.4,Random-Budget,F1,0.95,0.9022199011026786,True,2.0,566418.0
CICIoT2023_R1,314,0.4,Random-Budget,PR_AUC,0.9,0.8940072164102899,True,1.0,381360.0
CICIoT2023_R1,314,0.4,Random-Budget,PR_AUC,0.95,0.9436742839886393,True,2.0,566418.0
CICIoT2023_R1,314,0.4,Cost-Only,F1,0.9,0.8547346431499061,True,0.0,190857.0
CICIoT2023_R1,314,0.4,Cost-Only,F1,0.95,0.9022199011026786,True,2.0,607736.0
CICIoT2023_R1,314,0.4,Cost-Only,PR_AUC,0.9,0.8940072164102899,True,1.0,380735.0
CICIoT2023_R1,314,0.4,Cost-Only,PR_AUC,0.95,0.9436742839886393,True,2.0,607736.0
CICIoT2023_R1,314,0.4,Utility-Only,F1,0.9,0.8547346431499061,True,1.0,382678.0
CICIoT2023_R1,314,0.4,Utility-Only,F1,0.95,0.9022199011026786,True,1.0,382678.0
CICIoT2023_R1,314,0.4,Utility-Only,PR_AUC,0.9,0.8940072164102899,True,0.0,191430.0
CICIoT2023_R1,314,0.4,Utility-Only,PR_AUC,0.95,0.9436742839886393,True,0.0,191430.0
CICIoT2023_R1,314,0.4,Utility-Cost-Ratio,F1,0.9,0.8547346431499061,True,1.0,382678.0
CICIoT2023_R1,314,0.4,Utility-Cost-Ratio,F1,0.95,0.9022199011026786,True,1.0,382678.0
CICIoT2023_R1,314,0.4,Utility-Cost-Ratio,PR_AUC,0.9,0.8940072164102899,True,0.0,191430.0
CICIoT2023_R1,314,0.4,Utility-Cost-Ratio,PR_AUC,0.95,0.9436742839886393,True,0.0,191430.0
CICIoT2023_R1,314,0.4,CB-Score,F1,0.9,0.8547346431499061,True,1.0,382678.0
CICIoT2023_R1,314,0.4,CB-Score,F1,0.95,0.9022199011026786,True,1.0,382678.0
CICIoT2023_R1,314,0.4,CB-Score,PR_AUC,0.9,0.8940072164102899,True,0.0,191430.0
CICIoT2023_R1,314,0.4,CB-Score,PR_AUC,0.95,0.9436742839886393,True,0.0,191430.0
CICIoT2023_R1,314,0.4,Historical-DoubleCost,F1,0.9,0.8547346431499061,True,1.0,382678.0
CICIoT2023_R1,314,0.4,Historical-DoubleCost,F1,0.95,0.9022199011026786,True,1.0,382678.0
CICIoT2023_R1,314,0.4,Historical-DoubleCost,PR_AUC,0.9,0.8940072164102899,True,0.0,191430.0
CICIoT2023_R1,314,0.4,Historical-DoubleCost,PR_AUC,0.95,0.9436742839886393,True,0.0,191430.0
CICIoT2023_R1,314,0.4,Oort-Style-Adapted,F1,0.9,0.8547346431499061,True,1.0,382481.0
CICIoT2023_R1,314,0.4,Oort-Style-Adapted,F1,0.95,0.9022199011026786,True,2.0,570841.0
CICIoT2023_R1,314,0.4,Oort-Style-Adapted,PR_AUC,0.9,0.8940072164102899,True,0.0,191430.0
CICIoT2023_R1,314,0.4,Oort-Style-Adapted,PR_AUC,0.95,0.9436742839886393,True,0.0,191430.0
CICIoT2023_R1,314,0.4,Oracle-Score-Exact,F1,0.9,0.8547346431499061,True,1.0,382678.0
CICIoT2023_R1,314,0.4,Oracle-Score-Exact,F1,0.95,0.9022199011026786,True,1.0,382678.0
CICIoT2023_R1,314,0.4,Oracle-Score-Exact,PR_AUC,0.9,0.8940072164102899,True,0.0,191430.0
CICIoT2023_R1,314,0.4,Oracle-Score-Exact,PR_AUC,0.95,0.9436742839886393,True,0.0,191430.0
CICIoT2023_R1,314,0.6,Full-Contextual,F1,0.9,0.8547346431499061,True,0.0,517926.0
CICIoT2023_R1,314,0.6,Full-Contextual,F1,0.95,0.9022199011026786,True,1.0,1034168.0
CICIoT2023_R1,314,0.6,Full-Contextual,PR_AUC,0.9,0.8940072164102899,True,1.0,1034168.0
CICIoT2023_R1,314,0.6,Full-Contextual,PR_AUC,0.95,0.9436742839886393,True,1.0,1034168.0
CICIoT2023_R1,314,0.6,Random-Budget,F1,0.9,0.8547346431499061,True,0.0,285064.0
CICIoT2023_R1,314,0.6,Random-Budget,F1,0.95,0.9022199011026786,True,0.0,285064.0
CICIoT2023_R1,314,0.6,Random-Budget,PR_AUC,0.9,0.8940072164102899,True,1.0,568897.0
CICIoT2023_R1,314,0.6,Random-Budget,PR_AUC,0.95,0.9436742839886393,True,1.0,568897.0
CICIoT2023_R1,314,0.6,Cost-Only,F1,0.9,0.8547346431499061,True,0.0,284902.0
CICIoT2023_R1,314,0.6,Cost-Only,F1,0.95,0.9022199011026786,True,1.0,568665.0
CICIoT2023_R1,314,0.6,Cost-Only,PR_AUC,0.9,0.8940072164102899,True,1.0,568665.0
CICIoT2023_R1,314,0.6,Cost-Only,PR_AUC,0.95,0.9436742839886393,True,1.0,568665.0
CICIoT2023_R1,314,0.6,Utility-Only,F1,0.9,0.8547346431499061,True,0.0,285561.0
CICIoT2023_R1,314,0.6,Utility-Only,F1,0.95,0.9022199011026786,True,1.0,570466.0
CICIoT2023_R1,314,0.6,Utility-Only,PR_AUC,0.9,0.8940072164102899,True,0.0,285561.0
CICIoT2023_R1,314,0.6,Utility-Only,PR_AUC,0.95,0.9436742839886393,True,0.0,285561.0
CICIoT2023_R1,314,0.6,Utility-Cost-Ratio,F1,0.9,0.8547346431499061,True,0.0,285561.0
CICIoT2023_R1,314,0.6,Utility-Cost-Ratio,F1,0.95,0.9022199011026786,True,1.0,570466.0
CICIoT2023_R1,314,0.6,Utility-Cost-Ratio,PR_AUC,0.9,0.8940072164102899,True,0.0,285561.0
CICIoT2023_R1,314,0.6,Utility-Cost-Ratio,PR_AUC,0.95,0.9436742839886393,True,0.0,285561.0
CICIoT2023_R1,314,0.6,CB-Score,F1,0.9,0.8547346431499061,True,0.0,285561.0
CICIoT2023_R1,314,0.6,CB-Score,F1,0.95,0.9022199011026786,True,1.0,570466.0
CICIoT2023_R1,314,0.6,CB-Score,PR_AUC,0.9,0.8940072164102899,True,0.0,285561.0
CICIoT2023_R1,314,0.6,CB-Score,PR_AUC,0.95,0.9436742839886393,True,0.0,285561.0
CICIoT2023_R1,314,0.6,Historical-DoubleCost,F1,0.9,0.8547346431499061,True,0.0,285561.0
CICIoT2023_R1,314,0.6,Historical-DoubleCost,F1,0.95,0.9022199011026786,True,1.0,570466.0
CICIoT2023_R1,314,0.6,Historical-DoubleCost,PR_AUC,0.9,0.8940072164102899,True,0.0,285561.0
CICIoT2023_R1,314,0.6,Historical-DoubleCost,PR_AUC,0.95,0.9436742839886393,True,0.0,285561.0
CICIoT2023_R1,314,0.6,Oort-Style-Adapted,F1,0.9,0.8547346431499061,True,0.0,285035.0
CICIoT2023_R1,314,0.6,Oort-Style-Adapted,F1,0.95,0.9022199011026786,True,2.0,853171.0
CICIoT2023_R1,314,0.6,Oort-Style-Adapted,PR_AUC,0.9,0.8940072164102899,True,1.0,570266.0
CICIoT2023_R1,314,0.6,Oort-Style-Adapted,PR_AUC,0.95,0.9436742839886393,True,1.0,570266.0
CICIoT2023_R1,314,0.6,Oracle-Score-Exact,F1,0.9,0.8547346431499061,True,0.0,285561.0
CICIoT2023_R1,314,0.6,Oracle-Score-Exact,F1,0.95,0.9022199011026786,True,1.0,570466.0
CICIoT2023_R1,314,0.6,Oracle-Score-Exact,PR_AUC,0.9,0.8940072164102899,True,0.0,285561.0
CICIoT2023_R1,314,0.6,Oracle-Score-Exact,PR_AUC,0.95,0.9436742839886393,True,0.0,285561.0
CICIoT2023_R1,314,0.8,Full-Contextual,F1,0.9,0.8547346431499061,True,0.0,517926.0
CICIoT2023_R1,314,0.8,Full-Contextual,F1,0.95,0.9022199011026786,True,1.0,1034168.0
CICIoT2023_R1,314,0.8,Full-Contextual,PR_AUC,0.9,0.8940072164102899,True,1.0,1034168.0
CICIoT2023_R1,314,0.8,Full-Contextual,PR_AUC,0.95,0.9436742839886393,True,1.0,1034168.0
CICIoT2023_R1,314,0.8,Random-Budget,F1,0.9,0.8547346431499061,True,0.0,378898.0
CICIoT2023_R1,314,0.8,Random-Budget,F1,0.95,0.9022199011026786,True,1.0,756357.0
CICIoT2023_R1,314,0.8,Random-Budget,PR_AUC,0.9,0.8940072164102899,True,1.0,756357.0
CICIoT2023_R1,314,0.8,Random-Budget,PR_AUC,0.95,0.9436742839886393,True,1.0,756357.0
CICIoT2023_R1,314,0.8,Cost-Only,F1,0.9,0.8547346431499061,True,0.0,378978.0
CICIoT2023_R1,314,0.8,Cost-Only,F1,0.95,0.9022199011026786,True,1.0,756430.0
CICIoT2023_R1,314,0.8,Cost-Only,PR_AUC,0.9,0.8940072164102899,True,1.0,756430.0
CICIoT2023_R1,314,0.8,Cost-Only,PR_AUC,0.95,0.9436742839886393,True,1.0,756430.0
CICIoT2023_R1,314,0.8,Utility-Only,F1,0.9,0.8547346431499061,True,0.0,379089.0
CICIoT2023_R1,314,0.8,Utility-Only,F1,0.95,0.9022199011026786,True,0.0,379089.0
CICIoT2023_R1,314,0.8,Utility-Only,PR_AUC,0.9,0.8940072164102899,True,0.0,379089.0
CICIoT2023_R1,314,0.8,Utility-Only,PR_AUC,0.95,0.9436742839886393,True,0.0,379089.0
CICIoT2023_R1,314,0.8,Utility-Cost-Ratio,F1,0.9,0.8547346431499061,True,0.0,379089.0
CICIoT2023_R1,314,0.8,Utility-Cost-Ratio,F1,0.95,0.9022199011026786,True,0.0,379089.0
CICIoT2023_R1,314,0.8,Utility-Cost-Ratio,PR_AUC,0.9,0.8940072164102899,True,0.0,379089.0
CICIoT2023_R1,314,0.8,Utility-Cost-Ratio,PR_AUC,0.95,0.9436742839886393,True,0.0,379089.0
CICIoT2023_R1,314,0.8,CB-Score,F1,0.9,0.8547346431499061,True,0.0,379089.0
CICIoT2023_R1,314,0.8,CB-Score,F1,0.95,0.9022199011026786,True,0.0,379089.0
CICIoT2023_R1,314,0.8,CB-Score,PR_AUC,0.9,0.8940072164102899,True,0.0,379089.0
CICIoT2023_R1,314,0.8,CB-Score,PR_AUC,0.95,0.9436742839886393,True,0.0,379089.0
CICIoT2023_R1,314,0.8,Historical-DoubleCost,F1,0.9,0.8547346431499061,True,0.0,379089.0
CICIoT2023_R1,314,0.8,Historical-DoubleCost,F1,0.95,0.9022199011026786,True,0.0,379089.0
CICIoT2023_R1,314,0.8,Historical-DoubleCost,PR_AUC,0.9,0.8940072164102899,True,0.0,379089.0
CICIoT2023_R1,314,0.8,Historical-DoubleCost,PR_AUC,0.95,0.9436742839886393,True,0.0,379089.0
CICIoT2023_R1,314,0.8,Oort-Style-Adapted,F1,0.9,0.8547346431499061,True,0.0,379043.0
CICIoT2023_R1,314,0.8,Oort-Style-Adapted,F1,0.95,0.9022199011026786,True,1.0,757067.0
CICIoT2023_R1,314,0.8,Oort-Style-Adapted,PR_AUC,0.9,0.8940072164102899,True,1.0,757067.0
CICIoT2023_R1,314,0.8,Oort-Style-Adapted,PR_AUC,0.95,0.9436742839886393,True,1.0,757067.0
CICIoT2023_R1,314,0.8,Oracle-Score-Exact,F1,0.9,0.8547346431499061,True,0.0,379089.0
CICIoT2023_R1,314,0.8,Oracle-Score-Exact,F1,0.95,0.9022199011026786,True,0.0,379089.0
CICIoT2023_R1,314,0.8,Oracle-Score-Exact,PR_AUC,0.9,0.8940072164102899,True,0.0,379089.0
CICIoT2023_R1,314,0.8,Oracle-Score-Exact,PR_AUC,0.95,0.9436742839886393,True,0.0,379089.0
CICIoT2023_R1,314,1.0,Full-Contextual,F1,0.9,0.8547346431499061,True,0.0,517926.0
CICIoT2023_R1,314,1.0,Full-Contextual,F1,0.95,0.9022199011026786,True,1.0,1034168.0
CICIoT2023_R1,314,1.0,Full-Contextual,PR_AUC,0.9,0.8940072164102899,True,1.0,1034168.0
CICIoT2023_R1,314,1.0,Full-Contextual,PR_AUC,0.95,0.9436742839886393,True,1.0,1034168.0
CICIoT2023_R1,314,1.0,Random-Budget,F1,0.9,0.8547346431499061,True,0.0,425971.0
CICIoT2023_R1,314,1.0,Random-Budget,F1,0.95,0.9022199011026786,True,1.0,850324.0
CICIoT2023_R1,314,1.0,Random-Budget,PR_AUC,0.9,0.8940072164102899,True,1.0,850324.0
CICIoT2023_R1,314,1.0,Random-Budget,PR_AUC,0.95,0.9436742839886393,True,1.0,850324.0
CICIoT2023_R1,314,1.0,Cost-Only,F1,0.9,0.8547346431499061,True,0.0,426051.0
CICIoT2023_R1,314,1.0,Cost-Only,F1,0.95,0.9022199011026786,True,1.0,850484.0
CICIoT2023_R1,314,1.0,Cost-Only,PR_AUC,0.9,0.8940072164102899,True,1.0,850484.0
CICIoT2023_R1,314,1.0,Cost-Only,PR_AUC,0.95,0.9436742839886393,True,1.0,850484.0
CICIoT2023_R1,314,1.0,Utility-Only,F1,0.9,0.8547346431499061,True,0.0,426051.0
CICIoT2023_R1,314,1.0,Utility-Only,F1,0.95,0.9022199011026786,True,2.0,1038118.0
CICIoT2023_R1,314,1.0,Utility-Only,PR_AUC,0.9,0.8940072164102899,True,1.0,757366.0
CICIoT2023_R1,314,1.0,Utility-Only,PR_AUC,0.95,0.9436742839886393,True,1.0,757366.0
CICIoT2023_R1,314,1.0,Utility-Cost-Ratio,F1,0.9,0.8547346431499061,True,0.0,426051.0
CICIoT2023_R1,314,1.0,Utility-Cost-Ratio,F1,0.95,0.9022199011026786,True,2.0,1038118.0
CICIoT2023_R1,314,1.0,Utility-Cost-Ratio,PR_AUC,0.9,0.8940072164102899,True,1.0,757366.0
CICIoT2023_R1,314,1.0,Utility-Cost-Ratio,PR_AUC,0.95,0.9436742839886393,True,1.0,757366.0
CICIoT2023_R1,314,1.0,CB-Score,F1,0.9,0.8547346431499061,True,0.0,379089.0
CICIoT2023_R1,314,1.0,CB-Score,F1,0.95,0.9022199011026786,True,0.0,379089.0
CICIoT2023_R1,314,1.0,CB-Score,PR_AUC,0.9,0.8940072164102899,True,0.0,379089.0
CICIoT2023_R1,314,1.0,CB-Score,PR_AUC,0.95,0.9436742839886393,True,0.0,379089.0
CICIoT2023_R1,314,1.0,Historical-DoubleCost,F1,0.9,0.8547346431499061,True,0.0,379089.0
CICIoT2023_R1,314,1.0,Historical-DoubleCost,F1,0.95,0.9022199011026786,True,0.0,379089.0
CICIoT2023_R1,314,1.0,Historical-DoubleCost,PR_AUC,0.9,0.8940072164102899,True,0.0,379089.0
CICIoT2023_R1,314,1.0,Historical-DoubleCost,PR_AUC,0.95,0.9436742839886393,True,0.0,379089.0
CICIoT2023_R1,314,1.0,Oort-Style-Adapted,F1,0.9,0.8547346431499061,True,0.0,426051.0
CICIoT2023_R1,314,1.0,Oort-Style-Adapted,F1,0.95,0.9022199011026786,True,2.0,1038118.0
CICIoT2023_R1,314,1.0,Oort-Style-Adapted,PR_AUC,0.9,0.8940072164102899,True,1.0,757366.0
CICIoT2023_R1,314,1.0,Oort-Style-Adapted,PR_AUC,0.95,0.9436742839886393,True,1.0,757366.0
CICIoT2023_R1,314,1.0,Oracle-Score-Exact,F1,0.9,0.8547346431499061,True,0.0,379089.0
CICIoT2023_R1,314,1.0,Oracle-Score-Exact,F1,0.95,0.9022199011026786,True,0.0,379089.0
CICIoT2023_R1,314,1.0,Oracle-Score-Exact,PR_AUC,0.9,0.8940072164102899,True,0.0,379089.0
CICIoT2023_R1,314,1.0,Oracle-Score-Exact,PR_AUC,0.95,0.9436742839886393,True,0.0,379089.0
CICIoT2023_R1,2718,0.1,Full-Contextual,F1,0.9,0.8561573003129678,True,0.0,518665.0
CICIoT2023_R1,2718,0.1,Full-Contextual,F1,0.95,0.9037215947747992,True,1.0,1031060.0
CICIoT2023_R1,2718,0.1,Full-Contextual,PR_AUC,0.9,0.8935340554861261,True,1.0,1031060.0
CICIoT2023_R1,2718,0.1,Full-Contextual,PR_AUC,0.95,0.9431748363464664,True,1.0,1031060.0
CICIoT2023_R1,2718,0.1,Random-Budget,F1,0.9,0.8561573003129678,True,3.0,294038.0
CICIoT2023_R1,2718,0.1,Random-Budget,F1,0.95,0.9037215947747992,True,3.0,294038.0
CICIoT2023_R1,2718,0.1,Random-Budget,PR_AUC,0.9,0.8935340554861261,True,2.0,197737.0
CICIoT2023_R1,2718,0.1,Random-Budget,PR_AUC,0.95,0.9431748363464664,True,2.0,197737.0
CICIoT2023_R1,2718,0.1,Cost-Only,F1,0.9,0.8561573003129678,True,3.0,294047.0
CICIoT2023_R1,2718,0.1,Cost-Only,F1,0.95,0.9037215947747992,True,4.0,389739.0
CICIoT2023_R1,2718,0.1,Cost-Only,PR_AUC,0.9,0.8935340554861261,True,2.0,197977.0
CICIoT2023_R1,2718,0.1,Cost-Only,PR_AUC,0.95,0.9431748363464664,True,2.0,197977.0
CICIoT2023_R1,2718,0.1,Utility-Only,F1,0.9,0.8561573003129678,True,3.0,294358.0
CICIoT2023_R1,2718,0.1,Utility-Only,F1,0.95,0.9037215947747992,True,3.0,294358.0
CICIoT2023_R1,2718,0.1,Utility-Only,PR_AUC,0.9,0.8935340554861261,True,2.0,197977.0
CICIoT2023_R1,2718,0.1,Utility-Only,PR_AUC,0.95,0.9431748363464664,True,2.0,197977.0
CICIoT2023_R1,2718,0.1,Utility-Cost-Ratio,F1,0.9,0.8561573003129678,True,3.0,294358.0
CICIoT2023_R1,2718,0.1,Utility-Cost-Ratio,F1,0.95,0.9037215947747992,True,3.0,294358.0
CICIoT2023_R1,2718,0.1,Utility-Cost-Ratio,PR_AUC,0.9,0.8935340554861261,True,2.0,197977.0
CICIoT2023_R1,2718,0.1,Utility-Cost-Ratio,PR_AUC,0.95,0.9431748363464664,True,2.0,197977.0
CICIoT2023_R1,2718,0.1,CB-Score,F1,0.9,0.8561573003129678,True,3.0,294358.0
CICIoT2023_R1,2718,0.1,CB-Score,F1,0.95,0.9037215947747992,True,3.0,294358.0
CICIoT2023_R1,2718,0.1,CB-Score,PR_AUC,0.9,0.8935340554861261,True,2.0,197977.0
CICIoT2023_R1,2718,0.1,CB-Score,PR_AUC,0.95,0.9431748363464664,True,2.0,197977.0
CICIoT2023_R1,2718,0.1,Historical-DoubleCost,F1,0.9,0.8561573003129678,True,3.0,294358.0
CICIoT2023_R1,2718,0.1,Historical-DoubleCost,F1,0.95,0.9037215947747992,True,3.0,294358.0
CICIoT2023_R1,2718,0.1,Historical-DoubleCost,PR_AUC,0.9,0.8935340554861261,True,2.0,197977.0
CICIoT2023_R1,2718,0.1,Historical-DoubleCost,PR_AUC,0.95,0.9431748363464664,True,2.0,197977.0
CICIoT2023_R1,2718,0.1,Oort-Style-Adapted,F1,0.9,0.8561573003129678,True,3.0,294358.0
CICIoT2023_R1,2718,0.1,Oort-Style-Adapted,F1,0.95,0.9037215947747992,True,3.0,294358.0
CICIoT2023_R1,2718,0.1,Oort-Style-Adapted,PR_AUC,0.9,0.8935340554861261,True,2.0,197977.0
CICIoT2023_R1,2718,0.1,Oort-Style-Adapted,PR_AUC,0.95,0.9431748363464664,True,2.0,197977.0
CICIoT2023_R1,2718,0.1,Oracle-Score-Exact,F1,0.9,0.8561573003129678,True,3.0,294358.0
CICIoT2023_R1,2718,0.1,Oracle-Score-Exact,F1,0.95,0.9037215947747992,True,3.0,294358.0
CICIoT2023_R1,2718,0.1,Oracle-Score-Exact,PR_AUC,0.9,0.8935340554861261,True,2.0,197977.0
CICIoT2023_R1,2718,0.1,Oracle-Score-Exact,PR_AUC,0.95,0.9431748363464664,True,2.0,197977.0
CICIoT2023_R1,2718,0.2,Full-Contextual,F1,0.9,0.8561573003129678,True,0.0,518665.0
CICIoT2023_R1,2718,0.2,Full-Contextual,F1,0.95,0.9037215947747992,True,1.0,1031060.0
CICIoT2023_R1,2718,0.2,Full-Contextual,PR_AUC,0.9,0.8935340554861261,True,1.0,1031060.0
CICIoT2023_R1,2718,0.2,Full-Contextual,PR_AUC,0.95,0.9431748363464664,True,1.0,1031060.0
CICIoT2023_R1,2718,0.2,Random-Budget,F1,0.9,0.8561573003129678,True,0.0,97366.0
CICIoT2023_R1,2718,0.2,Random-Budget,F1,0.95,0.9037215947747992,True,1.0,239758.0
CICIoT2023_R1,2718,0.2,Random-Budget,PR_AUC,0.9,0.8935340554861261,True,1.0,239758.0
CICIoT2023_R1,2718,0.2,Random-Budget,PR_AUC,0.95,0.9431748363464664,True,1.0,239758.0
CICIoT2023_R1,2718,0.2,Cost-Only,F1,0.9,0.8561573003129678,True,1.0,240364.0
CICIoT2023_R1,2718,0.2,Cost-Only,F1,0.95,0.9037215947747992,True,1.0,240364.0
CICIoT2023_R1,2718,0.2,Cost-Only,PR_AUC,0.9,0.8935340554861261,True,0.0,97445.0
CICIoT2023_R1,2718,0.2,Cost-Only,PR_AUC,0.95,0.9431748363464664,True,0.0,97445.0
CICIoT2023_R1,2718,0.2,Utility-Only,F1,0.9,0.8561573003129678,True,1.0,194670.0
CICIoT2023_R1,2718,0.2,Utility-Only,F1,0.95,0.9037215947747992,True,1.0,194670.0
CICIoT2023_R1,2718,0.2,Utility-Only,PR_AUC,0.9,0.8935340554861261,True,0.0,97427.0
CICIoT2023_R1,2718,0.2,Utility-Only,PR_AUC,0.95,0.9431748363464664,True,0.0,97427.0
CICIoT2023_R1,2718,0.2,Utility-Cost-Ratio,F1,0.9,0.8561573003129678,True,1.0,194670.0
CICIoT2023_R1,2718,0.2,Utility-Cost-Ratio,F1,0.95,0.9037215947747992,True,1.0,194670.0
CICIoT2023_R1,2718,0.2,Utility-Cost-Ratio,PR_AUC,0.9,0.8935340554861261,True,0.0,97427.0
CICIoT2023_R1,2718,0.2,Utility-Cost-Ratio,PR_AUC,0.95,0.9431748363464664,True,0.0,97427.0
CICIoT2023_R1,2718,0.2,CB-Score,F1,0.9,0.8561573003129678,True,1.0,240802.0
CICIoT2023_R1,2718,0.2,CB-Score,F1,0.95,0.9037215947747992,True,1.0,240802.0
CICIoT2023_R1,2718,0.2,CB-Score,PR_AUC,0.9,0.8935340554861261,True,0.0,97427.0
CICIoT2023_R1,2718,0.2,CB-Score,PR_AUC,0.95,0.9431748363464664,True,0.0,97427.0
CICIoT2023_R1,2718,0.2,Historical-DoubleCost,F1,0.9,0.8561573003129678,True,1.0,240802.0
CICIoT2023_R1,2718,0.2,Historical-DoubleCost,F1,0.95,0.9037215947747992,True,1.0,240802.0
CICIoT2023_R1,2718,0.2,Historical-DoubleCost,PR_AUC,0.9,0.8935340554861261,True,0.0,97427.0
CICIoT2023_R1,2718,0.2,Historical-DoubleCost,PR_AUC,0.95,0.9431748363464664,True,0.0,97427.0
CICIoT2023_R1,2718,0.2,Oort-Style-Adapted,F1,0.9,0.8561573003129678,True,1.0,194670.0
CICIoT2023_R1,2718,0.2,Oort-Style-Adapted,F1,0.95,0.9037215947747992,True,1.0,194670.0
CICIoT2023_R1,2718,0.2,Oort-Style-Adapted,PR_AUC,0.9,0.8935340554861261,True,0.0,97427.0
CICIoT2023_R1,2718,0.2,Oort-Style-Adapted,PR_AUC,0.95,0.9431748363464664,True,0.0,97427.0
CICIoT2023_R1,2718,0.2,Oracle-Score-Exact,F1,0.9,0.8561573003129678,True,1.0,240802.0
CICIoT2023_R1,2718,0.2,Oracle-Score-Exact,F1,0.95,0.9037215947747992,True,1.0,240802.0
CICIoT2023_R1,2718,0.2,Oracle-Score-Exact,PR_AUC,0.9,0.8935340554861261,True,0.0,97427.0
CICIoT2023_R1,2718,0.2,Oracle-Score-Exact,PR_AUC,0.95,0.9431748363464664,True,0.0,97427.0
CICIoT2023_R1,2718,0.4,Full-Contextual,F1,0.9,0.8561573003129678,True,0.0,518665.0
CICIoT2023_R1,2718,0.4,Full-Contextual,F1,0.95,0.9037215947747992,True,1.0,1031060.0
CICIoT2023_R1,2718,0.4,Full-Contextual,PR_AUC,0.9,0.8935340554861261,True,1.0,1031060.0
CICIoT2023_R1,2718,0.4,Full-Contextual,PR_AUC,0.95,0.9431748363464664,True,1.0,1031060.0
CICIoT2023_R1,2718,0.4,Random-Budget,F1,0.9,0.8561573003129678,True,0.0,191485.0
CICIoT2023_R1,2718,0.4,Random-Budget,F1,0.95,0.9037215947747992,True,1.0,380406.0
CICIoT2023_R1,2718,0.4,Random-Budget,PR_AUC,0.9,0.8935340554861261,True,1.0,380406.0
CICIoT2023_R1,2718,0.4,Random-Budget,PR_AUC,0.95,0.9431748363464664,True,1.0,380406.0
CICIoT2023_R1,2718,0.4,Cost-Only,F1,0.9,0.8561573003129678,True,0.0,191350.0
CICIoT2023_R1,2718,0.4,Cost-Only,F1,0.95,0.9037215947747992,True,0.0,191350.0
CICIoT2023_R1,2718,0.4,Cost-Only,PR_AUC,0.9,0.8935340554861261,True,0.0,191350.0
CICIoT2023_R1,2718,0.4,Cost-Only,PR_AUC,0.95,0.9431748363464664,True,1.0,426765.0
CICIoT2023_R1,2718,0.4,Utility-Only,F1,0.9,0.8561573003129678,True,1.0,381533.0
CICIoT2023_R1,2718,0.4,Utility-Only,F1,0.95,0.9037215947747992,True,1.0,381533.0
CICIoT2023_R1,2718,0.4,Utility-Only,PR_AUC,0.9,0.8935340554861261,True,0.0,191434.0
CICIoT2023_R1,2718,0.4,Utility-Only,PR_AUC,0.95,0.9431748363464664,True,0.0,191434.0
CICIoT2023_R1,2718,0.4,Utility-Cost-Ratio,F1,0.9,0.8561573003129678,True,1.0,381533.0
CICIoT2023_R1,2718,0.4,Utility-Cost-Ratio,F1,0.95,0.9037215947747992,True,1.0,381533.0
CICIoT2023_R1,2718,0.4,Utility-Cost-Ratio,PR_AUC,0.9,0.8935340554861261,True,0.0,191434.0
CICIoT2023_R1,2718,0.4,Utility-Cost-Ratio,PR_AUC,0.95,0.9431748363464664,True,0.0,191434.0
CICIoT2023_R1,2718,0.4,CB-Score,F1,0.9,0.8561573003129678,True,1.0,381533.0
CICIoT2023_R1,2718,0.4,CB-Score,F1,0.95,0.9037215947747992,True,1.0,381533.0
CICIoT2023_R1,2718,0.4,CB-Score,PR_AUC,0.9,0.8935340554861261,True,0.0,191434.0
CICIoT2023_R1,2718,0.4,CB-Score,PR_AUC,0.95,0.9431748363464664,True,0.0,191434.0
CICIoT2023_R1,2718,0.4,Historical-DoubleCost,F1,0.9,0.8561573003129678,True,1.0,381533.0
CICIoT2023_R1,2718,0.4,Historical-DoubleCost,F1,0.95,0.9037215947747992,True,1.0,381533.0
CICIoT2023_R1,2718,0.4,Historical-DoubleCost,PR_AUC,0.9,0.8935340554861261,True,0.0,191434.0
CICIoT2023_R1,2718,0.4,Historical-DoubleCost,PR_AUC,0.95,0.9431748363464664,True,0.0,191434.0
CICIoT2023_R1,2718,0.4,Oort-Style-Adapted,F1,0.9,0.8561573003129678,True,1.0,381433.0
CICIoT2023_R1,2718,0.4,Oort-Style-Adapted,F1,0.95,0.9037215947747992,True,1.0,381433.0
CICIoT2023_R1,2718,0.4,Oort-Style-Adapted,PR_AUC,0.9,0.8935340554861261,True,0.0,191408.0
CICIoT2023_R1,2718,0.4,Oort-Style-Adapted,PR_AUC,0.95,0.9431748363464664,True,0.0,191408.0
CICIoT2023_R1,2718,0.4,Oracle-Score-Exact,F1,0.9,0.8561573003129678,True,1.0,381533.0
CICIoT2023_R1,2718,0.4,Oracle-Score-Exact,F1,0.95,0.9037215947747992,True,1.0,381533.0
CICIoT2023_R1,2718,0.4,Oracle-Score-Exact,PR_AUC,0.9,0.8935340554861261,True,0.0,191434.0
CICIoT2023_R1,2718,0.4,Oracle-Score-Exact,PR_AUC,0.95,0.9431748363464664,True,0.0,191434.0
CICIoT2023_R1,2718,0.6,Full-Contextual,F1,0.9,0.8561573003129678,True,0.0,518665.0
CICIoT2023_R1,2718,0.6,Full-Contextual,F1,0.95,0.9037215947747992,True,1.0,1031060.0
CICIoT2023_R1,2718,0.6,Full-Contextual,PR_AUC,0.9,0.8935340554861261,True,1.0,1031060.0
CICIoT2023_R1,2718,0.6,Full-Contextual,PR_AUC,0.95,0.9431748363464664,True,1.0,1031060.0
CICIoT2023_R1,2718,0.6,Random-Budget,F1,0.9,0.8561573003129678,True,0.0,285579.0
CICIoT2023_R1,2718,0.6,Random-Budget,F1,0.95,0.9037215947747992,True,0.0,285579.0
CICIoT2023_R1,2718,0.6,Random-Budget,PR_AUC,0.9,0.8935340554861261,True,0.0,285579.0
CICIoT2023_R1,2718,0.6,Random-Budget,PR_AUC,0.95,0.9431748363464664,True,0.0,285579.0
CICIoT2023_R1,2718,0.6,Cost-Only,F1,0.9,0.8561573003129678,True,0.0,285378.0
CICIoT2023_R1,2718,0.6,Cost-Only,F1,0.95,0.9037215947747992,True,0.0,285378.0
CICIoT2023_R1,2718,0.6,Cost-Only,PR_AUC,0.9,0.8935340554861261,True,0.0,285378.0
CICIoT2023_R1,2718,0.6,Cost-Only,PR_AUC,0.95,0.9431748363464664,True,0.0,285378.0
CICIoT2023_R1,2718,0.6,Utility-Only,F1,0.9,0.8561573003129678,True,0.0,285555.0
CICIoT2023_R1,2718,0.6,Utility-Only,F1,0.95,0.9037215947747992,True,1.0,568497.0
CICIoT2023_R1,2718,0.6,Utility-Only,PR_AUC,0.9,0.8935340554861261,True,0.0,285555.0
CICIoT2023_R1,2718,0.6,Utility-Only,PR_AUC,0.95,0.9431748363464664,True,0.0,285555.0
CICIoT2023_R1,2718,0.6,Utility-Cost-Ratio,F1,0.9,0.8561573003129678,True,0.0,285555.0
CICIoT2023_R1,2718,0.6,Utility-Cost-Ratio,F1,0.95,0.9037215947747992,True,1.0,568497.0
CICIoT2023_R1,2718,0.6,Utility-Cost-Ratio,PR_AUC,0.9,0.8935340554861261,True,0.0,285555.0
CICIoT2023_R1,2718,0.6,Utility-Cost-Ratio,PR_AUC,0.95,0.9431748363464664,True,0.0,285555.0
CICIoT2023_R1,2718,0.6,CB-Score,F1,0.9,0.8561573003129678,True,0.0,285555.0
CICIoT2023_R1,2718,0.6,CB-Score,F1,0.95,0.9037215947747992,True,1.0,568497.0
CICIoT2023_R1,2718,0.6,CB-Score,PR_AUC,0.9,0.8935340554861261,True,0.0,285555.0
CICIoT2023_R1,2718,0.6,CB-Score,PR_AUC,0.95,0.9431748363464664,True,0.0,285555.0
CICIoT2023_R1,2718,0.6,Historical-DoubleCost,F1,0.9,0.8561573003129678,True,0.0,285555.0
CICIoT2023_R1,2718,0.6,Historical-DoubleCost,F1,0.95,0.9037215947747992,True,1.0,568497.0
CICIoT2023_R1,2718,0.6,Historical-DoubleCost,PR_AUC,0.9,0.8935340554861261,True,0.0,285555.0
CICIoT2023_R1,2718,0.6,Historical-DoubleCost,PR_AUC,0.95,0.9431748363464664,True,0.0,285555.0
CICIoT2023_R1,2718,0.6,Oort-Style-Adapted,F1,0.9,0.8561573003129678,True,0.0,285503.0
CICIoT2023_R1,2718,0.6,Oort-Style-Adapted,F1,0.95,0.9037215947747992,True,1.0,568511.0
CICIoT2023_R1,2718,0.6,Oort-Style-Adapted,PR_AUC,0.9,0.8935340554861261,True,0.0,285503.0
CICIoT2023_R1,2718,0.6,Oort-Style-Adapted,PR_AUC,0.95,0.9431748363464664,True,0.0,285503.0
CICIoT2023_R1,2718,0.6,Oracle-Score-Exact,F1,0.9,0.8561573003129678,True,0.0,285555.0
CICIoT2023_R1,2718,0.6,Oracle-Score-Exact,F1,0.95,0.9037215947747992,True,1.0,568497.0
CICIoT2023_R1,2718,0.6,Oracle-Score-Exact,PR_AUC,0.9,0.8935340554861261,True,0.0,285555.0
CICIoT2023_R1,2718,0.6,Oracle-Score-Exact,PR_AUC,0.95,0.9431748363464664,True,0.0,285555.0
CICIoT2023_R1,2718,0.8,Full-Contextual,F1,0.9,0.8561573003129678,True,0.0,518665.0
CICIoT2023_R1,2718,0.8,Full-Contextual,F1,0.95,0.9037215947747992,True,1.0,1031060.0
CICIoT2023_R1,2718,0.8,Full-Contextual,PR_AUC,0.9,0.8935340554861261,True,1.0,1031060.0
CICIoT2023_R1,2718,0.8,Full-Contextual,PR_AUC,0.95,0.9431748363464664,True,1.0,1031060.0
CICIoT2023_R1,2718,0.8,Random-Budget,F1,0.9,0.8561573003129678,True,0.0,379629.0
CICIoT2023_R1,2718,0.8,Random-Budget,F1,0.95,0.9037215947747992,True,0.0,379629.0
CICIoT2023_R1,2718,0.8,Random-Budget,PR_AUC,0.9,0.8935340554861261,True,0.0,379629.0
CICIoT2023_R1,2718,0.8,Random-Budget,PR_AUC,0.95,0.9431748363464664,True,0.0,379629.0
CICIoT2023_R1,2718,0.8,Cost-Only,F1,0.9,0.8561573003129678,True,0.0,379520.0
CICIoT2023_R1,2718,0.8,Cost-Only,F1,0.95,0.9037215947747992,True,0.0,379520.0
CICIoT2023_R1,2718,0.8,Cost-Only,PR_AUC,0.9,0.8935340554861261,True,0.0,379520.0
CICIoT2023_R1,2718,0.8,Cost-Only,PR_AUC,0.95,0.9431748363464664,True,0.0,379520.0
CICIoT2023_R1,2718,0.8,Utility-Only,F1,0.9,0.8561573003129678,True,0.0,379594.0
CICIoT2023_R1,2718,0.8,Utility-Only,F1,0.95,0.9037215947747992,True,1.0,708964.0
CICIoT2023_R1,2718,0.8,Utility-Only,PR_AUC,0.9,0.8935340554861261,True,0.0,379594.0
CICIoT2023_R1,2718,0.8,Utility-Only,PR_AUC,0.95,0.9431748363464664,True,0.0,379594.0
CICIoT2023_R1,2718,0.8,Utility-Cost-Ratio,F1,0.9,0.8561573003129678,True,0.0,379594.0
CICIoT2023_R1,2718,0.8,Utility-Cost-Ratio,F1,0.95,0.9037215947747992,True,1.0,708964.0
CICIoT2023_R1,2718,0.8,Utility-Cost-Ratio,PR_AUC,0.9,0.8935340554861261,True,0.0,379594.0
CICIoT2023_R1,2718,0.8,Utility-Cost-Ratio,PR_AUC,0.95,0.9431748363464664,True,0.0,379594.0
CICIoT2023_R1,2718,0.8,CB-Score,F1,0.9,0.8561573003129678,True,0.0,332586.0
CICIoT2023_R1,2718,0.8,CB-Score,F1,0.95,0.9037215947747992,True,1.0,708142.0
CICIoT2023_R1,2718,0.8,CB-Score,PR_AUC,0.9,0.8935340554861261,True,0.0,332586.0
CICIoT2023_R1,2718,0.8,CB-Score,PR_AUC,0.95,0.9431748363464664,True,0.0,332586.0
CICIoT2023_R1,2718,0.8,Historical-DoubleCost,F1,0.9,0.8561573003129678,True,0.0,332586.0
CICIoT2023_R1,2718,0.8,Historical-DoubleCost,F1,0.95,0.9037215947747992,True,1.0,708142.0
CICIoT2023_R1,2718,0.8,Historical-DoubleCost,PR_AUC,0.9,0.8935340554861261,True,0.0,332586.0
CICIoT2023_R1,2718,0.8,Historical-DoubleCost,PR_AUC,0.95,0.9431748363464664,True,0.0,332586.0
CICIoT2023_R1,2718,0.8,Oort-Style-Adapted,F1,0.9,0.8561573003129678,True,0.0,379594.0
CICIoT2023_R1,2718,0.8,Oort-Style-Adapted,F1,0.95,0.9037215947747992,True,1.0,708964.0
CICIoT2023_R1,2718,0.8,Oort-Style-Adapted,PR_AUC,0.9,0.8935340554861261,True,0.0,379594.0
CICIoT2023_R1,2718,0.8,Oort-Style-Adapted,PR_AUC,0.95,0.9431748363464664,True,0.0,379594.0
CICIoT2023_R1,2718,0.8,Oracle-Score-Exact,F1,0.9,0.8561573003129678,True,0.0,332586.0
CICIoT2023_R1,2718,0.8,Oracle-Score-Exact,F1,0.95,0.9037215947747992,True,1.0,708142.0
CICIoT2023_R1,2718,0.8,Oracle-Score-Exact,PR_AUC,0.9,0.8935340554861261,True,0.0,332586.0
CICIoT2023_R1,2718,0.8,Oracle-Score-Exact,PR_AUC,0.95,0.9431748363464664,True,0.0,332586.0
CICIoT2023_R1,2718,1.0,Full-Contextual,F1,0.9,0.8561573003129678,True,0.0,518665.0
CICIoT2023_R1,2718,1.0,Full-Contextual,F1,0.95,0.9037215947747992,True,1.0,1031060.0
CICIoT2023_R1,2718,1.0,Full-Contextual,PR_AUC,0.9,0.8935340554861261,True,1.0,1031060.0
CICIoT2023_R1,2718,1.0,Full-Contextual,PR_AUC,0.95,0.9431748363464664,True,1.0,1031060.0
CICIoT2023_R1,2718,1.0,Random-Budget,F1,0.9,0.8561573003129678,True,0.0,426514.0
CICIoT2023_R1,2718,1.0,Random-Budget,F1,0.95,0.9037215947747992,True,0.0,426514.0
CICIoT2023_R1,2718,1.0,Random-Budget,PR_AUC,0.9,0.8935340554861261,True,0.0,426514.0
CICIoT2023_R1,2718,1.0,Random-Budget,PR_AUC,0.95,0.9431748363464664,True,0.0,426514.0
CICIoT2023_R1,2718,1.0,Cost-Only,F1,0.9,0.8561573003129678,True,0.0,426594.0
CICIoT2023_R1,2718,1.0,Cost-Only,F1,0.95,0.9037215947747992,True,0.0,426594.0
CICIoT2023_R1,2718,1.0,Cost-Only,PR_AUC,0.9,0.8935340554861261,True,0.0,426594.0
CICIoT2023_R1,2718,1.0,Cost-Only,PR_AUC,0.95,0.9431748363464664,True,0.0,426594.0
CICIoT2023_R1,2718,1.0,Utility-Only,F1,0.9,0.8561573003129678,True,0.0,426594.0
CICIoT2023_R1,2718,1.0,Utility-Only,F1,0.95,0.9037215947747992,True,0.0,426594.0
CICIoT2023_R1,2718,1.0,Utility-Only,PR_AUC,0.9,0.8935340554861261,True,0.0,426594.0
CICIoT2023_R1,2718,1.0,Utility-Only,PR_AUC,0.95,0.9431748363464664,True,0.0,426594.0
CICIoT2023_R1,2718,1.0,Utility-Cost-Ratio,F1,0.9,0.8561573003129678,True,0.0,426594.0
CICIoT2023_R1,2718,1.0,Utility-Cost-Ratio,F1,0.95,0.9037215947747992,True,0.0,426594.0
CICIoT2023_R1,2718,1.0,Utility-Cost-Ratio,PR_AUC,0.9,0.8935340554861261,True,0.0,426594.0
CICIoT2023_R1,2718,1.0,Utility-Cost-Ratio,PR_AUC,0.95,0.9431748363464664,True,0.0,426594.0
CICIoT2023_R1,2718,1.0,CB-Score,F1,0.9,0.8561573003129678,True,0.0,332586.0
CICIoT2023_R1,2718,1.0,CB-Score,F1,0.95,0.9037215947747992,True,1.0,708142.0
CICIoT2023_R1,2718,1.0,CB-Score,PR_AUC,0.9,0.8935340554861261,True,0.0,332586.0
CICIoT2023_R1,2718,1.0,CB-Score,PR_AUC,0.95,0.9431748363464664,True,0.0,332586.0
CICIoT2023_R1,2718,1.0,Historical-DoubleCost,F1,0.9,0.8561573003129678,True,0.0,332586.0
CICIoT2023_R1,2718,1.0,Historical-DoubleCost,F1,0.95,0.9037215947747992,True,1.0,708142.0
CICIoT2023_R1,2718,1.0,Historical-DoubleCost,PR_AUC,0.9,0.8935340554861261,True,0.0,332586.0
CICIoT2023_R1,2718,1.0,Historical-DoubleCost,PR_AUC,0.95,0.9431748363464664,True,0.0,332586.0
CICIoT2023_R1,2718,1.0,Oort-Style-Adapted,F1,0.9,0.8561573003129678,True,0.0,426594.0
CICIoT2023_R1,2718,1.0,Oort-Style-Adapted,F1,0.95,0.9037215947747992,True,0.0,426594.0
CICIoT2023_R1,2718,1.0,Oort-Style-Adapted,PR_AUC,0.9,0.8935340554861261,True,0.0,426594.0
CICIoT2023_R1,2718,1.0,Oort-Style-Adapted,PR_AUC,0.95,0.9431748363464664,True,0.0,426594.0
CICIoT2023_R1,2718,1.0,Oracle-Score-Exact,F1,0.9,0.8561573003129678,True,0.0,332586.0
CICIoT2023_R1,2718,1.0,Oracle-Score-Exact,F1,0.95,0.9037215947747992,True,1.0,708142.0
CICIoT2023_R1,2718,1.0,Oracle-Score-Exact,PR_AUC,0.9,0.8935340554861261,True,0.0,332586.0
CICIoT2023_R1,2718,1.0,Oracle-Score-Exact,PR_AUC,0.95,0.9431748363464664,True,0.0,332586.0
CICIoT2023_R1,9001,0.1,Full-Contextual,F1,0.9,0.8564741114351013,True,0.0,519309.0
CICIoT2023_R1,9001,0.1,Full-Contextual,F1,0.95,0.9040560065148291,True,0.0,519309.0
CICIoT2023_R1,9001,0.1,Full-Contextual,PR_AUC,0.9,0.8942754590462174,True,0.0,519309.0
CICIoT2023_R1,9001,0.1,Full-Contextual,PR_AUC,0.95,0.9439574289932294,True,0.0,519309.0
CICIoT2023_R1,9001,0.1,Random-Budget,F1,0.9,0.8564741114351013,True,3.0,294755.0
CICIoT2023_R1,9001,0.1,Random-Budget,F1,0.95,0.9040560065148291,True,4.0,390844.0
CICIoT2023_R1,9001,0.1,Random-Budget,PR_AUC,0.9,0.8942754590462174,True,2.0,197748.0
CICIoT2023_R1,9001,0.1,Random-Budget,PR_AUC,0.95,0.9439574289932294,True,2.0,197748.0
CICIoT2023_R1,9001,0.1,Cost-Only,F1,0.9,0.8564741114351013,True,3.0,295075.0
CICIoT2023_R1,9001,0.1,Cost-Only,F1,0.95,0.9040560065148291,True,8.0,766355.0
CICIoT2023_R1,9001,0.1,Cost-Only,PR_AUC,0.9,0.8942754590462174,True,2.0,197988.0
CICIoT2023_R1,9001,0.1,Cost-Only,PR_AUC,0.95,0.9439574289932294,True,2.0,197988.0
CICIoT2023_R1,9001,0.1,Utility-Only,F1,0.9,0.8564741114351013,True,3.0,295075.0
CICIoT2023_R1,9001,0.1,Utility-Only,F1,0.95,0.9040560065148291,True,6.0,582216.0
CICIoT2023_R1,9001,0.1,Utility-Only,PR_AUC,0.9,0.8942754590462174,True,2.0,197988.0
CICIoT2023_R1,9001,0.1,Utility-Only,PR_AUC,0.95,0.9439574289932294,True,2.0,197988.0
CICIoT2023_R1,9001,0.1,Utility-Cost-Ratio,F1,0.9,0.8564741114351013,True,3.0,295075.0
CICIoT2023_R1,9001,0.1,Utility-Cost-Ratio,F1,0.95,0.9040560065148291,True,6.0,582216.0
CICIoT2023_R1,9001,0.1,Utility-Cost-Ratio,PR_AUC,0.9,0.8942754590462174,True,2.0,197988.0
CICIoT2023_R1,9001,0.1,Utility-Cost-Ratio,PR_AUC,0.95,0.9439574289932294,True,2.0,197988.0
CICIoT2023_R1,9001,0.1,CB-Score,F1,0.9,0.8564741114351013,True,5.0,442134.0
CICIoT2023_R1,9001,0.1,CB-Score,F1,0.95,0.9040560065148291,True,5.0,442134.0
CICIoT2023_R1,9001,0.1,CB-Score,PR_AUC,0.9,0.8942754590462174,True,2.0,197988.0
CICIoT2023_R1,9001,0.1,CB-Score,PR_AUC,0.95,0.9439574289932294,True,2.0,197988.0
CICIoT2023_R1,9001,0.1,Historical-DoubleCost,F1,0.9,0.8564741114351013,True,5.0,442134.0
CICIoT2023_R1,9001,0.1,Historical-DoubleCost,F1,0.95,0.9040560065148291,True,5.0,442134.0
CICIoT2023_R1,9001,0.1,Historical-DoubleCost,PR_AUC,0.9,0.8942754590462174,True,2.0,197988.0
CICIoT2023_R1,9001,0.1,Historical-DoubleCost,PR_AUC,0.95,0.9439574289932294,True,2.0,197988.0
CICIoT2023_R1,9001,0.1,Oort-Style-Adapted,F1,0.9,0.8564741114351013,True,3.0,295075.0
CICIoT2023_R1,9001,0.1,Oort-Style-Adapted,F1,0.95,0.9040560065148291,True,6.0,582216.0
CICIoT2023_R1,9001,0.1,Oort-Style-Adapted,PR_AUC,0.9,0.8942754590462174,True,2.0,197988.0
CICIoT2023_R1,9001,0.1,Oort-Style-Adapted,PR_AUC,0.95,0.9439574289932294,True,2.0,197988.0
CICIoT2023_R1,9001,0.1,Oracle-Score-Exact,F1,0.9,0.8564741114351013,True,5.0,442134.0
CICIoT2023_R1,9001,0.1,Oracle-Score-Exact,F1,0.95,0.9040560065148291,True,5.0,442134.0
CICIoT2023_R1,9001,0.1,Oracle-Score-Exact,PR_AUC,0.9,0.8942754590462174,True,2.0,197988.0
CICIoT2023_R1,9001,0.1,Oracle-Score-Exact,PR_AUC,0.95,0.9439574289932294,True,2.0,197988.0
CICIoT2023_R1,9001,0.2,Full-Contextual,F1,0.9,0.8564741114351013,True,0.0,519309.0
CICIoT2023_R1,9001,0.2,Full-Contextual,F1,0.95,0.9040560065148291,True,0.0,519309.0
CICIoT2023_R1,9001,0.2,Full-Contextual,PR_AUC,0.9,0.8942754590462174,True,0.0,519309.0
CICIoT2023_R1,9001,0.2,Full-Contextual,PR_AUC,0.95,0.9439574289932294,True,0.0,519309.0
CICIoT2023_R1,9001,0.2,Random-Budget,F1,0.9,0.8564741114351013,True,1.0,195051.0
CICIoT2023_R1,9001,0.2,Random-Budget,F1,0.95,0.9040560065148291,True,3.0,480184.0
CICIoT2023_R1,9001,0.2,Random-Budget,PR_AUC,0.9,0.8942754590462174,True,0.0,97554.0
CICIoT2023_R1,9001,0.2,Random-Budget,PR_AUC,0.95,0.9439574289932294,True,0.0,97554.0
CICIoT2023_R1,9001,0.2,Cost-Only,F1,0.9,0.8564741114351013,True,1.0,241196.0
CICIoT2023_R1,9001,0.2,Cost-Only,F1,0.95,0.9040560065148291,True,2.0,384320.0
CICIoT2023_R1,9001,0.2,Cost-Only,PR_AUC,0.9,0.8942754590462174,True,0.0,97571.0
CICIoT2023_R1,9001,0.2,Cost-Only,PR_AUC,0.95,0.9439574289932294,True,0.0,97571.0
CICIoT2023_R1,9001,0.2,Utility-Only,F1,0.9,0.8564741114351013,True,1.0,195222.0
CICIoT2023_R1,9001,0.2,Utility-Only,F1,0.95,0.9040560065148291,True,1.0,195222.0
CICIoT2023_R1,9001,0.2,Utility-Only,PR_AUC,0.9,0.8942754590462174,True,0.0,97571.0
CICIoT2023_R1,9001,0.2,Utility-Only,PR_AUC,0.95,0.9439574289932294,True,0.0,97571.0
CICIoT2023_R1,9001,0.2,Utility-Cost-Ratio,F1,0.9,0.8564741114351013,True,1.0,195222.0
CICIoT2023_R1,9001,0.2,Utility-Cost-Ratio,F1,0.95,0.9040560065148291,True,1.0,195222.0
CICIoT2023_R1,9001,0.2,Utility-Cost-Ratio,PR_AUC,0.9,0.8942754590462174,True,0.0,97571.0
CICIoT2023_R1,9001,0.2,Utility-Cost-Ratio,PR_AUC,0.95,0.9439574289932294,True,0.0,97571.0
CICIoT2023_R1,9001,0.2,CB-Score,F1,0.9,0.8564741114351013,True,1.0,195222.0
CICIoT2023_R1,9001,0.2,CB-Score,F1,0.95,0.9040560065148291,True,1.0,195222.0
CICIoT2023_R1,9001,0.2,CB-Score,PR_AUC,0.9,0.8942754590462174,True,0.0,97571.0
CICIoT2023_R1,9001,0.2,CB-Score,PR_AUC,0.95,0.9439574289932294,True,0.0,97571.0
CICIoT2023_R1,9001,0.2,Historical-DoubleCost,F1,0.9,0.8564741114351013,True,1.0,195222.0
CICIoT2023_R1,9001,0.2,Historical-DoubleCost,F1,0.95,0.9040560065148291,True,1.0,195222.0
CICIoT2023_R1,9001,0.2,Historical-DoubleCost,PR_AUC,0.9,0.8942754590462174,True,0.0,97571.0
CICIoT2023_R1,9001,0.2,Historical-DoubleCost,PR_AUC,0.95,0.9439574289932294,True,0.0,97571.0
CICIoT2023_R1,9001,0.2,Oort-Style-Adapted,F1,0.9,0.8564741114351013,True,0.0,97677.0
CICIoT2023_R1,9001,0.2,Oort-Style-Adapted,F1,0.95,0.9040560065148291,True,0.0,97677.0
CICIoT2023_R1,9001,0.2,Oort-Style-Adapted,PR_AUC,0.9,0.8942754590462174,True,0.0,97677.0
CICIoT2023_R1,9001,0.2,Oort-Style-Adapted,PR_AUC,0.95,0.9439574289932294,True,0.0,97677.0
CICIoT2023_R1,9001,0.2,Oracle-Score-Exact,F1,0.9,0.8564741114351013,True,1.0,195222.0
CICIoT2023_R1,9001,0.2,Oracle-Score-Exact,F1,0.95,0.9040560065148291,True,1.0,195222.0
CICIoT2023_R1,9001,0.2,Oracle-Score-Exact,PR_AUC,0.9,0.8942754590462174,True,0.0,97571.0
CICIoT2023_R1,9001,0.2,Oracle-Score-Exact,PR_AUC,0.95,0.9439574289932294,True,0.0,97571.0
CICIoT2023_R1,9001,0.4,Full-Contextual,F1,0.9,0.8564741114351013,True,0.0,519309.0
CICIoT2023_R1,9001,0.4,Full-Contextual,F1,0.95,0.9040560065148291,True,0.0,519309.0
CICIoT2023_R1,9001,0.4,Full-Contextual,PR_AUC,0.9,0.8942754590462174,True,0.0,519309.0
CICIoT2023_R1,9001,0.4,Full-Contextual,PR_AUC,0.95,0.9439574289932294,True,0.0,519309.0
CICIoT2023_R1,9001,0.4,Random-Budget,F1,0.9,0.8564741114351013,True,0.0,191648.0
CICIoT2023_R1,9001,0.4,Random-Budget,F1,0.95,0.9040560065148291,True,1.0,382219.0
CICIoT2023_R1,9001,0.4,Random-Budget,PR_AUC,0.9,0.8942754590462174,True,0.0,191648.0
CICIoT2023_R1,9001,0.4,Random-Budget,PR_AUC,0.95,0.9439574289932294,True,1.0,382219.0
CICIoT2023_R1,9001,0.4,Cost-Only,F1,0.9,0.8564741114351013,True,0.0,191653.0
CICIoT2023_R1,9001,0.4,Cost-Only,F1,0.95,0.9040560065148291,True,0.0,191653.0
CICIoT2023_R1,9001,0.4,Cost-Only,PR_AUC,0.9,0.8942754590462174,True,0.0,191653.0
CICIoT2023_R1,9001,0.4,Cost-Only,PR_AUC,0.95,0.9439574289932294,True,0.0,191653.0
CICIoT2023_R1,9001,0.4,Utility-Only,F1,0.9,0.8564741114351013,True,1.0,383614.0
CICIoT2023_R1,9001,0.4,Utility-Only,F1,0.95,0.9040560065148291,True,1.0,383614.0
CICIoT2023_R1,9001,0.4,Utility-Only,PR_AUC,0.9,0.8942754590462174,True,0.0,191765.0
CICIoT2023_R1,9001,0.4,Utility-Only,PR_AUC,0.95,0.9439574289932294,True,0.0,191765.0
CICIoT2023_R1,9001,0.4,Utility-Cost-Ratio,F1,0.9,0.8564741114351013,True,1.0,383614.0
CICIoT2023_R1,9001,0.4,Utility-Cost-Ratio,F1,0.95,0.9040560065148291,True,1.0,383614.0
CICIoT2023_R1,9001,0.4,Utility-Cost-Ratio,PR_AUC,0.9,0.8942754590462174,True,0.0,191765.0
CICIoT2023_R1,9001,0.4,Utility-Cost-Ratio,PR_AUC,0.95,0.9439574289932294,True,0.0,191765.0
CICIoT2023_R1,9001,0.4,CB-Score,F1,0.9,0.8564741114351013,True,1.0,383614.0
CICIoT2023_R1,9001,0.4,CB-Score,F1,0.95,0.9040560065148291,True,1.0,383614.0
CICIoT2023_R1,9001,0.4,CB-Score,PR_AUC,0.9,0.8942754590462174,True,0.0,191765.0
CICIoT2023_R1,9001,0.4,CB-Score,PR_AUC,0.95,0.9439574289932294,True,0.0,191765.0
CICIoT2023_R1,9001,0.4,Historical-DoubleCost,F1,0.9,0.8564741114351013,True,1.0,383614.0
CICIoT2023_R1,9001,0.4,Historical-DoubleCost,F1,0.95,0.9040560065148291,True,1.0,383614.0
CICIoT2023_R1,9001,0.4,Historical-DoubleCost,PR_AUC,0.9,0.8942754590462174,True,0.0,191765.0
CICIoT2023_R1,9001,0.4,Historical-DoubleCost,PR_AUC,0.95,0.9439574289932294,True,0.0,191765.0
CICIoT2023_R1,9001,0.4,Oort-Style-Adapted,F1,0.9,0.8564741114351013,True,0.0,191829.0
CICIoT2023_R1,9001,0.4,Oort-Style-Adapted,F1,0.95,0.9040560065148291,True,0.0,191829.0
CICIoT2023_R1,9001,0.4,Oort-Style-Adapted,PR_AUC,0.9,0.8942754590462174,True,0.0,191829.0
CICIoT2023_R1,9001,0.4,Oort-Style-Adapted,PR_AUC,0.95,0.9439574289932294,True,0.0,191829.0
CICIoT2023_R1,9001,0.4,Oracle-Score-Exact,F1,0.9,0.8564741114351013,True,1.0,383614.0
CICIoT2023_R1,9001,0.4,Oracle-Score-Exact,F1,0.95,0.9040560065148291,True,1.0,383614.0
CICIoT2023_R1,9001,0.4,Oracle-Score-Exact,PR_AUC,0.9,0.8942754590462174,True,0.0,191765.0
CICIoT2023_R1,9001,0.4,Oracle-Score-Exact,PR_AUC,0.95,0.9439574289932294,True,0.0,191765.0
CICIoT2023_R1,9001,0.6,Full-Contextual,F1,0.9,0.8564741114351013,True,0.0,519309.0
CICIoT2023_R1,9001,0.6,Full-Contextual,F1,0.95,0.9040560065148291,True,0.0,519309.0
CICIoT2023_R1,9001,0.6,Full-Contextual,PR_AUC,0.9,0.8942754590462174,True,0.0,519309.0
CICIoT2023_R1,9001,0.6,Full-Contextual,PR_AUC,0.95,0.9439574289932294,True,0.0,519309.0
CICIoT2023_R1,9001,0.6,Random-Budget,F1,0.9,0.8564741114351013,True,0.0,285898.0
CICIoT2023_R1,9001,0.6,Random-Budget,F1,0.95,0.9040560065148291,True,0.0,285898.0
CICIoT2023_R1,9001,0.6,Random-Budget,PR_AUC,0.9,0.8942754590462174,True,0.0,285898.0
CICIoT2023_R1,9001,0.6,Random-Budget,PR_AUC,0.95,0.9439574289932294,True,0.0,285898.0
CICIoT2023_R1,9001,0.6,Cost-Only,F1,0.9,0.8564741114351013,True,0.0,285871.0
CICIoT2023_R1,9001,0.6,Cost-Only,F1,0.95,0.9040560065148291,True,0.0,285871.0
CICIoT2023_R1,9001,0.6,Cost-Only,PR_AUC,0.9,0.8942754590462174,True,0.0,285871.0
CICIoT2023_R1,9001,0.6,Cost-Only,PR_AUC,0.95,0.9439574289932294,True,0.0,285871.0
CICIoT2023_R1,9001,0.6,Utility-Only,F1,0.9,0.8564741114351013,True,1.0,571920.0
CICIoT2023_R1,9001,0.6,Utility-Only,F1,0.95,0.9040560065148291,True,1.0,571920.0
CICIoT2023_R1,9001,0.6,Utility-Only,PR_AUC,0.9,0.8942754590462174,True,0.0,285967.0
CICIoT2023_R1,9001,0.6,Utility-Only,PR_AUC,0.95,0.9439574289932294,True,0.0,285967.0
CICIoT2023_R1,9001,0.6,Utility-Cost-Ratio,F1,0.9,0.8564741114351013,True,1.0,571920.0
CICIoT2023_R1,9001,0.6,Utility-Cost-Ratio,F1,0.95,0.9040560065148291,True,1.0,571920.0
CICIoT2023_R1,9001,0.6,Utility-Cost-Ratio,PR_AUC,0.9,0.8942754590462174,True,0.0,285967.0
CICIoT2023_R1,9001,0.6,Utility-Cost-Ratio,PR_AUC,0.95,0.9439574289932294,True,0.0,285967.0
CICIoT2023_R1,9001,0.6,CB-Score,F1,0.9,0.8564741114351013,True,1.0,571920.0
CICIoT2023_R1,9001,0.6,CB-Score,F1,0.95,0.9040560065148291,True,1.0,571920.0
CICIoT2023_R1,9001,0.6,CB-Score,PR_AUC,0.9,0.8942754590462174,True,0.0,285967.0
CICIoT2023_R1,9001,0.6,CB-Score,PR_AUC,0.95,0.9439574289932294,True,0.0,285967.0
CICIoT2023_R1,9001,0.6,Historical-DoubleCost,F1,0.9,0.8564741114351013,True,1.0,571920.0
CICIoT2023_R1,9001,0.6,Historical-DoubleCost,F1,0.95,0.9040560065148291,True,1.0,571920.0
CICIoT2023_R1,9001,0.6,Historical-DoubleCost,PR_AUC,0.9,0.8942754590462174,True,0.0,285967.0
CICIoT2023_R1,9001,0.6,Historical-DoubleCost,PR_AUC,0.95,0.9439574289932294,True,0.0,285967.0
CICIoT2023_R1,9001,0.6,Oort-Style-Adapted,F1,0.9,0.8564741114351013,True,0.0,286078.0
CICIoT2023_R1,9001,0.6,Oort-Style-Adapted,F1,0.95,0.9040560065148291,True,0.0,286078.0
CICIoT2023_R1,9001,0.6,Oort-Style-Adapted,PR_AUC,0.9,0.8942754590462174,True,0.0,286078.0
CICIoT2023_R1,9001,0.6,Oort-Style-Adapted,PR_AUC,0.95,0.9439574289932294,True,0.0,286078.0
CICIoT2023_R1,9001,0.6,Oracle-Score-Exact,F1,0.9,0.8564741114351013,True,1.0,571920.0
CICIoT2023_R1,9001,0.6,Oracle-Score-Exact,F1,0.95,0.9040560065148291,True,1.0,571920.0
CICIoT2023_R1,9001,0.6,Oracle-Score-Exact,PR_AUC,0.9,0.8942754590462174,True,0.0,285967.0
CICIoT2023_R1,9001,0.6,Oracle-Score-Exact,PR_AUC,0.95,0.9439574289932294,True,0.0,285967.0
CICIoT2023_R1,9001,0.8,Full-Contextual,F1,0.9,0.8564741114351013,True,0.0,519309.0
CICIoT2023_R1,9001,0.8,Full-Contextual,F1,0.95,0.9040560065148291,True,0.0,519309.0
CICIoT2023_R1,9001,0.8,Full-Contextual,PR_AUC,0.9,0.8942754590462174,True,0.0,519309.0
CICIoT2023_R1,9001,0.8,Full-Contextual,PR_AUC,0.95,0.9439574289932294,True,0.0,519309.0
CICIoT2023_R1,9001,0.8,Random-Budget,F1,0.9,0.8564741114351013,True,0.0,380181.0
CICIoT2023_R1,9001,0.8,Random-Budget,F1,0.95,0.9040560065148291,True,0.0,380181.0
CICIoT2023_R1,9001,0.8,Random-Budget,PR_AUC,0.9,0.8942754590462174,True,0.0,380181.0
CICIoT2023_R1,9001,0.8,Random-Budget,PR_AUC,0.95,0.9439574289932294,True,0.0,380181.0
CICIoT2023_R1,9001,0.8,Cost-Only,F1,0.9,0.8564741114351013,True,0.0,380116.0
CICIoT2023_R1,9001,0.8,Cost-Only,F1,0.95,0.9040560065148291,True,0.0,380116.0
CICIoT2023_R1,9001,0.8,Cost-Only,PR_AUC,0.9,0.8942754590462174,True,0.0,380116.0
CICIoT2023_R1,9001,0.8,Cost-Only,PR_AUC,0.95,0.9439574289932294,True,0.0,380116.0
CICIoT2023_R1,9001,0.8,Utility-Only,F1,0.9,0.8564741114351013,True,0.0,380249.0
CICIoT2023_R1,9001,0.8,Utility-Only,F1,0.95,0.9040560065148291,True,2.0,997052.0
CICIoT2023_R1,9001,0.8,Utility-Only,PR_AUC,0.9,0.8942754590462174,True,0.0,380249.0
CICIoT2023_R1,9001,0.8,Utility-Only,PR_AUC,0.95,0.9439574289932294,True,0.0,380249.0
CICIoT2023_R1,9001,0.8,Utility-Cost-Ratio,F1,0.9,0.8564741114351013,True,0.0,380249.0
CICIoT2023_R1,9001,0.8,Utility-Cost-Ratio,F1,0.95,0.9040560065148291,True,2.0,997052.0
CICIoT2023_R1,9001,0.8,Utility-Cost-Ratio,PR_AUC,0.9,0.8942754590462174,True,0.0,380249.0
CICIoT2023_R1,9001,0.8,Utility-Cost-Ratio,PR_AUC,0.95,0.9439574289932294,True,0.0,380249.0
CICIoT2023_R1,9001,0.8,CB-Score,F1,0.9,0.8564741114351013,True,0.0,380249.0
CICIoT2023_R1,9001,0.8,CB-Score,F1,0.95,0.9040560065148291,True,2.0,1043790.0
CICIoT2023_R1,9001,0.8,CB-Score,PR_AUC,0.9,0.8942754590462174,True,0.0,380249.0
CICIoT2023_R1,9001,0.8,CB-Score,PR_AUC,0.95,0.9439574289932294,True,0.0,380249.0
CICIoT2023_R1,9001,0.8,Historical-DoubleCost,F1,0.9,0.8564741114351013,True,0.0,380249.0
CICIoT2023_R1,9001,0.8,Historical-DoubleCost,F1,0.95,0.9040560065148291,True,2.0,1043790.0
CICIoT2023_R1,9001,0.8,Historical-DoubleCost,PR_AUC,0.9,0.8942754590462174,True,0.0,380249.0
CICIoT2023_R1,9001,0.8,Historical-DoubleCost,PR_AUC,0.95,0.9439574289932294,True,0.0,380249.0
CICIoT2023_R1,9001,0.8,Oort-Style-Adapted,F1,0.9,0.8564741114351013,True,0.0,380249.0
CICIoT2023_R1,9001,0.8,Oort-Style-Adapted,F1,0.95,0.9040560065148291,True,2.0,997052.0
CICIoT2023_R1,9001,0.8,Oort-Style-Adapted,PR_AUC,0.9,0.8942754590462174,True,0.0,380249.0
CICIoT2023_R1,9001,0.8,Oort-Style-Adapted,PR_AUC,0.95,0.9439574289932294,True,0.0,380249.0
CICIoT2023_R1,9001,0.8,Oracle-Score-Exact,F1,0.9,0.8564741114351013,True,0.0,380249.0
CICIoT2023_R1,9001,0.8,Oracle-Score-Exact,F1,0.95,0.9040560065148291,True,2.0,1043790.0
CICIoT2023_R1,9001,0.8,Oracle-Score-Exact,PR_AUC,0.9,0.8942754590462174,True,0.0,380249.0
CICIoT2023_R1,9001,0.8,Oracle-Score-Exact,PR_AUC,0.95,0.9439574289932294,True,0.0,380249.0
CICIoT2023_R1,9001,1.0,Full-Contextual,F1,0.9,0.8564741114351013,True,0.0,519309.0
CICIoT2023_R1,9001,1.0,Full-Contextual,F1,0.95,0.9040560065148291,True,0.0,519309.0
CICIoT2023_R1,9001,1.0,Full-Contextual,PR_AUC,0.9,0.8942754590462174,True,0.0,519309.0
CICIoT2023_R1,9001,1.0,Full-Contextual,PR_AUC,0.95,0.9439574289932294,True,0.0,519309.0
CICIoT2023_R1,9001,1.0,Random-Budget,F1,0.9,0.8564741114351013,True,0.0,427182.0
CICIoT2023_R1,9001,1.0,Random-Budget,F1,0.95,0.9040560065148291,True,0.0,427182.0
CICIoT2023_R1,9001,1.0,Random-Budget,PR_AUC,0.9,0.8942754590462174,True,0.0,427182.0
CICIoT2023_R1,9001,1.0,Random-Budget,PR_AUC,0.95,0.9439574289932294,True,0.0,427182.0
CICIoT2023_R1,9001,1.0,Cost-Only,F1,0.9,0.8564741114351013,True,0.0,427262.0
CICIoT2023_R1,9001,1.0,Cost-Only,F1,0.95,0.9040560065148291,True,0.0,427262.0
CICIoT2023_R1,9001,1.0,Cost-Only,PR_AUC,0.9,0.8942754590462174,True,0.0,427262.0
CICIoT2023_R1,9001,1.0,Cost-Only,PR_AUC,0.95,0.9439574289932294,True,0.0,427262.0
CICIoT2023_R1,9001,1.0,Utility-Only,F1,0.9,0.8564741114351013,True,0.0,427262.0
CICIoT2023_R1,9001,1.0,Utility-Only,F1,0.95,0.9040560065148291,True,0.0,427262.0
CICIoT2023_R1,9001,1.0,Utility-Only,PR_AUC,0.9,0.8942754590462174,True,0.0,427262.0
CICIoT2023_R1,9001,1.0,Utility-Only,PR_AUC,0.95,0.9439574289932294,True,0.0,427262.0
CICIoT2023_R1,9001,1.0,Utility-Cost-Ratio,F1,0.9,0.8564741114351013,True,0.0,427262.0
CICIoT2023_R1,9001,1.0,Utility-Cost-Ratio,F1,0.95,0.9040560065148291,True,0.0,427262.0
CICIoT2023_R1,9001,1.0,Utility-Cost-Ratio,PR_AUC,0.9,0.8942754590462174,True,0.0,427262.0
CICIoT2023_R1,9001,1.0,Utility-Cost-Ratio,PR_AUC,0.95,0.9439574289932294,True,0.0,427262.0
CICIoT2023_R1,9001,1.0,CB-Score,F1,0.9,0.8564741114351013,True,0.0,380249.0
CICIoT2023_R1,9001,1.0,CB-Score,F1,0.95,0.9040560065148291,True,2.0,1043790.0
CICIoT2023_R1,9001,1.0,CB-Score,PR_AUC,0.9,0.8942754590462174,True,0.0,380249.0
CICIoT2023_R1,9001,1.0,CB-Score,PR_AUC,0.95,0.9439574289932294,True,0.0,380249.0
CICIoT2023_R1,9001,1.0,Historical-DoubleCost,F1,0.9,0.8564741114351013,True,0.0,380249.0
CICIoT2023_R1,9001,1.0,Historical-DoubleCost,F1,0.95,0.9040560065148291,True,2.0,1043790.0
CICIoT2023_R1,9001,1.0,Historical-DoubleCost,PR_AUC,0.9,0.8942754590462174,True,0.0,380249.0
CICIoT2023_R1,9001,1.0,Historical-DoubleCost,PR_AUC,0.95,0.9439574289932294,True,0.0,380249.0
CICIoT2023_R1,9001,1.0,Oort-Style-Adapted,F1,0.9,0.8564741114351013,True,0.0,427262.0
CICIoT2023_R1,9001,1.0,Oort-Style-Adapted,F1,0.95,0.9040560065148291,True,0.0,427262.0
CICIoT2023_R1,9001,1.0,Oort-Style-Adapted,PR_AUC,0.9,0.8942754590462174,True,0.0,427262.0
CICIoT2023_R1,9001,1.0,Oort-Style-Adapted,PR_AUC,0.95,0.9439574289932294,True,0.0,427262.0
CICIoT2023_R1,9001,1.0,Oracle-Score-Exact,F1,0.9,0.8564741114351013,True,0.0,380249.0
CICIoT2023_R1,9001,1.0,Oracle-Score-Exact,F1,0.95,0.9040560065148291,True,2.0,1043790.0
CICIoT2023_R1,9001,1.0,Oracle-Score-Exact,PR_AUC,0.9,0.8942754590462174,True,0.0,380249.0
CICIoT2023_R1,9001,1.0,Oracle-Score-Exact,PR_AUC,0.95,0.9439574289932294,True,0.0,380249.0
CICIoT2023_R1,2027,0.1,Full-Contextual,F1,0.9,0.8496488498254762,True,0.0,519424.0
CICIoT2023_R1,2027,0.1,Full-Contextual,F1,0.95,0.8968515637046692,True,0.0,519424.0
CICIoT2023_R1,2027,0.1,Full-Contextual,PR_AUC,0.9,0.8941898815068026,True,0.0,519424.0
CICIoT2023_R1,2027,0.1,Full-Contextual,PR_AUC,0.95,0.9438670971460693,True,0.0,519424.0
CICIoT2023_R1,2027,0.1,Random-Budget,F1,0.9,0.8496488498254762,True,1.0,194283.0
CICIoT2023_R1,2027,0.1,Random-Budget,F1,0.95,0.8968515637046692,True,1.0,194283.0
CICIoT2023_R1,2027,0.1,Random-Budget,PR_AUC,0.9,0.8941898815068026,True,0.0,97094.0
CICIoT2023_R1,2027,0.1,Random-Budget,PR_AUC,0.95,0.9438670971460693,True,0.0,97094.0
CICIoT2023_R1,2027,0.1,Cost-Only,F1,0.9,0.8496488498254762,True,0.0,96588.0
CICIoT2023_R1,2027,0.1,Cost-Only,F1,0.95,0.8968515637046692,False,,
CICIoT2023_R1,2027,0.1,Cost-Only,PR_AUC,0.9,0.8941898815068026,True,1.0,192545.0
CICIoT2023_R1,2027,0.1,Cost-Only,PR_AUC,0.95,0.9438670971460693,True,1.0,192545.0
CICIoT2023_R1,2027,0.1,Utility-Only,F1,0.9,0.8496488498254762,True,1.0,194443.0
CICIoT2023_R1,2027,0.1,Utility-Only,F1,0.95,0.8968515637046692,True,1.0,194443.0
CICIoT2023_R1,2027,0.1,Utility-Only,PR_AUC,0.9,0.8941898815068026,True,0.0,97174.0
CICIoT2023_R1,2027,0.1,Utility-Only,PR_AUC,0.95,0.9438670971460693,True,0.0,97174.0
CICIoT2023_R1,2027,0.1,Utility-Cost-Ratio,F1,0.9,0.8496488498254762,True,1.0,194443.0
CICIoT2023_R1,2027,0.1,Utility-Cost-Ratio,F1,0.95,0.8968515637046692,True,1.0,194443.0
CICIoT2023_R1,2027,0.1,Utility-Cost-Ratio,PR_AUC,0.9,0.8941898815068026,True,0.0,97174.0
CICIoT2023_R1,2027,0.1,Utility-Cost-Ratio,PR_AUC,0.95,0.9438670971460693,True,0.0,97174.0
CICIoT2023_R1,2027,0.1,CB-Score,F1,0.9,0.8496488498254762,True,1.0,194443.0
CICIoT2023_R1,2027,0.1,CB-Score,F1,0.95,0.8968515637046692,True,1.0,194443.0
CICIoT2023_R1,2027,0.1,CB-Score,PR_AUC,0.9,0.8941898815068026,True,0.0,97174.0
CICIoT2023_R1,2027,0.1,CB-Score,PR_AUC,0.95,0.9438670971460693,True,0.0,97174.0
CICIoT2023_R1,2027,0.1,Historical-DoubleCost,F1,0.9,0.8496488498254762,True,1.0,194443.0
CICIoT2023_R1,2027,0.1,Historical-DoubleCost,F1,0.95,0.8968515637046692,True,1.0,194443.0
CICIoT2023_R1,2027,0.1,Historical-DoubleCost,PR_AUC,0.9,0.8941898815068026,True,0.0,97174.0
CICIoT2023_R1,2027,0.1,Historical-DoubleCost,PR_AUC,0.95,0.9438670971460693,True,0.0,97174.0
CICIoT2023_R1,2027,0.1,Oort-Style-Adapted,F1,0.9,0.8496488498254762,True,1.0,194443.0
CICIoT2023_R1,2027,0.1,Oort-Style-Adapted,F1,0.95,0.8968515637046692,True,1.0,194443.0
CICIoT2023_R1,2027,0.1,Oort-Style-Adapted,PR_AUC,0.9,0.8941898815068026,True,0.0,97174.0
CICIoT2023_R1,2027,0.1,Oort-Style-Adapted,PR_AUC,0.95,0.9438670971460693,True,0.0,97174.0
CICIoT2023_R1,2027,0.1,Oracle-Score-Exact,F1,0.9,0.8496488498254762,True,1.0,194443.0
CICIoT2023_R1,2027,0.1,Oracle-Score-Exact,F1,0.95,0.8968515637046692,True,1.0,194443.0
CICIoT2023_R1,2027,0.1,Oracle-Score-Exact,PR_AUC,0.9,0.8941898815068026,True,0.0,97174.0
CICIoT2023_R1,2027,0.1,Oracle-Score-Exact,PR_AUC,0.95,0.9438670971460693,True,0.0,97174.0
CICIoT2023_R1,2027,0.2,Full-Contextual,F1,0.9,0.8496488498254762,True,0.0,519424.0
CICIoT2023_R1,2027,0.2,Full-Contextual,F1,0.95,0.8968515637046692,True,0.0,519424.0
CICIoT2023_R1,2027,0.2,Full-Contextual,PR_AUC,0.9,0.8941898815068026,True,0.0,519424.0
CICIoT2023_R1,2027,0.2,Full-Contextual,PR_AUC,0.95,0.9438670971460693,True,0.0,519424.0
CICIoT2023_R1,2027,0.2,Random-Budget,F1,0.9,0.8496488498254762,True,0.0,143625.0
CICIoT2023_R1,2027,0.2,Random-Budget,F1,0.95,0.8968515637046692,True,1.0,286576.0
CICIoT2023_R1,2027,0.2,Random-Budget,PR_AUC,0.9,0.8941898815068026,True,1.0,286576.0
CICIoT2023_R1,2027,0.2,Random-Budget,PR_AUC,0.95,0.9438670971460693,True,1.0,286576.0
CICIoT2023_R1,2027,0.2,Cost-Only,F1,0.9,0.8496488498254762,True,0.0,143281.0
CICIoT2023_R1,2027,0.2,Cost-Only,F1,0.95,0.8968515637046692,True,1.0,286907.0
CICIoT2023_R1,2027,0.2,Cost-Only,PR_AUC,0.9,0.8941898815068026,True,1.0,286907.0
CICIoT2023_R1,2027,0.2,Cost-Only,PR_AUC,0.95,0.9438670971460693,True,1.0,286907.0
CICIoT2023_R1,2027,0.2,Utility-Only,F1,0.9,0.8496488498254762,True,1.0,287613.0
CICIoT2023_R1,2027,0.2,Utility-Only,F1,0.95,0.8968515637046692,True,3.0,572386.0
CICIoT2023_R1,2027,0.2,Utility-Only,PR_AUC,0.9,0.8941898815068026,True,0.0,144284.0
CICIoT2023_R1,2027,0.2,Utility-Only,PR_AUC,0.95,0.9438670971460693,True,0.0,144284.0
CICIoT2023_R1,2027,0.2,Utility-Cost-Ratio,F1,0.9,0.8496488498254762,True,1.0,287613.0
CICIoT2023_R1,2027,0.2,Utility-Cost-Ratio,F1,0.95,0.8968515637046692,True,3.0,572386.0
CICIoT2023_R1,2027,0.2,Utility-Cost-Ratio,PR_AUC,0.9,0.8941898815068026,True,0.0,144284.0
CICIoT2023_R1,2027,0.2,Utility-Cost-Ratio,PR_AUC,0.95,0.9438670971460693,True,0.0,144284.0
CICIoT2023_R1,2027,0.2,CB-Score,F1,0.9,0.8496488498254762,True,1.0,287613.0
CICIoT2023_R1,2027,0.2,CB-Score,F1,0.95,0.8968515637046692,True,3.0,572386.0
CICIoT2023_R1,2027,0.2,CB-Score,PR_AUC,0.9,0.8941898815068026,True,0.0,144284.0
CICIoT2023_R1,2027,0.2,CB-Score,PR_AUC,0.95,0.9438670971460693,True,0.0,144284.0
CICIoT2023_R1,2027,0.2,Historical-DoubleCost,F1,0.9,0.8496488498254762,True,1.0,287613.0
CICIoT2023_R1,2027,0.2,Historical-DoubleCost,F1,0.95,0.8968515637046692,True,3.0,572386.0
CICIoT2023_R1,2027,0.2,Historical-DoubleCost,PR_AUC,0.9,0.8941898815068026,True,0.0,144284.0
CICIoT2023_R1,2027,0.2,Historical-DoubleCost,PR_AUC,0.95,0.9438670971460693,True,0.0,144284.0
CICIoT2023_R1,2027,0.2,Oort-Style-Adapted,F1,0.9,0.8496488498254762,True,1.0,287613.0
CICIoT2023_R1,2027,0.2,Oort-Style-Adapted,F1,0.95,0.8968515637046692,True,3.0,572196.0
CICIoT2023_R1,2027,0.2,Oort-Style-Adapted,PR_AUC,0.9,0.8941898815068026,True,0.0,144284.0
CICIoT2023_R1,2027,0.2,Oort-Style-Adapted,PR_AUC,0.95,0.9438670971460693,True,0.0,144284.0
CICIoT2023_R1,2027,0.2,Oracle-Score-Exact,F1,0.9,0.8496488498254762,True,1.0,287613.0
CICIoT2023_R1,2027,0.2,Oracle-Score-Exact,F1,0.95,0.8968515637046692,True,3.0,572386.0
CICIoT2023_R1,2027,0.2,Oracle-Score-Exact,PR_AUC,0.9,0.8941898815068026,True,0.0,144284.0
CICIoT2023_R1,2027,0.2,Oracle-Score-Exact,PR_AUC,0.95,0.9438670971460693,True,0.0,144284.0
CICIoT2023_R1,2027,0.4,Full-Contextual,F1,0.9,0.8496488498254762,True,0.0,519424.0
CICIoT2023_R1,2027,0.4,Full-Contextual,F1,0.95,0.8968515637046692,True,0.0,519424.0
CICIoT2023_R1,2027,0.4,Full-Contextual,PR_AUC,0.9,0.8941898815068026,True,0.0,519424.0
CICIoT2023_R1,2027,0.4,Full-Contextual,PR_AUC,0.95,0.9438670971460693,True,0.0,519424.0
CICIoT2023_R1,2027,0.4,Random-Budget,F1,0.9,0.8496488498254762,True,0.0,237867.0
CICIoT2023_R1,2027,0.4,Random-Budget,F1,0.95,0.8968515637046692,True,0.0,237867.0
CICIoT2023_R1,2027,0.4,Random-Budget,PR_AUC,0.9,0.8941898815068026,True,0.0,237867.0
CICIoT2023_R1,2027,0.4,Random-Budget,PR_AUC,0.95,0.9438670971460693,True,1.0,473760.0
CICIoT2023_R1,2027,0.4,Cost-Only,F1,0.9,0.8496488498254762,True,0.0,237494.0
CICIoT2023_R1,2027,0.4,Cost-Only,F1,0.95,0.8968515637046692,True,0.0,237494.0
CICIoT2023_R1,2027,0.4,Cost-Only,PR_AUC,0.9,0.8941898815068026,True,0.0,237494.0
CICIoT2023_R1,2027,0.4,Cost-Only,PR_AUC,0.95,0.9438670971460693,True,1.0,473883.0
CICIoT2023_R1,2027,0.4,Utility-Only,F1,0.9,0.8496488498254762,True,0.0,237532.0
CICIoT2023_R1,2027,0.4,Utility-Only,F1,0.95,0.8968515637046692,True,2.0,619381.0
CICIoT2023_R1,2027,0.4,Utility-Only,PR_AUC,0.9,0.8941898815068026,True,0.0,237532.0
CICIoT2023_R1,2027,0.4,Utility-Only,PR_AUC,0.95,0.9438670971460693,True,1.0,428328.0
CICIoT2023_R1,2027,0.4,Utility-Cost-Ratio,F1,0.9,0.8496488498254762,True,0.0,237532.0
CICIoT2023_R1,2027,0.4,Utility-Cost-Ratio,F1,0.95,0.8968515637046692,True,2.0,619381.0
CICIoT2023_R1,2027,0.4,Utility-Cost-Ratio,PR_AUC,0.9,0.8941898815068026,True,0.0,237532.0
CICIoT2023_R1,2027,0.4,Utility-Cost-Ratio,PR_AUC,0.95,0.9438670971460693,True,1.0,428328.0
CICIoT2023_R1,2027,0.4,CB-Score,F1,0.9,0.8496488498254762,True,1.0,382868.0
CICIoT2023_R1,2027,0.4,CB-Score,F1,0.95,0.8968515637046692,True,1.0,382868.0
CICIoT2023_R1,2027,0.4,CB-Score,PR_AUC,0.9,0.8941898815068026,True,0.0,191417.0
CICIoT2023_R1,2027,0.4,CB-Score,PR_AUC,0.95,0.9438670971460693,True,0.0,191417.0
CICIoT2023_R1,2027,0.4,Historical-DoubleCost,F1,0.9,0.8496488498254762,True,1.0,382868.0
CICIoT2023_R1,2027,0.4,Historical-DoubleCost,F1,0.95,0.8968515637046692,True,1.0,382868.0
CICIoT2023_R1,2027,0.4,Historical-DoubleCost,PR_AUC,0.9,0.8941898815068026,True,0.0,191417.0
CICIoT2023_R1,2027,0.4,Historical-DoubleCost,PR_AUC,0.95,0.9438670971460693,True,0.0,191417.0
CICIoT2023_R1,2027,0.4,Oort-Style-Adapted,F1,0.9,0.8496488498254762,True,0.0,237963.0
CICIoT2023_R1,2027,0.4,Oort-Style-Adapted,F1,0.95,0.8968515637046692,True,2.0,663606.0
CICIoT2023_R1,2027,0.4,Oort-Style-Adapted,PR_AUC,0.9,0.8941898815068026,True,1.0,474209.0
CICIoT2023_R1,2027,0.4,Oort-Style-Adapted,PR_AUC,0.95,0.9438670971460693,True,1.0,474209.0
CICIoT2023_R1,2027,0.4,Oracle-Score-Exact,F1,0.9,0.8496488498254762,True,1.0,382868.0
CICIoT2023_R1,2027,0.4,Oracle-Score-Exact,F1,0.95,0.8968515637046692,True,1.0,382868.0
CICIoT2023_R1,2027,0.4,Oracle-Score-Exact,PR_AUC,0.9,0.8941898815068026,True,0.0,191417.0
CICIoT2023_R1,2027,0.4,Oracle-Score-Exact,PR_AUC,0.95,0.9438670971460693,True,0.0,191417.0
CICIoT2023_R1,2027,0.6,Full-Contextual,F1,0.9,0.8496488498254762,True,0.0,519424.0
CICIoT2023_R1,2027,0.6,Full-Contextual,F1,0.95,0.8968515637046692,True,0.0,519424.0
CICIoT2023_R1,2027,0.6,Full-Contextual,PR_AUC,0.9,0.8941898815068026,True,0.0,519424.0
CICIoT2023_R1,2027,0.6,Full-Contextual,PR_AUC,0.95,0.9438670971460693,True,0.0,519424.0
CICIoT2023_R1,2027,0.6,Random-Budget,F1,0.9,0.8496488498254762,True,0.0,332136.0
CICIoT2023_R1,2027,0.6,Random-Budget,F1,0.95,0.8968515637046692,True,0.0,332136.0
CICIoT2023_R1,2027,0.6,Random-Budget,PR_AUC,0.9,0.8941898815068026,True,0.0,332136.0
CICIoT2023_R1,2027,0.6,Random-Budget,PR_AUC,0.95,0.9438670971460693,True,1.0,661329.0
CICIoT2023_R1,2027,0.6,Cost-Only,F1,0.9,0.8496488498254762,True,0.0,331699.0
CICIoT2023_R1,2027,0.6,Cost-Only,F1,0.95,0.8968515637046692,True,0.0,331699.0
CICIoT2023_R1,2027,0.6,Cost-Only,PR_AUC,0.9,0.8941898815068026,True,0.0,331699.0
CICIoT2023_R1,2027,0.6,Cost-Only,PR_AUC,0.95,0.9438670971460693,True,1.0,661405.0
CICIoT2023_R1,2027,0.6,Utility-Only,F1,0.9,0.8496488498254762,True,0.0,331871.0
CICIoT2023_R1,2027,0.6,Utility-Only,F1,0.95,0.8968515637046692,True,0.0,331871.0
CICIoT2023_R1,2027,0.6,Utility-Only,PR_AUC,0.9,0.8941898815068026,True,0.0,331871.0
CICIoT2023_R1,2027,0.6,Utility-Only,PR_AUC,0.95,0.9438670971460693,True,0.0,331871.0
CICIoT2023_R1,2027,0.6,Utility-Cost-Ratio,F1,0.9,0.8496488498254762,True,0.0,331871.0
CICIoT2023_R1,2027,0.6,Utility-Cost-Ratio,F1,0.95,0.8968515637046692,True,0.0,331871.0
CICIoT2023_R1,2027,0.6,Utility-Cost-Ratio,PR_AUC,0.9,0.8941898815068026,True,0.0,331871.0
CICIoT2023_R1,2027,0.6,Utility-Cost-Ratio,PR_AUC,0.95,0.9438670971460693,True,0.0,331871.0
CICIoT2023_R1,2027,0.6,CB-Score,F1,0.9,0.8496488498254762,True,0.0,285783.0
CICIoT2023_R1,2027,0.6,CB-Score,F1,0.95,0.8968515637046692,True,1.0,570242.0
CICIoT2023_R1,2027,0.6,CB-Score,PR_AUC,0.9,0.8941898815068026,True,0.0,285783.0
CICIoT2023_R1,2027,0.6,CB-Score,PR_AUC,0.95,0.9438670971460693,True,0.0,285783.0
CICIoT2023_R1,2027,0.6,Historical-DoubleCost,F1,0.9,0.8496488498254762,True,0.0,285783.0
CICIoT2023_R1,2027,0.6,Historical-DoubleCost,F1,0.95,0.8968515637046692,True,1.0,570242.0
CICIoT2023_R1,2027,0.6,Historical-DoubleCost,PR_AUC,0.9,0.8941898815068026,True,0.0,285783.0
CICIoT2023_R1,2027,0.6,Historical-DoubleCost,PR_AUC,0.95,0.9438670971460693,True,0.0,285783.0
CICIoT2023_R1,2027,0.6,Oort-Style-Adapted,F1,0.9,0.8496488498254762,True,0.0,331766.0
CICIoT2023_R1,2027,0.6,Oort-Style-Adapted,F1,0.95,0.8968515637046692,True,0.0,331766.0
CICIoT2023_R1,2027,0.6,Oort-Style-Adapted,PR_AUC,0.9,0.8941898815068026,True,0.0,331766.0
CICIoT2023_R1,2027,0.6,Oort-Style-Adapted,PR_AUC,0.95,0.9438670971460693,True,1.0,616061.0
CICIoT2023_R1,2027,0.6,Oracle-Score-Exact,F1,0.9,0.8496488498254762,True,0.0,285783.0
CICIoT2023_R1,2027,0.6,Oracle-Score-Exact,F1,0.95,0.8968515637046692,True,1.0,570242.0
CICIoT2023_R1,2027,0.6,Oracle-Score-Exact,PR_AUC,0.9,0.8941898815068026,True,0.0,285783.0
CICIoT2023_R1,2027,0.6,Oracle-Score-Exact,PR_AUC,0.95,0.9438670971460693,True,0.0,285783.0
CICIoT2023_R1,2027,0.8,Full-Contextual,F1,0.9,0.8496488498254762,True,0.0,519424.0
CICIoT2023_R1,2027,0.8,Full-Contextual,F1,0.95,0.8968515637046692,True,0.0,519424.0
CICIoT2023_R1,2027,0.8,Full-Contextual,PR_AUC,0.9,0.8941898815068026,True,0.0,519424.0
CICIoT2023_R1,2027,0.8,Full-Contextual,PR_AUC,0.95,0.9438670971460693,True,0.0,519424.0
CICIoT2023_R1,2027,0.8,Random-Budget,F1,0.9,0.8496488498254762,True,0.0,425936.0
CICIoT2023_R1,2027,0.8,Random-Budget,F1,0.95,0.8968515637046692,True,0.0,425936.0
CICIoT2023_R1,2027,0.8,Random-Budget,PR_AUC,0.9,0.8941898815068026,True,0.0,425936.0
CICIoT2023_R1,2027,0.8,Random-Budget,PR_AUC,0.95,0.9438670971460693,True,0.0,425936.0
CICIoT2023_R1,2027,0.8,Cost-Only,F1,0.9,0.8496488498254762,True,0.0,425973.0
CICIoT2023_R1,2027,0.8,Cost-Only,F1,0.95,0.8968515637046692,True,0.0,425973.0
CICIoT2023_R1,2027,0.8,Cost-Only,PR_AUC,0.9,0.8941898815068026,True,0.0,425973.0
CICIoT2023_R1,2027,0.8,Cost-Only,PR_AUC,0.95,0.9438670971460693,True,0.0,425973.0
CICIoT2023_R1,2027,0.8,Utility-Only,F1,0.9,0.8496488498254762,True,0.0,426117.0
CICIoT2023_R1,2027,0.8,Utility-Only,F1,0.95,0.8968515637046692,True,0.0,426117.0
CICIoT2023_R1,2027,0.8,Utility-Only,PR_AUC,0.9,0.8941898815068026,True,0.0,426117.0
CICIoT2023_R1,2027,0.8,Utility-Only,PR_AUC,0.95,0.9438670971460693,True,0.0,426117.0
CICIoT2023_R1,2027,0.8,Utility-Cost-Ratio,F1,0.9,0.8496488498254762,True,0.0,426117.0
CICIoT2023_R1,2027,0.8,Utility-Cost-Ratio,F1,0.95,0.8968515637046692,True,0.0,426117.0
CICIoT2023_R1,2027,0.8,Utility-Cost-Ratio,PR_AUC,0.9,0.8941898815068026,True,0.0,426117.0
CICIoT2023_R1,2027,0.8,Utility-Cost-Ratio,PR_AUC,0.95,0.9438670971460693,True,0.0,426117.0
CICIoT2023_R1,2027,0.8,CB-Score,F1,0.9,0.8496488498254762,True,0.0,379982.0
CICIoT2023_R1,2027,0.8,CB-Score,F1,0.95,0.8968515637046692,True,0.0,379982.0
CICIoT2023_R1,2027,0.8,CB-Score,PR_AUC,0.9,0.8941898815068026,True,0.0,379982.0
CICIoT2023_R1,2027,0.8,CB-Score,PR_AUC,0.95,0.9438670971460693,True,0.0,379982.0
CICIoT2023_R1,2027,0.8,Historical-DoubleCost,F1,0.9,0.8496488498254762,True,0.0,379982.0
CICIoT2023_R1,2027,0.8,Historical-DoubleCost,F1,0.95,0.8968515637046692,True,0.0,379982.0
CICIoT2023_R1,2027,0.8,Historical-DoubleCost,PR_AUC,0.9,0.8941898815068026,True,0.0,379982.0
CICIoT2023_R1,2027,0.8,Historical-DoubleCost,PR_AUC,0.95,0.9438670971460693,True,0.0,379982.0
CICIoT2023_R1,2027,0.8,Oort-Style-Adapted,F1,0.9,0.8496488498254762,True,0.0,426010.0
CICIoT2023_R1,2027,0.8,Oort-Style-Adapted,F1,0.95,0.8968515637046692,True,0.0,426010.0
CICIoT2023_R1,2027,0.8,Oort-Style-Adapted,PR_AUC,0.9,0.8941898815068026,True,0.0,426010.0
CICIoT2023_R1,2027,0.8,Oort-Style-Adapted,PR_AUC,0.95,0.9438670971460693,True,0.0,426010.0
CICIoT2023_R1,2027,0.8,Oracle-Score-Exact,F1,0.9,0.8496488498254762,True,0.0,379982.0
CICIoT2023_R1,2027,0.8,Oracle-Score-Exact,F1,0.95,0.8968515637046692,True,0.0,379982.0
CICIoT2023_R1,2027,0.8,Oracle-Score-Exact,PR_AUC,0.9,0.8941898815068026,True,0.0,379982.0
CICIoT2023_R1,2027,0.8,Oracle-Score-Exact,PR_AUC,0.95,0.9438670971460693,True,0.0,379982.0
CICIoT2023_R1,2027,1.0,Full-Contextual,F1,0.9,0.8496488498254762,True,0.0,519424.0
CICIoT2023_R1,2027,1.0,Full-Contextual,F1,0.95,0.8968515637046692,True,0.0,519424.0
CICIoT2023_R1,2027,1.0,Full-Contextual,PR_AUC,0.9,0.8941898815068026,True,0.0,519424.0
CICIoT2023_R1,2027,1.0,Full-Contextual,PR_AUC,0.95,0.9438670971460693,True,0.0,519424.0
CICIoT2023_R1,2027,1.0,Random-Budget,F1,0.9,0.8496488498254762,True,0.0,520194.0
CICIoT2023_R1,2027,1.0,Random-Budget,F1,0.95,0.8968515637046692,True,0.0,520194.0
CICIoT2023_R1,2027,1.0,Random-Budget,PR_AUC,0.9,0.8941898815068026,True,0.0,520194.0
CICIoT2023_R1,2027,1.0,Random-Budget,PR_AUC,0.95,0.9438670971460693,True,0.0,520194.0
CICIoT2023_R1,2027,1.0,Cost-Only,F1,0.9,0.8496488498254762,True,0.0,520274.0
CICIoT2023_R1,2027,1.0,Cost-Only,F1,0.95,0.8968515637046692,True,0.0,520274.0
CICIoT2023_R1,2027,1.0,Cost-Only,PR_AUC,0.9,0.8941898815068026,True,0.0,520274.0
CICIoT2023_R1,2027,1.0,Cost-Only,PR_AUC,0.95,0.9438670971460693,True,0.0,520274.0
CICIoT2023_R1,2027,1.0,Utility-Only,F1,0.9,0.8496488498254762,True,0.0,520274.0
CICIoT2023_R1,2027,1.0,Utility-Only,F1,0.95,0.8968515637046692,True,0.0,520274.0
CICIoT2023_R1,2027,1.0,Utility-Only,PR_AUC,0.9,0.8941898815068026,True,0.0,520274.0
CICIoT2023_R1,2027,1.0,Utility-Only,PR_AUC,0.95,0.9438670971460693,True,0.0,520274.0
CICIoT2023_R1,2027,1.0,Utility-Cost-Ratio,F1,0.9,0.8496488498254762,True,0.0,520274.0
CICIoT2023_R1,2027,1.0,Utility-Cost-Ratio,F1,0.95,0.8968515637046692,True,0.0,520274.0
CICIoT2023_R1,2027,1.0,Utility-Cost-Ratio,PR_AUC,0.9,0.8941898815068026,True,0.0,520274.0
CICIoT2023_R1,2027,1.0,Utility-Cost-Ratio,PR_AUC,0.95,0.9438670971460693,True,0.0,520274.0
CICIoT2023_R1,2027,1.0,CB-Score,F1,0.9,0.8496488498254762,True,0.0,474173.0
CICIoT2023_R1,2027,1.0,CB-Score,F1,0.95,0.8968515637046692,True,0.0,474173.0
CICIoT2023_R1,2027,1.0,CB-Score,PR_AUC,0.9,0.8941898815068026,True,0.0,474173.0
CICIoT2023_R1,2027,1.0,CB-Score,PR_AUC,0.95,0.9438670971460693,True,0.0,474173.0
CICIoT2023_R1,2027,1.0,Historical-DoubleCost,F1,0.9,0.8496488498254762,True,0.0,474173.0
CICIoT2023_R1,2027,1.0,Historical-DoubleCost,F1,0.95,0.8968515637046692,True,0.0,474173.0
CICIoT2023_R1,2027,1.0,Historical-DoubleCost,PR_AUC,0.9,0.8941898815068026,True,0.0,474173.0
CICIoT2023_R1,2027,1.0,Historical-DoubleCost,PR_AUC,0.95,0.9438670971460693,True,0.0,474173.0
CICIoT2023_R1,2027,1.0,Oort-Style-Adapted,F1,0.9,0.8496488498254762,True,0.0,520274.0
CICIoT2023_R1,2027,1.0,Oort-Style-Adapted,F1,0.95,0.8968515637046692,True,0.0,520274.0
CICIoT2023_R1,2027,1.0,Oort-Style-Adapted,PR_AUC,0.9,0.8941898815068026,True,0.0,520274.0
CICIoT2023_R1,2027,1.0,Oort-Style-Adapted,PR_AUC,0.95,0.9438670971460693,True,0.0,520274.0
CICIoT2023_R1,2027,1.0,Oracle-Score-Exact,F1,0.9,0.8496488498254762,True,0.0,474173.0
CICIoT2023_R1,2027,1.0,Oracle-Score-Exact,F1,0.95,0.8968515637046692,True,0.0,474173.0
CICIoT2023_R1,2027,1.0,Oracle-Score-Exact,PR_AUC,0.9,0.8941898815068026,True,0.0,474173.0
CICIoT2023_R1,2027,1.0,Oracle-Score-Exact,PR_AUC,0.95,0.9438670971460693,True,0.0,474173.0
