cell_id,dataset_protocol,selection,aggregation,model_attack,reported_utility,beta,seed,rounds,role,expected,test_F1,test_PR_AUC,test_FPR,mean_malicious_selection_rate,mean_malicious_budget_fraction,malicious_reported_utility_mean,malicious_actual_utility_mean,benign_reported_utility_mean,malicious_update_norm_mean,benign_update_norm_mean,malicious_cosine_to_benign_mean,clean_F1,clean_PR_AUC,clean_FPR,attack_success_F1_drop,attack_success_PR_AUC_drop,attack_success_FPR_increase,honest_F1,honest_PR_AUC,honest_FPR,honest_malicious_selection_rate,honest_malicious_budget_fraction,forged_minus_honest_F1,forged_minus_honest_PR_AUC,forged_minus_honest_FPR,forged_minus_honest_malicious_selection_rate,forged_minus_honest_malicious_budget_fraction
ROB__CICIDS2017_COVERAGE_R1__CB-Score__FedAvg__clean__honest__seed42,CICIDS2017_COVERAGE_R1,CB-Score,FedAvg,clean,honest,0.4,42,30,core_12_cell_factorial,1,0.00224481858087459,0.19836394098322432,0.00017774192556031432,0.0,0.0,,,0.13139248204345422,,1.2453869666481496,,0.00224481858087459,0.19836394098322432,0.00017774192556031432,0.0,0.0,0.0,0.00224481858087459,0.19836394098322432,0.00017774192556031432,0.0,0.0,0.0,0.0,0.0,0.0,0.0
ROB__CICIDS2017_COVERAGE_R1__CB-Score__FedAvg__clean__honest__seed123,CICIDS2017_COVERAGE_R1,CB-Score,FedAvg,clean,honest,0.4,123,30,core_12_cell_factorial,1,0.003148454042548474,0.17246531144325397,0.0007827480952559997,0.0,0.0,,,0.04215970548302057,,0.9797711322516801,,0.003148454042548474,0.17246531144325397,0.0007827480952559997,0.0,0.0,0.0,0.003148454042548474,0.17246531144325397,0.0007827480952559997,0.0,0.0,0.0,0.0,0.0,0.0,0.0
ROB__CICIDS2017_COVERAGE_R1__CB-Score__FedAvg__clean__honest__seed777,CICIDS2017_COVERAGE_R1,CB-Score,FedAvg,clean,honest,0.4,777,30,core_12_cell_factorial,1,0.002542211300129229,0.18179491818166962,0.015224279547031538,0.0,0.0,,,0.0824396438845229,,1.0316184329807092,,0.002542211300129229,0.18179491818166962,0.015224279547031538,0.0,0.0,0.0,0.002542211300129229,0.18179491818166962,0.015224279547031538,0.0,0.0,0.0,0.0,0.0,0.0,0.0
ROB__CICIDS2017_COVERAGE_R1__CB-Score__FedAvg__clean__honest__seed2026,CICIDS2017_COVERAGE_R1,CB-Score,FedAvg,clean,honest,0.4,2026,30,core_12_cell_factorial,1,0.009169705041154509,0.17508301632825168,0.004628126292474339,0.0,0.0,,,0.09476009194336368,,1.1909608702578904,,0.009169705041154509,0.17508301632825168,0.004628126292474339,0.0,0.0,0.0,0.009169705041154509,0.17508301632825168,0.004628126292474339,0.0,0.0,0.0,0.0,0.0,0.0,0.0
ROB__CICIDS2017_COVERAGE_R1__CB-Score__FedAvg__clean__honest__seed3407,CICIDS2017_COVERAGE_R1,CB-Score,FedAvg,clean,honest,0.4,3407,30,core_12_cell_factorial,1,0.0025789813023855577,0.1732200401041768,3.418113953082968e-05,0.0,0.0,,,0.06409981008162552,,1.0535345454815725,,0.0025789813023855577,0.1732200401041768,3.418113953082968e-05,0.0,0.0,0.0,0.0025789813023855577,0.1732200401041768,3.418113953082968e-05,0.0,0.0,0.0,0.0,0.0,0.0,0.0
ROB__CICIDS2017_COVERAGE_R1__CB-Score__FedAvg__clean__honest__seed11,CICIDS2017_COVERAGE_R1,CB-Score,FedAvg,clean,honest,0.4,11,30,core_12_cell_factorial,1,0.0024443358072974535,0.16806952693725868,0.00021192306509114402,0.0,0.0,,,0.012102402092708943,,1.0699114282601154,,0.0024443358072974535,0.16806952693725868,0.00021192306509114402,0.0,0.0,0.0,0.0024443358072974535,0.16806952693725868,0.00021192306509114402,0.0,0.0,0.0,0.0,0.0,0.0,0.0
ROB__CICIDS2017_COVERAGE_R1__CB-Score__FedAvg__clean__honest__seed314,CICIDS2017_COVERAGE_R1,CB-Score,FedAvg,clean,honest,0.4,314,30,core_12_cell_factorial,1,0.013441005907538887,0.17252084075599772,0.006162859457408591,0.0,0.0,,,0.032866230066365985,,1.1149899416035867,,0.013441005907538887,0.17252084075599772,0.006162859457408591,0.0,0.0,0.0,0.013441005907538887,0.17252084075599772,0.006162859457408591,0.0,0.0,0.0,0.0,0.0,0.0,0.0
ROB__CICIDS2017_COVERAGE_R1__CB-Score__FedAvg__clean__honest__seed2718,CICIDS2017_COVERAGE_R1,CB-Score,FedAvg,clean,honest,0.4,2718,30,core_12_cell_factorial,1,0.0030106879421947915,0.16581503748529758,0.010356885277841392,0.0,0.0,,,0.041531854698612,,1.0595585516797268,,0.0030106879421947915,0.16581503748529758,0.010356885277841392,0.0,0.0,0.0,0.0030106879421947915,0.16581503748529758,0.010356885277841392,0.0,0.0,0.0,0.0,0.0,0.0,0.0
ROB__CICIDS2017_COVERAGE_R1__CB-Score__FedAvg__clean__honest__seed9001,CICIDS2017_COVERAGE_R1,CB-Score,FedAvg,clean,honest,0.4,9001,30,core_12_cell_factorial,1,0.014116885219362149,0.17741599259285928,0.007413889164236957,0.0,0.0,,,0.06512855364364242,,1.209561942891449,,0.014116885219362149,0.17741599259285928,0.007413889164236957,0.0,0.0,0.0,0.014116885219362149,0.17741599259285928,0.007413889164236957,0.0,0.0,0.0,0.0,0.0,0.0,0.0
ROB__CICIDS2017_COVERAGE_R1__CB-Score__FedAvg__clean__honest__seed2027,CICIDS2017_COVERAGE_R1,CB-Score,FedAvg,clean,honest,0.4,2027,30,core_12_cell_factorial,1,0.015744274809160304,0.23544067808558422,0.005694577845836224,0.0,0.0,,,0.048289574294152565,,1.0445420393140838,,0.015744274809160304,0.23544067808558422,0.005694577845836224,0.0,0.0,0.0,0.015744274809160304,0.23544067808558422,0.005694577845836224,0.0,0.0,0.0,0.0,0.0,0.0,0.0
ROB__CICIDS2017_COVERAGE_R1__CB-Score__FedAvg__label-flip__honest__seed42,CICIDS2017_COVERAGE_R1,CB-Score,FedAvg,label-flip,honest,0.4,42,30,core_12_cell_factorial,1,0.002458335640329993,0.22545006260751735,0.0012373572510160345,0.05,0.05024892089407985,-0.1864896202279208,-0.1864896202279208,0.12564991033828735,1.6674656324525698,1.2088314836752772,0.30183603662169645,0.00224481858087459,0.19836394098322432,0.00017774192556031432,-0.00021351705945540271,-0.027086121624293025,0.0010596153254557202,0.002458335640329993,0.22545006260751735,0.0012373572510160345,0.05,0.05024892089407985,0.0,0.0,0.0,0.0,0.0
ROB__CICIDS2017_COVERAGE_R1__CB-Score__FedAvg__label-flip__honest__seed123,CICIDS2017_COVERAGE_R1,CB-Score,FedAvg,label-flip,honest,0.4,123,30,core_12_cell_factorial,1,0.0025985563575791227,0.1805006799237822,0.00034522950926137977,0.03333333333333333,0.03327698338744387,-0.597399755064404,-0.597399755064404,0.02853713710206849,1.7193722048964029,0.9680171043785611,0.06656880233333341,0.003148454042548474,0.17246531144325397,0.0007827480952559997,0.0005498976849693514,-0.008035368480528216,-0.00043751858599461993,0.0025985563575791227,0.1805006799237822,0.00034522950926137977,0.03333333333333333,0.03327698338744387,0.0,0.0,0.0,0.0,0.0
ROB__CICIDS2017_COVERAGE_R1__CB-Score__FedAvg__label-flip__honest__seed777,CICIDS2017_COVERAGE_R1,CB-Score,FedAvg,label-flip,honest,0.4,777,30,core_12_cell_factorial,1,0.0026756403527728894,0.16605262389295097,0.024648019715681282,0.016666666666666666,0.016572899116281677,-0.6230953046628079,-0.6230953046628079,0.042078829057599805,1.8162972700513187,1.041614620770265,0.15428008093602127,0.002542211300129229,0.18179491818166962,0.015224279547031538,-0.00013342905264366028,0.01574229428871865,0.009423740168649743,0.0026756403527728894,0.16605262389295097,0.024648019715681282,0.016666666666666666,0.016572899116281677,0.0,0.0,0.0,0.0,0.0
ROB__CICIDS2017_COVERAGE_R1__CB-Score__FedAvg__label-flip__honest__seed2026,CICIDS2017_COVERAGE_R1,CB-Score,FedAvg,label-flip,honest,0.4,2026,30,core_12_cell_factorial,1,0.00243864588644778,0.17019090578100804,0.0009297269952385673,0.025,0.024893968008929224,-0.36402557906134536,-0.36402557906134536,0.15700862205312077,1.8380035319319408,1.2946655947812313,0.45806003332965906,0.009169705041154509,0.17508301632825168,0.004628126292474339,0.006731059154706729,0.004892110547243644,-0.0036983992972357714,0.00243864588644778,0.17019090578100804,0.0009297269952385673,0.025,0.024893968008929224,0.0,0.0,0.0,0.0,0.0
ROB__CICIDS2017_COVERAGE_R1__CB-Score__FedAvg__label-flip__honest__seed3407,CICIDS2017_COVERAGE_R1,CB-Score,FedAvg,label-flip,honest,0.4,3407,30,core_12_cell_factorial,1,0.002443005785481883,0.16882948186368293,0.0003794106487922094,0.075,0.07466419597985018,-0.24470010891456973,-0.24470010891456973,0.047349513224372905,1.8112716704586767,0.9905090268950256,0.00710481271251206,0.0025789813023855577,0.1732200401041768,3.418113953082968e-05,0.0001359755169036748,0.004390558240493864,0.0003452295092613797,0.002443005785481883,0.16882948186368293,0.0003794106487922094,0.075,0.07466419597985018,0.0,0.0,0.0,0.0,0.0
ROB__CICIDS2017_COVERAGE_R1__CB-Score__FedAvg__label-flip__honest__seed11,CICIDS2017_COVERAGE_R1,CB-Score,FedAvg,label-flip,honest,0.4,11,30,core_12_cell_factorial,1,0.005558973457549657,0.24456776870784117,0.003209609001944907,0.075,0.07465878237369641,-0.4282868306149792,-0.4282868306149792,0.1134101730863549,1.806299806963691,1.0689332944541898,-0.25542877005516657,0.0024443358072974535,0.16806952693725868,0.00021192306509114402,-0.0031146376502522036,-0.07649824177058248,0.002997685936853763,0.005558973457549657,0.24456776870784117,0.003209609001944907,0.075,0.07465878237369641,0.0,0.0,0.0,0.0,0.0
ROB__CICIDS2017_COVERAGE_R1__CB-Score__FedAvg__label-flip__honest__seed314,CICIDS2017_COVERAGE_R1,CB-Score,FedAvg,label-flip,honest,0.4,314,30,core_12_cell_factorial,1,0.0023009481493236005,0.16517488837737418,0.03718907980954269,0.0,0.0,-0.5080261694582884,-0.5080261694582884,0.04046293737756411,1.719753539771155,1.036525601978541,0.06331594332328272,0.013441005907538887,0.17252084075599772,0.006162859457408591,0.011140057758215286,0.007345952378623538,0.0310262203521341,0.0023009481493236005,0.16517488837737418,0.03718907980954269,0.0,0.0,0.0,0.0,0.0,0.0,0.0
ROB__CICIDS2017_COVERAGE_R1__CB-Score__FedAvg__label-flip__honest__seed2718,CICIDS2017_COVERAGE_R1,CB-Score,FedAvg,label-flip,honest,0.4,2718,30,core_12_cell_factorial,1,0.004144687264506406,0.18160256892932303,0.0007417307278190041,0.08333333333333333,0.08302011508992248,-0.5450150737796106,-0.5450150737796106,0.040989781423910375,1.7497548204968085,1.0306009807396566,-0.26134969022047394,0.0030106879421947915,0.16581503748529758,0.010356885277841392,-0.0011339993223116141,-0.01578753144402545,-0.009615154550022388,0.004144687264506406,0.18160256892932303,0.0007417307278190041,0.08333333333333333,0.08302011508992248,0.0,0.0,0.0,0.0,0.0
ROB__CICIDS2017_COVERAGE_R1__CB-Score__FedAvg__label-flip__honest__seed9001,CICIDS2017_COVERAGE_R1,CB-Score,FedAvg,label-flip,honest,0.4,9001,30,core_12_cell_factorial,1,0.0031604305257807146,0.17996927144188637,0.0017740011416500603,0.10833333333333334,0.10753496455442009,-0.3649390509029925,-0.3649390509029925,0.17243064495157207,1.9243759489906533,1.093879034883953,-0.2814881575293839,0.014116885219362149,0.17741599259285928,0.007413889164236957,0.010956454693581434,-0.002553278849027091,-0.005639888022586897,0.0031604305257807146,0.17996927144188637,0.0017740011416500603,0.10833333333333334,0.10753496455442009,0.0,0.0,0.0,0.0,0.0
ROB__CICIDS2017_COVERAGE_R1__CB-Score__FedAvg__label-flip__honest__seed2027,CICIDS2017_COVERAGE_R1,CB-Score,FedAvg,label-flip,honest,0.4,2027,30,core_12_cell_factorial,1,0.003113476273544284,0.19486025208140156,0.002054286485802864,0.025,0.02492007944474393,-0.39284602376221994,-0.39284602376221994,0.030563404798315992,1.8236604103173284,1.008903616536347,-0.22791388453915715,0.015744274809160304,0.23544067808558422,0.005694577845836224,0.012630798535616019,0.04058042600418266,-0.0036402913600333603,0.003113476273544284,0.19486025208140156,0.002054286485802864,0.025,0.02492007944474393,0.0,0.0,0.0,0.0,0.0
ROB__CICIDS2017_COVERAGE_R1__CB-Score__FedAvg__sign-flip__honest__seed42,CICIDS2017_COVERAGE_R1,CB-Score,FedAvg,sign-flip,honest,0.4,42,30,core_12_cell_factorial,1,0.0,0.1819342352823499,0.04274009686934943,0.05555555555555555,0.05589561693659386,0.07411595964995156,0.07411595964995156,0.06482756869624665,8.84317181265045,1.701092887975405,-0.8923134601778454,0.00224481858087459,0.19836394098322432,0.00017774192556031432,0.00224481858087459,0.01642970570087443,0.04256235494378912,0.0,0.1819342352823499,0.04274009686934943,0.05555555555555555,0.05589561693659386,0.0,0.0,0.0,0.0,0.0
ROB__CICIDS2017_COVERAGE_R1__CB-Score__FedAvg__sign-flip__honest__seed123,CICIDS2017_COVERAGE_R1,CB-Score,FedAvg,sign-flip,honest,0.4,123,30,core_12_cell_factorial,1,0.44328167240031663,0.3312008543826472,0.7617335306724455,0.24444444444444444,0.24723333295613328,0.26311995531455096,0.26311995531455096,0.23622764485976586,5.999480286651939,1.2384757617900046,-0.7213896155357361,0.003148454042548474,0.17246531144325397,0.0007827480952559997,-0.44013321835776814,-0.1587355429393932,0.7609507825771895,0.44328167240031663,0.3312008543826472,0.7617335306724455,0.24444444444444444,0.24723333295613328,0.0,0.0,0.0,0.0,0.0
ROB__CICIDS2017_COVERAGE_R1__CB-Score__FedAvg__sign-flip__honest__seed777,CICIDS2017_COVERAGE_R1,CB-Score,FedAvg,sign-flip,honest,0.4,777,30,core_12_cell_factorial,1,0.0028398771588019683,0.17502485522796912,0.0030352851903376753,0.041666666666666664,0.042297683576882114,0.03613600361834449,0.03613600361834449,0.08581756862386015,5.107743970863734,1.0564939516861822,-0.6205507391028934,0.002542211300129229,0.18179491818166962,0.015224279547031538,-0.00029766585867273916,0.006770062953700501,-0.012188994356693864,0.0028398771588019683,0.17502485522796912,0.0030352851903376753,0.041666666666666664,0.042297683576882114,0.0,0.0,0.0,0.0,0.0
ROB__CICIDS2017_COVERAGE_R1__CB-Score__FedAvg__sign-flip__honest__seed2026,CICIDS2017_COVERAGE_R1,CB-Score,FedAvg,sign-flip,honest,0.4,2026,30,core_12_cell_factorial,1,0.010737833594976452,0.20363757336867733,0.017791283125796847,0.2111111111111111,0.213405742984789,0.20737727923204052,0.20737727923204052,0.19016532262504104,7.780709559480427,1.5919885614555418,-0.8626166827148861,0.009169705041154509,0.17508301632825168,0.004628126292474339,-0.0015681285538219434,-0.028554557040425643,0.013163156833322507,0.010737833594976452,0.20363757336867733,0.017791283125796847,0.2111111111111111,0.213405742984789,0.0,0.0,0.0,0.0,0.0
ROB__CICIDS2017_COVERAGE_R1__CB-Score__FedAvg__sign-flip__honest__seed3407,CICIDS2017_COVERAGE_R1,CB-Score,FedAvg,sign-flip,honest,0.4,3407,30,core_12_cell_factorial,1,0.0,0.2242831458983045,0.04325281396231188,0.030555555555555555,0.030686573002059053,0.040400177733900096,0.040400177733900096,0.028643146955637164,11.527950583188558,2.003112571871507,-0.9759364545345306,0.0025789813023855577,0.1732200401041768,3.418113953082968e-05,0.0025789813023855577,-0.051063105794127706,0.043218632822781045,0.0,0.2242831458983045,0.04325281396231188,0.030555555555555555,0.030686573002059053,0.0,0.0,0.0,0.0,0.0
ROB__CICIDS2017_COVERAGE_R1__CB-Score__FedAvg__sign-flip__honest__seed11,CICIDS2017_COVERAGE_R1,CB-Score,FedAvg,sign-flip,honest,0.4,11,30,core_12_cell_factorial,1,0.3804643145293643,0.23523542753852575,1.0,0.027777777777777776,0.02804847827890504,0.022038029708602,0.022038029708602,0.015395491239694411,12.225072664917693,2.286246355075429,-0.9878570258617401,0.0024443358072974535,0.16806952693725868,0.00021192306509114402,-0.37801997872206683,-0.06716590060126706,0.9997880769349089,0.3804643145293643,0.23523542753852575,1.0,0.027777777777777776,0.02804847827890504,0.0,0.0,0.0,0.0,0.0
ROB__CICIDS2017_COVERAGE_R1__CB-Score__FedAvg__sign-flip__honest__seed314,CICIDS2017_COVERAGE_R1,CB-Score,FedAvg,sign-flip,honest,0.4,314,30,core_12_cell_factorial,1,0.40338033992144595,0.29621535182573366,0.9073417669598269,0.2111111111111111,0.21290332861159458,0.13621518586818182,0.13621518586818182,0.16370711211958908,7.2188797429389915,1.3615803285513723,-0.7417149053679573,0.013441005907538887,0.17252084075599772,0.006162859457408591,-0.38993933401390707,-0.12369451106973595,0.9011789075024184,0.40338033992144595,0.29621535182573366,0.9073417669598269,0.2111111111111111,0.21290332861159458,0.0,0.0,0.0,0.0,0.0
ROB__CICIDS2017_COVERAGE_R1__CB-Score__FedAvg__sign-flip__honest__seed2718,CICIDS2017_COVERAGE_R1,CB-Score,FedAvg,sign-flip,honest,0.4,2718,30,core_12_cell_factorial,1,0.3804643145293643,0.23492184700999763,1.0,0.08888888888888888,0.08951000458646986,0.05508573832066255,0.05508573832066255,0.046450217309503945,10.786845265970772,2.0976030390769096,-0.9508387545744578,0.0030106879421947915,0.16581503748529758,0.010356885277841392,-0.3774536265871695,-0.06910680952470005,0.9896431147221586,0.3804643145293643,0.23492184700999763,1.0,0.08888888888888888,0.08951000458646986,0.0,0.0,0.0,0.0,0.0
ROB__CICIDS2017_COVERAGE_R1__CB-Score__FedAvg__sign-flip__honest__seed9001,CICIDS2017_COVERAGE_R1,CB-Score,FedAvg,sign-flip,honest,0.4,9001,30,core_12_cell_factorial,1,0.003172877444835199,0.1773037532035832,0.0005605706883056068,0.07222222222222222,0.07321956104560726,0.02570242836977994,0.02570242836977994,0.06314837919353425,5.429977303431892,1.1157776213946893,-0.5482122970951928,0.014116885219362149,0.17741599259285928,0.007413889164236957,0.01094400777452695,0.00011223938927609756,-0.0068533184759313505,0.003172877444835199,0.1773037532035832,0.0005605706883056068,0.07222222222222222,0.07321956104560726,0.0,0.0,0.0,0.0,0.0
ROB__CICIDS2017_COVERAGE_R1__CB-Score__FedAvg__sign-flip__honest__seed2027,CICIDS2017_COVERAGE_R1,CB-Score,FedAvg,sign-flip,honest,0.4,2027,30,core_12_cell_factorial,1,0.0,0.23323785914619247,0.016441128114329077,0.04444444444444444,0.04468938636039286,0.03531856567063811,0.03531856567063811,0.03048880878956113,11.085461614377275,1.7822343606540276,-0.9495701753430896,0.015744274809160304,0.23544067808558422,0.005694577845836224,0.015744274809160304,0.002202818939391754,0.010746550268492853,0.0,0.23323785914619247,0.016441128114329077,0.04444444444444444,0.04468938636039286,0.0,0.0,0.0,0.0,0.0
ROB__CICIDS2017_COVERAGE_R1__CB-Score__Norm-Clipped-Averaging__clean__honest__seed42,CICIDS2017_COVERAGE_R1,CB-Score,Norm-Clipped-Averaging,clean,honest,0.4,42,30,core_12_cell_factorial,1,0.0028331100520501613,0.1952588607280155,0.0037770159181566795,0.0,0.0,,,0.11796987756912136,,1.1901458597494066,,0.0028331100520501613,0.1952588607280155,0.0037770159181566795,0.0,0.0,0.0,0.0028331100520501613,0.1952588607280155,0.0037770159181566795,0.0,0.0,0.0,0.0,0.0,0.0,0.0
ROB__CICIDS2017_COVERAGE_R1__CB-Score__Norm-Clipped-Averaging__clean__honest__seed123,CICIDS2017_COVERAGE_R1,CB-Score,Norm-Clipped-Averaging,clean,honest,0.4,123,30,core_12_cell_factorial,1,0.0031515846079252434,0.17899812932918702,0.0026422020857331343,0.0,0.0,,,0.04752181751355835,,0.9963459130344,,0.0031515846079252434,0.17899812932918702,0.0026422020857331343,0.0,0.0,0.0,0.0031515846079252434,0.17899812932918702,0.0026422020857331343,0.0,0.0,0.0,0.0,0.0,0.0,0.0
ROB__CICIDS2017_COVERAGE_R1__CB-Score__Norm-Clipped-Averaging__clean__honest__seed777,CICIDS2017_COVERAGE_R1,CB-Score,Norm-Clipped-Averaging,clean,honest,0.4,777,30,core_12_cell_factorial,1,0.02369703155745899,0.18158756038871926,0.013928814358813093,0.0,0.0,,,0.06512399785643828,,1.0383100905230305,,0.02369703155745899,0.18158756038871926,0.013928814358813093,0.0,0.0,0.0,0.02369703155745899,0.18158756038871926,0.013928814358813093,0.0,0.0,0.0,0.0,0.0,0.0,0.0
ROB__CICIDS2017_COVERAGE_R1__CB-Score__Norm-Clipped-Averaging__clean__honest__seed2026,CICIDS2017_COVERAGE_R1,CB-Score,Norm-Clipped-Averaging,clean,honest,0.4,2026,30,core_12_cell_factorial,1,0.0031631453019181637,0.175399898446665,0.029559849466261508,0.0,0.0,,,0.10160016904123086,,1.1522898999130176,,0.0031631453019181637,0.175399898446665,0.029559849466261508,0.0,0.0,0.0,0.0031631453019181637,0.175399898446665,0.029559849466261508,0.0,0.0,0.0,0.0,0.0,0.0,0.0
ROB__CICIDS2017_COVERAGE_R1__CB-Score__Norm-Clipped-Averaging__clean__honest__seed3407,CICIDS2017_COVERAGE_R1,CB-Score,Norm-Clipped-Averaging,clean,honest,0.4,3407,30,core_12_cell_factorial,1,0.0024412707924143058,0.16980657040519362,0.0005981699417895194,0.0,0.0,,,0.05899105968620375,,1.0506701575108468,,0.0024412707924143058,0.16980657040519362,0.0005981699417895194,0.0,0.0,0.0,0.0024412707924143058,0.16980657040519362,0.0005981699417895194,0.0,0.0,0.0,0.0,0.0,0.0,0.0
ROB__CICIDS2017_COVERAGE_R1__CB-Score__Norm-Clipped-Averaging__clean__honest__seed11,CICIDS2017_COVERAGE_R1,CB-Score,Norm-Clipped-Averaging,clean,honest,0.4,11,30,core_12_cell_factorial,1,0.0027097709298295365,0.1696530650959771,0.017945098253685583,0.0,0.0,,,0.02094289430866637,,1.0533151588494272,,0.0027097709298295365,0.1696530650959771,0.017945098253685583,0.0,0.0,0.0,0.0027097709298295365,0.1696530650959771,0.017945098253685583,0.0,0.0,0.0,0.0,0.0,0.0,0.0
ROB__CICIDS2017_COVERAGE_R1__CB-Score__Norm-Clipped-Averaging__clean__honest__seed314,CICIDS2017_COVERAGE_R1,CB-Score,Norm-Clipped-Averaging,clean,honest,0.4,314,30,core_12_cell_factorial,1,0.0028591376043086538,0.16664459869781661,0.0009433994510508991,0.0,0.0,,,0.06046583581340452,,1.0979870229938258,,0.0028591376043086538,0.16664459869781661,0.0009433994510508991,0.0,0.0,0.0,0.0028591376043086538,0.16664459869781661,0.0009433994510508991,0.0,0.0,0.0,0.0,0.0,0.0,0.0
ROB__CICIDS2017_COVERAGE_R1__CB-Score__Norm-Clipped-Averaging__clean__honest__seed2718,CICIDS2017_COVERAGE_R1,CB-Score,Norm-Clipped-Averaging,clean,honest,0.4,2718,30,core_12_cell_factorial,1,0.0029496889519732977,0.18219540520576377,0.0007314763859597552,0.0,0.0,,,0.04403710203013236,,1.0588071633008678,,0.0029496889519732977,0.18219540520576377,0.0007314763859597552,0.0,0.0,0.0,0.0029496889519732977,0.18219540520576377,0.0007314763859597552,0.0,0.0,0.0,0.0,0.0,0.0,0.0
ROB__CICIDS2017_COVERAGE_R1__CB-Score__Norm-Clipped-Averaging__clean__honest__seed9001,CICIDS2017_COVERAGE_R1,CB-Score,Norm-Clipped-Averaging,clean,honest,0.4,9001,30,core_12_cell_factorial,1,0.0028459009324637526,0.1772064667922184,0.009574137182585393,0.0,0.0,,,0.062427630272166086,,1.2111190517884394,,0.0028459009324637526,0.1772064667922184,0.009574137182585393,0.0,0.0,0.0,0.0028459009324637526,0.1772064667922184,0.009574137182585393,0.0,0.0,0.0,0.0,0.0,0.0,0.0
ROB__CICIDS2017_COVERAGE_R1__CB-Score__Norm-Clipped-Averaging__clean__honest__seed2027,CICIDS2017_COVERAGE_R1,CB-Score,Norm-Clipped-Averaging,clean,honest,0.4,2027,30,core_12_cell_factorial,1,0.0032885298726522323,0.2220045430245922,0.0021773385881138506,0.0,0.0,,,0.038487302299343225,,1.0423559457139437,,0.0032885298726522323,0.2220045430245922,0.0021773385881138506,0.0,0.0,0.0,0.0032885298726522323,0.2220045430245922,0.0021773385881138506,0.0,0.0,0.0,0.0,0.0,0.0,0.0
ROB__CICIDS2017_COVERAGE_R1__CB-Score__Norm-Clipped-Averaging__label-flip__honest__seed42,CICIDS2017_COVERAGE_R1,CB-Score,Norm-Clipped-Averaging,label-flip,honest,0.4,42,30,core_12_cell_factorial,1,0.002807529484586221,0.22941081962166154,0.0017500743439784795,0.14166666666666666,0.14225544993460223,-0.13915663457631405,-0.13915663457631405,0.1137543330360655,1.650556295940729,1.2440553850868263,0.40859036752954125,0.0028331100520501613,0.1952588607280155,0.0037770159181566795,2.5580567463940294e-05,-0.034151958893646056,-0.0020269415741781998,0.002807529484586221,0.22941081962166154,0.0017500743439784795,0.14166666666666666,0.14225544993460223,0.0,0.0,0.0,0.0,0.0
ROB__CICIDS2017_COVERAGE_R1__CB-Score__Norm-Clipped-Averaging__label-flip__honest__seed123,CICIDS2017_COVERAGE_R1,CB-Score,Norm-Clipped-Averaging,label-flip,honest,0.4,123,30,core_12_cell_factorial,1,0.0028641843735429293,0.17544317558812986,0.0003999193325107072,0.0,0.0,-0.597787366343289,-0.597787366343289,0.030389811960024167,1.7098781057376435,0.9538231240478549,0.05941384497822986,0.0031515846079252434,0.17899812932918702,0.0026422020857331343,0.00028740023438231406,0.0035549537410571597,-0.002242282753222427,0.0028641843735429293,0.17544317558812986,0.0003999193325107072,0.0,0.0,0.0,0.0,0.0,0.0,0.0
ROB__CICIDS2017_COVERAGE_R1__CB-Score__Norm-Clipped-Averaging__label-flip__honest__seed777,CICIDS2017_COVERAGE_R1,CB-Score,Norm-Clipped-Averaging,label-flip,honest,0.4,777,30,core_12_cell_factorial,1,0.0024401876726155482,0.16650397578300874,0.0007348944999128381,0.008333333333333333,0.008305763515168365,-0.614759070672976,-0.614759070672976,0.04187361968597558,1.8145205326228235,1.04346220918078,0.1591351702912814,0.02369703155745899,0.18158756038871926,0.013928814358813093,0.02125684388484344,0.01508358460571052,-0.013193919858900255,0.0024401876726155482,0.16650397578300874,0.0007348944999128381,0.008333333333333333,0.008305763515168365,0.0,0.0,0.0,0.0,0.0
ROB__CICIDS2017_COVERAGE_R1__CB-Score__Norm-Clipped-Averaging__label-flip__honest__seed2026,CICIDS2017_COVERAGE_R1,CB-Score,Norm-Clipped-Averaging,label-flip,honest,0.4,2026,30,core_12_cell_factorial,1,0.002620038856508465,0.1723005118474765,0.000427264244135371,0.025,0.024876734386014267,-0.3613624448718219,-0.3613624448718219,0.16420718380187654,1.856082795949499,1.2305828381804227,0.4430711352162891,0.0031631453019181637,0.175399898446665,0.029559849466261508,0.0005431064454096985,0.003099386599188514,-0.029132585222126136,0.002620038856508465,0.1723005118474765,0.000427264244135371,0.025,0.024876734386014267,0.0,0.0,0.0,0.0,0.0
ROB__CICIDS2017_COVERAGE_R1__CB-Score__Norm-Clipped-Averaging__label-flip__honest__seed3407,CICIDS2017_COVERAGE_R1,CB-Score,Norm-Clipped-Averaging,label-flip,honest,0.4,3407,30,core_12_cell_factorial,1,0.0026652156048373662,0.16663140882321237,0.0003315570534490479,0.09444444444444443,0.09381242579953515,-0.2195571285393962,-0.2195571285393962,0.059812657647027645,1.7777917292541332,0.9877582908362664,-0.029719616904023697,0.0024412707924143058,0.16980657040519362,0.0005981699417895194,-0.00022394481242306048,0.0031751615819812506,-0.0002666128883404715,0.0026652156048373662,0.16663140882321237,0.0003315570534490479,0.09444444444444443,0.09381242579953515,0.0,0.0,0.0,0.0,0.0
ROB__CICIDS2017_COVERAGE_R1__CB-Score__Norm-Clipped-Averaging__label-flip__honest__seed11,CICIDS2017_COVERAGE_R1,CB-Score,Norm-Clipped-Averaging,label-flip,honest,0.4,11,30,core_12_cell_factorial,1,0.012639575624611153,0.190487255126161,0.004122245427418059,0.025,0.02496977502965877,-0.45890398450323666,-0.45890398450323666,0.09233641026118572,1.8241386347640722,1.021220519718768,-0.22266448540095654,0.0027097709298295365,0.1696530650959771,0.017945098253685583,-0.009929804694781616,-0.020834190030183886,-0.013822852826267523,0.012639575624611153,0.190487255126161,0.004122245427418059,0.025,0.02496977502965877,0.0,0.0,0.0,0.0,0.0
ROB__CICIDS2017_COVERAGE_R1__CB-Score__Norm-Clipped-Averaging__label-flip__honest__seed314,CICIDS2017_COVERAGE_R1,CB-Score,Norm-Clipped-Averaging,label-flip,honest,0.4,314,30,core_12_cell_factorial,1,0.002445286709866732,0.16307176716191643,9.228907673324013e-05,0.025,0.024957548280084355,-0.4756607202254499,-0.4756607202254499,0.031442893962912805,1.7409255222257662,1.0508486260118481,0.09043361746395627,0.0028591376043086538,0.16664459869781661,0.0009433994510508991,0.0004138508944419219,0.003572831535900184,-0.000851110374317659,0.002445286709866732,0.16307176716191643,9.228907673324013e-05,0.025,0.024957548280084355,0.0,0.0,0.0,0.0,0.0
ROB__CICIDS2017_COVERAGE_R1__CB-Score__Norm-Clipped-Averaging__label-flip__honest__seed2718,CICIDS2017_COVERAGE_R1,CB-Score,Norm-Clipped-Averaging,label-flip,honest,0.4,2718,30,core_12_cell_factorial,1,0.003194214921863736,0.18909416383971372,0.000639187309226515,0.11666666666666667,0.11600682142866876,-0.5229824038424322,-0.5229824038424322,0.05250444349298843,1.7614941598833285,1.0391146781310452,-0.27418539720690915,0.0029496889519732977,0.18219540520576377,0.0007314763859597552,-0.00024452596989043814,-0.006898758633949953,-9.228907673324016e-05,0.003194214921863736,0.18909416383971372,0.000639187309226515,0.11666666666666667,0.11600682142866876,0.0,0.0,0.0,0.0,0.0
ROB__CICIDS2017_COVERAGE_R1__CB-Score__Norm-Clipped-Averaging__label-flip__honest__seed9001,CICIDS2017_COVERAGE_R1,CB-Score,Norm-Clipped-Averaging,label-flip,honest,0.4,9001,30,core_12_cell_factorial,1,0.0032367122983982706,0.18277974267661037,0.0008100930068806634,0.0861111111111111,0.08549124847203596,-0.3580653039672379,-0.3580653039672379,0.16040318550487787,1.9121243379567918,1.0980113817957358,-0.28595531476247643,0.0028459009324637526,0.1772064667922184,0.009574137182585393,-0.00039081136593451795,-0.005573275884391965,-0.008764044175704729,0.0032367122983982706,0.18277974267661037,0.0008100930068806634,0.0861111111111111,0.08549124847203596,0.0,0.0,0.0,0.0,0.0
ROB__CICIDS2017_COVERAGE_R1__CB-Score__Norm-Clipped-Averaging__label-flip__honest__seed2027,CICIDS2017_COVERAGE_R1,CB-Score,Norm-Clipped-Averaging,label-flip,honest,0.4,2027,30,core_12_cell_factorial,1,0.017764051342708198,0.2346446830945898,0.0022730457788001737,0.041666666666666664,0.04155069134749049,-0.4196621222506308,-0.4196621222506308,0.022449646478578635,1.8384764703890526,0.995495630733112,-0.22235066725148095,0.0032885298726522323,0.2220045430245922,0.0021773385881138506,-0.014475521470055966,-0.012640140069997613,9.570719068632307e-05,0.017764051342708198,0.2346446830945898,0.0022730457788001737,0.041666666666666664,0.04155069134749049,0.0,0.0,0.0,0.0,0.0
ROB__CICIDS2017_COVERAGE_R1__CB-Score__Norm-Clipped-Averaging__sign-flip__honest__seed42,CICIDS2017_COVERAGE_R1,CB-Score,Norm-Clipped-Averaging,sign-flip,honest,0.4,42,30,core_12_cell_factorial,1,0.001656982524357643,0.2289902465565028,0.002115812536958357,0.27777777777777773,0.28043029944144704,0.26414848565390775,0.26414848565390775,0.1937407540016682,6.8415932208463355,1.3391581010604612,-0.7488117062383228,0.0028331100520501613,0.1952588607280155,0.0037770159181566795,0.0011761275276925183,-0.03373138582848731,-0.0016612033811983225,0.001656982524357643,0.2289902465565028,0.002115812536958357,0.27777777777777773,0.28043029944144704,0.0,0.0,0.0,0.0,0.0
ROB__CICIDS2017_COVERAGE_R1__CB-Score__Norm-Clipped-Averaging__sign-flip__honest__seed123,CICIDS2017_COVERAGE_R1,CB-Score,Norm-Clipped-Averaging,sign-flip,honest,0.4,123,30,core_12_cell_factorial,1,0.020889891952594337,0.18597148375632713,0.003175427862414077,0.225,0.22819494431728093,0.040638794223433035,0.040638794223433035,0.0365504317930977,4.852344900863619,0.9943807781106813,-0.5564090306560199,0.0031515846079252434,0.17899812932918702,0.0026422020857331343,-0.017738307344669094,-0.006973354427140116,0.0005332257766809427,0.020889891952594337,0.18597148375632713,0.003175427862414077,0.225,0.22819494431728093,0.0,0.0,0.0,0.0,0.0
ROB__CICIDS2017_COVERAGE_R1__CB-Score__Norm-Clipped-Averaging__sign-flip__honest__seed777,CICIDS2017_COVERAGE_R1,CB-Score,Norm-Clipped-Averaging,sign-flip,honest,0.4,777,30,core_12_cell_factorial,1,0.011789600967351875,0.1720151372875079,0.0526389548774777,0.041666666666666664,0.04228404332165384,0.03900052576634896,0.03900052576634896,0.09669063354616045,5.071840097020766,1.0488939184416948,-0.6147527108589809,0.02369703155745899,0.18158756038871926,0.013928814358813093,0.011907430590107114,0.00957242310121137,0.03871014051866461,0.011789600967351875,0.1720151372875079,0.0526389548774777,0.041666666666666664,0.04228404332165384,0.0,0.0,0.0,0.0,0.0
ROB__CICIDS2017_COVERAGE_R1__CB-Score__Norm-Clipped-Averaging__sign-flip__honest__seed2026,CICIDS2017_COVERAGE_R1,CB-Score,Norm-Clipped-Averaging,sign-flip,honest,0.4,2026,30,core_12_cell_factorial,1,0.0028611668681312588,0.1750611317936722,0.0007246401580535892,0.10555555555555556,0.10723383779471267,0.06767604550773385,0.06767604550773385,0.07032553564811944,5.3308122274781615,1.176486855991401,-0.7647722913159265,0.0031631453019181637,0.175399898446665,0.029559849466261508,0.0003019784337869049,0.00033876665299281683,-0.028835209308207918,0.0028611668681312588,0.1750611317936722,0.0007246401580535892,0.10555555555555556,0.10723383779471267,0.0,0.0,0.0,0.0,0.0
ROB__CICIDS2017_COVERAGE_R1__CB-Score__Norm-Clipped-Averaging__sign-flip__honest__seed3407,CICIDS2017_COVERAGE_R1,CB-Score,Norm-Clipped-Averaging,sign-flip,honest,0.4,3407,30,core_12_cell_factorial,1,0.0,0.23491400346788016,0.0,0.13333333333333333,0.13457875013574677,0.16267999926136387,0.16267999926136387,0.12396478412786988,9.4167089299421,1.6516651780560863,-0.8932200332482656,0.0024412707924143058,0.16980657040519362,0.0005981699417895194,0.0024412707924143058,-0.06510743306268654,-0.0005981699417895194,0.0,0.23491400346788016,0.0,0.13333333333333333,0.13457875013574677,0.0,0.0,0.0,0.0,0.0
ROB__CICIDS2017_COVERAGE_R1__CB-Score__Norm-Clipped-Averaging__sign-flip__honest__seed11,CICIDS2017_COVERAGE_R1,CB-Score,Norm-Clipped-Averaging,sign-flip,honest,0.4,11,30,core_12_cell_factorial,1,0.38192903242264226,0.2781752640933339,0.9938097956309667,0.07777777777777777,0.07823547979872116,0.06787100469291449,0.06787100469291449,0.04626734689961489,10.861914249791619,2.0304720908842238,-0.9650412215126886,0.0027097709298295365,0.1696530650959771,0.017945098253685583,-0.3792192614928127,-0.10852219899735677,0.9758646973772811,0.38192903242264226,0.2781752640933339,0.9938097956309667,0.07777777777777777,0.07823547979872116,0.0,0.0,0.0,0.0,0.0
ROB__CICIDS2017_COVERAGE_R1__CB-Score__Norm-Clipped-Averaging__sign-flip__honest__seed314,CICIDS2017_COVERAGE_R1,CB-Score,Norm-Clipped-Averaging,sign-flip,honest,0.4,314,30,core_12_cell_factorial,1,0.0034835139395676474,0.1737447438371072,0.0024712963880789856,0.23888888888888887,0.24017881363159826,0.13291069188749732,0.13291069188749732,0.11581825750521517,6.294803961277299,1.121321062380697,-0.635279462320937,0.0028591376043086538,0.16664459869781661,0.0009433994510508991,-0.0006243763352589936,-0.007100145139290581,0.0015278969370280866,0.0034835139395676474,0.1737447438371072,0.0024712963880789856,0.23888888888888887,0.24017881363159826,0.0,0.0,0.0,0.0,0.0
ROB__CICIDS2017_COVERAGE_R1__CB-Score__Norm-Clipped-Averaging__sign-flip__honest__seed2718,CICIDS2017_COVERAGE_R1,CB-Score,Norm-Clipped-Averaging,sign-flip,honest,0.4,2718,30,core_12_cell_factorial,1,0.0006535215475390245,0.17872439388147413,0.05894537512091578,0.1805555555555555,0.18300837099162315,0.253021226471281,0.253021226471281,0.19620228246867555,5.964063332291366,1.2451959023474675,-0.803808151351081,0.0029496889519732977,0.18219540520576377,0.0007314763859597552,0.0022961674044342734,0.0034710113242896468,0.05821389873495603,0.0006535215475390245,0.17872439388147413,0.05894537512091578,0.1805555555555555,0.18300837099162315,0.0,0.0,0.0,0.0,0.0
ROB__CICIDS2017_COVERAGE_R1__CB-Score__Norm-Clipped-Averaging__sign-flip__honest__seed9001,CICIDS2017_COVERAGE_R1,CB-Score,Norm-Clipped-Averaging,sign-flip,honest,0.4,9001,30,core_12_cell_factorial,1,0.0031624923978548127,0.178861947223164,0.0015723324184181652,0.05,0.0506519023041107,0.015651297618140204,0.015651297618140204,0.06422962099767364,5.613604386776222,1.1298152365258347,-0.5850179447068109,0.0028459009324637526,0.1772064667922184,0.009574137182585393,-0.00031659146539106007,-0.0016554804309455995,-0.008001804764167227,0.0031624923978548127,0.178861947223164,0.0015723324184181652,0.05,0.0506519023041107,0.0,0.0,0.0,0.0,0.0
ROB__CICIDS2017_COVERAGE_R1__CB-Score__Norm-Clipped-Averaging__sign-flip__honest__seed2027,CICIDS2017_COVERAGE_R1,CB-Score,Norm-Clipped-Averaging,sign-flip,honest,0.4,2027,30,core_12_cell_factorial,1,0.0,0.23323785914619247,0.016441128114329077,0.04444444444444444,0.04468938636039286,0.03531856567063811,0.03531856567063811,0.03048880878956113,11.085461614377275,1.7822343606540276,-0.9495701753430896,0.0032885298726522323,0.2220045430245922,0.0021773385881138506,0.0032885298726522323,-0.011233316121600279,0.014263789526215227,0.0,0.23323785914619247,0.016441128114329077,0.04444444444444444,0.04468938636039286,0.0,0.0,0.0,0.0,0.0
ROB__CICIoT2023_R1__CB-Score__FedAvg__clean__honest__seed42,CICIoT2023_R1,CB-Score,FedAvg,clean,honest,0.4,42,30,core_12_cell_factorial,1,0.9253154109185238,0.9887521200865584,0.056481811697574894,0.0,0.0,,,0.060246030674468425,,1.0601697331695041,,0.9253154109185238,0.9887521200865584,0.056481811697574894,0.0,0.0,0.0,0.9253154109185238,0.9887521200865584,0.056481811697574894,0.0,0.0,0.0,0.0,0.0,0.0,0.0
ROB__CICIoT2023_R1__CB-Score__FedAvg__clean__honest__seed123,CICIoT2023_R1,CB-Score,FedAvg,clean,honest,0.4,123,30,core_12_cell_factorial,1,0.918118951020635,0.9875743431075205,0.04640691868758916,0.0,0.0,,,-0.033586578651219945,,0.8636010500057512,,0.918118951020635,0.9875743431075205,0.04640691868758916,0.0,0.0,0.0,0.918118951020635,0.9875743431075205,0.04640691868758916,0.0,0.0,0.0,0.0,0.0,0.0,0.0
ROB__CICIoT2023_R1__CB-Score__FedAvg__clean__honest__seed777,CICIoT2023_R1,CB-Score,FedAvg,clean,honest,0.4,777,30,core_12_cell_factorial,1,0.9200313695667672,0.9877472308892781,0.047922610556348076,0.0,0.0,,,0.007061406083589284,,0.9248373399491648,,0.9200313695667672,0.9877472308892781,0.047922610556348076,0.0,0.0,0.0,0.9200313695667672,0.9877472308892781,0.047922610556348076,0.0,0.0,0.0,0.0,0.0,0.0,0.0
ROB__CICIoT2023_R1__CB-Score__FedAvg__clean__honest__seed2026,CICIoT2023_R1,CB-Score,FedAvg,clean,honest,0.4,2026,30,core_12_cell_factorial,1,0.9184033013252917,0.9879795130206734,0.047031027104136945,0.0,0.0,,,0.020062860832434158,,0.8135514825772086,,0.9184033013252917,0.9879795130206734,0.047031027104136945,0.0,0.0,0.0,0.9184033013252917,0.9879795130206734,0.047031027104136945,0.0,0.0,0.0,0.0,0.0,0.0,0.0
ROB__CICIoT2023_R1__CB-Score__FedAvg__clean__honest__seed3407,CICIoT2023_R1,CB-Score,FedAvg,clean,honest,0.4,3407,30,core_12_cell_factorial,1,0.8778269193789765,0.986250378177588,0.000891583452211127,0.0,0.0,,,-0.0018648925607934192,,1.026421548680224,,0.8778269193789765,0.986250378177588,0.000891583452211127,0.0,0.0,0.0,0.8778269193789765,0.986250378177588,0.000891583452211127,0.0,0.0,0.0,0.0,0.0,0.0,0.0
ROB__CICIoT2023_R1__CB-Score__FedAvg__clean__honest__seed11,CICIoT2023_R1,CB-Score,FedAvg,clean,honest,0.4,11,30,core_12_cell_factorial,1,0.9059458933437136,0.9860031430713995,0.01622681883024251,0.0,0.0,,,0.014171781923233357,,0.9773965445375751,,0.9059458933437136,0.9860031430713995,0.01622681883024251,0.0,0.0,0.0,0.9059458933437136,0.9860031430713995,0.01622681883024251,0.0,0.0,0.0,0.0,0.0,0.0,0.0
ROB__CICIoT2023_R1__CB-Score__FedAvg__clean__honest__seed314,CICIoT2023_R1,CB-Score,FedAvg,clean,honest,0.4,314,30,core_12_cell_factorial,1,0.9268170032214976,0.9878955267677968,0.05353958630527817,0.0,0.0,,,0.05318306800296312,,0.9615379746376315,,0.9268170032214976,0.9878955267677968,0.05353958630527817,0.0,0.0,0.0,0.9268170032214976,0.9878955267677968,0.05353958630527817,0.0,0.0,0.0,0.0,0.0,0.0,0.0
ROB__CICIoT2023_R1__CB-Score__FedAvg__clean__honest__seed2718,CICIoT2023_R1,CB-Score,FedAvg,clean,honest,0.4,2718,30,core_12_cell_factorial,1,0.9173954833226096,0.9876309746098388,0.04694186875891584,0.0,0.0,,,0.006599812219189164,,0.8734512695980373,,0.9173954833226096,0.9876309746098388,0.04694186875891584,0.0,0.0,0.0,0.9173954833226096,0.9876309746098388,0.04694186875891584,0.0,0.0,0.0,0.0,0.0,0.0,0.0
ROB__CICIoT2023_R1__CB-Score__FedAvg__clean__honest__seed9001,CICIoT2023_R1,CB-Score,FedAvg,clean,honest,0.4,9001,30,core_12_cell_factorial,1,0.9188498909379338,0.9879143702929054,0.04734308131241084,0.0,0.0,,,0.011566155953116072,,0.9653370104101865,,0.9188498909379338,0.9879143702929054,0.04734308131241084,0.0,0.0,0.0,0.9188498909379338,0.9879143702929054,0.04734308131241084,0.0,0.0,0.0,0.0,0.0,0.0,0.0
ROB__CICIoT2023_R1__CB-Score__FedAvg__clean__honest__seed2027,CICIoT2023_R1,CB-Score,FedAvg,clean,honest,0.4,2027,30,core_12_cell_factorial,1,0.925458011058427,0.9876790424701811,0.05001783166904422,0.0,0.0,,,0.027278231014443884,,0.8409844627542458,,0.925458011058427,0.9876790424701811,0.05001783166904422,0.0,0.0,0.0,0.925458011058427,0.9876790424701811,0.05001783166904422,0.0,0.0,0.0,0.0,0.0,0.0,0.0
ROB__CICIoT2023_R1__CB-Score__FedAvg__label-flip__honest__seed42,CICIoT2023_R1,CB-Score,FedAvg,label-flip,honest,0.4,42,30,core_12_cell_factorial,1,0.9143303546517653,0.9828615125038583,0.044846647646219685,0.15277777777777776,0.15021358643646923,-0.20698770353438048,-0.20698770353438048,0.13933417133137202,1.5780821208642994,1.171765478380677,-0.36922770614425343,0.9253154109185238,0.9887521200865584,0.056481811697574894,0.010985056266758497,0.0058906075827001025,-0.011635164051355208,0.9143303546517653,0.9828615125038583,0.044846647646219685,0.15277777777777776,0.15021358643646923,0.0,0.0,0.0,0.0,0.0
ROB__CICIoT2023_R1__CB-Score__FedAvg__label-flip__honest__seed123,CICIoT2023_R1,CB-Score,FedAvg,label-flip,honest,0.4,123,30,core_12_cell_factorial,1,0.9140664267877231,0.9860103010129304,0.043018901569186876,0.058333333333333334,0.05758312202225446,-0.3407737101179266,-0.3407737101179266,0.022343553147604285,1.575120014814041,0.8660115128725381,-0.2748022409621626,0.918118951020635,0.9875743431075205,0.04640691868758916,0.004052524232911914,0.0015640420945900457,-0.003388017118402281,0.9140664267877231,0.9860103010129304,0.043018901569186876,0.058333333333333334,0.05758312202225446,0.0,0.0,0.0,0.0,0.0
ROB__CICIoT2023_R1__CB-Score__FedAvg__label-flip__honest__seed777,CICIoT2023_R1,CB-Score,FedAvg,label-flip,honest,0.4,777,30,core_12_cell_factorial,1,0.9139970841067886,0.9865477008888914,0.047521398002853064,0.1,0.098427542021428,-0.3965988861750734,-0.3965988861750734,0.032666761117937246,1.883850667719152,0.8695677983759931,-0.32266878352998496,0.9200313695667672,0.9877472308892781,0.047922610556348076,0.006034285459978639,0.0011995300003866394,-0.0004012125534950117,0.9139970841067886,0.9865477008888914,0.047521398002853064,0.1,0.098427542021428,0.0,0.0,0.0,0.0,0.0
ROB__CICIoT2023_R1__CB-Score__FedAvg__label-flip__honest__seed2026,CICIoT2023_R1,CB-Score,FedAvg,label-flip,honest,0.4,2026,30,core_12_cell_factorial,1,0.9177253382455695,0.9866044168332889,0.04734308131241084,0.11666666666666667,0.11553562158956128,-0.5693436168238872,-0.5693436168238872,0.0471340675691528,1.8024136678580918,0.9465528259497293,-0.44533538561728264,0.9184033013252917,0.9879795130206734,0.047031027104136945,0.0006779630797222325,0.0013750961873845169,0.00031205420827389724,0.9177253382455695,0.9866044168332889,0.04734308131241084,0.11666666666666667,0.11553562158956128,0.0,0.0,0.0,0.0,0.0
ROB__CICIoT2023_R1__CB-Score__FedAvg__label-flip__honest__seed3407,CICIoT2023_R1,CB-Score,FedAvg,label-flip,honest,0.4,3407,30,core_12_cell_factorial,1,0.8910819255851533,0.9783552709083662,0.007177246790299572,0.1944444444444444,0.19296426184464777,-0.24632949680074925,-0.24632949680074925,0.015972344900655102,1.4014264219125159,1.0909448223745493,-0.45356967460312364,0.8778269193789765,0.986250378177588,0.000891583452211127,-0.013255006206176811,0.007895107269221824,0.006285663338088446,0.8910819255851533,0.9783552709083662,0.007177246790299572,0.1944444444444444,0.19296426184464777,0.0,0.0,0.0,0.0,0.0
ROB__CICIoT2023_R1__CB-Score__FedAvg__label-flip__honest__seed11,CICIoT2023_R1,CB-Score,FedAvg,label-flip,honest,0.4,11,30,core_12_cell_factorial,1,0.9129430505774592,0.9849698640256926,0.05122146932952924,0.05,0.04942718001081822,-0.3151970341125922,-0.3151970341125922,0.026207669405212148,1.8750038611351465,0.997900196836426,-0.48092379027770626,0.9059458933437136,0.9860031430713995,0.01622681883024251,-0.00699715723374561,0.0010332790457068253,0.03499465049928673,0.9129430505774592,0.9849698640256926,0.05122146932952924,0.05,0.04942718001081822,0.0,0.0,0.0,0.0,0.0
ROB__CICIoT2023_R1__CB-Score__FedAvg__label-flip__honest__seed314,CICIoT2023_R1,CB-Score,FedAvg,label-flip,honest,0.4,314,30,core_12_cell_factorial,1,0.9243364751350712,0.9878458270514286,0.04894793152639087,0.025,0.024726056676306486,-0.29830770388591,-0.29830770388591,0.09570157631973523,2.0165528920571667,1.0272932084427309,-0.2773724528857403,0.9268170032214976,0.9878955267677968,0.05353958630527817,0.0024805280864264034,4.969971636814563e-05,-0.0045916547788873024,0.9243364751350712,0.9878458270514286,0.04894793152639087,0.025,0.024726056676306486,0.0,0.0,0.0,0.0,0.0
ROB__CICIoT2023_R1__CB-Score__FedAvg__label-flip__honest__seed2718,CICIoT2023_R1,CB-Score,FedAvg,label-flip,honest,0.4,2718,30,core_12_cell_factorial,1,0.916510967824006,0.98753290248213,0.046718972895863055,0.11666666666666667,0.11605398960262055,-0.3536021733663622,-0.3536021733663622,0.0029419732577578546,1.940275837297713,0.7958365270668106,-0.4595659312274721,0.9173954833226096,0.9876309746098388,0.04694186875891584,0.0008845154986035775,9.80721277088481e-05,-0.00022289586305278275,0.916510967824006,0.98753290248213,0.046718972895863055,0.11666666666666667,0.11605398960262055,0.0,0.0,0.0,0.0,0.0
ROB__CICIoT2023_R1__CB-Score__FedAvg__label-flip__honest__seed9001,CICIoT2023_R1,CB-Score,FedAvg,label-flip,honest,0.4,9001,30,core_12_cell_factorial,1,0.9159021406727829,0.9876155720457314,0.04337553495007133,0.06666666666666667,0.06553081518726338,-0.4576766289988894,-0.4576766289988894,0.03372251472468582,2.1065652369933905,0.9541596076326141,-0.5610853241549598,0.9188498909379338,0.9879143702929054,0.04734308131241084,0.002947750265150928,0.000298798247174048,-0.003967546362339515,0.9159021406727829,0.9876155720457314,0.04337553495007133,0.06666666666666667,0.06553081518726338,0.0,0.0,0.0,0.0,0.0
ROB__CICIoT2023_R1__CB-Score__FedAvg__label-flip__honest__seed2027,CICIoT2023_R1,CB-Score,FedAvg,label-flip,honest,0.4,2027,30,core_12_cell_factorial,1,0.9151838954348137,0.9863267909252925,0.05046362339514979,0.075,0.07403817469294023,-0.2856094103784051,-0.2856094103784051,0.046676230857626996,1.8876755757772676,0.9183143782420097,-0.41038837445278964,0.925458011058427,0.9876790424701811,0.05001783166904422,0.010274115623613245,0.0013522515448886052,0.0004457917261055655,0.9151838954348137,0.9863267909252925,0.05046362339514979,0.075,0.07403817469294023,0.0,0.0,0.0,0.0,0.0
ROB__CICIoT2023_R1__CB-Score__FedAvg__sign-flip__honest__seed42,CICIoT2023_R1,CB-Score,FedAvg,sign-flip,honest,0.4,42,30,core_12_cell_factorial,1,0.856768871237565,0.6772711439904061,1.0,0.11666666666666667,0.11786776562050903,0.1308721632762006,0.1308721632762006,0.10583028492213314,8.656901876203882,1.626902387739804,-0.9058149178822835,0.9253154109185238,0.9887521200865584,0.056481811697574894,0.0685465396809588,0.31148097609615233,0.9435181883024251,0.856768871237565,0.6772711439904061,1.0,0.11666666666666667,0.11786776562050903,0.0,0.0,0.0,0.0,0.0
ROB__CICIoT2023_R1__CB-Score__FedAvg__sign-flip__honest__seed123,CICIoT2023_R1,CB-Score,FedAvg,sign-flip,honest,0.4,123,30,core_12_cell_factorial,1,0.9024870861276223,0.9828088657411563,0.02585592011412268,0.13333333333333333,0.13497976831329056,0.051097202447037415,0.051097202447037415,0.16394989396525905,6.710365072027326,1.231435687035134,-0.45084497015923264,0.918118951020635,0.9875743431075205,0.04640691868758916,0.015631864893012715,0.004765477366364124,-0.020550998573466477,0.9024870861276223,0.9828088657411563,0.02585592011412268,0.13333333333333333,0.13497976831329056,0.0,0.0,0.0,0.0,0.0
ROB__CICIoT2023_R1__CB-Score__FedAvg__sign-flip__honest__seed777,CICIoT2023_R1,CB-Score,FedAvg,sign-flip,honest,0.4,777,30,core_12_cell_factorial,1,0.9192132459162129,0.9878344402979207,0.044177960057061344,0.0,0.0,-0.03803676323651296,-0.03803676323651296,0.00796436857425914,4.548047661345501,0.7883994005792961,-0.3773501427947647,0.9200313695667672,0.9877472308892781,0.047922610556348076,0.0008181236505543366,-8.720940864259674e-05,-0.003744650499286732,0.9192132459162129,0.9878344402979207,0.044177960057061344,0.0,0.0,0.0,0.0,0.0,0.0,0.0
ROB__CICIoT2023_R1__CB-Score__FedAvg__sign-flip__honest__seed2026,CICIoT2023_R1,CB-Score,FedAvg,sign-flip,honest,0.4,2026,30,core_12_cell_factorial,1,0.869934310257706,0.978148421129757,4.457917261055635e-05,0.03333333333333333,0.03402042265064513,0.020818132950736028,0.020818132950736028,0.021731943953686016,4.381892968241528,0.9085741130225848,-0.649781713883082,0.9184033013252917,0.9879795130206734,0.047031027104136945,0.04846899106758573,0.009831091890916466,-0.04698644793152639,0.869934310257706,0.978148421129757,4.457917261055635e-05,0.03333333333333333,0.03402042265064513,0.0,0.0,0.0,0.0,0.0
ROB__CICIoT2023_R1__CB-Score__FedAvg__sign-flip__honest__seed3407,CICIoT2023_R1,CB-Score,FedAvg,sign-flip,honest,0.4,3407,30,core_12_cell_factorial,1,0.856768871237565,0.6646014616615804,1.0,0.03611111111111111,0.03609253858543144,0.02522297419363492,0.02522297419363492,0.03253486991244351,9.247521226553019,1.7545901032019855,-0.8385632731608995,0.8778269193789765,0.986250378177588,0.000891583452211127,0.021058048141411545,0.3216489165160076,0.9991084165477889,0.856768871237565,0.6646014616615804,1.0,0.03611111111111111,0.03609253858543144,0.0,0.0,0.0,0.0,0.0
ROB__CICIoT2023_R1__CB-Score__FedAvg__sign-flip__honest__seed11,CICIoT2023_R1,CB-Score,FedAvg,sign-flip,honest,0.4,11,30,core_12_cell_factorial,1,0.9200405820994896,0.9861249632952324,0.04613944365192582,0.09166666666666665,0.09325269793856285,0.004764570822649065,0.004764570822649065,0.015072799677376299,4.783267207220144,0.9750755103449519,-0.6701606994908716,0.9059458933437136,0.9860031430713995,0.01622681883024251,-0.01409468875577602,-0.00012182022383289137,0.02991262482168331,0.9200405820994896,0.9861249632952324,0.04613944365192582,0.09166666666666665,0.09325269793856285,0.0,0.0,0.0,0.0,0.0
ROB__CICIoT2023_R1__CB-Score__FedAvg__sign-flip__honest__seed314,CICIoT2023_R1,CB-Score,FedAvg,sign-flip,honest,0.4,314,30,core_12_cell_factorial,1,0.9221931205836505,0.9878771588567159,0.045203281027104136,0.016666666666666666,0.017033021036632765,-0.01815751818726788,-0.01815751818726788,0.06687690310763032,4.745692554662223,0.9818085539633652,-0.46563126184046266,0.9268170032214976,0.9878955267677968,0.05353958630527817,0.0046238826378470765,1.8367911080896526e-05,-0.008336305278174035,0.9221931205836505,0.9878771588567159,0.045203281027104136,0.016666666666666666,0.017033021036632765,0.0,0.0,0.0,0.0,0.0
ROB__CICIoT2023_R1__CB-Score__FedAvg__sign-flip__honest__seed2718,CICIoT2023_R1,CB-Score,FedAvg,sign-flip,honest,0.4,2718,30,core_12_cell_factorial,1,0.9171530815109344,0.9879605442175524,0.04426711840228245,0.027777777777777776,0.028035211801672604,0.03504098960216748,0.03504098960216748,0.018934508266215996,5.397077674025789,0.8098410898394953,-0.4629721683036122,0.9173954833226096,0.9876309746098388,0.04694186875891584,0.0002424018116751192,-0.0003295696077135757,-0.002674750356633386,0.9171530815109344,0.9879605442175524,0.04426711840228245,0.027777777777777776,0.028035211801672604,0.0,0.0,0.0,0.0,0.0
ROB__CICIoT2023_R1__CB-Score__FedAvg__sign-flip__honest__seed9001,CICIoT2023_R1,CB-Score,FedAvg,sign-flip,honest,0.4,9001,30,core_12_cell_factorial,1,0.9242541375447675,0.9881507436363388,0.048725035663338086,0.05833333333333333,0.059231885857619494,-0.03929346935331042,-0.03929346935331042,0.03820587961896849,5.167222757543327,0.9599000064593768,-0.6469072984324561,0.9188498909379338,0.9879143702929054,0.04734308131241084,-0.005404246606833696,-0.00023637334343340477,0.0013819543509272433,0.9242541375447675,0.9881507436363388,0.048725035663338086,0.05833333333333333,0.059231885857619494,0.0,0.0,0.0,0.0,0.0
ROB__CICIoT2023_R1__CB-Score__FedAvg__sign-flip__honest__seed2027,CICIoT2023_R1,CB-Score,FedAvg,sign-flip,honest,0.4,2027,30,core_12_cell_factorial,1,0.9231389092977508,0.9876649118055595,0.047387660485021396,0.008333333333333333,0.008452904941233798,0.047797890432226826,0.047797890432226826,0.03555919221648305,3.9266216416019373,0.8766649824599134,-0.5576807148340676,0.925458011058427,0.9876790424701811,0.05001783166904422,0.002319101760676179,1.413066462163659e-05,-0.0026301711840228253,0.9231389092977508,0.9876649118055595,0.047387660485021396,0.008333333333333333,0.008452904941233798,0.0,0.0,0.0,0.0,0.0
ROB__CICIoT2023_R1__CB-Score__Norm-Clipped-Averaging__clean__honest__seed42,CICIoT2023_R1,CB-Score,Norm-Clipped-Averaging,clean,honest,0.4,42,30,core_12_cell_factorial,1,0.928214814756758,0.9892281850808126,0.057195078459343796,0.0,0.0,,,0.05870358003554474,,1.0542725499758685,,0.928214814756758,0.9892281850808126,0.057195078459343796,0.0,0.0,0.0,0.928214814756758,0.9892281850808126,0.057195078459343796,0.0,0.0,0.0,0.0,0.0,0.0,0.0
ROB__CICIoT2023_R1__CB-Score__Norm-Clipped-Averaging__clean__honest__seed123,CICIoT2023_R1,CB-Score,Norm-Clipped-Averaging,clean,honest,0.4,123,30,core_12_cell_factorial,1,0.9184008631974803,0.9869118088397224,0.04783345221112696,0.0,0.0,,,-0.03900064667061514,,0.8617001681834703,,0.9184008631974803,0.9869118088397224,0.04783345221112696,0.0,0.0,0.0,0.9184008631974803,0.9869118088397224,0.04783345221112696,0.0,0.0,0.0,0.0,0.0,0.0,0.0
ROB__CICIoT2023_R1__CB-Score__Norm-Clipped-Averaging__clean__honest__seed777,CICIoT2023_R1,CB-Score,Norm-Clipped-Averaging,clean,honest,0.4,777,30,core_12_cell_factorial,1,0.9152809382110975,0.9869769842783811,0.04796718972895863,0.0,0.0,,,0.0009983146901692693,,0.8717162665288976,,0.9152809382110975,0.9869769842783811,0.04796718972895863,0.0,0.0,0.0,0.9152809382110975,0.9869769842783811,0.04796718972895863,0.0,0.0,0.0,0.0,0.0,0.0,0.0
ROB__CICIoT2023_R1__CB-Score__Norm-Clipped-Averaging__clean__honest__seed2026,CICIoT2023_R1,CB-Score,Norm-Clipped-Averaging,clean,honest,0.4,2026,30,core_12_cell_factorial,1,0.9227351076110505,0.9884581279927072,0.04600570613409415,0.0,0.0,,,0.021247188936578117,,0.8149102457150296,,0.9227351076110505,0.9884581279927072,0.04600570613409415,0.0,0.0,0.0,0.9227351076110505,0.9884581279927072,0.04600570613409415,0.0,0.0,0.0,0.0,0.0,0.0,0.0
ROB__CICIoT2023_R1__CB-Score__Norm-Clipped-Averaging__clean__honest__seed3407,CICIoT2023_R1,CB-Score,Norm-Clipped-Averaging,clean,honest,0.4,3407,30,core_12_cell_factorial,1,0.8771938630393682,0.9862985905722369,0.0008024251069900142,0.0,0.0,,,-0.017957041573703238,,1.0074175243939298,,0.8771938630393682,0.9862985905722369,0.0008024251069900142,0.0,0.0,0.0,0.8771938630393682,0.9862985905722369,0.0008024251069900142,0.0,0.0,0.0,0.0,0.0,0.0,0.0
ROB__CICIoT2023_R1__CB-Score__Norm-Clipped-Averaging__clean__honest__seed11,CICIoT2023_R1,CB-Score,Norm-Clipped-Averaging,clean,honest,0.4,11,30,core_12_cell_factorial,1,0.9166891902634466,0.9853453727391067,0.04662981455064194,0.0,0.0,,,0.006327277629267291,,0.9514166518394906,,0.9166891902634466,0.9853453727391067,0.04662981455064194,0.0,0.0,0.0,0.9166891902634466,0.9853453727391067,0.04662981455064194,0.0,0.0,0.0,0.0,0.0,0.0,0.0
ROB__CICIoT2023_R1__CB-Score__Norm-Clipped-Averaging__clean__honest__seed314,CICIoT2023_R1,CB-Score,Norm-Clipped-Averaging,clean,honest,0.4,314,30,core_12_cell_factorial,1,0.9220086990905496,0.9884850217694353,0.04747681883024251,0.0,0.0,,,0.08120950789344822,,0.9632175126946974,,0.9220086990905496,0.9884850217694353,0.04747681883024251,0.0,0.0,0.0,0.9220086990905496,0.9884850217694353,0.04747681883024251,0.0,0.0,0.0,0.0,0.0,0.0,0.0
ROB__CICIoT2023_R1__CB-Score__Norm-Clipped-Averaging__clean__honest__seed2718,CICIoT2023_R1,CB-Score,Norm-Clipped-Averaging,clean,honest,0.4,2718,30,core_12_cell_factorial,1,0.9191668713308985,0.9881163742479643,0.05001783166904422,0.0,0.0,,,0.007553754855375572,,0.8842013501458839,,0.9191668713308985,0.9881163742479643,0.05001783166904422,0.0,0.0,0.0,0.9191668713308985,0.9881163742479643,0.05001783166904422,0.0,0.0,0.0,0.0,0.0,0.0,0.0
ROB__CICIoT2023_R1__CB-Score__Norm-Clipped-Averaging__clean__honest__seed9001,CICIoT2023_R1,CB-Score,Norm-Clipped-Averaging,clean,honest,0.4,9001,30,core_12_cell_factorial,1,0.9192722777768974,0.9880345283943719,0.049215406562054205,0.0,0.0,,,0.013164090371557807,,0.9770181708894635,,0.9192722777768974,0.9880345283943719,0.049215406562054205,0.0,0.0,0.0,0.9192722777768974,0.9880345283943719,0.049215406562054205,0.0,0.0,0.0,0.0,0.0,0.0,0.0
ROB__CICIoT2023_R1__CB-Score__Norm-Clipped-Averaging__clean__honest__seed2027,CICIoT2023_R1,CB-Score,Norm-Clipped-Averaging,clean,honest,0.4,2027,30,core_12_cell_factorial,1,0.9234132903948916,0.9878664331420336,0.04934914407988588,0.0,0.0,,,0.02597777138477746,,0.8322326757814341,,0.9234132903948916,0.9878664331420336,0.04934914407988588,0.0,0.0,0.0,0.9234132903948916,0.9878664331420336,0.04934914407988588,0.0,0.0,0.0,0.0,0.0,0.0,0.0
ROB__CICIoT2023_R1__CB-Score__Norm-Clipped-Averaging__label-flip__honest__seed42,CICIoT2023_R1,CB-Score,Norm-Clipped-Averaging,label-flip,honest,0.4,42,30,core_12_cell_factorial,1,0.9268288842880872,0.9873601438360695,0.04778887303851641,0.15,0.14693375752924226,-0.21160642502171353,-0.21160642502171353,0.11878448666392193,1.6323758078701083,1.1569407271210328,-0.38083711792197494,0.928214814756758,0.9892281850808126,0.057195078459343796,0.0013859304686708596,0.0018680412447430461,-0.009406205420827388,0.9268288842880872,0.9873601438360695,0.04778887303851641,0.15,0.14693375752924226,0.0,0.0,0.0,0.0,0.0
ROB__CICIoT2023_R1__CB-Score__Norm-Clipped-Averaging__label-flip__honest__seed123,CICIoT2023_R1,CB-Score,Norm-Clipped-Averaging,label-flip,honest,0.4,123,30,core_12_cell_factorial,1,0.914382359511121,0.9862681570209092,0.042305634807417974,0.075,0.07401273131132659,-0.37525986433628716,-0.37525986433628716,0.011521863534766847,1.5869122694838198,0.8270133968369087,-0.28537843458212186,0.9184008631974803,0.9869118088397224,0.04783345221112696,0.004018503686359254,0.0006436518188132068,-0.005527817403708987,0.914382359511121,0.9862681570209092,0.042305634807417974,0.075,0.07401273131132659,0.0,0.0,0.0,0.0,0.0
ROB__CICIoT2023_R1__CB-Score__Norm-Clipped-Averaging__label-flip__honest__seed777,CICIoT2023_R1,CB-Score,Norm-Clipped-Averaging,label-flip,honest,0.4,777,30,core_12_cell_factorial,1,0.9179029249513831,0.9864248942466132,0.04783345221112696,0.11666666666666667,0.11521129927309827,-0.41676596921068193,-0.41676596921068193,0.01885377845877108,1.914004513193184,0.8412819810321143,-0.3522676625444243,0.9152809382110975,0.9869769842783811,0.04796718972895863,-0.0026219867402856867,0.0005520900317679267,-0.00013373751783166826,0.9179029249513831,0.9864248942466132,0.04783345221112696,0.11666666666666667,0.11521129927309827,0.0,0.0,0.0,0.0,0.0
ROB__CICIoT2023_R1__CB-Score__Norm-Clipped-Averaging__label-flip__honest__seed2026,CICIoT2023_R1,CB-Score,Norm-Clipped-Averaging,label-flip,honest,0.4,2026,30,core_12_cell_factorial,1,0.9148604347687704,0.9839130172555711,0.048903352353780315,0.15,0.14856824985981404,-0.5836270856537785,-0.5836270856537785,0.029996544263782798,1.8874047319112088,0.8972986935754347,-0.42869855153063935,0.9227351076110505,0.9884581279927072,0.04600570613409415,0.00787467284228005,0.004545110737136038,0.002897646219686162,0.9148604347687704,0.9839130172555711,0.048903352353780315,0.15,0.14856824985981404,0.0,0.0,0.0,0.0,0.0
ROB__CICIoT2023_R1__CB-Score__Norm-Clipped-Averaging__label-flip__honest__seed3407,CICIoT2023_R1,CB-Score,Norm-Clipped-Averaging,label-flip,honest,0.4,3407,30,core_12_cell_factorial,1,0.9223898058559413,0.9865707623435946,0.04769971469329529,0.2222222222222222,0.22062252554887296,-0.3339145151956493,-0.3339145151956493,-0.006967883023004919,1.3735933394137396,1.0969886037553689,-0.524606286175549,0.8771938630393682,0.9862985905722369,0.0008024251069900142,-0.04519594281657313,-0.0002721717713577432,0.04689728958630528,0.9223898058559413,0.9865707623435946,0.04769971469329529,0.2222222222222222,0.22062252554887296,0.0,0.0,0.0,0.0,0.0
ROB__CICIoT2023_R1__CB-Score__Norm-Clipped-Averaging__label-flip__honest__seed11,CICIoT2023_R1,CB-Score,Norm-Clipped-Averaging,label-flip,honest,0.4,11,30,core_12_cell_factorial,1,0.919802356518434,0.9876048757795766,0.04979493580599144,0.041666666666666664,0.041197447956500904,-0.27313371291473004,-0.27313371291473004,0.019208384757673592,1.8558327305096027,0.9578368177876628,-0.4562363099720743,0.9166891902634466,0.9853453727391067,0.04662981455064194,-0.003113166254987365,-0.0022595030404698457,0.0031651212553494984,0.919802356518434,0.9876048757795766,0.04979493580599144,0.041666666666666664,0.041197447956500904,0.0,0.0,0.0,0.0,0.0
ROB__CICIoT2023_R1__CB-Score__Norm-Clipped-Averaging__label-flip__honest__seed314,CICIoT2023_R1,CB-Score,Norm-Clipped-Averaging,label-flip,honest,0.4,314,30,core_12_cell_factorial,1,0.9248968276470403,0.9876615755796637,0.05184557774607703,0.016666666666666666,0.016456542763912913,-0.27277075334194517,-0.27277075334194517,0.11083297998072027,1.99292805077155,1.040547931410842,-0.26754921039359436,0.9220086990905496,0.9884850217694353,0.04747681883024251,-0.0028881285564906767,0.0008234461897715928,0.00436875891583452,0.9248968276470403,0.9876615755796637,0.05184557774607703,0.016666666666666666,0.016456542763912913,0.0,0.0,0.0,0.0,0.0
ROB__CICIoT2023_R1__CB-Score__Norm-Clipped-Averaging__label-flip__honest__seed2718,CICIoT2023_R1,CB-Score,Norm-Clipped-Averaging,label-flip,honest,0.4,2718,30,core_12_cell_factorial,1,0.9192110497412693,0.9879173147121614,0.04917082738944365,0.10833333333333334,0.1077318870426654,-0.3280430744090911,-0.3280430744090911,0.0021225206495760402,1.9448185461858287,0.7950951605725263,-0.42857236266136167,0.9191668713308985,0.9881163742479643,0.05001783166904422,-4.417841037085424e-05,0.00019905953580290348,-0.0008470042796005703,0.9192110497412693,0.9879173147121614,0.04917082738944365,0.10833333333333334,0.1077318870426654,0.0,0.0,0.0,0.0,0.0
ROB__CICIoT2023_R1__CB-Score__Norm-Clipped-Averaging__label-flip__honest__seed9001,CICIoT2023_R1,CB-Score,Norm-Clipped-Averaging,label-flip,honest,0.4,9001,30,core_12_cell_factorial,1,0.9176070440891319,0.9879973319051082,0.04506954350927247,0.075,0.0736626632523925,-0.4489042483868045,-0.4489042483868045,0.03329601343964129,2.1069137248943237,0.9494229965279058,-0.5420049488544464,0.9192722777768974,0.9880345283943719,0.049215406562054205,0.0016652336877654994,3.7196489263702226e-05,-0.004145863052781737,0.9176070440891319,0.9879973319051082,0.04506954350927247,0.075,0.0736626632523925,0.0,0.0,0.0,0.0,0.0
ROB__CICIoT2023_R1__CB-Score__Norm-Clipped-Averaging__label-flip__honest__seed2027,CICIoT2023_R1,CB-Score,Norm-Clipped-Averaging,label-flip,honest,0.4,2027,30,core_12_cell_factorial,1,0.922616178457697,0.9866771734474847,0.04819008559201141,0.08333333333333333,0.0824443125511494,-0.250328104297344,-0.250328104297344,0.03606534387205595,1.8795325135471228,0.8797348965936497,-0.37544925867890316,0.9234132903948916,0.9878664331420336,0.04934914407988588,0.0007971119371946722,0.001189259694548861,-0.0011590584878744675,0.922616178457697,0.9866771734474847,0.04819008559201141,0.08333333333333333,0.0824443125511494,0.0,0.0,0.0,0.0,0.0
ROB__CICIoT2023_R1__CB-Score__Norm-Clipped-Averaging__sign-flip__honest__seed42,CICIoT2023_R1,CB-Score,Norm-Clipped-Averaging,sign-flip,honest,0.4,42,30,core_12_cell_factorial,1,0.8959351864785584,0.977966582745445,0.00414586305278174,0.20277777777777775,0.20555853301001203,0.08379756050321724,0.08379756050321724,0.07292258829606853,4.976033286220554,1.0657795689872833,-0.6260601801176866,0.928214814756758,0.9892281850808126,0.057195078459343796,0.032279628278199635,0.011261602335367549,-0.05304921540656206,0.8959351864785584,0.977966582745445,0.00414586305278174,0.20277777777777775,0.20555853301001203,0.0,0.0,0.0,0.0,0.0
ROB__CICIoT2023_R1__CB-Score__Norm-Clipped-Averaging__sign-flip__honest__seed123,CICIoT2023_R1,CB-Score,Norm-Clipped-Averaging,sign-flip,honest,0.4,123,30,core_12_cell_factorial,1,0.9237739661691228,0.9860715113227903,0.048234664764621966,0.02222222222222222,0.022548355449114155,-0.0980755148019157,-0.0980755148019157,0.010380664139692186,5.229264446204994,0.8328466533029141,-0.2762957409852081,0.9184008631974803,0.9869118088397224,0.04783345221112696,-0.005373102971642507,0.0008402975169321536,0.0004012125534950048,0.9237739661691228,0.9860715113227903,0.048234664764621966,0.02222222222222222,0.022548355449114155,0.0,0.0,0.0,0.0,0.0
ROB__CICIoT2023_R1__CB-Score__Norm-Clipped-Averaging__sign-flip__honest__seed777,CICIoT2023_R1,CB-Score,Norm-Clipped-Averaging,sign-flip,honest,0.4,777,30,core_12_cell_factorial,1,0.9190119344990286,0.9877135506925138,0.04761055634807418,0.0,0.0,-0.03790340318013619,-0.03790340318013619,0.008763648939998625,4.530155863420564,0.7843438828973353,-0.37142789386626746,0.9152809382110975,0.9869769842783811,0.04796718972895863,-0.0037309962879311653,-0.0007365664141326667,-0.000356633380884451,0.9190119344990286,0.9877135506925138,0.04761055634807418,0.0,0.0,0.0,0.0,0.0,0.0,0.0
ROB__CICIoT2023_R1__CB-Score__Norm-Clipped-Averaging__sign-flip__honest__seed2026,CICIoT2023_R1,CB-Score,Norm-Clipped-Averaging,sign-flip,honest,0.4,2026,30,core_12_cell_factorial,1,0.9083994735694735,0.9856111288498443,0.022646219686162625,0.09722222222222222,0.09890765557440524,0.04495210315905197,0.04495210315905197,0.049000540300722234,4.657351398542618,0.9451809876419839,-0.6949240273899502,0.9227351076110505,0.9884581279927072,0.04600570613409415,0.014335634041577006,0.002846999142862905,-0.023359486447931527,0.9083994735694735,0.9856111288498443,0.022646219686162625,0.09722222222222222,0.09890765557440524,0.0,0.0,0.0,0.0,0.0
ROB__CICIoT2023_R1__CB-Score__Norm-Clipped-Averaging__sign-flip__honest__seed3407,CICIoT2023_R1,CB-Score,Norm-Clipped-Averaging,sign-flip,honest,0.4,3407,30,core_12_cell_factorial,1,0.856768871237565,0.7427922426051492,1.0,0.1611111111111111,0.16165956333329035,0.18031917071693593,0.18031917071693593,0.08212398505769446,8.944335957603531,1.5902129651461898,-0.8295414504077699,0.8771938630393682,0.9862985905722369,0.0008024251069900142,0.02042499180180324,0.2435063479670877,0.99919757489301,0.856768871237565,0.7427922426051492,1.0,0.1611111111111111,0.16165956333329035,0.0,0.0,0.0,0.0,0.0
ROB__CICIoT2023_R1__CB-Score__Norm-Clipped-Averaging__sign-flip__honest__seed11,CICIoT2023_R1,CB-Score,Norm-Clipped-Averaging,sign-flip,honest,0.4,11,30,core_12_cell_factorial,1,0.920765524498208,0.9866169474393408,0.04970577746077033,0.09722222222222222,0.09885955351122974,0.0009412853517498256,0.0009412853517498256,0.013373193210586705,4.611411924778149,0.9475907271949198,-0.6351576696253485,0.9166891902634466,0.9853453727391067,0.04662981455064194,-0.004076334234761392,-0.0012715747002340905,0.003075962910128391,0.920765524498208,0.9866169474393408,0.04970577746077033,0.09722222222222222,0.09885955351122974,0.0,0.0,0.0,0.0,0.0
ROB__CICIoT2023_R1__CB-Score__Norm-Clipped-Averaging__sign-flip__honest__seed314,CICIoT2023_R1,CB-Score,Norm-Clipped-Averaging,sign-flip,honest,0.4,314,30,core_12_cell_factorial,1,0.9236966787282517,0.9876303344967565,0.052291369472182596,0.008333333333333333,0.008532665124371997,-0.021779951094491365,-0.021779951094491365,0.053175398954201904,4.7079073705601795,0.972936053632232,-0.45744760466946494,0.9220086990905496,0.9884850217694353,0.04747681883024251,-0.001687979637702064,0.0008546872726787891,0.004814550641940085,0.9236966787282517,0.9876303344967565,0.052291369472182596,0.008333333333333333,0.008532665124371997,0.0,0.0,0.0,0.0,0.0
ROB__CICIoT2023_R1__CB-Score__Norm-Clipped-Averaging__sign-flip__honest__seed2718,CICIoT2023_R1,CB-Score,Norm-Clipped-Averaging,sign-flip,honest,0.4,2718,30,core_12_cell_factorial,1,0.9177649337864016,0.9877955384775758,0.047521398002853064,0.01111111111111111,0.011220940487529545,0.007499584087325221,0.007499584087325221,0.0003209352572134891,5.341954314241662,0.7864072494311165,-0.44934419066541725,0.9191668713308985,0.9881163742479643,0.05001783166904422,0.0014019375444969118,0.000320835770388439,-0.002496433666191157,0.9177649337864016,0.9877955384775758,0.047521398002853064,0.01111111111111111,0.011220940487529545,0.0,0.0,0.0,0.0,0.0
ROB__CICIoT2023_R1__CB-Score__Norm-Clipped-Averaging__sign-flip__honest__seed9001,CICIoT2023_R1,CB-Score,Norm-Clipped-Averaging,sign-flip,honest,0.4,9001,30,core_12_cell_factorial,1,0.9187047389150045,0.9882102138232586,0.04440085592011412,0.047222222222222214,0.04795046981890277,-0.03720190110299883,-0.03720190110299883,0.036231540333598065,5.0179536737461525,0.9313683019827571,-0.6301361358828015,0.9192722777768974,0.9880345283943719,0.049215406562054205,0.000567538861892869,-0.00017568542888668492,-0.004814550641940085,0.9187047389150045,0.9882102138232586,0.04440085592011412,0.047222222222222214,0.04795046981890277,0.0,0.0,0.0,0.0,0.0
ROB__CICIoT2023_R1__CB-Score__Norm-Clipped-Averaging__sign-flip__honest__seed2027,CICIoT2023_R1,CB-Score,Norm-Clipped-Averaging,sign-flip,honest,0.4,2027,30,core_12_cell_factorial,1,0.9237474142967677,0.9872785372133736,0.047565977175463625,0.008333333333333333,0.008452904941233798,0.02539197714340615,0.02539197714340615,0.0246965784724842,3.810242114530822,0.8548538671073894,-0.5358969444202052,0.9234132903948916,0.9878664331420336,0.04934914407988588,-0.0003341239018760378,0.0005878959286600427,-0.001783166904422255,0.9237474142967677,0.9872785372133736,0.047565977175463625,0.008333333333333333,0.008452904941233798,0.0,0.0,0.0,0.0,0.0
ROB__CICIDS2017_COVERAGE_R1__CB-Score__FedAvg__clean__forged__seed42,CICIDS2017_COVERAGE_R1,CB-Score,FedAvg,clean,forged_inflated,0.4,42,30,metadata_falsification_extension,1,0.002779251087302429,0.21769375977750502,0.014721816795928343,0.6722222222222223,0.673795844484848,1.1081129975637802,0.10811299756378019,0.0948012820766229,1.1725456383525996,1.1537405967962353,0.6565408180157344,0.002779251087302429,0.21769375977750502,0.014721816795928343,0.0,0.0,0.0,0.00224481858087459,0.19836394098322432,0.00017774192556031432,0.0,0.0,0.000534432506427839,0.019329818794280695,0.014544074870368028,0.6722222222222223,0.673795844484848
ROB__CICIDS2017_COVERAGE_R1__CB-Score__FedAvg__clean__forged__seed123,CICIDS2017_COVERAGE_R1,CB-Score,FedAvg,clean,forged_inflated,0.4,123,30,metadata_falsification_extension,1,0.02262210796915167,0.1928426060862224,0.0018765445602425494,0.7833333333333333,0.7841313495397882,1.0228312449080397,0.022831244908039904,0.027041324865291917,0.943715568052349,0.9693983671494016,0.5408804928263028,0.02262210796915167,0.1928426060862224,0.0018765445602425494,0.0,0.0,0.0,0.003148454042548474,0.17246531144325397,0.0007827480952559997,0.0,0.0,0.019473653926603197,0.02037729464296842,0.0010937964649865497,0.7833333333333333,0.7841313495397882
ROB__CICIDS2017_COVERAGE_R1__CB-Score__FedAvg__clean__forged__seed777,CICIDS2017_COVERAGE_R1,CB-Score,FedAvg,clean,forged_inflated,0.4,777,30,metadata_falsification_extension,1,0.004054907435104863,0.1876101516929618,0.00084085603245841,0.8166666666666667,0.8174303025407522,1.0152757332920883,0.015275733292088454,0.08063022892157491,0.9495722837541886,0.9989299066244303,0.532240609327952,0.004054907435104863,0.1876101516929618,0.00084085603245841,0.0,0.0,0.0,0.002542211300129229,0.18179491818166962,0.015224279547031538,0.0,0.0,0.0015126961349756335,0.005815233511292178,-0.014383423514573128,0.8166666666666667,0.8174303025407522
ROB__CICIDS2017_COVERAGE_R1__CB-Score__FedAvg__clean__forged__seed2026,CICIDS2017_COVERAGE_R1,CB-Score,FedAvg,clean,forged_inflated,0.4,2026,30,metadata_falsification_extension,1,0.003036717685001496,0.1691438271800034,0.0008887096278015717,0.8416666666666667,0.8433131721625989,1.0655435472715455,0.06554354727154538,0.09410656230319296,1.061124646856034,1.1780579597941758,0.7832932707336214,0.003036717685001496,0.1691438271800034,0.0008887096278015717,0.0,0.0,0.0,0.009169705041154509,0.17508301632825168,0.004628126292474339,0.0,0.0,-0.006132987356153013,-0.005939189148248286,-0.003739416664672767,0.8416666666666667,0.8433131721625989
ROB__CICIDS2017_COVERAGE_R1__CB-Score__FedAvg__clean__forged__seed3407,CICIDS2017_COVERAGE_R1,CB-Score,FedAvg,clean,forged_inflated,0.4,3407,30,metadata_falsification_extension,1,0.48417566821729874,0.47592908430610614,0.0215136092207042,0.7916666666666666,0.7922525975847176,1.0362800710629014,0.0362800710629016,0.11579518004326951,1.076487960842019,0.9830414049521015,0.5270696439676814,0.48417566821729874,0.47592908430610614,0.0215136092207042,0.0,0.0,0.0,0.0025789813023855577,0.1732200401041768,3.418113953082968e-05,0.0,0.0,0.4815966869149132,0.30270904420192934,0.021479428081173372,0.7916666666666666,0.7922525975847176
ROB__CICIDS2017_COVERAGE_R1__CB-Score__FedAvg__clean__forged__seed11,CICIDS2017_COVERAGE_R1,CB-Score,FedAvg,clean,forged_inflated,0.4,11,30,metadata_falsification_extension,1,0.0024647222746499984,0.16343230998625852,0.0004375185859946199,0.8,0.8002197658866159,1.1366551811528345,0.13665518115283443,0.042705846112131796,0.9233948170257461,1.0608188991257457,0.5134164419853025,0.0024647222746499984,0.16343230998625852,0.0004375185859946199,0.0,0.0,0.0,0.0024443358072974535,0.16806952693725868,0.00021192306509114402,0.0,0.0,2.038646735254496e-05,-0.004637216951000167,0.00022559552090347586,0.8,0.8002197658866159
ROB__CICIDS2017_COVERAGE_R1__CB-Score__FedAvg__clean__forged__seed314,CICIDS2017_COVERAGE_R1,CB-Score,FedAvg,clean,forged_inflated,0.4,314,30,metadata_falsification_extension,1,0.0033405601522056546,0.169941734844561,0.0014390259742479295,0.7333333333333333,0.7346883021197539,1.1699989299665097,0.16999892996650973,0.10815166404876601,1.0868062259919251,0.975977605037284,0.5044574664905668,0.0033405601522056546,0.169941734844561,0.0014390259742479295,0.0,0.0,0.0,0.013441005907538887,0.17252084075599772,0.006162859457408591,0.0,0.0,-0.010100445755333233,-0.00257910591143673,-0.004723833483160661,0.7333333333333333,0.7346883021197539
ROB__CICIDS2017_COVERAGE_R1__CB-Score__FedAvg__clean__forged__seed2718,CICIDS2017_COVERAGE_R1,CB-Score,FedAvg,clean,forged_inflated,0.4,2718,30,metadata_falsification_extension,1,0.0030576974208986973,0.17054741880132201,0.0010049255022063926,0.9166666666666666,0.9169703876956656,1.0326090024888754,0.03260900248887524,0.016631212823620567,0.9733853021852471,1.0602432473424284,0.6022383295827441,0.0030576974208986973,0.17054741880132201,0.0010049255022063926,0.0,0.0,0.0,0.0030106879421947915,0.16581503748529758,0.010356885277841392,0.0,0.0,4.700947870390571e-05,0.004732381316024437,-0.009351959775634999,0.9166666666666666,0.9169703876956656
ROB__CICIDS2017_COVERAGE_R1__CB-Score__FedAvg__clean__forged__seed9001,CICIDS2017_COVERAGE_R1,CB-Score,FedAvg,clean,forged_inflated,0.4,9001,30,metadata_falsification_extension,1,0.005203987527996136,0.26892108661701414,0.0034693856623792124,0.85,0.8502024646170995,1.0252534351574645,0.02525343515746472,0.20858259086695854,0.9188914382203871,1.0626276880326766,0.4163464731640286,0.005203987527996136,0.26892108661701414,0.0034693856623792124,0.0,0.0,0.0,0.014116885219362149,0.17741599259285928,0.007413889164236957,0.0,0.0,-0.008912897691366013,0.09150509402415485,-0.003944503501857745,0.85,0.8502024646170995
ROB__CICIDS2017_COVERAGE_R1__CB-Score__FedAvg__clean__forged__seed2027,CICIDS2017_COVERAGE_R1,CB-Score,FedAvg,clean,forged_inflated,0.4,2027,30,metadata_falsification_extension,1,0.02425783101383084,0.21849095826264575,0.006419218003889814,0.975,0.9750566674481967,1.0153282461785438,0.015328246178543658,0.14610465054020724,0.8893916055278185,1.0160049612056108,0.38712083647648493,0.02425783101383084,0.21849095826264575,0.006419218003889814,0.0,0.0,0.0,0.015744274809160304,0.23544067808558422,0.005694577845836224,0.0,0.0,0.008513556204670536,-0.01694971982293847,0.0007246401580535897,0.975,0.9750566674481967
ROB__CICIDS2017_COVERAGE_R1__CB-Score__FedAvg__label-flip__forged__seed42,CICIDS2017_COVERAGE_R1,CB-Score,FedAvg,label-flip,forged_inflated,0.4,42,30,metadata_falsification_extension,1,0.0016965584100824044,0.1520473328834567,0.0029498323415106014,0.55,0.5507552605166427,0.8020380400339749,-0.19796195996602514,0.10740122369661495,1.2382029797918923,1.3311458307009467,0.06987758930255139,0.002779251087302429,0.21769375977750502,0.014721816795928343,0.0010826926772200247,0.06564642689404832,-0.011771984454417742,0.002458335640329993,0.22545006260751735,0.0012373572510160345,0.05,0.05024892089407985,-0.0007617772302475885,-0.07340272972406064,0.001712475090494567,0.5,0.5005063396225629
ROB__CICIDS2017_COVERAGE_R1__CB-Score__FedAvg__label-flip__forged__seed123,CICIDS2017_COVERAGE_R1,CB-Score,FedAvg,label-flip,forged_inflated,0.4,123,30,metadata_falsification_extension,1,0.02490649438966338,0.43993166816966345,0.010623498166181864,0.75,0.7502590747319589,0.8278555020302696,-0.17214449796973016,0.29345566728445655,1.0781709003235,1.299399104464709,-0.28355026864058647,0.02262210796915167,0.1928426060862224,0.0018765445602425494,-0.002284386420511708,-0.24708906208344106,0.008746953605939314,0.0025985563575791227,0.1805006799237822,0.00034522950926137977,0.03333333333333333,0.03327698338744387,0.022307938032084258,0.2594309882458813,0.010278268656920483,0.7166666666666667,0.716982091344515
ROB__CICIDS2017_COVERAGE_R1__CB-Score__FedAvg__label-flip__forged__seed777,CICIDS2017_COVERAGE_R1,CB-Score,FedAvg,label-flip,forged_inflated,0.4,777,30,metadata_falsification_extension,1,0.022743600796436562,0.17250826240263478,0.022197232011320792,0.6305555555555554,0.6306232092907375,0.6854626229210274,-0.31453737707897256,0.26413136696025946,1.2765866421524923,1.325700619560406,-0.16721957764691778,0.004054907435104863,0.1876101516929618,0.00084085603245841,-0.0186886933613317,0.01510188929032702,0.021356375978862384,0.0026756403527728894,0.16605262389295097,0.024648019715681282,0.016666666666666666,0.016572899116281677,0.02006796044366367,0.006455638509683809,-0.0024507877043604895,0.6138888888888887,0.6140503101744558
ROB__CICIDS2017_COVERAGE_R1__CB-Score__FedAvg__label-flip__forged__seed2026,CICIDS2017_COVERAGE_R1,CB-Score,FedAvg,label-flip,forged_inflated,0.4,2026,30,metadata_falsification_extension,1,0.000556272529037426,0.15839360555455986,9.228907673324013e-05,0.7916666666666666,0.7911838301844473,0.7715269024127349,-0.22847309758726522,0.18882743669265642,1.0864544274335857,1.4361553660412136,-0.075781627152335,0.003036717685001496,0.1691438271800034,0.0008887096278015717,0.00248044515596407,0.010750221625443535,-0.0007964205510683315,0.00243864588644778,0.17019090578100804,0.0009297269952385673,0.025,0.024893968008929224,-0.001882373357410354,-0.011797300226448176,-0.0008374379185053271,0.7666666666666666,0.7662898621755181
ROB__CICIDS2017_COVERAGE_R1__CB-Score__FedAvg__label-flip__forged__seed3407,CICIDS2017_COVERAGE_R1,CB-Score,FedAvg,label-flip,forged_inflated,0.4,3407,30,metadata_falsification_extension,1,0.3654500983166275,0.5842246616177367,0.042432466613571966,0.7583333333333333,0.7579275114568073,0.8063978540554296,-0.19360214594457031,0.20874425201599267,1.3589730185001445,1.2392439528001673,-0.15900688373173275,0.48417566821729874,0.47592908430610614,0.0215136092207042,0.11872556990067124,-0.10829557731163053,0.020918857392867765,0.002443005785481883,0.16882948186368293,0.0003794106487922094,0.075,0.07466419597985018,0.3630070925311456,0.4153951797540537,0.042053055964779755,0.6833333333333333,0.6832633154769571
ROB__CICIDS2017_COVERAGE_R1__CB-Score__FedAvg__label-flip__forged__seed11,CICIDS2017_COVERAGE_R1,CB-Score,FedAvg,label-flip,forged_inflated,0.4,11,30,metadata_falsification_extension,1,0.0017748103699634474,0.14038340492414408,0.016208696365519432,0.7916666666666666,0.7900621292028903,0.9945108219441234,-0.00548917805587661,0.2272125897532942,0.7145098994956119,1.4280062979409633,-0.13494449392892421,0.0024647222746499984,0.16343230998625852,0.0004375185859946199,0.000689911904686551,0.023048905062114433,0.015771177779524814,0.005558973457549657,0.24456776870784117,0.003209609001944907,0.075,0.07465878237369641,-0.0037841630875862097,-0.10418436378369708,0.012999087363574526,0.7166666666666667,0.7154033468291939
ROB__CICIDS2017_COVERAGE_R1__CB-Score__FedAvg__label-flip__forged__seed314,CICIDS2017_COVERAGE_R1,CB-Score,FedAvg,label-flip,forged_inflated,0.4,314,30,metadata_falsification_extension,1,0.001434541258654026,0.18308417048477293,0.021523863562563448,0.8,0.7979852785524352,0.9835131227956404,-0.01648687720435948,0.22647680453929703,0.7042839359169679,1.4679950929206083,-0.06012435785895729,0.0033405601522056546,0.169941734844561,0.0014390259742479295,0.0019060188935516285,-0.013142435640211947,0.02008483758831552,0.0023009481493236005,0.16517488837737418,0.03718907980954269,0.0,0.0,-0.0008664068906695745,0.017909282107398755,-0.015665216246979242,0.8,0.7979852785524352
ROB__CICIDS2017_COVERAGE_R1__CB-Score__FedAvg__label-flip__forged__seed2718,CICIDS2017_COVERAGE_R1,CB-Score,FedAvg,label-flip,forged_inflated,0.4,2718,30,metadata_falsification_extension,1,0.0016460409703612257,0.19418683044662602,0.03322064951001336,0.7583333333333333,0.756254519514812,0.9769991173311348,-0.02300088266886511,0.2573244519612572,0.7127773337757902,1.407118676703042,-0.14886733103647,0.0030576974208986973,0.17054741880132201,0.0010049255022063926,0.0014116564505374715,-0.023639411645304004,0.03221572400780697,0.004144687264506406,0.18160256892932303,0.0007417307278190041,0.08333333333333333,0.08302011508992248,-0.0024986462941451798,0.012584261517302991,0.03247891878219436,0.6749999999999999,0.6732344044248896
ROB__CICIDS2017_COVERAGE_R1__CB-Score__FedAvg__label-flip__forged__seed9001,CICIDS2017_COVERAGE_R1,CB-Score,FedAvg,label-flip,forged_inflated,0.4,9001,30,metadata_falsification_extension,1,0.0005764775007483121,0.1818858116144593,0.001179249313813624,0.8166666666666667,0.8147949134126983,0.9718777542401477,-0.028122245759852258,0.24464109740238346,0.8174735591861867,1.4833746737311262,-0.1849752410263237,0.005203987527996136,0.26892108661701414,0.0034693856623792124,0.004627510027247823,0.08703527500255484,-0.0022901363485655886,0.0031604305257807146,0.17996927144188637,0.0017740011416500603,0.10833333333333334,0.10753496455442009,-0.0025839530250324023,0.0019165401725729225,-0.0005947518278364363,0.7083333333333333,0.7072599488582781
ROB__CICIDS2017_COVERAGE_R1__CB-Score__FedAvg__label-flip__forged__seed2027,CICIDS2017_COVERAGE_R1,CB-Score,FedAvg,label-flip,forged_inflated,0.4,2027,30,metadata_falsification_extension,1,0.0016702311844383338,0.1558998589582982,0.028288311075714643,0.8,0.7990706939120599,0.9572803646021454,-0.04271963539785455,0.34150151035488263,0.7661448219106504,1.5059756880680442,-0.21522439745668737,0.02425783101383084,0.21849095826264575,0.006419218003889814,0.022587599829392506,0.06259109930434756,0.02186909307182483,0.003113476273544284,0.19486025208140156,0.002054286485802864,0.025,0.02492007944474393,-0.0014432450891059502,-0.03896039312310337,0.02623402458991178,0.775,0.7741506144673159
ROB__CICIDS2017_COVERAGE_R1__CB-Score__FedAvg__sign-flip__forged__seed42,CICIDS2017_COVERAGE_R1,CB-Score,FedAvg,sign-flip,forged_inflated,0.4,42,30,metadata_falsification_extension,1,0.3804643145293643,0.23492184700999763,1.0,0.9777777777777777,0.9779761292510842,1.03139083876184,0.03139083876184015,0.02653988491884318,10.475827335317732,2.2246677188430652,-0.9267827881707086,0.002779251087302429,0.21769375977750502,0.014721816795928343,-0.3776850634420619,-0.01722808723249261,0.9852781832040717,0.0,0.1819342352823499,0.04274009686934943,0.05555555555555555,0.05589561693659386,0.3804643145293643,0.05298761172764774,0.9572599031306506,0.9222222222222222,0.9220805123144904
ROB__CICIDS2017_COVERAGE_R1__CB-Score__FedAvg__sign-flip__forged__seed123,CICIDS2017_COVERAGE_R1,CB-Score,FedAvg,sign-flip,forged_inflated,0.4,123,30,metadata_falsification_extension,1,0.3804643145293643,0.23492184700999763,1.0,1.0,1.0,1.0169267208570991,0.016926720857099047,0.014811496566799713,11.705829514957685,2.4048619440312486,-0.9808727449840969,0.02262210796915167,0.1928426060862224,0.0018765445602425494,-0.35784220656021265,-0.04207924092377524,0.9981234554397574,0.44328167240031663,0.3312008543826472,0.7617335306724455,0.24444444444444444,0.24723333295613328,-0.06281735787095233,-0.09627900737264955,0.23826646932755446,0.7555555555555555,0.7527666670438667
ROB__CICIDS2017_COVERAGE_R1__CB-Score__FedAvg__sign-flip__forged__seed777,CICIDS2017_COVERAGE_R1,CB-Score,FedAvg,sign-flip,forged_inflated,0.4,777,30,metadata_falsification_extension,1,0.3804643145293643,0.23492184700999763,1.0,0.9888888888888888,0.9890153078046253,1.0271618374230422,0.027161837423042307,0.04371167854737054,12.136181986066191,2.354096311042824,-0.9749541680018107,0.004054907435104863,0.1876101516929618,0.00084085603245841,-0.37640940709425946,-0.04731169531703583,0.9991591439675416,0.0028398771588019683,0.17502485522796912,0.0030352851903376753,0.041666666666666664,0.042297683576882114,0.37762443737056234,0.05989699178202851,0.9969647148096623,0.9472222222222222,0.9467176242277432
ROB__CICIDS2017_COVERAGE_R1__CB-Score__FedAvg__sign-flip__forged__seed2026,CICIDS2017_COVERAGE_R1,CB-Score,FedAvg,sign-flip,forged_inflated,0.4,2026,30,metadata_falsification_extension,1,0.3804643145293643,0.23492184700999763,1.0,1.0,1.0,1.0109967014265044,0.010996701426504569,0.01181397397990272,13.060353794606979,2.5741604394667634,-0.9928972568776873,0.003036717685001496,0.1691438271800034,0.0008887096278015717,-0.3774275968443628,-0.06577801982999423,0.9991112903721985,0.010737833594976452,0.20363757336867733,0.017791283125796847,0.2111111111111111,0.213405742984789,0.36972648093438787,0.031284273641320304,0.9822087168742032,0.7888888888888889,0.786594257015211
ROB__CICIDS2017_COVERAGE_R1__CB-Score__FedAvg__sign-flip__forged__seed3407,CICIDS2017_COVERAGE_R1,CB-Score,FedAvg,sign-flip,forged_inflated,0.4,3407,30,metadata_falsification_extension,1,0.0,0.23492184700999763,0.0,1.0,1.0,1.0254304799863578,0.025430479986357904,0.019436723232035005,12.607934838554176,2.2370119604471936,-0.9854807555675507,0.48417566821729874,0.47592908430610614,0.0215136092207042,0.48417566821729874,0.2410072372961085,-0.0215136092207042,0.0,0.2242831458983045,0.04325281396231188,0.030555555555555555,0.030686573002059053,0.0,0.010638701111693127,-0.04325281396231188,0.9694444444444444,0.969313426997941
ROB__CICIDS2017_COVERAGE_R1__CB-Score__FedAvg__sign-flip__forged__seed11,CICIDS2017_COVERAGE_R1,CB-Score,FedAvg,sign-flip,forged_inflated,0.4,11,30,metadata_falsification_extension,1,0.3804643145293643,0.23492184700999763,1.0,1.0,1.0,1.0209621810280505,0.02096218102805048,0.015819794028725506,12.983922375217086,2.459431718100538,-0.9893634100755055,0.0024647222746499984,0.16343230998625852,0.0004375185859946199,-0.3779995922547143,-0.07148953702373911,0.9995624814140054,0.3804643145293643,0.23523542753852575,1.0,0.027777777777777776,0.02804847827890504,0.0,-0.0003135805285281179,0.0,0.9722222222222222,0.971951521721095
ROB__CICIDS2017_COVERAGE_R1__CB-Score__FedAvg__sign-flip__forged__seed314,CICIDS2017_COVERAGE_R1,CB-Score,FedAvg,sign-flip,forged_inflated,0.4,314,30,metadata_falsification_extension,1,0.3804643145293643,0.23492184700999763,1.0,1.0,1.0,1.0078928265571614,0.007892826557161304,0.014623298773443387,12.879559877922762,2.580660013270498,-0.9859181185563405,0.0033405601522056546,0.169941734844561,0.0014390259742479295,-0.37712375437715867,-0.06498011216543664,0.9985609740257521,0.40338033992144595,0.29621535182573366,0.9073417669598269,0.2111111111111111,0.21290332861159458,-0.02291602539208165,-0.06129350481573603,0.09265823304017307,0.7888888888888889,0.7870966713884054
ROB__CICIDS2017_COVERAGE_R1__CB-Score__FedAvg__sign-flip__forged__seed2718,CICIDS2017_COVERAGE_R1,CB-Score,FedAvg,sign-flip,forged_inflated,0.4,2718,30,metadata_falsification_extension,1,0.3804643145293643,0.23492184700999763,1.0,1.0,1.0,1.0068990895388374,0.006899089538837449,0.009734234944435736,12.03205919849198,2.3357660367442423,-0.987092254559199,0.0030576974208986973,0.17054741880132201,0.0010049255022063926,-0.3774066171084656,-0.06437442820867562,0.9989950744977936,0.3804643145293643,0.23492184700999763,1.0,0.08888888888888888,0.08951000458646986,0.0,0.0,0.0,0.9111111111111111,0.9104899954135302
ROB__CICIDS2017_COVERAGE_R1__CB-Score__FedAvg__sign-flip__forged__seed9001,CICIDS2017_COVERAGE_R1,CB-Score,FedAvg,sign-flip,forged_inflated,0.4,9001,30,metadata_falsification_extension,1,0.0,0.23492184700999763,0.0,1.0,1.0,1.0396728183992812,0.03967281839928122,0.03071410427295013,12.547909893315076,2.043266483087112,-0.9740985029273563,0.005203987527996136,0.26892108661701414,0.0034693856623792124,0.005203987527996136,0.03399923960701651,-0.0034693856623792124,0.003172877444835199,0.1773037532035832,0.0005605706883056068,0.07222222222222222,0.07321956104560726,-0.003172877444835199,0.057618093806414444,-0.0005605706883056068,0.9277777777777778,0.9267804389543928
ROB__CICIDS2017_COVERAGE_R1__CB-Score__FedAvg__sign-flip__forged__seed2027,CICIDS2017_COVERAGE_R1,CB-Score,FedAvg,sign-flip,forged_inflated,0.4,2027,30,metadata_falsification_extension,1,0.3804643145293643,0.23492184700999763,1.0,1.0,1.0,1.0145796992364748,0.01457969923647496,0.021028286698890966,12.812242142486374,2.605556954107021,-0.9854551805390253,0.02425783101383084,0.21849095826264575,0.006419218003889814,-0.35620648351553347,-0.01643088874735188,0.9935807819961102,0.0,0.23323785914619247,0.016441128114329077,0.04444444444444444,0.04468938636039286,0.3804643145293643,0.0016839878638051642,0.9835588718856709,0.9555555555555556,0.9553106136396071
ROB__CICIDS2017_COVERAGE_R1__CB-Score__Norm-Clipped-Averaging__clean__forged__seed42,CICIDS2017_COVERAGE_R1,CB-Score,Norm-Clipped-Averaging,clean,forged_inflated,0.4,42,30,metadata_falsification_extension,1,0.0028321459543124363,0.228984139572741,0.0038829774507022517,0.6611111111111112,0.6631358202590453,1.115713123196184,0.1157131231961841,0.08958516600961725,1.2091410065158308,1.1847168983824055,0.6862983700301912,0.0028321459543124363,0.228984139572741,0.0038829774507022517,0.0,0.0,0.0,0.0028331100520501613,0.1952588607280155,0.0037770159181566795,0.0,0.0,-9.64097737725031e-07,0.03372527884472551,0.00010596153254557221,0.6611111111111112,0.6631358202590453
ROB__CICIDS2017_COVERAGE_R1__CB-Score__Norm-Clipped-Averaging__clean__forged__seed123,CICIDS2017_COVERAGE_R1,CB-Score,Norm-Clipped-Averaging,clean,forged_inflated,0.4,123,30,metadata_falsification_extension,1,0.0034555704460122495,0.17477179960000805,0.0010288522998779734,0.8166666666666667,0.8173871016291837,1.0278648375604553,0.027864837560455165,0.03082837897895419,0.9449983733510297,0.9765821068006802,0.5410600980122884,0.0034555704460122495,0.17477179960000805,0.0010288522998779734,0.0,0.0,0.0,0.0031515846079252434,0.17899812932918702,0.0026422020857331343,0.0,0.0,0.00030398583808700615,-0.004226329729178968,-0.001613349785855161,0.8166666666666667,0.8173871016291837
ROB__CICIDS2017_COVERAGE_R1__CB-Score__Norm-Clipped-Averaging__clean__forged__seed777,CICIDS2017_COVERAGE_R1,CB-Score,Norm-Clipped-Averaging,clean,forged_inflated,0.4,777,30,metadata_falsification_extension,1,0.008208872662905188,0.1787857706157946,0.000639187309226515,0.7833333333333333,0.7841897172159051,0.996097726942959,-0.003902273057041088,0.05512817476249026,0.9579895006190248,0.9990526789763502,0.5372987839910719,0.008208872662905188,0.1787857706157946,0.000639187309226515,0.0,0.0,0.0,0.02369703155745899,0.18158756038871926,0.013928814358813093,0.0,0.0,-0.015488158894553801,-0.0028017897729246677,-0.013289627049586578,0.7833333333333333,0.7841897172159051
ROB__CICIDS2017_COVERAGE_R1__CB-Score__Norm-Clipped-Averaging__clean__forged__seed2026,CICIDS2017_COVERAGE_R1,CB-Score,Norm-Clipped-Averaging,clean,forged_inflated,0.4,2026,30,metadata_falsification_extension,1,0.0027244636904300446,0.17417229890823083,0.0011553225161420432,0.8333333333333334,0.835052156313538,1.064789169390379,0.06478916939037917,0.08829336038875672,1.0383563655425219,1.1545643260109917,0.7754595836003622,0.0027244636904300446,0.17417229890823083,0.0011553225161420432,0.0,0.0,0.0,0.0031631453019181637,0.175399898446665,0.029559849466261508,0.0,0.0,-0.00043868161148811905,-0.001227599538434182,-0.028404526950119465,0.8333333333333334,0.835052156313538
ROB__CICIDS2017_COVERAGE_R1__CB-Score__Norm-Clipped-Averaging__clean__forged__seed3407,CICIDS2017_COVERAGE_R1,CB-Score,Norm-Clipped-Averaging,clean,forged_inflated,0.4,3407,30,metadata_falsification_extension,1,0.0030998826472997806,0.17933895357540308,0.0012100123393913706,0.8166666666666667,0.8172512980901662,1.0355625553356635,0.03556255533566338,0.10272042110017202,1.0772796380317007,1.008148309562998,0.5322994147737821,0.0030998826472997806,0.17933895357540308,0.0012100123393913706,0.0,0.0,0.0,0.0024412707924143058,0.16980657040519362,0.0005981699417895194,0.0,0.0,0.0006586118548854748,0.009532383170209463,0.0006118423976018512,0.8166666666666667,0.8172512980901662
ROB__CICIDS2017_COVERAGE_R1__CB-Score__Norm-Clipped-Averaging__clean__forged__seed11,CICIDS2017_COVERAGE_R1,CB-Score,Norm-Clipped-Averaging,clean,forged_inflated,0.4,11,30,metadata_falsification_extension,1,0.0024411082631514707,0.16396980188156807,0.0006186786255080172,0.8,0.8001020633360427,1.157404277606969,0.15740427760696918,0.04715737045829779,0.9161526031609739,1.0592818278558807,0.5103955430703031,0.0024411082631514707,0.16396980188156807,0.0006186786255080172,0.0,0.0,0.0,0.0027097709298295365,0.1696530650959771,0.017945098253685583,0.0,0.0,-0.00026866266667806586,-0.00568326321440904,-0.017326419628177565,0.8,0.8001020633360427
ROB__CICIDS2017_COVERAGE_R1__CB-Score__Norm-Clipped-Averaging__clean__forged__seed314,CICIDS2017_COVERAGE_R1,CB-Score,Norm-Clipped-Averaging,clean,forged_inflated,0.4,314,30,metadata_falsification_extension,1,0.003429734693425973,0.1737438876981044,0.0013638274672801041,0.7333333333333333,0.734445980789846,1.1744550905156255,0.17445509051562547,0.1498109114141633,1.078124920228771,0.9758690880298381,0.49666061004002887,0.003429734693425973,0.1737438876981044,0.0013638274672801041,0.0,0.0,0.0,0.0028591376043086538,0.16664459869781661,0.0009433994510508991,0.0,0.0,0.0005705970891173194,0.007099289000287778,0.00042042801622920497,0.7333333333333333,0.734445980789846
ROB__CICIDS2017_COVERAGE_R1__CB-Score__Norm-Clipped-Averaging__clean__forged__seed2718,CICIDS2017_COVERAGE_R1,CB-Score,Norm-Clipped-Averaging,clean,forged_inflated,0.4,2718,30,metadata_falsification_extension,1,0.002930663173552985,0.17118086066791047,0.00040333744646379023,0.9333333333333333,0.9335710494653889,1.0285306490754742,0.028530649075473993,0.016972124379934724,0.9723766087863747,1.054867778194819,0.5949780315988593,0.002930663173552985,0.17118086066791047,0.00040333744646379023,0.0,0.0,0.0,0.0029496889519732977,0.18219540520576377,0.0007314763859597552,0.0,0.0,-1.9025778420312788e-05,-0.011014544537853305,-0.0003281389394959649,0.9333333333333333,0.9335710494653889
ROB__CICIDS2017_COVERAGE_R1__CB-Score__Norm-Clipped-Averaging__clean__forged__seed9001,CICIDS2017_COVERAGE_R1,CB-Score,Norm-Clipped-Averaging,clean,forged_inflated,0.4,9001,30,metadata_falsification_extension,1,0.0036992590472206014,0.1887796461720659,0.0028336164671057804,0.85,0.8501929355165712,1.024948220475726,0.02494822047572614,0.19393341815937798,0.9157023283867214,1.049821946849489,0.4123739312092463,0.0036992590472206014,0.1887796461720659,0.0028336164671057804,0.0,0.0,0.0,0.0028459009324637526,0.1772064667922184,0.009574137182585393,0.0,0.0,0.0008533581147568488,0.011573179379847504,-0.006740520715479613,0.85,0.8501929355165712
ROB__CICIDS2017_COVERAGE_R1__CB-Score__Norm-Clipped-Averaging__clean__forged__seed2027,CICIDS2017_COVERAGE_R1,CB-Score,Norm-Clipped-Averaging,clean,forged_inflated,0.4,2027,30,metadata_falsification_extension,1,0.02406474205671336,0.1935137168739826,0.009245998243089429,0.9666666666666667,0.9667067208208482,1.0152684159259446,0.015268415925944539,0.15444644022068083,0.8906703693819356,1.0241684469327494,0.3864259093999863,0.02406474205671336,0.1935137168739826,0.009245998243089429,0.0,0.0,0.0,0.0032885298726522323,0.2220045430245922,0.0021773385881138506,0.0,0.0,0.020776212184061126,-0.028490826150609577,0.007068659654975579,0.9666666666666667,0.9667067208208482
ROB__CICIDS2017_COVERAGE_R1__CB-Score__Norm-Clipped-Averaging__label-flip__forged__seed42,CICIDS2017_COVERAGE_R1,CB-Score,Norm-Clipped-Averaging,label-flip,forged_inflated,0.4,42,30,metadata_falsification_extension,1,0.0015630372940698366,0.14861056628409766,0.020713770555682784,0.5666666666666667,0.5671799901760963,0.7797002647499421,-0.22029973525005772,0.08900842347153762,1.2134421995601297,1.3215583360005434,0.03481537486335986,0.0028321459543124363,0.228984139572741,0.0038829774507022517,0.0012691086602425997,0.08037357328864334,0.01683079310498053,0.002807529484586221,0.22941081962166154,0.0017500743439784795,0.14166666666666666,0.14225544993460223,-0.0012444921905163844,-0.08080025333756388,0.018963696211704305,0.425,0.42492454024149406
ROB__CICIDS2017_COVERAGE_R1__CB-Score__Norm-Clipped-Averaging__label-flip__forged__seed123,CICIDS2017_COVERAGE_R1,CB-Score,Norm-Clipped-Averaging,label-flip,forged_inflated,0.4,123,30,metadata_falsification_extension,1,0.0028920498140825117,0.18903587334364813,0.03992015285805598,0.7416666666666667,0.7415431982076465,0.8432842408631419,-0.15671575913685787,0.31227037221333,1.0300235393194805,1.2966169073118743,-0.3054461597238616,0.0034555704460122495,0.17477179960000805,0.0010288522998779734,0.0005635206319297378,-0.014264073743640082,0.03889130055817801,0.0028641843735429293,0.17544317558812986,0.0003999193325107072,0.0,0.0,2.7865440539582426e-05,0.013592697755518274,0.039520233525545276,0.7416666666666667,0.7415431982076465
ROB__CICIDS2017_COVERAGE_R1__CB-Score__Norm-Clipped-Averaging__label-flip__forged__seed777,CICIDS2017_COVERAGE_R1,CB-Score,Norm-Clipped-Averaging,label-flip,forged_inflated,0.4,777,30,metadata_falsification_extension,1,0.0007809284606211547,0.16643999169443288,0.016714577230575713,0.75,0.7479202892015222,0.9583853489075402,-0.04161465109245962,0.40682568692299464,0.7917906495799595,1.446815175099782,-0.2112514313413865,0.008208872662905188,0.1787857706157946,0.000639187309226515,0.007427944202284034,0.01234577892136171,0.016075389921349197,0.0024401876726155482,0.16650397578300874,0.0007348944999128381,0.008333333333333333,0.008305763515168365,-0.0016592592119943936,-6.398408857585802e-05,0.015979682730662876,0.7416666666666667,0.7396145256863539
ROB__CICIDS2017_COVERAGE_R1__CB-Score__Norm-Clipped-Averaging__label-flip__forged__seed2026,CICIDS2017_COVERAGE_R1,CB-Score,Norm-Clipped-Averaging,label-flip,forged_inflated,0.4,2026,30,metadata_falsification_extension,1,0.001592974980336715,0.14917775810181608,0.03598932181201057,0.775,0.7751380713011901,0.6558671768880682,-0.3441328231119318,0.13472927025095152,1.2413140889708578,1.4003442536705133,-0.09640902912554641,0.0027244636904300446,0.17417229890823083,0.0011553225161420432,0.0011314887100933296,0.02499454080641475,0.03483399929586852,0.002620038856508465,0.1723005118474765,0.000427264244135371,0.025,0.024876734386014267,-0.00102706387617175,-0.023122753745660418,0.0355620575678752,0.75,0.7502613369151758
ROB__CICIDS2017_COVERAGE_R1__CB-Score__Norm-Clipped-Averaging__label-flip__forged__seed3407,CICIDS2017_COVERAGE_R1,CB-Score,Norm-Clipped-Averaging,label-flip,forged_inflated,0.4,3407,30,metadata_falsification_extension,1,0.0024666118530699316,0.1572354086386632,0.00020166872323189512,0.7416666666666667,0.7413728370645329,0.7999247969991116,-0.20007520300088852,0.18436289131210104,1.3504427086756539,1.1984014819413116,-0.15578572324787573,0.0030998826472997806,0.17933895357540308,0.0012100123393913706,0.000633270794229849,0.022103544936739883,-0.0010083436161594755,0.0026652156048373662,0.16663140882321237,0.0003315570534490479,0.09444444444444443,0.09381242579953515,-0.00019860375176743465,-0.00939600018454917,-0.00012988833021715276,0.6472222222222223,0.6475604112649977
ROB__CICIDS2017_COVERAGE_R1__CB-Score__Norm-Clipped-Averaging__label-flip__forged__seed11,CICIDS2017_COVERAGE_R1,CB-Score,Norm-Clipped-Averaging,label-flip,forged_inflated,0.4,11,30,metadata_falsification_extension,1,0.052642397582684124,0.21804280705518075,0.016765848939871958,0.8416666666666667,0.8402305802205284,0.9959161776805183,-0.004083822319481771,0.17922814643586335,0.6885341236716774,1.450424608016937,-0.02092703161890514,0.0024411082631514707,0.16396980188156807,0.0006186786255080172,-0.05020128931953265,-0.05407300517361269,0.01614717031436394,0.012639575624611153,0.190487255126161,0.004122245427418059,0.025,0.02496977502965877,0.04000282195807297,0.02755555192901976,0.012643603512453899,0.8166666666666667,0.8152608051908696
ROB__CICIDS2017_COVERAGE_R1__CB-Score__Norm-Clipped-Averaging__label-flip__forged__seed314,CICIDS2017_COVERAGE_R1,CB-Score,Norm-Clipped-Averaging,label-flip,forged_inflated,0.4,314,30,metadata_falsification_extension,1,0.000375947701497525,0.19233488417137554,0.020194217234814175,0.8416666666666667,0.8404278907676326,0.9824109070330261,-0.017589092966973877,0.2021956750090638,0.6972984253306476,1.4560635193179394,-0.018124430397680642,0.003429734693425973,0.1737438876981044,0.0013638274672801041,0.003053786991928448,-0.018590996473271143,0.01883038976753407,0.002445286709866732,0.16307176716191643,9.228907673324013e-05,0.025,0.024957548280084355,-0.0020693390083692067,0.029263117009459105,0.020101928158080935,0.8166666666666667,0.8154703424875482
ROB__CICIDS2017_COVERAGE_R1__CB-Score__Norm-Clipped-Averaging__label-flip__forged__seed2718,CICIDS2017_COVERAGE_R1,CB-Score,Norm-Clipped-Averaging,label-flip,forged_inflated,0.4,2718,30,metadata_falsification_extension,1,0.0011519107572297556,0.17916200221252487,0.0310262203521341,0.7583333333333333,0.7551989597042819,0.9838927807437898,-0.016107219256210187,0.25400550812628464,0.7105572301730072,1.4101832040898654,-0.14911293033510448,0.002930663173552985,0.17118086066791047,0.00040333744646379023,0.0017787524163232293,-0.007981141544614406,0.03062288290567031,0.003194214921863736,0.18909416383971372,0.000639187309226515,0.11666666666666667,0.11600682142866876,-0.00204230416463398,-0.009932161627188851,0.030387033042907585,0.6416666666666666,0.639192138275613
ROB__CICIDS2017_COVERAGE_R1__CB-Score__Norm-Clipped-Averaging__label-flip__forged__seed9001,CICIDS2017_COVERAGE_R1,CB-Score,Norm-Clipped-Averaging,label-flip,forged_inflated,0.4,9001,30,metadata_falsification_extension,1,0.014524298704204724,0.18208409867831724,0.026565581643360828,0.7916666666666666,0.7892078939090521,1.001522569298588,0.001522569298588097,0.25038900758400495,0.7534062909413638,1.4921135197388542,-0.16530719957210951,0.0036992590472206014,0.1887796461720659,0.0028336164671057804,-0.010825039656984121,0.006695547493748677,0.023731965176255046,0.0032367122983982706,0.18277974267661037,0.0008100930068806634,0.0861111111111111,0.08549124847203596,0.011287586405806453,-0.0006956439982931384,0.025755488636480164,0.7055555555555555,0.7037166454370162
ROB__CICIDS2017_COVERAGE_R1__CB-Score__Norm-Clipped-Averaging__label-flip__forged__seed2027,CICIDS2017_COVERAGE_R1,CB-Score,Norm-Clipped-Averaging,label-flip,forged_inflated,0.4,2027,30,metadata_falsification_extension,1,0.0011876113385629902,0.15403964742925333,0.02085733134171227,0.7666666666666667,0.7666961775956023,0.9813487183949985,-0.01865128160500152,0.4121841101510388,0.7721172836530408,1.4413445278266637,-0.2721280923837589,0.02406474205671336,0.1935137168739826,0.009245998243089429,0.022877130718150368,0.03947406944472928,0.01161133309862284,0.017764051342708198,0.2346446830945898,0.0022730457788001737,0.041666666666666664,0.04155069134749049,-0.016576440004145206,-0.08060503566533647,0.018584285562912094,0.7250000000000001,0.7251454862481118
ROB__CICIDS2017_COVERAGE_R1__CB-Score__Norm-Clipped-Averaging__sign-flip__forged__seed42,CICIDS2017_COVERAGE_R1,CB-Score,Norm-Clipped-Averaging,sign-flip,forged_inflated,0.4,42,30,metadata_falsification_extension,1,0.3804643145293643,0.23492184700999763,1.0,0.9777777777777777,0.9779761292510842,1.03139083876184,0.03139083876184015,0.02653988491884318,10.475827335317732,2.2246677188430652,-0.9267827881707086,0.0028321459543124363,0.228984139572741,0.0038829774507022517,-0.3776321685750519,-0.005937707437256634,0.9961170225492978,0.001656982524357643,0.2289902465565028,0.002115812536958357,0.27777777777777773,0.28043029944144704,0.37880733200500666,0.005931600453494834,0.9978841874630416,0.7,0.6975458298096372
ROB__CICIDS2017_COVERAGE_R1__CB-Score__Norm-Clipped-Averaging__sign-flip__forged__seed123,CICIDS2017_COVERAGE_R1,CB-Score,Norm-Clipped-Averaging,sign-flip,forged_inflated,0.4,123,30,metadata_falsification_extension,1,0.3804643145293643,0.23492184700999763,1.0,1.0,1.0,1.0168880244845873,0.016888024484587164,0.014741237291675053,11.705820696819128,2.404853240950318,-0.9808739450242784,0.0034555704460122495,0.17477179960000805,0.0010288522998779734,-0.37700874408335205,-0.06015004740998958,0.9989711477001221,0.020889891952594337,0.18597148375632713,0.003175427862414077,0.225,0.22819494431728093,0.35957442257676997,0.0489503632536705,0.9968245721375859,0.775,0.7718050556827191
ROB__CICIDS2017_COVERAGE_R1__CB-Score__Norm-Clipped-Averaging__sign-flip__forged__seed777,CICIDS2017_COVERAGE_R1,CB-Score,Norm-Clipped-Averaging,sign-flip,forged_inflated,0.4,777,30,metadata_falsification_extension,1,0.3804643145293643,0.23492184700999763,1.0,0.9888888888888888,0.9890153078046253,1.0271618374230422,0.027161837423042307,0.04371167854737054,12.136178626653782,2.354096128071861,-0.9749541680018107,0.008208872662905188,0.1787857706157946,0.000639187309226515,-0.3722554418664591,-0.05613607639420304,0.9993608126907735,0.011789600967351875,0.1720151372875079,0.0526389548774777,0.041666666666666664,0.04228404332165384,0.3686747135620124,0.06290670972248974,0.9473610451225223,0.9472222222222222,0.9467312644829715
ROB__CICIDS2017_COVERAGE_R1__CB-Score__Norm-Clipped-Averaging__sign-flip__forged__seed2026,CICIDS2017_COVERAGE_R1,CB-Score,Norm-Clipped-Averaging,sign-flip,forged_inflated,0.4,2026,30,metadata_falsification_extension,1,0.3804643145293643,0.23492184700999763,1.0,1.0,1.0,1.0109967014265044,0.010996701426504569,0.01181397397990272,13.06036292842201,2.5741617196487296,-0.9928972668117947,0.0027244636904300446,0.17417229890823083,0.0011553225161420432,-0.37773985083893424,-0.060749548101766804,0.998844677483858,0.0028611668681312588,0.1750611317936722,0.0007246401580535892,0.10555555555555556,0.10723383779471267,0.37760314766123304,0.05986071521632544,0.9992753598419464,0.8944444444444445,0.8927661622052874
ROB__CICIDS2017_COVERAGE_R1__CB-Score__Norm-Clipped-Averaging__sign-flip__forged__seed3407,CICIDS2017_COVERAGE_R1,CB-Score,Norm-Clipped-Averaging,sign-flip,forged_inflated,0.4,3407,30,metadata_falsification_extension,1,0.0,0.23492184700999763,0.0,1.0,1.0,1.0254304799863578,0.025430479986357904,0.019436723232035005,12.60793485676379,2.2370119481754385,-0.9854807555675507,0.0030998826472997806,0.17933895357540308,0.0012100123393913706,0.0030998826472997806,-0.05558289343459455,-0.0012100123393913706,0.0,0.23491400346788016,0.0,0.13333333333333333,0.13457875013574677,0.0,7.843542117469404e-06,0.0,0.8666666666666667,0.8654212498642533
ROB__CICIDS2017_COVERAGE_R1__CB-Score__Norm-Clipped-Averaging__sign-flip__forged__seed11,CICIDS2017_COVERAGE_R1,CB-Score,Norm-Clipped-Averaging,sign-flip,forged_inflated,0.4,11,30,metadata_falsification_extension,1,0.3804643145293643,0.23492184700999763,1.0,1.0,1.0,1.0209621810280505,0.02096218102805048,0.015819794028725506,12.98371762983638,2.4593196591938,-0.9893445471922556,0.0024411082631514707,0.16396980188156807,0.0006186786255080172,-0.37802320626621283,-0.07095204512842956,0.999381321374492,0.38192903242264226,0.2781752640933339,0.9938097956309667,0.07777777777777777,0.07823547979872116,-0.0014647178932779559,-0.04325341708333624,0.006190204369033281,0.9222222222222223,0.9217645202012789
ROB__CICIDS2017_COVERAGE_R1__CB-Score__Norm-Clipped-Averaging__sign-flip__forged__seed314,CICIDS2017_COVERAGE_R1,CB-Score,Norm-Clipped-Averaging,sign-flip,forged_inflated,0.4,314,30,metadata_falsification_extension,1,0.3804643145293643,0.23492184700999763,1.0,1.0,1.0,1.0078928265571614,0.007892826557161304,0.014623298773443387,12.887020602844192,2.582232255225135,-0.985923601521386,0.003429734693425973,0.1737438876981044,0.0013638274672801041,-0.37703457983593835,-0.06117795931189324,0.9986361725327199,0.0034835139395676474,0.1737447438371072,0.0024712963880789856,0.23888888888888887,0.24017881363159826,0.37698080058979666,0.061177103172890435,0.997528703611921,0.7611111111111111,0.7598211863684017
ROB__CICIDS2017_COVERAGE_R1__CB-Score__Norm-Clipped-Averaging__sign-flip__forged__seed2718,CICIDS2017_COVERAGE_R1,CB-Score,Norm-Clipped-Averaging,sign-flip,forged_inflated,0.4,2718,30,metadata_falsification_extension,1,0.3804643145293643,0.23492184700999763,1.0,1.0,1.0,1.0068990895388374,0.006899089538837449,0.009734234944435736,12.031857345835824,2.335728367420401,-0.9870922883351644,0.002930663173552985,0.17118086066791047,0.00040333744646379023,-0.3775336513558113,-0.06374098634208716,0.9995966625535362,0.0006535215475390245,0.17872439388147413,0.05894537512091578,0.1805555555555555,0.18300837099162315,0.3798107929818253,0.056197453128523506,0.9410546248790842,0.8194444444444445,0.8169916290083769
ROB__CICIDS2017_COVERAGE_R1__CB-Score__Norm-Clipped-Averaging__sign-flip__forged__seed9001,CICIDS2017_COVERAGE_R1,CB-Score,Norm-Clipped-Averaging,sign-flip,forged_inflated,0.4,9001,30,metadata_falsification_extension,1,0.0,0.23492184700999763,0.0,1.0,1.0,1.0396643201655094,0.03966432016550937,0.03076070529849917,12.545085687638531,2.0429968660488464,-0.9741011612945133,0.0036992590472206014,0.1887796461720659,0.0028336164671057804,0.0036992590472206014,-0.04614220083793172,-0.0028336164671057804,0.0031624923978548127,0.178861947223164,0.0015723324184181652,0.05,0.0506519023041107,-0.0031624923978548127,0.05605989978683362,-0.0015723324184181652,0.95,0.9493480976958893
ROB__CICIDS2017_COVERAGE_R1__CB-Score__Norm-Clipped-Averaging__sign-flip__forged__seed2027,CICIDS2017_COVERAGE_R1,CB-Score,Norm-Clipped-Averaging,sign-flip,forged_inflated,0.4,2027,30,metadata_falsification_extension,1,0.3804643145293643,0.23492184700999763,1.0,1.0,1.0,1.0145796992364748,0.01457969923647496,0.021028286698890966,12.812159511796317,2.6055427438665193,-0.9854550686147477,0.02406474205671336,0.1935137168739826,0.009245998243089429,-0.3563995724726509,-0.04140813013601502,0.9907540017569105,0.0,0.23323785914619247,0.016441128114329077,0.04444444444444444,0.04468938636039286,0.3804643145293643,0.0016839878638051642,0.9835588718856709,0.9555555555555556,0.9553106136396071
ROB__CICIoT2023_R1__CB-Score__FedAvg__clean__forged__seed42,CICIoT2023_R1,CB-Score,FedAvg,clean,forged_inflated,0.4,42,30,metadata_falsification_extension,1,0.9240606003338688,0.9873162734297551,0.05478780313837375,1.0,1.0,1.0082470527557263,0.0082470527557262,-0.025640337255959343,0.8740670798427497,0.9884069297203366,0.40941263524711957,0.9240606003338688,0.9873162734297551,0.05478780313837375,0.0,0.0,0.0,0.9253154109185238,0.9887521200865584,0.056481811697574894,0.0,0.0,-0.0012548105846549307,-0.0014358466568032968,-0.0016940085592011406,1.0,1.0
ROB__CICIoT2023_R1__CB-Score__FedAvg__clean__forged__seed123,CICIoT2023_R1,CB-Score,FedAvg,clean,forged_inflated,0.4,123,30,metadata_falsification_extension,1,0.9168604605017739,0.9867003686347865,0.050953994293865906,0.9777777777777777,0.9778044218049042,0.9116555109112334,-0.08834448908876656,0.0034764019636414558,0.998043124744628,0.7933984865220244,0.26148149233518375,0.9168604605017739,0.9867003686347865,0.050953994293865906,0.0,0.0,0.0,0.918118951020635,0.9875743431075205,0.04640691868758916,0.0,0.0,-0.0012584905188610662,-0.0008739744727339627,0.004547075606276749,0.9777777777777777,0.9778044218049042
ROB__CICIoT2023_R1__CB-Score__FedAvg__clean__forged__seed777,CICIoT2023_R1,CB-Score,FedAvg,clean,forged_inflated,0.4,777,30,metadata_falsification_extension,1,0.9213847932470741,0.9874042500792121,0.04529243937232525,0.7583333333333333,0.754915432021782,1.2389750672596895,0.23897506725968962,0.3762418251239979,0.9660396214740375,1.0661272007939835,0.35146549687617357,0.9213847932470741,0.9874042500792121,0.04529243937232525,0.0,0.0,0.0,0.9200313695667672,0.9877472308892781,0.047922610556348076,0.0,0.0,0.0013534236803068866,-0.000342980810066007,-0.0026301711840228253,0.7583333333333333,0.754915432021782
ROB__CICIoT2023_R1__CB-Score__FedAvg__clean__forged__seed2026,CICIoT2023_R1,CB-Score,FedAvg,clean,forged_inflated,0.4,2026,30,metadata_falsification_extension,1,0.924349863149841,0.9881073080412927,0.0488141940085592,0.7833333333333333,0.7832606272287365,1.016905245157187,0.016905245157187023,0.05217737152337657,0.7477068074107562,0.8617304161423022,0.45402229223271007,0.924349863149841,0.9881073080412927,0.0488141940085592,0.0,0.0,0.0,0.9184033013252917,0.9879795130206734,0.047031027104136945,0.0,0.0,0.005946561824549335,0.00012779502061921466,0.001783166904422255,0.7833333333333333,0.7832606272287365
ROB__CICIoT2023_R1__CB-Score__FedAvg__clean__forged__seed3407,CICIoT2023_R1,CB-Score,FedAvg,clean,forged_inflated,0.4,3407,30,metadata_falsification_extension,1,0.8787516811039737,0.9857267133949038,0.001025320970042796,0.6388888888888888,0.6390448169820561,1.1082609446686507,0.10826094466865066,-0.026792507875788688,0.9203369903090663,1.0891739187500669,0.2534052798731459,0.8787516811039737,0.9857267133949038,0.001025320970042796,0.0,0.0,0.0,0.8778269193789765,0.986250378177588,0.000891583452211127,0.0,0.0,0.0009247617249972251,-0.0005236647826841745,0.00013373751783166902,0.6388888888888888,0.6390448169820561
ROB__CICIoT2023_R1__CB-Score__FedAvg__clean__forged__seed11,CICIoT2023_R1,CB-Score,FedAvg,clean,forged_inflated,0.4,11,30,metadata_falsification_extension,1,0.9291160155788977,0.9891405413144909,0.04284058487874465,0.8,0.8020215030780379,1.082931377356359,0.08293137735635923,0.15776434531126066,0.8982591901189549,0.9439479059905366,0.5227576590867506,0.9291160155788977,0.9891405413144909,0.04284058487874465,0.0,0.0,0.0,0.9059458933437136,0.9860031430713995,0.01622681883024251,0.0,0.0,0.02317012223518411,0.0031373982430914493,0.026613766048502137,0.8,0.8020215030780379
ROB__CICIoT2023_R1__CB-Score__FedAvg__clean__forged__seed314,CICIoT2023_R1,CB-Score,FedAvg,clean,forged_inflated,0.4,314,30,metadata_falsification_extension,1,0.9284319032265657,0.9886300707267366,0.053807061340941514,0.6888888888888889,0.6905600566722812,1.017733163410938,0.01773316341093784,0.13302047125885297,0.9658918532129676,1.0040475643706788,0.5065415482554171,0.9284319032265657,0.9886300707267366,0.053807061340941514,0.0,0.0,0.0,0.9268170032214976,0.9878955267677968,0.05353958630527817,0.0,0.0,0.0016149000050680318,0.0007345439589397929,0.00026747503566334346,0.6888888888888889,0.6905600566722812
ROB__CICIoT2023_R1__CB-Score__FedAvg__clean__forged__seed2718,CICIoT2023_R1,CB-Score,FedAvg,clean,forged_inflated,0.4,2718,30,metadata_falsification_extension,1,0.915170042032862,0.987438579705751,0.04658523537803139,0.6694444444444444,0.669610987275631,1.0299823021633399,0.029982302163339775,0.009643809106842581,1.1095879910600006,0.8360972361779039,0.5772871629852387,0.915170042032862,0.987438579705751,0.04658523537803139,0.0,0.0,0.0,0.9173954833226096,0.9876309746098388,0.04694186875891584,0.0,0.0,-0.002225441289747554,-0.00019239490408784476,-0.000356633380884451,0.6694444444444444,0.669610987275631
ROB__CICIoT2023_R1__CB-Score__FedAvg__clean__forged__seed9001,CICIoT2023_R1,CB-Score,FedAvg,clean,forged_inflated,0.4,9001,30,metadata_falsification_extension,1,0.920631150591011,0.9860482507768191,0.04796718972895863,0.8416666666666667,0.839741015986029,1.0856031573931613,0.08560315739316132,0.31379868301261493,0.9213592968281107,1.106696471885225,0.3519433715561819,0.920631150591011,0.9860482507768191,0.04796718972895863,0.0,0.0,0.0,0.9188498909379338,0.9879143702929054,0.04734308131241084,0.0,0.0,0.001781259653077183,-0.0018661195160862842,0.0006241084165477875,0.8416666666666667,0.839741015986029
ROB__CICIoT2023_R1__CB-Score__FedAvg__clean__forged__seed2027,CICIoT2023_R1,CB-Score,FedAvg,clean,forged_inflated,0.4,2027,30,metadata_falsification_extension,1,0.9214216309731647,0.9873526115192086,0.052425106990014264,0.8666666666666667,0.8672893816731465,1.0219951606977398,0.02199516069773959,0.0328903831830121,0.761712099101936,0.8574077101080875,0.5171646286216047,0.9214216309731647,0.9873526115192086,0.052425106990014264,0.0,0.0,0.0,0.925458011058427,0.9876790424701811,0.05001783166904422,0.0,0.0,-0.004036380085262303,-0.0003264309509725116,0.0024072753209700426,0.8666666666666667,0.8672893816731465
ROB__CICIoT2023_R1__CB-Score__FedAvg__label-flip__forged__seed42,CICIoT2023_R1,CB-Score,FedAvg,label-flip,forged_inflated,0.4,42,30,metadata_falsification_extension,1,0.49797892783778414,0.9352010123326927,0.04056704707560628,0.8305555555555555,0.8304998032450422,0.8208347883629518,-0.17916521163704818,0.5230080251560625,0.7835317732233337,1.575903908930469,-0.3218030782468203,0.9240606003338688,0.9873162734297551,0.05478780313837375,0.4260816724960847,0.05211526109706244,-0.014220756062767473,0.9143303546517653,0.9828615125038583,0.044846647646219685,0.15277777777777776,0.15021358643646923,-0.41635142681398113,-0.04766050017116563,-0.004279600570613405,0.6777777777777777,0.680286216808573
ROB__CICIoT2023_R1__CB-Score__FedAvg__label-flip__forged__seed123,CICIoT2023_R1,CB-Score,FedAvg,label-flip,forged_inflated,0.4,123,30,metadata_falsification_extension,1,0.9032724319935038,0.9842504375327314,0.019614835948644792,0.6277777777777777,0.6268051608445941,0.7687562172997087,-0.23124378270029122,0.45324941830837234,0.7859051918234502,1.5223746076046536,-0.2949894215627056,0.9168604605017739,0.9867003686347865,0.050953994293865906,0.013588028508270122,0.0024499311020550474,-0.031339158345221114,0.9140664267877231,0.9860103010129304,0.043018901569186876,0.058333333333333334,0.05758312202225446,-0.010793994794219275,-0.0017598634801989643,-0.023404065620542085,0.5694444444444443,0.5692220388223397
ROB__CICIoT2023_R1__CB-Score__FedAvg__label-flip__forged__seed777,CICIoT2023_R1,CB-Score,FedAvg,label-flip,forged_inflated,0.4,777,30,metadata_falsification_extension,1,0.02715801423394315,0.6191161574605261,0.030536733238231098,0.7833333333333333,0.7824442692752867,0.9275772147558498,-0.07242278524415036,0.7626462646496242,0.6723970975823456,1.5217489121396766,-0.4574965801555663,0.9213847932470741,0.9874042500792121,0.04529243937232525,0.894226779013131,0.368288092618686,-0.014755706134094153,0.9139970841067886,0.9865477008888914,0.047521398002853064,0.1,0.098427542021428,-0.8868390698728454,-0.36743154342836537,-0.016984664764621966,0.6833333333333333,0.6840167272538586
ROB__CICIoT2023_R1__CB-Score__FedAvg__label-flip__forged__seed2026,CICIoT2023_R1,CB-Score,FedAvg,label-flip,forged_inflated,0.4,2026,30,metadata_falsification_extension,1,0.07979902882645185,0.7406137129240858,0.05884450784593438,0.75,0.7470021345180814,0.9865056917000339,-0.013494308299966071,0.5570784749423595,0.5476960105372728,1.4341415795122465,-0.1989838981276585,0.924349863149841,0.9881073080412927,0.0488141940085592,0.8445508343233892,0.2474935951172068,0.010030313837375182,0.9177253382455695,0.9866044168332889,0.04734308131241084,0.11666666666666667,0.11553562158956128,-0.8379263094191176,-0.24599070390920308,0.01150142653352354,0.6333333333333333,0.6314665129285201
ROB__CICIoT2023_R1__CB-Score__FedAvg__label-flip__forged__seed3407,CICIoT2023_R1,CB-Score,FedAvg,label-flip,forged_inflated,0.4,3407,30,metadata_falsification_extension,1,0.8920729804739461,0.9810001915687738,0.016672610556348073,0.638888888888889,0.6375688214000691,0.835037673809757,-0.16496232619024287,0.4906465495828385,0.747710404395856,1.5049020904668649,-0.42521746148251827,0.8787516811039737,0.9857267133949038,0.001025320970042796,-0.013321299369972395,0.004726521826129981,0.015647289586305277,0.8910819255851533,0.9783552709083662,0.007177246790299572,0.1944444444444444,0.19296426184464777,0.0009910548887928083,0.002644920660407668,0.0094953637660485,0.44444444444444453,0.44460455955542133
ROB__CICIoT2023_R1__CB-Score__FedAvg__label-flip__forged__seed11,CICIoT2023_R1,CB-Score,FedAvg,label-flip,forged_inflated,0.4,11,30,metadata_falsification_extension,1,0.8994259155796309,0.9835374634659126,0.038783880171184025,0.825,0.8247869814531239,0.8588481089129703,-0.14115189108702997,0.5563338401134056,0.7518534097311972,1.513584740314054,-0.3841926535682028,0.9291160155788977,0.9891405413144909,0.04284058487874465,0.02969009999926675,0.005603077848578275,-0.0040567047075606225,0.9129430505774592,0.9849698640256926,0.05122146932952924,0.05,0.04942718001081822,-0.01351713499782825,-0.0014324005597800005,-0.012437589158345218,0.7749999999999999,0.7753598014423057
ROB__CICIoT2023_R1__CB-Score__FedAvg__label-flip__forged__seed314,CICIoT2023_R1,CB-Score,FedAvg,label-flip,forged_inflated,0.4,314,30,metadata_falsification_extension,1,0.9065806744340555,0.9711962656928012,0.017162981455064195,0.5888888888888889,0.5890175731688225,0.30747812789339335,-0.6925218721066065,0.14334408224328152,1.341199258314269,1.3060164397266807,-0.6120431903335783,0.9284319032265657,0.9886300707267366,0.053807061340941514,0.021851228792510113,0.017433805033935434,-0.03664407988587732,0.9243364751350712,0.9878458270514286,0.04894793152639087,0.025,0.024726056676306486,-0.017755800701015678,-0.016649561358627496,-0.03178495007132667,0.5638888888888889,0.5642915164925161
ROB__CICIoT2023_R1__CB-Score__FedAvg__label-flip__forged__seed2718,CICIoT2023_R1,CB-Score,FedAvg,label-flip,forged_inflated,0.4,2718,30,metadata_falsification_extension,1,0.926595694494677,0.987675249656607,0.05215763195435093,0.5,0.49960385709673116,0.4985251338121029,-0.5014748661878969,0.11078088224633269,1.535225917703595,1.158604554383965,-0.6362795823150211,0.915170042032862,0.987438579705751,0.04658523537803139,-0.011425652461815039,-0.0002366699508560277,0.005572396576319541,0.916510967824006,0.98753290248213,0.046718972895863055,0.11666666666666667,0.11605398960262055,0.010084726670671063,0.00014234717447703105,0.005438659058487873,0.3833333333333333,0.38354986749411063
ROB__CICIoT2023_R1__CB-Score__FedAvg__label-flip__forged__seed9001,CICIoT2023_R1,CB-Score,FedAvg,label-flip,forged_inflated,0.4,9001,30,metadata_falsification_extension,1,0.8689206201961304,0.9782629438820765,0.05304921540656205,0.7777777777777778,0.776732869655012,0.931354089321829,-0.0686459106781711,0.6535397557356475,0.6272529961471446,1.4588972352385765,-0.38230943479057816,0.920631150591011,0.9860482507768191,0.04796718972895863,0.051710530394880605,0.007785306894742661,0.005082025677603422,0.9159021406727829,0.9876155720457314,0.04337553495007133,0.06666666666666667,0.06553081518726338,-0.046981520476652494,-0.009352628163654897,0.009673680456490724,0.7111111111111111,0.7112020544677486
ROB__CICIoT2023_R1__CB-Score__FedAvg__label-flip__forged__seed2027,CICIoT2023_R1,CB-Score,FedAvg,label-flip,forged_inflated,0.4,2027,30,metadata_falsification_extension,1,0.8567784504455479,0.9718875870257102,0.006018188302425107,0.775,0.7751493133948802,0.8660834881815365,-0.13391651181846345,0.6818968263721833,0.7124158167081194,1.5404857472774993,-0.46705117732700374,0.9214216309731647,0.9873526115192086,0.052425106990014264,0.06464318052761675,0.015465024493498403,-0.04640691868758916,0.9151838954348137,0.9863267909252925,0.05046362339514979,0.075,0.07403817469294023,-0.05840544498926581,-0.014439203899582309,-0.04444543509272468,0.7000000000000001,0.70111113870194
ROB__CICIoT2023_R1__CB-Score__FedAvg__sign-flip__forged__seed42,CICIoT2023_R1,CB-Score,FedAvg,sign-flip,forged_inflated,0.4,42,30,metadata_falsification_extension,1,0.0,0.7494275214190766,0.0,1.0,1.0,1.0194274737535425,0.01942747375354243,0.024394138224017918,10.830268239976967,2.1196470243296375,-0.9903165227837033,0.9240606003338688,0.9873162734297551,0.05478780313837375,0.9240606003338688,0.2378887520106785,-0.05478780313837375,0.856768871237565,0.6772711439904061,1.0,0.11666666666666667,0.11786776562050903,-0.856768871237565,0.07215637742867054,-1.0,0.8833333333333333,0.882132234379491
ROB__CICIoT2023_R1__CB-Score__FedAvg__sign-flip__forged__seed123,CICIoT2023_R1,CB-Score,FedAvg,sign-flip,forged_inflated,0.4,123,30,metadata_falsification_extension,1,0.6962353455180951,0.700405808544031,1.0,0.8305555555555555,0.8340386094767183,1.0227833616281716,0.022783361628171666,0.018638380961546904,10.2209692628313,2.1941778636107063,-0.6324984896928072,0.9168604605017739,0.9867003686347865,0.050953994293865906,0.22062511498367887,0.2862945600907555,0.9490460057061341,0.9024870861276223,0.9828088657411563,0.02585592011412268,0.13333333333333333,0.13497976831329056,-0.20625174060952722,-0.28240305719712533,0.9741440798858774,0.6972222222222222,0.6990588411634278
ROB__CICIoT2023_R1__CB-Score__FedAvg__sign-flip__forged__seed777,CICIoT2023_R1,CB-Score,FedAvg,sign-flip,forged_inflated,0.4,777,30,metadata_falsification_extension,1,0.0,0.7494275214190766,0.0,1.0,1.0,1.019304445699008,0.019304445699007786,0.020089474747947353,11.217104933287986,2.2349077553705388,-0.9939094238811069,0.9213847932470741,0.9874042500792121,0.04529243937232525,0.9213847932470741,0.23797672866013542,-0.04529243937232525,0.9192132459162129,0.9878344402979207,0.044177960057061344,0.0,0.0,-0.9192132459162129,-0.23840691887884402,-0.044177960057061344,1.0,1.0
ROB__CICIoT2023_R1__CB-Score__FedAvg__sign-flip__forged__seed2026,CICIoT2023_R1,CB-Score,FedAvg,sign-flip,forged_inflated,0.4,2026,30,metadata_falsification_extension,1,0.0,0.7494275214190766,0.0,1.0,1.0,1.0190745772158625,0.019074577215862424,0.017567237609034343,11.218204029044825,2.2072852365566216,-0.9961211091942257,0.924349863149841,0.9881073080412927,0.0488141940085592,0.924349863149841,0.238679786622216,-0.0488141940085592,0.869934310257706,0.978148421129757,4.457917261055635e-05,0.03333333333333333,0.03402042265064513,-0.869934310257706,-0.22872089971068033,-4.457917261055635e-05,0.9666666666666667,0.9659795773493549
ROB__CICIoT2023_R1__CB-Score__FedAvg__sign-flip__forged__seed3407,CICIoT2023_R1,CB-Score,FedAvg,sign-flip,forged_inflated,0.4,3407,30,metadata_falsification_extension,1,0.856768871237565,0.7494275214190766,1.0,0.9888888888888888,0.9889780838573539,1.0028625191310034,0.0028625191310034056,0.004542050389649883,10.080165342690295,1.9163564910409974,-0.9651217618543241,0.8787516811039737,0.9857267133949038,0.001025320970042796,0.02198280986640877,0.23629919197582716,0.9989746790299572,0.856768871237565,0.6646014616615804,1.0,0.03611111111111111,0.03609253858543144,0.0,0.08482605975749624,0.0,0.9527777777777777,0.9528855452719224
ROB__CICIoT2023_R1__CB-Score__FedAvg__sign-flip__forged__seed11,CICIoT2023_R1,CB-Score,FedAvg,sign-flip,forged_inflated,0.4,11,30,metadata_falsification_extension,1,0.0,0.7494275214190766,0.0,1.0,1.0,1.0273487080555437,0.027348708055543843,0.02447243286651139,11.283515191233413,2.2236788587144574,-0.9972745332452986,0.9291160155788977,0.9891405413144909,0.04284058487874465,0.9291160155788977,0.23971301989541427,-0.04284058487874465,0.9200405820994896,0.9861249632952324,0.04613944365192582,0.09166666666666665,0.09325269793856285,-0.9200405820994896,-0.2366974418761557,-0.04613944365192582,0.9083333333333333,0.9067473020614372
ROB__CICIoT2023_R1__CB-Score__FedAvg__sign-flip__forged__seed314,CICIoT2023_R1,CB-Score,FedAvg,sign-flip,forged_inflated,0.4,314,30,metadata_falsification_extension,1,0.7069876942631002,0.7029528390507185,1.0,0.7277777777777779,0.7340359579347508,1.0421775591675915,0.04217755916759156,0.038901172340012,11.194782771699634,2.2099207547279454,-0.8081325244572427,0.9284319032265657,0.9886300707267366,0.053807061340941514,0.2214442089634655,0.2856772316760181,0.9461929386590585,0.9221931205836505,0.9878771588567159,0.045203281027104136,0.016666666666666666,0.017033021036632765,-0.2152054263205504,-0.2849243198059974,0.9547967189728959,0.7111111111111111,0.7170029368981181
ROB__CICIoT2023_R1__CB-Score__FedAvg__sign-flip__forged__seed2718,CICIoT2023_R1,CB-Score,FedAvg,sign-flip,forged_inflated,0.4,2718,30,metadata_falsification_extension,1,0.856768871237565,0.7494275214190766,1.0,0.5583333333333333,0.5606266138438377,1.0917605247410043,0.09176052474100412,0.08741147714615947,6.517092906281017,1.3626738288646032,-0.6750821911212471,0.915170042032862,0.987438579705751,0.04658523537803139,0.05840117079529705,0.23801105828667435,0.9534147646219686,0.9171530815109344,0.9879605442175524,0.04426711840228245,0.027777777777777776,0.028035211801672604,-0.06038421027336949,-0.23853302279847577,0.9557328815977175,0.5305555555555556,0.5325914020421652
ROB__CICIoT2023_R1__CB-Score__FedAvg__sign-flip__forged__seed9001,CICIoT2023_R1,CB-Score,FedAvg,sign-flip,forged_inflated,0.4,9001,30,metadata_falsification_extension,1,0.0,0.7494275214190766,0.0,1.0,1.0,1.017522651064017,0.017522651064017097,0.019153189101942913,10.736175371105599,2.0662234048123596,-0.9942804323302374,0.920631150591011,0.9860482507768191,0.04796718972895863,0.920631150591011,0.23662072935774248,-0.04796718972895863,0.9242541375447675,0.9881507436363388,0.048725035663338086,0.05833333333333333,0.059231885857619494,-0.9242541375447675,-0.23872322221726217,-0.048725035663338086,0.9416666666666667,0.9407681141423805
ROB__CICIoT2023_R1__CB-Score__FedAvg__sign-flip__forged__seed2027,CICIoT2023_R1,CB-Score,FedAvg,sign-flip,forged_inflated,0.4,2027,30,metadata_falsification_extension,1,0.0,0.7494275214190766,0.0,1.0,1.0,1.0236900968651967,0.023690096865196603,0.02490787927108914,10.513204348638741,2.0746140450476886,-0.991994180281957,0.9214216309731647,0.9873526115192086,0.052425106990014264,0.9214216309731647,0.23792509010013196,-0.052425106990014264,0.9231389092977508,0.9876649118055595,0.047387660485021396,0.008333333333333333,0.008452904941233798,-0.9231389092977508,-0.23823739038648284,-0.047387660485021396,0.9916666666666667,0.9915470950587661
ROB__CICIoT2023_R1__CB-Score__Norm-Clipped-Averaging__clean__forged__seed42,CICIoT2023_R1,CB-Score,Norm-Clipped-Averaging,clean,forged_inflated,0.4,42,30,metadata_falsification_extension,1,0.9223670095286174,0.9872694628262233,0.054297432239657634,1.0,1.0,1.0081644905296452,0.008164490529645262,-0.025243637252745088,0.8741482263270198,0.9890095373185748,0.41024873488996594,0.9223670095286174,0.9872694628262233,0.054297432239657634,0.0,0.0,0.0,0.928214814756758,0.9892281850808126,0.057195078459343796,0.0,0.0,-0.005847805228140657,-0.0019587222545892624,-0.002897646219686162,1.0,1.0
ROB__CICIoT2023_R1__CB-Score__Norm-Clipped-Averaging__clean__forged__seed123,CICIoT2023_R1,CB-Score,Norm-Clipped-Averaging,clean,forged_inflated,0.4,123,30,metadata_falsification_extension,1,0.9162159371599673,0.9866358903410065,0.05068651925820257,0.9777777777777777,0.9778044218049042,0.8912830978851234,-0.10871690211487657,0.0015765692411895595,1.0044799512486562,0.796551344521759,0.26025357499505236,0.9162159371599673,0.9866358903410065,0.05068651925820257,0.0,0.0,0.0,0.9184008631974803,0.9869118088397224,0.04783345221112696,0.0,0.0,-0.0021849260375129687,-0.00027591849871588803,0.002853067047075608,0.9777777777777777,0.9778044218049042
ROB__CICIoT2023_R1__CB-Score__Norm-Clipped-Averaging__clean__forged__seed777,CICIoT2023_R1,CB-Score,Norm-Clipped-Averaging,clean,forged_inflated,0.4,777,30,metadata_falsification_extension,1,0.9210222144813718,0.9866895945545912,0.04698644793152639,0.7583333333333333,0.7546903621288047,1.2360624423431903,0.23606244234319052,0.3700694424882578,0.9608098174668736,1.056124886878517,0.3427045251346297,0.9210222144813718,0.9866895945545912,0.04698644793152639,0.0,0.0,0.0,0.9152809382110975,0.9869769842783811,0.04796718972895863,0.0,0.0,0.00574127627027432,-0.00028738972378994365,-0.0009807417974322385,0.7583333333333333,0.7546903621288047
ROB__CICIoT2023_R1__CB-Score__Norm-Clipped-Averaging__clean__forged__seed2026,CICIoT2023_R1,CB-Score,Norm-Clipped-Averaging,clean,forged_inflated,0.4,2026,30,metadata_falsification_extension,1,0.9204431974891816,0.9875541658889727,0.04524786019971469,0.775,0.7752696968142018,1.0166384614166348,0.016638461416634717,0.05584378561487257,0.7474302394415503,0.8648404652710104,0.4611544250148452,0.9204431974891816,0.9875541658889727,0.04524786019971469,0.0,0.0,0.0,0.9227351076110505,0.9884581279927072,0.04600570613409415,0.0,0.0,-0.002291910121868912,-0.0009039621037344459,-0.0007578459343794627,0.775,0.7752696968142018
ROB__CICIoT2023_R1__CB-Score__Norm-Clipped-Averaging__clean__forged__seed3407,CICIoT2023_R1,CB-Score,Norm-Clipped-Averaging,clean,forged_inflated,0.4,3407,30,metadata_falsification_extension,1,0.8774400749376913,0.9856728145692119,0.0008470042796005706,0.6277777777777778,0.6281191915907581,1.0662440105151463,0.06624401051514622,-0.034085285537035694,0.8968380221453356,1.0808733015743952,0.25642700621651277,0.8774400749376913,0.9856728145692119,0.0008470042796005706,0.0,0.0,0.0,0.8771938630393682,0.9862985905722369,0.0008024251069900142,0.0,0.0,0.00024621189832307877,-0.000625776003025047,4.4579172610556377e-05,0.6277777777777778,0.6281191915907581
ROB__CICIoT2023_R1__CB-Score__Norm-Clipped-Averaging__clean__forged__seed11,CICIoT2023_R1,CB-Score,Norm-Clipped-Averaging,clean,forged_inflated,0.4,11,30,metadata_falsification_extension,1,0.9283429705840647,0.9892363376099278,0.041280313837375175,0.8083333333333333,0.810159442781387,1.0889949461926112,0.08899494619261117,0.16532756211871028,0.8963192733204725,0.943459603734849,0.5093942000323699,0.9283429705840647,0.9892363376099278,0.041280313837375175,0.0,0.0,0.0,0.9166891902634466,0.9853453727391067,0.04662981455064194,0.0,0.0,0.011653780320618035,0.0038909648708210787,-0.005349500713266765,0.8083333333333333,0.810159442781387
ROB__CICIoT2023_R1__CB-Score__Norm-Clipped-Averaging__clean__forged__seed314,CICIoT2023_R1,CB-Score,Norm-Clipped-Averaging,clean,forged_inflated,0.4,314,30,metadata_falsification_extension,1,0.9253121846619576,0.9874709245828683,0.04769971469329529,0.6222222222222222,0.6243329566807917,1.0152297945297641,0.015229794529764223,0.15162384882511443,0.9432498488681482,1.006965870452774,0.4302594634290371,0.9253121846619576,0.9874709245828683,0.04769971469329529,0.0,0.0,0.0,0.9220086990905496,0.9884850217694353,0.04747681883024251,0.0,0.0,0.003303485571408027,-0.0010140971865669757,0.00022289586305278275,0.6222222222222222,0.6243329566807917
ROB__CICIoT2023_R1__CB-Score__Norm-Clipped-Averaging__clean__forged__seed2718,CICIoT2023_R1,CB-Score,Norm-Clipped-Averaging,clean,forged_inflated,0.4,2718,30,metadata_falsification_extension,1,0.917274610823126,0.98753528158536,0.049259985734664766,0.638888888888889,0.63901044618718,1.0256439608549497,0.02564396085494983,0.009824120425310964,1.1049301987664428,0.8292467348786818,0.5691285196019129,0.917274610823126,0.98753528158536,0.049259985734664766,0.0,0.0,0.0,0.9191668713308985,0.9881163742479643,0.05001783166904422,0.0,0.0,-0.0018922605077724697,-0.00058109266260431,-0.0007578459343794558,0.638888888888889,0.63901044618718
ROB__CICIoT2023_R1__CB-Score__Norm-Clipped-Averaging__clean__forged__seed9001,CICIoT2023_R1,CB-Score,Norm-Clipped-Averaging,clean,forged_inflated,0.4,9001,30,metadata_falsification_extension,1,0.9213946117274168,0.9863844624627106,0.0431972182596291,0.85,0.8478218529600278,1.0932949509026775,0.09329495090267732,0.32131181915026175,0.9352161728843612,1.1260870536927972,0.37832606441030897,0.9213946117274168,0.9863844624627106,0.0431972182596291,0.0,0.0,0.0,0.9192722777768974,0.9880345283943719,0.049215406562054205,0.0,0.0,0.002122333950519417,-0.001650065931661282,-0.0060181883024251065,0.85,0.8478218529600278
ROB__CICIoT2023_R1__CB-Score__Norm-Clipped-Averaging__clean__forged__seed2027,CICIoT2023_R1,CB-Score,Norm-Clipped-Averaging,clean,forged_inflated,0.4,2027,30,metadata_falsification_extension,1,0.919849262144531,0.987302927905258,0.050240727532097004,0.8833333333333333,0.8836789393862553,1.0212858565927088,0.021285856592708596,0.029817961099266158,0.7592996600589674,0.8542608456151115,0.5164417817360825,0.919849262144531,0.987302927905258,0.050240727532097004,0.0,0.0,0.0,0.9234132903948916,0.9878664331420336,0.04934914407988588,0.0,0.0,-0.003564028250360618,-0.0005635052367756188,0.0008915834522111241,0.8833333333333333,0.8836789393862553
ROB__CICIoT2023_R1__CB-Score__Norm-Clipped-Averaging__label-flip__forged__seed42,CICIoT2023_R1,CB-Score,Norm-Clipped-Averaging,label-flip,forged_inflated,0.4,42,30,metadata_falsification_extension,1,0.09921202434031576,0.791330069506485,0.03089336661911555,0.8083333333333333,0.8074410274874607,0.9575212267494303,-0.042478773250569715,0.612957693331845,0.6266862559338102,1.5374665578330091,-0.25271118043456225,0.9223670095286174,0.9872694628262233,0.054297432239657634,0.8231549851883017,0.1959393933197383,-0.023404065620542085,0.9268288842880872,0.9873601438360695,0.04778887303851641,0.15,0.14693375752924226,-0.8276168599477715,-0.19603007432958452,-0.01689550641940086,0.6583333333333333,0.6605072699582184
ROB__CICIoT2023_R1__CB-Score__Norm-Clipped-Averaging__label-flip__forged__seed123,CICIoT2023_R1,CB-Score,Norm-Clipped-Averaging,label-flip,forged_inflated,0.4,123,30,metadata_falsification_extension,1,0.9032724319935038,0.9842504375327314,0.019614835948644792,0.6277777777777777,0.6268051608445941,0.7687562172997087,-0.23124378270029122,0.45324941830837234,0.7859051918234502,1.5223746076046536,-0.2949894215627056,0.9162159371599673,0.9866358903410065,0.05068651925820257,0.012943505166463476,0.002385452808275068,-0.031071683309557778,0.914382359511121,0.9862681570209092,0.042305634807417974,0.075,0.07401273131132659,-0.01110992751761719,-0.0020177194881777494,-0.022690798858773183,0.5527777777777777,0.5527924295332676
ROB__CICIoT2023_R1__CB-Score__Norm-Clipped-Averaging__label-flip__forged__seed777,CICIoT2023_R1,CB-Score,Norm-Clipped-Averaging,label-flip,forged_inflated,0.4,777,30,metadata_falsification_extension,1,0.03520798086459367,0.859144081760761,0.01185805991440799,0.75,0.7489092423520533,0.9450433632037908,-0.054956636796209254,0.7474271114588524,0.6047962203005613,1.5493138763522551,-0.33267580568790434,0.9210222144813718,0.9866895945545912,0.04698644793152639,0.8858142336167781,0.1275455127938302,-0.0351283880171184,0.9179029249513831,0.9864248942466132,0.04783345221112696,0.11666666666666667,0.11521129927309827,-0.8826949440867895,-0.1272808124858522,-0.03597539229671897,0.6333333333333333,0.633697943078955
ROB__CICIoT2023_R1__CB-Score__Norm-Clipped-Averaging__label-flip__forged__seed2026,CICIoT2023_R1,CB-Score,Norm-Clipped-Averaging,label-flip,forged_inflated,0.4,2026,30,metadata_falsification_extension,1,0.07779985065584626,0.7904241839812962,0.05015156918687589,0.75,0.7450471568756526,0.9865721696834866,-0.013427830316513376,0.40650719025311793,0.5322953615027056,1.3842440127528226,-0.11986156883520176,0.9204431974891816,0.9875541658889727,0.04524786019971469,0.8426433468333353,0.1971299819076765,0.0049037089871612,0.9148604347687704,0.9839130172555711,0.048903352353780315,0.15,0.14856824985981404,-0.8370605841129242,-0.1934888332742749,0.001248216833095575,0.6,0.5964789070158385
ROB__CICIoT2023_R1__CB-Score__Norm-Clipped-Averaging__label-flip__forged__seed3407,CICIoT2023_R1,CB-Score,Norm-Clipped-Averaging,label-flip,forged_inflated,0.4,3407,30,metadata_falsification_extension,1,0.8845116603139473,0.9760239746902839,0.04239479315263909,0.6555555555555557,0.6543865795454696,0.8605071221282151,-0.1394928778717848,0.5288103273481419,0.7343004396710414,1.5216688011311892,-0.4122284825270375,0.8774400749376913,0.9856728145692119,0.0008470042796005706,-0.007071585376256073,0.00964883987892795,0.04154778887303852,0.9223898058559413,0.9865707623435946,0.04769971469329529,0.2222222222222222,0.22062252554887296,-0.03787814554199398,-0.01054678765331074,-0.0053049215406562045,0.43333333333333346,0.4337640539965967
ROB__CICIoT2023_R1__CB-Score__Norm-Clipped-Averaging__label-flip__forged__seed11,CICIoT2023_R1,CB-Score,Norm-Clipped-Averaging,label-flip,forged_inflated,0.4,11,30,metadata_falsification_extension,1,0.040699031392227795,0.7273296171350236,0.002942225392296719,0.8,0.7995208044777715,0.9463039207095107,-0.053696079290489154,0.6250585923261222,0.6417316614127654,1.5676818580959049,-0.3293645654184123,0.9283429705840647,0.9892363376099278,0.041280313837375175,0.8876439391918369,0.26190672047490415,-0.03833808844507845,0.919802356518434,0.9876048757795766,0.04979493580599144,0.041666666666666664,0.041197447956500904,-0.8791033251262063,-0.2602752586445529,-0.04685271041369472,0.7583333333333334,0.7583233565212706
ROB__CICIoT2023_R1__CB-Score__Norm-Clipped-Averaging__label-flip__forged__seed314,CICIoT2023_R1,CB-Score,Norm-Clipped-Averaging,label-flip,forged_inflated,0.4,314,30,metadata_falsification_extension,1,0.8427081028643396,0.960544007469116,0.040477888730385166,0.5944444444444446,0.5939471267676039,0.3092520146538542,-0.6907479853461458,0.14741483754272341,1.3996295042608513,1.3125355686636015,-0.6138099292914073,0.9253121846619576,0.9874709245828683,0.04769971469329529,0.08260408179761802,0.02692691711375239,-0.007221825962910128,0.9248968276470403,0.9876615755796637,0.05184557774607703,0.016666666666666666,0.016456542763912913,-0.08218872478270067,-0.027117568110547774,-0.011367689015691865,0.5777777777777778,0.5774905840036909
ROB__CICIoT2023_R1__CB-Score__Norm-Clipped-Averaging__label-flip__forged__seed2718,CICIoT2023_R1,CB-Score,Norm-Clipped-Averaging,label-flip,forged_inflated,0.4,2718,30,metadata_falsification_extension,1,0.9262497339314292,0.9882756706130092,0.045024964336661914,0.4972222222222223,0.49709807091239155,0.5043607631579989,-0.49563923684200095,0.0923133148737386,1.590115575766539,1.1206950568131788,-0.6205138905180825,0.917274610823126,0.98753528158536,0.049259985734664766,-0.008975123108303174,-0.0007403890276492797,-0.0042350213980028514,0.9192110497412693,0.9879173147121614,0.04917082738944365,0.10833333333333334,0.1077318870426654,0.00703868419015985,0.00035835590084787317,-0.004145863052781737,0.38888888888888895,0.38936618386972616
ROB__CICIoT2023_R1__CB-Score__Norm-Clipped-Averaging__label-flip__forged__seed9001,CICIoT2023_R1,CB-Score,Norm-Clipped-Averaging,label-flip,forged_inflated,0.4,9001,30,metadata_falsification_extension,1,0.09227834964799596,0.806896759666801,0.04123573466476462,0.7444444444444444,0.7426162649773429,0.9471202873047123,-0.05287971269528773,0.5823374223984255,0.5732272200473055,1.418272352661372,-0.23299775879519682,0.9213946117274168,0.9863844624627106,0.0431972182596291,0.8291162620794208,0.17948770279590964,-0.001961483594864477,0.9176070440891319,0.9879973319051082,0.04506954350927247,0.075,0.0736626632523925,-0.8253286944411359,-0.18110057223830722,-0.0038338088445078466,0.6694444444444444,0.6689536017249504
ROB__CICIoT2023_R1__CB-Score__Norm-Clipped-Averaging__label-flip__forged__seed2027,CICIoT2023_R1,CB-Score,Norm-Clipped-Averaging,label-flip,forged_inflated,0.4,2027,30,metadata_falsification_extension,1,0.10551800383447388,0.874647165537048,0.026569186875891583,0.75,0.7494183347444496,0.9791852348287758,-0.02081476517122419,0.7509015568003112,0.6248430866981564,1.5794633052733642,-0.37695983569655156,0.919849262144531,0.987302927905258,0.050240727532097004,0.8143312583100571,0.11265576236820996,-0.02367154065620542,0.922616178457697,0.9866771734474847,0.04819008559201141,0.08333333333333333,0.0824443125511494,-0.8170981746232231,-0.11203000791043671,-0.02162089871611983,0.6666666666666666,0.6669740221933003
ROB__CICIoT2023_R1__CB-Score__Norm-Clipped-Averaging__sign-flip__forged__seed42,CICIoT2023_R1,CB-Score,Norm-Clipped-Averaging,sign-flip,forged_inflated,0.4,42,30,metadata_falsification_extension,1,0.0,0.7494275214190766,0.0,1.0,1.0,1.0194274737535425,0.01942747375354243,0.024394138224017918,10.830268239976967,2.1196470243296375,-0.9903165227837033,0.9223670095286174,0.9872694628262233,0.054297432239657634,0.9223670095286174,0.23784194140714665,-0.054297432239657634,0.8959351864785584,0.977966582745445,0.00414586305278174,0.20277777777777775,0.20555853301001203,-0.8959351864785584,-0.22853906132636836,-0.00414586305278174,0.7972222222222223,0.794441466989988
ROB__CICIoT2023_R1__CB-Score__Norm-Clipped-Averaging__sign-flip__forged__seed123,CICIoT2023_R1,CB-Score,Norm-Clipped-Averaging,sign-flip,forged_inflated,0.4,123,30,metadata_falsification_extension,1,0.6836111254071302,0.6975085753946275,1.0,0.6222222222222221,0.6276859819437917,1.1118255422174335,0.11182554221743338,0.11609522838267664,9.497645357915752,1.9394182127137394,-0.5171893972075647,0.9162159371599673,0.9866358903410065,0.05068651925820257,0.2326048117528371,0.289127314946379,0.9493134807417974,0.9237739661691228,0.9860715113227903,0.048234664764621966,0.02222222222222222,0.022548355449114155,-0.24016284076199257,-0.28856293592816273,0.951765335235378,0.5999999999999999,0.6051376264946775
ROB__CICIoT2023_R1__CB-Score__Norm-Clipped-Averaging__sign-flip__forged__seed777,CICIoT2023_R1,CB-Score,Norm-Clipped-Averaging,sign-flip,forged_inflated,0.4,777,30,metadata_falsification_extension,1,0.0,0.7494275214190766,0.0,1.0,1.0,1.019304445699008,0.019304445699007786,0.020089474747947353,11.217104933287986,2.2349077553705388,-0.9939094238811069,0.9210222144813718,0.9866895945545912,0.04698644793152639,0.9210222144813718,0.2372620731355145,-0.04698644793152639,0.9190119344990286,0.9877135506925138,0.04761055634807418,0.0,0.0,-0.9190119344990286,-0.23828602927343712,-0.04761055634807418,1.0,1.0
ROB__CICIoT2023_R1__CB-Score__Norm-Clipped-Averaging__sign-flip__forged__seed2026,CICIoT2023_R1,CB-Score,Norm-Clipped-Averaging,sign-flip,forged_inflated,0.4,2026,30,metadata_falsification_extension,1,0.0,0.7494275214190766,0.0,1.0,1.0,1.0190745772158625,0.019074577215862424,0.017567237609034343,11.218203651902444,2.2072872945088404,-0.9961212820476956,0.9204431974891816,0.9875541658889727,0.04524786019971469,0.9204431974891816,0.23812664446989606,-0.04524786019971469,0.9083994735694735,0.9856111288498443,0.022646219686162625,0.09722222222222222,0.09890765557440524,-0.9083994735694735,-0.2361836074307676,-0.022646219686162625,0.9027777777777778,0.9010923444255947
ROB__CICIoT2023_R1__CB-Score__Norm-Clipped-Averaging__sign-flip__forged__seed3407,CICIoT2023_R1,CB-Score,Norm-Clipped-Averaging,sign-flip,forged_inflated,0.4,3407,30,metadata_falsification_extension,1,0.856768871237565,0.7494275214190766,1.0,0.9888888888888888,0.9889780838573539,1.0028625191310034,0.0028625191310034056,0.004542050389649883,10.080165342690295,1.9163564910409974,-0.9651217618543241,0.8774400749376913,0.9856728145692119,0.0008470042796005706,0.020671203700126317,0.2362452931501352,0.9991529957203994,0.856768871237565,0.7427922426051492,1.0,0.1611111111111111,0.16165956333329035,0.0,0.006635278813927448,0.0,0.8277777777777777,0.8273185205240635
ROB__CICIoT2023_R1__CB-Score__Norm-Clipped-Averaging__sign-flip__forged__seed11,CICIoT2023_R1,CB-Score,Norm-Clipped-Averaging,sign-flip,forged_inflated,0.4,11,30,metadata_falsification_extension,1,0.0,0.7494275214190766,0.0,1.0,1.0,1.0273487080555437,0.027348708055543843,0.02447243286651139,11.283511889106906,2.223678156542013,-0.9972745133770837,0.9283429705840647,0.9892363376099278,0.041280313837375175,0.9283429705840647,0.23980881619085115,-0.041280313837375175,0.920765524498208,0.9866169474393408,0.04970577746077033,0.09722222222222222,0.09885955351122974,-0.920765524498208,-0.23718942602026416,-0.04970577746077033,0.9027777777777778,0.9011404464887702
ROB__CICIoT2023_R1__CB-Score__Norm-Clipped-Averaging__sign-flip__forged__seed314,CICIoT2023_R1,CB-Score,Norm-Clipped-Averaging,sign-flip,forged_inflated,0.4,314,30,metadata_falsification_extension,1,0.7069876942631002,0.7029528390507185,1.0,0.7277777777777779,0.7340359579347508,1.0421775591675915,0.04217755916759156,0.038901172340012,11.194782771699634,2.2099207547279454,-0.8081325244572427,0.9253121846619576,0.9874709245828683,0.04769971469329529,0.21832449039885748,0.28451808553214986,0.9523002853067047,0.9236966787282517,0.9876303344967565,0.052291369472182596,0.008333333333333333,0.008532665124371997,-0.21670898446515152,-0.28467749544603804,0.9477086305278174,0.7194444444444446,0.7255032928103788
ROB__CICIoT2023_R1__CB-Score__Norm-Clipped-Averaging__sign-flip__forged__seed2718,CICIoT2023_R1,CB-Score,Norm-Clipped-Averaging,sign-flip,forged_inflated,0.4,2718,30,metadata_falsification_extension,1,0.856768871237565,0.7494275214190766,1.0,0.7166666666666667,0.718937345012409,1.040489123565367,0.04048912356536703,0.03372057630275386,7.192686040768191,1.644772430569112,-0.8054924827276004,0.917274610823126,0.98753528158536,0.049259985734664766,0.06050573958556105,0.23810776016628332,0.9507400142653353,0.9177649337864016,0.9877955384775758,0.047521398002853064,0.01111111111111111,0.011220940487529545,-0.060996062548836605,-0.2383680170584992,0.952478601997147,0.7055555555555556,0.7077164045248795
ROB__CICIoT2023_R1__CB-Score__Norm-Clipped-Averaging__sign-flip__forged__seed9001,CICIoT2023_R1,CB-Score,Norm-Clipped-Averaging,sign-flip,forged_inflated,0.4,9001,30,metadata_falsification_extension,1,0.0,0.7494275214190766,0.0,1.0,1.0,1.017522651064017,0.017522651064017097,0.019153189101942913,10.736175368609345,2.066223402682334,-0.9942804204093085,0.9213946117274168,0.9863844624627106,0.0431972182596291,0.9213946117274168,0.23695694104363396,-0.0431972182596291,0.9187047389150045,0.9882102138232586,0.04440085592011412,0.047222222222222214,0.04795046981890277,-0.9187047389150045,-0.23878269240418193,-0.04440085592011412,0.9527777777777778,0.9520495301810973
ROB__CICIoT2023_R1__CB-Score__Norm-Clipped-Averaging__sign-flip__forged__seed2027,CICIoT2023_R1,CB-Score,Norm-Clipped-Averaging,sign-flip,forged_inflated,0.4,2027,30,metadata_falsification_extension,1,0.0,0.7494275214190766,0.0,1.0,1.0,1.0236900968651967,0.023690096865196603,0.02490787927108914,10.513204348638741,2.0746140450476886,-0.991994180281957,0.919849262144531,0.987302927905258,0.050240727532097004,0.919849262144531,0.23787540648618133,-0.050240727532097004,0.9237474142967677,0.9872785372133736,0.047565977175463625,0.008333333333333333,0.008452904941233798,-0.9237474142967677,-0.2378510157942969,-0.047565977175463625,0.9916666666666667,0.9915470950587661
