attacker,attacker_preprocessing,auc_ci_high,auc_ci_low,cell_id,claim_boundary,class_balance,dataset_protocol,fold_mean_auc,group_overlap_max,groups,hyperparameters,mean_auc,metadata_view,observations,privacy_split_seed,target,uncertainty,view_fields
LogisticRegression,median imputation; StandardScaler for LogisticRegression/MLP numeric fields; client_id one-hot only in Raw; RandomForest numeric fields unscaled,0.6903446370399456,0.5363292534453672,PRIV__CICIDS2017_COVERAGE_R1__Minimal-Bucketed__LogisticRegression__attack_ratio_above_seed_median__seed11,empirical pre-upload metadata leakage only; no formal privacy guarantee,0.5,CICIDS2017_COVERAGE_R1,0.6152949903337402,0,10,"{'C': 1.0, 'class_weight': 'balanced', 'max_iter': 2000, 'solver': 'liblinear'}",0.6122233333333333,Minimal-Bucketed,3000,11,attack_ratio_above_seed_median,2000-resample client-group bootstrap over out-of-fold predictions,"['utility_bucket', 'cost_bucket']"
LogisticRegression,median imputation; StandardScaler for LogisticRegression/MLP numeric fields; client_id one-hot only in Raw; RandomForest numeric fields unscaled,0.6940656821414312,0.545135948372615,PRIV__CICIDS2017_COVERAGE_R1__Minimal-Bucketed__LogisticRegression__attack_ratio_above_seed_median__seed123,empirical pre-upload metadata leakage only; no formal privacy guarantee,0.5,CICIDS2017_COVERAGE_R1,0.6273882184482185,0,10,"{'C': 1.0, 'class_weight': 'balanced', 'max_iter': 2000, 'solver': 'liblinear'}",0.6196273333333333,Minimal-Bucketed,3000,123,attack_ratio_above_seed_median,2000-resample client-group bootstrap over out-of-fold predictions,"['utility_bucket', 'cost_bucket']"
LogisticRegression,median imputation; StandardScaler for LogisticRegression/MLP numeric fields; client_id one-hot only in Raw; RandomForest numeric fields unscaled,0.6886325721254134,0.5346991467614957,PRIV__CICIDS2017_COVERAGE_R1__Minimal-Bucketed__LogisticRegression__attack_ratio_above_seed_median__seed2026,empirical pre-upload metadata leakage only; no formal privacy guarantee,0.5,CICIDS2017_COVERAGE_R1,0.6196384427609428,0,10,"{'C': 1.0, 'class_weight': 'balanced', 'max_iter': 2000, 'solver': 'liblinear'}",0.6084515555555555,Minimal-Bucketed,3000,2026,attack_ratio_above_seed_median,2000-resample client-group bootstrap over out-of-fold predictions,"['utility_bucket', 'cost_bucket']"
LogisticRegression,median imputation; StandardScaler for LogisticRegression/MLP numeric fields; client_id one-hot only in Raw; RandomForest numeric fields unscaled,0.6839473670735127,0.5429538462055262,PRIV__CICIDS2017_COVERAGE_R1__Minimal-Bucketed__LogisticRegression__attack_ratio_above_seed_median__seed2027,empirical pre-upload metadata leakage only; no formal privacy guarantee,0.5,CICIDS2017_COVERAGE_R1,0.6247044887211554,0,10,"{'C': 1.0, 'class_weight': 'balanced', 'max_iter': 2000, 'solver': 'liblinear'}",0.6135602222222223,Minimal-Bucketed,3000,2027,attack_ratio_above_seed_median,2000-resample client-group bootstrap over out-of-fold predictions,"['utility_bucket', 'cost_bucket']"
LogisticRegression,median imputation; StandardScaler for LogisticRegression/MLP numeric fields; client_id one-hot only in Raw; RandomForest numeric fields unscaled,0.6823046711520026,0.529230931221641,PRIV__CICIDS2017_COVERAGE_R1__Minimal-Bucketed__LogisticRegression__attack_ratio_above_seed_median__seed2718,empirical pre-upload metadata leakage only; no formal privacy guarantee,0.5,CICIDS2017_COVERAGE_R1,0.6083719486531987,0,10,"{'C': 1.0, 'class_weight': 'balanced', 'max_iter': 2000, 'solver': 'liblinear'}",0.6059220000000001,Minimal-Bucketed,3000,2718,attack_ratio_above_seed_median,2000-resample client-group bootstrap over out-of-fold predictions,"['utility_bucket', 'cost_bucket']"
LogisticRegression,median imputation; StandardScaler for LogisticRegression/MLP numeric fields; client_id one-hot only in Raw; RandomForest numeric fields unscaled,0.6961327506973592,0.5374580626078055,PRIV__CICIDS2017_COVERAGE_R1__Minimal-Bucketed__LogisticRegression__attack_ratio_above_seed_median__seed314,empirical pre-upload metadata leakage only; no formal privacy guarantee,0.5,CICIDS2017_COVERAGE_R1,0.621430425084175,0,10,"{'C': 1.0, 'class_weight': 'balanced', 'max_iter': 2000, 'solver': 'liblinear'}",0.6171413333333333,Minimal-Bucketed,3000,314,attack_ratio_above_seed_median,2000-resample client-group bootstrap over out-of-fold predictions,"['utility_bucket', 'cost_bucket']"
LogisticRegression,median imputation; StandardScaler for LogisticRegression/MLP numeric fields; client_id one-hot only in Raw; RandomForest numeric fields unscaled,0.6963089786756453,0.542667360178136,PRIV__CICIDS2017_COVERAGE_R1__Minimal-Bucketed__LogisticRegression__attack_ratio_above_seed_median__seed3407,empirical pre-upload metadata leakage only; no formal privacy guarantee,0.5,CICIDS2017_COVERAGE_R1,0.6228360256872756,0,10,"{'C': 1.0, 'class_weight': 'balanced', 'max_iter': 2000, 'solver': 'liblinear'}",0.6224111111111111,Minimal-Bucketed,3000,3407,attack_ratio_above_seed_median,2000-resample client-group bootstrap over out-of-fold predictions,"['utility_bucket', 'cost_bucket']"
LogisticRegression,median imputation; StandardScaler for LogisticRegression/MLP numeric fields; client_id one-hot only in Raw; RandomForest numeric fields unscaled,0.6810908358134921,0.525613746182577,PRIV__CICIDS2017_COVERAGE_R1__Minimal-Bucketed__LogisticRegression__attack_ratio_above_seed_median__seed42,empirical pre-upload metadata leakage only; no formal privacy guarantee,0.5,CICIDS2017_COVERAGE_R1,0.6123153759820427,0,10,"{'C': 1.0, 'class_weight': 'balanced', 'max_iter': 2000, 'solver': 'liblinear'}",0.6019802222222224,Minimal-Bucketed,3000,42,attack_ratio_above_seed_median,2000-resample client-group bootstrap over out-of-fold predictions,"['utility_bucket', 'cost_bucket']"
LogisticRegression,median imputation; StandardScaler for LogisticRegression/MLP numeric fields; client_id one-hot only in Raw; RandomForest numeric fields unscaled,0.6926812119233016,0.5355172183988373,PRIV__CICIDS2017_COVERAGE_R1__Minimal-Bucketed__LogisticRegression__attack_ratio_above_seed_median__seed777,empirical pre-upload metadata leakage only; no formal privacy guarantee,0.5,CICIDS2017_COVERAGE_R1,0.6285208389450055,0,10,"{'C': 1.0, 'class_weight': 'balanced', 'max_iter': 2000, 'solver': 'liblinear'}",0.6159802222222223,Minimal-Bucketed,3000,777,attack_ratio_above_seed_median,2000-resample client-group bootstrap over out-of-fold predictions,"['utility_bucket', 'cost_bucket']"
LogisticRegression,median imputation; StandardScaler for LogisticRegression/MLP numeric fields; client_id one-hot only in Raw; RandomForest numeric fields unscaled,0.6955814620776719,0.5401206101178609,PRIV__CICIDS2017_COVERAGE_R1__Minimal-Bucketed__LogisticRegression__attack_ratio_above_seed_median__seed9001,empirical pre-upload metadata leakage only; no formal privacy guarantee,0.5,CICIDS2017_COVERAGE_R1,0.615640628661462,0,10,"{'C': 1.0, 'class_weight': 'balanced', 'max_iter': 2000, 'solver': 'liblinear'}",0.6176775555555556,Minimal-Bucketed,3000,9001,attack_ratio_above_seed_median,2000-resample client-group bootstrap over out-of-fold predictions,"['utility_bucket', 'cost_bucket']"
LogisticRegression,median imputation; StandardScaler for LogisticRegression/MLP numeric fields; client_id one-hot only in Raw; RandomForest numeric fields unscaled,0.5969916050196,0.45831025752314825,PRIV__CICIDS2017_COVERAGE_R1__Minimal-Bucketed__LogisticRegression__client_size_above_seed_median__seed11,empirical pre-upload metadata leakage only; no formal privacy guarantee,0.5,CICIDS2017_COVERAGE_R1,0.5300870085624252,0,10,"{'C': 1.0, 'class_weight': 'balanced', 'max_iter': 2000, 'solver': 'liblinear'}",0.5270508888888888,Minimal-Bucketed,3000,11,client_size_above_seed_median,2000-resample client-group bootstrap over out-of-fold predictions,"['utility_bucket', 'cost_bucket']"
LogisticRegression,median imputation; StandardScaler for LogisticRegression/MLP numeric fields; client_id one-hot only in Raw; RandomForest numeric fields unscaled,0.5916147630606143,0.4527247800925926,PRIV__CICIDS2017_COVERAGE_R1__Minimal-Bucketed__LogisticRegression__client_size_above_seed_median__seed123,empirical pre-upload metadata leakage only; no formal privacy guarantee,0.5,CICIDS2017_COVERAGE_R1,0.5387184062850728,0,10,"{'C': 1.0, 'class_weight': 'balanced', 'max_iter': 2000, 'solver': 'liblinear'}",0.5237395555555555,Minimal-Bucketed,3000,123,client_size_above_seed_median,2000-resample client-group bootstrap over out-of-fold predictions,"['utility_bucket', 'cost_bucket']"
LogisticRegression,median imputation; StandardScaler for LogisticRegression/MLP numeric fields; client_id one-hot only in Raw; RandomForest numeric fields unscaled,0.5807301694317659,0.4509105455597644,PRIV__CICIDS2017_COVERAGE_R1__Minimal-Bucketed__LogisticRegression__client_size_above_seed_median__seed2026,empirical pre-upload metadata leakage only; no formal privacy guarantee,0.5,CICIDS2017_COVERAGE_R1,0.5373374144219978,0,10,"{'C': 1.0, 'class_weight': 'balanced', 'max_iter': 2000, 'solver': 'liblinear'}",0.51235,Minimal-Bucketed,3000,2026,client_size_above_seed_median,2000-resample client-group bootstrap over out-of-fold predictions,"['utility_bucket', 'cost_bucket']"
LogisticRegression,median imputation; StandardScaler for LogisticRegression/MLP numeric fields; client_id one-hot only in Raw; RandomForest numeric fields unscaled,0.5967607798352832,0.4610881254567296,PRIV__CICIDS2017_COVERAGE_R1__Minimal-Bucketed__LogisticRegression__client_size_above_seed_median__seed2027,empirical pre-upload metadata leakage only; no formal privacy guarantee,0.5,CICIDS2017_COVERAGE_R1,0.5341121324354657,0,10,"{'C': 1.0, 'class_weight': 'balanced', 'max_iter': 2000, 'solver': 'liblinear'}",0.530163111111111,Minimal-Bucketed,3000,2027,client_size_above_seed_median,2000-resample client-group bootstrap over out-of-fold predictions,"['utility_bucket', 'cost_bucket']"
LogisticRegression,median imputation; StandardScaler for LogisticRegression/MLP numeric fields; client_id one-hot only in Raw; RandomForest numeric fields unscaled,0.5596380506177941,0.436663648413911,PRIV__CICIDS2017_COVERAGE_R1__Minimal-Bucketed__LogisticRegression__client_size_above_seed_median__seed2718,empirical pre-upload metadata leakage only; no formal privacy guarantee,0.5,CICIDS2017_COVERAGE_R1,0.5095542087542088,0,10,"{'C': 1.0, 'class_weight': 'balanced', 'max_iter': 2000, 'solver': 'liblinear'}",0.4945175555555556,Minimal-Bucketed,3000,2718,client_size_above_seed_median,2000-resample client-group bootstrap over out-of-fold predictions,"['utility_bucket', 'cost_bucket']"
LogisticRegression,median imputation; StandardScaler for LogisticRegression/MLP numeric fields; client_id one-hot only in Raw; RandomForest numeric fields unscaled,0.5907976806335103,0.45041007946047007,PRIV__CICIDS2017_COVERAGE_R1__Minimal-Bucketed__LogisticRegression__client_size_above_seed_median__seed314,empirical pre-upload metadata leakage only; no formal privacy guarantee,0.5,CICIDS2017_COVERAGE_R1,0.5390267340067341,0,10,"{'C': 1.0, 'class_weight': 'balanced', 'max_iter': 2000, 'solver': 'liblinear'}",0.5209542222222222,Minimal-Bucketed,3000,314,client_size_above_seed_median,2000-resample client-group bootstrap over out-of-fold predictions,"['utility_bucket', 'cost_bucket']"
LogisticRegression,median imputation; StandardScaler for LogisticRegression/MLP numeric fields; client_id one-hot only in Raw; RandomForest numeric fields unscaled,0.5875059603420948,0.4395558053308136,PRIV__CICIDS2017_COVERAGE_R1__Minimal-Bucketed__LogisticRegression__client_size_above_seed_median__seed3407,empirical pre-upload metadata leakage only; no formal privacy guarantee,0.5,CICIDS2017_COVERAGE_R1,0.5310081593714927,0,10,"{'C': 1.0, 'class_weight': 'balanced', 'max_iter': 2000, 'solver': 'liblinear'}",0.5121675555555555,Minimal-Bucketed,3000,3407,client_size_above_seed_median,2000-resample client-group bootstrap over out-of-fold predictions,"['utility_bucket', 'cost_bucket']"
LogisticRegression,median imputation; StandardScaler for LogisticRegression/MLP numeric fields; client_id one-hot only in Raw; RandomForest numeric fields unscaled,0.5829259445409137,0.4600859742647069,PRIV__CICIDS2017_COVERAGE_R1__Minimal-Bucketed__LogisticRegression__client_size_above_seed_median__seed42,empirical pre-upload metadata leakage only; no formal privacy guarantee,0.5,CICIDS2017_COVERAGE_R1,0.5330945385632886,0,10,"{'C': 1.0, 'class_weight': 'balanced', 'max_iter': 2000, 'solver': 'liblinear'}",0.5192808888888889,Minimal-Bucketed,3000,42,client_size_above_seed_median,2000-resample client-group bootstrap over out-of-fold predictions,"['utility_bucket', 'cost_bucket']"
LogisticRegression,median imputation; StandardScaler for LogisticRegression/MLP numeric fields; client_id one-hot only in Raw; RandomForest numeric fields unscaled,0.5920896258204085,0.4597325575274554,PRIV__CICIDS2017_COVERAGE_R1__Minimal-Bucketed__LogisticRegression__client_size_above_seed_median__seed777,empirical pre-upload metadata leakage only; no formal privacy guarantee,0.5,CICIDS2017_COVERAGE_R1,0.5365141931216931,0,10,"{'C': 1.0, 'class_weight': 'balanced', 'max_iter': 2000, 'solver': 'liblinear'}",0.5282595555555555,Minimal-Bucketed,3000,777,client_size_above_seed_median,2000-resample client-group bootstrap over out-of-fold predictions,"['utility_bucket', 'cost_bucket']"
LogisticRegression,median imputation; StandardScaler for LogisticRegression/MLP numeric fields; client_id one-hot only in Raw; RandomForest numeric fields unscaled,0.5881134822209041,0.4519268956301983,PRIV__CICIDS2017_COVERAGE_R1__Minimal-Bucketed__LogisticRegression__client_size_above_seed_median__seed9001,empirical pre-upload metadata leakage only; no formal privacy guarantee,0.5,CICIDS2017_COVERAGE_R1,0.5336083146483147,0,10,"{'C': 1.0, 'class_weight': 'balanced', 'max_iter': 2000, 'solver': 'liblinear'}",0.5169968888888888,Minimal-Bucketed,3000,9001,client_size_above_seed_median,2000-resample client-group bootstrap over out-of-fold predictions,"['utility_bucket', 'cost_bucket']"
MLP,median imputation; StandardScaler for LogisticRegression/MLP numeric fields; client_id one-hot only in Raw; RandomForest numeric fields unscaled,0.694574771324941,0.5156004607371796,PRIV__CICIDS2017_COVERAGE_R1__Minimal-Bucketed__MLP__attack_ratio_above_seed_median__seed11,empirical pre-upload metadata leakage only; no formal privacy guarantee,0.5,CICIDS2017_COVERAGE_R1,0.6198457168294669,0,10,"{'alpha': 0.0001, 'early_stopping': True, 'hidden_layer_sizes': [32, 16], 'learning_rate_init': 0.001, 'max_iter': 1000}",0.5967620000000001,Minimal-Bucketed,3000,11,attack_ratio_above_seed_median,2000-resample client-group bootstrap over out-of-fold predictions,"['utility_bucket', 'cost_bucket']"
MLP,median imputation; StandardScaler for LogisticRegression/MLP numeric fields; client_id one-hot only in Raw; RandomForest numeric fields unscaled,0.7209471897924493,0.5655099762506013,PRIV__CICIDS2017_COVERAGE_R1__Minimal-Bucketed__MLP__attack_ratio_above_seed_median__seed123,empirical pre-upload metadata leakage only; no formal privacy guarantee,0.5,CICIDS2017_COVERAGE_R1,0.6468208598808598,0,10,"{'alpha': 0.0001, 'early_stopping': True, 'hidden_layer_sizes': [32, 16], 'learning_rate_init': 0.001, 'max_iter': 1000}",0.6427704444444444,Minimal-Bucketed,3000,123,attack_ratio_above_seed_median,2000-resample client-group bootstrap over out-of-fold predictions,"['utility_bucket', 'cost_bucket']"
MLP,median imputation; StandardScaler for LogisticRegression/MLP numeric fields; client_id one-hot only in Raw; RandomForest numeric fields unscaled,0.6948831857997368,0.5253335877494754,PRIV__CICIDS2017_COVERAGE_R1__Minimal-Bucketed__MLP__attack_ratio_above_seed_median__seed2026,empirical pre-upload metadata leakage only; no formal privacy guarantee,0.5,CICIDS2017_COVERAGE_R1,0.6083870679012345,0,10,"{'alpha': 0.0001, 'early_stopping': True, 'hidden_layer_sizes': [32, 16], 'learning_rate_init': 0.001, 'max_iter': 1000}",0.6136115555555555,Minimal-Bucketed,3000,2026,attack_ratio_above_seed_median,2000-resample client-group bootstrap over out-of-fold predictions,"['utility_bucket', 'cost_bucket']"
MLP,median imputation; StandardScaler for LogisticRegression/MLP numeric fields; client_id one-hot only in Raw; RandomForest numeric fields unscaled,0.6793363079262837,0.5373679027308046,PRIV__CICIDS2017_COVERAGE_R1__Minimal-Bucketed__MLP__attack_ratio_above_seed_median__seed2027,empirical pre-upload metadata leakage only; no formal privacy guarantee,0.5,CICIDS2017_COVERAGE_R1,0.634415854885855,0,10,"{'alpha': 0.0001, 'early_stopping': True, 'hidden_layer_sizes': [32, 16], 'learning_rate_init': 0.001, 'max_iter': 1000}",0.6032984444444446,Minimal-Bucketed,3000,2027,attack_ratio_above_seed_median,2000-resample client-group bootstrap over out-of-fold predictions,"['utility_bucket', 'cost_bucket']"
MLP,median imputation; StandardScaler for LogisticRegression/MLP numeric fields; client_id one-hot only in Raw; RandomForest numeric fields unscaled,0.6290207025224533,0.5173883587311627,PRIV__CICIDS2017_COVERAGE_R1__Minimal-Bucketed__MLP__attack_ratio_above_seed_median__seed2718,empirical pre-upload metadata leakage only; no formal privacy guarantee,0.5,CICIDS2017_COVERAGE_R1,0.5493387219416386,0,10,"{'alpha': 0.0001, 'early_stopping': True, 'hidden_layer_sizes': [32, 16], 'learning_rate_init': 0.001, 'max_iter': 1000}",0.5740971111111113,Minimal-Bucketed,3000,2718,attack_ratio_above_seed_median,2000-resample client-group bootstrap over out-of-fold predictions,"['utility_bucket', 'cost_bucket']"
MLP,median imputation; StandardScaler for LogisticRegression/MLP numeric fields; client_id one-hot only in Raw; RandomForest numeric fields unscaled,0.7041096322834252,0.5437858412189168,PRIV__CICIDS2017_COVERAGE_R1__Minimal-Bucketed__MLP__attack_ratio_above_seed_median__seed314,empirical pre-upload metadata leakage only; no formal privacy guarantee,0.5,CICIDS2017_COVERAGE_R1,0.6304022685185185,0,10,"{'alpha': 0.0001, 'early_stopping': True, 'hidden_layer_sizes': [32, 16], 'learning_rate_init': 0.001, 'max_iter': 1000}",0.619888,Minimal-Bucketed,3000,314,attack_ratio_above_seed_median,2000-resample client-group bootstrap over out-of-fold predictions,"['utility_bucket', 'cost_bucket']"
MLP,median imputation; StandardScaler for LogisticRegression/MLP numeric fields; client_id one-hot only in Raw; RandomForest numeric fields unscaled,0.713238469043628,0.5555571836388778,PRIV__CICIDS2017_COVERAGE_R1__Minimal-Bucketed__MLP__attack_ratio_above_seed_median__seed3407,empirical pre-upload metadata leakage only; no formal privacy guarantee,0.5,CICIDS2017_COVERAGE_R1,0.6482380771851606,0,10,"{'alpha': 0.0001, 'early_stopping': True, 'hidden_layer_sizes': [32, 16], 'learning_rate_init': 0.001, 'max_iter': 1000}",0.6349902222222221,Minimal-Bucketed,3000,3407,attack_ratio_above_seed_median,2000-resample client-group bootstrap over out-of-fold predictions,"['utility_bucket', 'cost_bucket']"
MLP,median imputation; StandardScaler for LogisticRegression/MLP numeric fields; client_id one-hot only in Raw; RandomForest numeric fields unscaled,0.6764884656565657,0.5082991980284508,PRIV__CICIDS2017_COVERAGE_R1__Minimal-Bucketed__MLP__attack_ratio_above_seed_median__seed42,empirical pre-upload metadata leakage only; no formal privacy guarantee,0.5,CICIDS2017_COVERAGE_R1,0.623210394543728,0,10,"{'alpha': 0.0001, 'early_stopping': True, 'hidden_layer_sizes': [32, 16], 'learning_rate_init': 0.001, 'max_iter': 1000}",0.5843553333333333,Minimal-Bucketed,3000,42,attack_ratio_above_seed_median,2000-resample client-group bootstrap over out-of-fold predictions,"['utility_bucket', 'cost_bucket']"
MLP,median imputation; StandardScaler for LogisticRegression/MLP numeric fields; client_id one-hot only in Raw; RandomForest numeric fields unscaled,0.6947641247851835,0.5328151165878142,PRIV__CICIDS2017_COVERAGE_R1__Minimal-Bucketed__MLP__attack_ratio_above_seed_median__seed777,empirical pre-upload metadata leakage only; no formal privacy guarantee,0.5,CICIDS2017_COVERAGE_R1,0.6375792003367003,0,10,"{'alpha': 0.0001, 'early_stopping': True, 'hidden_layer_sizes': [32, 16], 'learning_rate_init': 0.001, 'max_iter': 1000}",0.6102184444444443,Minimal-Bucketed,3000,777,attack_ratio_above_seed_median,2000-resample client-group bootstrap over out-of-fold predictions,"['utility_bucket', 'cost_bucket']"
MLP,median imputation; StandardScaler for LogisticRegression/MLP numeric fields; client_id one-hot only in Raw; RandomForest numeric fields unscaled,0.6611982020238649,0.5168824912734031,PRIV__CICIDS2017_COVERAGE_R1__Minimal-Bucketed__MLP__attack_ratio_above_seed_median__seed9001,empirical pre-upload metadata leakage only; no formal privacy guarantee,0.5,CICIDS2017_COVERAGE_R1,0.6083193234234899,0,10,"{'alpha': 0.0001, 'early_stopping': True, 'hidden_layer_sizes': [32, 16], 'learning_rate_init': 0.001, 'max_iter': 1000}",0.58105,Minimal-Bucketed,3000,9001,attack_ratio_above_seed_median,2000-resample client-group bootstrap over out-of-fold predictions,"['utility_bucket', 'cost_bucket']"
MLP,median imputation; StandardScaler for LogisticRegression/MLP numeric fields; client_id one-hot only in Raw; RandomForest numeric fields unscaled,0.6021605114254033,0.3501580270833333,PRIV__CICIDS2017_COVERAGE_R1__Minimal-Bucketed__MLP__client_size_above_seed_median__seed11,empirical pre-upload metadata leakage only; no formal privacy guarantee,0.5,CICIDS2017_COVERAGE_R1,0.4890747863710363,0,10,"{'alpha': 0.0001, 'early_stopping': True, 'hidden_layer_sizes': [32, 16], 'learning_rate_init': 0.001, 'max_iter': 1000}",0.4783615555555556,Minimal-Bucketed,3000,11,client_size_above_seed_median,2000-resample client-group bootstrap over out-of-fold predictions,"['utility_bucket', 'cost_bucket']"
MLP,median imputation; StandardScaler for LogisticRegression/MLP numeric fields; client_id one-hot only in Raw; RandomForest numeric fields unscaled,0.5828015539549153,0.42644841423494206,PRIV__CICIDS2017_COVERAGE_R1__Minimal-Bucketed__MLP__client_size_above_seed_median__seed123,empirical pre-upload metadata leakage only; no formal privacy guarantee,0.5,CICIDS2017_COVERAGE_R1,0.49968749719416394,0,10,"{'alpha': 0.0001, 'early_stopping': True, 'hidden_layer_sizes': [32, 16], 'learning_rate_init': 0.001, 'max_iter': 1000}",0.502392,Minimal-Bucketed,3000,123,client_size_above_seed_median,2000-resample client-group bootstrap over out-of-fold predictions,"['utility_bucket', 'cost_bucket']"
MLP,median imputation; StandardScaler for LogisticRegression/MLP numeric fields; client_id one-hot only in Raw; RandomForest numeric fields unscaled,0.5452847307641271,0.3581673699538859,PRIV__CICIDS2017_COVERAGE_R1__Minimal-Bucketed__MLP__client_size_above_seed_median__seed2026,empirical pre-upload metadata leakage only; no formal privacy guarantee,0.5,CICIDS2017_COVERAGE_R1,0.5248092971380471,0,10,"{'alpha': 0.0001, 'early_stopping': True, 'hidden_layer_sizes': [32, 16], 'learning_rate_init': 0.001, 'max_iter': 1000}",0.4395637777777777,Minimal-Bucketed,3000,2026,client_size_above_seed_median,2000-resample client-group bootstrap over out-of-fold predictions,"['utility_bucket', 'cost_bucket']"
MLP,median imputation; StandardScaler for LogisticRegression/MLP numeric fields; client_id one-hot only in Raw; RandomForest numeric fields unscaled,0.5589928718777755,0.34943112777777774,PRIV__CICIDS2017_COVERAGE_R1__Minimal-Bucketed__MLP__client_size_above_seed_median__seed2027,empirical pre-upload metadata leakage only; no formal privacy guarantee,0.5,CICIDS2017_COVERAGE_R1,0.5506988888888888,0,10,"{'alpha': 0.0001, 'early_stopping': True, 'hidden_layer_sizes': [32, 16], 'learning_rate_init': 0.001, 'max_iter': 1000}",0.4400528888888888,Minimal-Bucketed,3000,2027,client_size_above_seed_median,2000-resample client-group bootstrap over out-of-fold predictions,"['utility_bucket', 'cost_bucket']"
MLP,median imputation; StandardScaler for LogisticRegression/MLP numeric fields; client_id one-hot only in Raw; RandomForest numeric fields unscaled,0.4797620087782587,0.27954047673740295,PRIV__CICIDS2017_COVERAGE_R1__Minimal-Bucketed__MLP__client_size_above_seed_median__seed2718,empirical pre-upload metadata leakage only; no formal privacy guarantee,0.5,CICIDS2017_COVERAGE_R1,0.469607542087542,0,10,"{'alpha': 0.0001, 'early_stopping': True, 'hidden_layer_sizes': [32, 16], 'learning_rate_init': 0.001, 'max_iter': 1000}",0.36655711111111106,Minimal-Bucketed,3000,2718,client_size_above_seed_median,2000-resample client-group bootstrap over out-of-fold predictions,"['utility_bucket', 'cost_bucket']"
MLP,median imputation; StandardScaler for LogisticRegression/MLP numeric fields; client_id one-hot only in Raw; RandomForest numeric fields unscaled,0.5830808768358876,0.43227394168044725,PRIV__CICIDS2017_COVERAGE_R1__Minimal-Bucketed__MLP__client_size_above_seed_median__seed314,empirical pre-upload metadata leakage only; no formal privacy guarantee,0.5,CICIDS2017_COVERAGE_R1,0.5370697867564533,0,10,"{'alpha': 0.0001, 'early_stopping': True, 'hidden_layer_sizes': [32, 16], 'learning_rate_init': 0.001, 'max_iter': 1000}",0.5051937777777777,Minimal-Bucketed,3000,314,client_size_above_seed_median,2000-resample client-group bootstrap over out-of-fold predictions,"['utility_bucket', 'cost_bucket']"
MLP,median imputation; StandardScaler for LogisticRegression/MLP numeric fields; client_id one-hot only in Raw; RandomForest numeric fields unscaled,0.5328720581755257,0.4170733452274328,PRIV__CICIDS2017_COVERAGE_R1__Minimal-Bucketed__MLP__client_size_above_seed_median__seed3407,empirical pre-upload metadata leakage only; no formal privacy guarantee,0.5,CICIDS2017_COVERAGE_R1,0.48533704826038165,0,10,"{'alpha': 0.0001, 'early_stopping': True, 'hidden_layer_sizes': [32, 16], 'learning_rate_init': 0.001, 'max_iter': 1000}",0.4764893333333333,Minimal-Bucketed,3000,3407,client_size_above_seed_median,2000-resample client-group bootstrap over out-of-fold predictions,"['utility_bucket', 'cost_bucket']"
MLP,median imputation; StandardScaler for LogisticRegression/MLP numeric fields; client_id one-hot only in Raw; RandomForest numeric fields unscaled,0.460558432696766,0.33180499421991017,PRIV__CICIDS2017_COVERAGE_R1__Minimal-Bucketed__MLP__client_size_above_seed_median__seed42,empirical pre-upload metadata leakage only; no formal privacy guarantee,0.5,CICIDS2017_COVERAGE_R1,0.5190692027879528,0,10,"{'alpha': 0.0001, 'early_stopping': True, 'hidden_layer_sizes': [32, 16], 'learning_rate_init': 0.001, 'max_iter': 1000}",0.37046799999999996,Minimal-Bucketed,3000,42,client_size_above_seed_median,2000-resample client-group bootstrap over out-of-fold predictions,"['utility_bucket', 'cost_bucket']"
MLP,median imputation; StandardScaler for LogisticRegression/MLP numeric fields; client_id one-hot only in Raw; RandomForest numeric fields unscaled,0.5173782464987459,0.3752023775936707,PRIV__CICIDS2017_COVERAGE_R1__Minimal-Bucketed__MLP__client_size_above_seed_median__seed777,empirical pre-upload metadata leakage only; no formal privacy guarantee,0.5,CICIDS2017_COVERAGE_R1,0.4971621560846561,0,10,"{'alpha': 0.0001, 'early_stopping': True, 'hidden_layer_sizes': [32, 16], 'learning_rate_init': 0.001, 'max_iter': 1000}",0.439772,Minimal-Bucketed,3000,777,client_size_above_seed_median,2000-resample client-group bootstrap over out-of-fold predictions,"['utility_bucket', 'cost_bucket']"
MLP,median imputation; StandardScaler for LogisticRegression/MLP numeric fields; client_id one-hot only in Raw; RandomForest numeric fields unscaled,0.5465301679743868,0.3913884522015938,PRIV__CICIDS2017_COVERAGE_R1__Minimal-Bucketed__MLP__client_size_above_seed_median__seed9001,empirical pre-upload metadata leakage only; no formal privacy guarantee,0.5,CICIDS2017_COVERAGE_R1,0.5123720232853566,0,10,"{'alpha': 0.0001, 'early_stopping': True, 'hidden_layer_sizes': [32, 16], 'learning_rate_init': 0.001, 'max_iter': 1000}",0.4567844444444445,Minimal-Bucketed,3000,9001,client_size_above_seed_median,2000-resample client-group bootstrap over out-of-fold predictions,"['utility_bucket', 'cost_bucket']"
RandomForest,median imputation; StandardScaler for LogisticRegression/MLP numeric fields; client_id one-hot only in Raw; RandomForest numeric fields unscaled,0.6879827177759884,0.5558130403392904,PRIV__CICIDS2017_COVERAGE_R1__Minimal-Bucketed__RandomForest__attack_ratio_above_seed_median__seed11,empirical pre-upload metadata leakage only; no formal privacy guarantee,0.5,CICIDS2017_COVERAGE_R1,0.6388637795075296,0,10,"{'class_weight': 'balanced', 'max_depth': 8, 'min_samples_leaf': 3, 'n_estimators': 300, 'n_jobs': 1}",0.6152522222222223,Minimal-Bucketed,3000,11,attack_ratio_above_seed_median,2000-resample client-group bootstrap over out-of-fold predictions,"['utility_bucket', 'cost_bucket']"
RandomForest,median imputation; StandardScaler for LogisticRegression/MLP numeric fields; client_id one-hot only in Raw; RandomForest numeric fields unscaled,0.7029060562469334,0.5574549927574008,PRIV__CICIDS2017_COVERAGE_R1__Minimal-Bucketed__RandomForest__attack_ratio_above_seed_median__seed123,empirical pre-upload metadata leakage only; no formal privacy guarantee,0.5,CICIDS2017_COVERAGE_R1,0.6475183900050567,0,10,"{'class_weight': 'balanced', 'max_depth': 8, 'min_samples_leaf': 3, 'n_estimators': 300, 'n_jobs': 1}",0.6271002222222223,Minimal-Bucketed,3000,123,attack_ratio_above_seed_median,2000-resample client-group bootstrap over out-of-fold predictions,"['utility_bucket', 'cost_bucket']"
RandomForest,median imputation; StandardScaler for LogisticRegression/MLP numeric fields; client_id one-hot only in Raw; RandomForest numeric fields unscaled,0.6892541481882476,0.5467102047258295,PRIV__CICIDS2017_COVERAGE_R1__Minimal-Bucketed__RandomForest__attack_ratio_above_seed_median__seed2026,empirical pre-upload metadata leakage only; no formal privacy guarantee,0.5,CICIDS2017_COVERAGE_R1,0.6462045791245792,0,10,"{'class_weight': 'balanced', 'max_depth': 8, 'min_samples_leaf': 3, 'n_estimators': 300, 'n_jobs': 1}",0.6155942222222223,Minimal-Bucketed,3000,2026,attack_ratio_above_seed_median,2000-resample client-group bootstrap over out-of-fold predictions,"['utility_bucket', 'cost_bucket']"
RandomForest,median imputation; StandardScaler for LogisticRegression/MLP numeric fields; client_id one-hot only in Raw; RandomForest numeric fields unscaled,0.6877754114464849,0.5553570301226552,PRIV__CICIDS2017_COVERAGE_R1__Minimal-Bucketed__RandomForest__attack_ratio_above_seed_median__seed2027,empirical pre-upload metadata leakage only; no formal privacy guarantee,0.5,CICIDS2017_COVERAGE_R1,0.6354798770365437,0,10,"{'class_weight': 'balanced', 'max_depth': 8, 'min_samples_leaf': 3, 'n_estimators': 300, 'n_jobs': 1}",0.6157944444444445,Minimal-Bucketed,3000,2027,attack_ratio_above_seed_median,2000-resample client-group bootstrap over out-of-fold predictions,"['utility_bucket', 'cost_bucket']"
RandomForest,median imputation; StandardScaler for LogisticRegression/MLP numeric fields; client_id one-hot only in Raw; RandomForest numeric fields unscaled,0.6949335385164368,0.5635323410568986,PRIV__CICIDS2017_COVERAGE_R1__Minimal-Bucketed__RandomForest__attack_ratio_above_seed_median__seed2718,empirical pre-upload metadata leakage only; no formal privacy guarantee,0.5,CICIDS2017_COVERAGE_R1,0.6401735507856341,0,10,"{'class_weight': 'balanced', 'max_depth': 8, 'min_samples_leaf': 3, 'n_estimators': 300, 'n_jobs': 1}",0.6231513333333333,Minimal-Bucketed,3000,2718,attack_ratio_above_seed_median,2000-resample client-group bootstrap over out-of-fold predictions,"['utility_bucket', 'cost_bucket']"
RandomForest,median imputation; StandardScaler for LogisticRegression/MLP numeric fields; client_id one-hot only in Raw; RandomForest numeric fields unscaled,0.6970762614335216,0.5643683842945049,PRIV__CICIDS2017_COVERAGE_R1__Minimal-Bucketed__RandomForest__attack_ratio_above_seed_median__seed314,empirical pre-upload metadata leakage only; no formal privacy guarantee,0.5,CICIDS2017_COVERAGE_R1,0.6437584413580247,0,10,"{'class_weight': 'balanced', 'max_depth': 8, 'min_samples_leaf': 3, 'n_estimators': 300, 'n_jobs': 1}",0.6268533333333334,Minimal-Bucketed,3000,314,attack_ratio_above_seed_median,2000-resample client-group bootstrap over out-of-fold predictions,"['utility_bucket', 'cost_bucket']"
RandomForest,median imputation; StandardScaler for LogisticRegression/MLP numeric fields; client_id one-hot only in Raw; RandomForest numeric fields unscaled,0.698018286403971,0.5663677839187797,PRIV__CICIDS2017_COVERAGE_R1__Minimal-Bucketed__RandomForest__attack_ratio_above_seed_median__seed3407,empirical pre-upload metadata leakage only; no formal privacy guarantee,0.5,CICIDS2017_COVERAGE_R1,0.6422378498815998,0,10,"{'class_weight': 'balanced', 'max_depth': 8, 'min_samples_leaf': 3, 'n_estimators': 300, 'n_jobs': 1}",0.6309982222222222,Minimal-Bucketed,3000,3407,attack_ratio_above_seed_median,2000-resample client-group bootstrap over out-of-fold predictions,"['utility_bucket', 'cost_bucket']"
RandomForest,median imputation; StandardScaler for LogisticRegression/MLP numeric fields; client_id one-hot only in Raw; RandomForest numeric fields unscaled,0.6872231898849606,0.5523599769632904,PRIV__CICIDS2017_COVERAGE_R1__Minimal-Bucketed__RandomForest__attack_ratio_above_seed_median__seed42,empirical pre-upload metadata leakage only; no formal privacy guarantee,0.5,CICIDS2017_COVERAGE_R1,0.6331020399353733,0,10,"{'class_weight': 'balanced', 'max_depth': 8, 'min_samples_leaf': 3, 'n_estimators': 300, 'n_jobs': 1}",0.6151228888888889,Minimal-Bucketed,3000,42,attack_ratio_above_seed_median,2000-resample client-group bootstrap over out-of-fold predictions,"['utility_bucket', 'cost_bucket']"
RandomForest,median imputation; StandardScaler for LogisticRegression/MLP numeric fields; client_id one-hot only in Raw; RandomForest numeric fields unscaled,0.691666074778211,0.5582899974247015,PRIV__CICIDS2017_COVERAGE_R1__Minimal-Bucketed__RandomForest__attack_ratio_above_seed_median__seed777,empirical pre-upload metadata leakage only; no formal privacy guarantee,0.5,CICIDS2017_COVERAGE_R1,0.6388214478114478,0,10,"{'class_weight': 'balanced', 'max_depth': 8, 'min_samples_leaf': 3, 'n_estimators': 300, 'n_jobs': 1}",0.6200855555555556,Minimal-Bucketed,3000,777,attack_ratio_above_seed_median,2000-resample client-group bootstrap over out-of-fold predictions,"['utility_bucket', 'cost_bucket']"
RandomForest,median imputation; StandardScaler for LogisticRegression/MLP numeric fields; client_id one-hot only in Raw; RandomForest numeric fields unscaled,0.7017378060365558,0.5634706326659452,PRIV__CICIDS2017_COVERAGE_R1__Minimal-Bucketed__RandomForest__attack_ratio_above_seed_median__seed9001,empirical pre-upload metadata leakage only; no formal privacy guarantee,0.5,CICIDS2017_COVERAGE_R1,0.6400519141352474,0,10,"{'class_weight': 'balanced', 'max_depth': 8, 'min_samples_leaf': 3, 'n_estimators': 300, 'n_jobs': 1}",0.6308886666666667,Minimal-Bucketed,3000,9001,attack_ratio_above_seed_median,2000-resample client-group bootstrap over out-of-fold predictions,"['utility_bucket', 'cost_bucket']"
RandomForest,median imputation; StandardScaler for LogisticRegression/MLP numeric fields; client_id one-hot only in Raw; RandomForest numeric fields unscaled,0.5755254990282225,0.44662474594842905,PRIV__CICIDS2017_COVERAGE_R1__Minimal-Bucketed__RandomForest__client_size_above_seed_median__seed11,empirical pre-upload metadata leakage only; no formal privacy guarantee,0.5,CICIDS2017_COVERAGE_R1,0.5169602299706467,0,10,"{'class_weight': 'balanced', 'max_depth': 8, 'min_samples_leaf': 3, 'n_estimators': 300, 'n_jobs': 1}",0.5099868888888889,Minimal-Bucketed,3000,11,client_size_above_seed_median,2000-resample client-group bootstrap over out-of-fold predictions,"['utility_bucket', 'cost_bucket']"
RandomForest,median imputation; StandardScaler for LogisticRegression/MLP numeric fields; client_id one-hot only in Raw; RandomForest numeric fields unscaled,0.5846239457114916,0.461848294873505,PRIV__CICIDS2017_COVERAGE_R1__Minimal-Bucketed__RandomForest__client_size_above_seed_median__seed123,empirical pre-upload metadata leakage only; no formal privacy guarantee,0.5,CICIDS2017_COVERAGE_R1,0.5316504152637486,0,10,"{'class_weight': 'balanced', 'max_depth': 8, 'min_samples_leaf': 3, 'n_estimators': 300, 'n_jobs': 1}",0.5229400000000001,Minimal-Bucketed,3000,123,client_size_above_seed_median,2000-resample client-group bootstrap over out-of-fold predictions,"['utility_bucket', 'cost_bucket']"
RandomForest,median imputation; StandardScaler for LogisticRegression/MLP numeric fields; client_id one-hot only in Raw; RandomForest numeric fields unscaled,0.5615630636724387,0.4444183248493058,PRIV__CICIDS2017_COVERAGE_R1__Minimal-Bucketed__RandomForest__client_size_above_seed_median__seed2026,empirical pre-upload metadata leakage only; no formal privacy guarantee,0.5,CICIDS2017_COVERAGE_R1,0.49921062710437714,0,10,"{'class_weight': 'balanced', 'max_depth': 8, 'min_samples_leaf': 3, 'n_estimators': 300, 'n_jobs': 1}",0.5016393333333333,Minimal-Bucketed,3000,2026,client_size_above_seed_median,2000-resample client-group bootstrap over out-of-fold predictions,"['utility_bucket', 'cost_bucket']"
RandomForest,median imputation; StandardScaler for LogisticRegression/MLP numeric fields; client_id one-hot only in Raw; RandomForest numeric fields unscaled,0.5784193636152649,0.4576417841750843,PRIV__CICIDS2017_COVERAGE_R1__Minimal-Bucketed__RandomForest__client_size_above_seed_median__seed2027,empirical pre-upload metadata leakage only; no formal privacy guarantee,0.5,CICIDS2017_COVERAGE_R1,0.5166661936828604,0,10,"{'class_weight': 'balanced', 'max_depth': 8, 'min_samples_leaf': 3, 'n_estimators': 300, 'n_jobs': 1}",0.5181248888888889,Minimal-Bucketed,3000,2027,client_size_above_seed_median,2000-resample client-group bootstrap over out-of-fold predictions,"['utility_bucket', 'cost_bucket']"
RandomForest,median imputation; StandardScaler for LogisticRegression/MLP numeric fields; client_id one-hot only in Raw; RandomForest numeric fields unscaled,0.5501531701648482,0.4430237420451272,PRIV__CICIDS2017_COVERAGE_R1__Minimal-Bucketed__RandomForest__client_size_above_seed_median__seed2718,empirical pre-upload metadata leakage only; no formal privacy guarantee,0.5,CICIDS2017_COVERAGE_R1,0.4867839730639731,0,10,"{'class_weight': 'balanced', 'max_depth': 8, 'min_samples_leaf': 3, 'n_estimators': 300, 'n_jobs': 1}",0.49732600000000005,Minimal-Bucketed,3000,2718,client_size_above_seed_median,2000-resample client-group bootstrap over out-of-fold predictions,"['utility_bucket', 'cost_bucket']"
RandomForest,median imputation; StandardScaler for LogisticRegression/MLP numeric fields; client_id one-hot only in Raw; RandomForest numeric fields unscaled,0.573850088573441,0.44476962401795733,PRIV__CICIDS2017_COVERAGE_R1__Minimal-Bucketed__RandomForest__client_size_above_seed_median__seed314,empirical pre-upload metadata leakage only; no formal privacy guarantee,0.5,CICIDS2017_COVERAGE_R1,0.5187824017957352,0,10,"{'class_weight': 'balanced', 'max_depth': 8, 'min_samples_leaf': 3, 'n_estimators': 300, 'n_jobs': 1}",0.5048462222222222,Minimal-Bucketed,3000,314,client_size_above_seed_median,2000-resample client-group bootstrap over out-of-fold predictions,"['utility_bucket', 'cost_bucket']"
RandomForest,median imputation; StandardScaler for LogisticRegression/MLP numeric fields; client_id one-hot only in Raw; RandomForest numeric fields unscaled,0.5630551299459796,0.44266029420605735,PRIV__CICIDS2017_COVERAGE_R1__Minimal-Bucketed__RandomForest__client_size_above_seed_median__seed3407,empirical pre-upload metadata leakage only; no formal privacy guarantee,0.5,CICIDS2017_COVERAGE_R1,0.5138235802469137,0,10,"{'class_weight': 'balanced', 'max_depth': 8, 'min_samples_leaf': 3, 'n_estimators': 300, 'n_jobs': 1}",0.5016324444444444,Minimal-Bucketed,3000,3407,client_size_above_seed_median,2000-resample client-group bootstrap over out-of-fold predictions,"['utility_bucket', 'cost_bucket']"
RandomForest,median imputation; StandardScaler for LogisticRegression/MLP numeric fields; client_id one-hot only in Raw; RandomForest numeric fields unscaled,0.5717198935264174,0.4544216573990036,PRIV__CICIDS2017_COVERAGE_R1__Minimal-Bucketed__RandomForest__client_size_above_seed_median__seed42,empirical pre-upload metadata leakage only; no formal privacy guarantee,0.5,CICIDS2017_COVERAGE_R1,0.5023984661172161,0,10,"{'class_weight': 'balanced', 'max_depth': 8, 'min_samples_leaf': 3, 'n_estimators': 300, 'n_jobs': 1}",0.5129471111111111,Minimal-Bucketed,3000,42,client_size_above_seed_median,2000-resample client-group bootstrap over out-of-fold predictions,"['utility_bucket', 'cost_bucket']"
RandomForest,median imputation; StandardScaler for LogisticRegression/MLP numeric fields; client_id one-hot only in Raw; RandomForest numeric fields unscaled,0.5845301474454515,0.4667759526353276,PRIV__CICIDS2017_COVERAGE_R1__Minimal-Bucketed__RandomForest__client_size_above_seed_median__seed777,empirical pre-upload metadata leakage only; no formal privacy guarantee,0.5,CICIDS2017_COVERAGE_R1,0.5268382407407408,0,10,"{'class_weight': 'balanced', 'max_depth': 8, 'min_samples_leaf': 3, 'n_estimators': 300, 'n_jobs': 1}",0.5243773333333333,Minimal-Bucketed,3000,777,client_size_above_seed_median,2000-resample client-group bootstrap over out-of-fold predictions,"['utility_bucket', 'cost_bucket']"
RandomForest,median imputation; StandardScaler for LogisticRegression/MLP numeric fields; client_id one-hot only in Raw; RandomForest numeric fields unscaled,0.5842185527146464,0.4506047679673721,PRIV__CICIDS2017_COVERAGE_R1__Minimal-Bucketed__RandomForest__client_size_above_seed_median__seed9001,empirical pre-upload metadata leakage only; no formal privacy guarantee,0.5,CICIDS2017_COVERAGE_R1,0.5185503661770329,0,10,"{'class_weight': 'balanced', 'max_depth': 8, 'min_samples_leaf': 3, 'n_estimators': 300, 'n_jobs': 1}",0.5148382222222222,Minimal-Bucketed,3000,9001,client_size_above_seed_median,2000-resample client-group bootstrap over out-of-fold predictions,"['utility_bucket', 'cost_bucket']"
LogisticRegression,median imputation; StandardScaler for LogisticRegression/MLP numeric fields; client_id one-hot only in Raw; RandomForest numeric fields unscaled,0.600682017251345,0.5298801154142213,PRIV__CICIDS2017_COVERAGE_R1__No-Size__LogisticRegression__attack_ratio_above_seed_median__seed11,empirical pre-upload metadata leakage only; no formal privacy guarantee,0.5,CICIDS2017_COVERAGE_R1,0.5597410622710622,0,10,"{'C': 1.0, 'class_weight': 'balanced', 'max_iter': 2000, 'solver': 'liblinear'}",0.5627266666666667,No-Size,3000,11,attack_ratio_above_seed_median,2000-resample client-group bootstrap over out-of-fold predictions,"['utility', 'wire_bytes']"
LogisticRegression,median imputation; StandardScaler for LogisticRegression/MLP numeric fields; client_id one-hot only in Raw; RandomForest numeric fields unscaled,0.5915337114680275,0.5071949065957891,PRIV__CICIDS2017_COVERAGE_R1__No-Size__LogisticRegression__attack_ratio_above_seed_median__seed123,empirical pre-upload metadata leakage only; no formal privacy guarantee,0.5,CICIDS2017_COVERAGE_R1,0.55536321332988,0,10,"{'C': 1.0, 'class_weight': 'balanced', 'max_iter': 2000, 'solver': 'liblinear'}",0.5492133333333333,No-Size,3000,123,attack_ratio_above_seed_median,2000-resample client-group bootstrap over out-of-fold predictions,"['utility', 'wire_bytes']"
LogisticRegression,median imputation; StandardScaler for LogisticRegression/MLP numeric fields; client_id one-hot only in Raw; RandomForest numeric fields unscaled,0.5954855303030793,0.530224025974026,PRIV__CICIDS2017_COVERAGE_R1__No-Size__LogisticRegression__attack_ratio_above_seed_median__seed2026,empirical pre-upload metadata leakage only; no formal privacy guarantee,0.5,CICIDS2017_COVERAGE_R1,0.5632947194163861,0,10,"{'C': 1.0, 'class_weight': 'balanced', 'max_iter': 2000, 'solver': 'liblinear'}",0.5628453333333333,No-Size,3000,2026,attack_ratio_above_seed_median,2000-resample client-group bootstrap over out-of-fold predictions,"['utility', 'wire_bytes']"
LogisticRegression,median imputation; StandardScaler for LogisticRegression/MLP numeric fields; client_id one-hot only in Raw; RandomForest numeric fields unscaled,0.576099012134234,0.49574754427128054,PRIV__CICIDS2017_COVERAGE_R1__No-Size__LogisticRegression__attack_ratio_above_seed_median__seed2027,empirical pre-upload metadata leakage only; no formal privacy guarantee,0.5,CICIDS2017_COVERAGE_R1,0.5382954300020966,0,10,"{'C': 1.0, 'class_weight': 'balanced', 'max_iter': 2000, 'solver': 'liblinear'}",0.5335053333333333,No-Size,3000,2027,attack_ratio_above_seed_median,2000-resample client-group bootstrap over out-of-fold predictions,"['utility', 'wire_bytes']"
LogisticRegression,median imputation; StandardScaler for LogisticRegression/MLP numeric fields; client_id one-hot only in Raw; RandomForest numeric fields unscaled,0.5868090426569104,0.5127244331186259,PRIV__CICIDS2017_COVERAGE_R1__No-Size__LogisticRegression__attack_ratio_above_seed_median__seed2718,empirical pre-upload metadata leakage only; no formal privacy guarantee,0.5,CICIDS2017_COVERAGE_R1,0.552504455667789,0,10,"{'C': 1.0, 'class_weight': 'balanced', 'max_iter': 2000, 'solver': 'liblinear'}",0.5480973333333334,No-Size,3000,2718,attack_ratio_above_seed_median,2000-resample client-group bootstrap over out-of-fold predictions,"['utility', 'wire_bytes']"
LogisticRegression,median imputation; StandardScaler for LogisticRegression/MLP numeric fields; client_id one-hot only in Raw; RandomForest numeric fields unscaled,0.5916268840869682,0.5197790399704462,PRIV__CICIDS2017_COVERAGE_R1__No-Size__LogisticRegression__attack_ratio_above_seed_median__seed314,empirical pre-upload metadata leakage only; no formal privacy guarantee,0.5,CICIDS2017_COVERAGE_R1,0.5526421717171717,0,10,"{'C': 1.0, 'class_weight': 'balanced', 'max_iter': 2000, 'solver': 'liblinear'}",0.5534213333333333,No-Size,3000,314,attack_ratio_above_seed_median,2000-resample client-group bootstrap over out-of-fold predictions,"['utility', 'wire_bytes']"
LogisticRegression,median imputation; StandardScaler for LogisticRegression/MLP numeric fields; client_id one-hot only in Raw; RandomForest numeric fields unscaled,0.6101133362735836,0.5263176256944445,PRIV__CICIDS2017_COVERAGE_R1__No-Size__LogisticRegression__attack_ratio_above_seed_median__seed3407,empirical pre-upload metadata leakage only; no formal privacy guarantee,0.5,CICIDS2017_COVERAGE_R1,0.5680500918525919,0,10,"{'C': 1.0, 'class_weight': 'balanced', 'max_iter': 2000, 'solver': 'liblinear'}",0.5658893333333334,No-Size,3000,3407,attack_ratio_above_seed_median,2000-resample client-group bootstrap over out-of-fold predictions,"['utility', 'wire_bytes']"
LogisticRegression,median imputation; StandardScaler for LogisticRegression/MLP numeric fields; client_id one-hot only in Raw; RandomForest numeric fields unscaled,0.5890595446378337,0.5114199005397209,PRIV__CICIDS2017_COVERAGE_R1__No-Size__LogisticRegression__attack_ratio_above_seed_median__seed42,empirical pre-upload metadata leakage only; no formal privacy guarantee,0.5,CICIDS2017_COVERAGE_R1,0.5578207718207717,0,10,"{'C': 1.0, 'class_weight': 'balanced', 'max_iter': 2000, 'solver': 'liblinear'}",0.5500231111111111,No-Size,3000,42,attack_ratio_above_seed_median,2000-resample client-group bootstrap over out-of-fold predictions,"['utility', 'wire_bytes']"
LogisticRegression,median imputation; StandardScaler for LogisticRegression/MLP numeric fields; client_id one-hot only in Raw; RandomForest numeric fields unscaled,0.5960982602887476,0.5185956090038355,PRIV__CICIDS2017_COVERAGE_R1__No-Size__LogisticRegression__attack_ratio_above_seed_median__seed777,empirical pre-upload metadata leakage only; no formal privacy guarantee,0.5,CICIDS2017_COVERAGE_R1,0.5615481677890011,0,10,"{'C': 1.0, 'class_weight': 'balanced', 'max_iter': 2000, 'solver': 'liblinear'}",0.5546186666666667,No-Size,3000,777,attack_ratio_above_seed_median,2000-resample client-group bootstrap over out-of-fold predictions,"['utility', 'wire_bytes']"
LogisticRegression,median imputation; StandardScaler for LogisticRegression/MLP numeric fields; client_id one-hot only in Raw; RandomForest numeric fields unscaled,0.5786257090977417,0.4954873016917083,PRIV__CICIDS2017_COVERAGE_R1__No-Size__LogisticRegression__attack_ratio_above_seed_median__seed9001,empirical pre-upload metadata leakage only; no formal privacy guarantee,0.5,CICIDS2017_COVERAGE_R1,0.5388969872719873,0,10,"{'C': 1.0, 'class_weight': 'balanced', 'max_iter': 2000, 'solver': 'liblinear'}",0.5368631111111111,No-Size,3000,9001,attack_ratio_above_seed_median,2000-resample client-group bootstrap over out-of-fold predictions,"['utility', 'wire_bytes']"
LogisticRegression,median imputation; StandardScaler for LogisticRegression/MLP numeric fields; client_id one-hot only in Raw; RandomForest numeric fields unscaled,0.5427453568531173,0.4803200010521885,PRIV__CICIDS2017_COVERAGE_R1__No-Size__LogisticRegression__client_size_above_seed_median__seed11,empirical pre-upload metadata leakage only; no formal privacy guarantee,0.5,CICIDS2017_COVERAGE_R1,0.5147014224664225,0,10,"{'C': 1.0, 'class_weight': 'balanced', 'max_iter': 2000, 'solver': 'liblinear'}",0.511423111111111,No-Size,3000,11,client_size_above_seed_median,2000-resample client-group bootstrap over out-of-fold predictions,"['utility', 'wire_bytes']"
LogisticRegression,median imputation; StandardScaler for LogisticRegression/MLP numeric fields; client_id one-hot only in Raw; RandomForest numeric fields unscaled,0.5584460619163837,0.47929024371823975,PRIV__CICIDS2017_COVERAGE_R1__No-Size__LogisticRegression__client_size_above_seed_median__seed123,empirical pre-upload metadata leakage only; no formal privacy guarantee,0.5,CICIDS2017_COVERAGE_R1,0.5278142536475869,0,10,"{'C': 1.0, 'class_weight': 'balanced', 'max_iter': 2000, 'solver': 'liblinear'}",0.5184928888888889,No-Size,3000,123,client_size_above_seed_median,2000-resample client-group bootstrap over out-of-fold predictions,"['utility', 'wire_bytes']"
LogisticRegression,median imputation; StandardScaler for LogisticRegression/MLP numeric fields; client_id one-hot only in Raw; RandomForest numeric fields unscaled,0.5465807194156623,0.4770712037224702,PRIV__CICIDS2017_COVERAGE_R1__No-Size__LogisticRegression__client_size_above_seed_median__seed2026,empirical pre-upload metadata leakage only; no formal privacy guarantee,0.5,CICIDS2017_COVERAGE_R1,0.5373414927048261,0,10,"{'C': 1.0, 'class_weight': 'balanced', 'max_iter': 2000, 'solver': 'liblinear'}",0.5103355555555555,No-Size,3000,2026,client_size_above_seed_median,2000-resample client-group bootstrap over out-of-fold predictions,"['utility', 'wire_bytes']"
LogisticRegression,median imputation; StandardScaler for LogisticRegression/MLP numeric fields; client_id one-hot only in Raw; RandomForest numeric fields unscaled,0.5473041238275613,0.4867142665701656,PRIV__CICIDS2017_COVERAGE_R1__No-Size__LogisticRegression__client_size_above_seed_median__seed2027,empirical pre-upload metadata leakage only; no formal privacy guarantee,0.5,CICIDS2017_COVERAGE_R1,0.5366954818021485,0,10,"{'C': 1.0, 'class_weight': 'balanced', 'max_iter': 2000, 'solver': 'liblinear'}",0.5148764444444445,No-Size,3000,2027,client_size_above_seed_median,2000-resample client-group bootstrap over out-of-fold predictions,"['utility', 'wire_bytes']"
LogisticRegression,median imputation; StandardScaler for LogisticRegression/MLP numeric fields; client_id one-hot only in Raw; RandomForest numeric fields unscaled,0.5414385423202198,0.46710031855413103,PRIV__CICIDS2017_COVERAGE_R1__No-Size__LogisticRegression__client_size_above_seed_median__seed2718,empirical pre-upload metadata leakage only; no formal privacy guarantee,0.5,CICIDS2017_COVERAGE_R1,0.523655241301908,0,10,"{'C': 1.0, 'class_weight': 'balanced', 'max_iter': 2000, 'solver': 'liblinear'}",0.5056986666666667,No-Size,3000,2718,client_size_above_seed_median,2000-resample client-group bootstrap over out-of-fold predictions,"['utility', 'wire_bytes']"
LogisticRegression,median imputation; StandardScaler for LogisticRegression/MLP numeric fields; client_id one-hot only in Raw; RandomForest numeric fields unscaled,0.5550865768189138,0.49446480058957415,PRIV__CICIDS2017_COVERAGE_R1__No-Size__LogisticRegression__client_size_above_seed_median__seed314,empirical pre-upload metadata leakage only; no formal privacy guarantee,0.5,CICIDS2017_COVERAGE_R1,0.5360810998877665,0,10,"{'C': 1.0, 'class_weight': 'balanced', 'max_iter': 2000, 'solver': 'liblinear'}",0.5226671111111112,No-Size,3000,314,client_size_above_seed_median,2000-resample client-group bootstrap over out-of-fold predictions,"['utility', 'wire_bytes']"
LogisticRegression,median imputation; StandardScaler for LogisticRegression/MLP numeric fields; client_id one-hot only in Raw; RandomForest numeric fields unscaled,0.5710169558534525,0.49424238350385596,PRIV__CICIDS2017_COVERAGE_R1__No-Size__LogisticRegression__client_size_above_seed_median__seed3407,empirical pre-upload metadata leakage only; no formal privacy guarantee,0.5,CICIDS2017_COVERAGE_R1,0.5402855218855218,0,10,"{'C': 1.0, 'class_weight': 'balanced', 'max_iter': 2000, 'solver': 'liblinear'}",0.53322,No-Size,3000,3407,client_size_above_seed_median,2000-resample client-group bootstrap over out-of-fold predictions,"['utility', 'wire_bytes']"
LogisticRegression,median imputation; StandardScaler for LogisticRegression/MLP numeric fields; client_id one-hot only in Raw; RandomForest numeric fields unscaled,0.5500049065524778,0.4995817123816783,PRIV__CICIDS2017_COVERAGE_R1__No-Size__LogisticRegression__client_size_above_seed_median__seed42,empirical pre-upload metadata leakage only; no formal privacy guarantee,0.5,CICIDS2017_COVERAGE_R1,0.5378382427757428,0,10,"{'C': 1.0, 'class_weight': 'balanced', 'max_iter': 2000, 'solver': 'liblinear'}",0.5257924444444445,No-Size,3000,42,client_size_above_seed_median,2000-resample client-group bootstrap over out-of-fold predictions,"['utility', 'wire_bytes']"
LogisticRegression,median imputation; StandardScaler for LogisticRegression/MLP numeric fields; client_id one-hot only in Raw; RandomForest numeric fields unscaled,0.5589952333825371,0.5006148171388134,PRIV__CICIDS2017_COVERAGE_R1__No-Size__LogisticRegression__client_size_above_seed_median__seed777,empirical pre-upload metadata leakage only; no formal privacy guarantee,0.5,CICIDS2017_COVERAGE_R1,0.5400295767195767,0,10,"{'C': 1.0, 'class_weight': 'balanced', 'max_iter': 2000, 'solver': 'liblinear'}",0.5285977777777777,No-Size,3000,777,client_size_above_seed_median,2000-resample client-group bootstrap over out-of-fold predictions,"['utility', 'wire_bytes']"
LogisticRegression,median imputation; StandardScaler for LogisticRegression/MLP numeric fields; client_id one-hot only in Raw; RandomForest numeric fields unscaled,0.5347717417746153,0.4619976710157443,PRIV__CICIDS2017_COVERAGE_R1__No-Size__LogisticRegression__client_size_above_seed_median__seed9001,empirical pre-upload metadata leakage only; no formal privacy guarantee,0.5,CICIDS2017_COVERAGE_R1,0.49561368902702235,0,10,"{'C': 1.0, 'class_weight': 'balanced', 'max_iter': 2000, 'solver': 'liblinear'}",0.5037733333333334,No-Size,3000,9001,client_size_above_seed_median,2000-resample client-group bootstrap over out-of-fold predictions,"['utility', 'wire_bytes']"
MLP,median imputation; StandardScaler for LogisticRegression/MLP numeric fields; client_id one-hot only in Raw; RandomForest numeric fields unscaled,0.560062310929811,0.42085705571306703,PRIV__CICIDS2017_COVERAGE_R1__No-Size__MLP__attack_ratio_above_seed_median__seed11,empirical pre-upload metadata leakage only; no formal privacy guarantee,0.5,CICIDS2017_COVERAGE_R1,0.5547992877492878,0,10,"{'alpha': 0.0001, 'early_stopping': True, 'hidden_layer_sizes': [32, 16], 'learning_rate_init': 0.001, 'max_iter': 1000}",0.48095866666666665,No-Size,3000,11,attack_ratio_above_seed_median,2000-resample client-group bootstrap over out-of-fold predictions,"['utility', 'wire_bytes']"
MLP,median imputation; StandardScaler for LogisticRegression/MLP numeric fields; client_id one-hot only in Raw; RandomForest numeric fields unscaled,0.6054766349092318,0.4902070591529377,PRIV__CICIDS2017_COVERAGE_R1__No-Size__MLP__attack_ratio_above_seed_median__seed123,empirical pre-upload metadata leakage only; no formal privacy guarantee,0.5,CICIDS2017_COVERAGE_R1,0.5879737785671119,0,10,"{'alpha': 0.0001, 'early_stopping': True, 'hidden_layer_sizes': [32, 16], 'learning_rate_init': 0.001, 'max_iter': 1000}",0.537712,No-Size,3000,123,attack_ratio_above_seed_median,2000-resample client-group bootstrap over out-of-fold predictions,"['utility', 'wire_bytes']"
MLP,median imputation; StandardScaler for LogisticRegression/MLP numeric fields; client_id one-hot only in Raw; RandomForest numeric fields unscaled,0.6067589180826616,0.5041889700288138,PRIV__CICIDS2017_COVERAGE_R1__No-Size__MLP__attack_ratio_above_seed_median__seed2026,empirical pre-upload metadata leakage only; no formal privacy guarantee,0.5,CICIDS2017_COVERAGE_R1,0.5725360269360269,0,10,"{'alpha': 0.0001, 'early_stopping': True, 'hidden_layer_sizes': [32, 16], 'learning_rate_init': 0.001, 'max_iter': 1000}",0.553831111111111,No-Size,3000,2026,attack_ratio_above_seed_median,2000-resample client-group bootstrap over out-of-fold predictions,"['utility', 'wire_bytes']"
MLP,median imputation; StandardScaler for LogisticRegression/MLP numeric fields; client_id one-hot only in Raw; RandomForest numeric fields unscaled,0.5747880501632471,0.4238150970263533,PRIV__CICIDS2017_COVERAGE_R1__No-Size__MLP__attack_ratio_above_seed_median__seed2027,empirical pre-upload metadata leakage only; no formal privacy guarantee,0.5,CICIDS2017_COVERAGE_R1,0.5681830648363981,0,10,"{'alpha': 0.0001, 'early_stopping': True, 'hidden_layer_sizes': [32, 16], 'learning_rate_init': 0.001, 'max_iter': 1000}",0.4824355555555555,No-Size,3000,2027,attack_ratio_above_seed_median,2000-resample client-group bootstrap over out-of-fold predictions,"['utility', 'wire_bytes']"
MLP,median imputation; StandardScaler for LogisticRegression/MLP numeric fields; client_id one-hot only in Raw; RandomForest numeric fields unscaled,0.6118021000723521,0.47701629296313025,PRIV__CICIDS2017_COVERAGE_R1__No-Size__MLP__attack_ratio_above_seed_median__seed2718,empirical pre-upload metadata leakage only; no formal privacy guarantee,0.5,CICIDS2017_COVERAGE_R1,0.5683141133557801,0,10,"{'alpha': 0.0001, 'early_stopping': True, 'hidden_layer_sizes': [32, 16], 'learning_rate_init': 0.001, 'max_iter': 1000}",0.5459013333333333,No-Size,3000,2718,attack_ratio_above_seed_median,2000-resample client-group bootstrap over out-of-fold predictions,"['utility', 'wire_bytes']"
MLP,median imputation; StandardScaler for LogisticRegression/MLP numeric fields; client_id one-hot only in Raw; RandomForest numeric fields unscaled,0.5913758047716964,0.5052919210967433,PRIV__CICIDS2017_COVERAGE_R1__No-Size__MLP__attack_ratio_above_seed_median__seed314,empirical pre-upload metadata leakage only; no formal privacy guarantee,0.5,CICIDS2017_COVERAGE_R1,0.5722974046015714,0,10,"{'alpha': 0.0001, 'early_stopping': True, 'hidden_layer_sizes': [32, 16], 'learning_rate_init': 0.001, 'max_iter': 1000}",0.5439342222222222,No-Size,3000,314,attack_ratio_above_seed_median,2000-resample client-group bootstrap over out-of-fold predictions,"['utility', 'wire_bytes']"
MLP,median imputation; StandardScaler for LogisticRegression/MLP numeric fields; client_id one-hot only in Raw; RandomForest numeric fields unscaled,0.5852922379784394,0.4562866591080877,PRIV__CICIDS2017_COVERAGE_R1__No-Size__MLP__attack_ratio_above_seed_median__seed3407,empirical pre-upload metadata leakage only; no formal privacy guarantee,0.5,CICIDS2017_COVERAGE_R1,0.5606805058830059,0,10,"{'alpha': 0.0001, 'early_stopping': True, 'hidden_layer_sizes': [32, 16], 'learning_rate_init': 0.001, 'max_iter': 1000}",0.5105053333333334,No-Size,3000,3407,attack_ratio_above_seed_median,2000-resample client-group bootstrap over out-of-fold predictions,"['utility', 'wire_bytes']"
MLP,median imputation; StandardScaler for LogisticRegression/MLP numeric fields; client_id one-hot only in Raw; RandomForest numeric fields unscaled,0.5808634244620113,0.4562391107015669,PRIV__CICIDS2017_COVERAGE_R1__No-Size__MLP__attack_ratio_above_seed_median__seed42,empirical pre-upload metadata leakage only; no formal privacy guarantee,0.5,CICIDS2017_COVERAGE_R1,0.5878212404879072,0,10,"{'alpha': 0.0001, 'early_stopping': True, 'hidden_layer_sizes': [32, 16], 'learning_rate_init': 0.001, 'max_iter': 1000}",0.507032,No-Size,3000,42,attack_ratio_above_seed_median,2000-resample client-group bootstrap over out-of-fold predictions,"['utility', 'wire_bytes']"
MLP,median imputation; StandardScaler for LogisticRegression/MLP numeric fields; client_id one-hot only in Raw; RandomForest numeric fields unscaled,0.5737630692715998,0.45665278655745717,PRIV__CICIDS2017_COVERAGE_R1__No-Size__MLP__attack_ratio_above_seed_median__seed777,empirical pre-upload metadata leakage only; no formal privacy guarantee,0.5,CICIDS2017_COVERAGE_R1,0.5591464590347923,0,10,"{'alpha': 0.0001, 'early_stopping': True, 'hidden_layer_sizes': [32, 16], 'learning_rate_init': 0.001, 'max_iter': 1000}",0.514508,No-Size,3000,777,attack_ratio_above_seed_median,2000-resample client-group bootstrap over out-of-fold predictions,"['utility', 'wire_bytes']"
MLP,median imputation; StandardScaler for LogisticRegression/MLP numeric fields; client_id one-hot only in Raw; RandomForest numeric fields unscaled,0.560209005824552,0.4316472243809082,PRIV__CICIDS2017_COVERAGE_R1__No-Size__MLP__attack_ratio_above_seed_median__seed9001,empirical pre-upload metadata leakage only; no formal privacy guarantee,0.5,CICIDS2017_COVERAGE_R1,0.558440925586759,0,10,"{'alpha': 0.0001, 'early_stopping': True, 'hidden_layer_sizes': [32, 16], 'learning_rate_init': 0.001, 'max_iter': 1000}",0.48439911111111117,No-Size,3000,9001,attack_ratio_above_seed_median,2000-resample client-group bootstrap over out-of-fold predictions,"['utility', 'wire_bytes']"
MLP,median imputation; StandardScaler for LogisticRegression/MLP numeric fields; client_id one-hot only in Raw; RandomForest numeric fields unscaled,0.5437570805521282,0.41921153507447667,PRIV__CICIDS2017_COVERAGE_R1__No-Size__MLP__client_size_above_seed_median__seed11,empirical pre-upload metadata leakage only; no formal privacy guarantee,0.5,CICIDS2017_COVERAGE_R1,0.530707707601041,0,10,"{'alpha': 0.0001, 'early_stopping': True, 'hidden_layer_sizes': [32, 16], 'learning_rate_init': 0.001, 'max_iter': 1000}",0.4668364444444444,No-Size,3000,11,client_size_above_seed_median,2000-resample client-group bootstrap over out-of-fold predictions,"['utility', 'wire_bytes']"
MLP,median imputation; StandardScaler for LogisticRegression/MLP numeric fields; client_id one-hot only in Raw; RandomForest numeric fields unscaled,0.5878850617405583,0.42094817232062975,PRIV__CICIDS2017_COVERAGE_R1__No-Size__MLP__client_size_above_seed_median__seed123,empirical pre-upload metadata leakage only; no formal privacy guarantee,0.5,CICIDS2017_COVERAGE_R1,0.5203567003367005,0,10,"{'alpha': 0.0001, 'early_stopping': True, 'hidden_layer_sizes': [32, 16], 'learning_rate_init': 0.001, 'max_iter': 1000}",0.5081653333333334,No-Size,3000,123,client_size_above_seed_median,2000-resample client-group bootstrap over out-of-fold predictions,"['utility', 'wire_bytes']"
MLP,median imputation; StandardScaler for LogisticRegression/MLP numeric fields; client_id one-hot only in Raw; RandomForest numeric fields unscaled,0.5263855490454628,0.2950992188431557,PRIV__CICIDS2017_COVERAGE_R1__No-Size__MLP__client_size_above_seed_median__seed2026,empirical pre-upload metadata leakage only; no formal privacy guarantee,0.5,CICIDS2017_COVERAGE_R1,0.5015726459034793,0,10,"{'alpha': 0.0001, 'early_stopping': True, 'hidden_layer_sizes': [32, 16], 'learning_rate_init': 0.001, 'max_iter': 1000}",0.400532,No-Size,3000,2026,client_size_above_seed_median,2000-resample client-group bootstrap over out-of-fold predictions,"['utility', 'wire_bytes']"
MLP,median imputation; StandardScaler for LogisticRegression/MLP numeric fields; client_id one-hot only in Raw; RandomForest numeric fields unscaled,0.5100547948451224,0.33876922476470855,PRIV__CICIDS2017_COVERAGE_R1__No-Size__MLP__client_size_above_seed_median__seed2027,empirical pre-upload metadata leakage only; no formal privacy guarantee,0.5,CICIDS2017_COVERAGE_R1,0.5367318935385603,0,10,"{'alpha': 0.0001, 'early_stopping': True, 'hidden_layer_sizes': [32, 16], 'learning_rate_init': 0.001, 'max_iter': 1000}",0.4090142222222222,No-Size,3000,2027,client_size_above_seed_median,2000-resample client-group bootstrap over out-of-fold predictions,"['utility', 'wire_bytes']"
MLP,median imputation; StandardScaler for LogisticRegression/MLP numeric fields; client_id one-hot only in Raw; RandomForest numeric fields unscaled,0.4787909893925519,0.3015013332601376,PRIV__CICIDS2017_COVERAGE_R1__No-Size__MLP__client_size_above_seed_median__seed2718,empirical pre-upload metadata leakage only; no formal privacy guarantee,0.5,CICIDS2017_COVERAGE_R1,0.5303569472502806,0,10,"{'alpha': 0.0001, 'early_stopping': True, 'hidden_layer_sizes': [32, 16], 'learning_rate_init': 0.001, 'max_iter': 1000}",0.3716195555555555,No-Size,3000,2718,client_size_above_seed_median,2000-resample client-group bootstrap over out-of-fold predictions,"['utility', 'wire_bytes']"
MLP,median imputation; StandardScaler for LogisticRegression/MLP numeric fields; client_id one-hot only in Raw; RandomForest numeric fields unscaled,0.5858331093401496,0.43908723871214145,PRIV__CICIDS2017_COVERAGE_R1__No-Size__MLP__client_size_above_seed_median__seed314,empirical pre-upload metadata leakage only; no formal privacy guarantee,0.5,CICIDS2017_COVERAGE_R1,0.5314762738496073,0,10,"{'alpha': 0.0001, 'early_stopping': True, 'hidden_layer_sizes': [32, 16], 'learning_rate_init': 0.001, 'max_iter': 1000}",0.5118857777777778,No-Size,3000,314,client_size_above_seed_median,2000-resample client-group bootstrap over out-of-fold predictions,"['utility', 'wire_bytes']"
MLP,median imputation; StandardScaler for LogisticRegression/MLP numeric fields; client_id one-hot only in Raw; RandomForest numeric fields unscaled,0.5761478620448566,0.4420770432692308,PRIV__CICIDS2017_COVERAGE_R1__No-Size__MLP__client_size_above_seed_median__seed3407,empirical pre-upload metadata leakage only; no formal privacy guarantee,0.5,CICIDS2017_COVERAGE_R1,0.534518810325477,0,10,"{'alpha': 0.0001, 'early_stopping': True, 'hidden_layer_sizes': [32, 16], 'learning_rate_init': 0.001, 'max_iter': 1000}",0.5080617777777778,No-Size,3000,3407,client_size_above_seed_median,2000-resample client-group bootstrap over out-of-fold predictions,"['utility', 'wire_bytes']"
MLP,median imputation; StandardScaler for LogisticRegression/MLP numeric fields; client_id one-hot only in Raw; RandomForest numeric fields unscaled,0.46260743255989434,0.3070642777777778,PRIV__CICIDS2017_COVERAGE_R1__No-Size__MLP__client_size_above_seed_median__seed42,empirical pre-upload metadata leakage only; no formal privacy guarantee,0.5,CICIDS2017_COVERAGE_R1,0.5142019993894994,0,10,"{'alpha': 0.0001, 'early_stopping': True, 'hidden_layer_sizes': [32, 16], 'learning_rate_init': 0.001, 'max_iter': 1000}",0.3600253333333333,No-Size,3000,42,client_size_above_seed_median,2000-resample client-group bootstrap over out-of-fold predictions,"['utility', 'wire_bytes']"
MLP,median imputation; StandardScaler for LogisticRegression/MLP numeric fields; client_id one-hot only in Raw; RandomForest numeric fields unscaled,0.5206938015525899,0.35945943790221063,PRIV__CICIDS2017_COVERAGE_R1__No-Size__MLP__client_size_above_seed_median__seed777,empirical pre-upload metadata leakage only; no formal privacy guarantee,0.5,CICIDS2017_COVERAGE_R1,0.5134569312169311,0,10,"{'alpha': 0.0001, 'early_stopping': True, 'hidden_layer_sizes': [32, 16], 'learning_rate_init': 0.001, 'max_iter': 1000}",0.43434533333333336,No-Size,3000,777,client_size_above_seed_median,2000-resample client-group bootstrap over out-of-fold predictions,"['utility', 'wire_bytes']"
MLP,median imputation; StandardScaler for LogisticRegression/MLP numeric fields; client_id one-hot only in Raw; RandomForest numeric fields unscaled,0.5368199833667869,0.3676170223305856,PRIV__CICIDS2017_COVERAGE_R1__No-Size__MLP__client_size_above_seed_median__seed9001,empirical pre-upload metadata leakage only; no formal privacy guarantee,0.5,CICIDS2017_COVERAGE_R1,0.53455567666901,0,10,"{'alpha': 0.0001, 'early_stopping': True, 'hidden_layer_sizes': [32, 16], 'learning_rate_init': 0.001, 'max_iter': 1000}",0.43871377777777776,No-Size,3000,9001,client_size_above_seed_median,2000-resample client-group bootstrap over out-of-fold predictions,"['utility', 'wire_bytes']"
RandomForest,median imputation; StandardScaler for LogisticRegression/MLP numeric fields; client_id one-hot only in Raw; RandomForest numeric fields unscaled,0.6028248369466882,0.529205734868181,PRIV__CICIDS2017_COVERAGE_R1__No-Size__RandomForest__attack_ratio_above_seed_median__seed11,empirical pre-upload metadata leakage only; no formal privacy guarantee,0.5,CICIDS2017_COVERAGE_R1,0.5664547964997965,0,10,"{'class_weight': 'balanced', 'max_depth': 8, 'min_samples_leaf': 3, 'n_estimators': 300, 'n_jobs': 1}",0.5704544444444445,No-Size,3000,11,attack_ratio_above_seed_median,2000-resample client-group bootstrap over out-of-fold predictions,"['utility', 'wire_bytes']"
RandomForest,median imputation; StandardScaler for LogisticRegression/MLP numeric fields; client_id one-hot only in Raw; RandomForest numeric fields unscaled,0.5722184161324786,0.5166477374102323,PRIV__CICIDS2017_COVERAGE_R1__No-Size__RandomForest__attack_ratio_above_seed_median__seed123,empirical pre-upload metadata leakage only; no formal privacy guarantee,0.5,CICIDS2017_COVERAGE_R1,0.5517361888728555,0,10,"{'class_weight': 'balanced', 'max_depth': 8, 'min_samples_leaf': 3, 'n_estimators': 300, 'n_jobs': 1}",0.5416846666666666,No-Size,3000,123,attack_ratio_above_seed_median,2000-resample client-group bootstrap over out-of-fold predictions,"['utility', 'wire_bytes']"
RandomForest,median imputation; StandardScaler for LogisticRegression/MLP numeric fields; client_id one-hot only in Raw; RandomForest numeric fields unscaled,0.5779364551106881,0.5312418247618088,PRIV__CICIDS2017_COVERAGE_R1__No-Size__RandomForest__attack_ratio_above_seed_median__seed2026,empirical pre-upload metadata leakage only; no formal privacy guarantee,0.5,CICIDS2017_COVERAGE_R1,0.5544008319304152,0,10,"{'class_weight': 'balanced', 'max_depth': 8, 'min_samples_leaf': 3, 'n_estimators': 300, 'n_jobs': 1}",0.5564502222222223,No-Size,3000,2026,attack_ratio_above_seed_median,2000-resample client-group bootstrap over out-of-fold predictions,"['utility', 'wire_bytes']"
RandomForest,median imputation; StandardScaler for LogisticRegression/MLP numeric fields; client_id one-hot only in Raw; RandomForest numeric fields unscaled,0.5546370666935051,0.4932268157016594,PRIV__CICIDS2017_COVERAGE_R1__No-Size__RandomForest__attack_ratio_above_seed_median__seed2027,empirical pre-upload metadata leakage only; no formal privacy guarantee,0.5,CICIDS2017_COVERAGE_R1,0.5340262813729479,0,10,"{'class_weight': 'balanced', 'max_depth': 8, 'min_samples_leaf': 3, 'n_estimators': 300, 'n_jobs': 1}",0.519636,No-Size,3000,2027,attack_ratio_above_seed_median,2000-resample client-group bootstrap over out-of-fold predictions,"['utility', 'wire_bytes']"
RandomForest,median imputation; StandardScaler for LogisticRegression/MLP numeric fields; client_id one-hot only in Raw; RandomForest numeric fields unscaled,0.572107455921351,0.5097755491171638,PRIV__CICIDS2017_COVERAGE_R1__No-Size__RandomForest__attack_ratio_above_seed_median__seed2718,empirical pre-upload metadata leakage only; no formal privacy guarantee,0.5,CICIDS2017_COVERAGE_R1,0.5390259638047137,0,10,"{'class_weight': 'balanced', 'max_depth': 8, 'min_samples_leaf': 3, 'n_estimators': 300, 'n_jobs': 1}",0.5391364444444444,No-Size,3000,2718,attack_ratio_above_seed_median,2000-resample client-group bootstrap over out-of-fold predictions,"['utility', 'wire_bytes']"
RandomForest,median imputation; StandardScaler for LogisticRegression/MLP numeric fields; client_id one-hot only in Raw; RandomForest numeric fields unscaled,0.6012116374684343,0.5450547468454049,PRIV__CICIDS2017_COVERAGE_R1__No-Size__RandomForest__attack_ratio_above_seed_median__seed314,empirical pre-upload metadata leakage only; no formal privacy guarantee,0.5,CICIDS2017_COVERAGE_R1,0.575625058922559,0,10,"{'class_weight': 'balanced', 'max_depth': 8, 'min_samples_leaf': 3, 'n_estimators': 300, 'n_jobs': 1}",0.5703395555555555,No-Size,3000,314,attack_ratio_above_seed_median,2000-resample client-group bootstrap over out-of-fold predictions,"['utility', 'wire_bytes']"
RandomForest,median imputation; StandardScaler for LogisticRegression/MLP numeric fields; client_id one-hot only in Raw; RandomForest numeric fields unscaled,0.5788765687862191,0.5376259070067664,PRIV__CICIDS2017_COVERAGE_R1__No-Size__RandomForest__attack_ratio_above_seed_median__seed3407,empirical pre-upload metadata leakage only; no formal privacy guarantee,0.5,CICIDS2017_COVERAGE_R1,0.5649648108835609,0,10,"{'class_weight': 'balanced', 'max_depth': 8, 'min_samples_leaf': 3, 'n_estimators': 300, 'n_jobs': 1}",0.5566275555555555,No-Size,3000,3407,attack_ratio_above_seed_median,2000-resample client-group bootstrap over out-of-fold predictions,"['utility', 'wire_bytes']"
RandomForest,median imputation; StandardScaler for LogisticRegression/MLP numeric fields; client_id one-hot only in Raw; RandomForest numeric fields unscaled,0.5964138948710798,0.5418011092058405,PRIV__CICIDS2017_COVERAGE_R1__No-Size__RandomForest__attack_ratio_above_seed_median__seed42,empirical pre-upload metadata leakage only; no formal privacy guarantee,0.5,CICIDS2017_COVERAGE_R1,0.569820247653581,0,10,"{'class_weight': 'balanced', 'max_depth': 8, 'min_samples_leaf': 3, 'n_estimators': 300, 'n_jobs': 1}",0.5688253333333333,No-Size,3000,42,attack_ratio_above_seed_median,2000-resample client-group bootstrap over out-of-fold predictions,"['utility', 'wire_bytes']"
RandomForest,median imputation; StandardScaler for LogisticRegression/MLP numeric fields; client_id one-hot only in Raw; RandomForest numeric fields unscaled,0.5643492799455818,0.4952852625,PRIV__CICIDS2017_COVERAGE_R1__No-Size__RandomForest__attack_ratio_above_seed_median__seed777,empirical pre-upload metadata leakage only; no formal privacy guarantee,0.5,CICIDS2017_COVERAGE_R1,0.5333459399551066,0,10,"{'class_weight': 'balanced', 'max_depth': 8, 'min_samples_leaf': 3, 'n_estimators': 300, 'n_jobs': 1}",0.5303431111111112,No-Size,3000,777,attack_ratio_above_seed_median,2000-resample client-group bootstrap over out-of-fold predictions,"['utility', 'wire_bytes']"
RandomForest,median imputation; StandardScaler for LogisticRegression/MLP numeric fields; client_id one-hot only in Raw; RandomForest numeric fields unscaled,0.5883193418731677,0.5141057041916418,PRIV__CICIDS2017_COVERAGE_R1__No-Size__RandomForest__attack_ratio_above_seed_median__seed9001,empirical pre-upload metadata leakage only; no formal privacy guarantee,0.5,CICIDS2017_COVERAGE_R1,0.5587361754757589,0,10,"{'class_weight': 'balanced', 'max_depth': 8, 'min_samples_leaf': 3, 'n_estimators': 300, 'n_jobs': 1}",0.5465128888888889,No-Size,3000,9001,attack_ratio_above_seed_median,2000-resample client-group bootstrap over out-of-fold predictions,"['utility', 'wire_bytes']"
RandomForest,median imputation; StandardScaler for LogisticRegression/MLP numeric fields; client_id one-hot only in Raw; RandomForest numeric fields unscaled,0.5552597238774737,0.5067828882733522,PRIV__CICIDS2017_COVERAGE_R1__No-Size__RandomForest__client_size_above_seed_median__seed11,empirical pre-upload metadata leakage only; no formal privacy guarantee,0.5,CICIDS2017_COVERAGE_R1,0.5319925183458517,0,10,"{'class_weight': 'balanced', 'max_depth': 8, 'min_samples_leaf': 3, 'n_estimators': 300, 'n_jobs': 1}",0.5296371111111111,No-Size,3000,11,client_size_above_seed_median,2000-resample client-group bootstrap over out-of-fold predictions,"['utility', 'wire_bytes']"
RandomForest,median imputation; StandardScaler for LogisticRegression/MLP numeric fields; client_id one-hot only in Raw; RandomForest numeric fields unscaled,0.5307311059998494,0.47487114310747125,PRIV__CICIDS2017_COVERAGE_R1__No-Size__RandomForest__client_size_above_seed_median__seed123,empirical pre-upload metadata leakage only; no formal privacy guarantee,0.5,CICIDS2017_COVERAGE_R1,0.5060388888888889,0,10,"{'class_weight': 'balanced', 'max_depth': 8, 'min_samples_leaf': 3, 'n_estimators': 300, 'n_jobs': 1}",0.5033528888888888,No-Size,3000,123,client_size_above_seed_median,2000-resample client-group bootstrap over out-of-fold predictions,"['utility', 'wire_bytes']"
RandomForest,median imputation; StandardScaler for LogisticRegression/MLP numeric fields; client_id one-hot only in Raw; RandomForest numeric fields unscaled,0.5279198550778722,0.47614581646654736,PRIV__CICIDS2017_COVERAGE_R1__No-Size__RandomForest__client_size_above_seed_median__seed2026,empirical pre-upload metadata leakage only; no formal privacy guarantee,0.5,CICIDS2017_COVERAGE_R1,0.5149307112794613,0,10,"{'class_weight': 'balanced', 'max_depth': 8, 'min_samples_leaf': 3, 'n_estimators': 300, 'n_jobs': 1}",0.5023271111111111,No-Size,3000,2026,client_size_above_seed_median,2000-resample client-group bootstrap over out-of-fold predictions,"['utility', 'wire_bytes']"
RandomForest,median imputation; StandardScaler for LogisticRegression/MLP numeric fields; client_id one-hot only in Raw; RandomForest numeric fields unscaled,0.5053513923046894,0.4622427312578279,PRIV__CICIDS2017_COVERAGE_R1__No-Size__RandomForest__client_size_above_seed_median__seed2027,empirical pre-upload metadata leakage only; no formal privacy guarantee,0.5,CICIDS2017_COVERAGE_R1,0.5047096985730319,0,10,"{'class_weight': 'balanced', 'max_depth': 8, 'min_samples_leaf': 3, 'n_estimators': 300, 'n_jobs': 1}",0.48171866666666674,No-Size,3000,2027,client_size_above_seed_median,2000-resample client-group bootstrap over out-of-fold predictions,"['utility', 'wire_bytes']"
RandomForest,median imputation; StandardScaler for LogisticRegression/MLP numeric fields; client_id one-hot only in Raw; RandomForest numeric fields unscaled,0.5509703480660063,0.4948030760091886,PRIV__CICIDS2017_COVERAGE_R1__No-Size__RandomForest__client_size_above_seed_median__seed2718,empirical pre-upload metadata leakage only; no formal privacy guarantee,0.5,CICIDS2017_COVERAGE_R1,0.5411147474747475,0,10,"{'class_weight': 'balanced', 'max_depth': 8, 'min_samples_leaf': 3, 'n_estimators': 300, 'n_jobs': 1}",0.5193157777777777,No-Size,3000,2718,client_size_above_seed_median,2000-resample client-group bootstrap over out-of-fold predictions,"['utility', 'wire_bytes']"
RandomForest,median imputation; StandardScaler for LogisticRegression/MLP numeric fields; client_id one-hot only in Raw; RandomForest numeric fields unscaled,0.5607395420345941,0.5056987985298237,PRIV__CICIDS2017_COVERAGE_R1__No-Size__RandomForest__client_size_above_seed_median__seed314,empirical pre-upload metadata leakage only; no formal privacy guarantee,0.5,CICIDS2017_COVERAGE_R1,0.5359711672278339,0,10,"{'class_weight': 'balanced', 'max_depth': 8, 'min_samples_leaf': 3, 'n_estimators': 300, 'n_jobs': 1}",0.529786,No-Size,3000,314,client_size_above_seed_median,2000-resample client-group bootstrap over out-of-fold predictions,"['utility', 'wire_bytes']"
RandomForest,median imputation; StandardScaler for LogisticRegression/MLP numeric fields; client_id one-hot only in Raw; RandomForest numeric fields unscaled,0.5259312157293473,0.4780828231721982,PRIV__CICIDS2017_COVERAGE_R1__No-Size__RandomForest__client_size_above_seed_median__seed3407,empirical pre-upload metadata leakage only; no formal privacy guarantee,0.5,CICIDS2017_COVERAGE_R1,0.505442884399551,0,10,"{'class_weight': 'balanced', 'max_depth': 8, 'min_samples_leaf': 3, 'n_estimators': 300, 'n_jobs': 1}",0.5008737777777778,No-Size,3000,3407,client_size_above_seed_median,2000-resample client-group bootstrap over out-of-fold predictions,"['utility', 'wire_bytes']"
RandomForest,median imputation; StandardScaler for LogisticRegression/MLP numeric fields; client_id one-hot only in Raw; RandomForest numeric fields unscaled,0.5497704928788111,0.49611123760816717,PRIV__CICIDS2017_COVERAGE_R1__No-Size__RandomForest__client_size_above_seed_median__seed42,empirical pre-upload metadata leakage only; no formal privacy guarantee,0.5,CICIDS2017_COVERAGE_R1,0.5393226368538869,0,10,"{'class_weight': 'balanced', 'max_depth': 8, 'min_samples_leaf': 3, 'n_estimators': 300, 'n_jobs': 1}",0.5206271111111112,No-Size,3000,42,client_size_above_seed_median,2000-resample client-group bootstrap over out-of-fold predictions,"['utility', 'wire_bytes']"
RandomForest,median imputation; StandardScaler for LogisticRegression/MLP numeric fields; client_id one-hot only in Raw; RandomForest numeric fields unscaled,0.5391086220047216,0.490702153322188,PRIV__CICIDS2017_COVERAGE_R1__No-Size__RandomForest__client_size_above_seed_median__seed777,empirical pre-upload metadata leakage only; no formal privacy guarantee,0.5,CICIDS2017_COVERAGE_R1,0.5183954497354497,0,10,"{'class_weight': 'balanced', 'max_depth': 8, 'min_samples_leaf': 3, 'n_estimators': 300, 'n_jobs': 1}",0.5143922222222223,No-Size,3000,777,client_size_above_seed_median,2000-resample client-group bootstrap over out-of-fold predictions,"['utility', 'wire_bytes']"
RandomForest,median imputation; StandardScaler for LogisticRegression/MLP numeric fields; client_id one-hot only in Raw; RandomForest numeric fields unscaled,0.5451442576123555,0.4967201223446212,PRIV__CICIDS2017_COVERAGE_R1__No-Size__RandomForest__client_size_above_seed_median__seed9001,empirical pre-upload metadata leakage only; no formal privacy guarantee,0.5,CICIDS2017_COVERAGE_R1,0.5212624792491459,0,10,"{'class_weight': 'balanced', 'max_depth': 8, 'min_samples_leaf': 3, 'n_estimators': 300, 'n_jobs': 1}",0.5216406666666666,No-Size,3000,9001,client_size_above_seed_median,2000-resample client-group bootstrap over out-of-fold predictions,"['utility', 'wire_bytes']"
LogisticRegression,median imputation; StandardScaler for LogisticRegression/MLP numeric fields; client_id one-hot only in Raw; RandomForest numeric fields unscaled,0.7661202227239747,0.6109958477709266,PRIV__CICIDS2017_COVERAGE_R1__Noisy-Quantized__LogisticRegression__attack_ratio_above_seed_median__seed11,empirical pre-upload metadata leakage only; no formal privacy guarantee,0.5,CICIDS2017_COVERAGE_R1,0.680145182132682,0,10,"{'C': 1.0, 'class_weight': 'balanced', 'max_iter': 2000, 'solver': 'liblinear'}",0.6925706666666667,Noisy-Quantized,3000,11,attack_ratio_above_seed_median,2000-resample client-group bootstrap over out-of-fold predictions,"['utility', 'wire_bytes', 'n_fit']"
LogisticRegression,median imputation; StandardScaler for LogisticRegression/MLP numeric fields; client_id one-hot only in Raw; RandomForest numeric fields unscaled,0.770540397235283,0.6037704725293886,PRIV__CICIDS2017_COVERAGE_R1__Noisy-Quantized__LogisticRegression__attack_ratio_above_seed_median__seed123,empirical pre-upload metadata leakage only; no formal privacy guarantee,0.5,CICIDS2017_COVERAGE_R1,0.6906476925543592,0,10,"{'C': 1.0, 'class_weight': 'balanced', 'max_iter': 2000, 'solver': 'liblinear'}",0.6874066666666666,Noisy-Quantized,3000,123,attack_ratio_above_seed_median,2000-resample client-group bootstrap over out-of-fold predictions,"['utility', 'wire_bytes', 'n_fit']"
LogisticRegression,median imputation; StandardScaler for LogisticRegression/MLP numeric fields; client_id one-hot only in Raw; RandomForest numeric fields unscaled,0.7544727681002956,0.5937298575680272,PRIV__CICIDS2017_COVERAGE_R1__Noisy-Quantized__LogisticRegression__attack_ratio_above_seed_median__seed2026,empirical pre-upload metadata leakage only; no formal privacy guarantee,0.5,CICIDS2017_COVERAGE_R1,0.6777334259259259,0,10,"{'C': 1.0, 'class_weight': 'balanced', 'max_iter': 2000, 'solver': 'liblinear'}",0.6774022222222222,Noisy-Quantized,3000,2026,attack_ratio_above_seed_median,2000-resample client-group bootstrap over out-of-fold predictions,"['utility', 'wire_bytes', 'n_fit']"
LogisticRegression,median imputation; StandardScaler for LogisticRegression/MLP numeric fields; client_id one-hot only in Raw; RandomForest numeric fields unscaled,0.7584438807720058,0.5980273745096698,PRIV__CICIDS2017_COVERAGE_R1__Noisy-Quantized__LogisticRegression__attack_ratio_above_seed_median__seed2027,empirical pre-upload metadata leakage only; no formal privacy guarantee,0.5,CICIDS2017_COVERAGE_R1,0.6637438546638547,0,10,"{'C': 1.0, 'class_weight': 'balanced', 'max_iter': 2000, 'solver': 'liblinear'}",0.6828333333333334,Noisy-Quantized,3000,2027,attack_ratio_above_seed_median,2000-resample client-group bootstrap over out-of-fold predictions,"['utility', 'wire_bytes', 'n_fit']"
LogisticRegression,median imputation; StandardScaler for LogisticRegression/MLP numeric fields; client_id one-hot only in Raw; RandomForest numeric fields unscaled,0.7566568683501683,0.6010285308915638,PRIV__CICIDS2017_COVERAGE_R1__Noisy-Quantized__LogisticRegression__attack_ratio_above_seed_median__seed2718,empirical pre-upload metadata leakage only; no formal privacy guarantee,0.5,CICIDS2017_COVERAGE_R1,0.6753417283950618,0,10,"{'C': 1.0, 'class_weight': 'balanced', 'max_iter': 2000, 'solver': 'liblinear'}",0.6807946666666667,Noisy-Quantized,3000,2718,attack_ratio_above_seed_median,2000-resample client-group bootstrap over out-of-fold predictions,"['utility', 'wire_bytes', 'n_fit']"
LogisticRegression,median imputation; StandardScaler for LogisticRegression/MLP numeric fields; client_id one-hot only in Raw; RandomForest numeric fields unscaled,0.7703326494408876,0.6054745086925385,PRIV__CICIDS2017_COVERAGE_R1__Noisy-Quantized__LogisticRegression__attack_ratio_above_seed_median__seed314,empirical pre-upload metadata leakage only; no formal privacy guarantee,0.5,CICIDS2017_COVERAGE_R1,0.6914771296296296,0,10,"{'C': 1.0, 'class_weight': 'balanced', 'max_iter': 2000, 'solver': 'liblinear'}",0.6895342222222222,Noisy-Quantized,3000,314,attack_ratio_above_seed_median,2000-resample client-group bootstrap over out-of-fold predictions,"['utility', 'wire_bytes', 'n_fit']"
LogisticRegression,median imputation; StandardScaler for LogisticRegression/MLP numeric fields; client_id one-hot only in Raw; RandomForest numeric fields unscaled,0.7734086116161615,0.6050096354166666,PRIV__CICIDS2017_COVERAGE_R1__Noisy-Quantized__LogisticRegression__attack_ratio_above_seed_median__seed3407,empirical pre-upload metadata leakage only; no formal privacy guarantee,0.5,CICIDS2017_COVERAGE_R1,0.6957147240105573,0,10,"{'C': 1.0, 'class_weight': 'balanced', 'max_iter': 2000, 'solver': 'liblinear'}",0.6962546666666668,Noisy-Quantized,3000,3407,attack_ratio_above_seed_median,2000-resample client-group bootstrap over out-of-fold predictions,"['utility', 'wire_bytes', 'n_fit']"
LogisticRegression,median imputation; StandardScaler for LogisticRegression/MLP numeric fields; client_id one-hot only in Raw; RandomForest numeric fields unscaled,0.773655398657925,0.6180357142472158,PRIV__CICIDS2017_COVERAGE_R1__Noisy-Quantized__LogisticRegression__attack_ratio_above_seed_median__seed42,empirical pre-upload metadata leakage only; no formal privacy guarantee,0.5,CICIDS2017_COVERAGE_R1,0.6801533343200009,0,10,"{'C': 1.0, 'class_weight': 'balanced', 'max_iter': 2000, 'solver': 'liblinear'}",0.6985764444444444,Noisy-Quantized,3000,42,attack_ratio_above_seed_median,2000-resample client-group bootstrap over out-of-fold predictions,"['utility', 'wire_bytes', 'n_fit']"
LogisticRegression,median imputation; StandardScaler for LogisticRegression/MLP numeric fields; client_id one-hot only in Raw; RandomForest numeric fields unscaled,0.7554043955331516,0.5991439914147477,PRIV__CICIDS2017_COVERAGE_R1__Noisy-Quantized__LogisticRegression__attack_ratio_above_seed_median__seed777,empirical pre-upload metadata leakage only; no formal privacy guarantee,0.5,CICIDS2017_COVERAGE_R1,0.686294983164983,0,10,"{'C': 1.0, 'class_weight': 'balanced', 'max_iter': 2000, 'solver': 'liblinear'}",0.6795244444444445,Noisy-Quantized,3000,777,attack_ratio_above_seed_median,2000-resample client-group bootstrap over out-of-fold predictions,"['utility', 'wire_bytes', 'n_fit']"
LogisticRegression,median imputation; StandardScaler for LogisticRegression/MLP numeric fields; client_id one-hot only in Raw; RandomForest numeric fields unscaled,0.7731990975670998,0.6115200991855075,PRIV__CICIDS2017_COVERAGE_R1__Noisy-Quantized__LogisticRegression__attack_ratio_above_seed_median__seed9001,empirical pre-upload metadata leakage only; no formal privacy guarantee,0.5,CICIDS2017_COVERAGE_R1,0.6886636827678495,0,10,"{'C': 1.0, 'class_weight': 'balanced', 'max_iter': 2000, 'solver': 'liblinear'}",0.6944422222222222,Noisy-Quantized,3000,9001,attack_ratio_above_seed_median,2000-resample client-group bootstrap over out-of-fold predictions,"['utility', 'wire_bytes', 'n_fit']"
LogisticRegression,median imputation; StandardScaler for LogisticRegression/MLP numeric fields; client_id one-hot only in Raw; RandomForest numeric fields unscaled,0.9983516064492299,0.9809098777086775,PRIV__CICIDS2017_COVERAGE_R1__Noisy-Quantized__LogisticRegression__client_size_above_seed_median__seed11,empirical pre-upload metadata leakage only; no formal privacy guarantee,0.5,CICIDS2017_COVERAGE_R1,0.9956343101343101,0,10,"{'C': 1.0, 'class_weight': 'balanced', 'max_iter': 2000, 'solver': 'liblinear'}",0.9906346666666666,Noisy-Quantized,3000,11,client_size_above_seed_median,2000-resample client-group bootstrap over out-of-fold predictions,"['utility', 'wire_bytes', 'n_fit']"
LogisticRegression,median imputation; StandardScaler for LogisticRegression/MLP numeric fields; client_id one-hot only in Raw; RandomForest numeric fields unscaled,0.9990183798128258,0.9829552901944132,PRIV__CICIDS2017_COVERAGE_R1__Noisy-Quantized__LogisticRegression__client_size_above_seed_median__seed123,empirical pre-upload metadata leakage only; no formal privacy guarantee,0.5,CICIDS2017_COVERAGE_R1,0.9954711111111111,0,10,"{'C': 1.0, 'class_weight': 'balanced', 'max_iter': 2000, 'solver': 'liblinear'}",0.9914626666666667,Noisy-Quantized,3000,123,client_size_above_seed_median,2000-resample client-group bootstrap over out-of-fold predictions,"['utility', 'wire_bytes', 'n_fit']"
LogisticRegression,median imputation; StandardScaler for LogisticRegression/MLP numeric fields; client_id one-hot only in Raw; RandomForest numeric fields unscaled,0.9984615039281706,0.9802175940336365,PRIV__CICIDS2017_COVERAGE_R1__Noisy-Quantized__LogisticRegression__client_size_above_seed_median__seed2026,empirical pre-upload metadata leakage only; no formal privacy guarantee,0.5,CICIDS2017_COVERAGE_R1,0.9938927946127947,0,10,"{'C': 1.0, 'class_weight': 'balanced', 'max_iter': 2000, 'solver': 'liblinear'}",0.9901284444444445,Noisy-Quantized,3000,2026,client_size_above_seed_median,2000-resample client-group bootstrap over out-of-fold predictions,"['utility', 'wire_bytes', 'n_fit']"
LogisticRegression,median imputation; StandardScaler for LogisticRegression/MLP numeric fields; client_id one-hot only in Raw; RandomForest numeric fields unscaled,0.9986756364749083,0.9814961048789174,PRIV__CICIDS2017_COVERAGE_R1__Noisy-Quantized__LogisticRegression__client_size_above_seed_median__seed2027,empirical pre-upload metadata leakage only; no formal privacy guarantee,0.5,CICIDS2017_COVERAGE_R1,0.993902962962963,0,10,"{'C': 1.0, 'class_weight': 'balanced', 'max_iter': 2000, 'solver': 'liblinear'}",0.9910622222222223,Noisy-Quantized,3000,2027,client_size_above_seed_median,2000-resample client-group bootstrap over out-of-fold predictions,"['utility', 'wire_bytes', 'n_fit']"
LogisticRegression,median imputation; StandardScaler for LogisticRegression/MLP numeric fields; client_id one-hot only in Raw; RandomForest numeric fields unscaled,0.9986789378269708,0.979182739633514,PRIV__CICIDS2017_COVERAGE_R1__Noisy-Quantized__LogisticRegression__client_size_above_seed_median__seed2718,empirical pre-upload metadata leakage only; no formal privacy guarantee,0.5,CICIDS2017_COVERAGE_R1,0.9995051851851852,0,10,"{'C': 1.0, 'class_weight': 'balanced', 'max_iter': 2000, 'solver': 'liblinear'}",0.989448,Noisy-Quantized,3000,2718,client_size_above_seed_median,2000-resample client-group bootstrap over out-of-fold predictions,"['utility', 'wire_bytes', 'n_fit']"
LogisticRegression,median imputation; StandardScaler for LogisticRegression/MLP numeric fields; client_id one-hot only in Raw; RandomForest numeric fields unscaled,0.9993172502805837,0.9824171539961013,PRIV__CICIDS2017_COVERAGE_R1__Noisy-Quantized__LogisticRegression__client_size_above_seed_median__seed314,empirical pre-upload metadata leakage only; no formal privacy guarantee,0.5,CICIDS2017_COVERAGE_R1,0.9978217059483725,0,10,"{'C': 1.0, 'class_weight': 'balanced', 'max_iter': 2000, 'solver': 'liblinear'}",0.9921231111111112,Noisy-Quantized,3000,314,client_size_above_seed_median,2000-resample client-group bootstrap over out-of-fold predictions,"['utility', 'wire_bytes', 'n_fit']"
LogisticRegression,median imputation; StandardScaler for LogisticRegression/MLP numeric fields; client_id one-hot only in Raw; RandomForest numeric fields unscaled,0.9979156179818164,0.9792027987177464,PRIV__CICIDS2017_COVERAGE_R1__Noisy-Quantized__LogisticRegression__client_size_above_seed_median__seed3407,empirical pre-upload metadata leakage only; no formal privacy guarantee,0.5,CICIDS2017_COVERAGE_R1,0.998028888888889,0,10,"{'C': 1.0, 'class_weight': 'balanced', 'max_iter': 2000, 'solver': 'liblinear'}",0.9894622222222221,Noisy-Quantized,3000,3407,client_size_above_seed_median,2000-resample client-group bootstrap over out-of-fold predictions,"['utility', 'wire_bytes', 'n_fit']"
LogisticRegression,median imputation; StandardScaler for LogisticRegression/MLP numeric fields; client_id one-hot only in Raw; RandomForest numeric fields unscaled,0.9979356463879617,0.9791112592906999,PRIV__CICIDS2017_COVERAGE_R1__Noisy-Quantized__LogisticRegression__client_size_above_seed_median__seed42,empirical pre-upload metadata leakage only; no formal privacy guarantee,0.5,CICIDS2017_COVERAGE_R1,0.9973024013024012,0,10,"{'C': 1.0, 'class_weight': 'balanced', 'max_iter': 2000, 'solver': 'liblinear'}",0.9893924444444444,Noisy-Quantized,3000,42,client_size_above_seed_median,2000-resample client-group bootstrap over out-of-fold predictions,"['utility', 'wire_bytes', 'n_fit']"
LogisticRegression,median imputation; StandardScaler for LogisticRegression/MLP numeric fields; client_id one-hot only in Raw; RandomForest numeric fields unscaled,0.9984420186049802,0.9805752906152907,PRIV__CICIDS2017_COVERAGE_R1__Noisy-Quantized__LogisticRegression__client_size_above_seed_median__seed777,empirical pre-upload metadata leakage only; no formal privacy guarantee,0.5,CICIDS2017_COVERAGE_R1,0.9951967592592592,0,10,"{'C': 1.0, 'class_weight': 'balanced', 'max_iter': 2000, 'solver': 'liblinear'}",0.990808,Noisy-Quantized,3000,777,client_size_above_seed_median,2000-resample client-group bootstrap over out-of-fold predictions,"['utility', 'wire_bytes', 'n_fit']"
LogisticRegression,median imputation; StandardScaler for LogisticRegression/MLP numeric fields; client_id one-hot only in Raw; RandomForest numeric fields unscaled,0.997800018500116,0.9759870264066732,PRIV__CICIDS2017_COVERAGE_R1__Noisy-Quantized__LogisticRegression__client_size_above_seed_median__seed9001,empirical pre-upload metadata leakage only; no formal privacy guarantee,0.5,CICIDS2017_COVERAGE_R1,0.9978173961840628,0,10,"{'C': 1.0, 'class_weight': 'balanced', 'max_iter': 2000, 'solver': 'liblinear'}",0.9878124444444445,Noisy-Quantized,3000,9001,client_size_above_seed_median,2000-resample client-group bootstrap over out-of-fold predictions,"['utility', 'wire_bytes', 'n_fit']"
MLP,median imputation; StandardScaler for LogisticRegression/MLP numeric fields; client_id one-hot only in Raw; RandomForest numeric fields unscaled,0.7589694607405252,0.5956592860976919,PRIV__CICIDS2017_COVERAGE_R1__Noisy-Quantized__MLP__attack_ratio_above_seed_median__seed11,empirical pre-upload metadata leakage only; no formal privacy guarantee,0.5,CICIDS2017_COVERAGE_R1,0.6774450691900693,0,10,"{'alpha': 0.0001, 'early_stopping': True, 'hidden_layer_sizes': [32, 16], 'learning_rate_init': 0.001, 'max_iter': 1000}",0.6779613333333334,Noisy-Quantized,3000,11,attack_ratio_above_seed_median,2000-resample client-group bootstrap over out-of-fold predictions,"['utility', 'wire_bytes', 'n_fit']"
MLP,median imputation; StandardScaler for LogisticRegression/MLP numeric fields; client_id one-hot only in Raw; RandomForest numeric fields unscaled,0.7871726544784581,0.6445335050483848,PRIV__CICIDS2017_COVERAGE_R1__Noisy-Quantized__MLP__attack_ratio_above_seed_median__seed123,empirical pre-upload metadata leakage only; no formal privacy guarantee,0.5,CICIDS2017_COVERAGE_R1,0.7161673297073298,0,10,"{'alpha': 0.0001, 'early_stopping': True, 'hidden_layer_sizes': [32, 16], 'learning_rate_init': 0.001, 'max_iter': 1000}",0.7141182222222222,Noisy-Quantized,3000,123,attack_ratio_above_seed_median,2000-resample client-group bootstrap over out-of-fold predictions,"['utility', 'wire_bytes', 'n_fit']"
MLP,median imputation; StandardScaler for LogisticRegression/MLP numeric fields; client_id one-hot only in Raw; RandomForest numeric fields unscaled,0.7850058537122531,0.6090240405189853,PRIV__CICIDS2017_COVERAGE_R1__Noisy-Quantized__MLP__attack_ratio_above_seed_median__seed2026,empirical pre-upload metadata leakage only; no formal privacy guarantee,0.5,CICIDS2017_COVERAGE_R1,0.6861785606060606,0,10,"{'alpha': 0.0001, 'early_stopping': True, 'hidden_layer_sizes': [32, 16], 'learning_rate_init': 0.001, 'max_iter': 1000}",0.6990346666666667,Noisy-Quantized,3000,2026,attack_ratio_above_seed_median,2000-resample client-group bootstrap over out-of-fold predictions,"['utility', 'wire_bytes', 'n_fit']"
MLP,median imputation; StandardScaler for LogisticRegression/MLP numeric fields; client_id one-hot only in Raw; RandomForest numeric fields unscaled,0.7457112889984041,0.5874278865769074,PRIV__CICIDS2017_COVERAGE_R1__Noisy-Quantized__MLP__attack_ratio_above_seed_median__seed2027,empirical pre-upload metadata leakage only; no formal privacy guarantee,0.5,CICIDS2017_COVERAGE_R1,0.6768664569997903,0,10,"{'alpha': 0.0001, 'early_stopping': True, 'hidden_layer_sizes': [32, 16], 'learning_rate_init': 0.001, 'max_iter': 1000}",0.67394,Noisy-Quantized,3000,2027,attack_ratio_above_seed_median,2000-resample client-group bootstrap over out-of-fold predictions,"['utility', 'wire_bytes', 'n_fit']"
MLP,median imputation; StandardScaler for LogisticRegression/MLP numeric fields; client_id one-hot only in Raw; RandomForest numeric fields unscaled,0.7745705914865164,0.6246499189363207,PRIV__CICIDS2017_COVERAGE_R1__Noisy-Quantized__MLP__attack_ratio_above_seed_median__seed2718,empirical pre-upload metadata leakage only; no formal privacy guarantee,0.5,CICIDS2017_COVERAGE_R1,0.6978855920314253,0,10,"{'alpha': 0.0001, 'early_stopping': True, 'hidden_layer_sizes': [32, 16], 'learning_rate_init': 0.001, 'max_iter': 1000}",0.6991937777777778,Noisy-Quantized,3000,2718,attack_ratio_above_seed_median,2000-resample client-group bootstrap over out-of-fold predictions,"['utility', 'wire_bytes', 'n_fit']"
MLP,median imputation; StandardScaler for LogisticRegression/MLP numeric fields; client_id one-hot only in Raw; RandomForest numeric fields unscaled,0.7764599576118325,0.6316005077098827,PRIV__CICIDS2017_COVERAGE_R1__Noisy-Quantized__MLP__attack_ratio_above_seed_median__seed314,empirical pre-upload metadata leakage only; no formal privacy guarantee,0.5,CICIDS2017_COVERAGE_R1,0.7145230274971942,0,10,"{'alpha': 0.0001, 'early_stopping': True, 'hidden_layer_sizes': [32, 16], 'learning_rate_init': 0.001, 'max_iter': 1000}",0.7050422222222222,Noisy-Quantized,3000,314,attack_ratio_above_seed_median,2000-resample client-group bootstrap over out-of-fold predictions,"['utility', 'wire_bytes', 'n_fit']"
MLP,median imputation; StandardScaler for LogisticRegression/MLP numeric fields; client_id one-hot only in Raw; RandomForest numeric fields unscaled,0.7737675583191034,0.6237190148000608,PRIV__CICIDS2017_COVERAGE_R1__Noisy-Quantized__MLP__attack_ratio_above_seed_median__seed3407,empirical pre-upload metadata leakage only; no formal privacy guarantee,0.5,CICIDS2017_COVERAGE_R1,0.707833969425636,0,10,"{'alpha': 0.0001, 'early_stopping': True, 'hidden_layer_sizes': [32, 16], 'learning_rate_init': 0.001, 'max_iter': 1000}",0.7019191111111112,Noisy-Quantized,3000,3407,attack_ratio_above_seed_median,2000-resample client-group bootstrap over out-of-fold predictions,"['utility', 'wire_bytes', 'n_fit']"
MLP,median imputation; StandardScaler for LogisticRegression/MLP numeric fields; client_id one-hot only in Raw; RandomForest numeric fields unscaled,0.7738004251246438,0.6236493945868946,PRIV__CICIDS2017_COVERAGE_R1__Noisy-Quantized__MLP__attack_ratio_above_seed_median__seed42,empirical pre-upload metadata leakage only; no formal privacy guarantee,0.5,CICIDS2017_COVERAGE_R1,0.692320691654025,0,10,"{'alpha': 0.0001, 'early_stopping': True, 'hidden_layer_sizes': [32, 16], 'learning_rate_init': 0.001, 'max_iter': 1000}",0.6966902222222222,Noisy-Quantized,3000,42,attack_ratio_above_seed_median,2000-resample client-group bootstrap over out-of-fold predictions,"['utility', 'wire_bytes', 'n_fit']"
MLP,median imputation; StandardScaler for LogisticRegression/MLP numeric fields; client_id one-hot only in Raw; RandomForest numeric fields unscaled,0.763369294953537,0.614383288888889,PRIV__CICIDS2017_COVERAGE_R1__Noisy-Quantized__MLP__attack_ratio_above_seed_median__seed777,empirical pre-upload metadata leakage only; no formal privacy guarantee,0.5,CICIDS2017_COVERAGE_R1,0.7002978731762065,0,10,"{'alpha': 0.0001, 'early_stopping': True, 'hidden_layer_sizes': [32, 16], 'learning_rate_init': 0.001, 'max_iter': 1000}",0.6907937777777778,Noisy-Quantized,3000,777,attack_ratio_above_seed_median,2000-resample client-group bootstrap over out-of-fold predictions,"['utility', 'wire_bytes', 'n_fit']"
MLP,median imputation; StandardScaler for LogisticRegression/MLP numeric fields; client_id one-hot only in Raw; RandomForest numeric fields unscaled,0.7952825895803239,0.6382109464177292,PRIV__CICIDS2017_COVERAGE_R1__Noisy-Quantized__MLP__attack_ratio_above_seed_median__seed9001,empirical pre-upload metadata leakage only; no formal privacy guarantee,0.5,CICIDS2017_COVERAGE_R1,0.7131932774016108,0,10,"{'alpha': 0.0001, 'early_stopping': True, 'hidden_layer_sizes': [32, 16], 'learning_rate_init': 0.001, 'max_iter': 1000}",0.7210475555555556,Noisy-Quantized,3000,9001,attack_ratio_above_seed_median,2000-resample client-group bootstrap over out-of-fold predictions,"['utility', 'wire_bytes', 'n_fit']"
MLP,median imputation; StandardScaler for LogisticRegression/MLP numeric fields; client_id one-hot only in Raw; RandomForest numeric fields unscaled,0.9950340587623938,0.9579951148808906,PRIV__CICIDS2017_COVERAGE_R1__Noisy-Quantized__MLP__client_size_above_seed_median__seed11,empirical pre-upload metadata leakage only; no formal privacy guarantee,0.5,CICIDS2017_COVERAGE_R1,0.9946468162084828,0,10,"{'alpha': 0.0001, 'early_stopping': True, 'hidden_layer_sizes': [32, 16], 'learning_rate_init': 0.001, 'max_iter': 1000}",0.9787186666666667,Noisy-Quantized,3000,11,client_size_above_seed_median,2000-resample client-group bootstrap over out-of-fold predictions,"['utility', 'wire_bytes', 'n_fit']"
MLP,median imputation; StandardScaler for LogisticRegression/MLP numeric fields; client_id one-hot only in Raw; RandomForest numeric fields unscaled,0.996951341172682,0.9754091262626263,PRIV__CICIDS2017_COVERAGE_R1__Noisy-Quantized__MLP__client_size_above_seed_median__seed123,empirical pre-upload metadata leakage only; no formal privacy guarantee,0.5,CICIDS2017_COVERAGE_R1,0.9942085746352414,0,10,"{'alpha': 0.0001, 'early_stopping': True, 'hidden_layer_sizes': [32, 16], 'learning_rate_init': 0.001, 'max_iter': 1000}",0.9864542222222221,Noisy-Quantized,3000,123,client_size_above_seed_median,2000-resample client-group bootstrap over out-of-fold predictions,"['utility', 'wire_bytes', 'n_fit']"
MLP,median imputation; StandardScaler for LogisticRegression/MLP numeric fields; client_id one-hot only in Raw; RandomForest numeric fields unscaled,0.9961879498870255,0.9662998313264699,PRIV__CICIDS2017_COVERAGE_R1__Noisy-Quantized__MLP__client_size_above_seed_median__seed2026,empirical pre-upload metadata leakage only; no formal privacy guarantee,0.5,CICIDS2017_COVERAGE_R1,0.9926226318742986,0,10,"{'alpha': 0.0001, 'early_stopping': True, 'hidden_layer_sizes': [32, 16], 'learning_rate_init': 0.001, 'max_iter': 1000}",0.9821288888888889,Noisy-Quantized,3000,2026,client_size_above_seed_median,2000-resample client-group bootstrap over out-of-fold predictions,"['utility', 'wire_bytes', 'n_fit']"
MLP,median imputation; StandardScaler for LogisticRegression/MLP numeric fields; client_id one-hot only in Raw; RandomForest numeric fields unscaled,0.998481826950056,0.981372105427988,PRIV__CICIDS2017_COVERAGE_R1__Noisy-Quantized__MLP__client_size_above_seed_median__seed2027,empirical pre-upload metadata leakage only; no formal privacy guarantee,0.5,CICIDS2017_COVERAGE_R1,0.9941064935064935,0,10,"{'alpha': 0.0001, 'early_stopping': True, 'hidden_layer_sizes': [32, 16], 'learning_rate_init': 0.001, 'max_iter': 1000}",0.9908399999999999,Noisy-Quantized,3000,2027,client_size_above_seed_median,2000-resample client-group bootstrap over out-of-fold predictions,"['utility', 'wire_bytes', 'n_fit']"
MLP,median imputation; StandardScaler for LogisticRegression/MLP numeric fields; client_id one-hot only in Raw; RandomForest numeric fields unscaled,0.9965181355561091,0.9733871111111112,PRIV__CICIDS2017_COVERAGE_R1__Noisy-Quantized__MLP__client_size_above_seed_median__seed2718,empirical pre-upload metadata leakage only; no formal privacy guarantee,0.5,CICIDS2017_COVERAGE_R1,0.9983885072951739,0,10,"{'alpha': 0.0001, 'early_stopping': True, 'hidden_layer_sizes': [32, 16], 'learning_rate_init': 0.001, 'max_iter': 1000}",0.9855577777777778,Noisy-Quantized,3000,2718,client_size_above_seed_median,2000-resample client-group bootstrap over out-of-fold predictions,"['utility', 'wire_bytes', 'n_fit']"
MLP,median imputation; StandardScaler for LogisticRegression/MLP numeric fields; client_id one-hot only in Raw; RandomForest numeric fields unscaled,0.9970239493286944,0.9514528859449574,PRIV__CICIDS2017_COVERAGE_R1__Noisy-Quantized__MLP__client_size_above_seed_median__seed314,empirical pre-upload metadata leakage only; no formal privacy guarantee,0.5,CICIDS2017_COVERAGE_R1,0.9906776655443323,0,10,"{'alpha': 0.0001, 'early_stopping': True, 'hidden_layer_sizes': [32, 16], 'learning_rate_init': 0.001, 'max_iter': 1000}",0.9795008888888889,Noisy-Quantized,3000,314,client_size_above_seed_median,2000-resample client-group bootstrap over out-of-fold predictions,"['utility', 'wire_bytes', 'n_fit']"
MLP,median imputation; StandardScaler for LogisticRegression/MLP numeric fields; client_id one-hot only in Raw; RandomForest numeric fields unscaled,0.9932961853393173,0.964461504212059,PRIV__CICIDS2017_COVERAGE_R1__Noisy-Quantized__MLP__client_size_above_seed_median__seed3407,empirical pre-upload metadata leakage only; no formal privacy guarantee,0.5,CICIDS2017_COVERAGE_R1,0.9960550392817058,0,10,"{'alpha': 0.0001, 'early_stopping': True, 'hidden_layer_sizes': [32, 16], 'learning_rate_init': 0.001, 'max_iter': 1000}",0.9787471111111112,Noisy-Quantized,3000,3407,client_size_above_seed_median,2000-resample client-group bootstrap over out-of-fold predictions,"['utility', 'wire_bytes', 'n_fit']"
MLP,median imputation; StandardScaler for LogisticRegression/MLP numeric fields; client_id one-hot only in Raw; RandomForest numeric fields unscaled,0.9940338999236058,0.9306912197146131,PRIV__CICIDS2017_COVERAGE_R1__Noisy-Quantized__MLP__client_size_above_seed_median__seed42,empirical pre-upload metadata leakage only; no formal privacy guarantee,0.5,CICIDS2017_COVERAGE_R1,0.9892565374440375,0,10,"{'alpha': 0.0001, 'early_stopping': True, 'hidden_layer_sizes': [32, 16], 'learning_rate_init': 0.001, 'max_iter': 1000}",0.9666573333333333,Noisy-Quantized,3000,42,client_size_above_seed_median,2000-resample client-group bootstrap over out-of-fold predictions,"['utility', 'wire_bytes', 'n_fit']"
MLP,median imputation; StandardScaler for LogisticRegression/MLP numeric fields; client_id one-hot only in Raw; RandomForest numeric fields unscaled,0.9973172711913048,0.9767832422570112,PRIV__CICIDS2017_COVERAGE_R1__Noisy-Quantized__MLP__client_size_above_seed_median__seed777,empirical pre-upload metadata leakage only; no formal privacy guarantee,0.5,CICIDS2017_COVERAGE_R1,0.9921775,0,10,"{'alpha': 0.0001, 'early_stopping': True, 'hidden_layer_sizes': [32, 16], 'learning_rate_init': 0.001, 'max_iter': 1000}",0.9878666666666667,Noisy-Quantized,3000,777,client_size_above_seed_median,2000-resample client-group bootstrap over out-of-fold predictions,"['utility', 'wire_bytes', 'n_fit']"
MLP,median imputation; StandardScaler for LogisticRegression/MLP numeric fields; client_id one-hot only in Raw; RandomForest numeric fields unscaled,0.991461444591641,0.9404406230285995,PRIV__CICIDS2017_COVERAGE_R1__Noisy-Quantized__MLP__client_size_above_seed_median__seed9001,empirical pre-upload metadata leakage only; no formal privacy guarantee,0.5,CICIDS2017_COVERAGE_R1,0.9960903331236665,0,10,"{'alpha': 0.0001, 'early_stopping': True, 'hidden_layer_sizes': [32, 16], 'learning_rate_init': 0.001, 'max_iter': 1000}",0.9656235555555556,Noisy-Quantized,3000,9001,client_size_above_seed_median,2000-resample client-group bootstrap over out-of-fold predictions,"['utility', 'wire_bytes', 'n_fit']"
RandomForest,median imputation; StandardScaler for LogisticRegression/MLP numeric fields; client_id one-hot only in Raw; RandomForest numeric fields unscaled,0.7805498195633809,0.6366024023719337,PRIV__CICIDS2017_COVERAGE_R1__Noisy-Quantized__RandomForest__attack_ratio_above_seed_median__seed11,empirical pre-upload metadata leakage only; no formal privacy guarantee,0.5,CICIDS2017_COVERAGE_R1,0.6913003266178266,0,10,"{'class_weight': 'balanced', 'max_depth': 8, 'min_samples_leaf': 3, 'n_estimators': 300, 'n_jobs': 1}",0.7125635555555556,Noisy-Quantized,3000,11,attack_ratio_above_seed_median,2000-resample client-group bootstrap over out-of-fold predictions,"['utility', 'wire_bytes', 'n_fit']"
RandomForest,median imputation; StandardScaler for LogisticRegression/MLP numeric fields; client_id one-hot only in Raw; RandomForest numeric fields unscaled,0.7777021884505279,0.6117705152777778,PRIV__CICIDS2017_COVERAGE_R1__Noisy-Quantized__RandomForest__attack_ratio_above_seed_median__seed123,empirical pre-upload metadata leakage only; no formal privacy guarantee,0.5,CICIDS2017_COVERAGE_R1,0.697633420776754,0,10,"{'class_weight': 'balanced', 'max_depth': 8, 'min_samples_leaf': 3, 'n_estimators': 300, 'n_jobs': 1}",0.6939293333333334,Noisy-Quantized,3000,123,attack_ratio_above_seed_median,2000-resample client-group bootstrap over out-of-fold predictions,"['utility', 'wire_bytes', 'n_fit']"
RandomForest,median imputation; StandardScaler for LogisticRegression/MLP numeric fields; client_id one-hot only in Raw; RandomForest numeric fields unscaled,0.7647934853575704,0.6146980538468605,PRIV__CICIDS2017_COVERAGE_R1__Noisy-Quantized__RandomForest__attack_ratio_above_seed_median__seed2026,empirical pre-upload metadata leakage only; no formal privacy guarantee,0.5,CICIDS2017_COVERAGE_R1,0.6939956621773289,0,10,"{'class_weight': 'balanced', 'max_depth': 8, 'min_samples_leaf': 3, 'n_estimators': 300, 'n_jobs': 1}",0.694340888888889,Noisy-Quantized,3000,2026,attack_ratio_above_seed_median,2000-resample client-group bootstrap over out-of-fold predictions,"['utility', 'wire_bytes', 'n_fit']"
RandomForest,median imputation; StandardScaler for LogisticRegression/MLP numeric fields; client_id one-hot only in Raw; RandomForest numeric fields unscaled,0.7791293158361831,0.6375687611111112,PRIV__CICIDS2017_COVERAGE_R1__Noisy-Quantized__RandomForest__attack_ratio_above_seed_median__seed2027,empirical pre-upload metadata leakage only; no formal privacy guarantee,0.5,CICIDS2017_COVERAGE_R1,0.7001901539201539,0,10,"{'class_weight': 'balanced', 'max_depth': 8, 'min_samples_leaf': 3, 'n_estimators': 300, 'n_jobs': 1}",0.70667,Noisy-Quantized,3000,2027,attack_ratio_above_seed_median,2000-resample client-group bootstrap over out-of-fold predictions,"['utility', 'wire_bytes', 'n_fit']"
RandomForest,median imputation; StandardScaler for LogisticRegression/MLP numeric fields; client_id one-hot only in Raw; RandomForest numeric fields unscaled,0.7773313978185056,0.6394372587373042,PRIV__CICIDS2017_COVERAGE_R1__Noisy-Quantized__RandomForest__attack_ratio_above_seed_median__seed2718,empirical pre-upload metadata leakage only; no formal privacy guarantee,0.5,CICIDS2017_COVERAGE_R1,0.7144226725589224,0,10,"{'class_weight': 'balanced', 'max_depth': 8, 'min_samples_leaf': 3, 'n_estimators': 300, 'n_jobs': 1}",0.7039126666666666,Noisy-Quantized,3000,2718,attack_ratio_above_seed_median,2000-resample client-group bootstrap over out-of-fold predictions,"['utility', 'wire_bytes', 'n_fit']"
RandomForest,median imputation; StandardScaler for LogisticRegression/MLP numeric fields; client_id one-hot only in Raw; RandomForest numeric fields unscaled,0.7857566386689354,0.6134581165316612,PRIV__CICIDS2017_COVERAGE_R1__Noisy-Quantized__RandomForest__attack_ratio_above_seed_median__seed314,empirical pre-upload metadata leakage only; no formal privacy guarantee,0.5,CICIDS2017_COVERAGE_R1,0.6993754741863076,0,10,"{'class_weight': 'balanced', 'max_depth': 8, 'min_samples_leaf': 3, 'n_estimators': 300, 'n_jobs': 1}",0.7028359999999999,Noisy-Quantized,3000,314,attack_ratio_above_seed_median,2000-resample client-group bootstrap over out-of-fold predictions,"['utility', 'wire_bytes', 'n_fit']"
RandomForest,median imputation; StandardScaler for LogisticRegression/MLP numeric fields; client_id one-hot only in Raw; RandomForest numeric fields unscaled,0.8081584106585346,0.6451645573063712,PRIV__CICIDS2017_COVERAGE_R1__Noisy-Quantized__RandomForest__attack_ratio_above_seed_median__seed3407,empirical pre-upload metadata leakage only; no formal privacy guarantee,0.5,CICIDS2017_COVERAGE_R1,0.7116201727130894,0,10,"{'class_weight': 'balanced', 'max_depth': 8, 'min_samples_leaf': 3, 'n_estimators': 300, 'n_jobs': 1}",0.7262404444444446,Noisy-Quantized,3000,3407,attack_ratio_above_seed_median,2000-resample client-group bootstrap over out-of-fold predictions,"['utility', 'wire_bytes', 'n_fit']"
RandomForest,median imputation; StandardScaler for LogisticRegression/MLP numeric fields; client_id one-hot only in Raw; RandomForest numeric fields unscaled,0.7972031569142076,0.6576957430333243,PRIV__CICIDS2017_COVERAGE_R1__Noisy-Quantized__RandomForest__attack_ratio_above_seed_median__seed42,empirical pre-upload metadata leakage only; no formal privacy guarantee,0.5,CICIDS2017_COVERAGE_R1,0.7206709031709033,0,10,"{'class_weight': 'balanced', 'max_depth': 8, 'min_samples_leaf': 3, 'n_estimators': 300, 'n_jobs': 1}",0.7301264444444444,Noisy-Quantized,3000,42,attack_ratio_above_seed_median,2000-resample client-group bootstrap over out-of-fold predictions,"['utility', 'wire_bytes', 'n_fit']"
RandomForest,median imputation; StandardScaler for LogisticRegression/MLP numeric fields; client_id one-hot only in Raw; RandomForest numeric fields unscaled,0.7911271141414141,0.6460234826162556,PRIV__CICIDS2017_COVERAGE_R1__Noisy-Quantized__RandomForest__attack_ratio_above_seed_median__seed777,empirical pre-upload metadata leakage only; no formal privacy guarantee,0.5,CICIDS2017_COVERAGE_R1,0.7227976950056116,0,10,"{'class_weight': 'balanced', 'max_depth': 8, 'min_samples_leaf': 3, 'n_estimators': 300, 'n_jobs': 1}",0.7147586666666667,Noisy-Quantized,3000,777,attack_ratio_above_seed_median,2000-resample client-group bootstrap over out-of-fold predictions,"['utility', 'wire_bytes', 'n_fit']"
RandomForest,median imputation; StandardScaler for LogisticRegression/MLP numeric fields; client_id one-hot only in Raw; RandomForest numeric fields unscaled,0.808517204861111,0.6611939379927385,PRIV__CICIDS2017_COVERAGE_R1__Noisy-Quantized__RandomForest__attack_ratio_above_seed_median__seed9001,empirical pre-upload metadata leakage only; no formal privacy guarantee,0.5,CICIDS2017_COVERAGE_R1,0.7321417078292078,0,10,"{'class_weight': 'balanced', 'max_depth': 8, 'min_samples_leaf': 3, 'n_estimators': 300, 'n_jobs': 1}",0.7357659999999999,Noisy-Quantized,3000,9001,attack_ratio_above_seed_median,2000-resample client-group bootstrap over out-of-fold predictions,"['utility', 'wire_bytes', 'n_fit']"
RandomForest,median imputation; StandardScaler for LogisticRegression/MLP numeric fields; client_id one-hot only in Raw; RandomForest numeric fields unscaled,0.9951452085750125,0.9281227530219902,PRIV__CICIDS2017_COVERAGE_R1__Noisy-Quantized__RandomForest__client_size_above_seed_median__seed11,empirical pre-upload metadata leakage only; no formal privacy guarantee,0.5,CICIDS2017_COVERAGE_R1,0.9710246805046806,0,10,"{'class_weight': 'balanced', 'max_depth': 8, 'min_samples_leaf': 3, 'n_estimators': 300, 'n_jobs': 1}",0.9618933333333334,Noisy-Quantized,3000,11,client_size_above_seed_median,2000-resample client-group bootstrap over out-of-fold predictions,"['utility', 'wire_bytes', 'n_fit']"
RandomForest,median imputation; StandardScaler for LogisticRegression/MLP numeric fields; client_id one-hot only in Raw; RandomForest numeric fields unscaled,0.9969546846603327,0.9258671886368184,PRIV__CICIDS2017_COVERAGE_R1__Noisy-Quantized__RandomForest__client_size_above_seed_median__seed123,empirical pre-upload metadata leakage only; no formal privacy guarantee,0.5,CICIDS2017_COVERAGE_R1,0.9664693827160494,0,10,"{'class_weight': 'balanced', 'max_depth': 8, 'min_samples_leaf': 3, 'n_estimators': 300, 'n_jobs': 1}",0.9661262222222221,Noisy-Quantized,3000,123,client_size_above_seed_median,2000-resample client-group bootstrap over out-of-fold predictions,"['utility', 'wire_bytes', 'n_fit']"
RandomForest,median imputation; StandardScaler for LogisticRegression/MLP numeric fields; client_id one-hot only in Raw; RandomForest numeric fields unscaled,0.9940045781901142,0.9331981587979564,PRIV__CICIDS2017_COVERAGE_R1__Noisy-Quantized__RandomForest__client_size_above_seed_median__seed2026,empirical pre-upload metadata leakage only; no formal privacy guarantee,0.5,CICIDS2017_COVERAGE_R1,0.9820517873176208,0,10,"{'class_weight': 'balanced', 'max_depth': 8, 'min_samples_leaf': 3, 'n_estimators': 300, 'n_jobs': 1}",0.9666973333333334,Noisy-Quantized,3000,2026,client_size_above_seed_median,2000-resample client-group bootstrap over out-of-fold predictions,"['utility', 'wire_bytes', 'n_fit']"
RandomForest,median imputation; StandardScaler for LogisticRegression/MLP numeric fields; client_id one-hot only in Raw; RandomForest numeric fields unscaled,0.9948006711350241,0.9193429130174798,PRIV__CICIDS2017_COVERAGE_R1__Noisy-Quantized__RandomForest__client_size_above_seed_median__seed2027,empirical pre-upload metadata leakage only; no formal privacy guarantee,0.5,CICIDS2017_COVERAGE_R1,0.9734107712041045,0,10,"{'class_weight': 'balanced', 'max_depth': 8, 'min_samples_leaf': 3, 'n_estimators': 300, 'n_jobs': 1}",0.9581142222222222,Noisy-Quantized,3000,2027,client_size_above_seed_median,2000-resample client-group bootstrap over out-of-fold predictions,"['utility', 'wire_bytes', 'n_fit']"
RandomForest,median imputation; StandardScaler for LogisticRegression/MLP numeric fields; client_id one-hot only in Raw; RandomForest numeric fields unscaled,0.9897104870883284,0.8822044375,PRIV__CICIDS2017_COVERAGE_R1__Noisy-Quantized__RandomForest__client_size_above_seed_median__seed2718,empirical pre-upload metadata leakage only; no formal privacy guarantee,0.5,CICIDS2017_COVERAGE_R1,0.9645885072951741,0,10,"{'class_weight': 'balanced', 'max_depth': 8, 'min_samples_leaf': 3, 'n_estimators': 300, 'n_jobs': 1}",0.9375651111111112,Noisy-Quantized,3000,2718,client_size_above_seed_median,2000-resample client-group bootstrap over out-of-fold predictions,"['utility', 'wire_bytes', 'n_fit']"
RandomForest,median imputation; StandardScaler for LogisticRegression/MLP numeric fields; client_id one-hot only in Raw; RandomForest numeric fields unscaled,0.9956521802348887,0.9283574570835962,PRIV__CICIDS2017_COVERAGE_R1__Noisy-Quantized__RandomForest__client_size_above_seed_median__seed314,empirical pre-upload metadata leakage only; no formal privacy guarantee,0.5,CICIDS2017_COVERAGE_R1,0.9724550056116723,0,10,"{'class_weight': 'balanced', 'max_depth': 8, 'min_samples_leaf': 3, 'n_estimators': 300, 'n_jobs': 1}",0.9669002222222223,Noisy-Quantized,3000,314,client_size_above_seed_median,2000-resample client-group bootstrap over out-of-fold predictions,"['utility', 'wire_bytes', 'n_fit']"
RandomForest,median imputation; StandardScaler for LogisticRegression/MLP numeric fields; client_id one-hot only in Raw; RandomForest numeric fields unscaled,0.9936546907921419,0.9265629824846606,PRIV__CICIDS2017_COVERAGE_R1__Noisy-Quantized__RandomForest__client_size_above_seed_median__seed3407,empirical pre-upload metadata leakage only; no formal privacy guarantee,0.5,CICIDS2017_COVERAGE_R1,0.9717994276094277,0,10,"{'class_weight': 'balanced', 'max_depth': 8, 'min_samples_leaf': 3, 'n_estimators': 300, 'n_jobs': 1}",0.9647575555555556,Noisy-Quantized,3000,3407,client_size_above_seed_median,2000-resample client-group bootstrap over out-of-fold predictions,"['utility', 'wire_bytes', 'n_fit']"
RandomForest,median imputation; StandardScaler for LogisticRegression/MLP numeric fields; client_id one-hot only in Raw; RandomForest numeric fields unscaled,0.99489072504505,0.9187318309027777,PRIV__CICIDS2017_COVERAGE_R1__Noisy-Quantized__RandomForest__client_size_above_seed_median__seed42,empirical pre-upload metadata leakage only; no formal privacy guarantee,0.5,CICIDS2017_COVERAGE_R1,0.9779573921448922,0,10,"{'class_weight': 'balanced', 'max_depth': 8, 'min_samples_leaf': 3, 'n_estimators': 300, 'n_jobs': 1}",0.9599813333333332,Noisy-Quantized,3000,42,client_size_above_seed_median,2000-resample client-group bootstrap over out-of-fold predictions,"['utility', 'wire_bytes', 'n_fit']"
RandomForest,median imputation; StandardScaler for LogisticRegression/MLP numeric fields; client_id one-hot only in Raw; RandomForest numeric fields unscaled,0.997145130910756,0.9193106032027195,PRIV__CICIDS2017_COVERAGE_R1__Noisy-Quantized__RandomForest__client_size_above_seed_median__seed777,empirical pre-upload metadata leakage only; no formal privacy guarantee,0.5,CICIDS2017_COVERAGE_R1,0.967728425925926,0,10,"{'class_weight': 'balanced', 'max_depth': 8, 'min_samples_leaf': 3, 'n_estimators': 300, 'n_jobs': 1}",0.9619984444444444,Noisy-Quantized,3000,777,client_size_above_seed_median,2000-resample client-group bootstrap over out-of-fold predictions,"['utility', 'wire_bytes', 'n_fit']"
RandomForest,median imputation; StandardScaler for LogisticRegression/MLP numeric fields; client_id one-hot only in Raw; RandomForest numeric fields unscaled,0.9902975037629994,0.8922336550091073,PRIV__CICIDS2017_COVERAGE_R1__Noisy-Quantized__RandomForest__client_size_above_seed_median__seed9001,empirical pre-upload metadata leakage only; no formal privacy guarantee,0.5,CICIDS2017_COVERAGE_R1,0.9596409203142537,0,10,"{'class_weight': 'balanced', 'max_depth': 8, 'min_samples_leaf': 3, 'n_estimators': 300, 'n_jobs': 1}",0.9447313333333334,Noisy-Quantized,3000,9001,client_size_above_seed_median,2000-resample client-group bootstrap over out-of-fold predictions,"['utility', 'wire_bytes', 'n_fit']"
LogisticRegression,median imputation; StandardScaler for LogisticRegression/MLP numeric fields; client_id one-hot only in Raw; RandomForest numeric fields unscaled,0.759684608460266,0.6114946798056337,PRIV__CICIDS2017_COVERAGE_R1__Raw__LogisticRegression__attack_ratio_above_seed_median__seed11,empirical pre-upload metadata leakage only; no formal privacy guarantee,0.5,CICIDS2017_COVERAGE_R1,0.6753181684981685,0,10,"{'C': 1.0, 'class_weight': 'balanced', 'max_iter': 2000, 'solver': 'liblinear'}",0.6882386666666667,Raw,3000,11,attack_ratio_above_seed_median,2000-resample client-group bootstrap over out-of-fold predictions,"['client_id', 'round', 'utility', 'wire_bytes', 'n_fit', 'eligible']"
LogisticRegression,median imputation; StandardScaler for LogisticRegression/MLP numeric fields; client_id one-hot only in Raw; RandomForest numeric fields unscaled,0.767640940719925,0.6119035997441751,PRIV__CICIDS2017_COVERAGE_R1__Raw__LogisticRegression__attack_ratio_above_seed_median__seed123,empirical pre-upload metadata leakage only; no formal privacy guarantee,0.5,CICIDS2017_COVERAGE_R1,0.69164817996818,0,10,"{'C': 1.0, 'class_weight': 'balanced', 'max_iter': 2000, 'solver': 'liblinear'}",0.6907719999999999,Raw,3000,123,attack_ratio_above_seed_median,2000-resample client-group bootstrap over out-of-fold predictions,"['client_id', 'round', 'utility', 'wire_bytes', 'n_fit', 'eligible']"
LogisticRegression,median imputation; StandardScaler for LogisticRegression/MLP numeric fields; client_id one-hot only in Raw; RandomForest numeric fields unscaled,0.7637100385641306,0.6027649346691843,PRIV__CICIDS2017_COVERAGE_R1__Raw__LogisticRegression__attack_ratio_above_seed_median__seed2026,empirical pre-upload metadata leakage only; no formal privacy guarantee,0.5,CICIDS2017_COVERAGE_R1,0.6836011083052751,0,10,"{'C': 1.0, 'class_weight': 'balanced', 'max_iter': 2000, 'solver': 'liblinear'}",0.6893515555555555,Raw,3000,2026,attack_ratio_above_seed_median,2000-resample client-group bootstrap over out-of-fold predictions,"['client_id', 'round', 'utility', 'wire_bytes', 'n_fit', 'eligible']"
LogisticRegression,median imputation; StandardScaler for LogisticRegression/MLP numeric fields; client_id one-hot only in Raw; RandomForest numeric fields unscaled,0.7725149908734072,0.6174204107680834,PRIV__CICIDS2017_COVERAGE_R1__Raw__LogisticRegression__attack_ratio_above_seed_median__seed2027,empirical pre-upload metadata leakage only; no formal privacy guarantee,0.5,CICIDS2017_COVERAGE_R1,0.6813343454076788,0,10,"{'C': 1.0, 'class_weight': 'balanced', 'max_iter': 2000, 'solver': 'liblinear'}",0.6979937777777776,Raw,3000,2027,attack_ratio_above_seed_median,2000-resample client-group bootstrap over out-of-fold predictions,"['client_id', 'round', 'utility', 'wire_bytes', 'n_fit', 'eligible']"
LogisticRegression,median imputation; StandardScaler for LogisticRegression/MLP numeric fields; client_id one-hot only in Raw; RandomForest numeric fields unscaled,0.7651969419867077,0.6059218349339038,PRIV__CICIDS2017_COVERAGE_R1__Raw__LogisticRegression__attack_ratio_above_seed_median__seed2718,empirical pre-upload metadata leakage only; no formal privacy guarantee,0.5,CICIDS2017_COVERAGE_R1,0.6826307744107745,0,10,"{'C': 1.0, 'class_weight': 'balanced', 'max_iter': 2000, 'solver': 'liblinear'}",0.6883822222222222,Raw,3000,2718,attack_ratio_above_seed_median,2000-resample client-group bootstrap over out-of-fold predictions,"['client_id', 'round', 'utility', 'wire_bytes', 'n_fit', 'eligible']"
LogisticRegression,median imputation; StandardScaler for LogisticRegression/MLP numeric fields; client_id one-hot only in Raw; RandomForest numeric fields unscaled,0.7837334279088967,0.6198077406406182,PRIV__CICIDS2017_COVERAGE_R1__Raw__LogisticRegression__attack_ratio_above_seed_median__seed314,empirical pre-upload metadata leakage only; no formal privacy guarantee,0.5,CICIDS2017_COVERAGE_R1,0.6995460914702581,0,10,"{'C': 1.0, 'class_weight': 'balanced', 'max_iter': 2000, 'solver': 'liblinear'}",0.7059186666666667,Raw,3000,314,attack_ratio_above_seed_median,2000-resample client-group bootstrap over out-of-fold predictions,"['client_id', 'round', 'utility', 'wire_bytes', 'n_fit', 'eligible']"
LogisticRegression,median imputation; StandardScaler for LogisticRegression/MLP numeric fields; client_id one-hot only in Raw; RandomForest numeric fields unscaled,0.7793587294071669,0.6112167986222937,PRIV__CICIDS2017_COVERAGE_R1__Raw__LogisticRegression__attack_ratio_above_seed_median__seed3407,empirical pre-upload metadata leakage only; no formal privacy guarantee,0.5,CICIDS2017_COVERAGE_R1,0.6969394145360812,0,10,"{'C': 1.0, 'class_weight': 'balanced', 'max_iter': 2000, 'solver': 'liblinear'}",0.6976342222222223,Raw,3000,3407,attack_ratio_above_seed_median,2000-resample client-group bootstrap over out-of-fold predictions,"['client_id', 'round', 'utility', 'wire_bytes', 'n_fit', 'eligible']"
LogisticRegression,median imputation; StandardScaler for LogisticRegression/MLP numeric fields; client_id one-hot only in Raw; RandomForest numeric fields unscaled,0.7766275178632058,0.6310132527599716,PRIV__CICIDS2017_COVERAGE_R1__Raw__LogisticRegression__attack_ratio_above_seed_median__seed42,empirical pre-upload metadata leakage only; no formal privacy guarantee,0.5,CICIDS2017_COVERAGE_R1,0.6853068043068042,0,10,"{'C': 1.0, 'class_weight': 'balanced', 'max_iter': 2000, 'solver': 'liblinear'}",0.706212,Raw,3000,42,attack_ratio_above_seed_median,2000-resample client-group bootstrap over out-of-fold predictions,"['client_id', 'round', 'utility', 'wire_bytes', 'n_fit', 'eligible']"
LogisticRegression,median imputation; StandardScaler for LogisticRegression/MLP numeric fields; client_id one-hot only in Raw; RandomForest numeric fields unscaled,0.7615523597498695,0.6157336925028196,PRIV__CICIDS2017_COVERAGE_R1__Raw__LogisticRegression__attack_ratio_above_seed_median__seed777,empirical pre-upload metadata leakage only; no formal privacy guarantee,0.5,CICIDS2017_COVERAGE_R1,0.6927586111111111,0,10,"{'C': 1.0, 'class_weight': 'balanced', 'max_iter': 2000, 'solver': 'liblinear'}",0.6894973333333333,Raw,3000,777,attack_ratio_above_seed_median,2000-resample client-group bootstrap over out-of-fold predictions,"['client_id', 'round', 'utility', 'wire_bytes', 'n_fit', 'eligible']"
LogisticRegression,median imputation; StandardScaler for LogisticRegression/MLP numeric fields; client_id one-hot only in Raw; RandomForest numeric fields unscaled,0.7783229337544374,0.6210797279174015,PRIV__CICIDS2017_COVERAGE_R1__Raw__LogisticRegression__attack_ratio_above_seed_median__seed9001,empirical pre-upload metadata leakage only; no formal privacy guarantee,0.5,CICIDS2017_COVERAGE_R1,0.6950498297998297,0,10,"{'C': 1.0, 'class_weight': 'balanced', 'max_iter': 2000, 'solver': 'liblinear'}",0.7040608888888888,Raw,3000,9001,attack_ratio_above_seed_median,2000-resample client-group bootstrap over out-of-fold predictions,"['client_id', 'round', 'utility', 'wire_bytes', 'n_fit', 'eligible']"
LogisticRegression,median imputation; StandardScaler for LogisticRegression/MLP numeric fields; client_id one-hot only in Raw; RandomForest numeric fields unscaled,0.9984294858392769,0.9796328518518392,PRIV__CICIDS2017_COVERAGE_R1__Raw__LogisticRegression__client_size_above_seed_median__seed11,empirical pre-upload metadata leakage only; no formal privacy guarantee,0.5,CICIDS2017_COVERAGE_R1,0.9948436874236875,0,10,"{'C': 1.0, 'class_weight': 'balanced', 'max_iter': 2000, 'solver': 'liblinear'}",0.9892582222222223,Raw,3000,11,client_size_above_seed_median,2000-resample client-group bootstrap over out-of-fold predictions,"['client_id', 'round', 'utility', 'wire_bytes', 'n_fit', 'eligible']"
LogisticRegression,median imputation; StandardScaler for LogisticRegression/MLP numeric fields; client_id one-hot only in Raw; RandomForest numeric fields unscaled,0.9981789975071226,0.9798008595287618,PRIV__CICIDS2017_COVERAGE_R1__Raw__LogisticRegression__client_size_above_seed_median__seed123,empirical pre-upload metadata leakage only; no formal privacy guarantee,0.5,CICIDS2017_COVERAGE_R1,0.9965740291806957,0,10,"{'C': 1.0, 'class_weight': 'balanced', 'max_iter': 2000, 'solver': 'liblinear'}",0.9893484444444444,Raw,3000,123,client_size_above_seed_median,2000-resample client-group bootstrap over out-of-fold predictions,"['client_id', 'round', 'utility', 'wire_bytes', 'n_fit', 'eligible']"
LogisticRegression,median imputation; StandardScaler for LogisticRegression/MLP numeric fields; client_id one-hot only in Raw; RandomForest numeric fields unscaled,0.9973902355399231,0.9789873076578994,PRIV__CICIDS2017_COVERAGE_R1__Raw__LogisticRegression__client_size_above_seed_median__seed2026,empirical pre-upload metadata leakage only; no formal privacy guarantee,0.5,CICIDS2017_COVERAGE_R1,0.9923714478114478,0,10,"{'C': 1.0, 'class_weight': 'balanced', 'max_iter': 2000, 'solver': 'liblinear'}",0.9882288888888888,Raw,3000,2026,client_size_above_seed_median,2000-resample client-group bootstrap over out-of-fold predictions,"['client_id', 'round', 'utility', 'wire_bytes', 'n_fit', 'eligible']"
LogisticRegression,median imputation; StandardScaler for LogisticRegression/MLP numeric fields; client_id one-hot only in Raw; RandomForest numeric fields unscaled,0.9985431231056568,0.9814663196998623,PRIV__CICIDS2017_COVERAGE_R1__Raw__LogisticRegression__client_size_above_seed_median__seed2027,empirical pre-upload metadata leakage only; no formal privacy guarantee,0.5,CICIDS2017_COVERAGE_R1,0.9945870450537116,0,10,"{'C': 1.0, 'class_weight': 'balanced', 'max_iter': 2000, 'solver': 'liblinear'}",0.9900893333333333,Raw,3000,2027,client_size_above_seed_median,2000-resample client-group bootstrap over out-of-fold predictions,"['client_id', 'round', 'utility', 'wire_bytes', 'n_fit', 'eligible']"
LogisticRegression,median imputation; StandardScaler for LogisticRegression/MLP numeric fields; client_id one-hot only in Raw; RandomForest numeric fields unscaled,0.9978336223378241,0.979196942325706,PRIV__CICIDS2017_COVERAGE_R1__Raw__LogisticRegression__client_size_above_seed_median__seed2718,empirical pre-upload metadata leakage only; no formal privacy guarantee,0.5,CICIDS2017_COVERAGE_R1,0.9972310662177328,0,10,"{'C': 1.0, 'class_weight': 'balanced', 'max_iter': 2000, 'solver': 'liblinear'}",0.988792,Raw,3000,2718,client_size_above_seed_median,2000-resample client-group bootstrap over out-of-fold predictions,"['client_id', 'round', 'utility', 'wire_bytes', 'n_fit', 'eligible']"
LogisticRegression,median imputation; StandardScaler for LogisticRegression/MLP numeric fields; client_id one-hot only in Raw; RandomForest numeric fields unscaled,0.9983340445966729,0.9797654176046459,PRIV__CICIDS2017_COVERAGE_R1__Raw__LogisticRegression__client_size_above_seed_median__seed314,empirical pre-upload metadata leakage only; no formal privacy guarantee,0.5,CICIDS2017_COVERAGE_R1,0.9950248484848483,0,10,"{'C': 1.0, 'class_weight': 'balanced', 'max_iter': 2000, 'solver': 'liblinear'}",0.989003111111111,Raw,3000,314,client_size_above_seed_median,2000-resample client-group bootstrap over out-of-fold predictions,"['client_id', 'round', 'utility', 'wire_bytes', 'n_fit', 'eligible']"
LogisticRegression,median imputation; StandardScaler for LogisticRegression/MLP numeric fields; client_id one-hot only in Raw; RandomForest numeric fields unscaled,0.997385180312982,0.9772533207070707,PRIV__CICIDS2017_COVERAGE_R1__Raw__LogisticRegression__client_size_above_seed_median__seed3407,empirical pre-upload metadata leakage only; no formal privacy guarantee,0.5,CICIDS2017_COVERAGE_R1,0.9975816161616162,0,10,"{'C': 1.0, 'class_weight': 'balanced', 'max_iter': 2000, 'solver': 'liblinear'}",0.9878275555555556,Raw,3000,3407,client_size_above_seed_median,2000-resample client-group bootstrap over out-of-fold predictions,"['client_id', 'round', 'utility', 'wire_bytes', 'n_fit', 'eligible']"
LogisticRegression,median imputation; StandardScaler for LogisticRegression/MLP numeric fields; client_id one-hot only in Raw; RandomForest numeric fields unscaled,0.9985182486300602,0.9791822994700112,PRIV__CICIDS2017_COVERAGE_R1__Raw__LogisticRegression__client_size_above_seed_median__seed42,empirical pre-upload metadata leakage only; no formal privacy guarantee,0.5,CICIDS2017_COVERAGE_R1,0.9971035816035816,0,10,"{'C': 1.0, 'class_weight': 'balanced', 'max_iter': 2000, 'solver': 'liblinear'}",0.9891764444444445,Raw,3000,42,client_size_above_seed_median,2000-resample client-group bootstrap over out-of-fold predictions,"['client_id', 'round', 'utility', 'wire_bytes', 'n_fit', 'eligible']"
LogisticRegression,median imputation; StandardScaler for LogisticRegression/MLP numeric fields; client_id one-hot only in Raw; RandomForest numeric fields unscaled,0.9982074014656367,0.9793112230295888,PRIV__CICIDS2017_COVERAGE_R1__Raw__LogisticRegression__client_size_above_seed_median__seed777,empirical pre-upload metadata leakage only; no formal privacy guarantee,0.5,CICIDS2017_COVERAGE_R1,0.9961269444444444,0,10,"{'C': 1.0, 'class_weight': 'balanced', 'max_iter': 2000, 'solver': 'liblinear'}",0.9890275555555554,Raw,3000,777,client_size_above_seed_median,2000-resample client-group bootstrap over out-of-fold predictions,"['client_id', 'round', 'utility', 'wire_bytes', 'n_fit', 'eligible']"
LogisticRegression,median imputation; StandardScaler for LogisticRegression/MLP numeric fields; client_id one-hot only in Raw; RandomForest numeric fields unscaled,0.9969686723647793,0.9750344693048497,PRIV__CICIDS2017_COVERAGE_R1__Raw__LogisticRegression__client_size_above_seed_median__seed9001,empirical pre-upload metadata leakage only; no formal privacy guarantee,0.5,CICIDS2017_COVERAGE_R1,0.999550460157127,0,10,"{'C': 1.0, 'class_weight': 'balanced', 'max_iter': 2000, 'solver': 'liblinear'}",0.9856253333333332,Raw,3000,9001,client_size_above_seed_median,2000-resample client-group bootstrap over out-of-fold predictions,"['client_id', 'round', 'utility', 'wire_bytes', 'n_fit', 'eligible']"
MLP,median imputation; StandardScaler for LogisticRegression/MLP numeric fields; client_id one-hot only in Raw; RandomForest numeric fields unscaled,0.7639015456991991,0.6373243191605489,PRIV__CICIDS2017_COVERAGE_R1__Raw__MLP__attack_ratio_above_seed_median__seed11,empirical pre-upload metadata leakage only; no formal privacy guarantee,0.5,CICIDS2017_COVERAGE_R1,0.6837781155881156,0,10,"{'alpha': 0.0001, 'early_stopping': True, 'hidden_layer_sizes': [32, 16], 'learning_rate_init': 0.001, 'max_iter': 1000}",0.7056533333333332,Raw,3000,11,attack_ratio_above_seed_median,2000-resample client-group bootstrap over out-of-fold predictions,"['client_id', 'round', 'utility', 'wire_bytes', 'n_fit', 'eligible']"
MLP,median imputation; StandardScaler for LogisticRegression/MLP numeric fields; client_id one-hot only in Raw; RandomForest numeric fields unscaled,0.7989739893109419,0.6392053886212588,PRIV__CICIDS2017_COVERAGE_R1__Raw__MLP__attack_ratio_above_seed_median__seed123,empirical pre-upload metadata leakage only; no formal privacy guarantee,0.5,CICIDS2017_COVERAGE_R1,0.7087183769317102,0,10,"{'alpha': 0.0001, 'early_stopping': True, 'hidden_layer_sizes': [32, 16], 'learning_rate_init': 0.001, 'max_iter': 1000}",0.717036,Raw,3000,123,attack_ratio_above_seed_median,2000-resample client-group bootstrap over out-of-fold predictions,"['client_id', 'round', 'utility', 'wire_bytes', 'n_fit', 'eligible']"
MLP,median imputation; StandardScaler for LogisticRegression/MLP numeric fields; client_id one-hot only in Raw; RandomForest numeric fields unscaled,0.7865701084401708,0.6390459901348428,PRIV__CICIDS2017_COVERAGE_R1__Raw__MLP__attack_ratio_above_seed_median__seed2026,empirical pre-upload metadata leakage only; no formal privacy guarantee,0.5,CICIDS2017_COVERAGE_R1,0.7189566554433221,0,10,"{'alpha': 0.0001, 'early_stopping': True, 'hidden_layer_sizes': [32, 16], 'learning_rate_init': 0.001, 'max_iter': 1000}",0.7136346666666668,Raw,3000,2026,attack_ratio_above_seed_median,2000-resample client-group bootstrap over out-of-fold predictions,"['client_id', 'round', 'utility', 'wire_bytes', 'n_fit', 'eligible']"
MLP,median imputation; StandardScaler for LogisticRegression/MLP numeric fields; client_id one-hot only in Raw; RandomForest numeric fields unscaled,0.7899945345607303,0.6501157071927001,PRIV__CICIDS2017_COVERAGE_R1__Raw__MLP__attack_ratio_above_seed_median__seed2027,empirical pre-upload metadata leakage only; no formal privacy guarantee,0.5,CICIDS2017_COVERAGE_R1,0.7176218115218115,0,10,"{'alpha': 0.0001, 'early_stopping': True, 'hidden_layer_sizes': [32, 16], 'learning_rate_init': 0.001, 'max_iter': 1000}",0.7207866666666667,Raw,3000,2027,attack_ratio_above_seed_median,2000-resample client-group bootstrap over out-of-fold predictions,"['client_id', 'round', 'utility', 'wire_bytes', 'n_fit', 'eligible']"
MLP,median imputation; StandardScaler for LogisticRegression/MLP numeric fields; client_id one-hot only in Raw; RandomForest numeric fields unscaled,0.7991427912134161,0.6265988325281803,PRIV__CICIDS2017_COVERAGE_R1__Raw__MLP__attack_ratio_above_seed_median__seed2718,empirical pre-upload metadata leakage only; no formal privacy guarantee,0.5,CICIDS2017_COVERAGE_R1,0.7045350561167227,0,10,"{'alpha': 0.0001, 'early_stopping': True, 'hidden_layer_sizes': [32, 16], 'learning_rate_init': 0.001, 'max_iter': 1000}",0.7097862222222222,Raw,3000,2718,attack_ratio_above_seed_median,2000-resample client-group bootstrap over out-of-fold predictions,"['client_id', 'round', 'utility', 'wire_bytes', 'n_fit', 'eligible']"
MLP,median imputation; StandardScaler for LogisticRegression/MLP numeric fields; client_id one-hot only in Raw; RandomForest numeric fields unscaled,0.7861846961006624,0.6439496559777017,PRIV__CICIDS2017_COVERAGE_R1__Raw__MLP__attack_ratio_above_seed_median__seed314,empirical pre-upload metadata leakage only; no formal privacy guarantee,0.5,CICIDS2017_COVERAGE_R1,0.7037598569023569,0,10,"{'alpha': 0.0001, 'early_stopping': True, 'hidden_layer_sizes': [32, 16], 'learning_rate_init': 0.001, 'max_iter': 1000}",0.7145733333333333,Raw,3000,314,attack_ratio_above_seed_median,2000-resample client-group bootstrap over out-of-fold predictions,"['client_id', 'round', 'utility', 'wire_bytes', 'n_fit', 'eligible']"
MLP,median imputation; StandardScaler for LogisticRegression/MLP numeric fields; client_id one-hot only in Raw; RandomForest numeric fields unscaled,0.7537004230160068,0.5906331291254432,PRIV__CICIDS2017_COVERAGE_R1__Raw__MLP__attack_ratio_above_seed_median__seed3407,empirical pre-upload metadata leakage only; no formal privacy guarantee,0.5,CICIDS2017_COVERAGE_R1,0.6886311035569369,0,10,"{'alpha': 0.0001, 'early_stopping': True, 'hidden_layer_sizes': [32, 16], 'learning_rate_init': 0.001, 'max_iter': 1000}",0.6753813333333333,Raw,3000,3407,attack_ratio_above_seed_median,2000-resample client-group bootstrap over out-of-fold predictions,"['client_id', 'round', 'utility', 'wire_bytes', 'n_fit', 'eligible']"
MLP,median imputation; StandardScaler for LogisticRegression/MLP numeric fields; client_id one-hot only in Raw; RandomForest numeric fields unscaled,0.808050472471103,0.6560695236371753,PRIV__CICIDS2017_COVERAGE_R1__Raw__MLP__attack_ratio_above_seed_median__seed42,empirical pre-upload metadata leakage only; no formal privacy guarantee,0.5,CICIDS2017_COVERAGE_R1,0.7231042661042661,0,10,"{'alpha': 0.0001, 'early_stopping': True, 'hidden_layer_sizes': [32, 16], 'learning_rate_init': 0.001, 'max_iter': 1000}",0.7306293333333332,Raw,3000,42,attack_ratio_above_seed_median,2000-resample client-group bootstrap over out-of-fold predictions,"['client_id', 'round', 'utility', 'wire_bytes', 'n_fit', 'eligible']"
MLP,median imputation; StandardScaler for LogisticRegression/MLP numeric fields; client_id one-hot only in Raw; RandomForest numeric fields unscaled,0.7723669468843017,0.5931004995104039,PRIV__CICIDS2017_COVERAGE_R1__Raw__MLP__attack_ratio_above_seed_median__seed777,empirical pre-upload metadata leakage only; no formal privacy guarantee,0.5,CICIDS2017_COVERAGE_R1,0.6990113411896746,0,10,"{'alpha': 0.0001, 'early_stopping': True, 'hidden_layer_sizes': [32, 16], 'learning_rate_init': 0.001, 'max_iter': 1000}",0.6791831111111111,Raw,3000,777,attack_ratio_above_seed_median,2000-resample client-group bootstrap over out-of-fold predictions,"['client_id', 'round', 'utility', 'wire_bytes', 'n_fit', 'eligible']"
MLP,median imputation; StandardScaler for LogisticRegression/MLP numeric fields; client_id one-hot only in Raw; RandomForest numeric fields unscaled,0.799065011820331,0.6563315885870197,PRIV__CICIDS2017_COVERAGE_R1__Raw__MLP__attack_ratio_above_seed_median__seed9001,empirical pre-upload metadata leakage only; no formal privacy guarantee,0.5,CICIDS2017_COVERAGE_R1,0.7291588974297307,0,10,"{'alpha': 0.0001, 'early_stopping': True, 'hidden_layer_sizes': [32, 16], 'learning_rate_init': 0.001, 'max_iter': 1000}",0.7266386666666667,Raw,3000,9001,attack_ratio_above_seed_median,2000-resample client-group bootstrap over out-of-fold predictions,"['client_id', 'round', 'utility', 'wire_bytes', 'n_fit', 'eligible']"
MLP,median imputation; StandardScaler for LogisticRegression/MLP numeric fields; client_id one-hot only in Raw; RandomForest numeric fields unscaled,0.9984467838365271,0.9705367252723311,PRIV__CICIDS2017_COVERAGE_R1__Raw__MLP__client_size_above_seed_median__seed11,empirical pre-upload metadata leakage only; no formal privacy guarantee,0.5,CICIDS2017_COVERAGE_R1,0.9917296695896696,0,10,"{'alpha': 0.0001, 'early_stopping': True, 'hidden_layer_sizes': [32, 16], 'learning_rate_init': 0.001, 'max_iter': 1000}",0.9871373333333333,Raw,3000,11,client_size_above_seed_median,2000-resample client-group bootstrap over out-of-fold predictions,"['client_id', 'round', 'utility', 'wire_bytes', 'n_fit', 'eligible']"
MLP,median imputation; StandardScaler for LogisticRegression/MLP numeric fields; client_id one-hot only in Raw; RandomForest numeric fields unscaled,0.9985703495561801,0.9809185047582251,PRIV__CICIDS2017_COVERAGE_R1__Raw__MLP__client_size_above_seed_median__seed123,empirical pre-upload metadata leakage only; no formal privacy guarantee,0.5,CICIDS2017_COVERAGE_R1,0.9926311111111111,0,10,"{'alpha': 0.0001, 'early_stopping': True, 'hidden_layer_sizes': [32, 16], 'learning_rate_init': 0.001, 'max_iter': 1000}",0.9910786666666667,Raw,3000,123,client_size_above_seed_median,2000-resample client-group bootstrap over out-of-fold predictions,"['client_id', 'round', 'utility', 'wire_bytes', 'n_fit', 'eligible']"
MLP,median imputation; StandardScaler for LogisticRegression/MLP numeric fields; client_id one-hot only in Raw; RandomForest numeric fields unscaled,0.9981507950241009,0.9679938718872068,PRIV__CICIDS2017_COVERAGE_R1__Raw__MLP__client_size_above_seed_median__seed2026,empirical pre-upload metadata leakage only; no formal privacy guarantee,0.5,CICIDS2017_COVERAGE_R1,0.9937071296296296,0,10,"{'alpha': 0.0001, 'early_stopping': True, 'hidden_layer_sizes': [32, 16], 'learning_rate_init': 0.001, 'max_iter': 1000}",0.985103111111111,Raw,3000,2026,client_size_above_seed_median,2000-resample client-group bootstrap over out-of-fold predictions,"['client_id', 'round', 'utility', 'wire_bytes', 'n_fit', 'eligible']"
MLP,median imputation; StandardScaler for LogisticRegression/MLP numeric fields; client_id one-hot only in Raw; RandomForest numeric fields unscaled,0.9896569376803751,0.9487813132479005,PRIV__CICIDS2017_COVERAGE_R1__Raw__MLP__client_size_above_seed_median__seed2027,empirical pre-upload metadata leakage only; no formal privacy guarantee,0.5,CICIDS2017_COVERAGE_R1,0.9820653679653681,0,10,"{'alpha': 0.0001, 'early_stopping': True, 'hidden_layer_sizes': [32, 16], 'learning_rate_init': 0.001, 'max_iter': 1000}",0.9688937777777779,Raw,3000,2027,client_size_above_seed_median,2000-resample client-group bootstrap over out-of-fold predictions,"['client_id', 'round', 'utility', 'wire_bytes', 'n_fit', 'eligible']"
MLP,median imputation; StandardScaler for LogisticRegression/MLP numeric fields; client_id one-hot only in Raw; RandomForest numeric fields unscaled,0.9977016292597589,0.974711239828844,PRIV__CICIDS2017_COVERAGE_R1__Raw__MLP__client_size_above_seed_median__seed2718,empirical pre-upload metadata leakage only; no formal privacy guarantee,0.5,CICIDS2017_COVERAGE_R1,0.988780606060606,0,10,"{'alpha': 0.0001, 'early_stopping': True, 'hidden_layer_sizes': [32, 16], 'learning_rate_init': 0.001, 'max_iter': 1000}",0.9882439999999999,Raw,3000,2718,client_size_above_seed_median,2000-resample client-group bootstrap over out-of-fold predictions,"['client_id', 'round', 'utility', 'wire_bytes', 'n_fit', 'eligible']"
MLP,median imputation; StandardScaler for LogisticRegression/MLP numeric fields; client_id one-hot only in Raw; RandomForest numeric fields unscaled,0.998912311666462,0.9754023684918485,PRIV__CICIDS2017_COVERAGE_R1__Raw__MLP__client_size_above_seed_median__seed314,empirical pre-upload metadata leakage only; no formal privacy guarantee,0.5,CICIDS2017_COVERAGE_R1,0.9960686419753086,0,10,"{'alpha': 0.0001, 'early_stopping': True, 'hidden_layer_sizes': [32, 16], 'learning_rate_init': 0.001, 'max_iter': 1000}",0.9894328888888889,Raw,3000,314,client_size_above_seed_median,2000-resample client-group bootstrap over out-of-fold predictions,"['client_id', 'round', 'utility', 'wire_bytes', 'n_fit', 'eligible']"
MLP,median imputation; StandardScaler for LogisticRegression/MLP numeric fields; client_id one-hot only in Raw; RandomForest numeric fields unscaled,0.9960819807042912,0.9577043261166336,PRIV__CICIDS2017_COVERAGE_R1__Raw__MLP__client_size_above_seed_median__seed3407,empirical pre-upload metadata leakage only; no formal privacy guarantee,0.5,CICIDS2017_COVERAGE_R1,0.9966461279461282,0,10,"{'alpha': 0.0001, 'early_stopping': True, 'hidden_layer_sizes': [32, 16], 'learning_rate_init': 0.001, 'max_iter': 1000}",0.9797648888888889,Raw,3000,3407,client_size_above_seed_median,2000-resample client-group bootstrap over out-of-fold predictions,"['client_id', 'round', 'utility', 'wire_bytes', 'n_fit', 'eligible']"
MLP,median imputation; StandardScaler for LogisticRegression/MLP numeric fields; client_id one-hot only in Raw; RandomForest numeric fields unscaled,0.9971601788720539,0.9579894243271082,PRIV__CICIDS2017_COVERAGE_R1__Raw__MLP__client_size_above_seed_median__seed42,empirical pre-upload metadata leakage only; no formal privacy guarantee,0.5,CICIDS2017_COVERAGE_R1,0.9946954873829874,0,10,"{'alpha': 0.0001, 'early_stopping': True, 'hidden_layer_sizes': [32, 16], 'learning_rate_init': 0.001, 'max_iter': 1000}",0.9812506666666666,Raw,3000,42,client_size_above_seed_median,2000-resample client-group bootstrap over out-of-fold predictions,"['client_id', 'round', 'utility', 'wire_bytes', 'n_fit', 'eligible']"
MLP,median imputation; StandardScaler for LogisticRegression/MLP numeric fields; client_id one-hot only in Raw; RandomForest numeric fields unscaled,0.9972907729491798,0.967983197774151,PRIV__CICIDS2017_COVERAGE_R1__Raw__MLP__client_size_above_seed_median__seed777,empirical pre-upload metadata leakage only; no formal privacy guarantee,0.5,CICIDS2017_COVERAGE_R1,0.9869004629629629,0,10,"{'alpha': 0.0001, 'early_stopping': True, 'hidden_layer_sizes': [32, 16], 'learning_rate_init': 0.001, 'max_iter': 1000}",0.9850177777777778,Raw,3000,777,client_size_above_seed_median,2000-resample client-group bootstrap over out-of-fold predictions,"['client_id', 'round', 'utility', 'wire_bytes', 'n_fit', 'eligible']"
MLP,median imputation; StandardScaler for LogisticRegression/MLP numeric fields; client_id one-hot only in Raw; RandomForest numeric fields unscaled,0.9943523845664787,0.9492775623797499,PRIV__CICIDS2017_COVERAGE_R1__Raw__MLP__client_size_above_seed_median__seed9001,empirical pre-upload metadata leakage only; no formal privacy guarantee,0.5,CICIDS2017_COVERAGE_R1,0.9882068822535489,0,10,"{'alpha': 0.0001, 'early_stopping': True, 'hidden_layer_sizes': [32, 16], 'learning_rate_init': 0.001, 'max_iter': 1000}",0.9719502222222223,Raw,3000,9001,client_size_above_seed_median,2000-resample client-group bootstrap over out-of-fold predictions,"['client_id', 'round', 'utility', 'wire_bytes', 'n_fit', 'eligible']"
RandomForest,median imputation; StandardScaler for LogisticRegression/MLP numeric fields; client_id one-hot only in Raw; RandomForest numeric fields unscaled,0.788077107235799,0.63541659575862,PRIV__CICIDS2017_COVERAGE_R1__Raw__RandomForest__attack_ratio_above_seed_median__seed11,empirical pre-upload metadata leakage only; no formal privacy guarantee,0.5,CICIDS2017_COVERAGE_R1,0.6951961701261702,0,10,"{'class_weight': 'balanced', 'max_depth': 8, 'min_samples_leaf': 3, 'n_estimators': 300, 'n_jobs': 1}",0.710096888888889,Raw,3000,11,attack_ratio_above_seed_median,2000-resample client-group bootstrap over out-of-fold predictions,"['client_id', 'round', 'utility', 'wire_bytes', 'n_fit', 'eligible']"
RandomForest,median imputation; StandardScaler for LogisticRegression/MLP numeric fields; client_id one-hot only in Raw; RandomForest numeric fields unscaled,0.8009954757722149,0.6341505954887845,PRIV__CICIDS2017_COVERAGE_R1__Raw__RandomForest__attack_ratio_above_seed_median__seed123,empirical pre-upload metadata leakage only; no formal privacy guarantee,0.5,CICIDS2017_COVERAGE_R1,0.725549059582393,0,10,"{'class_weight': 'balanced', 'max_depth': 8, 'min_samples_leaf': 3, 'n_estimators': 300, 'n_jobs': 1}",0.718948888888889,Raw,3000,123,attack_ratio_above_seed_median,2000-resample client-group bootstrap over out-of-fold predictions,"['client_id', 'round', 'utility', 'wire_bytes', 'n_fit', 'eligible']"
RandomForest,median imputation; StandardScaler for LogisticRegression/MLP numeric fields; client_id one-hot only in Raw; RandomForest numeric fields unscaled,0.7956326411440644,0.6440518660881087,PRIV__CICIDS2017_COVERAGE_R1__Raw__RandomForest__attack_ratio_above_seed_median__seed2026,empirical pre-upload metadata leakage only; no formal privacy guarantee,0.5,CICIDS2017_COVERAGE_R1,0.7196367031425365,0,10,"{'class_weight': 'balanced', 'max_depth': 8, 'min_samples_leaf': 3, 'n_estimators': 300, 'n_jobs': 1}",0.7218337777777779,Raw,3000,2026,attack_ratio_above_seed_median,2000-resample client-group bootstrap over out-of-fold predictions,"['client_id', 'round', 'utility', 'wire_bytes', 'n_fit', 'eligible']"
RandomForest,median imputation; StandardScaler for LogisticRegression/MLP numeric fields; client_id one-hot only in Raw; RandomForest numeric fields unscaled,0.8056299180522102,0.6550535969817219,PRIV__CICIDS2017_COVERAGE_R1__Raw__RandomForest__attack_ratio_above_seed_median__seed2027,empirical pre-upload metadata leakage only; no formal privacy guarantee,0.5,CICIDS2017_COVERAGE_R1,0.7203844469111136,0,10,"{'class_weight': 'balanced', 'max_depth': 8, 'min_samples_leaf': 3, 'n_estimators': 300, 'n_jobs': 1}",0.7324413333333334,Raw,3000,2027,attack_ratio_above_seed_median,2000-resample client-group bootstrap over out-of-fold predictions,"['client_id', 'round', 'utility', 'wire_bytes', 'n_fit', 'eligible']"
RandomForest,median imputation; StandardScaler for LogisticRegression/MLP numeric fields; client_id one-hot only in Raw; RandomForest numeric fields unscaled,0.7985535088585575,0.6552595312570832,PRIV__CICIDS2017_COVERAGE_R1__Raw__RandomForest__attack_ratio_above_seed_median__seed2718,empirical pre-upload metadata leakage only; no formal privacy guarantee,0.5,CICIDS2017_COVERAGE_R1,0.7265084764309764,0,10,"{'class_weight': 'balanced', 'max_depth': 8, 'min_samples_leaf': 3, 'n_estimators': 300, 'n_jobs': 1}",0.7266833333333333,Raw,3000,2718,attack_ratio_above_seed_median,2000-resample client-group bootstrap over out-of-fold predictions,"['client_id', 'round', 'utility', 'wire_bytes', 'n_fit', 'eligible']"
RandomForest,median imputation; StandardScaler for LogisticRegression/MLP numeric fields; client_id one-hot only in Raw; RandomForest numeric fields unscaled,0.8159189136446764,0.6466689761250717,PRIV__CICIDS2017_COVERAGE_R1__Raw__RandomForest__attack_ratio_above_seed_median__seed314,empirical pre-upload metadata leakage only; no formal privacy guarantee,0.5,CICIDS2017_COVERAGE_R1,0.7285525968013468,0,10,"{'class_weight': 'balanced', 'max_depth': 8, 'min_samples_leaf': 3, 'n_estimators': 300, 'n_jobs': 1}",0.7357028888888888,Raw,3000,314,attack_ratio_above_seed_median,2000-resample client-group bootstrap over out-of-fold predictions,"['client_id', 'round', 'utility', 'wire_bytes', 'n_fit', 'eligible']"
RandomForest,median imputation; StandardScaler for LogisticRegression/MLP numeric fields; client_id one-hot only in Raw; RandomForest numeric fields unscaled,0.8020191244034077,0.6361929151505563,PRIV__CICIDS2017_COVERAGE_R1__Raw__RandomForest__attack_ratio_above_seed_median__seed3407,empirical pre-upload metadata leakage only; no formal privacy guarantee,0.5,CICIDS2017_COVERAGE_R1,0.7126709629876297,0,10,"{'class_weight': 'balanced', 'max_depth': 8, 'min_samples_leaf': 3, 'n_estimators': 300, 'n_jobs': 1}",0.721775111111111,Raw,3000,3407,attack_ratio_above_seed_median,2000-resample client-group bootstrap over out-of-fold predictions,"['client_id', 'round', 'utility', 'wire_bytes', 'n_fit', 'eligible']"
RandomForest,median imputation; StandardScaler for LogisticRegression/MLP numeric fields; client_id one-hot only in Raw; RandomForest numeric fields unscaled,0.8048439070339674,0.6513155267854268,PRIV__CICIDS2017_COVERAGE_R1__Raw__RandomForest__attack_ratio_above_seed_median__seed42,empirical pre-upload metadata leakage only; no formal privacy guarantee,0.5,CICIDS2017_COVERAGE_R1,0.7220622155622156,0,10,"{'class_weight': 'balanced', 'max_depth': 8, 'min_samples_leaf': 3, 'n_estimators': 300, 'n_jobs': 1}",0.731684,Raw,3000,42,attack_ratio_above_seed_median,2000-resample client-group bootstrap over out-of-fold predictions,"['client_id', 'round', 'utility', 'wire_bytes', 'n_fit', 'eligible']"
RandomForest,median imputation; StandardScaler for LogisticRegression/MLP numeric fields; client_id one-hot only in Raw; RandomForest numeric fields unscaled,0.7907731973735755,0.6408929287681308,PRIV__CICIDS2017_COVERAGE_R1__Raw__RandomForest__attack_ratio_above_seed_median__seed777,empirical pre-upload metadata leakage only; no formal privacy guarantee,0.5,CICIDS2017_COVERAGE_R1,0.7152097109988776,0,10,"{'class_weight': 'balanced', 'max_depth': 8, 'min_samples_leaf': 3, 'n_estimators': 300, 'n_jobs': 1}",0.7125842222222222,Raw,3000,777,attack_ratio_above_seed_median,2000-resample client-group bootstrap over out-of-fold predictions,"['client_id', 'round', 'utility', 'wire_bytes', 'n_fit', 'eligible']"
RandomForest,median imputation; StandardScaler for LogisticRegression/MLP numeric fields; client_id one-hot only in Raw; RandomForest numeric fields unscaled,0.8307070904617186,0.6663467787910116,PRIV__CICIDS2017_COVERAGE_R1__Raw__RandomForest__attack_ratio_above_seed_median__seed9001,empirical pre-upload metadata leakage only; no formal privacy guarantee,0.5,CICIDS2017_COVERAGE_R1,0.739552221698055,0,10,"{'class_weight': 'balanced', 'max_depth': 8, 'min_samples_leaf': 3, 'n_estimators': 300, 'n_jobs': 1}",0.7503128888888889,Raw,3000,9001,attack_ratio_above_seed_median,2000-resample client-group bootstrap over out-of-fold predictions,"['client_id', 'round', 'utility', 'wire_bytes', 'n_fit', 'eligible']"
RandomForest,median imputation; StandardScaler for LogisticRegression/MLP numeric fields; client_id one-hot only in Raw; RandomForest numeric fields unscaled,0.9956192585585587,0.9385003561253561,PRIV__CICIDS2017_COVERAGE_R1__Raw__RandomForest__client_size_above_seed_median__seed11,empirical pre-upload metadata leakage only; no formal privacy guarantee,0.5,CICIDS2017_COVERAGE_R1,0.984894074320741,0,10,"{'class_weight': 'balanced', 'max_depth': 8, 'min_samples_leaf': 3, 'n_estimators': 300, 'n_jobs': 1}",0.9700162222222223,Raw,3000,11,client_size_above_seed_median,2000-resample client-group bootstrap over out-of-fold predictions,"['client_id', 'round', 'utility', 'wire_bytes', 'n_fit', 'eligible']"
RandomForest,median imputation; StandardScaler for LogisticRegression/MLP numeric fields; client_id one-hot only in Raw; RandomForest numeric fields unscaled,0.9987815077343634,0.9571638740788379,PRIV__CICIDS2017_COVERAGE_R1__Raw__RandomForest__client_size_above_seed_median__seed123,empirical pre-upload metadata leakage only; no formal privacy guarantee,0.5,CICIDS2017_COVERAGE_R1,0.9823884848484848,0,10,"{'class_weight': 'balanced', 'max_depth': 8, 'min_samples_leaf': 3, 'n_estimators': 300, 'n_jobs': 1}",0.9819511111111111,Raw,3000,123,client_size_above_seed_median,2000-resample client-group bootstrap over out-of-fold predictions,"['client_id', 'round', 'utility', 'wire_bytes', 'n_fit', 'eligible']"
RandomForest,median imputation; StandardScaler for LogisticRegression/MLP numeric fields; client_id one-hot only in Raw; RandomForest numeric fields unscaled,0.9956448162177328,0.9652378172173436,PRIV__CICIDS2017_COVERAGE_R1__Raw__RandomForest__client_size_above_seed_median__seed2026,empirical pre-upload metadata leakage only; no formal privacy guarantee,0.5,CICIDS2017_COVERAGE_R1,0.9860813187429855,0,10,"{'class_weight': 'balanced', 'max_depth': 8, 'min_samples_leaf': 3, 'n_estimators': 300, 'n_jobs': 1}",0.9817875555555556,Raw,3000,2026,client_size_above_seed_median,2000-resample client-group bootstrap over out-of-fold predictions,"['client_id', 'round', 'utility', 'wire_bytes', 'n_fit', 'eligible']"
RandomForest,median imputation; StandardScaler for LogisticRegression/MLP numeric fields; client_id one-hot only in Raw; RandomForest numeric fields unscaled,0.9958240900462964,0.9636441279923216,PRIV__CICIDS2017_COVERAGE_R1__Raw__RandomForest__client_size_above_seed_median__seed2027,empirical pre-upload metadata leakage only; no formal privacy guarantee,0.5,CICIDS2017_COVERAGE_R1,0.9855152380952381,0,10,"{'class_weight': 'balanced', 'max_depth': 8, 'min_samples_leaf': 3, 'n_estimators': 300, 'n_jobs': 1}",0.9801235555555556,Raw,3000,2027,client_size_above_seed_median,2000-resample client-group bootstrap over out-of-fold predictions,"['client_id', 'round', 'utility', 'wire_bytes', 'n_fit', 'eligible']"
RandomForest,median imputation; StandardScaler for LogisticRegression/MLP numeric fields; client_id one-hot only in Raw; RandomForest numeric fields unscaled,0.9916292650356396,0.8881274647241488,PRIV__CICIDS2017_COVERAGE_R1__Raw__RandomForest__client_size_above_seed_median__seed2718,empirical pre-upload metadata leakage only; no formal privacy guarantee,0.5,CICIDS2017_COVERAGE_R1,0.9692347025813692,0,10,"{'class_weight': 'balanced', 'max_depth': 8, 'min_samples_leaf': 3, 'n_estimators': 300, 'n_jobs': 1}",0.9398051111111111,Raw,3000,2718,client_size_above_seed_median,2000-resample client-group bootstrap over out-of-fold predictions,"['client_id', 'round', 'utility', 'wire_bytes', 'n_fit', 'eligible']"
RandomForest,median imputation; StandardScaler for LogisticRegression/MLP numeric fields; client_id one-hot only in Raw; RandomForest numeric fields unscaled,0.9992844526162585,0.9528772053198238,PRIV__CICIDS2017_COVERAGE_R1__Raw__RandomForest__client_size_above_seed_median__seed314,empirical pre-upload metadata leakage only; no formal privacy guarantee,0.5,CICIDS2017_COVERAGE_R1,0.9875001571268239,0,10,"{'class_weight': 'balanced', 'max_depth': 8, 'min_samples_leaf': 3, 'n_estimators': 300, 'n_jobs': 1}",0.9776333333333334,Raw,3000,314,client_size_above_seed_median,2000-resample client-group bootstrap over out-of-fold predictions,"['client_id', 'round', 'utility', 'wire_bytes', 'n_fit', 'eligible']"
RandomForest,median imputation; StandardScaler for LogisticRegression/MLP numeric fields; client_id one-hot only in Raw; RandomForest numeric fields unscaled,0.9958008398807904,0.9568129960317461,PRIV__CICIDS2017_COVERAGE_R1__Raw__RandomForest__client_size_above_seed_median__seed3407,empirical pre-upload metadata leakage only; no formal privacy guarantee,0.5,CICIDS2017_COVERAGE_R1,0.988668327721661,0,10,"{'class_weight': 'balanced', 'max_depth': 8, 'min_samples_leaf': 3, 'n_estimators': 300, 'n_jobs': 1}",0.9751546666666666,Raw,3000,3407,client_size_above_seed_median,2000-resample client-group bootstrap over out-of-fold predictions,"['client_id', 'round', 'utility', 'wire_bytes', 'n_fit', 'eligible']"
RandomForest,median imputation; StandardScaler for LogisticRegression/MLP numeric fields; client_id one-hot only in Raw; RandomForest numeric fields unscaled,0.9945831880099067,0.942036502791197,PRIV__CICIDS2017_COVERAGE_R1__Raw__RandomForest__client_size_above_seed_median__seed42,empirical pre-upload metadata leakage only; no formal privacy guarantee,0.5,CICIDS2017_COVERAGE_R1,0.9895050875050876,0,10,"{'class_weight': 'balanced', 'max_depth': 8, 'min_samples_leaf': 3, 'n_estimators': 300, 'n_jobs': 1}",0.9672451111111111,Raw,3000,42,client_size_above_seed_median,2000-resample client-group bootstrap over out-of-fold predictions,"['client_id', 'round', 'utility', 'wire_bytes', 'n_fit', 'eligible']"
RandomForest,median imputation; StandardScaler for LogisticRegression/MLP numeric fields; client_id one-hot only in Raw; RandomForest numeric fields unscaled,0.9976685405092868,0.9649265188761554,PRIV__CICIDS2017_COVERAGE_R1__Raw__RandomForest__client_size_above_seed_median__seed777,empirical pre-upload metadata leakage only; no formal privacy guarantee,0.5,CICIDS2017_COVERAGE_R1,0.9867454629629631,0,10,"{'class_weight': 'balanced', 'max_depth': 8, 'min_samples_leaf': 3, 'n_estimators': 300, 'n_jobs': 1}",0.982688,Raw,3000,777,client_size_above_seed_median,2000-resample client-group bootstrap over out-of-fold predictions,"['client_id', 'round', 'utility', 'wire_bytes', 'n_fit', 'eligible']"
RandomForest,median imputation; StandardScaler for LogisticRegression/MLP numeric fields; client_id one-hot only in Raw; RandomForest numeric fields unscaled,0.9950756174388947,0.8968859244482175,PRIV__CICIDS2017_COVERAGE_R1__Raw__RandomForest__client_size_above_seed_median__seed9001,empirical pre-upload metadata leakage only; no formal privacy guarantee,0.5,CICIDS2017_COVERAGE_R1,0.9652845791245792,0,10,"{'class_weight': 'balanced', 'max_depth': 8, 'min_samples_leaf': 3, 'n_estimators': 300, 'n_jobs': 1}",0.9522593333333333,Raw,3000,9001,client_size_above_seed_median,2000-resample client-group bootstrap over out-of-fold predictions,"['client_id', 'round', 'utility', 'wire_bytes', 'n_fit', 'eligible']"
LogisticRegression,median imputation; StandardScaler for LogisticRegression/MLP numeric fields; client_id one-hot only in Raw; RandomForest numeric fields unscaled,0.7654650982172256,0.6398683275866215,PRIV__CICIoT2023_R1__Minimal-Bucketed__LogisticRegression__attack_ratio_above_seed_median__seed11,empirical pre-upload metadata leakage only; no formal privacy guarantee,0.5,CICIoT2023_R1,0.6969954278900112,0,10,"{'C': 1.0, 'class_weight': 'balanced', 'max_iter': 2000, 'solver': 'liblinear'}",0.7058624444444445,Minimal-Bucketed,3000,11,attack_ratio_above_seed_median,2000-resample client-group bootstrap over out-of-fold predictions,"['utility_bucket', 'cost_bucket']"
LogisticRegression,median imputation; StandardScaler for LogisticRegression/MLP numeric fields; client_id one-hot only in Raw; RandomForest numeric fields unscaled,0.7723157051148022,0.6440150017806269,PRIV__CICIoT2023_R1__Minimal-Bucketed__LogisticRegression__attack_ratio_above_seed_median__seed123,empirical pre-upload metadata leakage only; no formal privacy guarantee,0.5,CICIoT2023_R1,0.7028474326599328,0,10,"{'C': 1.0, 'class_weight': 'balanced', 'max_iter': 2000, 'solver': 'liblinear'}",0.7069235555555555,Minimal-Bucketed,3000,123,attack_ratio_above_seed_median,2000-resample client-group bootstrap over out-of-fold predictions,"['utility_bucket', 'cost_bucket']"
LogisticRegression,median imputation; StandardScaler for LogisticRegression/MLP numeric fields; client_id one-hot only in Raw; RandomForest numeric fields unscaled,0.7572984389944921,0.6381789780320264,PRIV__CICIoT2023_R1__Minimal-Bucketed__LogisticRegression__attack_ratio_above_seed_median__seed2026,empirical pre-upload metadata leakage only; no formal privacy guarantee,0.5,CICIoT2023_R1,0.69323025332692,0,10,"{'C': 1.0, 'class_weight': 'balanced', 'max_iter': 2000, 'solver': 'liblinear'}",0.7013988888888888,Minimal-Bucketed,3000,2026,attack_ratio_above_seed_median,2000-resample client-group bootstrap over out-of-fold predictions,"['utility_bucket', 'cost_bucket']"
LogisticRegression,median imputation; StandardScaler for LogisticRegression/MLP numeric fields; client_id one-hot only in Raw; RandomForest numeric fields unscaled,0.7600544820182502,0.6322340286282864,PRIV__CICIoT2023_R1__Minimal-Bucketed__LogisticRegression__attack_ratio_above_seed_median__seed2027,empirical pre-upload metadata leakage only; no formal privacy guarantee,0.5,CICIoT2023_R1,0.7000698767127933,0,10,"{'C': 1.0, 'class_weight': 'balanced', 'max_iter': 2000, 'solver': 'liblinear'}",0.6998491111111111,Minimal-Bucketed,3000,2027,attack_ratio_above_seed_median,2000-resample client-group bootstrap over out-of-fold predictions,"['utility_bucket', 'cost_bucket']"
LogisticRegression,median imputation; StandardScaler for LogisticRegression/MLP numeric fields; client_id one-hot only in Raw; RandomForest numeric fields unscaled,0.7655131752085285,0.6374866073419868,PRIV__CICIoT2023_R1__Minimal-Bucketed__LogisticRegression__attack_ratio_above_seed_median__seed2718,empirical pre-upload metadata leakage only; no formal privacy guarantee,0.5,CICIoT2023_R1,0.7005879286916785,0,10,"{'C': 1.0, 'class_weight': 'balanced', 'max_iter': 2000, 'solver': 'liblinear'}",0.7038202222222222,Minimal-Bucketed,3000,2718,attack_ratio_above_seed_median,2000-resample client-group bootstrap over out-of-fold predictions,"['utility_bucket', 'cost_bucket']"
LogisticRegression,median imputation; StandardScaler for LogisticRegression/MLP numeric fields; client_id one-hot only in Raw; RandomForest numeric fields unscaled,0.7665584811576145,0.6389272086810129,PRIV__CICIoT2023_R1__Minimal-Bucketed__LogisticRegression__attack_ratio_above_seed_median__seed314,empirical pre-upload metadata leakage only; no formal privacy guarantee,0.5,CICIoT2023_R1,0.6977847222222222,0,10,"{'C': 1.0, 'class_weight': 'balanced', 'max_iter': 2000, 'solver': 'liblinear'}",0.706587777777778,Minimal-Bucketed,3000,314,attack_ratio_above_seed_median,2000-resample client-group bootstrap over out-of-fold predictions,"['utility_bucket', 'cost_bucket']"
LogisticRegression,median imputation; StandardScaler for LogisticRegression/MLP numeric fields; client_id one-hot only in Raw; RandomForest numeric fields unscaled,0.7676677946127947,0.6355015777777778,PRIV__CICIoT2023_R1__Minimal-Bucketed__LogisticRegression__attack_ratio_above_seed_median__seed3407,empirical pre-upload metadata leakage only; no formal privacy guarantee,0.5,CICIoT2023_R1,0.7048073024506358,0,10,"{'C': 1.0, 'class_weight': 'balanced', 'max_iter': 2000, 'solver': 'liblinear'}",0.7027955555555556,Minimal-Bucketed,3000,3407,attack_ratio_above_seed_median,2000-resample client-group bootstrap over out-of-fold predictions,"['utility_bucket', 'cost_bucket']"
LogisticRegression,median imputation; StandardScaler for LogisticRegression/MLP numeric fields; client_id one-hot only in Raw; RandomForest numeric fields unscaled,0.7653113248048529,0.6371565878287907,PRIV__CICIoT2023_R1__Minimal-Bucketed__LogisticRegression__attack_ratio_above_seed_median__seed42,empirical pre-upload metadata leakage only; no formal privacy guarantee,0.5,CICIoT2023_R1,0.7027925673400673,0,10,"{'C': 1.0, 'class_weight': 'balanced', 'max_iter': 2000, 'solver': 'liblinear'}",0.7037404444444445,Minimal-Bucketed,3000,42,attack_ratio_above_seed_median,2000-resample client-group bootstrap over out-of-fold predictions,"['utility_bucket', 'cost_bucket']"
LogisticRegression,median imputation; StandardScaler for LogisticRegression/MLP numeric fields; client_id one-hot only in Raw; RandomForest numeric fields unscaled,0.7496433375705428,0.6346705173890815,PRIV__CICIoT2023_R1__Minimal-Bucketed__LogisticRegression__attack_ratio_above_seed_median__seed777,empirical pre-upload metadata leakage only; no formal privacy guarantee,0.5,CICIoT2023_R1,0.7044932659932661,0,10,"{'C': 1.0, 'class_weight': 'balanced', 'max_iter': 2000, 'solver': 'liblinear'}",0.692188,Minimal-Bucketed,3000,777,attack_ratio_above_seed_median,2000-resample client-group bootstrap over out-of-fold predictions,"['utility_bucket', 'cost_bucket']"
LogisticRegression,median imputation; StandardScaler for LogisticRegression/MLP numeric fields; client_id one-hot only in Raw; RandomForest numeric fields unscaled,0.7640018661789224,0.6351187253066377,PRIV__CICIoT2023_R1__Minimal-Bucketed__LogisticRegression__attack_ratio_above_seed_median__seed9001,empirical pre-upload metadata leakage only; no formal privacy guarantee,0.5,CICIoT2023_R1,0.6978824705387205,0,10,"{'C': 1.0, 'class_weight': 'balanced', 'max_iter': 2000, 'solver': 'liblinear'}",0.6992222222222223,Minimal-Bucketed,3000,9001,attack_ratio_above_seed_median,2000-resample client-group bootstrap over out-of-fold predictions,"['utility_bucket', 'cost_bucket']"
LogisticRegression,median imputation; StandardScaler for LogisticRegression/MLP numeric fields; client_id one-hot only in Raw; RandomForest numeric fields unscaled,0.6058287928944199,0.45590828311329895,PRIV__CICIoT2023_R1__Minimal-Bucketed__LogisticRegression__client_size_above_seed_median__seed11,empirical pre-upload metadata leakage only; no formal privacy guarantee,0.5,CICIoT2023_R1,0.5201047979797979,0,10,"{'C': 1.0, 'class_weight': 'balanced', 'max_iter': 2000, 'solver': 'liblinear'}",0.5329395555555556,Minimal-Bucketed,3000,11,client_size_above_seed_median,2000-resample client-group bootstrap over out-of-fold predictions,"['utility_bucket', 'cost_bucket']"
LogisticRegression,median imputation; StandardScaler for LogisticRegression/MLP numeric fields; client_id one-hot only in Raw; RandomForest numeric fields unscaled,0.6047838273339577,0.4392384990581599,PRIV__CICIoT2023_R1__Minimal-Bucketed__LogisticRegression__client_size_above_seed_median__seed123,empirical pre-upload metadata leakage only; no formal privacy guarantee,0.5,CICIoT2023_R1,0.5226699494795328,0,10,"{'C': 1.0, 'class_weight': 'balanced', 'max_iter': 2000, 'solver': 'liblinear'}",0.5244184444444444,Minimal-Bucketed,3000,123,client_size_above_seed_median,2000-resample client-group bootstrap over out-of-fold predictions,"['utility_bucket', 'cost_bucket']"
LogisticRegression,median imputation; StandardScaler for LogisticRegression/MLP numeric fields; client_id one-hot only in Raw; RandomForest numeric fields unscaled,0.6187227959395927,0.4564201458584236,PRIV__CICIoT2023_R1__Minimal-Bucketed__LogisticRegression__client_size_above_seed_median__seed2026,empirical pre-upload metadata leakage only; no formal privacy guarantee,0.5,CICIoT2023_R1,0.5451553030148863,0,10,"{'C': 1.0, 'class_weight': 'balanced', 'max_iter': 2000, 'solver': 'liblinear'}",0.5396877777777779,Minimal-Bucketed,3000,2026,client_size_above_seed_median,2000-resample client-group bootstrap over out-of-fold predictions,"['utility_bucket', 'cost_bucket']"
LogisticRegression,median imputation; StandardScaler for LogisticRegression/MLP numeric fields; client_id one-hot only in Raw; RandomForest numeric fields unscaled,0.6069417717838611,0.4348989637125882,PRIV__CICIoT2023_R1__Minimal-Bucketed__LogisticRegression__client_size_above_seed_median__seed2027,empirical pre-upload metadata leakage only; no formal privacy guarantee,0.5,CICIoT2023_R1,0.554590279612363,0,10,"{'C': 1.0, 'class_weight': 'balanced', 'max_iter': 2000, 'solver': 'liblinear'}",0.5233266666666667,Minimal-Bucketed,3000,2027,client_size_above_seed_median,2000-resample client-group bootstrap over out-of-fold predictions,"['utility_bucket', 'cost_bucket']"
LogisticRegression,median imputation; StandardScaler for LogisticRegression/MLP numeric fields; client_id one-hot only in Raw; RandomForest numeric fields unscaled,0.5967126501107923,0.44363973227871667,PRIV__CICIoT2023_R1__Minimal-Bucketed__LogisticRegression__client_size_above_seed_median__seed2718,empirical pre-upload metadata leakage only; no formal privacy guarantee,0.5,CICIoT2023_R1,0.5429894276094277,0,10,"{'C': 1.0, 'class_weight': 'balanced', 'max_iter': 2000, 'solver': 'liblinear'}",0.5238297777777777,Minimal-Bucketed,3000,2718,client_size_above_seed_median,2000-resample client-group bootstrap over out-of-fold predictions,"['utility_bucket', 'cost_bucket']"
LogisticRegression,median imputation; StandardScaler for LogisticRegression/MLP numeric fields; client_id one-hot only in Raw; RandomForest numeric fields unscaled,0.6255864278696202,0.46382057629689105,PRIV__CICIoT2023_R1__Minimal-Bucketed__LogisticRegression__client_size_above_seed_median__seed314,empirical pre-upload metadata leakage only; no formal privacy guarantee,0.5,CICIoT2023_R1,0.5437690951024285,0,10,"{'C': 1.0, 'class_weight': 'balanced', 'max_iter': 2000, 'solver': 'liblinear'}",0.5500217777777778,Minimal-Bucketed,3000,314,client_size_above_seed_median,2000-resample client-group bootstrap over out-of-fold predictions,"['utility_bucket', 'cost_bucket']"
LogisticRegression,median imputation; StandardScaler for LogisticRegression/MLP numeric fields; client_id one-hot only in Raw; RandomForest numeric fields unscaled,0.5840785206522005,0.43838534302609933,PRIV__CICIoT2023_R1__Minimal-Bucketed__LogisticRegression__client_size_above_seed_median__seed3407,empirical pre-upload metadata leakage only; no formal privacy guarantee,0.5,CICIoT2023_R1,0.5196995728037395,0,10,"{'C': 1.0, 'class_weight': 'balanced', 'max_iter': 2000, 'solver': 'liblinear'}",0.5185568888888888,Minimal-Bucketed,3000,3407,client_size_above_seed_median,2000-resample client-group bootstrap over out-of-fold predictions,"['utility_bucket', 'cost_bucket']"
LogisticRegression,median imputation; StandardScaler for LogisticRegression/MLP numeric fields; client_id one-hot only in Raw; RandomForest numeric fields unscaled,0.5890292228002311,0.4362110975378027,PRIV__CICIoT2023_R1__Minimal-Bucketed__LogisticRegression__client_size_above_seed_median__seed42,empirical pre-upload metadata leakage only; no formal privacy guarantee,0.5,CICIoT2023_R1,0.5365305775243275,0,10,"{'C': 1.0, 'class_weight': 'balanced', 'max_iter': 2000, 'solver': 'liblinear'}",0.5187744444444444,Minimal-Bucketed,3000,42,client_size_above_seed_median,2000-resample client-group bootstrap over out-of-fold predictions,"['utility_bucket', 'cost_bucket']"
LogisticRegression,median imputation; StandardScaler for LogisticRegression/MLP numeric fields; client_id one-hot only in Raw; RandomForest numeric fields unscaled,0.6114455624388382,0.4468047859241453,PRIV__CICIoT2023_R1__Minimal-Bucketed__LogisticRegression__client_size_above_seed_median__seed777,empirical pre-upload metadata leakage only; no formal privacy guarantee,0.5,CICIoT2023_R1,0.5277705217467717,0,10,"{'C': 1.0, 'class_weight': 'balanced', 'max_iter': 2000, 'solver': 'liblinear'}",0.5373417777777778,Minimal-Bucketed,3000,777,client_size_above_seed_median,2000-resample client-group bootstrap over out-of-fold predictions,"['utility_bucket', 'cost_bucket']"
LogisticRegression,median imputation; StandardScaler for LogisticRegression/MLP numeric fields; client_id one-hot only in Raw; RandomForest numeric fields unscaled,0.590980676207681,0.44506582222222224,PRIV__CICIoT2023_R1__Minimal-Bucketed__LogisticRegression__client_size_above_seed_median__seed9001,empirical pre-upload metadata leakage only; no formal privacy guarantee,0.5,CICIoT2023_R1,0.5153484794526462,0,10,"{'C': 1.0, 'class_weight': 'balanced', 'max_iter': 2000, 'solver': 'liblinear'}",0.5230157777777777,Minimal-Bucketed,3000,9001,client_size_above_seed_median,2000-resample client-group bootstrap over out-of-fold predictions,"['utility_bucket', 'cost_bucket']"
MLP,median imputation; StandardScaler for LogisticRegression/MLP numeric fields; client_id one-hot only in Raw; RandomForest numeric fields unscaled,0.7529904591735682,0.6130275106837607,PRIV__CICIoT2023_R1__Minimal-Bucketed__MLP__attack_ratio_above_seed_median__seed11,empirical pre-upload metadata leakage only; no formal privacy guarantee,0.5,CICIoT2023_R1,0.6730546310325477,0,10,"{'alpha': 0.0001, 'early_stopping': True, 'hidden_layer_sizes': [32, 16], 'learning_rate_init': 0.001, 'max_iter': 1000}",0.6866771111111111,Minimal-Bucketed,3000,11,attack_ratio_above_seed_median,2000-resample client-group bootstrap over out-of-fold predictions,"['utility_bucket', 'cost_bucket']"
MLP,median imputation; StandardScaler for LogisticRegression/MLP numeric fields; client_id one-hot only in Raw; RandomForest numeric fields unscaled,0.7735272803899338,0.6428657091308747,PRIV__CICIoT2023_R1__Minimal-Bucketed__MLP__attack_ratio_above_seed_median__seed123,empirical pre-upload metadata leakage only; no formal privacy guarantee,0.5,CICIoT2023_R1,0.715098204264871,0,10,"{'alpha': 0.0001, 'early_stopping': True, 'hidden_layer_sizes': [32, 16], 'learning_rate_init': 0.001, 'max_iter': 1000}",0.7083079999999999,Minimal-Bucketed,3000,123,attack_ratio_above_seed_median,2000-resample client-group bootstrap over out-of-fold predictions,"['utility_bucket', 'cost_bucket']"
MLP,median imputation; StandardScaler for LogisticRegression/MLP numeric fields; client_id one-hot only in Raw; RandomForest numeric fields unscaled,0.7425435255758234,0.6370465355680199,PRIV__CICIoT2023_R1__Minimal-Bucketed__MLP__attack_ratio_above_seed_median__seed2026,empirical pre-upload metadata leakage only; no formal privacy guarantee,0.5,CICIoT2023_R1,0.6993416851050184,0,10,"{'alpha': 0.0001, 'early_stopping': True, 'hidden_layer_sizes': [32, 16], 'learning_rate_init': 0.001, 'max_iter': 1000}",0.6873308888888889,Minimal-Bucketed,3000,2026,attack_ratio_above_seed_median,2000-resample client-group bootstrap over out-of-fold predictions,"['utility_bucket', 'cost_bucket']"
MLP,median imputation; StandardScaler for LogisticRegression/MLP numeric fields; client_id one-hot only in Raw; RandomForest numeric fields unscaled,0.7437815139620478,0.6188109673611112,PRIV__CICIoT2023_R1__Minimal-Bucketed__MLP__attack_ratio_above_seed_median__seed2027,empirical pre-upload metadata leakage only; no formal privacy guarantee,0.5,CICIoT2023_R1,0.6924173978644812,0,10,"{'alpha': 0.0001, 'early_stopping': True, 'hidden_layer_sizes': [32, 16], 'learning_rate_init': 0.001, 'max_iter': 1000}",0.6823500000000001,Minimal-Bucketed,3000,2027,attack_ratio_above_seed_median,2000-resample client-group bootstrap over out-of-fold predictions,"['utility_bucket', 'cost_bucket']"
MLP,median imputation; StandardScaler for LogisticRegression/MLP numeric fields; client_id one-hot only in Raw; RandomForest numeric fields unscaled,0.7736244962833618,0.6280299819927972,PRIV__CICIoT2023_R1__Minimal-Bucketed__MLP__attack_ratio_above_seed_median__seed2718,empirical pre-upload metadata leakage only; no formal privacy guarantee,0.5,CICIoT2023_R1,0.6982829713033879,0,10,"{'alpha': 0.0001, 'early_stopping': True, 'hidden_layer_sizes': [32, 16], 'learning_rate_init': 0.001, 'max_iter': 1000}",0.7044117777777779,Minimal-Bucketed,3000,2718,attack_ratio_above_seed_median,2000-resample client-group bootstrap over out-of-fold predictions,"['utility_bucket', 'cost_bucket']"
MLP,median imputation; StandardScaler for LogisticRegression/MLP numeric fields; client_id one-hot only in Raw; RandomForest numeric fields unscaled,0.7798945309609372,0.6284821111378742,PRIV__CICIoT2023_R1__Minimal-Bucketed__MLP__attack_ratio_above_seed_median__seed314,empirical pre-upload metadata leakage only; no formal privacy guarantee,0.5,CICIoT2023_R1,0.7011675084175084,0,10,"{'alpha': 0.0001, 'early_stopping': True, 'hidden_layer_sizes': [32, 16], 'learning_rate_init': 0.001, 'max_iter': 1000}",0.7048975555555556,Minimal-Bucketed,3000,314,attack_ratio_above_seed_median,2000-resample client-group bootstrap over out-of-fold predictions,"['utility_bucket', 'cost_bucket']"
MLP,median imputation; StandardScaler for LogisticRegression/MLP numeric fields; client_id one-hot only in Raw; RandomForest numeric fields unscaled,0.7632194896761496,0.6251706666666667,PRIV__CICIoT2023_R1__Minimal-Bucketed__MLP__attack_ratio_above_seed_median__seed3407,empirical pre-upload metadata leakage only; no formal privacy guarantee,0.5,CICIoT2023_R1,0.6880548065514732,0,10,"{'alpha': 0.0001, 'early_stopping': True, 'hidden_layer_sizes': [32, 16], 'learning_rate_init': 0.001, 'max_iter': 1000}",0.6983973333333332,Minimal-Bucketed,3000,3407,attack_ratio_above_seed_median,2000-resample client-group bootstrap over out-of-fold predictions,"['utility_bucket', 'cost_bucket']"
MLP,median imputation; StandardScaler for LogisticRegression/MLP numeric fields; client_id one-hot only in Raw; RandomForest numeric fields unscaled,0.7826948734531951,0.6253672088367649,PRIV__CICIoT2023_R1__Minimal-Bucketed__MLP__attack_ratio_above_seed_median__seed42,empirical pre-upload metadata leakage only; no formal privacy guarantee,0.5,CICIoT2023_R1,0.6949355695847362,0,10,"{'alpha': 0.0001, 'early_stopping': True, 'hidden_layer_sizes': [32, 16], 'learning_rate_init': 0.001, 'max_iter': 1000}",0.7053511111111112,Minimal-Bucketed,3000,42,attack_ratio_above_seed_median,2000-resample client-group bootstrap over out-of-fold predictions,"['utility_bucket', 'cost_bucket']"
MLP,median imputation; StandardScaler for LogisticRegression/MLP numeric fields; client_id one-hot only in Raw; RandomForest numeric fields unscaled,0.7514489383067642,0.6131016246210336,PRIV__CICIoT2023_R1__Minimal-Bucketed__MLP__attack_ratio_above_seed_median__seed777,empirical pre-upload metadata leakage only; no formal privacy guarantee,0.5,CICIoT2023_R1,0.6981381172839505,0,10,"{'alpha': 0.0001, 'early_stopping': True, 'hidden_layer_sizes': [32, 16], 'learning_rate_init': 0.001, 'max_iter': 1000}",0.6836377777777777,Minimal-Bucketed,3000,777,attack_ratio_above_seed_median,2000-resample client-group bootstrap over out-of-fold predictions,"['utility_bucket', 'cost_bucket']"
MLP,median imputation; StandardScaler for LogisticRegression/MLP numeric fields; client_id one-hot only in Raw; RandomForest numeric fields unscaled,0.7633992104536781,0.6221292329250738,PRIV__CICIoT2023_R1__Minimal-Bucketed__MLP__attack_ratio_above_seed_median__seed9001,empirical pre-upload metadata leakage only; no formal privacy guarantee,0.5,CICIoT2023_R1,0.7081385732323231,0,10,"{'alpha': 0.0001, 'early_stopping': True, 'hidden_layer_sizes': [32, 16], 'learning_rate_init': 0.001, 'max_iter': 1000}",0.6933693333333334,Minimal-Bucketed,3000,9001,attack_ratio_above_seed_median,2000-resample client-group bootstrap over out-of-fold predictions,"['utility_bucket', 'cost_bucket']"
MLP,median imputation; StandardScaler for LogisticRegression/MLP numeric fields; client_id one-hot only in Raw; RandomForest numeric fields unscaled,0.592538873637338,0.45792825069421705,PRIV__CICIoT2023_R1__Minimal-Bucketed__MLP__client_size_above_seed_median__seed11,empirical pre-upload metadata leakage only; no formal privacy guarantee,0.5,CICIoT2023_R1,0.530695707070707,0,10,"{'alpha': 0.0001, 'early_stopping': True, 'hidden_layer_sizes': [32, 16], 'learning_rate_init': 0.001, 'max_iter': 1000}",0.53026,Minimal-Bucketed,3000,11,client_size_above_seed_median,2000-resample client-group bootstrap over out-of-fold predictions,"['utility_bucket', 'cost_bucket']"
MLP,median imputation; StandardScaler for LogisticRegression/MLP numeric fields; client_id one-hot only in Raw; RandomForest numeric fields unscaled,0.5679739640588036,0.4654679965277777,PRIV__CICIoT2023_R1__Minimal-Bucketed__MLP__client_size_above_seed_median__seed123,empirical pre-upload metadata leakage only; no formal privacy guarantee,0.5,CICIoT2023_R1,0.556152365427782,0,10,"{'alpha': 0.0001, 'early_stopping': True, 'hidden_layer_sizes': [32, 16], 'learning_rate_init': 0.001, 'max_iter': 1000}",0.5121068888888888,Minimal-Bucketed,3000,123,client_size_above_seed_median,2000-resample client-group bootstrap over out-of-fold predictions,"['utility_bucket', 'cost_bucket']"
MLP,median imputation; StandardScaler for LogisticRegression/MLP numeric fields; client_id one-hot only in Raw; RandomForest numeric fields unscaled,0.6045358180271198,0.493688020263182,PRIV__CICIoT2023_R1__Minimal-Bucketed__MLP__client_size_above_seed_median__seed2026,empirical pre-upload metadata leakage only; no formal privacy guarantee,0.5,CICIoT2023_R1,0.554100743592827,0,10,"{'alpha': 0.0001, 'early_stopping': True, 'hidden_layer_sizes': [32, 16], 'learning_rate_init': 0.001, 'max_iter': 1000}",0.5490544444444444,Minimal-Bucketed,3000,2026,client_size_above_seed_median,2000-resample client-group bootstrap over out-of-fold predictions,"['utility_bucket', 'cost_bucket']"
MLP,median imputation; StandardScaler for LogisticRegression/MLP numeric fields; client_id one-hot only in Raw; RandomForest numeric fields unscaled,0.5580358545973838,0.43390825374594283,PRIV__CICIoT2023_R1__Minimal-Bucketed__MLP__client_size_above_seed_median__seed2027,empirical pre-upload metadata leakage only; no formal privacy guarantee,0.5,CICIoT2023_R1,0.527992463632047,0,10,"{'alpha': 0.0001, 'early_stopping': True, 'hidden_layer_sizes': [32, 16], 'learning_rate_init': 0.001, 'max_iter': 1000}",0.49284,Minimal-Bucketed,3000,2027,client_size_above_seed_median,2000-resample client-group bootstrap over out-of-fold predictions,"['utility_bucket', 'cost_bucket']"
MLP,median imputation; StandardScaler for LogisticRegression/MLP numeric fields; client_id one-hot only in Raw; RandomForest numeric fields unscaled,0.5761517666666666,0.46406755457147975,PRIV__CICIoT2023_R1__Minimal-Bucketed__MLP__client_size_above_seed_median__seed2718,empirical pre-upload metadata leakage only; no formal privacy guarantee,0.5,CICIoT2023_R1,0.5393773961840628,0,10,"{'alpha': 0.0001, 'early_stopping': True, 'hidden_layer_sizes': [32, 16], 'learning_rate_init': 0.001, 'max_iter': 1000}",0.5174848888888889,Minimal-Bucketed,3000,2718,client_size_above_seed_median,2000-resample client-group bootstrap over out-of-fold predictions,"['utility_bucket', 'cost_bucket']"
MLP,median imputation; StandardScaler for LogisticRegression/MLP numeric fields; client_id one-hot only in Raw; RandomForest numeric fields unscaled,0.6139894405723906,0.4855931781045752,PRIV__CICIoT2023_R1__Minimal-Bucketed__MLP__client_size_above_seed_median__seed314,empirical pre-upload metadata leakage only; no formal privacy guarantee,0.5,CICIoT2023_R1,0.5782638919722253,0,10,"{'alpha': 0.0001, 'early_stopping': True, 'hidden_layer_sizes': [32, 16], 'learning_rate_init': 0.001, 'max_iter': 1000}",0.5445257777777778,Minimal-Bucketed,3000,314,client_size_above_seed_median,2000-resample client-group bootstrap over out-of-fold predictions,"['utility_bucket', 'cost_bucket']"
MLP,median imputation; StandardScaler for LogisticRegression/MLP numeric fields; client_id one-hot only in Raw; RandomForest numeric fields unscaled,0.552532877736978,0.44135190735601076,PRIV__CICIoT2023_R1__Minimal-Bucketed__MLP__client_size_above_seed_median__seed3407,empirical pre-upload metadata leakage only; no formal privacy guarantee,0.5,CICIoT2023_R1,0.5381652861027861,0,10,"{'alpha': 0.0001, 'early_stopping': True, 'hidden_layer_sizes': [32, 16], 'learning_rate_init': 0.001, 'max_iter': 1000}",0.49812266666666666,Minimal-Bucketed,3000,3407,client_size_above_seed_median,2000-resample client-group bootstrap over out-of-fold predictions,"['utility_bucket', 'cost_bucket']"
MLP,median imputation; StandardScaler for LogisticRegression/MLP numeric fields; client_id one-hot only in Raw; RandomForest numeric fields unscaled,0.5558220874573322,0.3968285979166667,PRIV__CICIoT2023_R1__Minimal-Bucketed__MLP__client_size_above_seed_median__seed42,empirical pre-upload metadata leakage only; no formal privacy guarantee,0.5,CICIoT2023_R1,0.522862915248332,0,10,"{'alpha': 0.0001, 'early_stopping': True, 'hidden_layer_sizes': [32, 16], 'learning_rate_init': 0.001, 'max_iter': 1000}",0.46875,Minimal-Bucketed,3000,42,client_size_above_seed_median,2000-resample client-group bootstrap over out-of-fold predictions,"['utility_bucket', 'cost_bucket']"
MLP,median imputation; StandardScaler for LogisticRegression/MLP numeric fields; client_id one-hot only in Raw; RandomForest numeric fields unscaled,0.5813223902934334,0.4356642477303422,PRIV__CICIoT2023_R1__Minimal-Bucketed__MLP__client_size_above_seed_median__seed777,empirical pre-upload metadata leakage only; no formal privacy guarantee,0.5,CICIoT2023_R1,0.5478477099906266,0,10,"{'alpha': 0.0001, 'early_stopping': True, 'hidden_layer_sizes': [32, 16], 'learning_rate_init': 0.001, 'max_iter': 1000}",0.5010013333333333,Minimal-Bucketed,3000,777,client_size_above_seed_median,2000-resample client-group bootstrap over out-of-fold predictions,"['utility_bucket', 'cost_bucket']"
MLP,median imputation; StandardScaler for LogisticRegression/MLP numeric fields; client_id one-hot only in Raw; RandomForest numeric fields unscaled,0.6083770602227633,0.4465155228087673,PRIV__CICIoT2023_R1__Minimal-Bucketed__MLP__client_size_above_seed_median__seed9001,empirical pre-upload metadata leakage only; no formal privacy guarantee,0.5,CICIoT2023_R1,0.538247928768762,0,10,"{'alpha': 0.0001, 'early_stopping': True, 'hidden_layer_sizes': [32, 16], 'learning_rate_init': 0.001, 'max_iter': 1000}",0.5269406666666666,Minimal-Bucketed,3000,9001,client_size_above_seed_median,2000-resample client-group bootstrap over out-of-fold predictions,"['utility_bucket', 'cost_bucket']"
RandomForest,median imputation; StandardScaler for LogisticRegression/MLP numeric fields; client_id one-hot only in Raw; RandomForest numeric fields unscaled,0.756018285250918,0.5559571230324074,PRIV__CICIoT2023_R1__Minimal-Bucketed__RandomForest__attack_ratio_above_seed_median__seed11,empirical pre-upload metadata leakage only; no formal privacy guarantee,0.5,CICIoT2023_R1,0.6497302763748597,0,10,"{'class_weight': 'balanced', 'max_depth': 8, 'min_samples_leaf': 3, 'n_estimators': 300, 'n_jobs': 1}",0.6608317777777778,Minimal-Bucketed,3000,11,attack_ratio_above_seed_median,2000-resample client-group bootstrap over out-of-fold predictions,"['utility_bucket', 'cost_bucket']"
RandomForest,median imputation; StandardScaler for LogisticRegression/MLP numeric fields; client_id one-hot only in Raw; RandomForest numeric fields unscaled,0.7805119591750841,0.5961446777431509,PRIV__CICIoT2023_R1__Minimal-Bucketed__RandomForest__attack_ratio_above_seed_median__seed123,empirical pre-upload metadata leakage only; no formal privacy guarantee,0.5,CICIoT2023_R1,0.6913436447811447,0,10,"{'class_weight': 'balanced', 'max_depth': 8, 'min_samples_leaf': 3, 'n_estimators': 300, 'n_jobs': 1}",0.6955760000000001,Minimal-Bucketed,3000,123,attack_ratio_above_seed_median,2000-resample client-group bootstrap over out-of-fold predictions,"['utility_bucket', 'cost_bucket']"
RandomForest,median imputation; StandardScaler for LogisticRegression/MLP numeric fields; client_id one-hot only in Raw; RandomForest numeric fields unscaled,0.7650906700065239,0.5778924522873123,PRIV__CICIoT2023_R1__Minimal-Bucketed__RandomForest__attack_ratio_above_seed_median__seed2026,empirical pre-upload metadata leakage only; no formal privacy guarantee,0.5,CICIoT2023_R1,0.6791698452781786,0,10,"{'class_weight': 'balanced', 'max_depth': 8, 'min_samples_leaf': 3, 'n_estimators': 300, 'n_jobs': 1}",0.6794393333333333,Minimal-Bucketed,3000,2026,attack_ratio_above_seed_median,2000-resample client-group bootstrap over out-of-fold predictions,"['utility_bucket', 'cost_bucket']"
RandomForest,median imputation; StandardScaler for LogisticRegression/MLP numeric fields; client_id one-hot only in Raw; RandomForest numeric fields unscaled,0.7394693375456244,0.5648428412897634,PRIV__CICIoT2023_R1__Minimal-Bucketed__RandomForest__attack_ratio_above_seed_median__seed2027,empirical pre-upload metadata leakage only; no formal privacy guarantee,0.5,CICIoT2023_R1,0.6805422996910496,0,10,"{'class_weight': 'balanced', 'max_depth': 8, 'min_samples_leaf': 3, 'n_estimators': 300, 'n_jobs': 1}",0.6579624444444444,Minimal-Bucketed,3000,2027,attack_ratio_above_seed_median,2000-resample client-group bootstrap over out-of-fold predictions,"['utility_bucket', 'cost_bucket']"
RandomForest,median imputation; StandardScaler for LogisticRegression/MLP numeric fields; client_id one-hot only in Raw; RandomForest numeric fields unscaled,0.7645672309202017,0.5812288815972224,PRIV__CICIoT2023_R1__Minimal-Bucketed__RandomForest__attack_ratio_above_seed_median__seed2718,empirical pre-upload metadata leakage only; no formal privacy guarantee,0.5,CICIoT2023_R1,0.6859527546681713,0,10,"{'class_weight': 'balanced', 'max_depth': 8, 'min_samples_leaf': 3, 'n_estimators': 300, 'n_jobs': 1}",0.6787064444444444,Minimal-Bucketed,3000,2718,attack_ratio_above_seed_median,2000-resample client-group bootstrap over out-of-fold predictions,"['utility_bucket', 'cost_bucket']"
RandomForest,median imputation; StandardScaler for LogisticRegression/MLP numeric fields; client_id one-hot only in Raw; RandomForest numeric fields unscaled,0.7724541408474649,0.5820773066603535,PRIV__CICIoT2023_R1__Minimal-Bucketed__RandomForest__attack_ratio_above_seed_median__seed314,empirical pre-upload metadata leakage only; no formal privacy guarantee,0.5,CICIoT2023_R1,0.6772410914702581,0,10,"{'class_weight': 'balanced', 'max_depth': 8, 'min_samples_leaf': 3, 'n_estimators': 300, 'n_jobs': 1}",0.6839700000000001,Minimal-Bucketed,3000,314,attack_ratio_above_seed_median,2000-resample client-group bootstrap over out-of-fold predictions,"['utility_bucket', 'cost_bucket']"
RandomForest,median imputation; StandardScaler for LogisticRegression/MLP numeric fields; client_id one-hot only in Raw; RandomForest numeric fields unscaled,0.7503866128122698,0.5553818727276806,PRIV__CICIoT2023_R1__Minimal-Bucketed__RandomForest__attack_ratio_above_seed_median__seed3407,empirical pre-upload metadata leakage only; no formal privacy guarantee,0.5,CICIoT2023_R1,0.6747319368286036,0,10,"{'class_weight': 'balanced', 'max_depth': 8, 'min_samples_leaf': 3, 'n_estimators': 300, 'n_jobs': 1}",0.6560613333333333,Minimal-Bucketed,3000,3407,attack_ratio_above_seed_median,2000-resample client-group bootstrap over out-of-fold predictions,"['utility_bucket', 'cost_bucket']"
RandomForest,median imputation; StandardScaler for LogisticRegression/MLP numeric fields; client_id one-hot only in Raw; RandomForest numeric fields unscaled,0.7660254166666666,0.5662948508728645,PRIV__CICIoT2023_R1__Minimal-Bucketed__RandomForest__attack_ratio_above_seed_median__seed42,empirical pre-upload metadata leakage only; no formal privacy guarantee,0.5,CICIoT2023_R1,0.6735734904601571,0,10,"{'class_weight': 'balanced', 'max_depth': 8, 'min_samples_leaf': 3, 'n_estimators': 300, 'n_jobs': 1}",0.6697897777777777,Minimal-Bucketed,3000,42,attack_ratio_above_seed_median,2000-resample client-group bootstrap over out-of-fold predictions,"['utility_bucket', 'cost_bucket']"
RandomForest,median imputation; StandardScaler for LogisticRegression/MLP numeric fields; client_id one-hot only in Raw; RandomForest numeric fields unscaled,0.7574004776936027,0.5444828986546308,PRIV__CICIoT2023_R1__Minimal-Bucketed__RandomForest__attack_ratio_above_seed_median__seed777,empirical pre-upload metadata leakage only; no formal privacy guarantee,0.5,CICIoT2023_R1,0.6669274691358025,0,10,"{'class_weight': 'balanced', 'max_depth': 8, 'min_samples_leaf': 3, 'n_estimators': 300, 'n_jobs': 1}",0.6579257777777778,Minimal-Bucketed,3000,777,attack_ratio_above_seed_median,2000-resample client-group bootstrap over out-of-fold predictions,"['utility_bucket', 'cost_bucket']"
RandomForest,median imputation; StandardScaler for LogisticRegression/MLP numeric fields; client_id one-hot only in Raw; RandomForest numeric fields unscaled,0.7449875804488462,0.554593127044194,PRIV__CICIoT2023_R1__Minimal-Bucketed__RandomForest__attack_ratio_above_seed_median__seed9001,empirical pre-upload metadata leakage only; no formal privacy guarantee,0.5,CICIoT2023_R1,0.656429678731762,0,10,"{'class_weight': 'balanced', 'max_depth': 8, 'min_samples_leaf': 3, 'n_estimators': 300, 'n_jobs': 1}",0.6534782222222222,Minimal-Bucketed,3000,9001,attack_ratio_above_seed_median,2000-resample client-group bootstrap over out-of-fold predictions,"['utility_bucket', 'cost_bucket']"
RandomForest,median imputation; StandardScaler for LogisticRegression/MLP numeric fields; client_id one-hot only in Raw; RandomForest numeric fields unscaled,0.583603885998844,0.47749589153049754,PRIV__CICIoT2023_R1__Minimal-Bucketed__RandomForest__client_size_above_seed_median__seed11,empirical pre-upload metadata leakage only; no formal privacy guarantee,0.5,CICIoT2023_R1,0.5447033529741863,0,10,"{'class_weight': 'balanced', 'max_depth': 8, 'min_samples_leaf': 3, 'n_estimators': 300, 'n_jobs': 1}",0.5292875555555556,Minimal-Bucketed,3000,11,client_size_above_seed_median,2000-resample client-group bootstrap over out-of-fold predictions,"['utility_bucket', 'cost_bucket']"
RandomForest,median imputation; StandardScaler for LogisticRegression/MLP numeric fields; client_id one-hot only in Raw; RandomForest numeric fields unscaled,0.5901265163714436,0.49953306053734625,PRIV__CICIoT2023_R1__Minimal-Bucketed__RandomForest__client_size_above_seed_median__seed123,empirical pre-upload metadata leakage only; no formal privacy guarantee,0.5,CICIoT2023_R1,0.5583521518142351,0,10,"{'class_weight': 'balanced', 'max_depth': 8, 'min_samples_leaf': 3, 'n_estimators': 300, 'n_jobs': 1}",0.5366553333333334,Minimal-Bucketed,3000,123,client_size_above_seed_median,2000-resample client-group bootstrap over out-of-fold predictions,"['utility_bucket', 'cost_bucket']"
RandomForest,median imputation; StandardScaler for LogisticRegression/MLP numeric fields; client_id one-hot only in Raw; RandomForest numeric fields unscaled,0.593561905994548,0.4834345955248766,PRIV__CICIoT2023_R1__Minimal-Bucketed__RandomForest__client_size_above_seed_median__seed2026,empirical pre-upload metadata leakage only; no formal privacy guarantee,0.5,CICIoT2023_R1,0.5455206843619343,0,10,"{'class_weight': 'balanced', 'max_depth': 8, 'min_samples_leaf': 3, 'n_estimators': 300, 'n_jobs': 1}",0.5283842222222223,Minimal-Bucketed,3000,2026,client_size_above_seed_median,2000-resample client-group bootstrap over out-of-fold predictions,"['utility_bucket', 'cost_bucket']"
RandomForest,median imputation; StandardScaler for LogisticRegression/MLP numeric fields; client_id one-hot only in Raw; RandomForest numeric fields unscaled,0.592177544191919,0.4581414531279179,PRIV__CICIoT2023_R1__Minimal-Bucketed__RandomForest__client_size_above_seed_median__seed2027,empirical pre-upload metadata leakage only; no formal privacy guarantee,0.5,CICIoT2023_R1,0.5383383980988148,0,10,"{'class_weight': 'balanced', 'max_depth': 8, 'min_samples_leaf': 3, 'n_estimators': 300, 'n_jobs': 1}",0.5191968888888888,Minimal-Bucketed,3000,2027,client_size_above_seed_median,2000-resample client-group bootstrap over out-of-fold predictions,"['utility_bucket', 'cost_bucket']"
RandomForest,median imputation; StandardScaler for LogisticRegression/MLP numeric fields; client_id one-hot only in Raw; RandomForest numeric fields unscaled,0.5955455459961763,0.48138106483913007,PRIV__CICIoT2023_R1__Minimal-Bucketed__RandomForest__client_size_above_seed_median__seed2718,empirical pre-upload metadata leakage only; no formal privacy guarantee,0.5,CICIoT2023_R1,0.5471884175084175,0,10,"{'class_weight': 'balanced', 'max_depth': 8, 'min_samples_leaf': 3, 'n_estimators': 300, 'n_jobs': 1}",0.5310066666666666,Minimal-Bucketed,3000,2718,client_size_above_seed_median,2000-resample client-group bootstrap over out-of-fold predictions,"['utility_bucket', 'cost_bucket']"
RandomForest,median imputation; StandardScaler for LogisticRegression/MLP numeric fields; client_id one-hot only in Raw; RandomForest numeric fields unscaled,0.6079162429189529,0.521210624466891,PRIV__CICIoT2023_R1__Minimal-Bucketed__RandomForest__client_size_above_seed_median__seed314,empirical pre-upload metadata leakage only; no formal privacy guarantee,0.5,CICIoT2023_R1,0.5748456605123271,0,10,"{'class_weight': 'balanced', 'max_depth': 8, 'min_samples_leaf': 3, 'n_estimators': 300, 'n_jobs': 1}",0.5567777777777777,Minimal-Bucketed,3000,314,client_size_above_seed_median,2000-resample client-group bootstrap over out-of-fold predictions,"['utility_bucket', 'cost_bucket']"
RandomForest,median imputation; StandardScaler for LogisticRegression/MLP numeric fields; client_id one-hot only in Raw; RandomForest numeric fields unscaled,0.6041168852892764,0.5023740867006525,PRIV__CICIoT2023_R1__Minimal-Bucketed__RandomForest__client_size_above_seed_median__seed3407,empirical pre-upload metadata leakage only; no formal privacy guarantee,0.5,CICIoT2023_R1,0.5613652782402783,0,10,"{'class_weight': 'balanced', 'max_depth': 8, 'min_samples_leaf': 3, 'n_estimators': 300, 'n_jobs': 1}",0.5490457777777777,Minimal-Bucketed,3000,3407,client_size_above_seed_median,2000-resample client-group bootstrap over out-of-fold predictions,"['utility_bucket', 'cost_bucket']"
RandomForest,median imputation; StandardScaler for LogisticRegression/MLP numeric fields; client_id one-hot only in Raw; RandomForest numeric fields unscaled,0.579428593659686,0.4555887966297631,PRIV__CICIoT2023_R1__Minimal-Bucketed__RandomForest__client_size_above_seed_median__seed42,empirical pre-upload metadata leakage only; no formal privacy guarantee,0.5,CICIoT2023_R1,0.5433581053051887,0,10,"{'class_weight': 'balanced', 'max_depth': 8, 'min_samples_leaf': 3, 'n_estimators': 300, 'n_jobs': 1}",0.5172033333333333,Minimal-Bucketed,3000,42,client_size_above_seed_median,2000-resample client-group bootstrap over out-of-fold predictions,"['utility_bucket', 'cost_bucket']"
RandomForest,median imputation; StandardScaler for LogisticRegression/MLP numeric fields; client_id one-hot only in Raw; RandomForest numeric fields unscaled,0.5956433762589767,0.4991121013679607,PRIV__CICIoT2023_R1__Minimal-Bucketed__RandomForest__client_size_above_seed_median__seed777,empirical pre-upload metadata leakage only; no formal privacy guarantee,0.5,CICIoT2023_R1,0.5547550298004464,0,10,"{'class_weight': 'balanced', 'max_depth': 8, 'min_samples_leaf': 3, 'n_estimators': 300, 'n_jobs': 1}",0.5466733333333335,Minimal-Bucketed,3000,777,client_size_above_seed_median,2000-resample client-group bootstrap over out-of-fold predictions,"['utility_bucket', 'cost_bucket']"
RandomForest,median imputation; StandardScaler for LogisticRegression/MLP numeric fields; client_id one-hot only in Raw; RandomForest numeric fields unscaled,0.5884697613452875,0.47736375999675235,PRIV__CICIoT2023_R1__Minimal-Bucketed__RandomForest__client_size_above_seed_median__seed9001,empirical pre-upload metadata leakage only; no formal privacy guarantee,0.5,CICIoT2023_R1,0.5386527716111049,0,10,"{'class_weight': 'balanced', 'max_depth': 8, 'min_samples_leaf': 3, 'n_estimators': 300, 'n_jobs': 1}",0.5268948888888889,Minimal-Bucketed,3000,9001,client_size_above_seed_median,2000-resample client-group bootstrap over out-of-fold predictions,"['utility_bucket', 'cost_bucket']"
LogisticRegression,median imputation; StandardScaler for LogisticRegression/MLP numeric fields; client_id one-hot only in Raw; RandomForest numeric fields unscaled,0.6503625899156071,0.5922899474929592,PRIV__CICIoT2023_R1__No-Size__LogisticRegression__attack_ratio_above_seed_median__seed11,empirical pre-upload metadata leakage only; no formal privacy guarantee,0.5,CICIoT2023_R1,0.6207993602693602,0,10,"{'C': 1.0, 'class_weight': 'balanced', 'max_iter': 2000, 'solver': 'liblinear'}",0.6216995555555556,No-Size,3000,11,attack_ratio_above_seed_median,2000-resample client-group bootstrap over out-of-fold predictions,"['utility', 'wire_bytes']"
LogisticRegression,median imputation; StandardScaler for LogisticRegression/MLP numeric fields; client_id one-hot only in Raw; RandomForest numeric fields unscaled,0.6452633222222223,0.587939467216811,PRIV__CICIoT2023_R1__No-Size__LogisticRegression__attack_ratio_above_seed_median__seed123,empirical pre-upload metadata leakage only; no formal privacy guarantee,0.5,CICIoT2023_R1,0.6141906565656566,0,10,"{'C': 1.0, 'class_weight': 'balanced', 'max_iter': 2000, 'solver': 'liblinear'}",0.6165684444444444,No-Size,3000,123,attack_ratio_above_seed_median,2000-resample client-group bootstrap over out-of-fold predictions,"['utility', 'wire_bytes']"
LogisticRegression,median imputation; StandardScaler for LogisticRegression/MLP numeric fields; client_id one-hot only in Raw; RandomForest numeric fields unscaled,0.641047727946128,0.5826639620287192,PRIV__CICIoT2023_R1__No-Size__LogisticRegression__attack_ratio_above_seed_median__seed2026,empirical pre-upload metadata leakage only; no formal privacy guarantee,0.5,CICIoT2023_R1,0.6088684082892416,0,10,"{'C': 1.0, 'class_weight': 'balanced', 'max_iter': 2000, 'solver': 'liblinear'}",0.6117155555555556,No-Size,3000,2026,attack_ratio_above_seed_median,2000-resample client-group bootstrap over out-of-fold predictions,"['utility', 'wire_bytes']"
LogisticRegression,median imputation; StandardScaler for LogisticRegression/MLP numeric fields; client_id one-hot only in Raw; RandomForest numeric fields unscaled,0.6363314410833777,0.5663285805388822,PRIV__CICIoT2023_R1__No-Size__LogisticRegression__attack_ratio_above_seed_median__seed2027,empirical pre-upload metadata leakage only; no formal privacy guarantee,0.5,CICIoT2023_R1,0.6107916062641063,0,10,"{'C': 1.0, 'class_weight': 'balanced', 'max_iter': 2000, 'solver': 'liblinear'}",0.6045013333333333,No-Size,3000,2027,attack_ratio_above_seed_median,2000-resample client-group bootstrap over out-of-fold predictions,"['utility', 'wire_bytes']"
LogisticRegression,median imputation; StandardScaler for LogisticRegression/MLP numeric fields; client_id one-hot only in Raw; RandomForest numeric fields unscaled,0.6528366183564139,0.5676012885521885,PRIV__CICIoT2023_R1__No-Size__LogisticRegression__attack_ratio_above_seed_median__seed2718,empirical pre-upload metadata leakage only; no formal privacy guarantee,0.5,CICIoT2023_R1,0.606887723603557,0,10,"{'C': 1.0, 'class_weight': 'balanced', 'max_iter': 2000, 'solver': 'liblinear'}",0.6096448888888889,No-Size,3000,2718,attack_ratio_above_seed_median,2000-resample client-group bootstrap over out-of-fold predictions,"['utility', 'wire_bytes']"
LogisticRegression,median imputation; StandardScaler for LogisticRegression/MLP numeric fields; client_id one-hot only in Raw; RandomForest numeric fields unscaled,0.6448264596416344,0.5991736215987463,PRIV__CICIoT2023_R1__No-Size__LogisticRegression__attack_ratio_above_seed_median__seed314,empirical pre-upload metadata leakage only; no formal privacy guarantee,0.5,CICIoT2023_R1,0.6222479657687991,0,10,"{'C': 1.0, 'class_weight': 'balanced', 'max_iter': 2000, 'solver': 'liblinear'}",0.6221328888888888,No-Size,3000,314,attack_ratio_above_seed_median,2000-resample client-group bootstrap over out-of-fold predictions,"['utility', 'wire_bytes']"
LogisticRegression,median imputation; StandardScaler for LogisticRegression/MLP numeric fields; client_id one-hot only in Raw; RandomForest numeric fields unscaled,0.6351963309442857,0.5690913433753001,PRIV__CICIoT2023_R1__No-Size__LogisticRegression__attack_ratio_above_seed_median__seed3407,empirical pre-upload metadata leakage only; no formal privacy guarantee,0.5,CICIoT2023_R1,0.6109855374255374,0,10,"{'C': 1.0, 'class_weight': 'balanced', 'max_iter': 2000, 'solver': 'liblinear'}",0.6014857777777778,No-Size,3000,3407,attack_ratio_above_seed_median,2000-resample client-group bootstrap over out-of-fold predictions,"['utility', 'wire_bytes']"
LogisticRegression,median imputation; StandardScaler for LogisticRegression/MLP numeric fields; client_id one-hot only in Raw; RandomForest numeric fields unscaled,0.6470727823288839,0.5636175256566749,PRIV__CICIoT2023_R1__No-Size__LogisticRegression__attack_ratio_above_seed_median__seed42,empirical pre-upload metadata leakage only; no formal privacy guarantee,0.5,CICIoT2023_R1,0.6097174017957351,0,10,"{'C': 1.0, 'class_weight': 'balanced', 'max_iter': 2000, 'solver': 'liblinear'}",0.6086742222222222,No-Size,3000,42,attack_ratio_above_seed_median,2000-resample client-group bootstrap over out-of-fold predictions,"['utility', 'wire_bytes']"
LogisticRegression,median imputation; StandardScaler for LogisticRegression/MLP numeric fields; client_id one-hot only in Raw; RandomForest numeric fields unscaled,0.647438471061045,0.5835369691463611,PRIV__CICIoT2023_R1__No-Size__LogisticRegression__attack_ratio_above_seed_median__seed777,empirical pre-upload metadata leakage only; no formal privacy guarantee,0.5,CICIoT2023_R1,0.6163946408529741,0,10,"{'C': 1.0, 'class_weight': 'balanced', 'max_iter': 2000, 'solver': 'liblinear'}",0.6143951111111111,No-Size,3000,777,attack_ratio_above_seed_median,2000-resample client-group bootstrap over out-of-fold predictions,"['utility', 'wire_bytes']"
LogisticRegression,median imputation; StandardScaler for LogisticRegression/MLP numeric fields; client_id one-hot only in Raw; RandomForest numeric fields unscaled,0.6374760318268721,0.5544073773448773,PRIV__CICIoT2023_R1__No-Size__LogisticRegression__attack_ratio_above_seed_median__seed9001,empirical pre-upload metadata leakage only; no formal privacy guarantee,0.5,CICIoT2023_R1,0.6080710578002245,0,10,"{'C': 1.0, 'class_weight': 'balanced', 'max_iter': 2000, 'solver': 'liblinear'}",0.5993271111111111,No-Size,3000,9001,attack_ratio_above_seed_median,2000-resample client-group bootstrap over out-of-fold predictions,"['utility', 'wire_bytes']"
LogisticRegression,median imputation; StandardScaler for LogisticRegression/MLP numeric fields; client_id one-hot only in Raw; RandomForest numeric fields unscaled,0.5843237318565246,0.48774066407896494,PRIV__CICIoT2023_R1__No-Size__LogisticRegression__client_size_above_seed_median__seed11,empirical pre-upload metadata leakage only; no formal privacy guarantee,0.5,CICIoT2023_R1,0.5271428170594838,0,10,"{'C': 1.0, 'class_weight': 'balanced', 'max_iter': 2000, 'solver': 'liblinear'}",0.5332439999999999,No-Size,3000,11,client_size_above_seed_median,2000-resample client-group bootstrap over out-of-fold predictions,"['utility', 'wire_bytes']"
LogisticRegression,median imputation; StandardScaler for LogisticRegression/MLP numeric fields; client_id one-hot only in Raw; RandomForest numeric fields unscaled,0.5843732987740551,0.5021188517158529,PRIV__CICIoT2023_R1__No-Size__LogisticRegression__client_size_above_seed_median__seed123,empirical pre-upload metadata leakage only; no formal privacy guarantee,0.5,CICIoT2023_R1,0.5348109307975975,0,10,"{'C': 1.0, 'class_weight': 'balanced', 'max_iter': 2000, 'solver': 'liblinear'}",0.544,No-Size,3000,123,client_size_above_seed_median,2000-resample client-group bootstrap over out-of-fold predictions,"['utility', 'wire_bytes']"
LogisticRegression,median imputation; StandardScaler for LogisticRegression/MLP numeric fields; client_id one-hot only in Raw; RandomForest numeric fields unscaled,0.5760091315479674,0.48518718446664144,PRIV__CICIoT2023_R1__No-Size__LogisticRegression__client_size_above_seed_median__seed2026,empirical pre-upload metadata leakage only; no formal privacy guarantee,0.5,CICIoT2023_R1,0.5288095214661881,0,10,"{'C': 1.0, 'class_weight': 'balanced', 'max_iter': 2000, 'solver': 'liblinear'}",0.528436888888889,No-Size,3000,2026,client_size_above_seed_median,2000-resample client-group bootstrap over out-of-fold predictions,"['utility', 'wire_bytes']"
LogisticRegression,median imputation; StandardScaler for LogisticRegression/MLP numeric fields; client_id one-hot only in Raw; RandomForest numeric fields unscaled,0.5827326286503344,0.4840632059066917,PRIV__CICIoT2023_R1__No-Size__LogisticRegression__client_size_above_seed_median__seed2027,empirical pre-upload metadata leakage only; no formal privacy guarantee,0.5,CICIoT2023_R1,0.5432500526325528,0,10,"{'C': 1.0, 'class_weight': 'balanced', 'max_iter': 2000, 'solver': 'liblinear'}",0.5331640000000001,No-Size,3000,2027,client_size_above_seed_median,2000-resample client-group bootstrap over out-of-fold predictions,"['utility', 'wire_bytes']"
LogisticRegression,median imputation; StandardScaler for LogisticRegression/MLP numeric fields; client_id one-hot only in Raw; RandomForest numeric fields unscaled,0.5575463794406651,0.4578176816132436,PRIV__CICIoT2023_R1__No-Size__LogisticRegression__client_size_above_seed_median__seed2718,empirical pre-upload metadata leakage only; no formal privacy guarantee,0.5,CICIoT2023_R1,0.5168499887766554,0,10,"{'C': 1.0, 'class_weight': 'balanced', 'max_iter': 2000, 'solver': 'liblinear'}",0.5034626666666666,No-Size,3000,2718,client_size_above_seed_median,2000-resample client-group bootstrap over out-of-fold predictions,"['utility', 'wire_bytes']"
LogisticRegression,median imputation; StandardScaler for LogisticRegression/MLP numeric fields; client_id one-hot only in Raw; RandomForest numeric fields unscaled,0.5796980600466682,0.495776787278583,PRIV__CICIoT2023_R1__No-Size__LogisticRegression__client_size_above_seed_median__seed314,empirical pre-upload metadata leakage only; no formal privacy guarantee,0.5,CICIoT2023_R1,0.5339572225613891,0,10,"{'C': 1.0, 'class_weight': 'balanced', 'max_iter': 2000, 'solver': 'liblinear'}",0.5392182222222222,No-Size,3000,314,client_size_above_seed_median,2000-resample client-group bootstrap over out-of-fold predictions,"['utility', 'wire_bytes']"
LogisticRegression,median imputation; StandardScaler for LogisticRegression/MLP numeric fields; client_id one-hot only in Raw; RandomForest numeric fields unscaled,0.5703071724876221,0.45608386461292705,PRIV__CICIoT2023_R1__No-Size__LogisticRegression__client_size_above_seed_median__seed3407,empirical pre-upload metadata leakage only; no formal privacy guarantee,0.5,CICIoT2023_R1,0.5171327877369543,0,10,"{'C': 1.0, 'class_weight': 'balanced', 'max_iter': 2000, 'solver': 'liblinear'}",0.5110235555555556,No-Size,3000,3407,client_size_above_seed_median,2000-resample client-group bootstrap over out-of-fold predictions,"['utility', 'wire_bytes']"
LogisticRegression,median imputation; StandardScaler for LogisticRegression/MLP numeric fields; client_id one-hot only in Raw; RandomForest numeric fields unscaled,0.5624527592855323,0.4883765839669201,PRIV__CICIoT2023_R1__No-Size__LogisticRegression__client_size_above_seed_median__seed42,empirical pre-upload metadata leakage only; no formal privacy guarantee,0.5,CICIoT2023_R1,0.5327518317793318,0,10,"{'C': 1.0, 'class_weight': 'balanced', 'max_iter': 2000, 'solver': 'liblinear'}",0.5258342222222222,No-Size,3000,42,client_size_above_seed_median,2000-resample client-group bootstrap over out-of-fold predictions,"['utility', 'wire_bytes']"
LogisticRegression,median imputation; StandardScaler for LogisticRegression/MLP numeric fields; client_id one-hot only in Raw; RandomForest numeric fields unscaled,0.5714586799964215,0.49571162104133115,PRIV__CICIoT2023_R1__No-Size__LogisticRegression__client_size_above_seed_median__seed777,empirical pre-upload metadata leakage only; no formal privacy guarantee,0.5,CICIoT2023_R1,0.5288120999062665,0,10,"{'C': 1.0, 'class_weight': 'balanced', 'max_iter': 2000, 'solver': 'liblinear'}",0.5326888888888889,No-Size,3000,777,client_size_above_seed_median,2000-resample client-group bootstrap over out-of-fold predictions,"['utility', 'wire_bytes']"
LogisticRegression,median imputation; StandardScaler for LogisticRegression/MLP numeric fields; client_id one-hot only in Raw; RandomForest numeric fields unscaled,0.6023449698263144,0.5041821717822091,PRIV__CICIoT2023_R1__No-Size__LogisticRegression__client_size_above_seed_median__seed9001,empirical pre-upload metadata leakage only; no formal privacy guarantee,0.5,CICIoT2023_R1,0.5462522292522292,0,10,"{'C': 1.0, 'class_weight': 'balanced', 'max_iter': 2000, 'solver': 'liblinear'}",0.5533266666666666,No-Size,3000,9001,client_size_above_seed_median,2000-resample client-group bootstrap over out-of-fold predictions,"['utility', 'wire_bytes']"
MLP,median imputation; StandardScaler for LogisticRegression/MLP numeric fields; client_id one-hot only in Raw; RandomForest numeric fields unscaled,0.6480258838383839,0.5772685852118625,PRIV__CICIoT2023_R1__No-Size__MLP__attack_ratio_above_seed_median__seed11,empirical pre-upload metadata leakage only; no formal privacy guarantee,0.5,CICIoT2023_R1,0.619497803030303,0,10,"{'alpha': 0.0001, 'early_stopping': True, 'hidden_layer_sizes': [32, 16], 'learning_rate_init': 0.001, 'max_iter': 1000}",0.6118457777777778,No-Size,3000,11,attack_ratio_above_seed_median,2000-resample client-group bootstrap over out-of-fold predictions,"['utility', 'wire_bytes']"
MLP,median imputation; StandardScaler for LogisticRegression/MLP numeric fields; client_id one-hot only in Raw; RandomForest numeric fields unscaled,0.6366561083804002,0.5842861065368908,PRIV__CICIoT2023_R1__No-Size__MLP__attack_ratio_above_seed_median__seed123,empirical pre-upload metadata leakage only; no formal privacy guarantee,0.5,CICIoT2023_R1,0.6153963945005612,0,10,"{'alpha': 0.0001, 'early_stopping': True, 'hidden_layer_sizes': [32, 16], 'learning_rate_init': 0.001, 'max_iter': 1000}",0.609384,No-Size,3000,123,attack_ratio_above_seed_median,2000-resample client-group bootstrap over out-of-fold predictions,"['utility', 'wire_bytes']"
MLP,median imputation; StandardScaler for LogisticRegression/MLP numeric fields; client_id one-hot only in Raw; RandomForest numeric fields unscaled,0.5946650751055168,0.5373245075808101,PRIV__CICIoT2023_R1__No-Size__MLP__attack_ratio_above_seed_median__seed2026,empirical pre-upload metadata leakage only; no formal privacy guarantee,0.5,CICIoT2023_R1,0.5958792588584255,0,10,"{'alpha': 0.0001, 'early_stopping': True, 'hidden_layer_sizes': [32, 16], 'learning_rate_init': 0.001, 'max_iter': 1000}",0.5601004444444444,No-Size,3000,2026,attack_ratio_above_seed_median,2000-resample client-group bootstrap over out-of-fold predictions,"['utility', 'wire_bytes']"
MLP,median imputation; StandardScaler for LogisticRegression/MLP numeric fields; client_id one-hot only in Raw; RandomForest numeric fields unscaled,0.6130859196606716,0.5305644586894587,PRIV__CICIoT2023_R1__No-Size__MLP__attack_ratio_above_seed_median__seed2027,empirical pre-upload metadata leakage only; no formal privacy guarantee,0.5,CICIoT2023_R1,0.6083562499229165,0,10,"{'alpha': 0.0001, 'early_stopping': True, 'hidden_layer_sizes': [32, 16], 'learning_rate_init': 0.001, 'max_iter': 1000}",0.5684431111111111,No-Size,3000,2027,attack_ratio_above_seed_median,2000-resample client-group bootstrap over out-of-fold predictions,"['utility', 'wire_bytes']"
MLP,median imputation; StandardScaler for LogisticRegression/MLP numeric fields; client_id one-hot only in Raw; RandomForest numeric fields unscaled,0.628681783824641,0.5326955479169537,PRIV__CICIoT2023_R1__No-Size__MLP__attack_ratio_above_seed_median__seed2718,empirical pre-upload metadata leakage only; no formal privacy guarantee,0.5,CICIoT2023_R1,0.6079964092697426,0,10,"{'alpha': 0.0001, 'early_stopping': True, 'hidden_layer_sizes': [32, 16], 'learning_rate_init': 0.001, 'max_iter': 1000}",0.5819804444444445,No-Size,3000,2718,attack_ratio_above_seed_median,2000-resample client-group bootstrap over out-of-fold predictions,"['utility', 'wire_bytes']"
MLP,median imputation; StandardScaler for LogisticRegression/MLP numeric fields; client_id one-hot only in Raw; RandomForest numeric fields unscaled,0.6328733255780568,0.5858865238581638,PRIV__CICIoT2023_R1__No-Size__MLP__attack_ratio_above_seed_median__seed314,empirical pre-upload metadata leakage only; no formal privacy guarantee,0.5,CICIoT2023_R1,0.6233559203142537,0,10,"{'alpha': 0.0001, 'early_stopping': True, 'hidden_layer_sizes': [32, 16], 'learning_rate_init': 0.001, 'max_iter': 1000}",0.6080128888888889,No-Size,3000,314,attack_ratio_above_seed_median,2000-resample client-group bootstrap over out-of-fold predictions,"['utility', 'wire_bytes']"
MLP,median imputation; StandardScaler for LogisticRegression/MLP numeric fields; client_id one-hot only in Raw; RandomForest numeric fields unscaled,0.61960080912068,0.534297852474323,PRIV__CICIoT2023_R1__No-Size__MLP__attack_ratio_above_seed_median__seed3407,empirical pre-upload metadata leakage only; no formal privacy guarantee,0.5,CICIoT2023_R1,0.6115414015614016,0,10,"{'alpha': 0.0001, 'early_stopping': True, 'hidden_layer_sizes': [32, 16], 'learning_rate_init': 0.001, 'max_iter': 1000}",0.5761444444444443,No-Size,3000,3407,attack_ratio_above_seed_median,2000-resample client-group bootstrap over out-of-fold predictions,"['utility', 'wire_bytes']"
MLP,median imputation; StandardScaler for LogisticRegression/MLP numeric fields; client_id one-hot only in Raw; RandomForest numeric fields unscaled,0.6447221110666489,0.55640740332744,PRIV__CICIoT2023_R1__No-Size__MLP__attack_ratio_above_seed_median__seed42,empirical pre-upload metadata leakage only; no formal privacy guarantee,0.5,CICIoT2023_R1,0.611304696969697,0,10,"{'alpha': 0.0001, 'early_stopping': True, 'hidden_layer_sizes': [32, 16], 'learning_rate_init': 0.001, 'max_iter': 1000}",0.5991546666666667,No-Size,3000,42,attack_ratio_above_seed_median,2000-resample client-group bootstrap over out-of-fold predictions,"['utility', 'wire_bytes']"
MLP,median imputation; StandardScaler for LogisticRegression/MLP numeric fields; client_id one-hot only in Raw; RandomForest numeric fields unscaled,0.6220739869970023,0.5202603051163763,PRIV__CICIoT2023_R1__No-Size__MLP__attack_ratio_above_seed_median__seed777,empirical pre-upload metadata leakage only; no formal privacy guarantee,0.5,CICIoT2023_R1,0.6130281986531987,0,10,"{'alpha': 0.0001, 'early_stopping': True, 'hidden_layer_sizes': [32, 16], 'learning_rate_init': 0.001, 'max_iter': 1000}",0.5688182222222222,No-Size,3000,777,attack_ratio_above_seed_median,2000-resample client-group bootstrap over out-of-fold predictions,"['utility', 'wire_bytes']"
MLP,median imputation; StandardScaler for LogisticRegression/MLP numeric fields; client_id one-hot only in Raw; RandomForest numeric fields unscaled,0.6233040425503535,0.5354924538720539,PRIV__CICIoT2023_R1__No-Size__MLP__attack_ratio_above_seed_median__seed9001,empirical pre-upload metadata leakage only; no formal privacy guarantee,0.5,CICIoT2023_R1,0.6072946127946126,0,10,"{'alpha': 0.0001, 'early_stopping': True, 'hidden_layer_sizes': [32, 16], 'learning_rate_init': 0.001, 'max_iter': 1000}",0.5788288888888888,No-Size,3000,9001,attack_ratio_above_seed_median,2000-resample client-group bootstrap over out-of-fold predictions,"['utility', 'wire_bytes']"
MLP,median imputation; StandardScaler for LogisticRegression/MLP numeric fields; client_id one-hot only in Raw; RandomForest numeric fields unscaled,0.4989450960998877,0.4244047308156586,PRIV__CICIoT2023_R1__No-Size__MLP__client_size_above_seed_median__seed11,empirical pre-upload metadata leakage only; no formal privacy guarantee,0.5,CICIoT2023_R1,0.49187065095398436,0,10,"{'alpha': 0.0001, 'early_stopping': True, 'hidden_layer_sizes': [32, 16], 'learning_rate_init': 0.001, 'max_iter': 1000}",0.45203777777777776,No-Size,3000,11,client_size_above_seed_median,2000-resample client-group bootstrap over out-of-fold predictions,"['utility', 'wire_bytes']"
MLP,median imputation; StandardScaler for LogisticRegression/MLP numeric fields; client_id one-hot only in Raw; RandomForest numeric fields unscaled,0.5429039596907322,0.4441155644501432,PRIV__CICIoT2023_R1__No-Size__MLP__client_size_above_seed_median__seed123,empirical pre-upload metadata leakage only; no formal privacy guarantee,0.5,CICIoT2023_R1,0.5209872583280917,0,10,"{'alpha': 0.0001, 'early_stopping': True, 'hidden_layer_sizes': [32, 16], 'learning_rate_init': 0.001, 'max_iter': 1000}",0.48689822222222223,No-Size,3000,123,client_size_above_seed_median,2000-resample client-group bootstrap over out-of-fold predictions,"['utility', 'wire_bytes']"
MLP,median imputation; StandardScaler for LogisticRegression/MLP numeric fields; client_id one-hot only in Raw; RandomForest numeric fields unscaled,0.5180764546143894,0.4028856215709889,PRIV__CICIoT2023_R1__No-Size__MLP__client_size_above_seed_median__seed2026,empirical pre-upload metadata leakage only; no formal privacy guarantee,0.5,CICIoT2023_R1,0.515946529612363,0,10,"{'alpha': 0.0001, 'early_stopping': True, 'hidden_layer_sizes': [32, 16], 'learning_rate_init': 0.001, 'max_iter': 1000}",0.45492311111111117,No-Size,3000,2026,client_size_above_seed_median,2000-resample client-group bootstrap over out-of-fold predictions,"['utility', 'wire_bytes']"
MLP,median imputation; StandardScaler for LogisticRegression/MLP numeric fields; client_id one-hot only in Raw; RandomForest numeric fields unscaled,0.5268530463018876,0.40715962304158987,PRIV__CICIoT2023_R1__No-Size__MLP__client_size_above_seed_median__seed2027,empirical pre-upload metadata leakage only; no formal privacy guarantee,0.5,CICIoT2023_R1,0.5054410584785585,0,10,"{'alpha': 0.0001, 'early_stopping': True, 'hidden_layer_sizes': [32, 16], 'learning_rate_init': 0.001, 'max_iter': 1000}",0.4664324444444444,No-Size,3000,2027,client_size_above_seed_median,2000-resample client-group bootstrap over out-of-fold predictions,"['utility', 'wire_bytes']"
MLP,median imputation; StandardScaler for LogisticRegression/MLP numeric fields; client_id one-hot only in Raw; RandomForest numeric fields unscaled,0.5044041524630065,0.4240793450039948,PRIV__CICIoT2023_R1__No-Size__MLP__client_size_above_seed_median__seed2718,empirical pre-upload metadata leakage only; no formal privacy guarantee,0.5,CICIoT2023_R1,0.4762206958473625,0,10,"{'alpha': 0.0001, 'early_stopping': True, 'hidden_layer_sizes': [32, 16], 'learning_rate_init': 0.001, 'max_iter': 1000}",0.4580951111111111,No-Size,3000,2718,client_size_above_seed_median,2000-resample client-group bootstrap over out-of-fold predictions,"['utility', 'wire_bytes']"
MLP,median imputation; StandardScaler for LogisticRegression/MLP numeric fields; client_id one-hot only in Raw; RandomForest numeric fields unscaled,0.5373232459516281,0.3934359412167645,PRIV__CICIoT2023_R1__No-Size__MLP__client_size_above_seed_median__seed314,empirical pre-upload metadata leakage only; no formal privacy guarantee,0.5,CICIoT2023_R1,0.522680557868058,0,10,"{'alpha': 0.0001, 'early_stopping': True, 'hidden_layer_sizes': [32, 16], 'learning_rate_init': 0.001, 'max_iter': 1000}",0.461232,No-Size,3000,314,client_size_above_seed_median,2000-resample client-group bootstrap over out-of-fold predictions,"['utility', 'wire_bytes']"
MLP,median imputation; StandardScaler for LogisticRegression/MLP numeric fields; client_id one-hot only in Raw; RandomForest numeric fields unscaled,0.5066124608215266,0.42193842008184196,PRIV__CICIoT2023_R1__No-Size__MLP__client_size_above_seed_median__seed3407,empirical pre-upload metadata leakage only; no formal privacy guarantee,0.5,CICIoT2023_R1,0.5064776658526658,0,10,"{'alpha': 0.0001, 'early_stopping': True, 'hidden_layer_sizes': [32, 16], 'learning_rate_init': 0.001, 'max_iter': 1000}",0.4545542222222222,No-Size,3000,3407,client_size_above_seed_median,2000-resample client-group bootstrap over out-of-fold predictions,"['utility', 'wire_bytes']"
MLP,median imputation; StandardScaler for LogisticRegression/MLP numeric fields; client_id one-hot only in Raw; RandomForest numeric fields unscaled,0.5086471479971819,0.36939634641735486,PRIV__CICIoT2023_R1__No-Size__MLP__client_size_above_seed_median__seed42,empirical pre-upload metadata leakage only; no formal privacy guarantee,0.5,CICIoT2023_R1,0.4925793437118437,0,10,"{'alpha': 0.0001, 'early_stopping': True, 'hidden_layer_sizes': [32, 16], 'learning_rate_init': 0.001, 'max_iter': 1000}",0.43618755555555555,No-Size,3000,42,client_size_above_seed_median,2000-resample client-group bootstrap over out-of-fold predictions,"['utility', 'wire_bytes']"
MLP,median imputation; StandardScaler for LogisticRegression/MLP numeric fields; client_id one-hot only in Raw; RandomForest numeric fields unscaled,0.5124703555555555,0.3952276974887372,PRIV__CICIoT2023_R1__No-Size__MLP__client_size_above_seed_median__seed777,empirical pre-upload metadata leakage only; no formal privacy guarantee,0.5,CICIoT2023_R1,0.48759280679197337,0,10,"{'alpha': 0.0001, 'early_stopping': True, 'hidden_layer_sizes': [32, 16], 'learning_rate_init': 0.001, 'max_iter': 1000}",0.4462031111111111,No-Size,3000,777,client_size_above_seed_median,2000-resample client-group bootstrap over out-of-fold predictions,"['utility', 'wire_bytes']"
MLP,median imputation; StandardScaler for LogisticRegression/MLP numeric fields; client_id one-hot only in Raw; RandomForest numeric fields unscaled,0.5591401113296424,0.44733493245661116,PRIV__CICIoT2023_R1__No-Size__MLP__client_size_above_seed_median__seed9001,empirical pre-upload metadata leakage only; no formal privacy guarantee,0.5,CICIoT2023_R1,0.5384908263033263,0,10,"{'alpha': 0.0001, 'early_stopping': True, 'hidden_layer_sizes': [32, 16], 'learning_rate_init': 0.001, 'max_iter': 1000}",0.4954528888888889,No-Size,3000,9001,client_size_above_seed_median,2000-resample client-group bootstrap over out-of-fold predictions,"['utility', 'wire_bytes']"
RandomForest,median imputation; StandardScaler for LogisticRegression/MLP numeric fields; client_id one-hot only in Raw; RandomForest numeric fields unscaled,0.6401874459473966,0.5829091205322455,PRIV__CICIoT2023_R1__No-Size__RandomForest__attack_ratio_above_seed_median__seed11,empirical pre-upload metadata leakage only; no formal privacy guarantee,0.5,CICIoT2023_R1,0.6145264646464647,0,10,"{'class_weight': 'balanced', 'max_depth': 8, 'min_samples_leaf': 3, 'n_estimators': 300, 'n_jobs': 1}",0.612252,No-Size,3000,11,attack_ratio_above_seed_median,2000-resample client-group bootstrap over out-of-fold predictions,"['utility', 'wire_bytes']"
RandomForest,median imputation; StandardScaler for LogisticRegression/MLP numeric fields; client_id one-hot only in Raw; RandomForest numeric fields unscaled,0.6288374527531758,0.5732661898162043,PRIV__CICIoT2023_R1__No-Size__RandomForest__attack_ratio_above_seed_median__seed123,empirical pre-upload metadata leakage only; no formal privacy guarantee,0.5,CICIoT2023_R1,0.600645342312009,0,10,"{'class_weight': 'balanced', 'max_depth': 8, 'min_samples_leaf': 3, 'n_estimators': 300, 'n_jobs': 1}",0.6013784444444444,No-Size,3000,123,attack_ratio_above_seed_median,2000-resample client-group bootstrap over out-of-fold predictions,"['utility', 'wire_bytes']"
RandomForest,median imputation; StandardScaler for LogisticRegression/MLP numeric fields; client_id one-hot only in Raw; RandomForest numeric fields unscaled,0.6318678894982144,0.5625783577744984,PRIV__CICIoT2023_R1__No-Size__RandomForest__attack_ratio_above_seed_median__seed2026,empirical pre-upload metadata leakage only; no formal privacy guarantee,0.5,CICIoT2023_R1,0.5947924456870289,0,10,"{'class_weight': 'balanced', 'max_depth': 8, 'min_samples_leaf': 3, 'n_estimators': 300, 'n_jobs': 1}",0.5984604444444445,No-Size,3000,2026,attack_ratio_above_seed_median,2000-resample client-group bootstrap over out-of-fold predictions,"['utility', 'wire_bytes']"
RandomForest,median imputation; StandardScaler for LogisticRegression/MLP numeric fields; client_id one-hot only in Raw; RandomForest numeric fields unscaled,0.6162195331806715,0.5565419604869621,PRIV__CICIoT2023_R1__No-Size__RandomForest__attack_ratio_above_seed_median__seed2027,empirical pre-upload metadata leakage only; no formal privacy guarantee,0.5,CICIoT2023_R1,0.6003422169497169,0,10,"{'class_weight': 'balanced', 'max_depth': 8, 'min_samples_leaf': 3, 'n_estimators': 300, 'n_jobs': 1}",0.5894637777777778,No-Size,3000,2027,attack_ratio_above_seed_median,2000-resample client-group bootstrap over out-of-fold predictions,"['utility', 'wire_bytes']"
RandomForest,median imputation; StandardScaler for LogisticRegression/MLP numeric fields; client_id one-hot only in Raw; RandomForest numeric fields unscaled,0.6246114458238602,0.5442163458332051,PRIV__CICIoT2023_R1__No-Size__RandomForest__attack_ratio_above_seed_median__seed2718,empirical pre-upload metadata leakage only; no formal privacy guarantee,0.5,CICIoT2023_R1,0.5853214222814221,0,10,"{'class_weight': 'balanced', 'max_depth': 8, 'min_samples_leaf': 3, 'n_estimators': 300, 'n_jobs': 1}",0.5861919999999999,No-Size,3000,2718,attack_ratio_above_seed_median,2000-resample client-group bootstrap over out-of-fold predictions,"['utility', 'wire_bytes']"
RandomForest,median imputation; StandardScaler for LogisticRegression/MLP numeric fields; client_id one-hot only in Raw; RandomForest numeric fields unscaled,0.6301109716819475,0.5854928444163862,PRIV__CICIoT2023_R1__No-Size__RandomForest__attack_ratio_above_seed_median__seed314,empirical pre-upload metadata leakage only; no formal privacy guarantee,0.5,CICIoT2023_R1,0.6109477062289562,0,10,"{'class_weight': 'balanced', 'max_depth': 8, 'min_samples_leaf': 3, 'n_estimators': 300, 'n_jobs': 1}",0.6081442222222222,No-Size,3000,314,attack_ratio_above_seed_median,2000-resample client-group bootstrap over out-of-fold predictions,"['utility', 'wire_bytes']"
RandomForest,median imputation; StandardScaler for LogisticRegression/MLP numeric fields; client_id one-hot only in Raw; RandomForest numeric fields unscaled,0.6114912194712288,0.5380454695767196,PRIV__CICIoT2023_R1__No-Size__RandomForest__attack_ratio_above_seed_median__seed3407,empirical pre-upload metadata leakage only; no formal privacy guarantee,0.5,CICIoT2023_R1,0.5886809435009435,0,10,"{'class_weight': 'balanced', 'max_depth': 8, 'min_samples_leaf': 3, 'n_estimators': 300, 'n_jobs': 1}",0.5759891111111111,No-Size,3000,3407,attack_ratio_above_seed_median,2000-resample client-group bootstrap over out-of-fold predictions,"['utility', 'wire_bytes']"
RandomForest,median imputation; StandardScaler for LogisticRegression/MLP numeric fields; client_id one-hot only in Raw; RandomForest numeric fields unscaled,0.6337208094227298,0.5426991733203614,PRIV__CICIoT2023_R1__No-Size__RandomForest__attack_ratio_above_seed_median__seed42,empirical pre-upload metadata leakage only; no formal privacy guarantee,0.5,CICIoT2023_R1,0.5931160956790124,0,10,"{'class_weight': 'balanced', 'max_depth': 8, 'min_samples_leaf': 3, 'n_estimators': 300, 'n_jobs': 1}",0.5897857777777777,No-Size,3000,42,attack_ratio_above_seed_median,2000-resample client-group bootstrap over out-of-fold predictions,"['utility', 'wire_bytes']"
RandomForest,median imputation; StandardScaler for LogisticRegression/MLP numeric fields; client_id one-hot only in Raw; RandomForest numeric fields unscaled,0.6336491304459945,0.5708543674803255,PRIV__CICIoT2023_R1__No-Size__RandomForest__attack_ratio_above_seed_median__seed777,empirical pre-upload metadata leakage only; no formal privacy guarantee,0.5,CICIoT2023_R1,0.605950161335578,0,10,"{'class_weight': 'balanced', 'max_depth': 8, 'min_samples_leaf': 3, 'n_estimators': 300, 'n_jobs': 1}",0.6020711111111111,No-Size,3000,777,attack_ratio_above_seed_median,2000-resample client-group bootstrap over out-of-fold predictions,"['utility', 'wire_bytes']"
RandomForest,median imputation; StandardScaler for LogisticRegression/MLP numeric fields; client_id one-hot only in Raw; RandomForest numeric fields unscaled,0.6119387879283658,0.5377708307281246,PRIV__CICIoT2023_R1__No-Size__RandomForest__attack_ratio_above_seed_median__seed9001,empirical pre-upload metadata leakage only; no formal privacy guarantee,0.5,CICIoT2023_R1,0.586827721661055,0,10,"{'class_weight': 'balanced', 'max_depth': 8, 'min_samples_leaf': 3, 'n_estimators': 300, 'n_jobs': 1}",0.5786008888888889,No-Size,3000,9001,attack_ratio_above_seed_median,2000-resample client-group bootstrap over out-of-fold predictions,"['utility', 'wire_bytes']"
RandomForest,median imputation; StandardScaler for LogisticRegression/MLP numeric fields; client_id one-hot only in Raw; RandomForest numeric fields unscaled,0.5399980199808198,0.48275102307638024,PRIV__CICIoT2023_R1__No-Size__RandomForest__client_size_above_seed_median__seed11,empirical pre-upload metadata leakage only; no formal privacy guarantee,0.5,CICIoT2023_R1,0.5018283179012346,0,10,"{'class_weight': 'balanced', 'max_depth': 8, 'min_samples_leaf': 3, 'n_estimators': 300, 'n_jobs': 1}",0.5110473333333333,No-Size,3000,11,client_size_above_seed_median,2000-resample client-group bootstrap over out-of-fold predictions,"['utility', 'wire_bytes']"
RandomForest,median imputation; StandardScaler for LogisticRegression/MLP numeric fields; client_id one-hot only in Raw; RandomForest numeric fields unscaled,0.5768582838946993,0.5166070936536674,PRIV__CICIoT2023_R1__No-Size__RandomForest__client_size_above_seed_median__seed123,empirical pre-upload metadata leakage only; no formal privacy guarantee,0.5,CICIoT2023_R1,0.5379336535686535,0,10,"{'class_weight': 'balanced', 'max_depth': 8, 'min_samples_leaf': 3, 'n_estimators': 300, 'n_jobs': 1}",0.5476337777777778,No-Size,3000,123,client_size_above_seed_median,2000-resample client-group bootstrap over out-of-fold predictions,"['utility', 'wire_bytes']"
RandomForest,median imputation; StandardScaler for LogisticRegression/MLP numeric fields; client_id one-hot only in Raw; RandomForest numeric fields unscaled,0.5401079497391909,0.4779235440910371,PRIV__CICIoT2023_R1__No-Size__RandomForest__client_size_above_seed_median__seed2026,empirical pre-upload metadata leakage only; no formal privacy guarantee,0.5,CICIoT2023_R1,0.5096639688860523,0,10,"{'class_weight': 'balanced', 'max_depth': 8, 'min_samples_leaf': 3, 'n_estimators': 300, 'n_jobs': 1}",0.5099124444444445,No-Size,3000,2026,client_size_above_seed_median,2000-resample client-group bootstrap over out-of-fold predictions,"['utility', 'wire_bytes']"
RandomForest,median imputation; StandardScaler for LogisticRegression/MLP numeric fields; client_id one-hot only in Raw; RandomForest numeric fields unscaled,0.5571971145833333,0.4913676821582046,PRIV__CICIoT2023_R1__No-Size__RandomForest__client_size_above_seed_median__seed2027,empirical pre-upload metadata leakage only; no formal privacy guarantee,0.5,CICIoT2023_R1,0.5265074734833068,0,10,"{'class_weight': 'balanced', 'max_depth': 8, 'min_samples_leaf': 3, 'n_estimators': 300, 'n_jobs': 1}",0.5230251111111112,No-Size,3000,2027,client_size_above_seed_median,2000-resample client-group bootstrap over out-of-fold predictions,"['utility', 'wire_bytes']"
RandomForest,median imputation; StandardScaler for LogisticRegression/MLP numeric fields; client_id one-hot only in Raw; RandomForest numeric fields unscaled,0.5270325199044011,0.46707473527269483,PRIV__CICIoT2023_R1__No-Size__RandomForest__client_size_above_seed_median__seed2718,empirical pre-upload metadata leakage only; no formal privacy guarantee,0.5,CICIoT2023_R1,0.4995687654320987,0,10,"{'class_weight': 'balanced', 'max_depth': 8, 'min_samples_leaf': 3, 'n_estimators': 300, 'n_jobs': 1}",0.49382644444444446,No-Size,3000,2718,client_size_above_seed_median,2000-resample client-group bootstrap over out-of-fold predictions,"['utility', 'wire_bytes']"
RandomForest,median imputation; StandardScaler for LogisticRegression/MLP numeric fields; client_id one-hot only in Raw; RandomForest numeric fields unscaled,0.5550315848561648,0.4994993469416386,PRIV__CICIoT2023_R1__No-Size__RandomForest__client_size_above_seed_median__seed314,empirical pre-upload metadata leakage only; no formal privacy guarantee,0.5,CICIoT2023_R1,0.5193035402097902,0,10,"{'class_weight': 'balanced', 'max_depth': 8, 'min_samples_leaf': 3, 'n_estimators': 300, 'n_jobs': 1}",0.5274255555555556,No-Size,3000,314,client_size_above_seed_median,2000-resample client-group bootstrap over out-of-fold predictions,"['utility', 'wire_bytes']"
RandomForest,median imputation; StandardScaler for LogisticRegression/MLP numeric fields; client_id one-hot only in Raw; RandomForest numeric fields unscaled,0.5186877118760908,0.4473101930667382,PRIV__CICIoT2023_R1__No-Size__RandomForest__client_size_above_seed_median__seed3407,empirical pre-upload metadata leakage only; no formal privacy guarantee,0.5,CICIoT2023_R1,0.4764215614632281,0,10,"{'class_weight': 'balanced', 'max_depth': 8, 'min_samples_leaf': 3, 'n_estimators': 300, 'n_jobs': 1}",0.48187266666666667,No-Size,3000,3407,client_size_above_seed_median,2000-resample client-group bootstrap over out-of-fold predictions,"['utility', 'wire_bytes']"
RandomForest,median imputation; StandardScaler for LogisticRegression/MLP numeric fields; client_id one-hot only in Raw; RandomForest numeric fields unscaled,0.5092836064257352,0.44900254316702526,PRIV__CICIoT2023_R1__No-Size__RandomForest__client_size_above_seed_median__seed42,empirical pre-upload metadata leakage only; no formal privacy guarantee,0.5,CICIoT2023_R1,0.4773558348133348,0,10,"{'class_weight': 'balanced', 'max_depth': 8, 'min_samples_leaf': 3, 'n_estimators': 300, 'n_jobs': 1}",0.47831622222222225,No-Size,3000,42,client_size_above_seed_median,2000-resample client-group bootstrap over out-of-fold predictions,"['utility', 'wire_bytes']"
RandomForest,median imputation; StandardScaler for LogisticRegression/MLP numeric fields; client_id one-hot only in Raw; RandomForest numeric fields unscaled,0.5181372787970024,0.4760084678799056,PRIV__CICIoT2023_R1__No-Size__RandomForest__client_size_above_seed_median__seed777,empirical pre-upload metadata leakage only; no formal privacy guarantee,0.5,CICIoT2023_R1,0.4967488467550968,0,10,"{'class_weight': 'balanced', 'max_depth': 8, 'min_samples_leaf': 3, 'n_estimators': 300, 'n_jobs': 1}",0.49561444444444447,No-Size,3000,777,client_size_above_seed_median,2000-resample client-group bootstrap over out-of-fold predictions,"['utility', 'wire_bytes']"
RandomForest,median imputation; StandardScaler for LogisticRegression/MLP numeric fields; client_id one-hot only in Raw; RandomForest numeric fields unscaled,0.5749203068380129,0.5173383871577477,PRIV__CICIoT2023_R1__No-Size__RandomForest__client_size_above_seed_median__seed9001,empirical pre-upload metadata leakage only; no formal privacy guarantee,0.5,CICIoT2023_R1,0.5454744672765506,0,10,"{'class_weight': 'balanced', 'max_depth': 8, 'min_samples_leaf': 3, 'n_estimators': 300, 'n_jobs': 1}",0.5476580000000001,No-Size,3000,9001,client_size_above_seed_median,2000-resample client-group bootstrap over out-of-fold predictions,"['utility', 'wire_bytes']"
LogisticRegression,median imputation; StandardScaler for LogisticRegression/MLP numeric fields; client_id one-hot only in Raw; RandomForest numeric fields unscaled,0.7821181475534145,0.6561966969980819,PRIV__CICIoT2023_R1__Noisy-Quantized__LogisticRegression__attack_ratio_above_seed_median__seed11,empirical pre-upload metadata leakage only; no formal privacy guarantee,0.5,CICIoT2023_R1,0.7138064197530865,0,10,"{'C': 1.0, 'class_weight': 'balanced', 'max_iter': 2000, 'solver': 'liblinear'}",0.718864,Noisy-Quantized,3000,11,attack_ratio_above_seed_median,2000-resample client-group bootstrap over out-of-fold predictions,"['utility', 'wire_bytes', 'n_fit']"
LogisticRegression,median imputation; StandardScaler for LogisticRegression/MLP numeric fields; client_id one-hot only in Raw; RandomForest numeric fields unscaled,0.7732837528619528,0.6567201971066204,PRIV__CICIoT2023_R1__Noisy-Quantized__LogisticRegression__attack_ratio_above_seed_median__seed123,empirical pre-upload metadata leakage only; no formal privacy guarantee,0.5,CICIoT2023_R1,0.712660423681257,0,10,"{'C': 1.0, 'class_weight': 'balanced', 'max_iter': 2000, 'solver': 'liblinear'}",0.7146448888888889,Noisy-Quantized,3000,123,attack_ratio_above_seed_median,2000-resample client-group bootstrap over out-of-fold predictions,"['utility', 'wire_bytes', 'n_fit']"
LogisticRegression,median imputation; StandardScaler for LogisticRegression/MLP numeric fields; client_id one-hot only in Raw; RandomForest numeric fields unscaled,0.7742824167001204,0.6581689459815546,PRIV__CICIoT2023_R1__Noisy-Quantized__LogisticRegression__attack_ratio_above_seed_median__seed2026,empirical pre-upload metadata leakage only; no formal privacy guarantee,0.5,CICIoT2023_R1,0.7205489029180696,0,10,"{'C': 1.0, 'class_weight': 'balanced', 'max_iter': 2000, 'solver': 'liblinear'}",0.7152404444444445,Noisy-Quantized,3000,2026,attack_ratio_above_seed_median,2000-resample client-group bootstrap over out-of-fold predictions,"['utility', 'wire_bytes', 'n_fit']"
LogisticRegression,median imputation; StandardScaler for LogisticRegression/MLP numeric fields; client_id one-hot only in Raw; RandomForest numeric fields unscaled,0.7815096784940007,0.6647833946683628,PRIV__CICIoT2023_R1__Noisy-Quantized__LogisticRegression__attack_ratio_above_seed_median__seed2027,empirical pre-upload metadata leakage only; no formal privacy guarantee,0.5,CICIoT2023_R1,0.7513899584057918,0,10,"{'C': 1.0, 'class_weight': 'balanced', 'max_iter': 2000, 'solver': 'liblinear'}",0.7215204444444444,Noisy-Quantized,3000,2027,attack_ratio_above_seed_median,2000-resample client-group bootstrap over out-of-fold predictions,"['utility', 'wire_bytes', 'n_fit']"
LogisticRegression,median imputation; StandardScaler for LogisticRegression/MLP numeric fields; client_id one-hot only in Raw; RandomForest numeric fields unscaled,0.772916622164017,0.6574004460648148,PRIV__CICIoT2023_R1__Noisy-Quantized__LogisticRegression__attack_ratio_above_seed_median__seed2718,empirical pre-upload metadata leakage only; no formal privacy guarantee,0.5,CICIoT2023_R1,0.7248156837606838,0,10,"{'C': 1.0, 'class_weight': 'balanced', 'max_iter': 2000, 'solver': 'liblinear'}",0.71244,Noisy-Quantized,3000,2718,attack_ratio_above_seed_median,2000-resample client-group bootstrap over out-of-fold predictions,"['utility', 'wire_bytes', 'n_fit']"
LogisticRegression,median imputation; StandardScaler for LogisticRegression/MLP numeric fields; client_id one-hot only in Raw; RandomForest numeric fields unscaled,0.7814898127811731,0.6584267191822534,PRIV__CICIoT2023_R1__Noisy-Quantized__LogisticRegression__attack_ratio_above_seed_median__seed314,empirical pre-upload metadata leakage only; no formal privacy guarantee,0.5,CICIoT2023_R1,0.7150644640852976,0,10,"{'C': 1.0, 'class_weight': 'balanced', 'max_iter': 2000, 'solver': 'liblinear'}",0.7173879999999999,Noisy-Quantized,3000,314,attack_ratio_above_seed_median,2000-resample client-group bootstrap over out-of-fold predictions,"['utility', 'wire_bytes', 'n_fit']"
LogisticRegression,median imputation; StandardScaler for LogisticRegression/MLP numeric fields; client_id one-hot only in Raw; RandomForest numeric fields unscaled,0.7708806836211977,0.6381391755333444,PRIV__CICIoT2023_R1__Noisy-Quantized__LogisticRegression__attack_ratio_above_seed_median__seed3407,empirical pre-upload metadata leakage only; no formal privacy guarantee,0.5,CICIoT2023_R1,0.7308627888161222,0,10,"{'C': 1.0, 'class_weight': 'balanced', 'max_iter': 2000, 'solver': 'liblinear'}",0.7037982222222221,Noisy-Quantized,3000,3407,attack_ratio_above_seed_median,2000-resample client-group bootstrap over out-of-fold predictions,"['utility', 'wire_bytes', 'n_fit']"
LogisticRegression,median imputation; StandardScaler for LogisticRegression/MLP numeric fields; client_id one-hot only in Raw; RandomForest numeric fields unscaled,0.793631684152425,0.6769866145813819,PRIV__CICIoT2023_R1__Noisy-Quantized__LogisticRegression__attack_ratio_above_seed_median__seed42,empirical pre-upload metadata leakage only; no formal privacy guarantee,0.5,CICIoT2023_R1,0.7350305162738495,0,10,"{'C': 1.0, 'class_weight': 'balanced', 'max_iter': 2000, 'solver': 'liblinear'}",0.7318986666666667,Noisy-Quantized,3000,42,attack_ratio_above_seed_median,2000-resample client-group bootstrap over out-of-fold predictions,"['utility', 'wire_bytes', 'n_fit']"
LogisticRegression,median imputation; StandardScaler for LogisticRegression/MLP numeric fields; client_id one-hot only in Raw; RandomForest numeric fields unscaled,0.7711923236047142,0.6445755097044159,PRIV__CICIoT2023_R1__Noisy-Quantized__LogisticRegression__attack_ratio_above_seed_median__seed777,empirical pre-upload metadata leakage only; no formal privacy guarantee,0.5,CICIoT2023_R1,0.720259960718294,0,10,"{'C': 1.0, 'class_weight': 'balanced', 'max_iter': 2000, 'solver': 'liblinear'}",0.7070422222222222,Noisy-Quantized,3000,777,attack_ratio_above_seed_median,2000-resample client-group bootstrap over out-of-fold predictions,"['utility', 'wire_bytes', 'n_fit']"
LogisticRegression,median imputation; StandardScaler for LogisticRegression/MLP numeric fields; client_id one-hot only in Raw; RandomForest numeric fields unscaled,0.7638534135672165,0.6338066367839871,PRIV__CICIoT2023_R1__Noisy-Quantized__LogisticRegression__attack_ratio_above_seed_median__seed9001,empirical pre-upload metadata leakage only; no formal privacy guarantee,0.5,CICIoT2023_R1,0.7128151655443322,0,10,"{'C': 1.0, 'class_weight': 'balanced', 'max_iter': 2000, 'solver': 'liblinear'}",0.6951217777777778,Noisy-Quantized,3000,9001,attack_ratio_above_seed_median,2000-resample client-group bootstrap over out-of-fold predictions,"['utility', 'wire_bytes', 'n_fit']"
LogisticRegression,median imputation; StandardScaler for LogisticRegression/MLP numeric fields; client_id one-hot only in Raw; RandomForest numeric fields unscaled,0.9900507235880464,0.9430361339809669,PRIV__CICIoT2023_R1__Noisy-Quantized__LogisticRegression__client_size_above_seed_median__seed11,empirical pre-upload metadata leakage only; no formal privacy guarantee,0.5,CICIoT2023_R1,0.9686661054994389,0,10,"{'C': 1.0, 'class_weight': 'balanced', 'max_iter': 2000, 'solver': 'liblinear'}",0.970352,Noisy-Quantized,3000,11,client_size_above_seed_median,2000-resample client-group bootstrap over out-of-fold predictions,"['utility', 'wire_bytes', 'n_fit']"
LogisticRegression,median imputation; StandardScaler for LogisticRegression/MLP numeric fields; client_id one-hot only in Raw; RandomForest numeric fields unscaled,0.9880963757570387,0.943879494632056,PRIV__CICIoT2023_R1__Noisy-Quantized__LogisticRegression__client_size_above_seed_median__seed123,empirical pre-upload metadata leakage only; no formal privacy guarantee,0.5,CICIoT2023_R1,0.9676524270482604,0,10,"{'C': 1.0, 'class_weight': 'balanced', 'max_iter': 2000, 'solver': 'liblinear'}",0.9683204444444444,Noisy-Quantized,3000,123,client_size_above_seed_median,2000-resample client-group bootstrap over out-of-fold predictions,"['utility', 'wire_bytes', 'n_fit']"
LogisticRegression,median imputation; StandardScaler for LogisticRegression/MLP numeric fields; client_id one-hot only in Raw; RandomForest numeric fields unscaled,0.9892823291286456,0.9466153030033239,PRIV__CICIoT2023_R1__Noisy-Quantized__LogisticRegression__client_size_above_seed_median__seed2026,empirical pre-upload metadata leakage only; no formal privacy guarantee,0.5,CICIoT2023_R1,0.9704112065095398,0,10,"{'C': 1.0, 'class_weight': 'balanced', 'max_iter': 2000, 'solver': 'liblinear'}",0.9707626666666667,Noisy-Quantized,3000,2026,client_size_above_seed_median,2000-resample client-group bootstrap over out-of-fold predictions,"['utility', 'wire_bytes', 'n_fit']"
LogisticRegression,median imputation; StandardScaler for LogisticRegression/MLP numeric fields; client_id one-hot only in Raw; RandomForest numeric fields unscaled,0.9860999614261753,0.942891208082323,PRIV__CICIoT2023_R1__Noisy-Quantized__LogisticRegression__client_size_above_seed_median__seed2027,empirical pre-upload metadata leakage only; no formal privacy guarantee,0.5,CICIoT2023_R1,0.9752489786756453,0,10,"{'C': 1.0, 'class_weight': 'balanced', 'max_iter': 2000, 'solver': 'liblinear'}",0.9655084444444444,Noisy-Quantized,3000,2027,client_size_above_seed_median,2000-resample client-group bootstrap over out-of-fold predictions,"['utility', 'wire_bytes', 'n_fit']"
LogisticRegression,median imputation; StandardScaler for LogisticRegression/MLP numeric fields; client_id one-hot only in Raw; RandomForest numeric fields unscaled,0.9898106239754784,0.9447720417802583,PRIV__CICIoT2023_R1__Noisy-Quantized__LogisticRegression__client_size_above_seed_median__seed2718,empirical pre-upload metadata leakage only; no formal privacy guarantee,0.5,CICIoT2023_R1,0.972092098765432,0,10,"{'C': 1.0, 'class_weight': 'balanced', 'max_iter': 2000, 'solver': 'liblinear'}",0.9708173333333333,Noisy-Quantized,3000,2718,client_size_above_seed_median,2000-resample client-group bootstrap over out-of-fold predictions,"['utility', 'wire_bytes', 'n_fit']"
LogisticRegression,median imputation; StandardScaler for LogisticRegression/MLP numeric fields; client_id one-hot only in Raw; RandomForest numeric fields unscaled,0.9894846971634735,0.942509796027912,PRIV__CICIoT2023_R1__Noisy-Quantized__LogisticRegression__client_size_above_seed_median__seed314,empirical pre-upload metadata leakage only; no formal privacy guarantee,0.5,CICIoT2023_R1,0.9625643939393939,0,10,"{'C': 1.0, 'class_weight': 'balanced', 'max_iter': 2000, 'solver': 'liblinear'}",0.9682595555555557,Noisy-Quantized,3000,314,client_size_above_seed_median,2000-resample client-group bootstrap over out-of-fold predictions,"['utility', 'wire_bytes', 'n_fit']"
LogisticRegression,median imputation; StandardScaler for LogisticRegression/MLP numeric fields; client_id one-hot only in Raw; RandomForest numeric fields unscaled,0.9884987915032679,0.94336328125,PRIV__CICIoT2023_R1__Noisy-Quantized__LogisticRegression__client_size_above_seed_median__seed3407,empirical pre-upload metadata leakage only; no formal privacy guarantee,0.5,CICIoT2023_R1,0.9656435185185185,0,10,"{'C': 1.0, 'class_weight': 'balanced', 'max_iter': 2000, 'solver': 'liblinear'}",0.9689946666666667,Noisy-Quantized,3000,3407,client_size_above_seed_median,2000-resample client-group bootstrap over out-of-fold predictions,"['utility', 'wire_bytes', 'n_fit']"
LogisticRegression,median imputation; StandardScaler for LogisticRegression/MLP numeric fields; client_id one-hot only in Raw; RandomForest numeric fields unscaled,0.9871243198921076,0.9420921378968254,PRIV__CICIoT2023_R1__Noisy-Quantized__LogisticRegression__client_size_above_seed_median__seed42,empirical pre-upload metadata leakage only; no formal privacy guarantee,0.5,CICIoT2023_R1,0.9745954863654864,0,10,"{'C': 1.0, 'class_weight': 'balanced', 'max_iter': 2000, 'solver': 'liblinear'}",0.9668342222222223,Noisy-Quantized,3000,42,client_size_above_seed_median,2000-resample client-group bootstrap over out-of-fold predictions,"['utility', 'wire_bytes', 'n_fit']"
LogisticRegression,median imputation; StandardScaler for LogisticRegression/MLP numeric fields; client_id one-hot only in Raw; RandomForest numeric fields unscaled,0.9894660221240912,0.9429831537598204,PRIV__CICIoT2023_R1__Noisy-Quantized__LogisticRegression__client_size_above_seed_median__seed777,empirical pre-upload metadata leakage only; no formal privacy guarantee,0.5,CICIoT2023_R1,0.9640076327992995,0,10,"{'C': 1.0, 'class_weight': 'balanced', 'max_iter': 2000, 'solver': 'liblinear'}",0.9691960000000002,Noisy-Quantized,3000,777,client_size_above_seed_median,2000-resample client-group bootstrap over out-of-fold predictions,"['utility', 'wire_bytes', 'n_fit']"
LogisticRegression,median imputation; StandardScaler for LogisticRegression/MLP numeric fields; client_id one-hot only in Raw; RandomForest numeric fields unscaled,0.9903818717906003,0.9461491402379869,PRIV__CICIoT2023_R1__Noisy-Quantized__LogisticRegression__client_size_above_seed_median__seed9001,empirical pre-upload metadata leakage only; no formal privacy guarantee,0.5,CICIoT2023_R1,0.9686304112554114,0,10,"{'C': 1.0, 'class_weight': 'balanced', 'max_iter': 2000, 'solver': 'liblinear'}",0.9710008888888889,Noisy-Quantized,3000,9001,client_size_above_seed_median,2000-resample client-group bootstrap over out-of-fold predictions,"['utility', 'wire_bytes', 'n_fit']"
MLP,median imputation; StandardScaler for LogisticRegression/MLP numeric fields; client_id one-hot only in Raw; RandomForest numeric fields unscaled,0.7587669564609666,0.6217011371102367,PRIV__CICIoT2023_R1__Noisy-Quantized__MLP__attack_ratio_above_seed_median__seed11,empirical pre-upload metadata leakage only; no formal privacy guarantee,0.5,CICIoT2023_R1,0.701394898989899,0,10,"{'alpha': 0.0001, 'early_stopping': True, 'hidden_layer_sizes': [32, 16], 'learning_rate_init': 0.001, 'max_iter': 1000}",0.6872262222222222,Noisy-Quantized,3000,11,attack_ratio_above_seed_median,2000-resample client-group bootstrap over out-of-fold predictions,"['utility', 'wire_bytes', 'n_fit']"
MLP,median imputation; StandardScaler for LogisticRegression/MLP numeric fields; client_id one-hot only in Raw; RandomForest numeric fields unscaled,0.7471594943532969,0.6372576219101594,PRIV__CICIoT2023_R1__Noisy-Quantized__MLP__attack_ratio_above_seed_median__seed123,empirical pre-upload metadata leakage only; no formal privacy guarantee,0.5,CICIoT2023_R1,0.7048158670033671,0,10,"{'alpha': 0.0001, 'early_stopping': True, 'hidden_layer_sizes': [32, 16], 'learning_rate_init': 0.001, 'max_iter': 1000}",0.6827662222222223,Noisy-Quantized,3000,123,attack_ratio_above_seed_median,2000-resample client-group bootstrap over out-of-fold predictions,"['utility', 'wire_bytes', 'n_fit']"
MLP,median imputation; StandardScaler for LogisticRegression/MLP numeric fields; client_id one-hot only in Raw; RandomForest numeric fields unscaled,0.763262546967257,0.6251303439233316,PRIV__CICIoT2023_R1__Noisy-Quantized__MLP__attack_ratio_above_seed_median__seed2026,empirical pre-upload metadata leakage only; no formal privacy guarantee,0.5,CICIoT2023_R1,0.7120719236010904,0,10,"{'alpha': 0.0001, 'early_stopping': True, 'hidden_layer_sizes': [32, 16], 'learning_rate_init': 0.001, 'max_iter': 1000}",0.6917217777777778,Noisy-Quantized,3000,2026,attack_ratio_above_seed_median,2000-resample client-group bootstrap over out-of-fold predictions,"['utility', 'wire_bytes', 'n_fit']"
MLP,median imputation; StandardScaler for LogisticRegression/MLP numeric fields; client_id one-hot only in Raw; RandomForest numeric fields unscaled,0.7441729215541276,0.6121973490918803,PRIV__CICIoT2023_R1__Noisy-Quantized__MLP__attack_ratio_above_seed_median__seed2027,empirical pre-upload metadata leakage only; no formal privacy guarantee,0.5,CICIoT2023_R1,0.731241874545208,0,10,"{'alpha': 0.0001, 'early_stopping': True, 'hidden_layer_sizes': [32, 16], 'learning_rate_init': 0.001, 'max_iter': 1000}",0.6734737777777777,Noisy-Quantized,3000,2027,attack_ratio_above_seed_median,2000-resample client-group bootstrap over out-of-fold predictions,"['utility', 'wire_bytes', 'n_fit']"
MLP,median imputation; StandardScaler for LogisticRegression/MLP numeric fields; client_id one-hot only in Raw; RandomForest numeric fields unscaled,0.7429297609449238,0.6097094944601148,PRIV__CICIoT2023_R1__Noisy-Quantized__MLP__attack_ratio_above_seed_median__seed2718,empirical pre-upload metadata leakage only; no formal privacy guarantee,0.5,CICIoT2023_R1,0.7062013919105586,0,10,"{'alpha': 0.0001, 'early_stopping': True, 'hidden_layer_sizes': [32, 16], 'learning_rate_init': 0.001, 'max_iter': 1000}",0.67196,Noisy-Quantized,3000,2718,attack_ratio_above_seed_median,2000-resample client-group bootstrap over out-of-fold predictions,"['utility', 'wire_bytes', 'n_fit']"
MLP,median imputation; StandardScaler for LogisticRegression/MLP numeric fields; client_id one-hot only in Raw; RandomForest numeric fields unscaled,0.7621585481620037,0.6445943228469839,PRIV__CICIoT2023_R1__Noisy-Quantized__MLP__attack_ratio_above_seed_median__seed314,empirical pre-upload metadata leakage only; no formal privacy guarantee,0.5,CICIoT2023_R1,0.7025309343434343,0,10,"{'alpha': 0.0001, 'early_stopping': True, 'hidden_layer_sizes': [32, 16], 'learning_rate_init': 0.001, 'max_iter': 1000}",0.6970773333333334,Noisy-Quantized,3000,314,attack_ratio_above_seed_median,2000-resample client-group bootstrap over out-of-fold predictions,"['utility', 'wire_bytes', 'n_fit']"
MLP,median imputation; StandardScaler for LogisticRegression/MLP numeric fields; client_id one-hot only in Raw; RandomForest numeric fields unscaled,0.7541929805725746,0.596540248043662,PRIV__CICIoT2023_R1__Noisy-Quantized__MLP__attack_ratio_above_seed_median__seed3407,empirical pre-upload metadata leakage only; no formal privacy guarantee,0.5,CICIoT2023_R1,0.718367072680406,0,10,"{'alpha': 0.0001, 'early_stopping': True, 'hidden_layer_sizes': [32, 16], 'learning_rate_init': 0.001, 'max_iter': 1000}",0.6647644444444444,Noisy-Quantized,3000,3407,attack_ratio_above_seed_median,2000-resample client-group bootstrap over out-of-fold predictions,"['utility', 'wire_bytes', 'n_fit']"
MLP,median imputation; StandardScaler for LogisticRegression/MLP numeric fields; client_id one-hot only in Raw; RandomForest numeric fields unscaled,0.7833181409001894,0.6346517408718394,PRIV__CICIoT2023_R1__Noisy-Quantized__MLP__attack_ratio_above_seed_median__seed42,empirical pre-upload metadata leakage only; no formal privacy guarantee,0.5,CICIoT2023_R1,0.7168969276094277,0,10,"{'alpha': 0.0001, 'early_stopping': True, 'hidden_layer_sizes': [32, 16], 'learning_rate_init': 0.001, 'max_iter': 1000}",0.7079857777777778,Noisy-Quantized,3000,42,attack_ratio_above_seed_median,2000-resample client-group bootstrap over out-of-fold predictions,"['utility', 'wire_bytes', 'n_fit']"
MLP,median imputation; StandardScaler for LogisticRegression/MLP numeric fields; client_id one-hot only in Raw; RandomForest numeric fields unscaled,0.7638768360613879,0.6310373333333335,PRIV__CICIoT2023_R1__Noisy-Quantized__MLP__attack_ratio_above_seed_median__seed777,empirical pre-upload metadata leakage only; no formal privacy guarantee,0.5,CICIoT2023_R1,0.7124153338945006,0,10,"{'alpha': 0.0001, 'early_stopping': True, 'hidden_layer_sizes': [32, 16], 'learning_rate_init': 0.001, 'max_iter': 1000}",0.6946733333333333,Noisy-Quantized,3000,777,attack_ratio_above_seed_median,2000-resample client-group bootstrap over out-of-fold predictions,"['utility', 'wire_bytes', 'n_fit']"
MLP,median imputation; StandardScaler for LogisticRegression/MLP numeric fields; client_id one-hot only in Raw; RandomForest numeric fields unscaled,0.7762949367623405,0.5716408234925747,PRIV__CICIoT2023_R1__Noisy-Quantized__MLP__attack_ratio_above_seed_median__seed9001,empirical pre-upload metadata leakage only; no formal privacy guarantee,0.5,CICIoT2023_R1,0.6906318041526376,0,10,"{'alpha': 0.0001, 'early_stopping': True, 'hidden_layer_sizes': [32, 16], 'learning_rate_init': 0.001, 'max_iter': 1000}",0.6729035555555556,Noisy-Quantized,3000,9001,attack_ratio_above_seed_median,2000-resample client-group bootstrap over out-of-fold predictions,"['utility', 'wire_bytes', 'n_fit']"
MLP,median imputation; StandardScaler for LogisticRegression/MLP numeric fields; client_id one-hot only in Raw; RandomForest numeric fields unscaled,0.9861909383718696,0.9404264255197028,PRIV__CICIoT2023_R1__Noisy-Quantized__MLP__client_size_above_seed_median__seed11,empirical pre-upload metadata leakage only; no formal privacy guarantee,0.5,CICIoT2023_R1,0.9689802188552189,0,10,"{'alpha': 0.0001, 'early_stopping': True, 'hidden_layer_sizes': [32, 16], 'learning_rate_init': 0.001, 'max_iter': 1000}",0.9659128888888889,Noisy-Quantized,3000,11,client_size_above_seed_median,2000-resample client-group bootstrap over out-of-fold predictions,"['utility', 'wire_bytes', 'n_fit']"
MLP,median imputation; StandardScaler for LogisticRegression/MLP numeric fields; client_id one-hot only in Raw; RandomForest numeric fields unscaled,0.9761492592669146,0.9154632912192655,PRIV__CICIoT2023_R1__Noisy-Quantized__MLP__client_size_above_seed_median__seed123,empirical pre-upload metadata leakage only; no formal privacy guarantee,0.5,CICIoT2023_R1,0.9681375277191944,0,10,"{'alpha': 0.0001, 'early_stopping': True, 'hidden_layer_sizes': [32, 16], 'learning_rate_init': 0.001, 'max_iter': 1000}",0.943100888888889,Noisy-Quantized,3000,123,client_size_above_seed_median,2000-resample client-group bootstrap over out-of-fold predictions,"['utility', 'wire_bytes', 'n_fit']"
MLP,median imputation; StandardScaler for LogisticRegression/MLP numeric fields; client_id one-hot only in Raw; RandomForest numeric fields unscaled,0.9838665893088314,0.9297781105497754,PRIV__CICIoT2023_R1__Noisy-Quantized__MLP__client_size_above_seed_median__seed2026,empirical pre-upload metadata leakage only; no formal privacy guarantee,0.5,CICIoT2023_R1,0.9702944921436589,0,10,"{'alpha': 0.0001, 'early_stopping': True, 'hidden_layer_sizes': [32, 16], 'learning_rate_init': 0.001, 'max_iter': 1000}",0.9562186666666667,Noisy-Quantized,3000,2026,client_size_above_seed_median,2000-resample client-group bootstrap over out-of-fold predictions,"['utility', 'wire_bytes', 'n_fit']"
MLP,median imputation; StandardScaler for LogisticRegression/MLP numeric fields; client_id one-hot only in Raw; RandomForest numeric fields unscaled,0.9866912801479032,0.9444204743424585,PRIV__CICIoT2023_R1__Noisy-Quantized__MLP__client_size_above_seed_median__seed2027,empirical pre-upload metadata leakage only; no formal privacy guarantee,0.5,CICIoT2023_R1,0.9747388327721662,0,10,"{'alpha': 0.0001, 'early_stopping': True, 'hidden_layer_sizes': [32, 16], 'learning_rate_init': 0.001, 'max_iter': 1000}",0.9645244444444445,Noisy-Quantized,3000,2027,client_size_above_seed_median,2000-resample client-group bootstrap over out-of-fold predictions,"['utility', 'wire_bytes', 'n_fit']"
MLP,median imputation; StandardScaler for LogisticRegression/MLP numeric fields; client_id one-hot only in Raw; RandomForest numeric fields unscaled,0.9691421430488458,0.9113068665913335,PRIV__CICIoT2023_R1__Noisy-Quantized__MLP__client_size_above_seed_median__seed2718,empirical pre-upload metadata leakage only; no formal privacy guarantee,0.5,CICIoT2023_R1,0.9506239281705948,0,10,"{'alpha': 0.0001, 'early_stopping': True, 'hidden_layer_sizes': [32, 16], 'learning_rate_init': 0.001, 'max_iter': 1000}",0.935978222222222,Noisy-Quantized,3000,2718,client_size_above_seed_median,2000-resample client-group bootstrap over out-of-fold predictions,"['utility', 'wire_bytes', 'n_fit']"
MLP,median imputation; StandardScaler for LogisticRegression/MLP numeric fields; client_id one-hot only in Raw; RandomForest numeric fields unscaled,0.9861831732693076,0.9329153240315744,PRIV__CICIoT2023_R1__Noisy-Quantized__MLP__client_size_above_seed_median__seed314,empirical pre-upload metadata leakage only; no formal privacy guarantee,0.5,CICIoT2023_R1,0.9633161475869809,0,10,"{'alpha': 0.0001, 'early_stopping': True, 'hidden_layer_sizes': [32, 16], 'learning_rate_init': 0.001, 'max_iter': 1000}",0.9606302222222222,Noisy-Quantized,3000,314,client_size_above_seed_median,2000-resample client-group bootstrap over out-of-fold predictions,"['utility', 'wire_bytes', 'n_fit']"
MLP,median imputation; StandardScaler for LogisticRegression/MLP numeric fields; client_id one-hot only in Raw; RandomForest numeric fields unscaled,0.9782123794205996,0.9275082846738695,PRIV__CICIoT2023_R1__Noisy-Quantized__MLP__client_size_above_seed_median__seed3407,empirical pre-upload metadata leakage only; no formal privacy guarantee,0.5,CICIoT2023_R1,0.9581230813939147,0,10,"{'alpha': 0.0001, 'early_stopping': True, 'hidden_layer_sizes': [32, 16], 'learning_rate_init': 0.001, 'max_iter': 1000}",0.9531008888888889,Noisy-Quantized,3000,3407,client_size_above_seed_median,2000-resample client-group bootstrap over out-of-fold predictions,"['utility', 'wire_bytes', 'n_fit']"
MLP,median imputation; StandardScaler for LogisticRegression/MLP numeric fields; client_id one-hot only in Raw; RandomForest numeric fields unscaled,0.9830101179202742,0.9274703856219211,PRIV__CICIoT2023_R1__Noisy-Quantized__MLP__client_size_above_seed_median__seed42,empirical pre-upload metadata leakage only; no formal privacy guarantee,0.5,CICIoT2023_R1,0.9726000000000001,0,10,"{'alpha': 0.0001, 'early_stopping': True, 'hidden_layer_sizes': [32, 16], 'learning_rate_init': 0.001, 'max_iter': 1000}",0.9558373333333334,Noisy-Quantized,3000,42,client_size_above_seed_median,2000-resample client-group bootstrap over out-of-fold predictions,"['utility', 'wire_bytes', 'n_fit']"
MLP,median imputation; StandardScaler for LogisticRegression/MLP numeric fields; client_id one-hot only in Raw; RandomForest numeric fields unscaled,0.9882763621616809,0.9395767694444445,PRIV__CICIoT2023_R1__Noisy-Quantized__MLP__client_size_above_seed_median__seed777,empirical pre-upload metadata leakage only; no formal privacy guarantee,0.5,CICIoT2023_R1,0.964912664588498,0,10,"{'alpha': 0.0001, 'early_stopping': True, 'hidden_layer_sizes': [32, 16], 'learning_rate_init': 0.001, 'max_iter': 1000}",0.9663582222222222,Noisy-Quantized,3000,777,client_size_above_seed_median,2000-resample client-group bootstrap over out-of-fold predictions,"['utility', 'wire_bytes', 'n_fit']"
MLP,median imputation; StandardScaler for LogisticRegression/MLP numeric fields; client_id one-hot only in Raw; RandomForest numeric fields unscaled,0.9889538027771495,0.937388967570984,PRIV__CICIoT2023_R1__Noisy-Quantized__MLP__client_size_above_seed_median__seed9001,empirical pre-upload metadata leakage only; no formal privacy guarantee,0.5,CICIoT2023_R1,0.9650528769070436,0,10,"{'alpha': 0.0001, 'early_stopping': True, 'hidden_layer_sizes': [32, 16], 'learning_rate_init': 0.001, 'max_iter': 1000}",0.9648559999999999,Noisy-Quantized,3000,9001,client_size_above_seed_median,2000-resample client-group bootstrap over out-of-fold predictions,"['utility', 'wire_bytes', 'n_fit']"
RandomForest,median imputation; StandardScaler for LogisticRegression/MLP numeric fields; client_id one-hot only in Raw; RandomForest numeric fields unscaled,0.7132513075196408,0.6143293796068625,PRIV__CICIoT2023_R1__Noisy-Quantized__RandomForest__attack_ratio_above_seed_median__seed11,empirical pre-upload metadata leakage only; no formal privacy guarantee,0.5,CICIoT2023_R1,0.6593134371492704,0,10,"{'class_weight': 'balanced', 'max_depth': 8, 'min_samples_leaf': 3, 'n_estimators': 300, 'n_jobs': 1}",0.6576331111111111,Noisy-Quantized,3000,11,attack_ratio_above_seed_median,2000-resample client-group bootstrap over out-of-fold predictions,"['utility', 'wire_bytes', 'n_fit']"
RandomForest,median imputation; StandardScaler for LogisticRegression/MLP numeric fields; client_id one-hot only in Raw; RandomForest numeric fields unscaled,0.6976746877691645,0.5784784444444444,PRIV__CICIoT2023_R1__Noisy-Quantized__RandomForest__attack_ratio_above_seed_median__seed123,empirical pre-upload metadata leakage only; no formal privacy guarantee,0.5,CICIoT2023_R1,0.6335116792929293,0,10,"{'class_weight': 'balanced', 'max_depth': 8, 'min_samples_leaf': 3, 'n_estimators': 300, 'n_jobs': 1}",0.631515111111111,Noisy-Quantized,3000,123,attack_ratio_above_seed_median,2000-resample client-group bootstrap over out-of-fold predictions,"['utility', 'wire_bytes', 'n_fit']"
RandomForest,median imputation; StandardScaler for LogisticRegression/MLP numeric fields; client_id one-hot only in Raw; RandomForest numeric fields unscaled,0.6981553920775904,0.5212102408077839,PRIV__CICIoT2023_R1__Noisy-Quantized__RandomForest__attack_ratio_above_seed_median__seed2026,empirical pre-upload metadata leakage only; no formal privacy guarantee,0.5,CICIoT2023_R1,0.6182951418951419,0,10,"{'class_weight': 'balanced', 'max_depth': 8, 'min_samples_leaf': 3, 'n_estimators': 300, 'n_jobs': 1}",0.6014686666666667,Noisy-Quantized,3000,2026,attack_ratio_above_seed_median,2000-resample client-group bootstrap over out-of-fold predictions,"['utility', 'wire_bytes', 'n_fit']"
RandomForest,median imputation; StandardScaler for LogisticRegression/MLP numeric fields; client_id one-hot only in Raw; RandomForest numeric fields unscaled,0.7027131170176404,0.5479978256075196,PRIV__CICIoT2023_R1__Noisy-Quantized__RandomForest__attack_ratio_above_seed_median__seed2027,empirical pre-upload metadata leakage only; no formal privacy guarantee,0.5,CICIoT2023_R1,0.6527103060211393,0,10,"{'class_weight': 'balanced', 'max_depth': 8, 'min_samples_leaf': 3, 'n_estimators': 300, 'n_jobs': 1}",0.6170915555555555,Noisy-Quantized,3000,2027,attack_ratio_above_seed_median,2000-resample client-group bootstrap over out-of-fold predictions,"['utility', 'wire_bytes', 'n_fit']"
RandomForest,median imputation; StandardScaler for LogisticRegression/MLP numeric fields; client_id one-hot only in Raw; RandomForest numeric fields unscaled,0.6894186894793344,0.5400677634207413,PRIV__CICIoT2023_R1__Noisy-Quantized__RandomForest__attack_ratio_above_seed_median__seed2718,empirical pre-upload metadata leakage only; no formal privacy guarantee,0.5,CICIoT2023_R1,0.6316977404694071,0,10,"{'class_weight': 'balanced', 'max_depth': 8, 'min_samples_leaf': 3, 'n_estimators': 300, 'n_jobs': 1}",0.6053759999999999,Noisy-Quantized,3000,2718,attack_ratio_above_seed_median,2000-resample client-group bootstrap over out-of-fold predictions,"['utility', 'wire_bytes', 'n_fit']"
RandomForest,median imputation; StandardScaler for LogisticRegression/MLP numeric fields; client_id one-hot only in Raw; RandomForest numeric fields unscaled,0.7022546060426317,0.5527915598328185,PRIV__CICIoT2023_R1__Noisy-Quantized__RandomForest__attack_ratio_above_seed_median__seed314,empirical pre-upload metadata leakage only; no formal privacy guarantee,0.5,CICIoT2023_R1,0.6292753928170595,0,10,"{'class_weight': 'balanced', 'max_depth': 8, 'min_samples_leaf': 3, 'n_estimators': 300, 'n_jobs': 1}",0.6250342222222223,Noisy-Quantized,3000,314,attack_ratio_above_seed_median,2000-resample client-group bootstrap over out-of-fold predictions,"['utility', 'wire_bytes', 'n_fit']"
RandomForest,median imputation; StandardScaler for LogisticRegression/MLP numeric fields; client_id one-hot only in Raw; RandomForest numeric fields unscaled,0.6797157478250713,0.5189781125701458,PRIV__CICIoT2023_R1__Noisy-Quantized__RandomForest__attack_ratio_above_seed_median__seed3407,empirical pre-upload metadata leakage only; no formal privacy guarantee,0.5,CICIoT2023_R1,0.6307416950950284,0,10,"{'class_weight': 'balanced', 'max_depth': 8, 'min_samples_leaf': 3, 'n_estimators': 300, 'n_jobs': 1}",0.5936237777777778,Noisy-Quantized,3000,3407,attack_ratio_above_seed_median,2000-resample client-group bootstrap over out-of-fold predictions,"['utility', 'wire_bytes', 'n_fit']"
RandomForest,median imputation; StandardScaler for LogisticRegression/MLP numeric fields; client_id one-hot only in Raw; RandomForest numeric fields unscaled,0.688332244354983,0.5567399129036655,PRIV__CICIoT2023_R1__Noisy-Quantized__RandomForest__attack_ratio_above_seed_median__seed42,empirical pre-upload metadata leakage only; no formal privacy guarantee,0.5,CICIoT2023_R1,0.6328682210998877,0,10,"{'class_weight': 'balanced', 'max_depth': 8, 'min_samples_leaf': 3, 'n_estimators': 300, 'n_jobs': 1}",0.6185951111111112,Noisy-Quantized,3000,42,attack_ratio_above_seed_median,2000-resample client-group bootstrap over out-of-fold predictions,"['utility', 'wire_bytes', 'n_fit']"
RandomForest,median imputation; StandardScaler for LogisticRegression/MLP numeric fields; client_id one-hot only in Raw; RandomForest numeric fields unscaled,0.6982878439009526,0.5465866284487386,PRIV__CICIoT2023_R1__Noisy-Quantized__RandomForest__attack_ratio_above_seed_median__seed777,empirical pre-upload metadata leakage only; no formal privacy guarantee,0.5,CICIoT2023_R1,0.6299843925364759,0,10,"{'class_weight': 'balanced', 'max_depth': 8, 'min_samples_leaf': 3, 'n_estimators': 300, 'n_jobs': 1}",0.6153197777777777,Noisy-Quantized,3000,777,attack_ratio_above_seed_median,2000-resample client-group bootstrap over out-of-fold predictions,"['utility', 'wire_bytes', 'n_fit']"
RandomForest,median imputation; StandardScaler for LogisticRegression/MLP numeric fields; client_id one-hot only in Raw; RandomForest numeric fields unscaled,0.6726541777762615,0.5116661636413364,PRIV__CICIoT2023_R1__Noisy-Quantized__RandomForest__attack_ratio_above_seed_median__seed9001,empirical pre-upload metadata leakage only; no formal privacy guarantee,0.5,CICIoT2023_R1,0.6165447530864198,0,10,"{'class_weight': 'balanced', 'max_depth': 8, 'min_samples_leaf': 3, 'n_estimators': 300, 'n_jobs': 1}",0.5878677777777778,Noisy-Quantized,3000,9001,attack_ratio_above_seed_median,2000-resample client-group bootstrap over out-of-fold predictions,"['utility', 'wire_bytes', 'n_fit']"
RandomForest,median imputation; StandardScaler for LogisticRegression/MLP numeric fields; client_id one-hot only in Raw; RandomForest numeric fields unscaled,0.9702021111111111,0.9046122455578178,PRIV__CICIoT2023_R1__Noisy-Quantized__RandomForest__client_size_above_seed_median__seed11,empirical pre-upload metadata leakage only; no formal privacy guarantee,0.5,CICIoT2023_R1,0.9456002384960719,0,10,"{'class_weight': 'balanced', 'max_depth': 8, 'min_samples_leaf': 3, 'n_estimators': 300, 'n_jobs': 1}",0.9376808888888888,Noisy-Quantized,3000,11,client_size_above_seed_median,2000-resample client-group bootstrap over out-of-fold predictions,"['utility', 'wire_bytes', 'n_fit']"
RandomForest,median imputation; StandardScaler for LogisticRegression/MLP numeric fields; client_id one-hot only in Raw; RandomForest numeric fields unscaled,0.9644989640082878,0.9135281623277508,PRIV__CICIoT2023_R1__Noisy-Quantized__RandomForest__client_size_above_seed_median__seed123,empirical pre-upload metadata leakage only; no formal privacy guarantee,0.5,CICIoT2023_R1,0.9468883801537968,0,10,"{'class_weight': 'balanced', 'max_depth': 8, 'min_samples_leaf': 3, 'n_estimators': 300, 'n_jobs': 1}",0.9362215555555555,Noisy-Quantized,3000,123,client_size_above_seed_median,2000-resample client-group bootstrap over out-of-fold predictions,"['utility', 'wire_bytes', 'n_fit']"
RandomForest,median imputation; StandardScaler for LogisticRegression/MLP numeric fields; client_id one-hot only in Raw; RandomForest numeric fields unscaled,0.9548266142221196,0.8902176092659285,PRIV__CICIoT2023_R1__Noisy-Quantized__RandomForest__client_size_above_seed_median__seed2026,empirical pre-upload metadata leakage only; no formal privacy guarantee,0.5,CICIoT2023_R1,0.9353206658310824,0,10,"{'class_weight': 'balanced', 'max_depth': 8, 'min_samples_leaf': 3, 'n_estimators': 300, 'n_jobs': 1}",0.9206055555555555,Noisy-Quantized,3000,2026,client_size_above_seed_median,2000-resample client-group bootstrap over out-of-fold predictions,"['utility', 'wire_bytes', 'n_fit']"
RandomForest,median imputation; StandardScaler for LogisticRegression/MLP numeric fields; client_id one-hot only in Raw; RandomForest numeric fields unscaled,0.9494583311111628,0.8820108605942377,PRIV__CICIoT2023_R1__Noisy-Quantized__RandomForest__client_size_above_seed_median__seed2027,empirical pre-upload metadata leakage only; no formal privacy guarantee,0.5,CICIoT2023_R1,0.9241295312403646,0,10,"{'class_weight': 'balanced', 'max_depth': 8, 'min_samples_leaf': 3, 'n_estimators': 300, 'n_jobs': 1}",0.9140968888888888,Noisy-Quantized,3000,2027,client_size_above_seed_median,2000-resample client-group bootstrap over out-of-fold predictions,"['utility', 'wire_bytes', 'n_fit']"
RandomForest,median imputation; StandardScaler for LogisticRegression/MLP numeric fields; client_id one-hot only in Raw; RandomForest numeric fields unscaled,0.970088655729439,0.8927783229158329,PRIV__CICIoT2023_R1__Noisy-Quantized__RandomForest__client_size_above_seed_median__seed2718,empirical pre-upload metadata leakage only; no formal privacy guarantee,0.5,CICIoT2023_R1,0.9464265319865319,0,10,"{'class_weight': 'balanced', 'max_depth': 8, 'min_samples_leaf': 3, 'n_estimators': 300, 'n_jobs': 1}",0.9312813333333334,Noisy-Quantized,3000,2718,client_size_above_seed_median,2000-resample client-group bootstrap over out-of-fold predictions,"['utility', 'wire_bytes', 'n_fit']"
RandomForest,median imputation; StandardScaler for LogisticRegression/MLP numeric fields; client_id one-hot only in Raw; RandomForest numeric fields unscaled,0.9638823917650796,0.8979157095797721,PRIV__CICIoT2023_R1__Noisy-Quantized__RandomForest__client_size_above_seed_median__seed314,empirical pre-upload metadata leakage only; no formal privacy guarantee,0.5,CICIoT2023_R1,0.9418029925321593,0,10,"{'class_weight': 'balanced', 'max_depth': 8, 'min_samples_leaf': 3, 'n_estimators': 300, 'n_jobs': 1}",0.9319402222222223,Noisy-Quantized,3000,314,client_size_above_seed_median,2000-resample client-group bootstrap over out-of-fold predictions,"['utility', 'wire_bytes', 'n_fit']"
RandomForest,median imputation; StandardScaler for LogisticRegression/MLP numeric fields; client_id one-hot only in Raw; RandomForest numeric fields unscaled,0.9712143907718269,0.9014083010413065,PRIV__CICIoT2023_R1__Noisy-Quantized__RandomForest__client_size_above_seed_median__seed3407,empirical pre-upload metadata leakage only; no formal privacy guarantee,0.5,CICIoT2023_R1,0.9403724928620761,0,10,"{'class_weight': 'balanced', 'max_depth': 8, 'min_samples_leaf': 3, 'n_estimators': 300, 'n_jobs': 1}",0.9375346666666667,Noisy-Quantized,3000,3407,client_size_above_seed_median,2000-resample client-group bootstrap over out-of-fold predictions,"['utility', 'wire_bytes', 'n_fit']"
RandomForest,median imputation; StandardScaler for LogisticRegression/MLP numeric fields; client_id one-hot only in Raw; RandomForest numeric fields unscaled,0.9592114018429532,0.8921237518434421,PRIV__CICIoT2023_R1__Noisy-Quantized__RandomForest__client_size_above_seed_median__seed42,empirical pre-upload metadata leakage only; no formal privacy guarantee,0.5,CICIoT2023_R1,0.9386390026331692,0,10,"{'class_weight': 'balanced', 'max_depth': 8, 'min_samples_leaf': 3, 'n_estimators': 300, 'n_jobs': 1}",0.9222382222222222,Noisy-Quantized,3000,42,client_size_above_seed_median,2000-resample client-group bootstrap over out-of-fold predictions,"['utility', 'wire_bytes', 'n_fit']"
RandomForest,median imputation; StandardScaler for LogisticRegression/MLP numeric fields; client_id one-hot only in Raw; RandomForest numeric fields unscaled,0.9636910440075855,0.8998983898273115,PRIV__CICIoT2023_R1__Noisy-Quantized__RandomForest__client_size_above_seed_median__seed777,empirical pre-upload metadata leakage only; no formal privacy guarantee,0.5,CICIoT2023_R1,0.9340539792923128,0,10,"{'class_weight': 'balanced', 'max_depth': 8, 'min_samples_leaf': 3, 'n_estimators': 300, 'n_jobs': 1}",0.9330853333333334,Noisy-Quantized,3000,777,client_size_above_seed_median,2000-resample client-group bootstrap over out-of-fold predictions,"['utility', 'wire_bytes', 'n_fit']"
RandomForest,median imputation; StandardScaler for LogisticRegression/MLP numeric fields; client_id one-hot only in Raw; RandomForest numeric fields unscaled,0.9720522135658914,0.9115495175382861,PRIV__CICIoT2023_R1__Noisy-Quantized__RandomForest__client_size_above_seed_median__seed9001,empirical pre-upload metadata leakage only; no formal privacy guarantee,0.5,CICIoT2023_R1,0.9463914704123038,0,10,"{'class_weight': 'balanced', 'max_depth': 8, 'min_samples_leaf': 3, 'n_estimators': 300, 'n_jobs': 1}",0.9410586666666666,Noisy-Quantized,3000,9001,client_size_above_seed_median,2000-resample client-group bootstrap over out-of-fold predictions,"['utility', 'wire_bytes', 'n_fit']"
LogisticRegression,median imputation; StandardScaler for LogisticRegression/MLP numeric fields; client_id one-hot only in Raw; RandomForest numeric fields unscaled,0.829344003596866,0.695399801413621,PRIV__CICIoT2023_R1__Raw__LogisticRegression__attack_ratio_above_seed_median__seed11,empirical pre-upload metadata leakage only; no formal privacy guarantee,0.5,CICIoT2023_R1,0.7760117115600449,0,10,"{'C': 1.0, 'class_weight': 'balanced', 'max_iter': 2000, 'solver': 'liblinear'}",0.7569084444444444,Raw,3000,11,attack_ratio_above_seed_median,2000-resample client-group bootstrap over out-of-fold predictions,"['client_id', 'round', 'utility', 'wire_bytes', 'n_fit', 'eligible']"
LogisticRegression,median imputation; StandardScaler for LogisticRegression/MLP numeric fields; client_id one-hot only in Raw; RandomForest numeric fields unscaled,0.811480735844017,0.6929808036345851,PRIV__CICIoT2023_R1__Raw__LogisticRegression__attack_ratio_above_seed_median__seed123,empirical pre-upload metadata leakage only; no formal privacy guarantee,0.5,CICIoT2023_R1,0.7666742424242424,0,10,"{'C': 1.0, 'class_weight': 'balanced', 'max_iter': 2000, 'solver': 'liblinear'}",0.7479457777777779,Raw,3000,123,attack_ratio_above_seed_median,2000-resample client-group bootstrap over out-of-fold predictions,"['client_id', 'round', 'utility', 'wire_bytes', 'n_fit', 'eligible']"
LogisticRegression,median imputation; StandardScaler for LogisticRegression/MLP numeric fields; client_id one-hot only in Raw; RandomForest numeric fields unscaled,0.8270317677826685,0.7100408360409152,PRIV__CICIoT2023_R1__Raw__LogisticRegression__attack_ratio_above_seed_median__seed2026,empirical pre-upload metadata leakage only; no formal privacy guarantee,0.5,CICIoT2023_R1,0.7746929978354979,0,10,"{'C': 1.0, 'class_weight': 'balanced', 'max_iter': 2000, 'solver': 'liblinear'}",0.763656,Raw,3000,2026,attack_ratio_above_seed_median,2000-resample client-group bootstrap over out-of-fold predictions,"['client_id', 'round', 'utility', 'wire_bytes', 'n_fit', 'eligible']"
LogisticRegression,median imputation; StandardScaler for LogisticRegression/MLP numeric fields; client_id one-hot only in Raw; RandomForest numeric fields unscaled,0.821771528718665,0.709185980248267,PRIV__CICIoT2023_R1__Raw__LogisticRegression__attack_ratio_above_seed_median__seed2027,empirical pre-upload metadata leakage only; no formal privacy guarantee,0.5,CICIoT2023_R1,0.797202253024753,0,10,"{'C': 1.0, 'class_weight': 'balanced', 'max_iter': 2000, 'solver': 'liblinear'}",0.7634977777777777,Raw,3000,2027,attack_ratio_above_seed_median,2000-resample client-group bootstrap over out-of-fold predictions,"['client_id', 'round', 'utility', 'wire_bytes', 'n_fit', 'eligible']"
LogisticRegression,median imputation; StandardScaler for LogisticRegression/MLP numeric fields; client_id one-hot only in Raw; RandomForest numeric fields unscaled,0.8282157802026691,0.7066188401896286,PRIV__CICIoT2023_R1__Raw__LogisticRegression__attack_ratio_above_seed_median__seed2718,empirical pre-upload metadata leakage only; no formal privacy guarantee,0.5,CICIoT2023_R1,0.7797354842071509,0,10,"{'C': 1.0, 'class_weight': 'balanced', 'max_iter': 2000, 'solver': 'liblinear'}",0.7621893333333334,Raw,3000,2718,attack_ratio_above_seed_median,2000-resample client-group bootstrap over out-of-fold predictions,"['client_id', 'round', 'utility', 'wire_bytes', 'n_fit', 'eligible']"
LogisticRegression,median imputation; StandardScaler for LogisticRegression/MLP numeric fields; client_id one-hot only in Raw; RandomForest numeric fields unscaled,0.8262191794356631,0.7006205291411436,PRIV__CICIoT2023_R1__Raw__LogisticRegression__attack_ratio_above_seed_median__seed314,empirical pre-upload metadata leakage only; no formal privacy guarantee,0.5,CICIoT2023_R1,0.7654964225589225,0,10,"{'C': 1.0, 'class_weight': 'balanced', 'max_iter': 2000, 'solver': 'liblinear'}",0.7588173333333335,Raw,3000,314,attack_ratio_above_seed_median,2000-resample client-group bootstrap over out-of-fold predictions,"['client_id', 'round', 'utility', 'wire_bytes', 'n_fit', 'eligible']"
LogisticRegression,median imputation; StandardScaler for LogisticRegression/MLP numeric fields; client_id one-hot only in Raw; RandomForest numeric fields unscaled,0.8287824403916153,0.6907426241582493,PRIV__CICIoT2023_R1__Raw__LogisticRegression__attack_ratio_above_seed_median__seed3407,empirical pre-upload metadata leakage only; no formal privacy guarantee,0.5,CICIoT2023_R1,0.7984618919352252,0,10,"{'C': 1.0, 'class_weight': 'balanced', 'max_iter': 2000, 'solver': 'liblinear'}",0.7553382222222222,Raw,3000,3407,attack_ratio_above_seed_median,2000-resample client-group bootstrap over out-of-fold predictions,"['client_id', 'round', 'utility', 'wire_bytes', 'n_fit', 'eligible']"
LogisticRegression,median imputation; StandardScaler for LogisticRegression/MLP numeric fields; client_id one-hot only in Raw; RandomForest numeric fields unscaled,0.8360279837632714,0.7099938123219374,PRIV__CICIoT2023_R1__Raw__LogisticRegression__attack_ratio_above_seed_median__seed42,empirical pre-upload metadata leakage only; no formal privacy guarantee,0.5,CICIoT2023_R1,0.784500401234568,0,10,"{'C': 1.0, 'class_weight': 'balanced', 'max_iter': 2000, 'solver': 'liblinear'}",0.7707071111111112,Raw,3000,42,attack_ratio_above_seed_median,2000-resample client-group bootstrap over out-of-fold predictions,"['client_id', 'round', 'utility', 'wire_bytes', 'n_fit', 'eligible']"
LogisticRegression,median imputation; StandardScaler for LogisticRegression/MLP numeric fields; client_id one-hot only in Raw; RandomForest numeric fields unscaled,0.8178576316387625,0.6947826236397336,PRIV__CICIoT2023_R1__Raw__LogisticRegression__attack_ratio_above_seed_median__seed777,empirical pre-upload metadata leakage only; no formal privacy guarantee,0.5,CICIoT2023_R1,0.766528409090909,0,10,"{'C': 1.0, 'class_weight': 'balanced', 'max_iter': 2000, 'solver': 'liblinear'}",0.7501595555555556,Raw,3000,777,attack_ratio_above_seed_median,2000-resample client-group bootstrap over out-of-fold predictions,"['client_id', 'round', 'utility', 'wire_bytes', 'n_fit', 'eligible']"
LogisticRegression,median imputation; StandardScaler for LogisticRegression/MLP numeric fields; client_id one-hot only in Raw; RandomForest numeric fields unscaled,0.8208389430130614,0.6886180830065359,PRIV__CICIoT2023_R1__Raw__LogisticRegression__attack_ratio_above_seed_median__seed9001,empirical pre-upload metadata leakage only; no formal privacy guarantee,0.5,CICIoT2023_R1,0.7866196689113355,0,10,"{'C': 1.0, 'class_weight': 'balanced', 'max_iter': 2000, 'solver': 'liblinear'}",0.7509355555555557,Raw,3000,9001,attack_ratio_above_seed_median,2000-resample client-group bootstrap over out-of-fold predictions,"['client_id', 'round', 'utility', 'wire_bytes', 'n_fit', 'eligible']"
LogisticRegression,median imputation; StandardScaler for LogisticRegression/MLP numeric fields; client_id one-hot only in Raw; RandomForest numeric fields unscaled,0.9895701377706209,0.9412004851144677,PRIV__CICIoT2023_R1__Raw__LogisticRegression__client_size_above_seed_median__seed11,empirical pre-upload metadata leakage only; no formal privacy guarantee,0.5,CICIoT2023_R1,0.9630056818181819,0,10,"{'C': 1.0, 'class_weight': 'balanced', 'max_iter': 2000, 'solver': 'liblinear'}",0.9692248888888888,Raw,3000,11,client_size_above_seed_median,2000-resample client-group bootstrap over out-of-fold predictions,"['client_id', 'round', 'utility', 'wire_bytes', 'n_fit', 'eligible']"
LogisticRegression,median imputation; StandardScaler for LogisticRegression/MLP numeric fields; client_id one-hot only in Raw; RandomForest numeric fields unscaled,0.9880573798696829,0.9387814570272555,PRIV__CICIoT2023_R1__Raw__LogisticRegression__client_size_above_seed_median__seed123,empirical pre-upload metadata leakage only; no formal privacy guarantee,0.5,CICIoT2023_R1,0.9637828984287318,0,10,"{'C': 1.0, 'class_weight': 'balanced', 'max_iter': 2000, 'solver': 'liblinear'}",0.9662924444444445,Raw,3000,123,client_size_above_seed_median,2000-resample client-group bootstrap over out-of-fold predictions,"['client_id', 'round', 'utility', 'wire_bytes', 'n_fit', 'eligible']"
LogisticRegression,median imputation; StandardScaler for LogisticRegression/MLP numeric fields; client_id one-hot only in Raw; RandomForest numeric fields unscaled,0.9872724756569294,0.936952772584283,PRIV__CICIoT2023_R1__Raw__LogisticRegression__client_size_above_seed_median__seed2026,empirical pre-upload metadata leakage only; no formal privacy guarantee,0.5,CICIoT2023_R1,0.968674797979798,0,10,"{'C': 1.0, 'class_weight': 'balanced', 'max_iter': 2000, 'solver': 'liblinear'}",0.965323111111111,Raw,3000,2026,client_size_above_seed_median,2000-resample client-group bootstrap over out-of-fold predictions,"['client_id', 'round', 'utility', 'wire_bytes', 'n_fit', 'eligible']"
LogisticRegression,median imputation; StandardScaler for LogisticRegression/MLP numeric fields; client_id one-hot only in Raw; RandomForest numeric fields unscaled,0.9847169587301587,0.9369252237864842,PRIV__CICIoT2023_R1__Raw__LogisticRegression__client_size_above_seed_median__seed2027,empirical pre-upload metadata leakage only; no formal privacy guarantee,0.5,CICIoT2023_R1,0.9667681032547699,0,10,"{'C': 1.0, 'class_weight': 'balanced', 'max_iter': 2000, 'solver': 'liblinear'}",0.9628999999999999,Raw,3000,2027,client_size_above_seed_median,2000-resample client-group bootstrap over out-of-fold predictions,"['client_id', 'round', 'utility', 'wire_bytes', 'n_fit', 'eligible']"
LogisticRegression,median imputation; StandardScaler for LogisticRegression/MLP numeric fields; client_id one-hot only in Raw; RandomForest numeric fields unscaled,0.9883423133020738,0.938886105845166,PRIV__CICIoT2023_R1__Raw__LogisticRegression__client_size_above_seed_median__seed2718,empirical pre-upload metadata leakage only; no formal privacy guarantee,0.5,CICIoT2023_R1,0.9701095622895624,0,10,"{'C': 1.0, 'class_weight': 'balanced', 'max_iter': 2000, 'solver': 'liblinear'}",0.9663248888888889,Raw,3000,2718,client_size_above_seed_median,2000-resample client-group bootstrap over out-of-fold predictions,"['client_id', 'round', 'utility', 'wire_bytes', 'n_fit', 'eligible']"
LogisticRegression,median imputation; StandardScaler for LogisticRegression/MLP numeric fields; client_id one-hot only in Raw; RandomForest numeric fields unscaled,0.9870111795559975,0.9284867284722224,PRIV__CICIoT2023_R1__Raw__LogisticRegression__client_size_above_seed_median__seed314,empirical pre-upload metadata leakage only; no formal privacy guarantee,0.5,CICIoT2023_R1,0.9581469556677892,0,10,"{'C': 1.0, 'class_weight': 'balanced', 'max_iter': 2000, 'solver': 'liblinear'}",0.9617671111111111,Raw,3000,314,client_size_above_seed_median,2000-resample client-group bootstrap over out-of-fold predictions,"['client_id', 'round', 'utility', 'wire_bytes', 'n_fit', 'eligible']"
LogisticRegression,median imputation; StandardScaler for LogisticRegression/MLP numeric fields; client_id one-hot only in Raw; RandomForest numeric fields unscaled,0.9880662949608261,0.936484477452161,PRIV__CICIoT2023_R1__Raw__LogisticRegression__client_size_above_seed_median__seed3407,empirical pre-upload metadata leakage only; no formal privacy guarantee,0.5,CICIoT2023_R1,0.9615334195125861,0,10,"{'C': 1.0, 'class_weight': 'balanced', 'max_iter': 2000, 'solver': 'liblinear'}",0.966428,Raw,3000,3407,client_size_above_seed_median,2000-resample client-group bootstrap over out-of-fold predictions,"['client_id', 'round', 'utility', 'wire_bytes', 'n_fit', 'eligible']"
LogisticRegression,median imputation; StandardScaler for LogisticRegression/MLP numeric fields; client_id one-hot only in Raw; RandomForest numeric fields unscaled,0.9843429649206278,0.9322937280013444,PRIV__CICIoT2023_R1__Raw__LogisticRegression__client_size_above_seed_median__seed42,empirical pre-upload metadata leakage only; no formal privacy guarantee,0.5,CICIoT2023_R1,0.9614270573870574,0,10,"{'C': 1.0, 'class_weight': 'balanced', 'max_iter': 2000, 'solver': 'liblinear'}",0.9607617777777777,Raw,3000,42,client_size_above_seed_median,2000-resample client-group bootstrap over out-of-fold predictions,"['client_id', 'round', 'utility', 'wire_bytes', 'n_fit', 'eligible']"
LogisticRegression,median imputation; StandardScaler for LogisticRegression/MLP numeric fields; client_id one-hot only in Raw; RandomForest numeric fields unscaled,0.9887550659805857,0.9353647928236951,PRIV__CICIoT2023_R1__Raw__LogisticRegression__client_size_above_seed_median__seed777,empirical pre-upload metadata leakage only; no formal privacy guarantee,0.5,CICIoT2023_R1,0.955889548722882,0,10,"{'C': 1.0, 'class_weight': 'balanced', 'max_iter': 2000, 'solver': 'liblinear'}",0.9654595555555555,Raw,3000,777,client_size_above_seed_median,2000-resample client-group bootstrap over out-of-fold predictions,"['client_id', 'round', 'utility', 'wire_bytes', 'n_fit', 'eligible']"
LogisticRegression,median imputation; StandardScaler for LogisticRegression/MLP numeric fields; client_id one-hot only in Raw; RandomForest numeric fields unscaled,0.9881393027732166,0.9355322243047055,PRIV__CICIoT2023_R1__Raw__LogisticRegression__client_size_above_seed_median__seed9001,empirical pre-upload metadata leakage only; no formal privacy guarantee,0.5,CICIoT2023_R1,0.9628284454742788,0,10,"{'C': 1.0, 'class_weight': 'balanced', 'max_iter': 2000, 'solver': 'liblinear'}",0.9664839999999999,Raw,3000,9001,client_size_above_seed_median,2000-resample client-group bootstrap over out-of-fold predictions,"['client_id', 'round', 'utility', 'wire_bytes', 'n_fit', 'eligible']"
MLP,median imputation; StandardScaler for LogisticRegression/MLP numeric fields; client_id one-hot only in Raw; RandomForest numeric fields unscaled,0.8102534977690572,0.7225952295794483,PRIV__CICIoT2023_R1__Raw__MLP__attack_ratio_above_seed_median__seed11,empirical pre-upload metadata leakage only; no formal privacy guarantee,0.5,CICIoT2023_R1,0.7756905611672279,0,10,"{'alpha': 0.0001, 'early_stopping': True, 'hidden_layer_sizes': [32, 16], 'learning_rate_init': 0.001, 'max_iter': 1000}",0.7638804444444445,Raw,3000,11,attack_ratio_above_seed_median,2000-resample client-group bootstrap over out-of-fold predictions,"['client_id', 'round', 'utility', 'wire_bytes', 'n_fit', 'eligible']"
MLP,median imputation; StandardScaler for LogisticRegression/MLP numeric fields; client_id one-hot only in Raw; RandomForest numeric fields unscaled,0.7945484566004178,0.670893854067364,PRIV__CICIoT2023_R1__Raw__MLP__attack_ratio_above_seed_median__seed123,empirical pre-upload metadata leakage only; no formal privacy guarantee,0.5,CICIoT2023_R1,0.7551123737373737,0,10,"{'alpha': 0.0001, 'early_stopping': True, 'hidden_layer_sizes': [32, 16], 'learning_rate_init': 0.001, 'max_iter': 1000}",0.7277782222222222,Raw,3000,123,attack_ratio_above_seed_median,2000-resample client-group bootstrap over out-of-fold predictions,"['client_id', 'round', 'utility', 'wire_bytes', 'n_fit', 'eligible']"
MLP,median imputation; StandardScaler for LogisticRegression/MLP numeric fields; client_id one-hot only in Raw; RandomForest numeric fields unscaled,0.8051005357003912,0.688069746864783,PRIV__CICIoT2023_R1__Raw__MLP__attack_ratio_above_seed_median__seed2026,empirical pre-upload metadata leakage only; no formal privacy guarantee,0.5,CICIoT2023_R1,0.7863498412698414,0,10,"{'alpha': 0.0001, 'early_stopping': True, 'hidden_layer_sizes': [32, 16], 'learning_rate_init': 0.001, 'max_iter': 1000}",0.7414808888888889,Raw,3000,2026,attack_ratio_above_seed_median,2000-resample client-group bootstrap over out-of-fold predictions,"['client_id', 'round', 'utility', 'wire_bytes', 'n_fit', 'eligible']"
MLP,median imputation; StandardScaler for LogisticRegression/MLP numeric fields; client_id one-hot only in Raw; RandomForest numeric fields unscaled,0.8222961104420359,0.7177131804806169,PRIV__CICIoT2023_R1__Raw__MLP__attack_ratio_above_seed_median__seed2027,empirical pre-upload metadata leakage only; no formal privacy guarantee,0.5,CICIoT2023_R1,0.8008604780713113,0,10,"{'alpha': 0.0001, 'early_stopping': True, 'hidden_layer_sizes': [32, 16], 'learning_rate_init': 0.001, 'max_iter': 1000}",0.7674515555555556,Raw,3000,2027,attack_ratio_above_seed_median,2000-resample client-group bootstrap over out-of-fold predictions,"['client_id', 'round', 'utility', 'wire_bytes', 'n_fit', 'eligible']"
MLP,median imputation; StandardScaler for LogisticRegression/MLP numeric fields; client_id one-hot only in Raw; RandomForest numeric fields unscaled,0.8092856003915254,0.6920874548537365,PRIV__CICIoT2023_R1__Raw__MLP__attack_ratio_above_seed_median__seed2718,empirical pre-upload metadata leakage only; no formal privacy guarantee,0.5,CICIoT2023_R1,0.7613845453620454,0,10,"{'alpha': 0.0001, 'early_stopping': True, 'hidden_layer_sizes': [32, 16], 'learning_rate_init': 0.001, 'max_iter': 1000}",0.7497404444444444,Raw,3000,2718,attack_ratio_above_seed_median,2000-resample client-group bootstrap over out-of-fold predictions,"['client_id', 'round', 'utility', 'wire_bytes', 'n_fit', 'eligible']"
MLP,median imputation; StandardScaler for LogisticRegression/MLP numeric fields; client_id one-hot only in Raw; RandomForest numeric fields unscaled,0.793187417198915,0.6434547589041509,PRIV__CICIoT2023_R1__Raw__MLP__attack_ratio_above_seed_median__seed314,empirical pre-upload metadata leakage only; no formal privacy guarantee,0.5,CICIoT2023_R1,0.7614056537598205,0,10,"{'alpha': 0.0001, 'early_stopping': True, 'hidden_layer_sizes': [32, 16], 'learning_rate_init': 0.001, 'max_iter': 1000}",0.7120897777777778,Raw,3000,314,attack_ratio_above_seed_median,2000-resample client-group bootstrap over out-of-fold predictions,"['client_id', 'round', 'utility', 'wire_bytes', 'n_fit', 'eligible']"
MLP,median imputation; StandardScaler for LogisticRegression/MLP numeric fields; client_id one-hot only in Raw; RandomForest numeric fields unscaled,0.8213554798789173,0.6933741301638175,PRIV__CICIoT2023_R1__Raw__MLP__attack_ratio_above_seed_median__seed3407,empirical pre-upload metadata leakage only; no formal privacy guarantee,0.5,CICIoT2023_R1,0.7902211684611685,0,10,"{'alpha': 0.0001, 'early_stopping': True, 'hidden_layer_sizes': [32, 16], 'learning_rate_init': 0.001, 'max_iter': 1000}",0.7537382222222222,Raw,3000,3407,attack_ratio_above_seed_median,2000-resample client-group bootstrap over out-of-fold predictions,"['client_id', 'round', 'utility', 'wire_bytes', 'n_fit', 'eligible']"
MLP,median imputation; StandardScaler for LogisticRegression/MLP numeric fields; client_id one-hot only in Raw; RandomForest numeric fields unscaled,0.7987969640313389,0.6975894725605414,PRIV__CICIoT2023_R1__Raw__MLP__attack_ratio_above_seed_median__seed42,empirical pre-upload metadata leakage only; no formal privacy guarantee,0.5,CICIoT2023_R1,0.7672234764309763,0,10,"{'alpha': 0.0001, 'early_stopping': True, 'hidden_layer_sizes': [32, 16], 'learning_rate_init': 0.001, 'max_iter': 1000}",0.7435355555555556,Raw,3000,42,attack_ratio_above_seed_median,2000-resample client-group bootstrap over out-of-fold predictions,"['client_id', 'round', 'utility', 'wire_bytes', 'n_fit', 'eligible']"
MLP,median imputation; StandardScaler for LogisticRegression/MLP numeric fields; client_id one-hot only in Raw; RandomForest numeric fields unscaled,0.8036594606003835,0.6716242920695058,PRIV__CICIoT2023_R1__Raw__MLP__attack_ratio_above_seed_median__seed777,empirical pre-upload metadata leakage only; no formal privacy guarantee,0.5,CICIoT2023_R1,0.7778823653198653,0,10,"{'alpha': 0.0001, 'early_stopping': True, 'hidden_layer_sizes': [32, 16], 'learning_rate_init': 0.001, 'max_iter': 1000}",0.735712888888889,Raw,3000,777,attack_ratio_above_seed_median,2000-resample client-group bootstrap over out-of-fold predictions,"['client_id', 'round', 'utility', 'wire_bytes', 'n_fit', 'eligible']"
MLP,median imputation; StandardScaler for LogisticRegression/MLP numeric fields; client_id one-hot only in Raw; RandomForest numeric fields unscaled,0.8321605334444889,0.7002001424862839,PRIV__CICIoT2023_R1__Raw__MLP__attack_ratio_above_seed_median__seed9001,empirical pre-upload metadata leakage only; no formal privacy guarantee,0.5,CICIoT2023_R1,0.7796919191919192,0,10,"{'alpha': 0.0001, 'early_stopping': True, 'hidden_layer_sizes': [32, 16], 'learning_rate_init': 0.001, 'max_iter': 1000}",0.7661355555555556,Raw,3000,9001,attack_ratio_above_seed_median,2000-resample client-group bootstrap over out-of-fold predictions,"['client_id', 'round', 'utility', 'wire_bytes', 'n_fit', 'eligible']"
MLP,median imputation; StandardScaler for LogisticRegression/MLP numeric fields; client_id one-hot only in Raw; RandomForest numeric fields unscaled,0.9871414118200724,0.9092567002534169,PRIV__CICIoT2023_R1__Raw__MLP__client_size_above_seed_median__seed11,empirical pre-upload metadata leakage only; no formal privacy guarantee,0.5,CICIoT2023_R1,0.9484216470258138,0,10,"{'alpha': 0.0001, 'early_stopping': True, 'hidden_layer_sizes': [32, 16], 'learning_rate_init': 0.001, 'max_iter': 1000}",0.9514986666666666,Raw,3000,11,client_size_above_seed_median,2000-resample client-group bootstrap over out-of-fold predictions,"['client_id', 'round', 'utility', 'wire_bytes', 'n_fit', 'eligible']"
MLP,median imputation; StandardScaler for LogisticRegression/MLP numeric fields; client_id one-hot only in Raw; RandomForest numeric fields unscaled,0.9838419162337663,0.9185852718763724,PRIV__CICIoT2023_R1__Raw__MLP__client_size_above_seed_median__seed123,empirical pre-upload metadata leakage only; no formal privacy guarantee,0.5,CICIoT2023_R1,0.9583437469629136,0,10,"{'alpha': 0.0001, 'early_stopping': True, 'hidden_layer_sizes': [32, 16], 'learning_rate_init': 0.001, 'max_iter': 1000}",0.9507488888888889,Raw,3000,123,client_size_above_seed_median,2000-resample client-group bootstrap over out-of-fold predictions,"['client_id', 'round', 'utility', 'wire_bytes', 'n_fit', 'eligible']"
MLP,median imputation; StandardScaler for LogisticRegression/MLP numeric fields; client_id one-hot only in Raw; RandomForest numeric fields unscaled,0.9787342544270484,0.9171103132402934,PRIV__CICIoT2023_R1__Raw__MLP__client_size_above_seed_median__seed2026,empirical pre-upload metadata leakage only; no formal privacy guarantee,0.5,CICIoT2023_R1,0.9558211839395172,0,10,"{'alpha': 0.0001, 'early_stopping': True, 'hidden_layer_sizes': [32, 16], 'learning_rate_init': 0.001, 'max_iter': 1000}",0.9492306666666667,Raw,3000,2026,client_size_above_seed_median,2000-resample client-group bootstrap over out-of-fold predictions,"['client_id', 'round', 'utility', 'wire_bytes', 'n_fit', 'eligible']"
MLP,median imputation; StandardScaler for LogisticRegression/MLP numeric fields; client_id one-hot only in Raw; RandomForest numeric fields unscaled,0.9740116149754144,0.912926819058642,PRIV__CICIoT2023_R1__Raw__MLP__client_size_above_seed_median__seed2027,empirical pre-upload metadata leakage only; no formal privacy guarantee,0.5,CICIoT2023_R1,0.9622855292238626,0,10,"{'alpha': 0.0001, 'early_stopping': True, 'hidden_layer_sizes': [32, 16], 'learning_rate_init': 0.001, 'max_iter': 1000}",0.9452675555555556,Raw,3000,2027,client_size_above_seed_median,2000-resample client-group bootstrap over out-of-fold predictions,"['client_id', 'round', 'utility', 'wire_bytes', 'n_fit', 'eligible']"
MLP,median imputation; StandardScaler for LogisticRegression/MLP numeric fields; client_id one-hot only in Raw; RandomForest numeric fields unscaled,0.9723982757373444,0.9107099697651496,PRIV__CICIoT2023_R1__Raw__MLP__client_size_above_seed_median__seed2718,empirical pre-upload metadata leakage only; no formal privacy guarantee,0.5,CICIoT2023_R1,0.9562583164983165,0,10,"{'alpha': 0.0001, 'early_stopping': True, 'hidden_layer_sizes': [32, 16], 'learning_rate_init': 0.001, 'max_iter': 1000}",0.9435479999999999,Raw,3000,2718,client_size_above_seed_median,2000-resample client-group bootstrap over out-of-fold predictions,"['client_id', 'round', 'utility', 'wire_bytes', 'n_fit', 'eligible']"
MLP,median imputation; StandardScaler for LogisticRegression/MLP numeric fields; client_id one-hot only in Raw; RandomForest numeric fields unscaled,0.9789750956424145,0.9271854924136695,PRIV__CICIoT2023_R1__Raw__MLP__client_size_above_seed_median__seed314,empirical pre-upload metadata leakage only; no formal privacy guarantee,0.5,CICIoT2023_R1,0.9570859518567852,0,10,"{'alpha': 0.0001, 'early_stopping': True, 'hidden_layer_sizes': [32, 16], 'learning_rate_init': 0.001, 'max_iter': 1000}",0.9551755555555557,Raw,3000,314,client_size_above_seed_median,2000-resample client-group bootstrap over out-of-fold predictions,"['client_id', 'round', 'utility', 'wire_bytes', 'n_fit', 'eligible']"
MLP,median imputation; StandardScaler for LogisticRegression/MLP numeric fields; client_id one-hot only in Raw; RandomForest numeric fields unscaled,0.9801452758036547,0.9079848124583167,PRIV__CICIoT2023_R1__Raw__MLP__client_size_above_seed_median__seed3407,empirical pre-upload metadata leakage only; no formal privacy guarantee,0.5,CICIoT2023_R1,0.9542493902702235,0,10,"{'alpha': 0.0001, 'early_stopping': True, 'hidden_layer_sizes': [32, 16], 'learning_rate_init': 0.001, 'max_iter': 1000}",0.9458857777777778,Raw,3000,3407,client_size_above_seed_median,2000-resample client-group bootstrap over out-of-fold predictions,"['client_id', 'round', 'utility', 'wire_bytes', 'n_fit', 'eligible']"
MLP,median imputation; StandardScaler for LogisticRegression/MLP numeric fields; client_id one-hot only in Raw; RandomForest numeric fields unscaled,0.9738032478163275,0.9060077979419775,PRIV__CICIoT2023_R1__Raw__MLP__client_size_above_seed_median__seed42,empirical pre-upload metadata leakage only; no formal privacy guarantee,0.5,CICIoT2023_R1,0.9513647994597996,0,10,"{'alpha': 0.0001, 'early_stopping': True, 'hidden_layer_sizes': [32, 16], 'learning_rate_init': 0.001, 'max_iter': 1000}",0.9414444444444443,Raw,3000,42,client_size_above_seed_median,2000-resample client-group bootstrap over out-of-fold predictions,"['client_id', 'round', 'utility', 'wire_bytes', 'n_fit', 'eligible']"
MLP,median imputation; StandardScaler for LogisticRegression/MLP numeric fields; client_id one-hot only in Raw; RandomForest numeric fields unscaled,0.9732756642512077,0.9088684736528985,PRIV__CICIoT2023_R1__Raw__MLP__client_size_above_seed_median__seed777,empirical pre-upload metadata leakage only; no formal privacy guarantee,0.5,CICIoT2023_R1,0.953670855903356,0,10,"{'alpha': 0.0001, 'early_stopping': True, 'hidden_layer_sizes': [32, 16], 'learning_rate_init': 0.001, 'max_iter': 1000}",0.9388502222222224,Raw,3000,777,client_size_above_seed_median,2000-resample client-group bootstrap over out-of-fold predictions,"['client_id', 'round', 'utility', 'wire_bytes', 'n_fit', 'eligible']"
MLP,median imputation; StandardScaler for LogisticRegression/MLP numeric fields; client_id one-hot only in Raw; RandomForest numeric fields unscaled,0.9744453486556386,0.8836948277417029,PRIV__CICIoT2023_R1__Raw__MLP__client_size_above_seed_median__seed9001,empirical pre-upload metadata leakage only; no formal privacy guarantee,0.5,CICIoT2023_R1,0.9467137091303759,0,10,"{'alpha': 0.0001, 'early_stopping': True, 'hidden_layer_sizes': [32, 16], 'learning_rate_init': 0.001, 'max_iter': 1000}",0.9311266666666667,Raw,3000,9001,client_size_above_seed_median,2000-resample client-group bootstrap over out-of-fold predictions,"['client_id', 'round', 'utility', 'wire_bytes', 'n_fit', 'eligible']"
RandomForest,median imputation; StandardScaler for LogisticRegression/MLP numeric fields; client_id one-hot only in Raw; RandomForest numeric fields unscaled,0.8211323972222222,0.6983790516206483,PRIV__CICIoT2023_R1__Raw__RandomForest__attack_ratio_above_seed_median__seed11,empirical pre-upload metadata leakage only; no formal privacy guarantee,0.5,CICIoT2023_R1,0.7642982379349046,0,10,"{'class_weight': 'balanced', 'max_depth': 8, 'min_samples_leaf': 3, 'n_estimators': 300, 'n_jobs': 1}",0.7610706666666667,Raw,3000,11,attack_ratio_above_seed_median,2000-resample client-group bootstrap over out-of-fold predictions,"['client_id', 'round', 'utility', 'wire_bytes', 'n_fit', 'eligible']"
RandomForest,median imputation; StandardScaler for LogisticRegression/MLP numeric fields; client_id one-hot only in Raw; RandomForest numeric fields unscaled,0.8134177793433529,0.6757197426303855,PRIV__CICIoT2023_R1__Raw__RandomForest__attack_ratio_above_seed_median__seed123,empirical pre-upload metadata leakage only; no formal privacy guarantee,0.5,CICIoT2023_R1,0.7553813131313131,0,10,"{'class_weight': 'balanced', 'max_depth': 8, 'min_samples_leaf': 3, 'n_estimators': 300, 'n_jobs': 1}",0.7487459999999999,Raw,3000,123,attack_ratio_above_seed_median,2000-resample client-group bootstrap over out-of-fold predictions,"['client_id', 'round', 'utility', 'wire_bytes', 'n_fit', 'eligible']"
RandomForest,median imputation; StandardScaler for LogisticRegression/MLP numeric fields; client_id one-hot only in Raw; RandomForest numeric fields unscaled,0.8203449121415723,0.6974907892825777,PRIV__CICIoT2023_R1__Raw__RandomForest__attack_ratio_above_seed_median__seed2026,empirical pre-upload metadata leakage only; no formal privacy guarantee,0.5,CICIoT2023_R1,0.7882068282026615,0,10,"{'class_weight': 'balanced', 'max_depth': 8, 'min_samples_leaf': 3, 'n_estimators': 300, 'n_jobs': 1}",0.7512415555555556,Raw,3000,2026,attack_ratio_above_seed_median,2000-resample client-group bootstrap over out-of-fold predictions,"['client_id', 'round', 'utility', 'wire_bytes', 'n_fit', 'eligible']"
RandomForest,median imputation; StandardScaler for LogisticRegression/MLP numeric fields; client_id one-hot only in Raw; RandomForest numeric fields unscaled,0.8209470955762714,0.7080873650475148,PRIV__CICIoT2023_R1__Raw__RandomForest__attack_ratio_above_seed_median__seed2027,empirical pre-upload metadata leakage only; no formal privacy guarantee,0.5,CICIoT2023_R1,0.8026262670354336,0,10,"{'class_weight': 'balanced', 'max_depth': 8, 'min_samples_leaf': 3, 'n_estimators': 300, 'n_jobs': 1}",0.7550397777777778,Raw,3000,2027,attack_ratio_above_seed_median,2000-resample client-group bootstrap over out-of-fold predictions,"['client_id', 'round', 'utility', 'wire_bytes', 'n_fit', 'eligible']"
RandomForest,median imputation; StandardScaler for LogisticRegression/MLP numeric fields; client_id one-hot only in Raw; RandomForest numeric fields unscaled,0.819163091083456,0.674182069088319,PRIV__CICIoT2023_R1__Raw__RandomForest__attack_ratio_above_seed_median__seed2718,empirical pre-upload metadata leakage only; no formal privacy guarantee,0.5,CICIoT2023_R1,0.7879093040601374,0,10,"{'class_weight': 'balanced', 'max_depth': 8, 'min_samples_leaf': 3, 'n_estimators': 300, 'n_jobs': 1}",0.7497928888888888,Raw,3000,2718,attack_ratio_above_seed_median,2000-resample client-group bootstrap over out-of-fold predictions,"['client_id', 'round', 'utility', 'wire_bytes', 'n_fit', 'eligible']"
RandomForest,median imputation; StandardScaler for LogisticRegression/MLP numeric fields; client_id one-hot only in Raw; RandomForest numeric fields unscaled,0.8174088064102932,0.6799322207516504,PRIV__CICIoT2023_R1__Raw__RandomForest__attack_ratio_above_seed_median__seed314,empirical pre-upload metadata leakage only; no formal privacy guarantee,0.5,CICIoT2023_R1,0.759878507295174,0,10,"{'class_weight': 'balanced', 'max_depth': 8, 'min_samples_leaf': 3, 'n_estimators': 300, 'n_jobs': 1}",0.7530366666666667,Raw,3000,314,attack_ratio_above_seed_median,2000-resample client-group bootstrap over out-of-fold predictions,"['client_id', 'round', 'utility', 'wire_bytes', 'n_fit', 'eligible']"
RandomForest,median imputation; StandardScaler for LogisticRegression/MLP numeric fields; client_id one-hot only in Raw; RandomForest numeric fields unscaled,0.8192696382763914,0.6386192468013469,PRIV__CICIoT2023_R1__Raw__RandomForest__attack_ratio_above_seed_median__seed3407,empirical pre-upload metadata leakage only; no formal privacy guarantee,0.5,CICIoT2023_R1,0.7610077342410676,0,10,"{'class_weight': 'balanced', 'max_depth': 8, 'min_samples_leaf': 3, 'n_estimators': 300, 'n_jobs': 1}",0.7336937777777779,Raw,3000,3407,attack_ratio_above_seed_median,2000-resample client-group bootstrap over out-of-fold predictions,"['client_id', 'round', 'utility', 'wire_bytes', 'n_fit', 'eligible']"
RandomForest,median imputation; StandardScaler for LogisticRegression/MLP numeric fields; client_id one-hot only in Raw; RandomForest numeric fields unscaled,0.8154829713804712,0.70578079138322,PRIV__CICIoT2023_R1__Raw__RandomForest__attack_ratio_above_seed_median__seed42,empirical pre-upload metadata leakage only; no formal privacy guarantee,0.5,CICIoT2023_R1,0.7769748793490461,0,10,"{'class_weight': 'balanced', 'max_depth': 8, 'min_samples_leaf': 3, 'n_estimators': 300, 'n_jobs': 1}",0.7522355555555555,Raw,3000,42,attack_ratio_above_seed_median,2000-resample client-group bootstrap over out-of-fold predictions,"['client_id', 'round', 'utility', 'wire_bytes', 'n_fit', 'eligible']"
RandomForest,median imputation; StandardScaler for LogisticRegression/MLP numeric fields; client_id one-hot only in Raw; RandomForest numeric fields unscaled,0.8100857831404706,0.6731173760337213,PRIV__CICIoT2023_R1__Raw__RandomForest__attack_ratio_above_seed_median__seed777,empirical pre-upload metadata leakage only; no formal privacy guarantee,0.5,CICIoT2023_R1,0.7702842312008977,0,10,"{'class_weight': 'balanced', 'max_depth': 8, 'min_samples_leaf': 3, 'n_estimators': 300, 'n_jobs': 1}",0.7414697777777778,Raw,3000,777,attack_ratio_above_seed_median,2000-resample client-group bootstrap over out-of-fold predictions,"['client_id', 'round', 'utility', 'wire_bytes', 'n_fit', 'eligible']"
RandomForest,median imputation; StandardScaler for LogisticRegression/MLP numeric fields; client_id one-hot only in Raw; RandomForest numeric fields unscaled,0.836298667753928,0.6666876310272536,PRIV__CICIoT2023_R1__Raw__RandomForest__attack_ratio_above_seed_median__seed9001,empirical pre-upload metadata leakage only; no formal privacy guarantee,0.5,CICIoT2023_R1,0.7685822811447812,0,10,"{'class_weight': 'balanced', 'max_depth': 8, 'min_samples_leaf': 3, 'n_estimators': 300, 'n_jobs': 1}",0.7533586666666667,Raw,3000,9001,attack_ratio_above_seed_median,2000-resample client-group bootstrap over out-of-fold predictions,"['client_id', 'round', 'utility', 'wire_bytes', 'n_fit', 'eligible']"
RandomForest,median imputation; StandardScaler for LogisticRegression/MLP numeric fields; client_id one-hot only in Raw; RandomForest numeric fields unscaled,0.9745636669011544,0.914285205050505,PRIV__CICIoT2023_R1__Raw__RandomForest__client_size_above_seed_median__seed11,empirical pre-upload metadata leakage only; no formal privacy guarantee,0.5,CICIoT2023_R1,0.953614898989899,0,10,"{'class_weight': 'balanced', 'max_depth': 8, 'min_samples_leaf': 3, 'n_estimators': 300, 'n_jobs': 1}",0.9430177777777777,Raw,3000,11,client_size_above_seed_median,2000-resample client-group bootstrap over out-of-fold predictions,"['client_id', 'round', 'utility', 'wire_bytes', 'n_fit', 'eligible']"
RandomForest,median imputation; StandardScaler for LogisticRegression/MLP numeric fields; client_id one-hot only in Raw; RandomForest numeric fields unscaled,0.9741305335729903,0.92234128181187,PRIV__CICIoT2023_R1__Raw__RandomForest__client_size_above_seed_median__seed123,empirical pre-upload metadata leakage only; no formal privacy guarantee,0.5,CICIoT2023_R1,0.9556091863075196,0,10,"{'class_weight': 'balanced', 'max_depth': 8, 'min_samples_leaf': 3, 'n_estimators': 300, 'n_jobs': 1}",0.9469857777777778,Raw,3000,123,client_size_above_seed_median,2000-resample client-group bootstrap over out-of-fold predictions,"['client_id', 'round', 'utility', 'wire_bytes', 'n_fit', 'eligible']"
RandomForest,median imputation; StandardScaler for LogisticRegression/MLP numeric fields; client_id one-hot only in Raw; RandomForest numeric fields unscaled,0.9765808002713999,0.9139419984627037,PRIV__CICIoT2023_R1__Raw__RandomForest__client_size_above_seed_median__seed2026,empirical pre-upload metadata leakage only; no formal privacy guarantee,0.5,CICIoT2023_R1,0.9555678432678432,0,10,"{'class_weight': 'balanced', 'max_depth': 8, 'min_samples_leaf': 3, 'n_estimators': 300, 'n_jobs': 1}",0.9434695555555556,Raw,3000,2026,client_size_above_seed_median,2000-resample client-group bootstrap over out-of-fold predictions,"['client_id', 'round', 'utility', 'wire_bytes', 'n_fit', 'eligible']"
RandomForest,median imputation; StandardScaler for LogisticRegression/MLP numeric fields; client_id one-hot only in Raw; RandomForest numeric fields unscaled,0.9643373143315936,0.9122870131638007,PRIV__CICIoT2023_R1__Raw__RandomForest__client_size_above_seed_median__seed2027,empirical pre-upload metadata leakage only; no formal privacy guarantee,0.5,CICIoT2023_R1,0.9518390740740742,0,10,"{'class_weight': 'balanced', 'max_depth': 8, 'min_samples_leaf': 3, 'n_estimators': 300, 'n_jobs': 1}",0.9363726666666666,Raw,3000,2027,client_size_above_seed_median,2000-resample client-group bootstrap over out-of-fold predictions,"['client_id', 'round', 'utility', 'wire_bytes', 'n_fit', 'eligible']"
RandomForest,median imputation; StandardScaler for LogisticRegression/MLP numeric fields; client_id one-hot only in Raw; RandomForest numeric fields unscaled,0.976033591783884,0.9133198435573907,PRIV__CICIoT2023_R1__Raw__RandomForest__client_size_above_seed_median__seed2718,empirical pre-upload metadata leakage only; no formal privacy guarantee,0.5,CICIoT2023_R1,0.9624261279461279,0,10,"{'class_weight': 'balanced', 'max_depth': 8, 'min_samples_leaf': 3, 'n_estimators': 300, 'n_jobs': 1}",0.94384,Raw,3000,2718,client_size_above_seed_median,2000-resample client-group bootstrap over out-of-fold predictions,"['client_id', 'round', 'utility', 'wire_bytes', 'n_fit', 'eligible']"
RandomForest,median imputation; StandardScaler for LogisticRegression/MLP numeric fields; client_id one-hot only in Raw; RandomForest numeric fields unscaled,0.9741098865464437,0.9151378538995726,PRIV__CICIoT2023_R1__Raw__RandomForest__client_size_above_seed_median__seed314,empirical pre-upload metadata leakage only; no formal privacy guarantee,0.5,CICIoT2023_R1,0.9585890984015984,0,10,"{'class_weight': 'balanced', 'max_depth': 8, 'min_samples_leaf': 3, 'n_estimators': 300, 'n_jobs': 1}",0.9425248888888889,Raw,3000,314,client_size_above_seed_median,2000-resample client-group bootstrap over out-of-fold predictions,"['client_id', 'round', 'utility', 'wire_bytes', 'n_fit', 'eligible']"
RandomForest,median imputation; StandardScaler for LogisticRegression/MLP numeric fields; client_id one-hot only in Raw; RandomForest numeric fields unscaled,0.9766894152281547,0.9121741786858973,PRIV__CICIoT2023_R1__Raw__RandomForest__client_size_above_seed_median__seed3407,empirical pre-upload metadata leakage only; no formal privacy guarantee,0.5,CICIoT2023_R1,0.9491338599671932,0,10,"{'class_weight': 'balanced', 'max_depth': 8, 'min_samples_leaf': 3, 'n_estimators': 300, 'n_jobs': 1}",0.9449542222222223,Raw,3000,3407,client_size_above_seed_median,2000-resample client-group bootstrap over out-of-fold predictions,"['client_id', 'round', 'utility', 'wire_bytes', 'n_fit', 'eligible']"
RandomForest,median imputation; StandardScaler for LogisticRegression/MLP numeric fields; client_id one-hot only in Raw; RandomForest numeric fields unscaled,0.9770707710951048,0.9086927494535885,PRIV__CICIoT2023_R1__Raw__RandomForest__client_size_above_seed_median__seed42,empirical pre-upload metadata leakage only; no formal privacy guarantee,0.5,CICIoT2023_R1,0.9523388146113145,0,10,"{'class_weight': 'balanced', 'max_depth': 8, 'min_samples_leaf': 3, 'n_estimators': 300, 'n_jobs': 1}",0.9437124444444444,Raw,3000,42,client_size_above_seed_median,2000-resample client-group bootstrap over out-of-fold predictions,"['client_id', 'round', 'utility', 'wire_bytes', 'n_fit', 'eligible']"
RandomForest,median imputation; StandardScaler for LogisticRegression/MLP numeric fields; client_id one-hot only in Raw; RandomForest numeric fields unscaled,0.9733291517867099,0.9141502225385123,PRIV__CICIoT2023_R1__Raw__RandomForest__client_size_above_seed_median__seed777,empirical pre-upload metadata leakage only; no formal privacy guarantee,0.5,CICIoT2023_R1,0.945350308456975,0,10,"{'class_weight': 'balanced', 'max_depth': 8, 'min_samples_leaf': 3, 'n_estimators': 300, 'n_jobs': 1}",0.9439875555555555,Raw,3000,777,client_size_above_seed_median,2000-resample client-group bootstrap over out-of-fold predictions,"['client_id', 'round', 'utility', 'wire_bytes', 'n_fit', 'eligible']"
RandomForest,median imputation; StandardScaler for LogisticRegression/MLP numeric fields; client_id one-hot only in Raw; RandomForest numeric fields unscaled,0.977004383554188,0.9192485998877665,PRIV__CICIoT2023_R1__Raw__RandomForest__client_size_above_seed_median__seed9001,empirical pre-upload metadata leakage only; no formal privacy guarantee,0.5,CICIoT2023_R1,0.9550412349995684,0,10,"{'class_weight': 'balanced', 'max_depth': 8, 'min_samples_leaf': 3, 'n_estimators': 300, 'n_jobs': 1}",0.9485942222222221,Raw,3000,9001,client_size_above_seed_median,2000-resample client-group bootstrap over out-of-fold predictions,"['client_id', 'round', 'utility', 'wire_bytes', 'n_fit', 'eligible']"
