cell_id,dataset,method,beta,seed,threshold,selection_rule,validation_F1,validation_PR_AUC,validation_FPR
PRIMARY__CICIDS2017_COVERAGE_R1__Full-Contextual__seed42,CICIDS2017_COVERAGE_R1,Full-Contextual,,42,0.45,maximize_F1_subject_to_FPR_target,0.000849689863199932,0.035732198746953256,0.006582810598022636
PRIMARY__CICIDS2017_COVERAGE_R1__Full-Contextual__seed123,CICIDS2017_COVERAGE_R1,Full-Contextual,,123,0.77,maximize_F1_subject_to_FPR_target,0.0008328128253175099,0.031007449289034962,0.0011340983036409596
PRIMARY__CICIDS2017_COVERAGE_R1__Full-Contextual__seed777,CICIDS2017_COVERAGE_R1,Full-Contextual,,777,0.56,maximize_F1_subject_to_FPR_target,0.0007903576368306659,0.03134678081887292,0.00243453102514926
PRIMARY__CICIDS2017_COVERAGE_R1__Full-Contextual__seed2026,CICIDS2017_COVERAGE_R1,Full-Contextual,,2026,0.79,maximize_F1_subject_to_FPR_target,0.0008495274503557397,0.03339558490228561,0.0006577770161117566
PRIMARY__CICIDS2017_COVERAGE_R1__Full-Contextual__seed3407,CICIDS2017_COVERAGE_R1,Full-Contextual,,3407,0.69,maximize_F1_subject_to_FPR_target,0.0008136696501220504,0.036262329139547606,0.0017036676739139748
PRIMARY__CICIDS2017_COVERAGE_R1__Full-Contextual__seed11,CICIDS2017_COVERAGE_R1,Full-Contextual,,11,0.84,maximize_F1_subject_to_FPR_target,0.0006378907080586859,0.02973492352590333,0.000632574831586402
PRIMARY__CICIDS2017_COVERAGE_R1__Full-Contextual__seed314,CICIDS2017_COVERAGE_R1,Full-Contextual,,314,0.69,maximize_F1_subject_to_FPR_target,0.0006175380815150268,0.03564665749403551,0.0014138425518723963
PRIMARY__CICIDS2017_COVERAGE_R1__Full-Contextual__seed2718,CICIDS2017_COVERAGE_R1,Full-Contextual,,2718,0.78,maximize_F1_subject_to_FPR_target,0.0008400714060695159,0.03519209789245348,0.0009249201720805159
PRIMARY__CICIDS2017_COVERAGE_R1__Full-Contextual__seed9001,CICIDS2017_COVERAGE_R1,Full-Contextual,,9001,0.79,maximize_F1_subject_to_FPR_target,0.0006426735218508997,0.03640155302164666,0.0004561595399089193
PRIMARY__CICIDS2017_COVERAGE_R1__Full-Contextual__seed2027,CICIDS2017_COVERAGE_R1,Full-Contextual,,2027,0.54,maximize_F1_subject_to_FPR_target,0.0006385696040868455,0.030135915175601876,0.0006073726470610472
PRIMARY__CICIDS2017_COVERAGE_R1__Random-Budget__b0.1__seed42,CICIDS2017_COVERAGE_R1,Random-Budget,0.1,42,0.49,maximize_F1_subject_to_FPR_target,0.0006451612903225806,0.034493291846554516,0.008175588660025051
PRIMARY__CICIDS2017_COVERAGE_R1__Random-Budget__b0.1__seed123,CICIDS2017_COVERAGE_R1,Random-Budget,0.1,123,0.72,maximize_F1_subject_to_FPR_target,0.0005846243788365975,0.025772188318554753,0.002792402045409296
PRIMARY__CICIDS2017_COVERAGE_R1__Random-Budget__b0.1__seed777,CICIDS2017_COVERAGE_R1,Random-Budget,0.1,777,0.24,maximize_F1_subject_to_FPR_target,0.0007352265416781545,0.03188678392198388,0.004347376830623678
PRIMARY__CICIDS2017_COVERAGE_R1__Random-Budget__b0.1__seed2026,CICIDS2017_COVERAGE_R1,Random-Budget,0.1,2026,0.52,maximize_F1_subject_to_FPR_target,0.0,0.03182752987571038,0.008689713224342286
PRIMARY__CICIDS2017_COVERAGE_R1__Random-Budget__b0.1__seed3407,CICIDS2017_COVERAGE_R1,Random-Budget,0.1,3407,0.54,maximize_F1_subject_to_FPR_target,0.2597893432465923,0.08415391919244261,0.04772033639875904
PRIMARY__CICIDS2017_COVERAGE_R1__Random-Budget__b0.1__seed11,CICIDS2017_COVERAGE_R1,Random-Budget,0.1,11,0.59,maximize_F1_subject_to_FPR_target,0.0017897819720143183,0.04302755119777288,0.007885763537983473
PRIMARY__CICIDS2017_COVERAGE_R1__Random-Budget__b0.1__seed314,CICIDS2017_COVERAGE_R1,Random-Budget,0.1,314,0.32,maximize_F1_subject_to_FPR_target,0.0006582845105654664,0.03151397744181782,0.015206998142599
PRIMARY__CICIDS2017_COVERAGE_R1__Random-Budget__b0.1__seed2718,CICIDS2017_COVERAGE_R1,Random-Budget,0.1,2718,0.5,maximize_F1_subject_to_FPR_target,0.0032410533423362594,0.03599294571303781,0.014198910761584815
PRIMARY__CICIDS2017_COVERAGE_R1__Random-Budget__b0.1__seed9001,CICIDS2017_COVERAGE_R1,Random-Budget,0.1,9001,0.23,maximize_F1_subject_to_FPR_target,0.000673797692242904,0.03265598977028785,0.006847433535538861
PRIMARY__CICIDS2017_COVERAGE_R1__Random-Budget__b0.1__seed2027,CICIDS2017_COVERAGE_R1,Random-Budget,0.1,2027,0.73,maximize_F1_subject_to_FPR_target,0.000700586741395919,0.022211113613265103,0.005703254358087759
PRIMARY__CICIDS2017_COVERAGE_R1__Cost-Only__b0.1__seed42,CICIDS2017_COVERAGE_R1,Cost-Only,0.1,42,0.05,maximize_F1_subject_to_FPR_target,0.0,0.03554991630390515,0.0006023322101559763
PRIMARY__CICIDS2017_COVERAGE_R1__Cost-Only__b0.1__seed123,CICIDS2017_COVERAGE_R1,Cost-Only,0.1,123,0.58,maximize_F1_subject_to_FPR_target,0.0006085809919870169,0.0481216913144822,0.001774233790584968
PRIMARY__CICIDS2017_COVERAGE_R1__Cost-Only__b0.1__seed777,CICIDS2017_COVERAGE_R1,Cost-Only,0.1,777,0.39,maximize_F1_subject_to_FPR_target,0.000354735721887194,0.028245117257632565,0.04796731780710752
PRIMARY__CICIDS2017_COVERAGE_R1__Cost-Only__b0.1__seed2026,CICIDS2017_COVERAGE_R1,Cost-Only,0.1,2026,0.05,maximize_F1_subject_to_FPR_target,0.0,0.0357060107378373,0.0003377092726397524
PRIMARY__CICIDS2017_COVERAGE_R1__Cost-Only__b0.1__seed3407,CICIDS2017_COVERAGE_R1,Cost-Only,0.1,3407,0.89,maximize_F1_subject_to_FPR_target,0.000641025641025641,0.026235858200887578,0.0005166447827697705
PRIMARY__CICIDS2017_COVERAGE_R1__Cost-Only__b0.1__seed11,CICIDS2017_COVERAGE_R1,Cost-Only,0.1,11,0.95,minimum_FPR_then_maximum_F1,0.21002428533809286,0.0899864552193115,0.13111184477470508
PRIMARY__CICIDS2017_COVERAGE_R1__Cost-Only__b0.1__seed314,CICIDS2017_COVERAGE_R1,Cost-Only,0.1,314,0.1,maximize_F1_subject_to_FPR_target,0.0005533523932491008,0.03549221973870854,0.004254128747879866
PRIMARY__CICIDS2017_COVERAGE_R1__Cost-Only__b0.1__seed2718,CICIDS2017_COVERAGE_R1,Cost-Only,0.1,2718,0.58,maximize_F1_subject_to_FPR_target,0.0006183654539833041,0.03193772439943761,0.0013810797119894352
PRIMARY__CICIDS2017_COVERAGE_R1__Cost-Only__b0.1__seed9001,CICIDS2017_COVERAGE_R1,Cost-Only,0.1,9001,0.17,maximize_F1_subject_to_FPR_target,0.0006841700162490379,0.03345915517739619,0.006393794214082477
PRIMARY__CICIDS2017_COVERAGE_R1__Cost-Only__b0.1__seed2027,CICIDS2017_COVERAGE_R1,Cost-Only,0.1,2027,0.17,maximize_F1_subject_to_FPR_target,0.00046035216940959836,0.028344657226098906,0.0207212361167466
PRIMARY__CICIDS2017_COVERAGE_R1__Utility-Only__b0.1__seed42,CICIDS2017_COVERAGE_R1,Utility-Only,0.1,42,0.49,maximize_F1_subject_to_FPR_target,0.000597609561752988,0.03170811813955308,0.0022303933304938873
PRIMARY__CICIDS2017_COVERAGE_R1__Utility-Only__b0.1__seed123,CICIDS2017_COVERAGE_R1,Utility-Only,0.1,123,0.51,maximize_F1_subject_to_FPR_target,0.0006295907660020986,0.028166723243576067,0.0009450819197007996
PRIMARY__CICIDS2017_COVERAGE_R1__Utility-Only__b0.1__seed777,CICIDS2017_COVERAGE_R1,Utility-Only,0.1,777,0.65,maximize_F1_subject_to_FPR_target,0.0006228589224540642,0.02763205373673712,0.0012046644203119526
PRIMARY__CICIDS2017_COVERAGE_R1__Utility-Only__b0.1__seed2026,CICIDS2017_COVERAGE_R1,Utility-Only,0.1,2026,0.47,maximize_F1_subject_to_FPR_target,0.0005960067547432204,0.024238698627454626,0.002298439228712345
PRIMARY__CICIDS2017_COVERAGE_R1__Utility-Only__b0.1__seed3407,CICIDS2017_COVERAGE_R1,Utility-Only,0.1,3407,0.5,maximize_F1_subject_to_FPR_target,0.010637081093446186,0.03250245124112097,0.020769120267344773
PRIMARY__CICIDS2017_COVERAGE_R1__Utility-Only__b0.1__seed11,CICIDS2017_COVERAGE_R1,Utility-Only,0.1,11,0.26,maximize_F1_subject_to_FPR_target,0.0004959907415061585,0.033068980811452875,0.0074144826873593405
PRIMARY__CICIDS2017_COVERAGE_R1__Utility-Only__b0.1__seed314,CICIDS2017_COVERAGE_R1,Utility-Only,0.1,314,0.32,maximize_F1_subject_to_FPR_target,0.0007065265389031175,0.034194096380033276,0.005461313386644354
PRIMARY__CICIDS2017_COVERAGE_R1__Utility-Only__b0.1__seed2718,CICIDS2017_COVERAGE_R1,Utility-Only,0.1,2718,0.07,maximize_F1_subject_to_FPR_target,0.0011316290314284244,0.03837680306289318,0.025902805255159516
PRIMARY__CICIDS2017_COVERAGE_R1__Utility-Only__b0.1__seed9001,CICIDS2017_COVERAGE_R1,Utility-Only,0.1,9001,0.08,maximize_F1_subject_to_FPR_target,0.0004911993450675399,0.034693732526436885,0.007711868464758525
PRIMARY__CICIDS2017_COVERAGE_R1__Utility-Only__b0.1__seed2027,CICIDS2017_COVERAGE_R1,Utility-Only,0.1,2027,0.58,maximize_F1_subject_to_FPR_target,0.0007582219694815658,0.028380851659650107,0.0035157047412869747
PRIMARY__CICIDS2017_COVERAGE_R1__Utility-Cost-Ratio__b0.1__seed42,CICIDS2017_COVERAGE_R1,Utility-Cost-Ratio,0.1,42,0.49,maximize_F1_subject_to_FPR_target,0.000597609561752988,0.03170811813955308,0.0022303933304938873
PRIMARY__CICIDS2017_COVERAGE_R1__Utility-Cost-Ratio__b0.1__seed123,CICIDS2017_COVERAGE_R1,Utility-Cost-Ratio,0.1,123,0.51,maximize_F1_subject_to_FPR_target,0.0006295907660020986,0.028166723243576067,0.0009450819197007996
PRIMARY__CICIDS2017_COVERAGE_R1__Utility-Cost-Ratio__b0.1__seed777,CICIDS2017_COVERAGE_R1,Utility-Cost-Ratio,0.1,777,0.65,maximize_F1_subject_to_FPR_target,0.0006228589224540642,0.02763205373673712,0.0012046644203119526
PRIMARY__CICIDS2017_COVERAGE_R1__Utility-Cost-Ratio__b0.1__seed2026,CICIDS2017_COVERAGE_R1,Utility-Cost-Ratio,0.1,2026,0.47,maximize_F1_subject_to_FPR_target,0.0005960067547432204,0.024238698627454626,0.002298439228712345
PRIMARY__CICIDS2017_COVERAGE_R1__Utility-Cost-Ratio__b0.1__seed3407,CICIDS2017_COVERAGE_R1,Utility-Cost-Ratio,0.1,3407,0.5,maximize_F1_subject_to_FPR_target,0.010637081093446186,0.03250245124112097,0.020769120267344773
PRIMARY__CICIDS2017_COVERAGE_R1__Utility-Cost-Ratio__b0.1__seed11,CICIDS2017_COVERAGE_R1,Utility-Cost-Ratio,0.1,11,0.26,maximize_F1_subject_to_FPR_target,0.0004959907415061585,0.033068980811452875,0.0074144826873593405
PRIMARY__CICIDS2017_COVERAGE_R1__Utility-Cost-Ratio__b0.1__seed314,CICIDS2017_COVERAGE_R1,Utility-Cost-Ratio,0.1,314,0.32,maximize_F1_subject_to_FPR_target,0.0007065265389031175,0.034194096380033276,0.005461313386644354
PRIMARY__CICIDS2017_COVERAGE_R1__Utility-Cost-Ratio__b0.1__seed2718,CICIDS2017_COVERAGE_R1,Utility-Cost-Ratio,0.1,2718,0.07,maximize_F1_subject_to_FPR_target,0.0011316290314284244,0.03837680306289318,0.025902805255159516
PRIMARY__CICIDS2017_COVERAGE_R1__Utility-Cost-Ratio__b0.1__seed9001,CICIDS2017_COVERAGE_R1,Utility-Cost-Ratio,0.1,9001,0.08,maximize_F1_subject_to_FPR_target,0.0004911993450675399,0.034693732526436885,0.007711868464758525
PRIMARY__CICIDS2017_COVERAGE_R1__Utility-Cost-Ratio__b0.1__seed2027,CICIDS2017_COVERAGE_R1,Utility-Cost-Ratio,0.1,2027,0.58,maximize_F1_subject_to_FPR_target,0.0007582219694815658,0.028380851659650107,0.0035157047412869747
PRIMARY__CICIDS2017_COVERAGE_R1__CB-Score__b0.1__seed42,CICIDS2017_COVERAGE_R1,CB-Score,0.1,42,0.1,maximize_F1_subject_to_FPR_target,0.00021637996321540625,0.036419374458741646,0.00022681966072819192
PRIMARY__CICIDS2017_COVERAGE_R1__CB-Score__b0.1__seed123,CICIDS2017_COVERAGE_R1,CB-Score,0.1,123,0.59,maximize_F1_subject_to_FPR_target,0.0006172204505709289,0.02907657974079706,0.0014264436441350737
PRIMARY__CICIDS2017_COVERAGE_R1__CB-Score__b0.1__seed777,CICIDS2017_COVERAGE_R1,CB-Score,0.1,777,0.39,maximize_F1_subject_to_FPR_target,0.0006066120715802245,0.02967385123357301,0.0018548807810661028
PRIMARY__CICIDS2017_COVERAGE_R1__CB-Score__b0.1__seed2026,CICIDS2017_COVERAGE_R1,CB-Score,0.1,2026,0.62,maximize_F1_subject_to_FPR_target,0.00019336749492410325,0.0298571942164369,0.002999059958517204
PRIMARY__CICIDS2017_COVERAGE_R1__CB-Score__b0.1__seed3407,CICIDS2017_COVERAGE_R1,CB-Score,0.1,3407,0.12,maximize_F1_subject_to_FPR_target,0.0007495003331112591,0.0455605535850925,0.037437845112414346
PRIMARY__CICIDS2017_COVERAGE_R1__CB-Score__b0.1__seed11,CICIDS2017_COVERAGE_R1,CB-Score,0.1,11,0.29,maximize_F1_subject_to_FPR_target,0.0005201109570041609,0.031353317252409196,0.006000640135486944
PRIMARY__CICIDS2017_COVERAGE_R1__CB-Score__b0.1__seed314,CICIDS2017_COVERAGE_R1,CB-Score,0.1,314,0.35,maximize_F1_subject_to_FPR_target,0.0005565346442816065,0.0341711695232528,0.004097875203822667
PRIMARY__CICIDS2017_COVERAGE_R1__CB-Score__b0.1__seed2718,CICIDS2017_COVERAGE_R1,CB-Score,0.1,2718,0.75,maximize_F1_subject_to_FPR_target,0.006131976865723643,0.04607515734132885,0.04904849152324523
PRIMARY__CICIDS2017_COVERAGE_R1__CB-Score__b0.1__seed9001,CICIDS2017_COVERAGE_R1,CB-Score,0.1,9001,0.95,minimum_FPR_then_maximum_F1,7.29465544910762e-05,0.026726595435058013,0.18422040822498495
PRIMARY__CICIDS2017_COVERAGE_R1__CB-Score__b0.1__seed2027,CICIDS2017_COVERAGE_R1,CB-Score,0.1,2027,0.43,maximize_F1_subject_to_FPR_target,0.0007743684057690447,0.025388526031296443,0.0029612566817291725
PRIMARY__CICIDS2017_COVERAGE_R1__Historical-DoubleCost__b0.1__seed42,CICIDS2017_COVERAGE_R1,Historical-DoubleCost,0.1,42,0.1,maximize_F1_subject_to_FPR_target,0.00021637996321540625,0.036419374458741646,0.00022681966072819192
PRIMARY__CICIDS2017_COVERAGE_R1__Historical-DoubleCost__b0.1__seed123,CICIDS2017_COVERAGE_R1,Historical-DoubleCost,0.1,123,0.59,maximize_F1_subject_to_FPR_target,0.0006172204505709289,0.02907657974079706,0.0014264436441350737
PRIMARY__CICIDS2017_COVERAGE_R1__Historical-DoubleCost__b0.1__seed777,CICIDS2017_COVERAGE_R1,Historical-DoubleCost,0.1,777,0.39,maximize_F1_subject_to_FPR_target,0.0006066120715802245,0.02967385123357301,0.0018548807810661028
PRIMARY__CICIDS2017_COVERAGE_R1__Historical-DoubleCost__b0.1__seed2026,CICIDS2017_COVERAGE_R1,Historical-DoubleCost,0.1,2026,0.62,maximize_F1_subject_to_FPR_target,0.00019336749492410325,0.0298571942164369,0.002999059958517204
PRIMARY__CICIDS2017_COVERAGE_R1__Historical-DoubleCost__b0.1__seed3407,CICIDS2017_COVERAGE_R1,Historical-DoubleCost,0.1,3407,0.12,maximize_F1_subject_to_FPR_target,0.0007495003331112591,0.0455605535850925,0.037437845112414346
PRIMARY__CICIDS2017_COVERAGE_R1__Historical-DoubleCost__b0.1__seed11,CICIDS2017_COVERAGE_R1,Historical-DoubleCost,0.1,11,0.29,maximize_F1_subject_to_FPR_target,0.0005201109570041609,0.031353317252409196,0.006000640135486944
PRIMARY__CICIDS2017_COVERAGE_R1__Historical-DoubleCost__b0.1__seed314,CICIDS2017_COVERAGE_R1,Historical-DoubleCost,0.1,314,0.35,maximize_F1_subject_to_FPR_target,0.0005565346442816065,0.0341711695232528,0.004097875203822667
PRIMARY__CICIDS2017_COVERAGE_R1__Historical-DoubleCost__b0.1__seed2718,CICIDS2017_COVERAGE_R1,Historical-DoubleCost,0.1,2718,0.75,maximize_F1_subject_to_FPR_target,0.006131976865723643,0.04607515734132885,0.04904849152324523
PRIMARY__CICIDS2017_COVERAGE_R1__Historical-DoubleCost__b0.1__seed9001,CICIDS2017_COVERAGE_R1,Historical-DoubleCost,0.1,9001,0.95,minimum_FPR_then_maximum_F1,7.29465544910762e-05,0.026726595435058013,0.18422040822498495
PRIMARY__CICIDS2017_COVERAGE_R1__Historical-DoubleCost__b0.1__seed2027,CICIDS2017_COVERAGE_R1,Historical-DoubleCost,0.1,2027,0.43,maximize_F1_subject_to_FPR_target,0.0007743684057690447,0.025388526031296443,0.0029612566817291725
PRIMARY__CICIDS2017_COVERAGE_R1__Oort-Style-Adapted__b0.1__seed42,CICIDS2017_COVERAGE_R1,Oort-Style-Adapted,0.1,42,0.49,maximize_F1_subject_to_FPR_target,0.000597609561752988,0.03170811813955308,0.0022303933304938873
PRIMARY__CICIDS2017_COVERAGE_R1__Oort-Style-Adapted__b0.1__seed123,CICIDS2017_COVERAGE_R1,Oort-Style-Adapted,0.1,123,0.49,maximize_F1_subject_to_FPR_target,0.0004213631096597493,0.027052756593492475,0.0008543540554095229
PRIMARY__CICIDS2017_COVERAGE_R1__Oort-Style-Adapted__b0.1__seed777,CICIDS2017_COVERAGE_R1,Oort-Style-Adapted,0.1,777,0.45,maximize_F1_subject_to_FPR_target,0.0006157003591585428,0.03212090411661857,0.0014869288869959248
PRIMARY__CICIDS2017_COVERAGE_R1__Oort-Style-Adapted__b0.1__seed2026,CICIDS2017_COVERAGE_R1,Oort-Style-Adapted,0.1,2026,0.07,maximize_F1_subject_to_FPR_target,0.0005938242280285036,0.03432787535714976,0.002391687311456157
PRIMARY__CICIDS2017_COVERAGE_R1__Oort-Style-Adapted__b0.1__seed3407,CICIDS2017_COVERAGE_R1,Oort-Style-Adapted,0.1,3407,0.36,maximize_F1_subject_to_FPR_target,0.0002655807365439094,0.03949224406169873,0.03386417534671905
PRIMARY__CICIDS2017_COVERAGE_R1__Oort-Style-Adapted__b0.1__seed11,CICIDS2017_COVERAGE_R1,Oort-Style-Adapted,0.1,11,0.62,maximize_F1_subject_to_FPR_target,0.0006252605252188412,0.031160605488815215,0.0011114163375681404
PRIMARY__CICIDS2017_COVERAGE_R1__Oort-Style-Adapted__b0.1__seed314,CICIDS2017_COVERAGE_R1,Oort-Style-Adapted,0.1,314,0.3,maximize_F1_subject_to_FPR_target,0.0006050979502306936,0.031111720509855778,0.010244688009556668
PRIMARY__CICIDS2017_COVERAGE_R1__Oort-Style-Adapted__b0.1__seed2718,CICIDS2017_COVERAGE_R1,Oort-Style-Adapted,0.1,2718,0.07,maximize_F1_subject_to_FPR_target,0.0011316290314284244,0.03837680306289318,0.025902805255159516
PRIMARY__CICIDS2017_COVERAGE_R1__Oort-Style-Adapted__b0.1__seed9001,CICIDS2017_COVERAGE_R1,Oort-Style-Adapted,0.1,9001,0.07,maximize_F1_subject_to_FPR_target,0.001215159109895952,0.04488231043045632,0.01009851533930961
PRIMARY__CICIDS2017_COVERAGE_R1__Oort-Style-Adapted__b0.1__seed2027,CICIDS2017_COVERAGE_R1,Oort-Style-Adapted,0.1,2027,0.58,maximize_F1_subject_to_FPR_target,0.0007582219694815658,0.028380851659650107,0.0035157047412869747
PRIMARY__CICIDS2017_COVERAGE_R1__Oracle-Score-Exact__b0.1__seed42,CICIDS2017_COVERAGE_R1,Oracle-Score-Exact,0.1,42,0.1,maximize_F1_subject_to_FPR_target,0.00021637996321540625,0.036419374458741646,0.00022681966072819192
PRIMARY__CICIDS2017_COVERAGE_R1__Oracle-Score-Exact__b0.1__seed123,CICIDS2017_COVERAGE_R1,Oracle-Score-Exact,0.1,123,0.59,maximize_F1_subject_to_FPR_target,0.0006172204505709289,0.02907657974079706,0.0014264436441350737
PRIMARY__CICIDS2017_COVERAGE_R1__Oracle-Score-Exact__b0.1__seed777,CICIDS2017_COVERAGE_R1,Oracle-Score-Exact,0.1,777,0.39,maximize_F1_subject_to_FPR_target,0.0006066120715802245,0.02967385123357301,0.0018548807810661028
PRIMARY__CICIDS2017_COVERAGE_R1__Oracle-Score-Exact__b0.1__seed2026,CICIDS2017_COVERAGE_R1,Oracle-Score-Exact,0.1,2026,0.62,maximize_F1_subject_to_FPR_target,0.00019336749492410325,0.0298571942164369,0.002999059958517204
PRIMARY__CICIDS2017_COVERAGE_R1__Oracle-Score-Exact__b0.1__seed3407,CICIDS2017_COVERAGE_R1,Oracle-Score-Exact,0.1,3407,0.12,maximize_F1_subject_to_FPR_target,0.0007495003331112591,0.0455605535850925,0.037437845112414346
PRIMARY__CICIDS2017_COVERAGE_R1__Oracle-Score-Exact__b0.1__seed11,CICIDS2017_COVERAGE_R1,Oracle-Score-Exact,0.1,11,0.29,maximize_F1_subject_to_FPR_target,0.0005201109570041609,0.031353317252409196,0.006000640135486944
PRIMARY__CICIDS2017_COVERAGE_R1__Oracle-Score-Exact__b0.1__seed314,CICIDS2017_COVERAGE_R1,Oracle-Score-Exact,0.1,314,0.35,maximize_F1_subject_to_FPR_target,0.0005565346442816065,0.0341711695232528,0.004097875203822667
PRIMARY__CICIDS2017_COVERAGE_R1__Oracle-Score-Exact__b0.1__seed2718,CICIDS2017_COVERAGE_R1,Oracle-Score-Exact,0.1,2718,0.75,maximize_F1_subject_to_FPR_target,0.006131976865723643,0.04607515734132885,0.04904849152324523
PRIMARY__CICIDS2017_COVERAGE_R1__Oracle-Score-Exact__b0.1__seed9001,CICIDS2017_COVERAGE_R1,Oracle-Score-Exact,0.1,9001,0.95,minimum_FPR_then_maximum_F1,7.29465544910762e-05,0.026726595435058013,0.18422040822498495
PRIMARY__CICIDS2017_COVERAGE_R1__Oracle-Score-Exact__b0.1__seed2027,CICIDS2017_COVERAGE_R1,Oracle-Score-Exact,0.1,2027,0.43,maximize_F1_subject_to_FPR_target,0.0007743684057690447,0.025388526031296443,0.0029612566817291725
PRIMARY__CICIDS2017_COVERAGE_R1__Random-Budget__b0.2__seed42,CICIDS2017_COVERAGE_R1,Random-Budget,0.2,42,0.19,maximize_F1_subject_to_FPR_target,7.628346937218705e-05,0.030568181851240196,0.04300752789251772
PRIMARY__CICIDS2017_COVERAGE_R1__Random-Budget__b0.2__seed123,CICIDS2017_COVERAGE_R1,Random-Budget,0.2,123,0.55,maximize_F1_subject_to_FPR_target,0.0012161223071577485,0.03251510456547582,0.005930074018815951
PRIMARY__CICIDS2017_COVERAGE_R1__Random-Budget__b0.2__seed777,CICIDS2017_COVERAGE_R1,Random-Budget,0.2,777,0.66,maximize_F1_subject_to_FPR_target,0.31953147397305154,0.10366961494622547,0.028639762494613034
PRIMARY__CICIDS2017_COVERAGE_R1__Random-Budget__b0.2__seed2026,CICIDS2017_COVERAGE_R1,Random-Budget,0.2,2026,0.09,maximize_F1_subject_to_FPR_target,0.0004259850905218317,0.03801493880951674,0.012424676970999846
PRIMARY__CICIDS2017_COVERAGE_R1__Random-Budget__b0.2__seed3407,CICIDS2017_COVERAGE_R1,Random-Budget,0.2,3407,0.54,maximize_F1_subject_to_FPR_target,0.0018394648829431438,0.05984370125448006,0.007049051011741698
PRIMARY__CICIDS2017_COVERAGE_R1__Random-Budget__b0.2__seed11,CICIDS2017_COVERAGE_R1,Random-Budget,0.2,11,0.61,maximize_F1_subject_to_FPR_target,0.001436208409798133,0.04259235274772106,0.00849817662194959
PRIMARY__CICIDS2017_COVERAGE_R1__Random-Budget__b0.2__seed314,CICIDS2017_COVERAGE_R1,Random-Budget,0.2,314,0.57,maximize_F1_subject_to_FPR_target,0.0006601749463607857,0.03018372563350307,0.007464887056410049
PRIMARY__CICIDS2017_COVERAGE_R1__Random-Budget__b0.2__seed2718,CICIDS2017_COVERAGE_R1,Random-Budget,0.2,2718,0.74,maximize_F1_subject_to_FPR_target,0.0007500468779298706,0.052885235049980765,0.0038055298633285534
PRIMARY__CICIDS2017_COVERAGE_R1__Random-Budget__b0.2__seed9001,CICIDS2017_COVERAGE_R1,Random-Budget,0.2,9001,0.63,maximize_F1_subject_to_FPR_target,0.001492908683752177,0.05359893359560625,0.007298552638542709
PRIMARY__CICIDS2017_COVERAGE_R1__Random-Budget__b0.2__seed2027,CICIDS2017_COVERAGE_R1,Random-Budget,0.2,2027,0.89,maximize_F1_subject_to_FPR_target,0.0007915306223409518,0.053427309146033955,0.002396727748361228
PRIMARY__CICIDS2017_COVERAGE_R1__Cost-Only__b0.2__seed42,CICIDS2017_COVERAGE_R1,Cost-Only,0.2,42,0.05,maximize_F1_subject_to_FPR_target,0.0,0.0364990696838469,0.0019682906114301987
PRIMARY__CICIDS2017_COVERAGE_R1__Cost-Only__b0.2__seed123,CICIDS2017_COVERAGE_R1,Cost-Only,0.2,123,0.48,maximize_F1_subject_to_FPR_target,0.0006321112515802782,0.028002082778264215,0.000849313618504452
PRIMARY__CICIDS2017_COVERAGE_R1__Cost-Only__b0.2__seed777,CICIDS2017_COVERAGE_R1,Cost-Only,0.2,777,0.47,maximize_F1_subject_to_FPR_target,0.0006105006105006105,0.028215929810865823,0.0016961070185563685
PRIMARY__CICIDS2017_COVERAGE_R1__Cost-Only__b0.2__seed2026,CICIDS2017_COVERAGE_R1,Cost-Only,0.2,2026,0.07,maximize_F1_subject_to_FPR_target,0.00020177562550443906,0.03786947488959451,0.0019128458054744185
PRIMARY__CICIDS2017_COVERAGE_R1__Cost-Only__b0.2__seed3407,CICIDS2017_COVERAGE_R1,Cost-Only,0.2,3407,0.77,maximize_F1_subject_to_FPR_target,0.0006206682528188683,0.0340282110221639,0.0012903518476981585
PRIMARY__CICIDS2017_COVERAGE_R1__Cost-Only__b0.2__seed11,CICIDS2017_COVERAGE_R1,Cost-Only,0.2,11,0.68,maximize_F1_subject_to_FPR_target,0.0006158899609936358,0.03314685294993863,0.0014793682316383183
PRIMARY__CICIDS2017_COVERAGE_R1__Cost-Only__b0.2__seed314,CICIDS2017_COVERAGE_R1,Cost-Only,0.2,314,0.25,maximize_F1_subject_to_FPR_target,0.0005939564926869107,0.032226960127342566,0.010869702185785464
PRIMARY__CICIDS2017_COVERAGE_R1__Cost-Only__b0.2__seed2718,CICIDS2017_COVERAGE_R1,Cost-Only,0.2,2718,0.58,maximize_F1_subject_to_FPR_target,0.0011660836248542396,0.042224189552273694,0.007175061934368471
PRIMARY__CICIDS2017_COVERAGE_R1__Cost-Only__b0.2__seed9001,CICIDS2017_COVERAGE_R1,Cost-Only,0.2,9001,0.15,maximize_F1_subject_to_FPR_target,0.0005483959418700301,0.03233740595414909,0.004501110156228342
PRIMARY__CICIDS2017_COVERAGE_R1__Cost-Only__b0.2__seed2027,CICIDS2017_COVERAGE_R1,Cost-Only,0.2,2027,0.47,maximize_F1_subject_to_FPR_target,0.0005938242280285036,0.027150748944460387,0.002391687311456157
PRIMARY__CICIDS2017_COVERAGE_R1__Utility-Only__b0.2__seed42,CICIDS2017_COVERAGE_R1,Utility-Only,0.2,42,0.92,maximize_F1_subject_to_FPR_target,0.03666222494327799,0.06515023976262901,0.04563107530160714
PRIMARY__CICIDS2017_COVERAGE_R1__Utility-Only__b0.2__seed123,CICIDS2017_COVERAGE_R1,Utility-Only,0.2,123,0.6,maximize_F1_subject_to_FPR_target,0.0006349206349206349,0.031732530867838775,0.0007434644434979624
PRIMARY__CICIDS2017_COVERAGE_R1__Utility-Only__b0.2__seed777,CICIDS2017_COVERAGE_R1,Utility-Only,0.2,777,0.37,maximize_F1_subject_to_FPR_target,0.00022817158503194403,0.03009928389801373,0.04319906449491042
PRIMARY__CICIDS2017_COVERAGE_R1__Utility-Only__b0.2__seed2026,CICIDS2017_COVERAGE_R1,Utility-Only,0.2,2026,0.07,maximize_F1_subject_to_FPR_target,0.0005727786926326341,0.034660203522840556,0.012124770975148125
PRIMARY__CICIDS2017_COVERAGE_R1__Utility-Only__b0.2__seed3407,CICIDS2017_COVERAGE_R1,Utility-Only,0.2,3407,0.8,maximize_F1_subject_to_FPR_target,0.00021645021645021645,0.032660660715278636,0.0002192590053705855
PRIMARY__CICIDS2017_COVERAGE_R1__Utility-Only__b0.2__seed11,CICIDS2017_COVERAGE_R1,Utility-Only,0.2,11,0.06,maximize_F1_subject_to_FPR_target,0.0007857174036404906,0.03464724207917205,0.034647963285457585
PRIMARY__CICIDS2017_COVERAGE_R1__Utility-Only__b0.2__seed314,CICIDS2017_COVERAGE_R1,Utility-Only,0.2,314,0.75,maximize_F1_subject_to_FPR_target,0.3511593620158156,0.12089551198608518,0.023440551827032367
PRIMARY__CICIDS2017_COVERAGE_R1__Utility-Only__b0.2__seed2718,CICIDS2017_COVERAGE_R1,Utility-Only,0.2,2718,0.64,maximize_F1_subject_to_FPR_target,0.24474614097080155,0.0721065726088793,0.048292425987484594
PRIMARY__CICIDS2017_COVERAGE_R1__Utility-Only__b0.2__seed9001,CICIDS2017_COVERAGE_R1,Utility-Only,0.2,9001,0.95,maximize_F1_subject_to_FPR_target,0.017962727340767908,0.054816680941266,0.043675385782439624
PRIMARY__CICIDS2017_COVERAGE_R1__Utility-Only__b0.2__seed2027,CICIDS2017_COVERAGE_R1,Utility-Only,0.2,2027,0.89,maximize_F1_subject_to_FPR_target,0.0007382798080472499,0.028605896598287182,0.004233967000259582
PRIMARY__CICIDS2017_COVERAGE_R1__Utility-Cost-Ratio__b0.2__seed42,CICIDS2017_COVERAGE_R1,Utility-Cost-Ratio,0.2,42,0.92,maximize_F1_subject_to_FPR_target,0.03666222494327799,0.06515023976262901,0.04563107530160714
PRIMARY__CICIDS2017_COVERAGE_R1__Utility-Cost-Ratio__b0.2__seed123,CICIDS2017_COVERAGE_R1,Utility-Cost-Ratio,0.2,123,0.6,maximize_F1_subject_to_FPR_target,0.0006349206349206349,0.031732530867838775,0.0007434644434979624
PRIMARY__CICIDS2017_COVERAGE_R1__Utility-Cost-Ratio__b0.2__seed777,CICIDS2017_COVERAGE_R1,Utility-Cost-Ratio,0.2,777,0.37,maximize_F1_subject_to_FPR_target,0.00022817158503194403,0.03009928389801373,0.04319906449491042
PRIMARY__CICIDS2017_COVERAGE_R1__Utility-Cost-Ratio__b0.2__seed2026,CICIDS2017_COVERAGE_R1,Utility-Cost-Ratio,0.2,2026,0.07,maximize_F1_subject_to_FPR_target,0.0005727786926326341,0.034660203522840556,0.012124770975148125
PRIMARY__CICIDS2017_COVERAGE_R1__Utility-Cost-Ratio__b0.2__seed3407,CICIDS2017_COVERAGE_R1,Utility-Cost-Ratio,0.2,3407,0.5,maximize_F1_subject_to_FPR_target,0.00042408821034775233,0.027278144545236402,0.0007006207298048594
PRIMARY__CICIDS2017_COVERAGE_R1__Utility-Cost-Ratio__b0.2__seed11,CICIDS2017_COVERAGE_R1,Utility-Cost-Ratio,0.2,11,0.06,maximize_F1_subject_to_FPR_target,0.0007857174036404906,0.03464724207917205,0.034647963285457585
PRIMARY__CICIDS2017_COVERAGE_R1__Utility-Cost-Ratio__b0.2__seed314,CICIDS2017_COVERAGE_R1,Utility-Cost-Ratio,0.2,314,0.75,maximize_F1_subject_to_FPR_target,0.3511593620158156,0.12089551198608518,0.023440551827032367
PRIMARY__CICIDS2017_COVERAGE_R1__Utility-Cost-Ratio__b0.2__seed2718,CICIDS2017_COVERAGE_R1,Utility-Cost-Ratio,0.2,2718,0.64,maximize_F1_subject_to_FPR_target,0.2682918478446948,0.08066386050293965,0.04066876516856481
PRIMARY__CICIDS2017_COVERAGE_R1__Utility-Cost-Ratio__b0.2__seed9001,CICIDS2017_COVERAGE_R1,Utility-Cost-Ratio,0.2,9001,0.95,maximize_F1_subject_to_FPR_target,0.017962727340767908,0.054816680941266,0.043675385782439624
PRIMARY__CICIDS2017_COVERAGE_R1__Utility-Cost-Ratio__b0.2__seed2027,CICIDS2017_COVERAGE_R1,Utility-Cost-Ratio,0.2,2027,0.89,maximize_F1_subject_to_FPR_target,0.0007382798080472499,0.028605896598287182,0.004233967000259582
PRIMARY__CICIDS2017_COVERAGE_R1__CB-Score__b0.2__seed42,CICIDS2017_COVERAGE_R1,CB-Score,0.2,42,0.53,maximize_F1_subject_to_FPR_target,0.0011783420727037059,0.032924958179229774,0.019685426332754524
PRIMARY__CICIDS2017_COVERAGE_R1__CB-Score__b0.2__seed123,CICIDS2017_COVERAGE_R1,CB-Score,0.2,123,0.7,maximize_F1_subject_to_FPR_target,0.0008076728924785462,0.04367067466929537,0.001887643620949064
PRIMARY__CICIDS2017_COVERAGE_R1__CB-Score__b0.2__seed777,CICIDS2017_COVERAGE_R1,CB-Score,0.2,777,0.74,maximize_F1_subject_to_FPR_target,0.000782472613458529,0.030461741109310603,0.0026915933073078774
PRIMARY__CICIDS2017_COVERAGE_R1__CB-Score__b0.2__seed2026,CICIDS2017_COVERAGE_R1,CB-Score,0.2,2026,0.1,maximize_F1_subject_to_FPR_target,0.0004238335746830078,0.030016626957638716,0.048274784458316844
PRIMARY__CICIDS2017_COVERAGE_R1__CB-Score__b0.2__seed3407,CICIDS2017_COVERAGE_R1,CB-Score,0.2,3407,0.57,maximize_F1_subject_to_FPR_target,0.00071678165038975,0.026498099708325753,0.005053037997333609
PRIMARY__CICIDS2017_COVERAGE_R1__CB-Score__b0.2__seed11,CICIDS2017_COVERAGE_R1,CB-Score,0.2,11,0.64,maximize_F1_subject_to_FPR_target,0.0005970743357548015,0.02622636927084935,0.0022530752965667063
PRIMARY__CICIDS2017_COVERAGE_R1__CB-Score__b0.2__seed314,CICIDS2017_COVERAGE_R1,CB-Score,0.2,314,0.33,maximize_F1_subject_to_FPR_target,0.0005683971201212581,0.034782887802935675,0.0035308260520021876
PRIMARY__CICIDS2017_COVERAGE_R1__CB-Score__b0.2__seed2718,CICIDS2017_COVERAGE_R1,CB-Score,0.2,2718,0.49,maximize_F1_subject_to_FPR_target,0.0007957823535263105,0.0318981875846478,0.002260635951924313
PRIMARY__CICIDS2017_COVERAGE_R1__CB-Score__b0.2__seed9001,CICIDS2017_COVERAGE_R1,CB-Score,0.2,9001,0.24,maximize_F1_subject_to_FPR_target,0.0004911993450675399,0.029901355977206223,0.007711868464758525
PRIMARY__CICIDS2017_COVERAGE_R1__CB-Score__b0.2__seed2027,CICIDS2017_COVERAGE_R1,CB-Score,0.2,2027,0.72,maximize_F1_subject_to_FPR_target,0.0008310824849366299,0.03204510565056433,0.001184502672691669
PRIMARY__CICIDS2017_COVERAGE_R1__Historical-DoubleCost__b0.2__seed42,CICIDS2017_COVERAGE_R1,Historical-DoubleCost,0.2,42,0.21,maximize_F1_subject_to_FPR_target,0.0006083341782419143,0.03700232818968736,0.0017843146643951098
PRIMARY__CICIDS2017_COVERAGE_R1__Historical-DoubleCost__b0.2__seed123,CICIDS2017_COVERAGE_R1,Historical-DoubleCost,0.2,123,0.84,maximize_F1_subject_to_FPR_target,0.02325501155849981,0.08168366211619128,0.04912913851372637
PRIMARY__CICIDS2017_COVERAGE_R1__Historical-DoubleCost__b0.2__seed777,CICIDS2017_COVERAGE_R1,Historical-DoubleCost,0.2,777,0.48,maximize_F1_subject_to_FPR_target,0.0029648297075936703,0.03471568154646327,0.04483720648905847
PRIMARY__CICIDS2017_COVERAGE_R1__Historical-DoubleCost__b0.2__seed2026,CICIDS2017_COVERAGE_R1,Historical-DoubleCost,0.2,2026,0.1,maximize_F1_subject_to_FPR_target,0.0004238335746830078,0.030016626957638716,0.048274784458316844
PRIMARY__CICIDS2017_COVERAGE_R1__Historical-DoubleCost__b0.2__seed3407,CICIDS2017_COVERAGE_R1,Historical-DoubleCost,0.2,3407,0.57,maximize_F1_subject_to_FPR_target,0.00071678165038975,0.026498099708325753,0.005053037997333609
PRIMARY__CICIDS2017_COVERAGE_R1__Historical-DoubleCost__b0.2__seed11,CICIDS2017_COVERAGE_R1,Historical-DoubleCost,0.2,11,0.64,maximize_F1_subject_to_FPR_target,0.0005970743357548015,0.02622636927084935,0.0022530752965667063
PRIMARY__CICIDS2017_COVERAGE_R1__Historical-DoubleCost__b0.2__seed314,CICIDS2017_COVERAGE_R1,Historical-DoubleCost,0.2,314,0.11,maximize_F1_subject_to_FPR_target,0.0011437149290539333,0.035008309410781466,0.04740782931064465
PRIMARY__CICIDS2017_COVERAGE_R1__Historical-DoubleCost__b0.2__seed2718,CICIDS2017_COVERAGE_R1,Historical-DoubleCost,0.2,2718,0.49,maximize_F1_subject_to_FPR_target,0.0007957823535263105,0.0318981875846478,0.002260635951924313
PRIMARY__CICIDS2017_COVERAGE_R1__Historical-DoubleCost__b0.2__seed9001,CICIDS2017_COVERAGE_R1,Historical-DoubleCost,0.2,9001,0.06,maximize_F1_subject_to_FPR_target,0.001109438148823203,0.03467254638548341,0.04050495096915001
PRIMARY__CICIDS2017_COVERAGE_R1__Historical-DoubleCost__b0.2__seed2027,CICIDS2017_COVERAGE_R1,Historical-DoubleCost,0.2,2027,0.72,maximize_F1_subject_to_FPR_target,0.0008310824849366299,0.03204510565056433,0.001184502672691669
PRIMARY__CICIDS2017_COVERAGE_R1__Oort-Style-Adapted__b0.2__seed42,CICIDS2017_COVERAGE_R1,Oort-Style-Adapted,0.2,42,0.61,maximize_F1_subject_to_FPR_target,0.0016120759141203195,0.04262770364645725,0.011300659541169029
PRIMARY__CICIDS2017_COVERAGE_R1__Oort-Style-Adapted__b0.2__seed123,CICIDS2017_COVERAGE_R1,Oort-Style-Adapted,0.2,123,0.52,maximize_F1_subject_to_FPR_target,0.02002639843429976,0.03358761485859166,0.03175223228349433
PRIMARY__CICIDS2017_COVERAGE_R1__Oort-Style-Adapted__b0.2__seed777,CICIDS2017_COVERAGE_R1,Oort-Style-Adapted,0.2,777,0.79,maximize_F1_subject_to_FPR_target,0.018546589389210878,0.03547668856326512,0.03293925517463854
PRIMARY__CICIDS2017_COVERAGE_R1__Oort-Style-Adapted__b0.2__seed2026,CICIDS2017_COVERAGE_R1,Oort-Style-Adapted,0.2,2026,0.58,maximize_F1_subject_to_FPR_target,0.001899171270718232,0.03288008748540218,0.006101448873588363
PRIMARY__CICIDS2017_COVERAGE_R1__Oort-Style-Adapted__b0.2__seed3407,CICIDS2017_COVERAGE_R1,Oort-Style-Adapted,0.2,3407,0.57,maximize_F1_subject_to_FPR_target,0.0006338474540460595,0.028609346583910296,0.0007837879387385298
PRIMARY__CICIDS2017_COVERAGE_R1__Oort-Style-Adapted__b0.2__seed11,CICIDS2017_COVERAGE_R1,Oort-Style-Adapted,0.2,11,0.38,maximize_F1_subject_to_FPR_target,0.00037900322152738296,0.02877578049641144,0.01682497838912677
PRIMARY__CICIDS2017_COVERAGE_R1__Oort-Style-Adapted__b0.2__seed314,CICIDS2017_COVERAGE_R1,Oort-Style-Adapted,0.2,314,0.08,maximize_F1_subject_to_FPR_target,0.001216370921579851,0.03496141644014433,0.047337263193973654
PRIMARY__CICIDS2017_COVERAGE_R1__Oort-Style-Adapted__b0.2__seed2718,CICIDS2017_COVERAGE_R1,Oort-Style-Adapted,0.2,2718,0.64,maximize_F1_subject_to_FPR_target,0.24474614097080155,0.0721065726088793,0.048292425987484594
PRIMARY__CICIDS2017_COVERAGE_R1__Oort-Style-Adapted__b0.2__seed9001,CICIDS2017_COVERAGE_R1,Oort-Style-Adapted,0.2,9001,0.72,maximize_F1_subject_to_FPR_target,0.03871454022200904,0.08707544205766496,0.049071173489318054
PRIMARY__CICIDS2017_COVERAGE_R1__Oort-Style-Adapted__b0.2__seed2027,CICIDS2017_COVERAGE_R1,Oort-Style-Adapted,0.2,2027,0.05,maximize_F1_subject_to_FPR_target,0.0021092102179517225,0.035204911571481146,0.041389547645989955
PRIMARY__CICIDS2017_COVERAGE_R1__Oracle-Score-Exact__b0.2__seed42,CICIDS2017_COVERAGE_R1,Oracle-Score-Exact,0.2,42,0.95,minimum_FPR_then_maximum_F1,0.1559324868639284,0.04886887915520515,0.14366001244987917
PRIMARY__CICIDS2017_COVERAGE_R1__Oracle-Score-Exact__b0.2__seed123,CICIDS2017_COVERAGE_R1,Oracle-Score-Exact,0.2,123,0.7,maximize_F1_subject_to_FPR_target,0.0008076728924785462,0.04367067466929537,0.001887643620949064
PRIMARY__CICIDS2017_COVERAGE_R1__Oracle-Score-Exact__b0.2__seed777,CICIDS2017_COVERAGE_R1,Oracle-Score-Exact,0.2,777,0.68,maximize_F1_subject_to_FPR_target,0.0008379595684508222,0.028277477593614125,0.000985405414941367
PRIMARY__CICIDS2017_COVERAGE_R1__Oracle-Score-Exact__b0.2__seed2026,CICIDS2017_COVERAGE_R1,Oracle-Score-Exact,0.2,2026,0.05,maximize_F1_subject_to_FPR_target,0.0008831321754489255,0.03151146722689034,0.011164567744732113
PRIMARY__CICIDS2017_COVERAGE_R1__Oracle-Score-Exact__b0.2__seed3407,CICIDS2017_COVERAGE_R1,Oracle-Score-Exact,0.2,3407,0.57,maximize_F1_subject_to_FPR_target,0.00071678165038975,0.026498099708325753,0.005053037997333609
PRIMARY__CICIDS2017_COVERAGE_R1__Oracle-Score-Exact__b0.2__seed11,CICIDS2017_COVERAGE_R1,Oracle-Score-Exact,0.2,11,0.2,maximize_F1_subject_to_FPR_target,0.0004680826165818267,0.027861359872811787,0.019997933420868922
PRIMARY__CICIDS2017_COVERAGE_R1__Oracle-Score-Exact__b0.2__seed314,CICIDS2017_COVERAGE_R1,Oracle-Score-Exact,0.2,314,0.33,maximize_F1_subject_to_FPR_target,0.0005683971201212581,0.034782887802935675,0.0035308260520021876
PRIMARY__CICIDS2017_COVERAGE_R1__Oracle-Score-Exact__b0.2__seed2718,CICIDS2017_COVERAGE_R1,Oracle-Score-Exact,0.2,2718,0.49,maximize_F1_subject_to_FPR_target,0.00042835724994645533,0.028664751939025387,0.01222809993170208
PRIMARY__CICIDS2017_COVERAGE_R1__Oracle-Score-Exact__b0.2__seed9001,CICIDS2017_COVERAGE_R1,Oracle-Score-Exact,0.2,9001,0.06,maximize_F1_subject_to_FPR_target,0.0011256651657797789,0.03306536536255972,0.02616238775577067
PRIMARY__CICIDS2017_COVERAGE_R1__Oracle-Score-Exact__b0.2__seed2027,CICIDS2017_COVERAGE_R1,Oracle-Score-Exact,0.2,2027,0.88,maximize_F1_subject_to_FPR_target,0.0002130152305889871,0.03325537231150019,0.0005947715547983699
PRIMARY__CICIDS2017_COVERAGE_R1__Random-Budget__b0.4__seed42,CICIDS2017_COVERAGE_R1,Random-Budget,0.4,42,0.7,maximize_F1_subject_to_FPR_target,0.0008024072216649949,0.032045186188039934,0.0020514578203638693
PRIMARY__CICIDS2017_COVERAGE_R1__Random-Budget__b0.4__seed123,CICIDS2017_COVERAGE_R1,Random-Budget,0.4,123,0.87,maximize_F1_subject_to_FPR_target,0.0008389261744966443,0.033566365027033265,0.000957683011963477
PRIMARY__CICIDS2017_COVERAGE_R1__Random-Budget__b0.4__seed777,CICIDS2017_COVERAGE_R1,Random-Budget,0.4,777,0.64,maximize_F1_subject_to_FPR_target,0.0006337135614702154,0.03137961681997588,0.0007888283756436007
PRIMARY__CICIDS2017_COVERAGE_R1__Random-Budget__b0.4__seed2026,CICIDS2017_COVERAGE_R1,Random-Budget,0.4,2026,0.48,maximize_F1_subject_to_FPR_target,0.000884016973125884,0.03591652124694129,0.005431070765213928
PRIMARY__CICIDS2017_COVERAGE_R1__Random-Budget__b0.4__seed3407,CICIDS2017_COVERAGE_R1,Random-Budget,0.4,3407,0.51,maximize_F1_subject_to_FPR_target,0.0014820913956360643,0.04017791635343768,0.00752033186236583
PRIMARY__CICIDS2017_COVERAGE_R1__Random-Budget__b0.4__seed11,CICIDS2017_COVERAGE_R1,Random-Budget,0.4,11,0.64,maximize_F1_subject_to_FPR_target,0.0007833920877399138,0.03166971438408809,0.002661350685877452
PRIMARY__CICIDS2017_COVERAGE_R1__Random-Budget__b0.4__seed314,CICIDS2017_COVERAGE_R1,Random-Budget,0.4,314,0.57,maximize_F1_subject_to_FPR_target,0.0006175380815150268,0.028506486295561396,0.0014138425518723963
PRIMARY__CICIDS2017_COVERAGE_R1__Random-Budget__b0.4__seed2718,CICIDS2017_COVERAGE_R1,Random-Budget,0.4,2718,0.52,maximize_F1_subject_to_FPR_target,0.0010801635676259548,0.05571081615709179,0.009581870556539841
PRIMARY__CICIDS2017_COVERAGE_R1__Random-Budget__b0.4__seed9001,CICIDS2017_COVERAGE_R1,Random-Budget,0.4,9001,0.71,maximize_F1_subject_to_FPR_target,0.0020285846011987092,0.05983313121609372,0.004239007437164654
PRIMARY__CICIDS2017_COVERAGE_R1__Random-Budget__b0.4__seed2027,CICIDS2017_COVERAGE_R1,Random-Budget,0.4,2027,0.56,maximize_F1_subject_to_FPR_target,0.001343183344526528,0.05661271539177821,0.0069356411813776015
PRIMARY__CICIDS2017_COVERAGE_R1__Cost-Only__b0.4__seed42,CICIDS2017_COVERAGE_R1,Cost-Only,0.4,42,0.18,maximize_F1_subject_to_FPR_target,0.0005757052389176742,0.030054749790932703,0.011945835465018107
PRIMARY__CICIDS2017_COVERAGE_R1__Cost-Only__b0.4__seed123,CICIDS2017_COVERAGE_R1,Cost-Only,0.4,123,0.7,maximize_F1_subject_to_FPR_target,0.0008250825082508251,0.025241731075471903,0.0013609179643691515
PRIMARY__CICIDS2017_COVERAGE_R1__Cost-Only__b0.4__seed777,CICIDS2017_COVERAGE_R1,Cost-Only,0.4,777,0.44,maximize_F1_subject_to_FPR_target,0.0020651881116997397,0.02729369218055963,0.033012341509762066
PRIMARY__CICIDS2017_COVERAGE_R1__Cost-Only__b0.4__seed2026,CICIDS2017_COVERAGE_R1,Cost-Only,0.4,2026,0.49,maximize_F1_subject_to_FPR_target,0.0008316872855806217,0.030373929388659945,0.0011668611435239206
PRIMARY__CICIDS2017_COVERAGE_R1__Cost-Only__b0.4__seed3407,CICIDS2017_COVERAGE_R1,Cost-Only,0.4,3407,0.67,maximize_F1_subject_to_FPR_target,0.0006297890206780728,0.02686288343040946,0.0009375212643431932
PRIMARY__CICIDS2017_COVERAGE_R1__Cost-Only__b0.4__seed11,CICIDS2017_COVERAGE_R1,Cost-Only,0.4,11,0.53,maximize_F1_subject_to_FPR_target,0.0016946541364966877,0.03493391939318885,0.009624714270232943
PRIMARY__CICIDS2017_COVERAGE_R1__Cost-Only__b0.4__seed314,CICIDS2017_COVERAGE_R1,Cost-Only,0.4,314,0.26,maximize_F1_subject_to_FPR_target,0.0006558989915553005,0.030003807526124394,0.007663984314160352
PRIMARY__CICIDS2017_COVERAGE_R1__Cost-Only__b0.4__seed2718,CICIDS2017_COVERAGE_R1,Cost-Only,0.4,2718,0.68,maximize_F1_subject_to_FPR_target,0.000633245382585752,0.025597567299156614,0.0008064699048113491
PRIMARY__CICIDS2017_COVERAGE_R1__Cost-Only__b0.4__seed9001,CICIDS2017_COVERAGE_R1,Cost-Only,0.4,9001,0.59,maximize_F1_subject_to_FPR_target,0.0012212142358688067,0.05701219676524822,0.005809103533094249
PRIMARY__CICIDS2017_COVERAGE_R1__Cost-Only__b0.4__seed2027,CICIDS2017_COVERAGE_R1,Cost-Only,0.4,2027,0.45,maximize_F1_subject_to_FPR_target,0.0007902015013828526,0.026295997629524413,0.0024395714620543307
PRIMARY__CICIDS2017_COVERAGE_R1__Utility-Only__b0.4__seed42,CICIDS2017_COVERAGE_R1,Utility-Only,0.4,42,0.12,maximize_F1_subject_to_FPR_target,0.0006828851899274435,0.03400244965986539,0.0064492390200382565
PRIMARY__CICIDS2017_COVERAGE_R1__Utility-Only__b0.4__seed123,CICIDS2017_COVERAGE_R1,Utility-Only,0.4,123,0.47,maximize_F1_subject_to_FPR_target,0.03085504064558239,0.03984832030929542,0.0187529455053164
PRIMARY__CICIDS2017_COVERAGE_R1__Utility-Only__b0.4__seed777,CICIDS2017_COVERAGE_R1,Utility-Only,0.4,777,0.28,maximize_F1_subject_to_FPR_target,0.00022848438690022848,0.031562188229684894,0.043108336630619144
PRIMARY__CICIDS2017_COVERAGE_R1__Utility-Only__b0.4__seed2026,CICIDS2017_COVERAGE_R1,Utility-Only,0.4,2026,0.67,maximize_F1_subject_to_FPR_target,0.00042689434364994664,0.029369066663624918,0.0005443671857476606
PRIMARY__CICIDS2017_COVERAGE_R1__Utility-Only__b0.4__seed3407,CICIDS2017_COVERAGE_R1,Utility-Only,0.4,3407,0.87,maximize_F1_subject_to_FPR_target,0.00021666125013541327,0.027736907969247368,0.00019657703929776632
PRIMARY__CICIDS2017_COVERAGE_R1__Utility-Only__b0.4__seed11,CICIDS2017_COVERAGE_R1,Utility-Only,0.4,11,0.47,maximize_F1_subject_to_FPR_target,0.000797257434425576,0.029900492299213606,0.008533459680285087
PRIMARY__CICIDS2017_COVERAGE_R1__Utility-Only__b0.4__seed314,CICIDS2017_COVERAGE_R1,Utility-Only,0.4,314,0.26,maximize_F1_subject_to_FPR_target,0.0004409414099101582,0.03147231718633932,0.022649203232936232
PRIMARY__CICIDS2017_COVERAGE_R1__Utility-Only__b0.4__seed2718,CICIDS2017_COVERAGE_R1,Utility-Only,0.4,2718,0.64,maximize_F1_subject_to_FPR_target,0.0008254230293025176,0.039102964012557986,0.0013508370905590096
PRIMARY__CICIDS2017_COVERAGE_R1__Utility-Only__b0.4__seed9001,CICIDS2017_COVERAGE_R1,Utility-Only,0.4,9001,0.5,maximize_F1_subject_to_FPR_target,0.0008052178114179886,0.03271016405072677,0.00822095259217069
PRIMARY__CICIDS2017_COVERAGE_R1__Utility-Only__b0.4__seed2027,CICIDS2017_COVERAGE_R1,Utility-Only,0.4,2027,0.49,maximize_F1_subject_to_FPR_target,0.0009922041105598866,0.03616431090511663,0.01247760155850309
PRIMARY__CICIDS2017_COVERAGE_R1__Utility-Cost-Ratio__b0.4__seed42,CICIDS2017_COVERAGE_R1,Utility-Cost-Ratio,0.4,42,0.12,maximize_F1_subject_to_FPR_target,0.0006828851899274435,0.03400244965986539,0.0064492390200382565
PRIMARY__CICIDS2017_COVERAGE_R1__Utility-Cost-Ratio__b0.4__seed123,CICIDS2017_COVERAGE_R1,Utility-Cost-Ratio,0.4,123,0.47,maximize_F1_subject_to_FPR_target,0.03085504064558239,0.03984832030929542,0.0187529455053164
PRIMARY__CICIDS2017_COVERAGE_R1__Utility-Cost-Ratio__b0.4__seed777,CICIDS2017_COVERAGE_R1,Utility-Cost-Ratio,0.4,777,0.28,maximize_F1_subject_to_FPR_target,0.00022848438690022848,0.031562188229684894,0.043108336630619144
PRIMARY__CICIDS2017_COVERAGE_R1__Utility-Cost-Ratio__b0.4__seed2026,CICIDS2017_COVERAGE_R1,Utility-Cost-Ratio,0.4,2026,0.75,maximize_F1_subject_to_FPR_target,0.001955729398168726,0.0344746357839057,0.005257175691988982
PRIMARY__CICIDS2017_COVERAGE_R1__Utility-Cost-Ratio__b0.4__seed3407,CICIDS2017_COVERAGE_R1,Utility-Cost-Ratio,0.4,3407,0.87,maximize_F1_subject_to_FPR_target,0.00021666125013541327,0.027736907969247368,0.00019657703929776632
PRIMARY__CICIDS2017_COVERAGE_R1__Utility-Cost-Ratio__b0.4__seed11,CICIDS2017_COVERAGE_R1,Utility-Cost-Ratio,0.4,11,0.47,maximize_F1_subject_to_FPR_target,0.000797257434425576,0.029900492299213606,0.008533459680285087
PRIMARY__CICIDS2017_COVERAGE_R1__Utility-Cost-Ratio__b0.4__seed314,CICIDS2017_COVERAGE_R1,Utility-Cost-Ratio,0.4,314,0.26,maximize_F1_subject_to_FPR_target,0.0004409414099101582,0.03147231718633932,0.022649203232936232
PRIMARY__CICIDS2017_COVERAGE_R1__Utility-Cost-Ratio__b0.4__seed2718,CICIDS2017_COVERAGE_R1,Utility-Cost-Ratio,0.4,2718,0.5,maximize_F1_subject_to_FPR_target,0.3474020216350417,0.10873549450613776,0.02390679224075143
PRIMARY__CICIDS2017_COVERAGE_R1__Utility-Cost-Ratio__b0.4__seed9001,CICIDS2017_COVERAGE_R1,Utility-Cost-Ratio,0.4,9001,0.5,maximize_F1_subject_to_FPR_target,0.0008052178114179886,0.03271016405072677,0.00822095259217069
PRIMARY__CICIDS2017_COVERAGE_R1__Utility-Cost-Ratio__b0.4__seed2027,CICIDS2017_COVERAGE_R1,Utility-Cost-Ratio,0.4,2027,0.49,maximize_F1_subject_to_FPR_target,0.0009922041105598866,0.03616431090511663,0.01247760155850309
PRIMARY__CICIDS2017_COVERAGE_R1__CB-Score__b0.4__seed42,CICIDS2017_COVERAGE_R1,CB-Score,0.4,42,0.12,maximize_F1_subject_to_FPR_target,0.00021563342318059299,0.04022678684071336,0.0003074666512093268
PRIMARY__CICIDS2017_COVERAGE_R1__CB-Score__b0.4__seed123,CICIDS2017_COVERAGE_R1,CB-Score,0.4,123,0.62,maximize_F1_subject_to_FPR_target,0.0006219550119208044,0.029034662468178454,0.001239947478647449
PRIMARY__CICIDS2017_COVERAGE_R1__CB-Score__b0.4__seed777,CICIDS2017_COVERAGE_R1,CB-Score,0.4,777,0.31,maximize_F1_subject_to_FPR_target,0.00039856516540454366,0.02964511015121145,0.014866768651506712
PRIMARY__CICIDS2017_COVERAGE_R1__CB-Score__b0.4__seed2026,CICIDS2017_COVERAGE_R1,CB-Score,0.4,2026,0.51,maximize_F1_subject_to_FPR_target,0.0018758526603001365,0.03276829145362464,0.0064643603307534695
PRIMARY__CICIDS2017_COVERAGE_R1__CB-Score__b0.4__seed3407,CICIDS2017_COVERAGE_R1,CB-Score,0.4,3407,0.84,maximize_F1_subject_to_FPR_target,0.00021649707728945658,0.03402572484174444,0.00021421856846551458
PRIMARY__CICIDS2017_COVERAGE_R1__CB-Score__b0.4__seed11,CICIDS2017_COVERAGE_R1,CB-Score,0.4,11,0.83,maximize_F1_subject_to_FPR_target,0.00021486892995272884,0.028511897196934508,0.0003906338601429972
PRIMARY__CICIDS2017_COVERAGE_R1__CB-Score__b0.4__seed314,CICIDS2017_COVERAGE_R1,CB-Score,0.4,314,0.28,maximize_F1_subject_to_FPR_target,0.0005139186295503212,0.03669712834112292,0.006350950500389373
PRIMARY__CICIDS2017_COVERAGE_R1__CB-Score__b0.4__seed2718,CICIDS2017_COVERAGE_R1,CB-Score,0.4,2718,0.48,maximize_F1_subject_to_FPR_target,0.0029948659440958356,0.03876614680181672,0.012225579713249545
PRIMARY__CICIDS2017_COVERAGE_R1__CB-Score__b0.4__seed9001,CICIDS2017_COVERAGE_R1,CB-Score,0.4,9001,0.36,maximize_F1_subject_to_FPR_target,0.0004945598417408506,0.030270728140050863,0.007502690333198081
PRIMARY__CICIDS2017_COVERAGE_R1__CB-Score__b0.4__seed2027,CICIDS2017_COVERAGE_R1,CB-Score,0.4,2027,0.5,maximize_F1_subject_to_FPR_target,0.0009640102827763496,0.03204177518488535,0.008291518708841683
PRIMARY__CICIDS2017_COVERAGE_R1__Historical-DoubleCost__b0.4__seed42,CICIDS2017_COVERAGE_R1,Historical-DoubleCost,0.4,42,0.12,maximize_F1_subject_to_FPR_target,0.00021563342318059299,0.04022678684071336,0.0003074666512093268
PRIMARY__CICIDS2017_COVERAGE_R1__Historical-DoubleCost__b0.4__seed123,CICIDS2017_COVERAGE_R1,Historical-DoubleCost,0.4,123,0.68,maximize_F1_subject_to_FPR_target,0.0006321778527025603,0.0278128575429995,0.0008467934000519165
PRIMARY__CICIDS2017_COVERAGE_R1__Historical-DoubleCost__b0.4__seed777,CICIDS2017_COVERAGE_R1,Historical-DoubleCost,0.4,777,0.2,maximize_F1_subject_to_FPR_target,0.00028129395218002813,0.02897347333097854,0.04859989263869392
PRIMARY__CICIDS2017_COVERAGE_R1__Historical-DoubleCost__b0.4__seed2026,CICIDS2017_COVERAGE_R1,Historical-DoubleCost,0.4,2026,0.58,maximize_F1_subject_to_FPR_target,0.00041736227045075126,0.03256015389425779,0.0010836939345902502
PRIMARY__CICIDS2017_COVERAGE_R1__Historical-DoubleCost__b0.4__seed3407,CICIDS2017_COVERAGE_R1,Historical-DoubleCost,0.4,3407,0.62,maximize_F1_subject_to_FPR_target,0.0006195786864931846,0.030945239007372616,0.0013331955613912613
PRIMARY__CICIDS2017_COVERAGE_R1__Historical-DoubleCost__b0.4__seed11,CICIDS2017_COVERAGE_R1,Historical-DoubleCost,0.4,11,0.55,maximize_F1_subject_to_FPR_target,0.0006158267474083958,0.028308173828018826,0.001481888450090854
PRIMARY__CICIDS2017_COVERAGE_R1__Historical-DoubleCost__b0.4__seed314,CICIDS2017_COVERAGE_R1,Historical-DoubleCost,0.4,314,0.28,maximize_F1_subject_to_FPR_target,0.0005139186295503212,0.03669712834112292,0.006350950500389373
PRIMARY__CICIDS2017_COVERAGE_R1__Historical-DoubleCost__b0.4__seed2718,CICIDS2017_COVERAGE_R1,Historical-DoubleCost,0.4,2718,0.48,maximize_F1_subject_to_FPR_target,0.0029948659440958356,0.03876614680181672,0.012225579713249545
PRIMARY__CICIDS2017_COVERAGE_R1__Historical-DoubleCost__b0.4__seed9001,CICIDS2017_COVERAGE_R1,Historical-DoubleCost,0.4,9001,0.36,maximize_F1_subject_to_FPR_target,0.0004945598417408506,0.030270728140050863,0.007502690333198081
PRIMARY__CICIDS2017_COVERAGE_R1__Historical-DoubleCost__b0.4__seed2027,CICIDS2017_COVERAGE_R1,Historical-DoubleCost,0.4,2027,0.5,maximize_F1_subject_to_FPR_target,0.0009640102827763496,0.03204177518488535,0.008291518708841683
PRIMARY__CICIDS2017_COVERAGE_R1__Oort-Style-Adapted__b0.4__seed42,CICIDS2017_COVERAGE_R1,Oort-Style-Adapted,0.4,42,0.18,maximize_F1_subject_to_FPR_target,0.0007434944237918215,0.03559554549236798,0.0040424303978668875
PRIMARY__CICIDS2017_COVERAGE_R1__Oort-Style-Adapted__b0.4__seed123,CICIDS2017_COVERAGE_R1,Oort-Style-Adapted,0.4,123,0.6,maximize_F1_subject_to_FPR_target,0.0008249974218830566,0.027962333798206583,0.001363438182821687
PRIMARY__CICIDS2017_COVERAGE_R1__Oort-Style-Adapted__b0.4__seed777,CICIDS2017_COVERAGE_R1,Oort-Style-Adapted,0.4,777,0.31,maximize_F1_subject_to_FPR_target,0.00021616947686986597,0.031573471929489345,0.0468785834356122
PRIMARY__CICIDS2017_COVERAGE_R1__Oort-Style-Adapted__b0.4__seed2026,CICIDS2017_COVERAGE_R1,Oort-Style-Adapted,0.4,2026,0.1,maximize_F1_subject_to_FPR_target,0.0005499541704857929,0.0380775772664671,0.0044229833841997425
PRIMARY__CICIDS2017_COVERAGE_R1__Oort-Style-Adapted__b0.4__seed3407,CICIDS2017_COVERAGE_R1,Oort-Style-Adapted,0.4,3407,0.66,maximize_F1_subject_to_FPR_target,0.0006289967501834574,0.03352912488146702,0.0009677638857736189
PRIMARY__CICIDS2017_COVERAGE_R1__Oort-Style-Adapted__b0.4__seed11,CICIDS2017_COVERAGE_R1,Oort-Style-Adapted,0.4,11,0.47,maximize_F1_subject_to_FPR_target,0.000797257434425576,0.029900492299213606,0.008533459680285087
PRIMARY__CICIDS2017_COVERAGE_R1__Oort-Style-Adapted__b0.4__seed314,CICIDS2017_COVERAGE_R1,Oort-Style-Adapted,0.4,314,0.37,maximize_F1_subject_to_FPR_target,0.0005276766397551581,0.02789801445002095,0.024683019524132353
PRIMARY__CICIDS2017_COVERAGE_R1__Oort-Style-Adapted__b0.4__seed2718,CICIDS2017_COVERAGE_R1,Oort-Style-Adapted,0.4,2718,0.69,maximize_F1_subject_to_FPR_target,0.0008048289738430583,0.03592598445620802,0.001975851266787805
PRIMARY__CICIDS2017_COVERAGE_R1__Oort-Style-Adapted__b0.4__seed9001,CICIDS2017_COVERAGE_R1,Oort-Style-Adapted,0.4,9001,0.26,maximize_F1_subject_to_FPR_target,0.0005036091992613732,0.05066385269812357,0.00695328271054535
PRIMARY__CICIDS2017_COVERAGE_R1__Oort-Style-Adapted__b0.4__seed2027,CICIDS2017_COVERAGE_R1,Oort-Style-Adapted,0.4,2027,0.54,maximize_F1_subject_to_FPR_target,0.001160669872326314,0.031993194192295536,0.007316194167710457
PRIMARY__CICIDS2017_COVERAGE_R1__Oracle-Score-Exact__b0.4__seed42,CICIDS2017_COVERAGE_R1,Oracle-Score-Exact,0.4,42,0.1,maximize_F1_subject_to_FPR_target,0.0003655193420651843,0.03116970038844175,0.018296785965407483
PRIMARY__CICIDS2017_COVERAGE_R1__Oracle-Score-Exact__b0.4__seed123,CICIDS2017_COVERAGE_R1,Oracle-Score-Exact,0.4,123,0.82,maximize_F1_subject_to_FPR_target,0.0008326394671107411,0.026594656777225948,0.0011391387405460306
PRIMARY__CICIDS2017_COVERAGE_R1__Oracle-Score-Exact__b0.4__seed777,CICIDS2017_COVERAGE_R1,Oracle-Score-Exact,0.4,777,0.31,maximize_F1_subject_to_FPR_target,0.0010379904504878555,0.02749643405823326,0.049736511160787415
PRIMARY__CICIDS2017_COVERAGE_R1__Oracle-Score-Exact__b0.4__seed2026,CICIDS2017_COVERAGE_R1,Oracle-Score-Exact,0.4,2026,0.58,maximize_F1_subject_to_FPR_target,0.00042074261070789944,0.03112108563279115,0.0008896371137450195
PRIMARY__CICIDS2017_COVERAGE_R1__Oracle-Score-Exact__b0.4__seed3407,CICIDS2017_COVERAGE_R1,Oracle-Score-Exact,0.4,3407,0.66,maximize_F1_subject_to_FPR_target,0.00030118969931228353,0.026545898029244185,0.027132671859996824
PRIMARY__CICIDS2017_COVERAGE_R1__Oracle-Score-Exact__b0.4__seed11,CICIDS2017_COVERAGE_R1,Oracle-Score-Exact,0.4,11,0.52,maximize_F1_subject_to_FPR_target,0.0002039983680130559,0.02658832035062909,0.02634636370280576
PRIMARY__CICIDS2017_COVERAGE_R1__Oracle-Score-Exact__b0.4__seed314,CICIDS2017_COVERAGE_R1,Oracle-Score-Exact,0.4,314,0.5,maximize_F1_subject_to_FPR_target,0.0006048996874684948,0.02647454523369043,0.0019254468977370957
PRIMARY__CICIDS2017_COVERAGE_R1__Oracle-Score-Exact__b0.4__seed2718,CICIDS2017_COVERAGE_R1,Oracle-Score-Exact,0.4,2718,0.81,maximize_F1_subject_to_FPR_target,0.0007952286282306163,0.03127779239990434,0.002278277481092061
PRIMARY__CICIDS2017_COVERAGE_R1__Oracle-Score-Exact__b0.4__seed9001,CICIDS2017_COVERAGE_R1,Oracle-Score-Exact,0.4,9001,0.51,maximize_F1_subject_to_FPR_target,0.00041177681696520483,0.0392999255647101,0.0014113223334198607
PRIMARY__CICIDS2017_COVERAGE_R1__Oracle-Score-Exact__b0.4__seed2027,CICIDS2017_COVERAGE_R1,Oracle-Score-Exact,0.4,2027,0.79,maximize_F1_subject_to_FPR_target,0.0008400714060695159,0.030617799401366927,0.0009249201720805159
PRIMARY__CICIDS2017_COVERAGE_R1__Random-Budget__b0.6__seed42,CICIDS2017_COVERAGE_R1,Random-Budget,0.6,42,0.75,maximize_F1_subject_to_FPR_target,0.0006310475389145982,0.0362436302982172,0.0008896371137450195
PRIMARY__CICIDS2017_COVERAGE_R1__Random-Budget__b0.6__seed123,CICIDS2017_COVERAGE_R1,Random-Budget,0.6,123,0.5,maximize_F1_subject_to_FPR_target,0.0011727257497068187,0.03364621143402223,0.0070036870795960595
PRIMARY__CICIDS2017_COVERAGE_R1__Random-Budget__b0.6__seed777,CICIDS2017_COVERAGE_R1,Random-Budget,0.6,777,0.86,maximize_F1_subject_to_FPR_target,0.00021600604816934875,0.029630894594764395,0.00026714315596875935
PRIMARY__CICIDS2017_COVERAGE_R1__Random-Budget__b0.6__seed2026,CICIDS2017_COVERAGE_R1,Random-Budget,0.6,2026,0.49,maximize_F1_subject_to_FPR_target,0.0008368200836820083,0.03167103215961643,0.0010181682548243282
PRIMARY__CICIDS2017_COVERAGE_R1__Random-Budget__b0.6__seed3407,CICIDS2017_COVERAGE_R1,Random-Budget,0.6,3407,0.75,maximize_F1_subject_to_FPR_target,0.0006280749502773998,0.032739941476796194,0.0010030469441091154
PRIMARY__CICIDS2017_COVERAGE_R1__Random-Budget__b0.6__seed11,CICIDS2017_COVERAGE_R1,Random-Budget,0.6,11,0.67,maximize_F1_subject_to_FPR_target,0.0007701193685021178,0.03354844446809518,0.0031049091335236937
PRIMARY__CICIDS2017_COVERAGE_R1__Random-Budget__b0.6__seed314,CICIDS2017_COVERAGE_R1,Random-Budget,0.6,314,0.53,maximize_F1_subject_to_FPR_target,0.0004131804565644045,0.035817934154338614,0.0013281551244861904
PRIMARY__CICIDS2017_COVERAGE_R1__Random-Budget__b0.6__seed2718,CICIDS2017_COVERAGE_R1,Random-Budget,0.6,2718,0.87,maximize_F1_subject_to_FPR_target,0.0008353346559465386,0.04465523297588121,0.0010610119685174311
PRIMARY__CICIDS2017_COVERAGE_R1__Random-Budget__b0.6__seed9001,CICIDS2017_COVERAGE_R1,Random-Budget,0.6,9001,0.54,maximize_F1_subject_to_FPR_target,0.0015719151165837044,0.052542149840502546,0.005771300256306217
PRIMARY__CICIDS2017_COVERAGE_R1__Random-Budget__b0.6__seed2027,CICIDS2017_COVERAGE_R1,Random-Budget,0.6,2027,0.53,maximize_F1_subject_to_FPR_target,0.002121236844252264,0.047408323112111635,0.00779251545523966
PRIMARY__CICIDS2017_COVERAGE_R1__Cost-Only__b0.6__seed42,CICIDS2017_COVERAGE_R1,Cost-Only,0.6,42,0.23,maximize_F1_subject_to_FPR_target,0.0006887052341597796,0.03163842855739527,0.006199737393237246
PRIMARY__CICIDS2017_COVERAGE_R1__Cost-Only__b0.6__seed123,CICIDS2017_COVERAGE_R1,Cost-Only,0.6,123,0.67,maximize_F1_subject_to_FPR_target,0.0008373456144023446,0.025738720933473732,0.0010030469441091154
PRIMARY__CICIDS2017_COVERAGE_R1__Cost-Only__b0.6__seed777,CICIDS2017_COVERAGE_R1,Cost-Only,0.6,777,0.41,maximize_F1_subject_to_FPR_target,0.0002897291032884253,0.027672896691969304,0.046513151759994556
PRIMARY__CICIDS2017_COVERAGE_R1__Cost-Only__b0.6__seed2026,CICIDS2017_COVERAGE_R1,Cost-Only,0.6,2026,0.49,maximize_F1_subject_to_FPR_target,0.0008236384227324205,0.02913457218222075,0.0014037616780622545
PRIMARY__CICIDS2017_COVERAGE_R1__Cost-Only__b0.6__seed3407,CICIDS2017_COVERAGE_R1,Cost-Only,0.6,3407,0.51,maximize_F1_subject_to_FPR_target,0.0008081624406505708,0.02799203094368721,0.0018725223102338511
PRIMARY__CICIDS2017_COVERAGE_R1__Cost-Only__b0.6__seed11,CICIDS2017_COVERAGE_R1,Cost-Only,0.6,11,0.56,maximize_F1_subject_to_FPR_target,0.0006185726436248357,0.027719817811447847,0.009518865095226455
PRIMARY__CICIDS2017_COVERAGE_R1__Cost-Only__b0.6__seed314,CICIDS2017_COVERAGE_R1,Cost-Only,0.6,314,0.27,maximize_F1_subject_to_FPR_target,0.0005691114747101089,0.029682260601269675,0.012351590635876318
PRIMARY__CICIDS2017_COVERAGE_R1__Cost-Only__b0.6__seed2718,CICIDS2017_COVERAGE_R1,Cost-Only,0.6,2718,0.61,maximize_F1_subject_to_FPR_target,0.0007911392405063291,0.03080397681248594,0.002409328840623905
PRIMARY__CICIDS2017_COVERAGE_R1__Cost-Only__b0.6__seed9001,CICIDS2017_COVERAGE_R1,Cost-Only,0.6,9001,0.54,maximize_F1_subject_to_FPR_target,0.0019753973242345336,0.05597634066828011,0.004974911225305009
PRIMARY__CICIDS2017_COVERAGE_R1__Cost-Only__b0.6__seed2027,CICIDS2017_COVERAGE_R1,Cost-Only,0.6,2027,0.78,maximize_F1_subject_to_FPR_target,0.000833941415615553,0.03287764656420099,0.0011013354637579985
PRIMARY__CICIDS2017_COVERAGE_R1__Utility-Only__b0.6__seed42,CICIDS2017_COVERAGE_R1,Utility-Only,0.6,42,0.08,maximize_F1_subject_to_FPR_target,0.0005565346442816065,0.037394447214842245,0.004097875203822667
PRIMARY__CICIDS2017_COVERAGE_R1__Utility-Only__b0.6__seed123,CICIDS2017_COVERAGE_R1,Utility-Only,0.6,123,0.77,maximize_F1_subject_to_FPR_target,0.0008340283569641367,0.02728895403309431,0.0010988152453054632
PRIMARY__CICIDS2017_COVERAGE_R1__Utility-Only__b0.6__seed777,CICIDS2017_COVERAGE_R1,Utility-Only,0.6,777,0.83,maximize_F1_subject_to_FPR_target,0.0002151462994836489,0.029529353859462513,0.00036039123871257163
PRIMARY__CICIDS2017_COVERAGE_R1__Utility-Only__b0.6__seed2026,CICIDS2017_COVERAGE_R1,Utility-Only,0.6,2026,0.48,maximize_F1_subject_to_FPR_target,0.0008148299042574863,0.03340732699914854,0.0016683846155784784
PRIMARY__CICIDS2017_COVERAGE_R1__Utility-Only__b0.6__seed3407,CICIDS2017_COVERAGE_R1,Utility-Only,0.6,3407,0.93,maximize_F1_subject_to_FPR_target,0.0008019246190858059,0.03837450489624045,0.002066579131079082
PRIMARY__CICIDS2017_COVERAGE_R1__Utility-Only__b0.6__seed11,CICIDS2017_COVERAGE_R1,Utility-Only,0.6,11,0.29,maximize_F1_subject_to_FPR_target,0.00054249547920434,0.030838913258759777,0.004801016152080062
PRIMARY__CICIDS2017_COVERAGE_R1__Utility-Only__b0.6__seed314,CICIDS2017_COVERAGE_R1,Utility-Only,0.6,314,0.61,maximize_F1_subject_to_FPR_target,0.0006163328197226503,0.025957817085645367,0.0014617267024705702
PRIMARY__CICIDS2017_COVERAGE_R1__Utility-Only__b0.6__seed2718,CICIDS2017_COVERAGE_R1,Utility-Only,0.6,2718,0.49,maximize_F1_subject_to_FPR_target,0.0009166502979113468,0.050140211151527773,0.015408615618801838
PRIMARY__CICIDS2017_COVERAGE_R1__Utility-Only__b0.6__seed9001,CICIDS2017_COVERAGE_R1,Utility-Only,0.6,9001,0.9,maximize_F1_subject_to_FPR_target,0.00021429336762027214,0.02946604685312946,0.00045363932145638385
PRIMARY__CICIDS2017_COVERAGE_R1__Utility-Only__b0.6__seed2027,CICIDS2017_COVERAGE_R1,Utility-Only,0.6,2027,0.56,maximize_F1_subject_to_FPR_target,0.0018545056056646716,0.04971982933606906,0.006804589821845758
PRIMARY__CICIDS2017_COVERAGE_R1__Utility-Cost-Ratio__b0.6__seed42,CICIDS2017_COVERAGE_R1,Utility-Cost-Ratio,0.6,42,0.08,maximize_F1_subject_to_FPR_target,0.0005565346442816065,0.037394447214842245,0.004097875203822667
PRIMARY__CICIDS2017_COVERAGE_R1__Utility-Cost-Ratio__b0.6__seed123,CICIDS2017_COVERAGE_R1,Utility-Cost-Ratio,0.6,123,0.77,maximize_F1_subject_to_FPR_target,0.0008340283569641367,0.02728895403309431,0.0010988152453054632
PRIMARY__CICIDS2017_COVERAGE_R1__Utility-Cost-Ratio__b0.6__seed777,CICIDS2017_COVERAGE_R1,Utility-Cost-Ratio,0.6,777,0.83,maximize_F1_subject_to_FPR_target,0.0002151462994836489,0.029529353859462513,0.00036039123871257163
PRIMARY__CICIDS2017_COVERAGE_R1__Utility-Cost-Ratio__b0.6__seed2026,CICIDS2017_COVERAGE_R1,Utility-Cost-Ratio,0.6,2026,0.48,maximize_F1_subject_to_FPR_target,0.0008148299042574863,0.03340732699914854,0.0016683846155784784
PRIMARY__CICIDS2017_COVERAGE_R1__Utility-Cost-Ratio__b0.6__seed3407,CICIDS2017_COVERAGE_R1,Utility-Cost-Ratio,0.6,3407,0.93,maximize_F1_subject_to_FPR_target,0.0008019246190858059,0.03837450489624045,0.002066579131079082
PRIMARY__CICIDS2017_COVERAGE_R1__Utility-Cost-Ratio__b0.6__seed11,CICIDS2017_COVERAGE_R1,Utility-Cost-Ratio,0.6,11,0.29,maximize_F1_subject_to_FPR_target,0.00054249547920434,0.030838913258759777,0.004801016152080062
PRIMARY__CICIDS2017_COVERAGE_R1__Utility-Cost-Ratio__b0.6__seed314,CICIDS2017_COVERAGE_R1,Utility-Cost-Ratio,0.6,314,0.61,maximize_F1_subject_to_FPR_target,0.0006163328197226503,0.025957817085645367,0.0014617267024705702
PRIMARY__CICIDS2017_COVERAGE_R1__Utility-Cost-Ratio__b0.6__seed2718,CICIDS2017_COVERAGE_R1,Utility-Cost-Ratio,0.6,2718,0.49,maximize_F1_subject_to_FPR_target,0.0009166502979113468,0.050140211151527773,0.015408615618801838
PRIMARY__CICIDS2017_COVERAGE_R1__Utility-Cost-Ratio__b0.6__seed9001,CICIDS2017_COVERAGE_R1,Utility-Cost-Ratio,0.6,9001,0.9,maximize_F1_subject_to_FPR_target,0.00021429336762027214,0.02946604685312946,0.00045363932145638385
PRIMARY__CICIDS2017_COVERAGE_R1__Utility-Cost-Ratio__b0.6__seed2027,CICIDS2017_COVERAGE_R1,Utility-Cost-Ratio,0.6,2027,0.56,maximize_F1_subject_to_FPR_target,0.0018464120856063785,0.03917982708896974,0.0069356411813776015
PRIMARY__CICIDS2017_COVERAGE_R1__CB-Score__b0.6__seed42,CICIDS2017_COVERAGE_R1,CB-Score,0.6,42,0.68,maximize_F1_subject_to_FPR_target,0.0006368074718743367,0.026475674036226516,0.0006728983268269694
PRIMARY__CICIDS2017_COVERAGE_R1__CB-Score__b0.6__seed123,CICIDS2017_COVERAGE_R1,CB-Score,0.6,123,0.8,maximize_F1_subject_to_FPR_target,0.0008445054365037475,0.026499226812454108,0.0007989092494537427
PRIMARY__CICIDS2017_COVERAGE_R1__CB-Score__b0.6__seed777,CICIDS2017_COVERAGE_R1,CB-Score,0.6,777,0.41,maximize_F1_subject_to_FPR_target,0.00021255491001842143,0.029216653258619746,0.048068126545208936
PRIMARY__CICIDS2017_COVERAGE_R1__CB-Score__b0.6__seed2026,CICIDS2017_COVERAGE_R1,CB-Score,0.6,2026,0.5,maximize_F1_subject_to_FPR_target,0.0018129377832715287,0.03418622292625525,0.0074900892409354046
PRIMARY__CICIDS2017_COVERAGE_R1__CB-Score__b0.6__seed3407,CICIDS2017_COVERAGE_R1,CB-Score,0.6,3407,0.76,maximize_F1_subject_to_FPR_target,0.0006293266205160479,0.034198605063823065,0.0009551627935109415
PRIMARY__CICIDS2017_COVERAGE_R1__CB-Score__b0.6__seed11,CICIDS2017_COVERAGE_R1,CB-Score,0.6,11,0.69,maximize_F1_subject_to_FPR_target,0.0006085809919870169,0.028428435718245,0.001774233790584968
PRIMARY__CICIDS2017_COVERAGE_R1__CB-Score__b0.6__seed314,CICIDS2017_COVERAGE_R1,CB-Score,0.6,314,0.56,maximize_F1_subject_to_FPR_target,0.00060234916173075,0.027563986807140586,0.0020312960727435856
PRIMARY__CICIDS2017_COVERAGE_R1__CB-Score__b0.6__seed2718,CICIDS2017_COVERAGE_R1,CB-Score,0.6,2718,0.77,maximize_F1_subject_to_FPR_target,0.0008389261744966443,0.0346203664836411,0.000957683011963477
PRIMARY__CICIDS2017_COVERAGE_R1__CB-Score__b0.6__seed9001,CICIDS2017_COVERAGE_R1,CB-Score,0.6,9001,0.88,maximize_F1_subject_to_FPR_target,0.0006321778527025603,0.03265623094110377,0.0008467934000519165
PRIMARY__CICIDS2017_COVERAGE_R1__CB-Score__b0.6__seed2027,CICIDS2017_COVERAGE_R1,CB-Score,0.6,2027,0.95,maximize_F1_subject_to_FPR_target,0.0008345503859795535,0.03635241434865364,0.0010836939345902502
PRIMARY__CICIDS2017_COVERAGE_R1__Historical-DoubleCost__b0.6__seed42,CICIDS2017_COVERAGE_R1,Historical-DoubleCost,0.6,42,0.68,maximize_F1_subject_to_FPR_target,0.0006368074718743367,0.026475674036226516,0.0006728983268269694
PRIMARY__CICIDS2017_COVERAGE_R1__Historical-DoubleCost__b0.6__seed123,CICIDS2017_COVERAGE_R1,Historical-DoubleCost,0.6,123,0.8,maximize_F1_subject_to_FPR_target,0.0008445054365037475,0.026499226812454108,0.0007989092494537427
PRIMARY__CICIDS2017_COVERAGE_R1__Historical-DoubleCost__b0.6__seed777,CICIDS2017_COVERAGE_R1,Historical-DoubleCost,0.6,777,0.41,maximize_F1_subject_to_FPR_target,0.00021255491001842143,0.029216653258619746,0.048068126545208936
PRIMARY__CICIDS2017_COVERAGE_R1__Historical-DoubleCost__b0.6__seed2026,CICIDS2017_COVERAGE_R1,Historical-DoubleCost,0.6,2026,0.5,maximize_F1_subject_to_FPR_target,0.0018129377832715287,0.03418622292625525,0.0074900892409354046
PRIMARY__CICIDS2017_COVERAGE_R1__Historical-DoubleCost__b0.6__seed3407,CICIDS2017_COVERAGE_R1,Historical-DoubleCost,0.6,3407,0.76,maximize_F1_subject_to_FPR_target,0.0006293266205160479,0.034198605063823065,0.0009551627935109415
PRIMARY__CICIDS2017_COVERAGE_R1__Historical-DoubleCost__b0.6__seed11,CICIDS2017_COVERAGE_R1,Historical-DoubleCost,0.6,11,0.69,maximize_F1_subject_to_FPR_target,0.0006085809919870169,0.028428435718245,0.001774233790584968
PRIMARY__CICIDS2017_COVERAGE_R1__Historical-DoubleCost__b0.6__seed314,CICIDS2017_COVERAGE_R1,Historical-DoubleCost,0.6,314,0.56,maximize_F1_subject_to_FPR_target,0.00060234916173075,0.027563986807140586,0.0020312960727435856
PRIMARY__CICIDS2017_COVERAGE_R1__Historical-DoubleCost__b0.6__seed2718,CICIDS2017_COVERAGE_R1,Historical-DoubleCost,0.6,2718,0.77,maximize_F1_subject_to_FPR_target,0.0008389261744966443,0.0346203664836411,0.000957683011963477
PRIMARY__CICIDS2017_COVERAGE_R1__Historical-DoubleCost__b0.6__seed9001,CICIDS2017_COVERAGE_R1,Historical-DoubleCost,0.6,9001,0.88,maximize_F1_subject_to_FPR_target,0.0006321778527025603,0.03265623094110377,0.0008467934000519165
PRIMARY__CICIDS2017_COVERAGE_R1__Historical-DoubleCost__b0.6__seed2027,CICIDS2017_COVERAGE_R1,Historical-DoubleCost,0.6,2027,0.95,maximize_F1_subject_to_FPR_target,0.0008345503859795535,0.03635241434865364,0.0010836939345902502
PRIMARY__CICIDS2017_COVERAGE_R1__Oort-Style-Adapted__b0.6__seed42,CICIDS2017_COVERAGE_R1,Oort-Style-Adapted,0.6,42,0.12,maximize_F1_subject_to_FPR_target,0.0002161227577263886,0.03935346311280832,0.00025454206370608204
PRIMARY__CICIDS2017_COVERAGE_R1__Oort-Style-Adapted__b0.6__seed123,CICIDS2017_COVERAGE_R1,Oort-Style-Adapted,0.6,123,0.75,maximize_F1_subject_to_FPR_target,0.0008361204013377926,0.0335943404877918,0.0010383300024446119
PRIMARY__CICIDS2017_COVERAGE_R1__Oort-Style-Adapted__b0.6__seed777,CICIDS2017_COVERAGE_R1,Oort-Style-Adapted,0.6,777,0.48,maximize_F1_subject_to_FPR_target,0.002219509488403063,0.031137180167573865,0.02230393330493887
PRIMARY__CICIDS2017_COVERAGE_R1__Oort-Style-Adapted__b0.6__seed2026,CICIDS2017_COVERAGE_R1,Oort-Style-Adapted,0.6,2026,0.58,maximize_F1_subject_to_FPR_target,0.00082423243354626,0.03201887047617471,0.0013861201488945061
PRIMARY__CICIDS2017_COVERAGE_R1__Oort-Style-Adapted__b0.6__seed3407,CICIDS2017_COVERAGE_R1,Oort-Style-Adapted,0.6,3407,0.78,maximize_F1_subject_to_FPR_target,0.0006319780914261639,0.02685897839512076,0.0008543540554095229
PRIMARY__CICIDS2017_COVERAGE_R1__Oort-Style-Adapted__b0.6__seed11,CICIDS2017_COVERAGE_R1,Oort-Style-Adapted,0.6,11,0.29,maximize_F1_subject_to_FPR_target,0.00054249547920434,0.030838913258759777,0.004801016152080062
PRIMARY__CICIDS2017_COVERAGE_R1__Oort-Style-Adapted__b0.6__seed314,CICIDS2017_COVERAGE_R1,Oort-Style-Adapted,0.6,314,0.32,maximize_F1_subject_to_FPR_target,0.0004864601913410086,0.031780359465875416,0.008011774460610245
PRIMARY__CICIDS2017_COVERAGE_R1__Oort-Style-Adapted__b0.6__seed2718,CICIDS2017_COVERAGE_R1,Oort-Style-Adapted,0.6,2718,0.5,maximize_F1_subject_to_FPR_target,0.001227473079283602,0.041727216440508086,0.02207711364421068
PRIMARY__CICIDS2017_COVERAGE_R1__Oort-Style-Adapted__b0.6__seed9001,CICIDS2017_COVERAGE_R1,Oort-Style-Adapted,0.6,9001,0.85,maximize_F1_subject_to_FPR_target,0.0002114388413151496,0.030007102017425628,0.0007711868464758525
PRIMARY__CICIDS2017_COVERAGE_R1__Oort-Style-Adapted__b0.6__seed2027,CICIDS2017_COVERAGE_R1,Oort-Style-Adapted,0.6,2027,0.81,maximize_F1_subject_to_FPR_target,0.0008000800080008001,0.036312294872619846,0.0021245441554873976
PRIMARY__CICIDS2017_COVERAGE_R1__Oracle-Score-Exact__b0.6__seed42,CICIDS2017_COVERAGE_R1,Oracle-Score-Exact,0.6,42,0.76,maximize_F1_subject_to_FPR_target,0.0006310475389145982,0.028266759528158904,0.0008896371137450195
PRIMARY__CICIDS2017_COVERAGE_R1__Oracle-Score-Exact__b0.6__seed123,CICIDS2017_COVERAGE_R1,Oracle-Score-Exact,0.6,123,0.74,maximize_F1_subject_to_FPR_target,0.0008330729980214516,0.02746986690062111,0.0011265376482833532
PRIMARY__CICIDS2017_COVERAGE_R1__Oracle-Score-Exact__b0.6__seed777,CICIDS2017_COVERAGE_R1,Oracle-Score-Exact,0.6,777,0.88,maximize_F1_subject_to_FPR_target,0.0007075263111346954,0.03153079747780716,0.005420989891403787
PRIMARY__CICIDS2017_COVERAGE_R1__Oracle-Score-Exact__b0.6__seed2026,CICIDS2017_COVERAGE_R1,Oracle-Score-Exact,0.6,2026,0.48,maximize_F1_subject_to_FPR_target,0.0011283851554663993,0.031374615757233326,0.01711480351116835
PRIMARY__CICIDS2017_COVERAGE_R1__Oracle-Score-Exact__b0.6__seed3407,CICIDS2017_COVERAGE_R1,Oracle-Score-Exact,0.6,3407,0.75,maximize_F1_subject_to_FPR_target,0.0006363347120585428,0.033766678179809495,0.0006905398559947176
PRIMARY__CICIDS2017_COVERAGE_R1__Oracle-Score-Exact__b0.6__seed11,CICIDS2017_COVERAGE_R1,Oracle-Score-Exact,0.6,11,0.73,maximize_F1_subject_to_FPR_target,0.00020650490449148167,0.028829006361677588,0.0013407562167488678
PRIMARY__CICIDS2017_COVERAGE_R1__Oracle-Score-Exact__b0.6__seed314,CICIDS2017_COVERAGE_R1,Oracle-Score-Exact,0.6,314,0.6,maximize_F1_subject_to_FPR_target,0.0005973715651135006,0.026218189210191138,0.002240474204304029
PRIMARY__CICIDS2017_COVERAGE_R1__Oracle-Score-Exact__b0.6__seed2718,CICIDS2017_COVERAGE_R1,Oracle-Score-Exact,0.6,2718,0.77,maximize_F1_subject_to_FPR_target,0.0008389261744966443,0.0346203664836411,0.000957683011963477
PRIMARY__CICIDS2017_COVERAGE_R1__Oracle-Score-Exact__b0.6__seed9001,CICIDS2017_COVERAGE_R1,Oracle-Score-Exact,0.6,9001,0.88,maximize_F1_subject_to_FPR_target,0.0006321778527025603,0.03265623094110377,0.0008467934000519165
PRIMARY__CICIDS2017_COVERAGE_R1__Oracle-Score-Exact__b0.6__seed2027,CICIDS2017_COVERAGE_R1,Oracle-Score-Exact,0.6,2027,0.95,maximize_F1_subject_to_FPR_target,0.0008345503859795535,0.03635241434865364,0.0010836939345902502
PRIMARY__CICIDS2017_COVERAGE_R1__Random-Budget__b0.8__seed42,CICIDS2017_COVERAGE_R1,Random-Budget,0.8,42,0.67,maximize_F1_subject_to_FPR_target,0.0008338544923910778,0.03270484081941172,0.001103855682210534
PRIMARY__CICIDS2017_COVERAGE_R1__Random-Budget__b0.8__seed123,CICIDS2017_COVERAGE_R1,Random-Budget,0.8,123,0.77,maximize_F1_subject_to_FPR_target,0.00083629521220991,0.031835028714747755,0.001033289565539541
PRIMARY__CICIDS2017_COVERAGE_R1__Random-Budget__b0.8__seed777,CICIDS2017_COVERAGE_R1,Random-Budget,0.8,777,0.53,maximize_F1_subject_to_FPR_target,0.0006253908692933083,0.030132979147622026,0.0011063759006630695
PRIMARY__CICIDS2017_COVERAGE_R1__Random-Budget__b0.8__seed2026,CICIDS2017_COVERAGE_R1,Random-Budget,0.8,2026,0.64,maximize_F1_subject_to_FPR_target,0.0008447729672650475,0.031049842557316513,0.0007913485940961362
PRIMARY__CICIDS2017_COVERAGE_R1__Random-Budget__b0.8__seed3407,CICIDS2017_COVERAGE_R1,Random-Budget,0.8,3407,0.75,maximize_F1_subject_to_FPR_target,0.0006355258976803305,0.03840467589745695,0.0007207824774251433
PRIMARY__CICIDS2017_COVERAGE_R1__Random-Budget__b0.8__seed11,CICIDS2017_COVERAGE_R1,Random-Budget,0.8,11,0.8,maximize_F1_subject_to_FPR_target,0.0008062078000604656,0.03306702398078152,0.0019330075530947022
PRIMARY__CICIDS2017_COVERAGE_R1__Random-Budget__b0.8__seed314,CICIDS2017_COVERAGE_R1,Random-Budget,0.8,314,0.64,maximize_F1_subject_to_FPR_target,0.0006240898689411275,0.035955935194337846,0.0011567802697137787
PRIMARY__CICIDS2017_COVERAGE_R1__Random-Budget__b0.8__seed2718,CICIDS2017_COVERAGE_R1,Random-Budget,0.8,2718,0.75,maximize_F1_subject_to_FPR_target,0.000824317362184441,0.04012796654151588,0.0013835999304419708
PRIMARY__CICIDS2017_COVERAGE_R1__Random-Budget__b0.8__seed9001,CICIDS2017_COVERAGE_R1,Random-Budget,0.8,9001,0.58,maximize_F1_subject_to_FPR_target,0.001254255509765275,0.05457107782303414,0.005047997560428538
PRIMARY__CICIDS2017_COVERAGE_R1__Random-Budget__b0.8__seed2027,CICIDS2017_COVERAGE_R1,Random-Budget,0.8,2027,0.86,maximize_F1_subject_to_FPR_target,0.0008132560740063028,0.04190073340378497,0.0017162687661766522
PRIMARY__CICIDS2017_COVERAGE_R1__Cost-Only__b0.8__seed42,CICIDS2017_COVERAGE_R1,Cost-Only,0.8,42,0.28,maximize_F1_subject_to_FPR_target,0.0007726781023025807,0.03242223029339495,0.009539026842846738
PRIMARY__CICIDS2017_COVERAGE_R1__Cost-Only__b0.8__seed123,CICIDS2017_COVERAGE_R1,Cost-Only,0.8,123,0.76,maximize_F1_subject_to_FPR_target,0.0008359456635318704,0.025796433983325803,0.0010433704393496828
PRIMARY__CICIDS2017_COVERAGE_R1__Cost-Only__b0.8__seed777,CICIDS2017_COVERAGE_R1,Cost-Only,0.8,777,0.47,maximize_F1_subject_to_FPR_target,0.0006177288170493154,0.027813061559763517,0.0014062818965147898
PRIMARY__CICIDS2017_COVERAGE_R1__Cost-Only__b0.8__seed2026,CICIDS2017_COVERAGE_R1,Cost-Only,0.8,2026,0.64,maximize_F1_subject_to_FPR_target,0.0007986423080762703,0.03101674511936255,0.002169908087633036
PRIMARY__CICIDS2017_COVERAGE_R1__Cost-Only__b0.8__seed3407,CICIDS2017_COVERAGE_R1,Cost-Only,0.8,3407,0.74,maximize_F1_subject_to_FPR_target,0.0006364022061943148,0.029956795487043567,0.0006880196375421821
PRIMARY__CICIDS2017_COVERAGE_R1__Cost-Only__b0.8__seed11,CICIDS2017_COVERAGE_R1,Cost-Only,0.8,11,0.54,maximize_F1_subject_to_FPR_target,0.0018208905810296308,0.0330312493394154,0.007356517662951025
PRIMARY__CICIDS2017_COVERAGE_R1__Cost-Only__b0.8__seed314,CICIDS2017_COVERAGE_R1,Cost-Only,0.8,314,0.55,maximize_F1_subject_to_FPR_target,0.0006041079339508659,0.027562303805047424,0.001958209737620057
PRIMARY__CICIDS2017_COVERAGE_R1__Cost-Only__b0.8__seed2718,CICIDS2017_COVERAGE_R1,Cost-Only,0.8,2718,0.71,maximize_F1_subject_to_FPR_target,0.0008390141583639224,0.032930545558932066,0.0009551627935109415
PRIMARY__CICIDS2017_COVERAGE_R1__Cost-Only__b0.8__seed9001,CICIDS2017_COVERAGE_R1,Cost-Only,0.8,9001,0.58,maximize_F1_subject_to_FPR_target,0.0016200162001620017,0.05871443016710527,0.004914425982444158
PRIMARY__CICIDS2017_COVERAGE_R1__Cost-Only__b0.8__seed2027,CICIDS2017_COVERAGE_R1,Cost-Only,0.8,2027,0.82,maximize_F1_subject_to_FPR_target,0.0008200922603792927,0.037243428623837366,0.001509610853068744
PRIMARY__CICIDS2017_COVERAGE_R1__Utility-Only__b0.8__seed42,CICIDS2017_COVERAGE_R1,Utility-Only,0.8,42,0.05,maximize_F1_subject_to_FPR_target,0.0005050186225617069,0.03233492267698652,0.01684766035519959
PRIMARY__CICIDS2017_COVERAGE_R1__Utility-Only__b0.8__seed123,CICIDS2017_COVERAGE_R1,Utility-Only,0.8,123,0.81,maximize_F1_subject_to_FPR_target,0.000838750262109457,0.028578760714926023,0.0009627234488685479
PRIMARY__CICIDS2017_COVERAGE_R1__Utility-Only__b0.8__seed777,CICIDS2017_COVERAGE_R1,Utility-Only,0.8,777,0.5,maximize_F1_subject_to_FPR_target,0.0006237654641854663,0.03080595738688123,0.0011693813619764561
PRIMARY__CICIDS2017_COVERAGE_R1__Utility-Only__b0.8__seed2026,CICIDS2017_COVERAGE_R1,Utility-Only,0.8,2026,0.73,maximize_F1_subject_to_FPR_target,0.0008484462827447237,0.03616370242717422,0.0006880196375421821
PRIMARY__CICIDS2017_COVERAGE_R1__Utility-Only__b0.8__seed3407,CICIDS2017_COVERAGE_R1,Utility-Only,0.8,3407,0.87,maximize_F1_subject_to_FPR_target,0.0008284146215180698,0.03172551867695313,0.0012626294447202683
PRIMARY__CICIDS2017_COVERAGE_R1__Utility-Only__b0.8__seed11,CICIDS2017_COVERAGE_R1,Utility-Only,0.8,11,0.95,minimum_FPR_then_maximum_F1,0.09110046613537258,0.033822089783977285,0.2008941735069596
PRIMARY__CICIDS2017_COVERAGE_R1__Utility-Only__b0.8__seed314,CICIDS2017_COVERAGE_R1,Utility-Only,0.8,314,0.26,maximize_F1_subject_to_FPR_target,0.0005421523448088912,0.036799847228586556,0.01411322333419861
PRIMARY__CICIDS2017_COVERAGE_R1__Utility-Only__b0.8__seed2718,CICIDS2017_COVERAGE_R1,Utility-Only,0.8,2718,0.82,maximize_F1_subject_to_FPR_target,0.0008391901814748768,0.036251623801388466,0.0009501223566058706
PRIMARY__CICIDS2017_COVERAGE_R1__Utility-Only__b0.8__seed9001,CICIDS2017_COVERAGE_R1,Utility-Only,0.8,9001,0.6,maximize_F1_subject_to_FPR_target,0.00102607952116289,0.05004603421629774,0.006393794214082477
PRIMARY__CICIDS2017_COVERAGE_R1__Utility-Only__b0.8__seed2027,CICIDS2017_COVERAGE_R1,Utility-Only,0.8,2027,0.6,maximize_F1_subject_to_FPR_target,0.0020780051150895143,0.03770125141052799,0.008435171160636204
PRIMARY__CICIDS2017_COVERAGE_R1__Utility-Cost-Ratio__b0.8__seed42,CICIDS2017_COVERAGE_R1,Utility-Cost-Ratio,0.8,42,0.05,maximize_F1_subject_to_FPR_target,0.0005050186225617069,0.03233492267698652,0.01684766035519959
PRIMARY__CICIDS2017_COVERAGE_R1__Utility-Cost-Ratio__b0.8__seed123,CICIDS2017_COVERAGE_R1,Utility-Cost-Ratio,0.8,123,0.81,maximize_F1_subject_to_FPR_target,0.000838750262109457,0.028578760714926023,0.0009627234488685479
PRIMARY__CICIDS2017_COVERAGE_R1__Utility-Cost-Ratio__b0.8__seed777,CICIDS2017_COVERAGE_R1,Utility-Cost-Ratio,0.8,777,0.5,maximize_F1_subject_to_FPR_target,0.0006237654641854663,0.03080595738688123,0.0011693813619764561
PRIMARY__CICIDS2017_COVERAGE_R1__Utility-Cost-Ratio__b0.8__seed2026,CICIDS2017_COVERAGE_R1,Utility-Cost-Ratio,0.8,2026,0.72,maximize_F1_subject_to_FPR_target,0.0008399832003359933,0.031151191296844356,0.0009274403905330514
PRIMARY__CICIDS2017_COVERAGE_R1__Utility-Cost-Ratio__b0.8__seed3407,CICIDS2017_COVERAGE_R1,Utility-Cost-Ratio,0.8,3407,0.87,maximize_F1_subject_to_FPR_target,0.0008284146215180698,0.03172551867695313,0.0012626294447202683
PRIMARY__CICIDS2017_COVERAGE_R1__Utility-Cost-Ratio__b0.8__seed11,CICIDS2017_COVERAGE_R1,Utility-Cost-Ratio,0.8,11,0.95,minimum_FPR_then_maximum_F1,0.09110046613537258,0.033822089783977285,0.2008941735069596
PRIMARY__CICIDS2017_COVERAGE_R1__Utility-Cost-Ratio__b0.8__seed314,CICIDS2017_COVERAGE_R1,Utility-Cost-Ratio,0.8,314,0.26,maximize_F1_subject_to_FPR_target,0.0005421523448088912,0.036799847228586556,0.01411322333419861
PRIMARY__CICIDS2017_COVERAGE_R1__Utility-Cost-Ratio__b0.8__seed2718,CICIDS2017_COVERAGE_R1,Utility-Cost-Ratio,0.8,2718,0.82,maximize_F1_subject_to_FPR_target,0.0008391901814748768,0.036251623801388466,0.0009501223566058706
PRIMARY__CICIDS2017_COVERAGE_R1__Utility-Cost-Ratio__b0.8__seed9001,CICIDS2017_COVERAGE_R1,Utility-Cost-Ratio,0.8,9001,0.6,maximize_F1_subject_to_FPR_target,0.00102607952116289,0.05004603421629774,0.006393794214082477
PRIMARY__CICIDS2017_COVERAGE_R1__Utility-Cost-Ratio__b0.8__seed2027,CICIDS2017_COVERAGE_R1,Utility-Cost-Ratio,0.8,2027,0.6,maximize_F1_subject_to_FPR_target,0.0020780051150895143,0.03770125141052799,0.008435171160636204
PRIMARY__CICIDS2017_COVERAGE_R1__CB-Score__b0.8__seed42,CICIDS2017_COVERAGE_R1,CB-Score,0.8,42,0.19,maximize_F1_subject_to_FPR_target,0.0007429420505200594,0.031064926447348627,0.01084450000126011
PRIMARY__CICIDS2017_COVERAGE_R1__CB-Score__b0.8__seed123,CICIDS2017_COVERAGE_R1,CB-Score,0.8,123,0.66,maximize_F1_subject_to_FPR_target,0.0007997600719784065,0.02781240313146217,0.0021346250292975395
PRIMARY__CICIDS2017_COVERAGE_R1__CB-Score__b0.8__seed777,CICIDS2017_COVERAGE_R1,CB-Score,0.8,777,0.72,maximize_F1_subject_to_FPR_target,0.0008012018027040561,0.030442424541323038,0.002089261097151901
PRIMARY__CICIDS2017_COVERAGE_R1__CB-Score__b0.8__seed2026,CICIDS2017_COVERAGE_R1,CB-Score,0.8,2026,0.47,maximize_F1_subject_to_FPR_target,0.0008025682182985554,0.02910432773342137,0.002046417383458798
PRIMARY__CICIDS2017_COVERAGE_R1__CB-Score__b0.8__seed3407,CICIDS2017_COVERAGE_R1,CB-Score,0.8,3407,0.58,maximize_F1_subject_to_FPR_target,0.0008032128514056225,0.03136530488332104,0.0020262556358385145
PRIMARY__CICIDS2017_COVERAGE_R1__CB-Score__b0.8__seed11,CICIDS2017_COVERAGE_R1,CB-Score,0.8,11,0.73,maximize_F1_subject_to_FPR_target,0.00021039343572480537,0.029450427605377822,0.0008896371137450195
PRIMARY__CICIDS2017_COVERAGE_R1__CB-Score__b0.8__seed314,CICIDS2017_COVERAGE_R1,CB-Score,0.8,314,0.58,maximize_F1_subject_to_FPR_target,0.0006058770069675856,0.028061372782054846,0.0018851234024965283
PRIMARY__CICIDS2017_COVERAGE_R1__CB-Score__b0.8__seed2718,CICIDS2017_COVERAGE_R1,CB-Score,0.8,2718,0.9,maximize_F1_subject_to_FPR_target,0.0008215239268843705,0.0421216142389549,0.0014667671393756411
PRIMARY__CICIDS2017_COVERAGE_R1__CB-Score__b0.8__seed9001,CICIDS2017_COVERAGE_R1,CB-Score,0.8,9001,0.58,maximize_F1_subject_to_FPR_target,0.0009791122715404699,0.03686377300076252,0.007807636765954873
PRIMARY__CICIDS2017_COVERAGE_R1__CB-Score__b0.8__seed2027,CICIDS2017_COVERAGE_R1,CB-Score,0.8,2027,0.91,maximize_F1_subject_to_FPR_target,0.0008477270318957296,0.0348957157272126,0.0007081813851624658
PRIMARY__CICIDS2017_COVERAGE_R1__Historical-DoubleCost__b0.8__seed42,CICIDS2017_COVERAGE_R1,Historical-DoubleCost,0.8,42,0.19,maximize_F1_subject_to_FPR_target,0.0007429420505200594,0.031064926447348627,0.01084450000126011
PRIMARY__CICIDS2017_COVERAGE_R1__Historical-DoubleCost__b0.8__seed123,CICIDS2017_COVERAGE_R1,Historical-DoubleCost,0.8,123,0.66,maximize_F1_subject_to_FPR_target,0.0007997600719784065,0.02781240313146217,0.0021346250292975395
PRIMARY__CICIDS2017_COVERAGE_R1__Historical-DoubleCost__b0.8__seed777,CICIDS2017_COVERAGE_R1,Historical-DoubleCost,0.8,777,0.72,maximize_F1_subject_to_FPR_target,0.0008012018027040561,0.030442424541323038,0.002089261097151901
PRIMARY__CICIDS2017_COVERAGE_R1__Historical-DoubleCost__b0.8__seed2026,CICIDS2017_COVERAGE_R1,Historical-DoubleCost,0.8,2026,0.47,maximize_F1_subject_to_FPR_target,0.0008025682182985554,0.02910432773342137,0.002046417383458798
PRIMARY__CICIDS2017_COVERAGE_R1__Historical-DoubleCost__b0.8__seed3407,CICIDS2017_COVERAGE_R1,Historical-DoubleCost,0.8,3407,0.58,maximize_F1_subject_to_FPR_target,0.0008032128514056225,0.03136530488332104,0.0020262556358385145
PRIMARY__CICIDS2017_COVERAGE_R1__Historical-DoubleCost__b0.8__seed11,CICIDS2017_COVERAGE_R1,Historical-DoubleCost,0.8,11,0.73,maximize_F1_subject_to_FPR_target,0.00021039343572480537,0.029450427605377822,0.0008896371137450195
PRIMARY__CICIDS2017_COVERAGE_R1__Historical-DoubleCost__b0.8__seed314,CICIDS2017_COVERAGE_R1,Historical-DoubleCost,0.8,314,0.58,maximize_F1_subject_to_FPR_target,0.0006058770069675856,0.028061372782054846,0.0018851234024965283
PRIMARY__CICIDS2017_COVERAGE_R1__Historical-DoubleCost__b0.8__seed2718,CICIDS2017_COVERAGE_R1,Historical-DoubleCost,0.8,2718,0.9,maximize_F1_subject_to_FPR_target,0.0008215239268843705,0.0421216142389549,0.0014667671393756411
PRIMARY__CICIDS2017_COVERAGE_R1__Historical-DoubleCost__b0.8__seed9001,CICIDS2017_COVERAGE_R1,Historical-DoubleCost,0.8,9001,0.58,maximize_F1_subject_to_FPR_target,0.0009791122715404699,0.03686377300076252,0.007807636765954873
PRIMARY__CICIDS2017_COVERAGE_R1__Historical-DoubleCost__b0.8__seed2027,CICIDS2017_COVERAGE_R1,Historical-DoubleCost,0.8,2027,0.91,maximize_F1_subject_to_FPR_target,0.0008477270318957296,0.0348957157272126,0.0007081813851624658
PRIMARY__CICIDS2017_COVERAGE_R1__Oort-Style-Adapted__b0.8__seed42,CICIDS2017_COVERAGE_R1,Oort-Style-Adapted,0.8,42,0.05,maximize_F1_subject_to_FPR_target,0.0005050186225617069,0.03233492267698652,0.01684766035519959
PRIMARY__CICIDS2017_COVERAGE_R1__Oort-Style-Adapted__b0.8__seed123,CICIDS2017_COVERAGE_R1,Oort-Style-Adapted,0.8,123,0.68,maximize_F1_subject_to_FPR_target,0.000815910249872514,0.02724896651768499,0.0016356217756955172
PRIMARY__CICIDS2017_COVERAGE_R1__Oort-Style-Adapted__b0.8__seed777,CICIDS2017_COVERAGE_R1,Oort-Style-Adapted,0.8,777,0.72,maximize_F1_subject_to_FPR_target,0.0007894996545939011,0.034482181600584694,0.0024622534281271502
PRIMARY__CICIDS2017_COVERAGE_R1__Oort-Style-Adapted__b0.8__seed2026,CICIDS2017_COVERAGE_R1,Oort-Style-Adapted,0.8,2026,0.48,maximize_F1_subject_to_FPR_target,0.0008109477952356817,0.03553091872322115,0.0017868348828476452
PRIMARY__CICIDS2017_COVERAGE_R1__Oort-Style-Adapted__b0.8__seed3407,CICIDS2017_COVERAGE_R1,Oort-Style-Adapted,0.8,3407,0.5,maximize_F1_subject_to_FPR_target,0.001430160495788972,0.04798813842300285,0.00863174819993397
PRIMARY__CICIDS2017_COVERAGE_R1__Oort-Style-Adapted__b0.8__seed11,CICIDS2017_COVERAGE_R1,Oort-Style-Adapted,0.8,11,0.35,maximize_F1_subject_to_FPR_target,0.0007021855525322566,0.030925736618648586,0.005637728678321837
PRIMARY__CICIDS2017_COVERAGE_R1__Oort-Style-Adapted__b0.8__seed314,CICIDS2017_COVERAGE_R1,Oort-Style-Adapted,0.8,314,0.79,maximize_F1_subject_to_FPR_target,0.00021365238756543105,0.029427278016366142,0.0005242054381273769
PRIMARY__CICIDS2017_COVERAGE_R1__Oort-Style-Adapted__b0.8__seed2718,CICIDS2017_COVERAGE_R1,Oort-Style-Adapted,0.8,2718,0.78,maximize_F1_subject_to_FPR_target,0.0008276432857438444,0.03193165501686368,0.0012853114107930876
PRIMARY__CICIDS2017_COVERAGE_R1__Oort-Style-Adapted__b0.8__seed9001,CICIDS2017_COVERAGE_R1,Oort-Style-Adapted,0.8,9001,0.33,maximize_F1_subject_to_FPR_target,0.0005565449688334817,0.029480789649010943,0.02220564478528999
PRIMARY__CICIDS2017_COVERAGE_R1__Oort-Style-Adapted__b0.8__seed2027,CICIDS2017_COVERAGE_R1,Oort-Style-Adapted,0.8,2027,0.5,maximize_F1_subject_to_FPR_target,0.0020035447329891346,0.048431187990853934,0.009607072741065195
PRIMARY__CICIDS2017_COVERAGE_R1__Oracle-Score-Exact__b0.8__seed42,CICIDS2017_COVERAGE_R1,Oracle-Score-Exact,0.8,42,0.19,maximize_F1_subject_to_FPR_target,0.0007429420505200594,0.031064926447348627,0.01084450000126011
PRIMARY__CICIDS2017_COVERAGE_R1__Oracle-Score-Exact__b0.8__seed123,CICIDS2017_COVERAGE_R1,Oracle-Score-Exact,0.8,123,0.66,maximize_F1_subject_to_FPR_target,0.0007997600719784065,0.02781240313146217,0.0021346250292975395
PRIMARY__CICIDS2017_COVERAGE_R1__Oracle-Score-Exact__b0.8__seed777,CICIDS2017_COVERAGE_R1,Oracle-Score-Exact,0.8,777,0.82,maximize_F1_subject_to_FPR_target,0.0007699711260827719,0.03196142226097121,0.003109949570428765
PRIMARY__CICIDS2017_COVERAGE_R1__Oracle-Score-Exact__b0.8__seed2026,CICIDS2017_COVERAGE_R1,Oracle-Score-Exact,0.8,2026,0.47,maximize_F1_subject_to_FPR_target,0.0008025682182985554,0.02910432773342137,0.002046417383458798
PRIMARY__CICIDS2017_COVERAGE_R1__Oracle-Score-Exact__b0.8__seed3407,CICIDS2017_COVERAGE_R1,Oracle-Score-Exact,0.8,3407,0.56,maximize_F1_subject_to_FPR_target,0.0007909045971329708,0.028247367522821455,0.0024168894959815117
PRIMARY__CICIDS2017_COVERAGE_R1__Oracle-Score-Exact__b0.8__seed11,CICIDS2017_COVERAGE_R1,Oracle-Score-Exact,0.8,11,0.73,maximize_F1_subject_to_FPR_target,0.00021039343572480537,0.029450427605377822,0.0008896371137450195
PRIMARY__CICIDS2017_COVERAGE_R1__Oracle-Score-Exact__b0.8__seed314,CICIDS2017_COVERAGE_R1,Oracle-Score-Exact,0.8,314,0.58,maximize_F1_subject_to_FPR_target,0.0006058770069675856,0.028061372782054846,0.0018851234024965283
PRIMARY__CICIDS2017_COVERAGE_R1__Oracle-Score-Exact__b0.8__seed2718,CICIDS2017_COVERAGE_R1,Oracle-Score-Exact,0.8,2718,0.9,maximize_F1_subject_to_FPR_target,0.0008215239268843705,0.0421216142389549,0.0014667671393756411
PRIMARY__CICIDS2017_COVERAGE_R1__Oracle-Score-Exact__b0.8__seed9001,CICIDS2017_COVERAGE_R1,Oracle-Score-Exact,0.8,9001,0.58,maximize_F1_subject_to_FPR_target,0.0009791122715404699,0.03686377300076252,0.007807636765954873
PRIMARY__CICIDS2017_COVERAGE_R1__Oracle-Score-Exact__b0.8__seed2027,CICIDS2017_COVERAGE_R1,Oracle-Score-Exact,0.8,2027,0.91,maximize_F1_subject_to_FPR_target,0.0008477270318957296,0.0348957157272126,0.0007081813851624658
PRIMARY__CICIDS2017_COVERAGE_R1__Random-Budget__b1.0__seed42,CICIDS2017_COVERAGE_R1,Random-Budget,1.0,42,0.37,maximize_F1_subject_to_FPR_target,0.0006945409084595083,0.032369640865792346,0.013208464909738376
PRIMARY__CICIDS2017_COVERAGE_R1__Random-Budget__b1.0__seed123,CICIDS2017_COVERAGE_R1,Random-Budget,1.0,123,0.77,maximize_F1_subject_to_FPR_target,0.0008328128253175099,0.031007449289034962,0.0011340983036409596
PRIMARY__CICIDS2017_COVERAGE_R1__Random-Budget__b1.0__seed777,CICIDS2017_COVERAGE_R1,Random-Budget,1.0,777,0.56,maximize_F1_subject_to_FPR_target,0.0007903576368306659,0.03134678081887292,0.00243453102514926
PRIMARY__CICIDS2017_COVERAGE_R1__Random-Budget__b1.0__seed2026,CICIDS2017_COVERAGE_R1,Random-Budget,1.0,2026,0.79,maximize_F1_subject_to_FPR_target,0.0008495274503557397,0.03339558490228561,0.0006577770161117566
PRIMARY__CICIDS2017_COVERAGE_R1__Random-Budget__b1.0__seed3407,CICIDS2017_COVERAGE_R1,Random-Budget,1.0,3407,0.69,maximize_F1_subject_to_FPR_target,0.0008136696501220504,0.036262329139547606,0.0017036676739139748
PRIMARY__CICIDS2017_COVERAGE_R1__Random-Budget__b1.0__seed11,CICIDS2017_COVERAGE_R1,Random-Budget,1.0,11,0.87,maximize_F1_subject_to_FPR_target,0.0008463817181548879,0.03161400305532457,0.0007459846619504979
PRIMARY__CICIDS2017_COVERAGE_R1__Random-Budget__b1.0__seed314,CICIDS2017_COVERAGE_R1,Random-Budget,1.0,314,0.69,maximize_F1_subject_to_FPR_target,0.0006175380815150268,0.03564665749403551,0.0014138425518723963
PRIMARY__CICIDS2017_COVERAGE_R1__Random-Budget__b1.0__seed2718,CICIDS2017_COVERAGE_R1,Random-Budget,1.0,2718,0.8,maximize_F1_subject_to_FPR_target,0.0008413967185527977,0.035420157777313804,0.000887116895292484
PRIMARY__CICIDS2017_COVERAGE_R1__Random-Budget__b1.0__seed9001,CICIDS2017_COVERAGE_R1,Random-Budget,1.0,9001,0.54,maximize_F1_subject_to_FPR_target,0.0015991471215351812,0.05741644789770979,0.005279857658061801
PRIMARY__CICIDS2017_COVERAGE_R1__Random-Budget__b1.0__seed2027,CICIDS2017_COVERAGE_R1,Random-Budget,1.0,2027,0.84,maximize_F1_subject_to_FPR_target,0.000832552815069206,0.039196838887882515,0.001141658958998566
PRIMARY__CICIDS2017_COVERAGE_R1__Cost-Only__b1.0__seed42,CICIDS2017_COVERAGE_R1,Cost-Only,1.0,42,0.37,maximize_F1_subject_to_FPR_target,0.0006945409084595083,0.032369640865792346,0.013208464909738376
PRIMARY__CICIDS2017_COVERAGE_R1__Cost-Only__b1.0__seed123,CICIDS2017_COVERAGE_R1,Cost-Only,1.0,123,0.77,maximize_F1_subject_to_FPR_target,0.0008328128253175099,0.031007449289034962,0.0011340983036409596
PRIMARY__CICIDS2017_COVERAGE_R1__Cost-Only__b1.0__seed777,CICIDS2017_COVERAGE_R1,Cost-Only,1.0,777,0.56,maximize_F1_subject_to_FPR_target,0.0007903576368306659,0.03134678081887292,0.00243453102514926
PRIMARY__CICIDS2017_COVERAGE_R1__Cost-Only__b1.0__seed2026,CICIDS2017_COVERAGE_R1,Cost-Only,1.0,2026,0.79,maximize_F1_subject_to_FPR_target,0.0008495274503557397,0.03339558490228561,0.0006577770161117566
PRIMARY__CICIDS2017_COVERAGE_R1__Cost-Only__b1.0__seed3407,CICIDS2017_COVERAGE_R1,Cost-Only,1.0,3407,0.69,maximize_F1_subject_to_FPR_target,0.0008136696501220504,0.036262329139547606,0.0017036676739139748
PRIMARY__CICIDS2017_COVERAGE_R1__Cost-Only__b1.0__seed11,CICIDS2017_COVERAGE_R1,Cost-Only,1.0,11,0.87,maximize_F1_subject_to_FPR_target,0.0008463817181548879,0.03161400305532457,0.0007459846619504979
PRIMARY__CICIDS2017_COVERAGE_R1__Cost-Only__b1.0__seed314,CICIDS2017_COVERAGE_R1,Cost-Only,1.0,314,0.69,maximize_F1_subject_to_FPR_target,0.0006175380815150268,0.03564665749403551,0.0014138425518723963
PRIMARY__CICIDS2017_COVERAGE_R1__Cost-Only__b1.0__seed2718,CICIDS2017_COVERAGE_R1,Cost-Only,1.0,2718,0.8,maximize_F1_subject_to_FPR_target,0.0008413967185527977,0.035420157777313804,0.000887116895292484
PRIMARY__CICIDS2017_COVERAGE_R1__Cost-Only__b1.0__seed9001,CICIDS2017_COVERAGE_R1,Cost-Only,1.0,9001,0.54,maximize_F1_subject_to_FPR_target,0.0015991471215351812,0.05741644789770979,0.005279857658061801
PRIMARY__CICIDS2017_COVERAGE_R1__Cost-Only__b1.0__seed2027,CICIDS2017_COVERAGE_R1,Cost-Only,1.0,2027,0.84,maximize_F1_subject_to_FPR_target,0.000832552815069206,0.039196838887882515,0.001141658958998566
PRIMARY__CICIDS2017_COVERAGE_R1__Utility-Only__b1.0__seed42,CICIDS2017_COVERAGE_R1,Utility-Only,1.0,42,0.11,maximize_F1_subject_to_FPR_target,0.0006157003591585428,0.03529309026339396,0.0014869288869959248
PRIMARY__CICIDS2017_COVERAGE_R1__Utility-Only__b1.0__seed123,CICIDS2017_COVERAGE_R1,Utility-Only,1.0,123,0.75,maximize_F1_subject_to_FPR_target,0.0008391901814748768,0.028867434667457968,0.0009501223566058706
PRIMARY__CICIDS2017_COVERAGE_R1__Utility-Only__b1.0__seed777,CICIDS2017_COVERAGE_R1,Utility-Only,1.0,777,0.49,maximize_F1_subject_to_FPR_target,0.19710569701410516,0.08931464474926802,0.026542940742103525
PRIMARY__CICIDS2017_COVERAGE_R1__Utility-Only__b1.0__seed2026,CICIDS2017_COVERAGE_R1,Utility-Only,1.0,2026,0.68,maximize_F1_subject_to_FPR_target,0.0008068582955118507,0.03417842262029355,0.0019128458054744185
PRIMARY__CICIDS2017_COVERAGE_R1__Utility-Only__b1.0__seed3407,CICIDS2017_COVERAGE_R1,Utility-Only,1.0,3407,0.49,maximize_F1_subject_to_FPR_target,0.002777777777777778,0.030846937787342054,0.014987739137228414
PRIMARY__CICIDS2017_COVERAGE_R1__Utility-Only__b1.0__seed11,CICIDS2017_COVERAGE_R1,Utility-Only,1.0,11,0.84,maximize_F1_subject_to_FPR_target,0.000637551801083838,0.02904958609981604,0.0006451759238490793
PRIMARY__CICIDS2017_COVERAGE_R1__Utility-Only__b1.0__seed314,CICIDS2017_COVERAGE_R1,Utility-Only,1.0,314,0.22,maximize_F1_subject_to_FPR_target,0.0005994754589733983,0.034357420316104864,0.010557195097671066
PRIMARY__CICIDS2017_COVERAGE_R1__Utility-Only__b1.0__seed2718,CICIDS2017_COVERAGE_R1,Utility-Only,1.0,2718,0.82,maximize_F1_subject_to_FPR_target,0.0008328128253175099,0.037498685508351524,0.0011340983036409596
PRIMARY__CICIDS2017_COVERAGE_R1__Utility-Only__b1.0__seed9001,CICIDS2017_COVERAGE_R1,Utility-Only,1.0,9001,0.91,maximize_F1_subject_to_FPR_target,0.0008418394191308007,0.03640641666928874,0.0008745158030298066
PRIMARY__CICIDS2017_COVERAGE_R1__Utility-Only__b1.0__seed2027,CICIDS2017_COVERAGE_R1,Utility-Only,1.0,2027,0.53,maximize_F1_subject_to_FPR_target,0.0017277939213068405,0.035864790458211844,0.008997179875551613
PRIMARY__CICIDS2017_COVERAGE_R1__Utility-Cost-Ratio__b1.0__seed42,CICIDS2017_COVERAGE_R1,Utility-Cost-Ratio,1.0,42,0.11,maximize_F1_subject_to_FPR_target,0.0006157003591585428,0.03529309026339396,0.0014869288869959248
PRIMARY__CICIDS2017_COVERAGE_R1__Utility-Cost-Ratio__b1.0__seed123,CICIDS2017_COVERAGE_R1,Utility-Cost-Ratio,1.0,123,0.75,maximize_F1_subject_to_FPR_target,0.0008391901814748768,0.028867434667457968,0.0009501223566058706
PRIMARY__CICIDS2017_COVERAGE_R1__Utility-Cost-Ratio__b1.0__seed777,CICIDS2017_COVERAGE_R1,Utility-Cost-Ratio,1.0,777,0.49,maximize_F1_subject_to_FPR_target,0.19710569701410516,0.08931464474926802,0.026542940742103525
PRIMARY__CICIDS2017_COVERAGE_R1__Utility-Cost-Ratio__b1.0__seed2026,CICIDS2017_COVERAGE_R1,Utility-Cost-Ratio,1.0,2026,0.68,maximize_F1_subject_to_FPR_target,0.0008068582955118507,0.03417842262029355,0.0019128458054744185
PRIMARY__CICIDS2017_COVERAGE_R1__Utility-Cost-Ratio__b1.0__seed3407,CICIDS2017_COVERAGE_R1,Utility-Cost-Ratio,1.0,3407,0.49,maximize_F1_subject_to_FPR_target,0.002777777777777778,0.030846937787342054,0.014987739137228414
PRIMARY__CICIDS2017_COVERAGE_R1__Utility-Cost-Ratio__b1.0__seed11,CICIDS2017_COVERAGE_R1,Utility-Cost-Ratio,1.0,11,0.84,maximize_F1_subject_to_FPR_target,0.000637551801083838,0.02904958609981604,0.0006451759238490793
PRIMARY__CICIDS2017_COVERAGE_R1__Utility-Cost-Ratio__b1.0__seed314,CICIDS2017_COVERAGE_R1,Utility-Cost-Ratio,1.0,314,0.22,maximize_F1_subject_to_FPR_target,0.0005994754589733983,0.034357420316104864,0.010557195097671066
PRIMARY__CICIDS2017_COVERAGE_R1__Utility-Cost-Ratio__b1.0__seed2718,CICIDS2017_COVERAGE_R1,Utility-Cost-Ratio,1.0,2718,0.82,maximize_F1_subject_to_FPR_target,0.0008328128253175099,0.037498685508351524,0.0011340983036409596
PRIMARY__CICIDS2017_COVERAGE_R1__Utility-Cost-Ratio__b1.0__seed9001,CICIDS2017_COVERAGE_R1,Utility-Cost-Ratio,1.0,9001,0.91,maximize_F1_subject_to_FPR_target,0.0008418394191308007,0.03640641666928874,0.0008745158030298066
PRIMARY__CICIDS2017_COVERAGE_R1__Utility-Cost-Ratio__b1.0__seed2027,CICIDS2017_COVERAGE_R1,Utility-Cost-Ratio,1.0,2027,0.53,maximize_F1_subject_to_FPR_target,0.0017277939213068405,0.035864790458211844,0.008997179875551613
PRIMARY__CICIDS2017_COVERAGE_R1__CB-Score__b1.0__seed42,CICIDS2017_COVERAGE_R1,CB-Score,1.0,42,0.19,maximize_F1_subject_to_FPR_target,0.000702000702000702,0.03212779815773917,0.01282287148650045
PRIMARY__CICIDS2017_COVERAGE_R1__CB-Score__b1.0__seed123,CICIDS2017_COVERAGE_R1,CB-Score,1.0,123,0.84,maximize_F1_subject_to_FPR_target,0.0008349859096127753,0.029748112563155654,0.001071092842327573
PRIMARY__CICIDS2017_COVERAGE_R1__CB-Score__b1.0__seed777,CICIDS2017_COVERAGE_R1,CB-Score,1.0,777,0.59,maximize_F1_subject_to_FPR_target,0.0006087044739778837,0.028303431079105365,0.001769193353679897
PRIMARY__CICIDS2017_COVERAGE_R1__CB-Score__b1.0__seed2026,CICIDS2017_COVERAGE_R1,CB-Score,1.0,2026,0.5,maximize_F1_subject_to_FPR_target,0.0008016032064128256,0.029659052509738968,0.0020766600048892237
PRIMARY__CICIDS2017_COVERAGE_R1__CB-Score__b1.0__seed3407,CICIDS2017_COVERAGE_R1,CB-Score,1.0,3407,0.75,maximize_F1_subject_to_FPR_target,0.0006354585892819318,0.033536494192672635,0.0007233026958776787
PRIMARY__CICIDS2017_COVERAGE_R1__CB-Score__b1.0__seed11,CICIDS2017_COVERAGE_R1,CB-Score,1.0,11,0.32,maximize_F1_subject_to_FPR_target,0.00025877684809799017,0.028947057843918007,0.03536118510752512
PRIMARY__CICIDS2017_COVERAGE_R1__CB-Score__b1.0__seed314,CICIDS2017_COVERAGE_R1,CB-Score,1.0,314,0.54,maximize_F1_subject_to_FPR_target,0.0006004202942059442,0.027848540031529402,0.0021119430632247204
PRIMARY__CICIDS2017_COVERAGE_R1__CB-Score__b1.0__seed2718,CICIDS2017_COVERAGE_R1,CB-Score,1.0,2718,0.74,maximize_F1_subject_to_FPR_target,0.0008416622830089426,0.03454985514402792,0.0008795562399348775
PRIMARY__CICIDS2017_COVERAGE_R1__CB-Score__b1.0__seed9001,CICIDS2017_COVERAGE_R1,CB-Score,1.0,9001,0.76,maximize_F1_subject_to_FPR_target,0.0007845444738648623,0.03854253534006924,0.00262354740908942
PRIMARY__CICIDS2017_COVERAGE_R1__CB-Score__b1.0__seed2027,CICIDS2017_COVERAGE_R1,CB-Score,1.0,2027,0.95,maximize_F1_subject_to_FPR_target,0.0008227913195515787,0.03617774670212852,0.001428963862587609
PRIMARY__CICIDS2017_COVERAGE_R1__Historical-DoubleCost__b1.0__seed42,CICIDS2017_COVERAGE_R1,Historical-DoubleCost,1.0,42,0.19,maximize_F1_subject_to_FPR_target,0.000702000702000702,0.03212779815773917,0.01282287148650045
PRIMARY__CICIDS2017_COVERAGE_R1__Historical-DoubleCost__b1.0__seed123,CICIDS2017_COVERAGE_R1,Historical-DoubleCost,1.0,123,0.84,maximize_F1_subject_to_FPR_target,0.0008349859096127753,0.029748112563155654,0.001071092842327573
PRIMARY__CICIDS2017_COVERAGE_R1__Historical-DoubleCost__b1.0__seed777,CICIDS2017_COVERAGE_R1,Historical-DoubleCost,1.0,777,0.59,maximize_F1_subject_to_FPR_target,0.0006087044739778837,0.028303431079105365,0.001769193353679897
PRIMARY__CICIDS2017_COVERAGE_R1__Historical-DoubleCost__b1.0__seed2026,CICIDS2017_COVERAGE_R1,Historical-DoubleCost,1.0,2026,0.5,maximize_F1_subject_to_FPR_target,0.0008016032064128256,0.029659052509738968,0.0020766600048892237
PRIMARY__CICIDS2017_COVERAGE_R1__Historical-DoubleCost__b1.0__seed3407,CICIDS2017_COVERAGE_R1,Historical-DoubleCost,1.0,3407,0.75,maximize_F1_subject_to_FPR_target,0.0006354585892819318,0.033536494192672635,0.0007233026958776787
PRIMARY__CICIDS2017_COVERAGE_R1__Historical-DoubleCost__b1.0__seed11,CICIDS2017_COVERAGE_R1,Historical-DoubleCost,1.0,11,0.32,maximize_F1_subject_to_FPR_target,0.00025877684809799017,0.028947057843918007,0.03536118510752512
PRIMARY__CICIDS2017_COVERAGE_R1__Historical-DoubleCost__b1.0__seed314,CICIDS2017_COVERAGE_R1,Historical-DoubleCost,1.0,314,0.54,maximize_F1_subject_to_FPR_target,0.0006004202942059442,0.027848540031529402,0.0021119430632247204
PRIMARY__CICIDS2017_COVERAGE_R1__Historical-DoubleCost__b1.0__seed2718,CICIDS2017_COVERAGE_R1,Historical-DoubleCost,1.0,2718,0.74,maximize_F1_subject_to_FPR_target,0.0008416622830089426,0.03454985514402792,0.0008795562399348775
PRIMARY__CICIDS2017_COVERAGE_R1__Historical-DoubleCost__b1.0__seed9001,CICIDS2017_COVERAGE_R1,Historical-DoubleCost,1.0,9001,0.76,maximize_F1_subject_to_FPR_target,0.0007845444738648623,0.03854253534006924,0.00262354740908942
PRIMARY__CICIDS2017_COVERAGE_R1__Historical-DoubleCost__b1.0__seed2027,CICIDS2017_COVERAGE_R1,Historical-DoubleCost,1.0,2027,0.95,maximize_F1_subject_to_FPR_target,0.0008227913195515787,0.03617774670212852,0.001428963862587609
PRIMARY__CICIDS2017_COVERAGE_R1__Oort-Style-Adapted__b1.0__seed42,CICIDS2017_COVERAGE_R1,Oort-Style-Adapted,1.0,42,0.11,maximize_F1_subject_to_FPR_target,0.0006157003591585428,0.03529309026339396,0.0014869288869959248
PRIMARY__CICIDS2017_COVERAGE_R1__Oort-Style-Adapted__b1.0__seed123,CICIDS2017_COVERAGE_R1,Oort-Style-Adapted,1.0,123,0.75,maximize_F1_subject_to_FPR_target,0.0008391901814748768,0.028867434667457968,0.0009501223566058706
PRIMARY__CICIDS2017_COVERAGE_R1__Oort-Style-Adapted__b1.0__seed777,CICIDS2017_COVERAGE_R1,Oort-Style-Adapted,1.0,777,0.49,maximize_F1_subject_to_FPR_target,0.19710569701410516,0.08931464474926802,0.026542940742103525
PRIMARY__CICIDS2017_COVERAGE_R1__Oort-Style-Adapted__b1.0__seed2026,CICIDS2017_COVERAGE_R1,Oort-Style-Adapted,1.0,2026,0.68,maximize_F1_subject_to_FPR_target,0.0008068582955118507,0.03417842262029355,0.0019128458054744185
PRIMARY__CICIDS2017_COVERAGE_R1__Oort-Style-Adapted__b1.0__seed3407,CICIDS2017_COVERAGE_R1,Oort-Style-Adapted,1.0,3407,0.49,maximize_F1_subject_to_FPR_target,0.002777777777777778,0.030846937787342054,0.014987739137228414
PRIMARY__CICIDS2017_COVERAGE_R1__Oort-Style-Adapted__b1.0__seed11,CICIDS2017_COVERAGE_R1,Oort-Style-Adapted,1.0,11,0.84,maximize_F1_subject_to_FPR_target,0.000637551801083838,0.02904958609981604,0.0006451759238490793
PRIMARY__CICIDS2017_COVERAGE_R1__Oort-Style-Adapted__b1.0__seed314,CICIDS2017_COVERAGE_R1,Oort-Style-Adapted,1.0,314,0.22,maximize_F1_subject_to_FPR_target,0.0005994754589733983,0.034357420316104864,0.010557195097671066
PRIMARY__CICIDS2017_COVERAGE_R1__Oort-Style-Adapted__b1.0__seed2718,CICIDS2017_COVERAGE_R1,Oort-Style-Adapted,1.0,2718,0.82,maximize_F1_subject_to_FPR_target,0.0008328128253175099,0.037498685508351524,0.0011340983036409596
PRIMARY__CICIDS2017_COVERAGE_R1__Oort-Style-Adapted__b1.0__seed9001,CICIDS2017_COVERAGE_R1,Oort-Style-Adapted,1.0,9001,0.91,maximize_F1_subject_to_FPR_target,0.0008418394191308007,0.03640641666928874,0.0008745158030298066
PRIMARY__CICIDS2017_COVERAGE_R1__Oort-Style-Adapted__b1.0__seed2027,CICIDS2017_COVERAGE_R1,Oort-Style-Adapted,1.0,2027,0.53,maximize_F1_subject_to_FPR_target,0.0017277939213068405,0.035864790458211844,0.008997179875551613
PRIMARY__CICIDS2017_COVERAGE_R1__Oracle-Score-Exact__b1.0__seed42,CICIDS2017_COVERAGE_R1,Oracle-Score-Exact,1.0,42,0.19,maximize_F1_subject_to_FPR_target,0.000702000702000702,0.03212779815773917,0.01282287148650045
PRIMARY__CICIDS2017_COVERAGE_R1__Oracle-Score-Exact__b1.0__seed123,CICIDS2017_COVERAGE_R1,Oracle-Score-Exact,1.0,123,0.84,maximize_F1_subject_to_FPR_target,0.0008349859096127753,0.029748112563155654,0.001071092842327573
PRIMARY__CICIDS2017_COVERAGE_R1__Oracle-Score-Exact__b1.0__seed777,CICIDS2017_COVERAGE_R1,Oracle-Score-Exact,1.0,777,0.59,maximize_F1_subject_to_FPR_target,0.0006087044739778837,0.028303431079105365,0.001769193353679897
PRIMARY__CICIDS2017_COVERAGE_R1__Oracle-Score-Exact__b1.0__seed2026,CICIDS2017_COVERAGE_R1,Oracle-Score-Exact,1.0,2026,0.5,maximize_F1_subject_to_FPR_target,0.0008016032064128256,0.029659052509738968,0.0020766600048892237
PRIMARY__CICIDS2017_COVERAGE_R1__Oracle-Score-Exact__b1.0__seed3407,CICIDS2017_COVERAGE_R1,Oracle-Score-Exact,1.0,3407,0.75,maximize_F1_subject_to_FPR_target,0.0006354585892819318,0.033536494192672635,0.0007233026958776787
PRIMARY__CICIDS2017_COVERAGE_R1__Oracle-Score-Exact__b1.0__seed11,CICIDS2017_COVERAGE_R1,Oracle-Score-Exact,1.0,11,0.32,maximize_F1_subject_to_FPR_target,0.00025877684809799017,0.028947057843918007,0.03536118510752512
PRIMARY__CICIDS2017_COVERAGE_R1__Oracle-Score-Exact__b1.0__seed314,CICIDS2017_COVERAGE_R1,Oracle-Score-Exact,1.0,314,0.54,maximize_F1_subject_to_FPR_target,0.0006004202942059442,0.027848540031529402,0.0021119430632247204
PRIMARY__CICIDS2017_COVERAGE_R1__Oracle-Score-Exact__b1.0__seed2718,CICIDS2017_COVERAGE_R1,Oracle-Score-Exact,1.0,2718,0.74,maximize_F1_subject_to_FPR_target,0.0008416622830089426,0.03454985514402792,0.0008795562399348775
PRIMARY__CICIDS2017_COVERAGE_R1__Oracle-Score-Exact__b1.0__seed9001,CICIDS2017_COVERAGE_R1,Oracle-Score-Exact,1.0,9001,0.76,maximize_F1_subject_to_FPR_target,0.0007845444738648623,0.03854253534006924,0.00262354740908942
PRIMARY__CICIDS2017_COVERAGE_R1__Oracle-Score-Exact__b1.0__seed2027,CICIDS2017_COVERAGE_R1,Oracle-Score-Exact,1.0,2027,0.95,maximize_F1_subject_to_FPR_target,0.0008227913195515787,0.03617774670212852,0.001428963862587609
PRIMARY__CICIoT2023_R1__Full-Contextual__seed42,CICIoT2023_R1,Full-Contextual,,42,0.52,maximize_F1_subject_to_FPR_target,0.9549570218102842,0.994091830119064,0.049155488212487185
PRIMARY__CICIoT2023_R1__Full-Contextual__seed123,CICIoT2023_R1,Full-Contextual,,123,0.48,maximize_F1_subject_to_FPR_target,0.9535899912607516,0.9935305386921554,0.04572396274343776
PRIMARY__CICIoT2023_R1__Full-Contextual__seed777,CICIoT2023_R1,Full-Contextual,,777,0.54,maximize_F1_subject_to_FPR_target,0.9515198537376034,0.9935465857855128,0.0454565711484469
PRIMARY__CICIoT2023_R1__Full-Contextual__seed2026,CICIoT2023_R1,Full-Contextual,,2026,0.36,maximize_F1_subject_to_FPR_target,0.9560235579897793,0.9940872862422426,0.049467445073309864
PRIMARY__CICIoT2023_R1__Full-Contextual__seed3407,CICIoT2023_R1,Full-Contextual,,3407,0.63,maximize_F1_subject_to_FPR_target,0.9523751102250508,0.9934912553771946,0.04853157449084184
PRIMARY__CICIoT2023_R1__Full-Contextual__seed11,CICIoT2023_R1,Full-Contextual,,11,0.58,maximize_F1_subject_to_FPR_target,0.9562308080113663,0.9942147022925328,0.048932661883328135
PRIMARY__CICIoT2023_R1__Full-Contextual__seed314,CICIoT2023_R1,Full-Contextual,,314,0.61,maximize_F1_subject_to_FPR_target,0.9536461407556744,0.9932806151908224,0.04572396274343776
PRIMARY__CICIoT2023_R1__Full-Contextual__seed2718,CICIoT2023_R1,Full-Contextual,,2718,0.56,maximize_F1_subject_to_FPR_target,0.9453289763378062,0.9928430841633585,0.04625874593341949
PRIMARY__CICIoT2023_R1__Full-Contextual__seed9001,CICIoT2023_R1,Full-Contextual,,9001,0.62,maximize_F1_subject_to_FPR_target,0.9543078041872393,0.9937297667818101,0.04804135656669192
PRIMARY__CICIoT2023_R1__Full-Contextual__seed2027,CICIoT2023_R1,Full-Contextual,,2027,0.4,maximize_F1_subject_to_FPR_target,0.9522940423149774,0.9935447483043383,0.04848700922501003
PRIMARY__CICIoT2023_R1__Random-Budget__b0.1__seed42,CICIoT2023_R1,Random-Budget,0.1,42,0.69,maximize_F1_subject_to_FPR_target,0.9413816355477015,0.9925977344998073,0.04759570390837382
PRIMARY__CICIoT2023_R1__Random-Budget__b0.1__seed123,CICIoT2023_R1,Random-Budget,0.1,123,0.95,minimum_FPR_then_maximum_F1,0.4682940048361544,0.794380979987833,0.27875573777797585
PRIMARY__CICIoT2023_R1__Random-Budget__b0.1__seed777,CICIoT2023_R1,Random-Budget,0.1,777,0.95,minimum_FPR_then_maximum_F1,0.9475702943107874,0.9913471176898778,0.1467534203841526
PRIMARY__CICIoT2023_R1__Random-Budget__b0.1__seed2026,CICIoT2023_R1,Random-Budget,0.1,2026,0.39,maximize_F1_subject_to_FPR_target,0.9530685920577617,0.9939717234062541,0.047729399705869244
PRIMARY__CICIoT2023_R1__Random-Budget__b0.1__seed3407,CICIoT2023_R1,Random-Budget,0.1,3407,0.07,maximize_F1_subject_to_FPR_target,0.9398857036369848,0.9922154608515334,0.046392441730914925
PRIMARY__CICIoT2023_R1__Random-Budget__b0.1__seed11,CICIoT2023_R1,Random-Budget,0.1,11,0.89,maximize_F1_subject_to_FPR_target,0.9483607818993381,0.9919079552648329,0.04906635768082357
PRIMARY__CICIoT2023_R1__Random-Budget__b0.1__seed314,CICIoT2023_R1,Random-Budget,0.1,314,0.95,minimum_FPR_then_maximum_F1,0.8597391929356196,0.9315484482458479,0.9633227862204198
PRIMARY__CICIoT2023_R1__Random-Budget__b0.1__seed2718,CICIoT2023_R1,Random-Budget,0.1,2718,0.05,maximize_F1_subject_to_FPR_target,0.9347646443103028,0.9889060680070629,0.02014350015597843
PRIMARY__CICIoT2023_R1__Random-Budget__b0.1__seed9001,CICIoT2023_R1,Random-Budget,0.1,9001,0.95,minimum_FPR_then_maximum_F1,0.9516476932294787,0.9907558273361581,0.12317839475912473
PRIMARY__CICIoT2023_R1__Random-Budget__b0.1__seed2027,CICIoT2023_R1,Random-Budget,0.1,2027,0.34,maximize_F1_subject_to_FPR_target,0.9523809523809523,0.9937397258624783,0.04643700699674674
PRIMARY__CICIoT2023_R1__Cost-Only__b0.1__seed42,CICIoT2023_R1,Cost-Only,0.1,42,0.59,maximize_F1_subject_to_FPR_target,0.9500997081899306,0.9911774183990529,0.04260439413521102
PRIMARY__CICIoT2023_R1__Cost-Only__b0.1__seed123,CICIoT2023_R1,Cost-Only,0.1,123,0.95,minimum_FPR_then_maximum_F1,0.4682940048361544,0.794380979987833,0.27875573777797585
PRIMARY__CICIoT2023_R1__Cost-Only__b0.1__seed777,CICIoT2023_R1,Cost-Only,0.1,777,0.95,minimum_FPR_then_maximum_F1,0.9420230599394881,0.9896377558793872,0.17536432104817506
PRIMARY__CICIoT2023_R1__Cost-Only__b0.1__seed2026,CICIoT2023_R1,Cost-Only,0.1,2026,0.74,maximize_F1_subject_to_FPR_target,0.9527972027972028,0.9934488531208524,0.04732831231338295
PRIMARY__CICIoT2023_R1__Cost-Only__b0.1__seed3407,CICIoT2023_R1,Cost-Only,0.1,3407,0.86,maximize_F1_subject_to_FPR_target,0.9548983166219245,0.9924604525619124,0.048977227149159946
PRIMARY__CICIoT2023_R1__Cost-Only__b0.1__seed11,CICIoT2023_R1,Cost-Only,0.1,11,0.05,maximize_F1_subject_to_FPR_target,0.9313335081988061,0.9880742549382304,4.4565265831810684e-05
PRIMARY__CICIoT2023_R1__Cost-Only__b0.1__seed314,CICIoT2023_R1,Cost-Only,0.1,314,0.06,maximize_F1_subject_to_FPR_target,0.9367653808156947,0.9906241656160634,0.049779401934132536
PRIMARY__CICIoT2023_R1__Cost-Only__b0.1__seed2718,CICIoT2023_R1,Cost-Only,0.1,2718,0.05,maximize_F1_subject_to_FPR_target,0.9447826053157334,0.9930982874498148,0.028789161727349702
PRIMARY__CICIoT2023_R1__Cost-Only__b0.1__seed9001,CICIoT2023_R1,Cost-Only,0.1,9001,0.95,minimum_FPR_then_maximum_F1,0.9508223635115369,0.9912611558143514,0.13694906190115425
PRIMARY__CICIoT2023_R1__Cost-Only__b0.1__seed2027,CICIoT2023_R1,Cost-Only,0.1,2027,0.95,minimum_FPR_then_maximum_F1,0.8872317428810321,0.950506960508191,0.6517224475243995
PRIMARY__CICIoT2023_R1__Utility-Only__b0.1__seed42,CICIoT2023_R1,Utility-Only,0.1,42,0.05,maximize_F1_subject_to_FPR_target,0.9237957325610234,0.991811467842423,0.001559784304113374
PRIMARY__CICIoT2023_R1__Utility-Only__b0.1__seed123,CICIoT2023_R1,Utility-Only,0.1,123,0.95,minimum_FPR_then_maximum_F1,0.4682940048361544,0.794380979987833,0.27875573777797585
PRIMARY__CICIoT2023_R1__Utility-Only__b0.1__seed777,CICIoT2023_R1,Utility-Only,0.1,777,0.4,maximize_F1_subject_to_FPR_target,0.9552860149225177,0.9939123729351699,0.04612505013592406
PRIMARY__CICIoT2023_R1__Utility-Only__b0.1__seed2026,CICIoT2023_R1,Utility-Only,0.1,2026,0.34,maximize_F1_subject_to_FPR_target,0.9518109316655654,0.9933370675698676,0.04407504790766077
PRIMARY__CICIoT2023_R1__Utility-Only__b0.1__seed3407,CICIoT2023_R1,Utility-Only,0.1,3407,0.68,maximize_F1_subject_to_FPR_target,0.9506521054128207,0.9929671137011241,0.04657070279424217
PRIMARY__CICIoT2023_R1__Utility-Only__b0.1__seed11,CICIoT2023_R1,Utility-Only,0.1,11,0.37,maximize_F1_subject_to_FPR_target,0.9563994159066063,0.9939294658771882,0.045813093275101385
PRIMARY__CICIoT2023_R1__Utility-Only__b0.1__seed314,CICIoT2023_R1,Utility-Only,0.1,314,0.5,maximize_F1_subject_to_FPR_target,0.9454792469142473,0.993136020603204,0.04817505236418735
PRIMARY__CICIoT2023_R1__Utility-Only__b0.1__seed2718,CICIoT2023_R1,Utility-Only,0.1,2718,0.33,maximize_F1_subject_to_FPR_target,0.9505713934627673,0.9936311959830711,0.048932661883328135
PRIMARY__CICIoT2023_R1__Utility-Only__b0.1__seed9001,CICIoT2023_R1,Utility-Only,0.1,9001,0.33,maximize_F1_subject_to_FPR_target,0.9530174594172018,0.9933514854966281,0.04804135656669192
PRIMARY__CICIoT2023_R1__Utility-Only__b0.1__seed2027,CICIoT2023_R1,Utility-Only,0.1,2027,0.45,maximize_F1_subject_to_FPR_target,0.9528984396554366,0.9938176816176236,0.048620705022505456
PRIMARY__CICIoT2023_R1__Utility-Cost-Ratio__b0.1__seed42,CICIoT2023_R1,Utility-Cost-Ratio,0.1,42,0.05,maximize_F1_subject_to_FPR_target,0.9237957325610234,0.991811467842423,0.001559784304113374
PRIMARY__CICIoT2023_R1__Utility-Cost-Ratio__b0.1__seed123,CICIoT2023_R1,Utility-Cost-Ratio,0.1,123,0.95,minimum_FPR_then_maximum_F1,0.4682940048361544,0.794380979987833,0.27875573777797585
PRIMARY__CICIoT2023_R1__Utility-Cost-Ratio__b0.1__seed777,CICIoT2023_R1,Utility-Cost-Ratio,0.1,777,0.4,maximize_F1_subject_to_FPR_target,0.9552860149225177,0.9939123729351699,0.04612505013592406
PRIMARY__CICIoT2023_R1__Utility-Cost-Ratio__b0.1__seed2026,CICIoT2023_R1,Utility-Cost-Ratio,0.1,2026,0.34,maximize_F1_subject_to_FPR_target,0.9518109316655654,0.9933370675698676,0.04407504790766077
PRIMARY__CICIoT2023_R1__Utility-Cost-Ratio__b0.1__seed3407,CICIoT2023_R1,Utility-Cost-Ratio,0.1,3407,0.68,maximize_F1_subject_to_FPR_target,0.9506521054128207,0.9929671137011241,0.04657070279424217
PRIMARY__CICIoT2023_R1__Utility-Cost-Ratio__b0.1__seed11,CICIoT2023_R1,Utility-Cost-Ratio,0.1,11,0.37,maximize_F1_subject_to_FPR_target,0.9563994159066063,0.9939294658771882,0.045813093275101385
PRIMARY__CICIoT2023_R1__Utility-Cost-Ratio__b0.1__seed314,CICIoT2023_R1,Utility-Cost-Ratio,0.1,314,0.5,maximize_F1_subject_to_FPR_target,0.9454792469142473,0.993136020603204,0.04817505236418735
PRIMARY__CICIoT2023_R1__Utility-Cost-Ratio__b0.1__seed2718,CICIoT2023_R1,Utility-Cost-Ratio,0.1,2718,0.33,maximize_F1_subject_to_FPR_target,0.9505713934627673,0.9936311959830711,0.048932661883328135
PRIMARY__CICIoT2023_R1__Utility-Cost-Ratio__b0.1__seed9001,CICIoT2023_R1,Utility-Cost-Ratio,0.1,9001,0.33,maximize_F1_subject_to_FPR_target,0.9530174594172018,0.9933514854966281,0.04804135656669192
PRIMARY__CICIoT2023_R1__Utility-Cost-Ratio__b0.1__seed2027,CICIoT2023_R1,Utility-Cost-Ratio,0.1,2027,0.24,maximize_F1_subject_to_FPR_target,0.9496798788689309,0.9929502765434144,0.049155488212487185
PRIMARY__CICIoT2023_R1__CB-Score__b0.1__seed42,CICIoT2023_R1,CB-Score,0.1,42,0.73,maximize_F1_subject_to_FPR_target,0.9513384798555902,0.9933575932790869,0.04616961540175587
PRIMARY__CICIoT2023_R1__CB-Score__b0.1__seed123,CICIoT2023_R1,CB-Score,0.1,123,0.95,minimum_FPR_then_maximum_F1,0.4682940048361544,0.794380979987833,0.27875573777797585
PRIMARY__CICIoT2023_R1__CB-Score__b0.1__seed777,CICIoT2023_R1,CB-Score,0.1,777,0.41,maximize_F1_subject_to_FPR_target,0.9546987693790298,0.9939886776720094,0.049512010339141675
PRIMARY__CICIoT2023_R1__CB-Score__b0.1__seed2026,CICIoT2023_R1,CB-Score,0.1,2026,0.05,maximize_F1_subject_to_FPR_target,0.932537294523802,0.9909980836040955,0.008110878381389545
PRIMARY__CICIoT2023_R1__CB-Score__b0.1__seed3407,CICIoT2023_R1,CB-Score,0.1,3407,0.85,maximize_F1_subject_to_FPR_target,0.9463716062256208,0.9921866193293642,0.04367396051517447
PRIMARY__CICIoT2023_R1__CB-Score__b0.1__seed11,CICIoT2023_R1,CB-Score,0.1,11,0.52,maximize_F1_subject_to_FPR_target,0.9562525794469666,0.9942364764163347,0.047194616515887515
PRIMARY__CICIoT2023_R1__CB-Score__b0.1__seed314,CICIoT2023_R1,CB-Score,0.1,314,0.41,maximize_F1_subject_to_FPR_target,0.9544016121493537,0.993785487690525,0.04483265742680155
PRIMARY__CICIoT2023_R1__CB-Score__b0.1__seed2718,CICIoT2023_R1,CB-Score,0.1,2718,0.28,maximize_F1_subject_to_FPR_target,0.952508032913858,0.9936338491879678,0.047818530237532866
PRIMARY__CICIoT2023_R1__CB-Score__b0.1__seed9001,CICIoT2023_R1,CB-Score,0.1,9001,0.67,maximize_F1_subject_to_FPR_target,0.9512556525477731,0.993019562766162,0.0479522260350283
PRIMARY__CICIoT2023_R1__CB-Score__b0.1__seed2027,CICIoT2023_R1,CB-Score,0.1,2027,0.37,maximize_F1_subject_to_FPR_target,0.9538289495856248,0.9940554380763276,0.04764026917420562
PRIMARY__CICIoT2023_R1__Historical-DoubleCost__b0.1__seed42,CICIoT2023_R1,Historical-DoubleCost,0.1,42,0.73,maximize_F1_subject_to_FPR_target,0.9513384798555902,0.9933575932790869,0.04616961540175587
PRIMARY__CICIoT2023_R1__Historical-DoubleCost__b0.1__seed123,CICIoT2023_R1,Historical-DoubleCost,0.1,123,0.95,minimum_FPR_then_maximum_F1,0.4682940048361544,0.794380979987833,0.27875573777797585
PRIMARY__CICIoT2023_R1__Historical-DoubleCost__b0.1__seed777,CICIoT2023_R1,Historical-DoubleCost,0.1,777,0.41,maximize_F1_subject_to_FPR_target,0.9546987693790298,0.9939886776720094,0.049512010339141675
PRIMARY__CICIoT2023_R1__Historical-DoubleCost__b0.1__seed2026,CICIoT2023_R1,Historical-DoubleCost,0.1,2026,0.05,maximize_F1_subject_to_FPR_target,0.932537294523802,0.9909980836040955,0.008110878381389545
PRIMARY__CICIoT2023_R1__Historical-DoubleCost__b0.1__seed3407,CICIoT2023_R1,Historical-DoubleCost,0.1,3407,0.85,maximize_F1_subject_to_FPR_target,0.9463716062256208,0.9921866193293642,0.04367396051517447
PRIMARY__CICIoT2023_R1__Historical-DoubleCost__b0.1__seed11,CICIoT2023_R1,Historical-DoubleCost,0.1,11,0.56,maximize_F1_subject_to_FPR_target,0.9550658096112642,0.9940537718665247,0.04688265965506484
PRIMARY__CICIoT2023_R1__Historical-DoubleCost__b0.1__seed314,CICIoT2023_R1,Historical-DoubleCost,0.1,314,0.41,maximize_F1_subject_to_FPR_target,0.9544016121493537,0.993785487690525,0.04483265742680155
PRIMARY__CICIoT2023_R1__Historical-DoubleCost__b0.1__seed2718,CICIoT2023_R1,Historical-DoubleCost,0.1,2718,0.28,maximize_F1_subject_to_FPR_target,0.952508032913858,0.9936338491879678,0.047818530237532866
PRIMARY__CICIoT2023_R1__Historical-DoubleCost__b0.1__seed9001,CICIoT2023_R1,Historical-DoubleCost,0.1,9001,0.67,maximize_F1_subject_to_FPR_target,0.9512556525477731,0.993019562766162,0.0479522260350283
PRIMARY__CICIoT2023_R1__Historical-DoubleCost__b0.1__seed2027,CICIoT2023_R1,Historical-DoubleCost,0.1,2027,0.37,maximize_F1_subject_to_FPR_target,0.9538289495856248,0.9940554380763276,0.04764026917420562
PRIMARY__CICIoT2023_R1__Oort-Style-Adapted__b0.1__seed42,CICIoT2023_R1,Oort-Style-Adapted,0.1,42,0.05,maximize_F1_subject_to_FPR_target,0.9237957325610234,0.991811467842423,0.001559784304113374
PRIMARY__CICIoT2023_R1__Oort-Style-Adapted__b0.1__seed123,CICIoT2023_R1,Oort-Style-Adapted,0.1,123,0.95,minimum_FPR_then_maximum_F1,0.4682940048361544,0.794380979987833,0.27875573777797585
PRIMARY__CICIoT2023_R1__Oort-Style-Adapted__b0.1__seed777,CICIoT2023_R1,Oort-Style-Adapted,0.1,777,0.4,maximize_F1_subject_to_FPR_target,0.9552860149225177,0.9939123729351699,0.04612505013592406
PRIMARY__CICIoT2023_R1__Oort-Style-Adapted__b0.1__seed2026,CICIoT2023_R1,Oort-Style-Adapted,0.1,2026,0.05,maximize_F1_subject_to_FPR_target,0.9331287033154809,0.9900140438393087,0.009180444761353001
PRIMARY__CICIoT2023_R1__Oort-Style-Adapted__b0.1__seed3407,CICIoT2023_R1,Oort-Style-Adapted,0.1,3407,0.33,maximize_F1_subject_to_FPR_target,0.9503510107417745,0.9931128313517888,0.04594678907259682
PRIMARY__CICIoT2023_R1__Oort-Style-Adapted__b0.1__seed11,CICIoT2023_R1,Oort-Style-Adapted,0.1,11,0.53,maximize_F1_subject_to_FPR_target,0.9572423897864027,0.9934690773316291,0.048932661883328135
PRIMARY__CICIoT2023_R1__Oort-Style-Adapted__b0.1__seed314,CICIoT2023_R1,Oort-Style-Adapted,0.1,314,0.95,minimum_FPR_then_maximum_F1,0.8570080828170019,0.835826405212118,0.9995989126075137
PRIMARY__CICIoT2023_R1__Oort-Style-Adapted__b0.1__seed2718,CICIoT2023_R1,Oort-Style-Adapted,0.1,2718,0.33,maximize_F1_subject_to_FPR_target,0.9507687815523164,0.9933583681649056,0.04679352912340122
PRIMARY__CICIoT2023_R1__Oort-Style-Adapted__b0.1__seed9001,CICIoT2023_R1,Oort-Style-Adapted,0.1,9001,0.33,maximize_F1_subject_to_FPR_target,0.9530174594172018,0.9933514854966281,0.04804135656669192
PRIMARY__CICIoT2023_R1__Oort-Style-Adapted__b0.1__seed2027,CICIoT2023_R1,Oort-Style-Adapted,0.1,2027,0.46,maximize_F1_subject_to_FPR_target,0.9500565354173237,0.9934740238472423,0.04572396274343776
PRIMARY__CICIoT2023_R1__Oracle-Score-Exact__b0.1__seed42,CICIoT2023_R1,Oracle-Score-Exact,0.1,42,0.73,maximize_F1_subject_to_FPR_target,0.9513384798555902,0.9933575932790869,0.04616961540175587
PRIMARY__CICIoT2023_R1__Oracle-Score-Exact__b0.1__seed123,CICIoT2023_R1,Oracle-Score-Exact,0.1,123,0.95,minimum_FPR_then_maximum_F1,0.4682940048361544,0.794380979987833,0.27875573777797585
PRIMARY__CICIoT2023_R1__Oracle-Score-Exact__b0.1__seed777,CICIoT2023_R1,Oracle-Score-Exact,0.1,777,0.41,maximize_F1_subject_to_FPR_target,0.9546987693790298,0.9939886776720094,0.049512010339141675
PRIMARY__CICIoT2023_R1__Oracle-Score-Exact__b0.1__seed2026,CICIoT2023_R1,Oracle-Score-Exact,0.1,2026,0.05,maximize_F1_subject_to_FPR_target,0.932537294523802,0.9909980836040955,0.008110878381389545
PRIMARY__CICIoT2023_R1__Oracle-Score-Exact__b0.1__seed3407,CICIoT2023_R1,Oracle-Score-Exact,0.1,3407,0.85,maximize_F1_subject_to_FPR_target,0.9463716062256208,0.9921866193293642,0.04367396051517447
PRIMARY__CICIoT2023_R1__Oracle-Score-Exact__b0.1__seed11,CICIoT2023_R1,Oracle-Score-Exact,0.1,11,0.52,maximize_F1_subject_to_FPR_target,0.9562525794469666,0.9942364764163347,0.047194616515887515
PRIMARY__CICIoT2023_R1__Oracle-Score-Exact__b0.1__seed314,CICIoT2023_R1,Oracle-Score-Exact,0.1,314,0.41,maximize_F1_subject_to_FPR_target,0.9544016121493537,0.993785487690525,0.04483265742680155
PRIMARY__CICIoT2023_R1__Oracle-Score-Exact__b0.1__seed2718,CICIoT2023_R1,Oracle-Score-Exact,0.1,2718,0.28,maximize_F1_subject_to_FPR_target,0.952508032913858,0.9936338491879678,0.047818530237532866
PRIMARY__CICIoT2023_R1__Oracle-Score-Exact__b0.1__seed9001,CICIoT2023_R1,Oracle-Score-Exact,0.1,9001,0.67,maximize_F1_subject_to_FPR_target,0.9512556525477731,0.993019562766162,0.0479522260350283
PRIMARY__CICIoT2023_R1__Oracle-Score-Exact__b0.1__seed2027,CICIoT2023_R1,Oracle-Score-Exact,0.1,2027,0.37,maximize_F1_subject_to_FPR_target,0.9538289495856248,0.9940554380763276,0.04764026917420562
PRIMARY__CICIoT2023_R1__Random-Budget__b0.2__seed42,CICIoT2023_R1,Random-Budget,0.2,42,0.56,maximize_F1_subject_to_FPR_target,0.9545572817019974,0.9935872707204716,0.04813048709835554
PRIMARY__CICIoT2023_R1__Random-Budget__b0.2__seed123,CICIoT2023_R1,Random-Budget,0.2,123,0.69,maximize_F1_subject_to_FPR_target,0.9530746817972704,0.9936478291157046,0.046615268060073975
PRIMARY__CICIoT2023_R1__Random-Budget__b0.2__seed777,CICIoT2023_R1,Random-Budget,0.2,777,0.36,maximize_F1_subject_to_FPR_target,0.9523341975668502,0.9934410525272195,0.047506573376710194
PRIMARY__CICIoT2023_R1__Random-Budget__b0.2__seed2026,CICIoT2023_R1,Random-Budget,0.2,2026,0.52,maximize_F1_subject_to_FPR_target,0.9489956009474882,0.9934689777390847,0.04928918400998262
PRIMARY__CICIoT2023_R1__Random-Budget__b0.2__seed3407,CICIoT2023_R1,Random-Budget,0.2,3407,0.68,maximize_F1_subject_to_FPR_target,0.9554539956671183,0.9937050210092967,0.04456526583181069
PRIMARY__CICIoT2023_R1__Random-Budget__b0.2__seed11,CICIoT2023_R1,Random-Budget,0.2,11,0.93,maximize_F1_subject_to_FPR_target,0.9320737601076059,0.989792132993278,0.04706092071839209
PRIMARY__CICIoT2023_R1__Random-Budget__b0.2__seed314,CICIoT2023_R1,Random-Budget,0.2,314,0.64,maximize_F1_subject_to_FPR_target,0.951762765182031,0.9936225942571542,0.04844244395917822
PRIMARY__CICIoT2023_R1__Random-Budget__b0.2__seed2718,CICIoT2023_R1,Random-Budget,0.2,2718,0.05,maximize_F1_subject_to_FPR_target,0.9358142737537265,0.9922889496841181,0.03467177681714871
PRIMARY__CICIoT2023_R1__Random-Budget__b0.2__seed9001,CICIoT2023_R1,Random-Budget,0.2,9001,0.87,maximize_F1_subject_to_FPR_target,0.9485027170771188,0.9932292362170019,0.043852221578501716
PRIMARY__CICIoT2023_R1__Random-Budget__b0.2__seed2027,CICIoT2023_R1,Random-Budget,0.2,2027,0.65,maximize_F1_subject_to_FPR_target,0.9407670366466174,0.9918212032779508,0.04924461874415081
PRIMARY__CICIoT2023_R1__Cost-Only__b0.2__seed42,CICIoT2023_R1,Cost-Only,0.2,42,0.8,maximize_F1_subject_to_FPR_target,0.9534019922336654,0.9937518182182249,0.043005481527697315
PRIMARY__CICIoT2023_R1__Cost-Only__b0.2__seed123,CICIoT2023_R1,Cost-Only,0.2,123,0.67,maximize_F1_subject_to_FPR_target,0.9545336212309153,0.9938256487688863,0.046615268060073975
PRIMARY__CICIoT2023_R1__Cost-Only__b0.2__seed777,CICIoT2023_R1,Cost-Only,0.2,777,0.87,maximize_F1_subject_to_FPR_target,0.9468133564948852,0.9924223125348451,0.043807656312669904
PRIMARY__CICIoT2023_R1__Cost-Only__b0.2__seed2026,CICIoT2023_R1,Cost-Only,0.2,2026,0.59,maximize_F1_subject_to_FPR_target,0.9503331360901274,0.9928866146513557,0.047729399705869244
PRIMARY__CICIoT2023_R1__Cost-Only__b0.2__seed3407,CICIoT2023_R1,Cost-Only,0.2,3407,0.86,maximize_F1_subject_to_FPR_target,0.9534564579068823,0.9930637041275894,0.04590222380676501
PRIMARY__CICIoT2023_R1__Cost-Only__b0.2__seed11,CICIoT2023_R1,Cost-Only,0.2,11,0.88,maximize_F1_subject_to_FPR_target,0.9519134902983357,0.992813750978146,0.04928918400998262
PRIMARY__CICIoT2023_R1__Cost-Only__b0.2__seed314,CICIoT2023_R1,Cost-Only,0.2,314,0.95,minimum_FPR_then_maximum_F1,0.9502843487204308,0.990678556699883,0.09710771424751549
PRIMARY__CICIoT2023_R1__Cost-Only__b0.2__seed2718,CICIoT2023_R1,Cost-Only,0.2,2718,0.18,maximize_F1_subject_to_FPR_target,0.9530652148909251,0.9938277738809965,0.04652613752841036
PRIMARY__CICIoT2023_R1__Cost-Only__b0.2__seed9001,CICIoT2023_R1,Cost-Only,0.2,9001,0.94,maximize_F1_subject_to_FPR_target,0.9517896386912355,0.9925290861180257,0.04376309104683809
PRIMARY__CICIoT2023_R1__Cost-Only__b0.2__seed2027,CICIoT2023_R1,Cost-Only,0.2,2027,0.73,maximize_F1_subject_to_FPR_target,0.9464058340085658,0.9926696085959913,0.046392441730914925
PRIMARY__CICIoT2023_R1__Utility-Only__b0.2__seed42,CICIoT2023_R1,Utility-Only,0.2,42,0.05,maximize_F1_subject_to_FPR_target,0.928251478488196,0.9921402815287863,0.0004456526583181069
PRIMARY__CICIoT2023_R1__Utility-Only__b0.2__seed123,CICIoT2023_R1,Utility-Only,0.2,123,0.05,maximize_F1_subject_to_FPR_target,0.9320052931434775,0.9893906793726255,0.007442399393912385
PRIMARY__CICIoT2023_R1__Utility-Only__b0.2__seed777,CICIoT2023_R1,Utility-Only,0.2,777,0.05,maximize_F1_subject_to_FPR_target,0.9323413233497787,0.9909842107271641,0.0034760907348812334
PRIMARY__CICIoT2023_R1__Utility-Only__b0.2__seed2026,CICIoT2023_R1,Utility-Only,0.2,2026,0.19,maximize_F1_subject_to_FPR_target,0.9531924022894271,0.9934399492799894,0.04844244395917822
PRIMARY__CICIoT2023_R1__Utility-Only__b0.2__seed3407,CICIoT2023_R1,Utility-Only,0.2,3407,0.12,maximize_F1_subject_to_FPR_target,0.9495575902131261,0.9934817397693811,0.0463033111992513
PRIMARY__CICIoT2023_R1__Utility-Only__b0.2__seed11,CICIoT2023_R1,Utility-Only,0.2,11,0.44,maximize_F1_subject_to_FPR_target,0.9486816601544473,0.9930118230810583,0.04982396719996435
PRIMARY__CICIoT2023_R1__Utility-Only__b0.2__seed314,CICIoT2023_R1,Utility-Only,0.2,314,0.06,maximize_F1_subject_to_FPR_target,0.9305697998902855,0.9912147559370547,0.0014706537724497528
PRIMARY__CICIoT2023_R1__Utility-Only__b0.2__seed2718,CICIoT2023_R1,Utility-Only,0.2,2718,0.17,maximize_F1_subject_to_FPR_target,0.9512907191149355,0.9933726343799899,0.04572396274343776
PRIMARY__CICIoT2023_R1__Utility-Only__b0.2__seed9001,CICIoT2023_R1,Utility-Only,0.2,9001,0.05,maximize_F1_subject_to_FPR_target,0.9319255348707974,0.9908023880448977,0.0020500022282632915
PRIMARY__CICIoT2023_R1__Utility-Only__b0.2__seed2027,CICIoT2023_R1,Utility-Only,0.2,2027,0.05,maximize_F1_subject_to_FPR_target,0.9307351047082956,0.9894359916055826,0.0009358705824680244
PRIMARY__CICIoT2023_R1__Utility-Cost-Ratio__b0.2__seed42,CICIoT2023_R1,Utility-Cost-Ratio,0.2,42,0.05,maximize_F1_subject_to_FPR_target,0.928251478488196,0.9921402815287863,0.0004456526583181069
PRIMARY__CICIoT2023_R1__Utility-Cost-Ratio__b0.2__seed123,CICIoT2023_R1,Utility-Cost-Ratio,0.2,123,0.05,maximize_F1_subject_to_FPR_target,0.9320052931434775,0.9893906793726255,0.007442399393912385
PRIMARY__CICIoT2023_R1__Utility-Cost-Ratio__b0.2__seed777,CICIoT2023_R1,Utility-Cost-Ratio,0.2,777,0.05,maximize_F1_subject_to_FPR_target,0.9323413233497787,0.9909842107271641,0.0034760907348812334
PRIMARY__CICIoT2023_R1__Utility-Cost-Ratio__b0.2__seed2026,CICIoT2023_R1,Utility-Cost-Ratio,0.2,2026,0.49,maximize_F1_subject_to_FPR_target,0.9518582574272647,0.9937001050041138,0.04255982886937921
PRIMARY__CICIoT2023_R1__Utility-Cost-Ratio__b0.2__seed3407,CICIoT2023_R1,Utility-Cost-Ratio,0.2,3407,0.12,maximize_F1_subject_to_FPR_target,0.9495575902131261,0.9934817397693811,0.0463033111992513
PRIMARY__CICIoT2023_R1__Utility-Cost-Ratio__b0.2__seed11,CICIoT2023_R1,Utility-Cost-Ratio,0.2,11,0.46,maximize_F1_subject_to_FPR_target,0.9511260255837939,0.9932496520238734,0.040732652970274966
PRIMARY__CICIoT2023_R1__Utility-Cost-Ratio__b0.2__seed314,CICIoT2023_R1,Utility-Cost-Ratio,0.2,314,0.06,maximize_F1_subject_to_FPR_target,0.9305697998902855,0.9912147559370547,0.0014706537724497528
PRIMARY__CICIoT2023_R1__Utility-Cost-Ratio__b0.2__seed2718,CICIoT2023_R1,Utility-Cost-Ratio,0.2,2718,0.17,maximize_F1_subject_to_FPR_target,0.9512907191149355,0.9933726343799899,0.04572396274343776
PRIMARY__CICIoT2023_R1__Utility-Cost-Ratio__b0.2__seed9001,CICIoT2023_R1,Utility-Cost-Ratio,0.2,9001,0.05,maximize_F1_subject_to_FPR_target,0.9319255348707974,0.9908023880448977,0.0020500022282632915
PRIMARY__CICIoT2023_R1__Utility-Cost-Ratio__b0.2__seed2027,CICIoT2023_R1,Utility-Cost-Ratio,0.2,2027,0.05,maximize_F1_subject_to_FPR_target,0.9307351047082956,0.9894359916055826,0.0009358705824680244
PRIMARY__CICIoT2023_R1__CB-Score__b0.2__seed42,CICIoT2023_R1,CB-Score,0.2,42,0.3,maximize_F1_subject_to_FPR_target,0.9528828745895854,0.9939757892221478,0.04567939747760595
PRIMARY__CICIoT2023_R1__CB-Score__b0.2__seed123,CICIoT2023_R1,CB-Score,0.2,123,0.05,maximize_F1_subject_to_FPR_target,0.934040037892726,0.9901122104786935,0.03801417175453452
PRIMARY__CICIoT2023_R1__CB-Score__b0.2__seed777,CICIoT2023_R1,CB-Score,0.2,777,0.6,maximize_F1_subject_to_FPR_target,0.9532084434739302,0.9936045282286404,0.04844244395917822
PRIMARY__CICIoT2023_R1__CB-Score__b0.2__seed2026,CICIoT2023_R1,CB-Score,0.2,2026,0.43,maximize_F1_subject_to_FPR_target,0.9552727634468668,0.9937766836414339,0.0463033111992513
PRIMARY__CICIoT2023_R1__CB-Score__b0.2__seed3407,CICIoT2023_R1,CB-Score,0.2,3407,0.57,maximize_F1_subject_to_FPR_target,0.950102013319475,0.9924222944723621,0.04273808993270645
PRIMARY__CICIoT2023_R1__CB-Score__b0.2__seed11,CICIoT2023_R1,CB-Score,0.2,11,0.55,maximize_F1_subject_to_FPR_target,0.9533818667198539,0.9935942618916037,0.04425330897098801
PRIMARY__CICIoT2023_R1__CB-Score__b0.2__seed314,CICIoT2023_R1,CB-Score,0.2,314,0.59,maximize_F1_subject_to_FPR_target,0.9508757925116286,0.9930253662975028,0.049779401934132536
PRIMARY__CICIoT2023_R1__CB-Score__b0.2__seed2718,CICIoT2023_R1,CB-Score,0.2,2718,0.28,maximize_F1_subject_to_FPR_target,0.9522407062270388,0.9937064183340933,0.04817505236418735
PRIMARY__CICIoT2023_R1__CB-Score__b0.2__seed9001,CICIoT2023_R1,CB-Score,0.2,9001,0.2,maximize_F1_subject_to_FPR_target,0.9501065573139863,0.9928742612910617,0.04487722269263336
PRIMARY__CICIoT2023_R1__CB-Score__b0.2__seed2027,CICIoT2023_R1,CB-Score,0.2,2027,0.46,maximize_F1_subject_to_FPR_target,0.9519946532691111,0.9936078356340083,0.04398591737599715
PRIMARY__CICIoT2023_R1__Historical-DoubleCost__b0.2__seed42,CICIoT2023_R1,Historical-DoubleCost,0.2,42,0.3,maximize_F1_subject_to_FPR_target,0.9528828745895854,0.9939757892221478,0.04567939747760595
PRIMARY__CICIoT2023_R1__Historical-DoubleCost__b0.2__seed123,CICIoT2023_R1,Historical-DoubleCost,0.2,123,0.19,maximize_F1_subject_to_FPR_target,0.9536453266123781,0.9939237643452095,0.04768483444003743
PRIMARY__CICIoT2023_R1__Historical-DoubleCost__b0.2__seed777,CICIoT2023_R1,Historical-DoubleCost,0.2,777,0.6,maximize_F1_subject_to_FPR_target,0.9532084434739302,0.9936045282286404,0.04844244395917822
PRIMARY__CICIoT2023_R1__Historical-DoubleCost__b0.2__seed2026,CICIoT2023_R1,Historical-DoubleCost,0.2,2026,0.43,maximize_F1_subject_to_FPR_target,0.9552727634468668,0.9937766836414339,0.0463033111992513
PRIMARY__CICIoT2023_R1__Historical-DoubleCost__b0.2__seed3407,CICIoT2023_R1,Historical-DoubleCost,0.2,3407,0.57,maximize_F1_subject_to_FPR_target,0.950102013319475,0.9924222944723621,0.04273808993270645
PRIMARY__CICIoT2023_R1__Historical-DoubleCost__b0.2__seed11,CICIoT2023_R1,Historical-DoubleCost,0.2,11,0.55,maximize_F1_subject_to_FPR_target,0.9533818667198539,0.9935942618916037,0.04425330897098801
PRIMARY__CICIoT2023_R1__Historical-DoubleCost__b0.2__seed314,CICIoT2023_R1,Historical-DoubleCost,0.2,314,0.6,maximize_F1_subject_to_FPR_target,0.9545976395671009,0.9931182503064074,0.04764026917420562
PRIMARY__CICIoT2023_R1__Historical-DoubleCost__b0.2__seed2718,CICIoT2023_R1,Historical-DoubleCost,0.2,2718,0.28,maximize_F1_subject_to_FPR_target,0.9522407062270388,0.9937064183340933,0.04817505236418735
PRIMARY__CICIoT2023_R1__Historical-DoubleCost__b0.2__seed9001,CICIoT2023_R1,Historical-DoubleCost,0.2,9001,0.05,maximize_F1_subject_to_FPR_target,0.9318272024385984,0.9903471196564602,0.002540220152413209
PRIMARY__CICIoT2023_R1__Historical-DoubleCost__b0.2__seed2027,CICIoT2023_R1,Historical-DoubleCost,0.2,2027,0.46,maximize_F1_subject_to_FPR_target,0.9519946532691111,0.9936078356340083,0.04398591737599715
PRIMARY__CICIoT2023_R1__Oort-Style-Adapted__b0.2__seed42,CICIoT2023_R1,Oort-Style-Adapted,0.2,42,0.05,maximize_F1_subject_to_FPR_target,0.9325210723112999,0.9916435576026745,0.006729355140603414
PRIMARY__CICIoT2023_R1__Oort-Style-Adapted__b0.2__seed123,CICIoT2023_R1,Oort-Style-Adapted,0.2,123,0.05,maximize_F1_subject_to_FPR_target,0.9331571620696978,0.9903246576374443,0.026739159499086413
PRIMARY__CICIoT2023_R1__Oort-Style-Adapted__b0.2__seed777,CICIoT2023_R1,Oort-Style-Adapted,0.2,777,0.34,maximize_F1_subject_to_FPR_target,0.9515555248215507,0.9932593009844876,0.044698961629306116
PRIMARY__CICIoT2023_R1__Oort-Style-Adapted__b0.2__seed2026,CICIoT2023_R1,Oort-Style-Adapted,0.2,2026,0.5,maximize_F1_subject_to_FPR_target,0.9519019273068463,0.9936334318843016,0.04082178350193859
PRIMARY__CICIoT2023_R1__Oort-Style-Adapted__b0.2__seed3407,CICIoT2023_R1,Oort-Style-Adapted,0.2,3407,0.05,maximize_F1_subject_to_FPR_target,0.9308823178634185,0.9911363233069946,0.00035652212665448547
PRIMARY__CICIoT2023_R1__Oort-Style-Adapted__b0.2__seed11,CICIoT2023_R1,Oort-Style-Adapted,0.2,11,0.46,maximize_F1_subject_to_FPR_target,0.9531539140783968,0.9934666990383328,0.04206961094522929
PRIMARY__CICIoT2023_R1__Oort-Style-Adapted__b0.2__seed314,CICIoT2023_R1,Oort-Style-Adapted,0.2,314,0.57,maximize_F1_subject_to_FPR_target,0.9512093923840551,0.9928544321185122,0.04567939747760595
PRIMARY__CICIoT2023_R1__Oort-Style-Adapted__b0.2__seed2718,CICIoT2023_R1,Oort-Style-Adapted,0.2,2718,0.45,maximize_F1_subject_to_FPR_target,0.9519171684896154,0.9936281717233811,0.044654396363474305
PRIMARY__CICIoT2023_R1__Oort-Style-Adapted__b0.2__seed9001,CICIoT2023_R1,Oort-Style-Adapted,0.2,9001,0.41,maximize_F1_subject_to_FPR_target,0.9490030025406113,0.9934812345981138,0.04603591960426044
PRIMARY__CICIoT2023_R1__Oort-Style-Adapted__b0.2__seed2027,CICIoT2023_R1,Oort-Style-Adapted,0.2,2027,0.44,maximize_F1_subject_to_FPR_target,0.9472798437463812,0.9930382210570999,0.042648959401042824
PRIMARY__CICIoT2023_R1__Oracle-Score-Exact__b0.2__seed42,CICIoT2023_R1,Oracle-Score-Exact,0.2,42,0.3,maximize_F1_subject_to_FPR_target,0.9528828745895854,0.9939757892221478,0.04567939747760595
PRIMARY__CICIoT2023_R1__Oracle-Score-Exact__b0.2__seed123,CICIoT2023_R1,Oracle-Score-Exact,0.2,123,0.05,maximize_F1_subject_to_FPR_target,0.9347310776452181,0.989990561310023,0.03832612861535719
PRIMARY__CICIoT2023_R1__Oracle-Score-Exact__b0.2__seed777,CICIoT2023_R1,Oracle-Score-Exact,0.2,777,0.35,maximize_F1_subject_to_FPR_target,0.9539493841534408,0.9939086324956931,0.047150051250055704
PRIMARY__CICIoT2023_R1__Oracle-Score-Exact__b0.2__seed2026,CICIoT2023_R1,Oracle-Score-Exact,0.2,2026,0.43,maximize_F1_subject_to_FPR_target,0.9552727634468668,0.9937766836414339,0.0463033111992513
PRIMARY__CICIoT2023_R1__Oracle-Score-Exact__b0.2__seed3407,CICIoT2023_R1,Oracle-Score-Exact,0.2,3407,0.27,maximize_F1_subject_to_FPR_target,0.9511294076082365,0.9930448826013981,0.047150051250055704
PRIMARY__CICIoT2023_R1__Oracle-Score-Exact__b0.2__seed11,CICIoT2023_R1,Oracle-Score-Exact,0.2,11,0.95,minimum_FPR_then_maximum_F1,0.9109407454964311,0.9845027815136672,0.21698827933508624
PRIMARY__CICIoT2023_R1__Oracle-Score-Exact__b0.2__seed314,CICIoT2023_R1,Oracle-Score-Exact,0.2,314,0.6,maximize_F1_subject_to_FPR_target,0.9545976395671009,0.9931182503064074,0.04764026917420562
PRIMARY__CICIoT2023_R1__Oracle-Score-Exact__b0.2__seed2718,CICIoT2023_R1,Oracle-Score-Exact,0.2,2718,0.46,maximize_F1_subject_to_FPR_target,0.953962333514594,0.9937100745635522,0.04746200811087838
PRIMARY__CICIoT2023_R1__Oracle-Score-Exact__b0.2__seed9001,CICIoT2023_R1,Oracle-Score-Exact,0.2,9001,0.47,maximize_F1_subject_to_FPR_target,0.9457196197971942,0.9933077530655988,0.036721779045412004
PRIMARY__CICIoT2023_R1__Oracle-Score-Exact__b0.2__seed2027,CICIoT2023_R1,Oracle-Score-Exact,0.2,2027,0.33,maximize_F1_subject_to_FPR_target,0.9526864720915419,0.9933975958131028,0.044966353224296984
PRIMARY__CICIoT2023_R1__Random-Budget__b0.4__seed42,CICIoT2023_R1,Random-Budget,0.4,42,0.51,maximize_F1_subject_to_FPR_target,0.9545371106895919,0.9939900624685665,0.04991309773162797
PRIMARY__CICIoT2023_R1__Random-Budget__b0.4__seed123,CICIoT2023_R1,Random-Budget,0.4,123,0.51,maximize_F1_subject_to_FPR_target,0.9531847695267882,0.9936880210081096,0.046971790186728465
PRIMARY__CICIoT2023_R1__Random-Budget__b0.4__seed777,CICIoT2023_R1,Random-Budget,0.4,777,0.33,maximize_F1_subject_to_FPR_target,0.9542221439563889,0.9933404432871669,0.04768483444003743
PRIMARY__CICIoT2023_R1__Random-Budget__b0.4__seed2026,CICIoT2023_R1,Random-Budget,0.4,2026,0.41,maximize_F1_subject_to_FPR_target,0.9540812026388176,0.9940812800627422,0.0458576585409332
PRIMARY__CICIoT2023_R1__Random-Budget__b0.4__seed3407,CICIoT2023_R1,Random-Budget,0.4,3407,0.64,maximize_F1_subject_to_FPR_target,0.9552736931544179,0.993057337694003,0.04532287535095147
PRIMARY__CICIoT2023_R1__Random-Budget__b0.4__seed11,CICIoT2023_R1,Random-Budget,0.4,11,0.05,maximize_F1_subject_to_FPR_target,0.9347079577868755,0.9918391336987219,0.024956548865813985
PRIMARY__CICIoT2023_R1__Random-Budget__b0.4__seed314,CICIoT2023_R1,Random-Budget,0.4,314,0.11,maximize_F1_subject_to_FPR_target,0.9377658662760802,0.9916081128834423,0.04220330674272472
PRIMARY__CICIoT2023_R1__Random-Budget__b0.4__seed2718,CICIoT2023_R1,Random-Budget,0.4,2718,0.07,maximize_F1_subject_to_FPR_target,0.9434670638245058,0.9930993744508053,0.039128303400329786
PRIMARY__CICIoT2023_R1__Random-Budget__b0.4__seed9001,CICIoT2023_R1,Random-Budget,0.4,9001,0.86,maximize_F1_subject_to_FPR_target,0.9468067032203259,0.9923875879516543,0.043005481527697315
PRIMARY__CICIoT2023_R1__Random-Budget__b0.4__seed2027,CICIoT2023_R1,Random-Budget,0.4,2027,0.43,maximize_F1_subject_to_FPR_target,0.9513213222430251,0.9932976308053343,0.049467445073309864
PRIMARY__CICIoT2023_R1__Cost-Only__b0.4__seed42,CICIoT2023_R1,Cost-Only,0.4,42,0.65,maximize_F1_subject_to_FPR_target,0.9532654421737431,0.9936246838245555,0.04799679130086011
PRIMARY__CICIoT2023_R1__Cost-Only__b0.4__seed123,CICIoT2023_R1,Cost-Only,0.4,123,0.58,maximize_F1_subject_to_FPR_target,0.9547973303943179,0.9938975700936934,0.0471054859842239
PRIMARY__CICIoT2023_R1__Cost-Only__b0.4__seed777,CICIoT2023_R1,Cost-Only,0.4,777,0.79,maximize_F1_subject_to_FPR_target,0.9522735640648011,0.9930897539893057,0.047729399705869244
PRIMARY__CICIoT2023_R1__Cost-Only__b0.4__seed2026,CICIoT2023_R1,Cost-Only,0.4,2026,0.34,maximize_F1_subject_to_FPR_target,0.9560401787419318,0.9942235343723458,0.049512010339141675
PRIMARY__CICIoT2023_R1__Cost-Only__b0.4__seed3407,CICIoT2023_R1,Cost-Only,0.4,3407,0.83,maximize_F1_subject_to_FPR_target,0.9551229586568248,0.9937110926163512,0.04799679130086011
PRIMARY__CICIoT2023_R1__Cost-Only__b0.4__seed11,CICIoT2023_R1,Cost-Only,0.4,11,0.82,maximize_F1_subject_to_FPR_target,0.9544085065278555,0.9934823741640957,0.043228307856856364
PRIMARY__CICIoT2023_R1__Cost-Only__b0.4__seed314,CICIoT2023_R1,Cost-Only,0.4,314,0.86,maximize_F1_subject_to_FPR_target,0.9498289711364772,0.991759619896236,0.04844244395917822
PRIMARY__CICIoT2023_R1__Cost-Only__b0.4__seed2718,CICIoT2023_R1,Cost-Only,0.4,2718,0.69,maximize_F1_subject_to_FPR_target,0.9497648715837111,0.9932031427251421,0.04474352689513793
PRIMARY__CICIoT2023_R1__Cost-Only__b0.4__seed9001,CICIoT2023_R1,Cost-Only,0.4,9001,0.92,maximize_F1_subject_to_FPR_target,0.9529816161802167,0.9928299086543357,0.04483265742680155
PRIMARY__CICIoT2023_R1__Cost-Only__b0.4__seed2027,CICIoT2023_R1,Cost-Only,0.4,2027,0.54,maximize_F1_subject_to_FPR_target,0.9517369479452896,0.992962140112929,0.04737287757921476
PRIMARY__CICIoT2023_R1__Utility-Only__b0.4__seed42,CICIoT2023_R1,Utility-Only,0.4,42,0.47,maximize_F1_subject_to_FPR_target,0.9533429976146099,0.9939081258372356,0.04483265742680155
PRIMARY__CICIoT2023_R1__Utility-Only__b0.4__seed123,CICIoT2023_R1,Utility-Only,0.4,123,0.19,maximize_F1_subject_to_FPR_target,0.9535081469905545,0.9937940070335501,0.04813048709835554
PRIMARY__CICIoT2023_R1__Utility-Only__b0.4__seed777,CICIoT2023_R1,Utility-Only,0.4,777,0.31,maximize_F1_subject_to_FPR_target,0.9539413715712634,0.9938484317962869,0.047150051250055704
PRIMARY__CICIoT2023_R1__Utility-Only__b0.4__seed2026,CICIoT2023_R1,Utility-Only,0.4,2026,0.26,maximize_F1_subject_to_FPR_target,0.9550073012790617,0.9939595993850376,0.04982396719996435
PRIMARY__CICIoT2023_R1__Utility-Only__b0.4__seed3407,CICIoT2023_R1,Utility-Only,0.4,3407,0.05,maximize_F1_subject_to_FPR_target,0.9318838738366738,0.9921355186016427,0.0013815232407861312
PRIMARY__CICIoT2023_R1__Utility-Only__b0.4__seed11,CICIoT2023_R1,Utility-Only,0.4,11,0.05,maximize_F1_subject_to_FPR_target,0.9317429181788581,0.9922424203625703,0.0015152190382815634
PRIMARY__CICIoT2023_R1__Utility-Only__b0.4__seed314,CICIoT2023_R1,Utility-Only,0.4,314,0.05,maximize_F1_subject_to_FPR_target,0.9425468873374871,0.9932462367568372,0.01813806319354695
PRIMARY__CICIoT2023_R1__Utility-Only__b0.4__seed2718,CICIoT2023_R1,Utility-Only,0.4,2718,0.38,maximize_F1_subject_to_FPR_target,0.9535477049670168,0.9939462310238644,0.04759570390837382
PRIMARY__CICIoT2023_R1__Utility-Only__b0.4__seed9001,CICIoT2023_R1,Utility-Only,0.4,9001,0.09,maximize_F1_subject_to_FPR_target,0.951006433188497,0.9929549451433695,0.048932661883328135
PRIMARY__CICIoT2023_R1__Utility-Only__b0.4__seed2027,CICIoT2023_R1,Utility-Only,0.4,2027,0.39,maximize_F1_subject_to_FPR_target,0.9550750787485855,0.9940323377397107,0.049556575604973487
PRIMARY__CICIoT2023_R1__Utility-Cost-Ratio__b0.4__seed42,CICIoT2023_R1,Utility-Cost-Ratio,0.4,42,0.47,maximize_F1_subject_to_FPR_target,0.9533429976146099,0.9939081258372356,0.04483265742680155
PRIMARY__CICIoT2023_R1__Utility-Cost-Ratio__b0.4__seed123,CICIoT2023_R1,Utility-Cost-Ratio,0.4,123,0.19,maximize_F1_subject_to_FPR_target,0.9535081469905545,0.9937940070335501,0.04813048709835554
PRIMARY__CICIoT2023_R1__Utility-Cost-Ratio__b0.4__seed777,CICIoT2023_R1,Utility-Cost-Ratio,0.4,777,0.31,maximize_F1_subject_to_FPR_target,0.9539413715712634,0.9938484317962869,0.047150051250055704
PRIMARY__CICIoT2023_R1__Utility-Cost-Ratio__b0.4__seed2026,CICIoT2023_R1,Utility-Cost-Ratio,0.4,2026,0.26,maximize_F1_subject_to_FPR_target,0.9550073012790617,0.9939595993850376,0.04982396719996435
PRIMARY__CICIoT2023_R1__Utility-Cost-Ratio__b0.4__seed3407,CICIoT2023_R1,Utility-Cost-Ratio,0.4,3407,0.05,maximize_F1_subject_to_FPR_target,0.9318838738366738,0.9921355186016427,0.0013815232407861312
PRIMARY__CICIoT2023_R1__Utility-Cost-Ratio__b0.4__seed11,CICIoT2023_R1,Utility-Cost-Ratio,0.4,11,0.05,maximize_F1_subject_to_FPR_target,0.9317429181788581,0.9922424203625703,0.0015152190382815634
PRIMARY__CICIoT2023_R1__Utility-Cost-Ratio__b0.4__seed314,CICIoT2023_R1,Utility-Cost-Ratio,0.4,314,0.05,maximize_F1_subject_to_FPR_target,0.9425468873374871,0.9932462367568372,0.01813806319354695
PRIMARY__CICIoT2023_R1__Utility-Cost-Ratio__b0.4__seed2718,CICIoT2023_R1,Utility-Cost-Ratio,0.4,2718,0.38,maximize_F1_subject_to_FPR_target,0.9535477049670168,0.9939462310238644,0.04759570390837382
PRIMARY__CICIoT2023_R1__Utility-Cost-Ratio__b0.4__seed9001,CICIoT2023_R1,Utility-Cost-Ratio,0.4,9001,0.09,maximize_F1_subject_to_FPR_target,0.951006433188497,0.9929549451433695,0.048932661883328135
PRIMARY__CICIoT2023_R1__Utility-Cost-Ratio__b0.4__seed2027,CICIoT2023_R1,Utility-Cost-Ratio,0.4,2027,0.39,maximize_F1_subject_to_FPR_target,0.9550750787485855,0.9940323377397107,0.049556575604973487
PRIMARY__CICIoT2023_R1__CB-Score__b0.4__seed42,CICIoT2023_R1,CB-Score,0.4,42,0.36,maximize_F1_subject_to_FPR_target,0.9527087629458707,0.9940245281361156,0.048308748161682784
PRIMARY__CICIoT2023_R1__CB-Score__b0.4__seed123,CICIoT2023_R1,CB-Score,0.4,123,0.2,maximize_F1_subject_to_FPR_target,0.9522128511898823,0.9939280892209374,0.04648157226257855
PRIMARY__CICIoT2023_R1__CB-Score__b0.4__seed777,CICIoT2023_R1,CB-Score,0.4,777,0.3,maximize_F1_subject_to_FPR_target,0.9544639710726707,0.9939910344618218,0.045233744819287845
PRIMARY__CICIoT2023_R1__CB-Score__b0.4__seed2026,CICIoT2023_R1,CB-Score,0.4,2026,0.26,maximize_F1_subject_to_FPR_target,0.9544219093338233,0.9940175412562889,0.047150051250055704
PRIMARY__CICIoT2023_R1__CB-Score__b0.4__seed3407,CICIoT2023_R1,CB-Score,0.4,3407,0.05,maximize_F1_subject_to_FPR_target,0.9320249607011861,0.9923131443882698,0.0016043495699451847
PRIMARY__CICIoT2023_R1__CB-Score__b0.4__seed11,CICIoT2023_R1,CB-Score,0.4,11,0.05,maximize_F1_subject_to_FPR_target,0.9355548024558057,0.9915105917283393,0.013636971344534071
PRIMARY__CICIoT2023_R1__CB-Score__b0.4__seed314,CICIoT2023_R1,CB-Score,0.4,314,0.06,maximize_F1_subject_to_FPR_target,0.9497835564406376,0.9930169005151604,0.04768483444003743
PRIMARY__CICIoT2023_R1__CB-Score__b0.4__seed2718,CICIoT2023_R1,CB-Score,0.4,2718,0.22,maximize_F1_subject_to_FPR_target,0.9525437762580883,0.9939488096656656,0.04853157449084184
PRIMARY__CICIoT2023_R1__CB-Score__b0.4__seed9001,CICIoT2023_R1,CB-Score,0.4,9001,0.09,maximize_F1_subject_to_FPR_target,0.9508869239219784,0.9931943537830334,0.0471054859842239
PRIMARY__CICIoT2023_R1__CB-Score__b0.4__seed2027,CICIoT2023_R1,CB-Score,0.4,2027,0.38,maximize_F1_subject_to_FPR_target,0.9556930560548235,0.9940245569721207,0.046615268060073975
PRIMARY__CICIoT2023_R1__Historical-DoubleCost__b0.4__seed42,CICIoT2023_R1,Historical-DoubleCost,0.4,42,0.05,maximize_F1_subject_to_FPR_target,0.9308694961055476,0.9899614803511887,0.001559784304113374
PRIMARY__CICIoT2023_R1__Historical-DoubleCost__b0.4__seed123,CICIoT2023_R1,Historical-DoubleCost,0.4,123,0.2,maximize_F1_subject_to_FPR_target,0.9515397542839165,0.9937741760032508,0.04857613975667365
PRIMARY__CICIoT2023_R1__Historical-DoubleCost__b0.4__seed777,CICIoT2023_R1,Historical-DoubleCost,0.4,777,0.07,maximize_F1_subject_to_FPR_target,0.9420056977403104,0.9914979886303824,0.04113374036276126
PRIMARY__CICIoT2023_R1__Historical-DoubleCost__b0.4__seed2026,CICIoT2023_R1,Historical-DoubleCost,0.4,2026,0.26,maximize_F1_subject_to_FPR_target,0.9544219093338233,0.9940175412562889,0.047150051250055704
PRIMARY__CICIoT2023_R1__Historical-DoubleCost__b0.4__seed3407,CICIoT2023_R1,Historical-DoubleCost,0.4,3407,0.05,maximize_F1_subject_to_FPR_target,0.9320249607011861,0.9923131443882698,0.0016043495699451847
PRIMARY__CICIoT2023_R1__Historical-DoubleCost__b0.4__seed11,CICIoT2023_R1,Historical-DoubleCost,0.4,11,0.17,maximize_F1_subject_to_FPR_target,0.9501725476331384,0.9936711049056957,0.047773964971701055
PRIMARY__CICIoT2023_R1__Historical-DoubleCost__b0.4__seed314,CICIoT2023_R1,Historical-DoubleCost,0.4,314,0.06,maximize_F1_subject_to_FPR_target,0.9497835564406376,0.9930169005151604,0.04768483444003743
PRIMARY__CICIoT2023_R1__Historical-DoubleCost__b0.4__seed2718,CICIoT2023_R1,Historical-DoubleCost,0.4,2718,0.22,maximize_F1_subject_to_FPR_target,0.9525437762580883,0.9939488096656656,0.04853157449084184
PRIMARY__CICIoT2023_R1__Historical-DoubleCost__b0.4__seed9001,CICIoT2023_R1,Historical-DoubleCost,0.4,9001,0.09,maximize_F1_subject_to_FPR_target,0.9508869239219784,0.9931943537830334,0.0471054859842239
PRIMARY__CICIoT2023_R1__Historical-DoubleCost__b0.4__seed2027,CICIoT2023_R1,Historical-DoubleCost,0.4,2027,0.38,maximize_F1_subject_to_FPR_target,0.9556930560548235,0.9940245569721207,0.046615268060073975
PRIMARY__CICIoT2023_R1__Oort-Style-Adapted__b0.4__seed42,CICIoT2023_R1,Oort-Style-Adapted,0.4,42,0.05,maximize_F1_subject_to_FPR_target,0.9312567046763877,0.9912329444560116,0.0010695663799634564
PRIMARY__CICIoT2023_R1__Oort-Style-Adapted__b0.4__seed123,CICIoT2023_R1,Oort-Style-Adapted,0.4,123,0.21,maximize_F1_subject_to_FPR_target,0.9532794870024776,0.9940038283441336,0.04487722269263336
PRIMARY__CICIoT2023_R1__Oort-Style-Adapted__b0.4__seed777,CICIoT2023_R1,Oort-Style-Adapted,0.4,777,0.07,maximize_F1_subject_to_FPR_target,0.9455011424689681,0.9925920854262833,0.04804135656669192
PRIMARY__CICIoT2023_R1__Oort-Style-Adapted__b0.4__seed2026,CICIoT2023_R1,Oort-Style-Adapted,0.4,2026,0.26,maximize_F1_subject_to_FPR_target,0.9548569680281475,0.9940915807410067,0.048888096617496324
PRIMARY__CICIoT2023_R1__Oort-Style-Adapted__b0.4__seed3407,CICIoT2023_R1,Oort-Style-Adapted,0.4,3407,0.11,maximize_F1_subject_to_FPR_target,0.951746602441479,0.9935814006768163,0.04456526583181069
PRIMARY__CICIoT2023_R1__Oort-Style-Adapted__b0.4__seed11,CICIoT2023_R1,Oort-Style-Adapted,0.4,11,0.14,maximize_F1_subject_to_FPR_target,0.9547060713138452,0.9939288715416226,0.049467445073309864
PRIMARY__CICIoT2023_R1__Oort-Style-Adapted__b0.4__seed314,CICIoT2023_R1,Oort-Style-Adapted,0.4,314,0.05,maximize_F1_subject_to_FPR_target,0.9415547332764865,0.9933518326016071,0.018984803244351353
PRIMARY__CICIoT2023_R1__Oort-Style-Adapted__b0.4__seed2718,CICIoT2023_R1,Oort-Style-Adapted,0.4,2718,0.21,maximize_F1_subject_to_FPR_target,0.9511874668654102,0.9933945730062658,0.045813093275101385
PRIMARY__CICIoT2023_R1__Oort-Style-Adapted__b0.4__seed9001,CICIoT2023_R1,Oort-Style-Adapted,0.4,9001,0.05,maximize_F1_subject_to_FPR_target,0.9396686121665557,0.992025518554005,0.020009804358483
PRIMARY__CICIoT2023_R1__Oort-Style-Adapted__b0.4__seed2027,CICIoT2023_R1,Oort-Style-Adapted,0.4,2027,0.38,maximize_F1_subject_to_FPR_target,0.9547431616993904,0.9940444597508841,0.04567939747760595
PRIMARY__CICIoT2023_R1__Oracle-Score-Exact__b0.4__seed42,CICIoT2023_R1,Oracle-Score-Exact,0.4,42,0.25,maximize_F1_subject_to_FPR_target,0.9486950496574024,0.9932441365442373,0.046927224920896654
PRIMARY__CICIoT2023_R1__Oracle-Score-Exact__b0.4__seed123,CICIoT2023_R1,Oracle-Score-Exact,0.4,123,0.19,maximize_F1_subject_to_FPR_target,0.9525962481608632,0.9938495901927854,0.049779401934132536
PRIMARY__CICIoT2023_R1__Oracle-Score-Exact__b0.4__seed777,CICIoT2023_R1,Oracle-Score-Exact,0.4,777,0.4,maximize_F1_subject_to_FPR_target,0.9533703385672228,0.9938275050101247,0.04603591960426044
PRIMARY__CICIoT2023_R1__Oracle-Score-Exact__b0.4__seed2026,CICIoT2023_R1,Oracle-Score-Exact,0.4,2026,0.26,maximize_F1_subject_to_FPR_target,0.9544219093338233,0.9940175412562889,0.047150051250055704
PRIMARY__CICIoT2023_R1__Oracle-Score-Exact__b0.4__seed3407,CICIoT2023_R1,Oracle-Score-Exact,0.4,3407,0.05,maximize_F1_subject_to_FPR_target,0.9320249607011861,0.9923131443882698,0.0016043495699451847
PRIMARY__CICIoT2023_R1__Oracle-Score-Exact__b0.4__seed11,CICIoT2023_R1,Oracle-Score-Exact,0.4,11,0.61,maximize_F1_subject_to_FPR_target,0.9535747944617695,0.9938902027358523,0.04728374704755114
PRIMARY__CICIoT2023_R1__Oracle-Score-Exact__b0.4__seed314,CICIoT2023_R1,Oracle-Score-Exact,0.4,314,0.06,maximize_F1_subject_to_FPR_target,0.9497835564406376,0.9930169005151604,0.04768483444003743
PRIMARY__CICIoT2023_R1__Oracle-Score-Exact__b0.4__seed2718,CICIoT2023_R1,Oracle-Score-Exact,0.4,2718,0.22,maximize_F1_subject_to_FPR_target,0.9523663372414216,0.9939186819074431,0.04652613752841036
PRIMARY__CICIoT2023_R1__Oracle-Score-Exact__b0.4__seed9001,CICIoT2023_R1,Oracle-Score-Exact,0.4,9001,0.09,maximize_F1_subject_to_FPR_target,0.9508869239219784,0.9931943537830334,0.0471054859842239
PRIMARY__CICIoT2023_R1__Oracle-Score-Exact__b0.4__seed2027,CICIoT2023_R1,Oracle-Score-Exact,0.4,2027,0.45,maximize_F1_subject_to_FPR_target,0.9533525462182297,0.9937022451906656,0.046927224920896654
PRIMARY__CICIoT2023_R1__Random-Budget__b0.6__seed42,CICIoT2023_R1,Random-Budget,0.6,42,0.6,maximize_F1_subject_to_FPR_target,0.9536406595847343,0.9937581247211772,0.048397878693346406
PRIMARY__CICIoT2023_R1__Random-Budget__b0.6__seed123,CICIoT2023_R1,Random-Budget,0.6,123,0.55,maximize_F1_subject_to_FPR_target,0.9534976457416298,0.9936353070068014,0.044966353224296984
PRIMARY__CICIoT2023_R1__Random-Budget__b0.6__seed777,CICIoT2023_R1,Random-Budget,0.6,777,0.35,maximize_F1_subject_to_FPR_target,0.9545579856644,0.9937257065781202,0.04612505013592406
PRIMARY__CICIoT2023_R1__Random-Budget__b0.6__seed2026,CICIoT2023_R1,Random-Budget,0.6,2026,0.37,maximize_F1_subject_to_FPR_target,0.9553067498738127,0.9941308606415442,0.04799679130086011
PRIMARY__CICIoT2023_R1__Random-Budget__b0.6__seed3407,CICIoT2023_R1,Random-Budget,0.6,3407,0.71,maximize_F1_subject_to_FPR_target,0.9540207875366692,0.9934383124998084,0.0471054859842239
PRIMARY__CICIoT2023_R1__Random-Budget__b0.6__seed11,CICIoT2023_R1,Random-Budget,0.6,11,0.43,maximize_F1_subject_to_FPR_target,0.9554758646001391,0.9939886886299601,0.048085921832523734
PRIMARY__CICIoT2023_R1__Random-Budget__b0.6__seed314,CICIoT2023_R1,Random-Budget,0.6,314,0.07,maximize_F1_subject_to_FPR_target,0.9397046154801356,0.9920020987718909,0.048353313427514595
PRIMARY__CICIoT2023_R1__Random-Budget__b0.6__seed2718,CICIoT2023_R1,Random-Budget,0.6,2718,0.13,maximize_F1_subject_to_FPR_target,0.9472135340431105,0.9931857251626932,0.04924461874415081
PRIMARY__CICIoT2023_R1__Random-Budget__b0.6__seed9001,CICIoT2023_R1,Random-Budget,0.6,9001,0.83,maximize_F1_subject_to_FPR_target,0.9478070310812062,0.9927472266314639,0.04260439413521102
PRIMARY__CICIoT2023_R1__Random-Budget__b0.6__seed2027,CICIoT2023_R1,Random-Budget,0.6,2027,0.52,maximize_F1_subject_to_FPR_target,0.9487360955121006,0.9929183848980089,0.04924461874415081
PRIMARY__CICIoT2023_R1__Cost-Only__b0.6__seed42,CICIoT2023_R1,Cost-Only,0.6,42,0.58,maximize_F1_subject_to_FPR_target,0.9537763957077534,0.9939977451244825,0.04786309550336468
PRIMARY__CICIoT2023_R1__Cost-Only__b0.6__seed123,CICIoT2023_R1,Cost-Only,0.6,123,0.53,maximize_F1_subject_to_FPR_target,0.954399712272056,0.9935891528798254,0.0487989660858327
PRIMARY__CICIoT2023_R1__Cost-Only__b0.6__seed777,CICIoT2023_R1,Cost-Only,0.6,777,0.71,maximize_F1_subject_to_FPR_target,0.9516881121567121,0.9936320804649431,0.04492178795846517
PRIMARY__CICIoT2023_R1__Cost-Only__b0.6__seed2026,CICIoT2023_R1,Cost-Only,0.6,2026,0.43,maximize_F1_subject_to_FPR_target,0.9550571255844563,0.9939848985398224,0.04683809438923303
PRIMARY__CICIoT2023_R1__Cost-Only__b0.6__seed3407,CICIoT2023_R1,Cost-Only,0.6,3407,0.68,maximize_F1_subject_to_FPR_target,0.9558841538084741,0.9938176878119517,0.04394135211016534
PRIMARY__CICIoT2023_R1__Cost-Only__b0.6__seed11,CICIoT2023_R1,Cost-Only,0.6,11,0.71,maximize_F1_subject_to_FPR_target,0.9552177139840397,0.9938140536597593,0.04688265965506484
PRIMARY__CICIoT2023_R1__Cost-Only__b0.6__seed314,CICIoT2023_R1,Cost-Only,0.6,314,0.69,maximize_F1_subject_to_FPR_target,0.954332615509591,0.99342256999719,0.04452070056597888
PRIMARY__CICIoT2023_R1__Cost-Only__b0.6__seed2718,CICIoT2023_R1,Cost-Only,0.6,2718,0.64,maximize_F1_subject_to_FPR_target,0.9494341828923986,0.993328351337307,0.0471054859842239
PRIMARY__CICIoT2023_R1__Cost-Only__b0.6__seed9001,CICIoT2023_R1,Cost-Only,0.6,9001,0.76,maximize_F1_subject_to_FPR_target,0.95393677235286,0.9935521320060332,0.04331743838851999
PRIMARY__CICIoT2023_R1__Cost-Only__b0.6__seed2027,CICIoT2023_R1,Cost-Only,0.6,2027,0.51,maximize_F1_subject_to_FPR_target,0.9508947437168169,0.9935802286934055,0.046615268060073975
PRIMARY__CICIoT2023_R1__Utility-Only__b0.6__seed42,CICIoT2023_R1,Utility-Only,0.6,42,0.33,maximize_F1_subject_to_FPR_target,0.9515043486278005,0.9938319495223762,0.045010918490128796
PRIMARY__CICIoT2023_R1__Utility-Only__b0.6__seed123,CICIoT2023_R1,Utility-Only,0.6,123,0.15,maximize_F1_subject_to_FPR_target,0.9534883720930233,0.9940394140188932,0.044387004768483444
PRIMARY__CICIoT2023_R1__Utility-Only__b0.6__seed777,CICIoT2023_R1,Utility-Only,0.6,777,0.35,maximize_F1_subject_to_FPR_target,0.9532266343862767,0.993749483823994,0.04857613975667365
PRIMARY__CICIoT2023_R1__Utility-Only__b0.6__seed2026,CICIoT2023_R1,Utility-Only,0.6,2026,0.27,maximize_F1_subject_to_FPR_target,0.9550418206723448,0.9940187709019578,0.04688265965506484
PRIMARY__CICIoT2023_R1__Utility-Only__b0.6__seed3407,CICIoT2023_R1,Utility-Only,0.6,3407,0.05,maximize_F1_subject_to_FPR_target,0.9329423419853379,0.9925292446533223,0.004189134988190205
PRIMARY__CICIoT2023_R1__Utility-Only__b0.6__seed11,CICIoT2023_R1,Utility-Only,0.6,11,0.46,maximize_F1_subject_to_FPR_target,0.9528238182934315,0.9935658423050572,0.045010918490128796
PRIMARY__CICIoT2023_R1__Utility-Only__b0.6__seed314,CICIoT2023_R1,Utility-Only,0.6,314,0.06,maximize_F1_subject_to_FPR_target,0.9499119711542158,0.9935080527350008,0.04764026917420562
PRIMARY__CICIoT2023_R1__Utility-Only__b0.6__seed2718,CICIoT2023_R1,Utility-Only,0.6,2718,0.19,maximize_F1_subject_to_FPR_target,0.9524386317290443,0.9936047581641687,0.048977227149159946
PRIMARY__CICIoT2023_R1__Utility-Only__b0.6__seed9001,CICIoT2023_R1,Utility-Only,0.6,9001,0.12,maximize_F1_subject_to_FPR_target,0.9500910578851518,0.992703470272601,0.04866527028833727
PRIMARY__CICIoT2023_R1__Utility-Only__b0.6__seed2027,CICIoT2023_R1,Utility-Only,0.6,2027,0.37,maximize_F1_subject_to_FPR_target,0.9554276617890161,0.9940817605129328,0.0454565711484469
PRIMARY__CICIoT2023_R1__Utility-Cost-Ratio__b0.6__seed42,CICIoT2023_R1,Utility-Cost-Ratio,0.6,42,0.31,maximize_F1_subject_to_FPR_target,0.9508466242586275,0.9935705641752113,0.0471054859842239
PRIMARY__CICIoT2023_R1__Utility-Cost-Ratio__b0.6__seed123,CICIoT2023_R1,Utility-Cost-Ratio,0.6,123,0.15,maximize_F1_subject_to_FPR_target,0.9534883720930233,0.9940394140188932,0.044387004768483444
PRIMARY__CICIoT2023_R1__Utility-Cost-Ratio__b0.6__seed777,CICIoT2023_R1,Utility-Cost-Ratio,0.6,777,0.35,maximize_F1_subject_to_FPR_target,0.9532266343862767,0.993749483823994,0.04857613975667365
PRIMARY__CICIoT2023_R1__Utility-Cost-Ratio__b0.6__seed2026,CICIoT2023_R1,Utility-Cost-Ratio,0.6,2026,0.27,maximize_F1_subject_to_FPR_target,0.9550418206723448,0.9940187709019578,0.04688265965506484
PRIMARY__CICIoT2023_R1__Utility-Cost-Ratio__b0.6__seed3407,CICIoT2023_R1,Utility-Cost-Ratio,0.6,3407,0.05,maximize_F1_subject_to_FPR_target,0.9329423419853379,0.9925292446533223,0.004189134988190205
PRIMARY__CICIoT2023_R1__Utility-Cost-Ratio__b0.6__seed11,CICIoT2023_R1,Utility-Cost-Ratio,0.6,11,0.46,maximize_F1_subject_to_FPR_target,0.9528238182934315,0.9935658423050572,0.045010918490128796
PRIMARY__CICIoT2023_R1__Utility-Cost-Ratio__b0.6__seed314,CICIoT2023_R1,Utility-Cost-Ratio,0.6,314,0.06,maximize_F1_subject_to_FPR_target,0.9499119711542158,0.9935080527350008,0.04764026917420562
PRIMARY__CICIoT2023_R1__Utility-Cost-Ratio__b0.6__seed2718,CICIoT2023_R1,Utility-Cost-Ratio,0.6,2718,0.19,maximize_F1_subject_to_FPR_target,0.9524386317290443,0.9936047581641687,0.048977227149159946
PRIMARY__CICIoT2023_R1__Utility-Cost-Ratio__b0.6__seed9001,CICIoT2023_R1,Utility-Cost-Ratio,0.6,9001,0.12,maximize_F1_subject_to_FPR_target,0.9500910578851518,0.992703470272601,0.04866527028833727
PRIMARY__CICIoT2023_R1__Utility-Cost-Ratio__b0.6__seed2027,CICIoT2023_R1,Utility-Cost-Ratio,0.6,2027,0.37,maximize_F1_subject_to_FPR_target,0.9554276617890161,0.9940817605129328,0.0454565711484469
PRIMARY__CICIoT2023_R1__CB-Score__b0.6__seed42,CICIoT2023_R1,CB-Score,0.6,42,0.38,maximize_F1_subject_to_FPR_target,0.9537296733949454,0.9939284889519515,0.04643700699674674
PRIMARY__CICIoT2023_R1__CB-Score__b0.6__seed123,CICIoT2023_R1,CB-Score,0.6,123,0.13,maximize_F1_subject_to_FPR_target,0.9506439583253239,0.9934599124114756,0.04514461428762422
PRIMARY__CICIoT2023_R1__CB-Score__b0.6__seed777,CICIoT2023_R1,CB-Score,0.6,777,0.22,maximize_F1_subject_to_FPR_target,0.9528326503046768,0.9938152776533907,0.04456526583181069
PRIMARY__CICIoT2023_R1__CB-Score__b0.6__seed2026,CICIoT2023_R1,CB-Score,0.6,2026,0.21,maximize_F1_subject_to_FPR_target,0.9545280680548968,0.9939655317113147,0.04933374927581443
PRIMARY__CICIoT2023_R1__CB-Score__b0.6__seed3407,CICIoT2023_R1,CB-Score,0.6,3407,0.1,maximize_F1_subject_to_FPR_target,0.9509541397353032,0.9932045250904876,0.04202504567939748
PRIMARY__CICIoT2023_R1__CB-Score__b0.6__seed11,CICIoT2023_R1,CB-Score,0.6,11,0.56,maximize_F1_subject_to_FPR_target,0.9547277235299519,0.9939906768311869,0.047773964971701055
PRIMARY__CICIoT2023_R1__CB-Score__b0.6__seed314,CICIoT2023_R1,CB-Score,0.6,314,0.83,maximize_F1_subject_to_FPR_target,0.9447065454910469,0.9917025316575807,0.049512010339141675
PRIMARY__CICIoT2023_R1__CB-Score__b0.6__seed2718,CICIoT2023_R1,CB-Score,0.6,2718,0.21,maximize_F1_subject_to_FPR_target,0.9535480805340323,0.9940216069849607,0.046615268060073975
PRIMARY__CICIoT2023_R1__CB-Score__b0.6__seed9001,CICIoT2023_R1,CB-Score,0.6,9001,0.11,maximize_F1_subject_to_FPR_target,0.948430060729526,0.992357963108,0.040688087704443154
PRIMARY__CICIoT2023_R1__CB-Score__b0.6__seed2027,CICIoT2023_R1,CB-Score,0.6,2027,0.35,maximize_F1_subject_to_FPR_target,0.9533073034526668,0.9937743499365266,0.0446098310976425
PRIMARY__CICIoT2023_R1__Historical-DoubleCost__b0.6__seed42,CICIoT2023_R1,Historical-DoubleCost,0.6,42,0.41,maximize_F1_subject_to_FPR_target,0.9539515529568636,0.9939657410411745,0.045768528009269574
PRIMARY__CICIoT2023_R1__Historical-DoubleCost__b0.6__seed123,CICIoT2023_R1,Historical-DoubleCost,0.6,123,0.13,maximize_F1_subject_to_FPR_target,0.9506439583253239,0.9934599124114756,0.04514461428762422
PRIMARY__CICIoT2023_R1__Historical-DoubleCost__b0.6__seed777,CICIoT2023_R1,Historical-DoubleCost,0.6,777,0.22,maximize_F1_subject_to_FPR_target,0.9528326503046768,0.9938152776533907,0.04456526583181069
PRIMARY__CICIoT2023_R1__Historical-DoubleCost__b0.6__seed2026,CICIoT2023_R1,Historical-DoubleCost,0.6,2026,0.21,maximize_F1_subject_to_FPR_target,0.9545280680548968,0.9939655317113147,0.04933374927581443
PRIMARY__CICIoT2023_R1__Historical-DoubleCost__b0.6__seed3407,CICIoT2023_R1,Historical-DoubleCost,0.6,3407,0.1,maximize_F1_subject_to_FPR_target,0.9509541397353032,0.9932045250904876,0.04202504567939748
PRIMARY__CICIoT2023_R1__Historical-DoubleCost__b0.6__seed11,CICIoT2023_R1,Historical-DoubleCost,0.6,11,0.42,maximize_F1_subject_to_FPR_target,0.9543034435208948,0.9939373384619132,0.04572396274343776
PRIMARY__CICIoT2023_R1__Historical-DoubleCost__b0.6__seed314,CICIoT2023_R1,Historical-DoubleCost,0.6,314,0.83,maximize_F1_subject_to_FPR_target,0.9447065454910469,0.9917025316575807,0.049512010339141675
PRIMARY__CICIoT2023_R1__Historical-DoubleCost__b0.6__seed2718,CICIoT2023_R1,Historical-DoubleCost,0.6,2718,0.22,maximize_F1_subject_to_FPR_target,0.953315446531238,0.9940207679353391,0.046615268060073975
PRIMARY__CICIoT2023_R1__Historical-DoubleCost__b0.6__seed9001,CICIoT2023_R1,Historical-DoubleCost,0.6,9001,0.11,maximize_F1_subject_to_FPR_target,0.948430060729526,0.992357963108,0.040688087704443154
PRIMARY__CICIoT2023_R1__Historical-DoubleCost__b0.6__seed2027,CICIoT2023_R1,Historical-DoubleCost,0.6,2027,0.35,maximize_F1_subject_to_FPR_target,0.9533073034526668,0.9937743499365266,0.0446098310976425
PRIMARY__CICIoT2023_R1__Oort-Style-Adapted__b0.6__seed42,CICIoT2023_R1,Oort-Style-Adapted,0.6,42,0.32,maximize_F1_subject_to_FPR_target,0.953039607000307,0.9939517554445478,0.04345113418601542
PRIMARY__CICIoT2023_R1__Oort-Style-Adapted__b0.6__seed123,CICIoT2023_R1,Oort-Style-Adapted,0.6,123,0.21,maximize_F1_subject_to_FPR_target,0.9536282751802834,0.9941689229323096,0.046615268060073975
PRIMARY__CICIoT2023_R1__Oort-Style-Adapted__b0.6__seed777,CICIoT2023_R1,Oort-Style-Adapted,0.6,777,0.33,maximize_F1_subject_to_FPR_target,0.954175542920198,0.9940849656854833,0.045233744819287845
PRIMARY__CICIoT2023_R1__Oort-Style-Adapted__b0.6__seed2026,CICIoT2023_R1,Oort-Style-Adapted,0.6,2026,0.25,maximize_F1_subject_to_FPR_target,0.9539784221173297,0.9940858197972784,0.04594678907259682
PRIMARY__CICIoT2023_R1__Oort-Style-Adapted__b0.6__seed3407,CICIoT2023_R1,Oort-Style-Adapted,0.6,3407,0.23,maximize_F1_subject_to_FPR_target,0.95448768012741,0.993670717750261,0.04674896385756941
PRIMARY__CICIoT2023_R1__Oort-Style-Adapted__b0.6__seed11,CICIoT2023_R1,Oort-Style-Adapted,0.6,11,0.52,maximize_F1_subject_to_FPR_target,0.9526327486186786,0.9935511565468508,0.049556575604973487
PRIMARY__CICIoT2023_R1__Oort-Style-Adapted__b0.6__seed314,CICIoT2023_R1,Oort-Style-Adapted,0.6,314,0.28,maximize_F1_subject_to_FPR_target,0.9551207053443753,0.9939669108154415,0.048888096617496324
PRIMARY__CICIoT2023_R1__Oort-Style-Adapted__b0.6__seed2718,CICIoT2023_R1,Oort-Style-Adapted,0.6,2718,0.25,maximize_F1_subject_to_FPR_target,0.9535647818394871,0.9937872425112483,0.04866527028833727
PRIMARY__CICIoT2023_R1__Oort-Style-Adapted__b0.6__seed9001,CICIoT2023_R1,Oort-Style-Adapted,0.6,9001,0.1,maximize_F1_subject_to_FPR_target,0.948051747560825,0.992611556470692,0.0408663487677704
PRIMARY__CICIoT2023_R1__Oort-Style-Adapted__b0.6__seed2027,CICIoT2023_R1,Oort-Style-Adapted,0.6,2027,0.38,maximize_F1_subject_to_FPR_target,0.9550584164025296,0.9939719139667358,0.04536744061678328
PRIMARY__CICIoT2023_R1__Oracle-Score-Exact__b0.6__seed42,CICIoT2023_R1,Oracle-Score-Exact,0.6,42,0.4,maximize_F1_subject_to_FPR_target,0.9537867292040282,0.9938616222417221,0.04599135433842863
PRIMARY__CICIoT2023_R1__Oracle-Score-Exact__b0.6__seed123,CICIoT2023_R1,Oracle-Score-Exact,0.6,123,0.13,maximize_F1_subject_to_FPR_target,0.9506439583253239,0.9934599124114756,0.04514461428762422
PRIMARY__CICIoT2023_R1__Oracle-Score-Exact__b0.6__seed777,CICIoT2023_R1,Oracle-Score-Exact,0.6,777,0.22,maximize_F1_subject_to_FPR_target,0.9538468607135473,0.9938641955291934,0.04826418289585097
PRIMARY__CICIoT2023_R1__Oracle-Score-Exact__b0.6__seed2026,CICIoT2023_R1,Oracle-Score-Exact,0.6,2026,0.25,maximize_F1_subject_to_FPR_target,0.954743587782757,0.9940235921119839,0.04982396719996435
PRIMARY__CICIoT2023_R1__Oracle-Score-Exact__b0.6__seed3407,CICIoT2023_R1,Oracle-Score-Exact,0.6,3407,0.38,maximize_F1_subject_to_FPR_target,0.9519387935202167,0.9931289642621499,0.04741744284504657
PRIMARY__CICIoT2023_R1__Oracle-Score-Exact__b0.6__seed11,CICIoT2023_R1,Oracle-Score-Exact,0.6,11,0.42,maximize_F1_subject_to_FPR_target,0.9548972225620947,0.9940437538707734,0.04942287980747805
PRIMARY__CICIoT2023_R1__Oracle-Score-Exact__b0.6__seed314,CICIoT2023_R1,Oracle-Score-Exact,0.6,314,0.83,maximize_F1_subject_to_FPR_target,0.9447065454910469,0.9917025316575807,0.049512010339141675
PRIMARY__CICIoT2023_R1__Oracle-Score-Exact__b0.6__seed2718,CICIoT2023_R1,Oracle-Score-Exact,0.6,2718,0.21,maximize_F1_subject_to_FPR_target,0.9535480805340323,0.9940216069849607,0.046615268060073975
PRIMARY__CICIoT2023_R1__Oracle-Score-Exact__b0.6__seed9001,CICIoT2023_R1,Oracle-Score-Exact,0.6,9001,0.11,maximize_F1_subject_to_FPR_target,0.948430060729526,0.992357963108,0.040688087704443154
PRIMARY__CICIoT2023_R1__Oracle-Score-Exact__b0.6__seed2027,CICIoT2023_R1,Oracle-Score-Exact,0.6,2027,0.34,maximize_F1_subject_to_FPR_target,0.9541256322551518,0.993847995823816,0.049690271402468913
PRIMARY__CICIoT2023_R1__Random-Budget__b0.8__seed42,CICIoT2023_R1,Random-Budget,0.8,42,0.49,maximize_F1_subject_to_FPR_target,0.9560937583589995,0.9940987214568784,0.047773964971701055
PRIMARY__CICIoT2023_R1__Random-Budget__b0.8__seed123,CICIoT2023_R1,Random-Budget,0.8,123,0.52,maximize_F1_subject_to_FPR_target,0.9527591043929511,0.993626388974092,0.04844244395917822
PRIMARY__CICIoT2023_R1__Random-Budget__b0.8__seed777,CICIoT2023_R1,Random-Budget,0.8,777,0.24,maximize_F1_subject_to_FPR_target,0.9522070669101064,0.9932974510730016,0.04759570390837382
PRIMARY__CICIoT2023_R1__Random-Budget__b0.8__seed2026,CICIoT2023_R1,Random-Budget,0.8,2026,0.35,maximize_F1_subject_to_FPR_target,0.9556320256939665,0.9940250020250417,0.04732831231338295
PRIMARY__CICIoT2023_R1__Random-Budget__b0.8__seed3407,CICIoT2023_R1,Random-Budget,0.8,3407,0.63,maximize_F1_subject_to_FPR_target,0.9531772575250836,0.9935595207794818,0.045010918490128796
PRIMARY__CICIoT2023_R1__Random-Budget__b0.8__seed11,CICIoT2023_R1,Random-Budget,0.8,11,0.49,maximize_F1_subject_to_FPR_target,0.9564739385703052,0.9943055391982613,0.049734836668300725
PRIMARY__CICIoT2023_R1__Random-Budget__b0.8__seed314,CICIoT2023_R1,Random-Budget,0.8,314,0.57,maximize_F1_subject_to_FPR_target,0.9547827951061908,0.9932546635452205,0.04616961540175587
PRIMARY__CICIoT2023_R1__Random-Budget__b0.8__seed2718,CICIoT2023_R1,Random-Budget,0.8,2718,0.45,maximize_F1_subject_to_FPR_target,0.9538134166130859,0.9936034154583498,0.049690271402468913
PRIMARY__CICIoT2023_R1__Random-Budget__b0.8__seed9001,CICIoT2023_R1,Random-Budget,0.8,9001,0.66,maximize_F1_subject_to_FPR_target,0.95283786480802,0.9937700311654836,0.04389678684433353
PRIMARY__CICIoT2023_R1__Random-Budget__b0.8__seed2027,CICIoT2023_R1,Random-Budget,0.8,2027,0.48,maximize_F1_subject_to_FPR_target,0.9517958629575942,0.9933194836918824,0.049467445073309864
PRIMARY__CICIoT2023_R1__Cost-Only__b0.8__seed42,CICIoT2023_R1,Cost-Only,0.8,42,0.44,maximize_F1_subject_to_FPR_target,0.9557102787309982,0.9941995267728906,0.0487989660858327
PRIMARY__CICIoT2023_R1__Cost-Only__b0.8__seed123,CICIoT2023_R1,Cost-Only,0.8,123,0.47,maximize_F1_subject_to_FPR_target,0.9530740737900412,0.993488667453205,0.04608048487009225
PRIMARY__CICIoT2023_R1__Cost-Only__b0.8__seed777,CICIoT2023_R1,Cost-Only,0.8,777,0.56,maximize_F1_subject_to_FPR_target,0.9532864946865973,0.9936411604660333,0.048308748161682784
PRIMARY__CICIoT2023_R1__Cost-Only__b0.8__seed2026,CICIoT2023_R1,Cost-Only,0.8,2026,0.38,maximize_F1_subject_to_FPR_target,0.9553154227942582,0.9940683487646328,0.04804135656669192
PRIMARY__CICIoT2023_R1__Cost-Only__b0.8__seed3407,CICIoT2023_R1,Cost-Only,0.8,3407,0.63,maximize_F1_subject_to_FPR_target,0.9529447899869462,0.9936113138147398,0.04255982886937921
PRIMARY__CICIoT2023_R1__Cost-Only__b0.8__seed11,CICIoT2023_R1,Cost-Only,0.8,11,0.66,maximize_F1_subject_to_FPR_target,0.9549260236265626,0.9940322029659564,0.049734836668300725
PRIMARY__CICIoT2023_R1__Cost-Only__b0.8__seed314,CICIoT2023_R1,Cost-Only,0.8,314,0.68,maximize_F1_subject_to_FPR_target,0.9524729402385552,0.9925319209585356,0.04911092294665537
PRIMARY__CICIoT2023_R1__Cost-Only__b0.8__seed2718,CICIoT2023_R1,Cost-Only,0.8,2718,0.46,maximize_F1_subject_to_FPR_target,0.9535737554133292,0.993676991685928,0.04621418066758768
PRIMARY__CICIoT2023_R1__Cost-Only__b0.8__seed9001,CICIoT2023_R1,Cost-Only,0.8,9001,0.73,maximize_F1_subject_to_FPR_target,0.9537688288205458,0.9937251125985418,0.04688265965506484
PRIMARY__CICIoT2023_R1__Cost-Only__b0.8__seed2027,CICIoT2023_R1,Cost-Only,0.8,2027,0.51,maximize_F1_subject_to_FPR_target,0.9501242087938288,0.9933947845824067,0.04590222380676501
PRIMARY__CICIoT2023_R1__Utility-Only__b0.8__seed42,CICIoT2023_R1,Utility-Only,0.8,42,0.33,maximize_F1_subject_to_FPR_target,0.9527128688549759,0.9939625230661352,0.044119613173492576
PRIMARY__CICIoT2023_R1__Utility-Only__b0.8__seed123,CICIoT2023_R1,Utility-Only,0.8,123,0.21,maximize_F1_subject_to_FPR_target,0.953482670915944,0.9940809470396875,0.04804135656669192
PRIMARY__CICIoT2023_R1__Utility-Only__b0.8__seed777,CICIoT2023_R1,Utility-Only,0.8,777,0.42,maximize_F1_subject_to_FPR_target,0.9529917152500768,0.9938357769609036,0.0454565711484469
PRIMARY__CICIoT2023_R1__Utility-Only__b0.8__seed2026,CICIoT2023_R1,Utility-Only,0.8,2026,0.26,maximize_F1_subject_to_FPR_target,0.9549688846704377,0.9940491918835506,0.0463033111992513
PRIMARY__CICIoT2023_R1__Utility-Only__b0.8__seed3407,CICIoT2023_R1,Utility-Only,0.8,3407,0.08,maximize_F1_subject_to_FPR_target,0.9513448728881924,0.9934337749377321,0.045590266945942336
PRIMARY__CICIoT2023_R1__Utility-Only__b0.8__seed11,CICIoT2023_R1,Utility-Only,0.8,11,0.05,maximize_F1_subject_to_FPR_target,0.9330979224727641,0.991883199158108,0.0068184856722670354
PRIMARY__CICIoT2023_R1__Utility-Only__b0.8__seed314,CICIoT2023_R1,Utility-Only,0.8,314,0.07,maximize_F1_subject_to_FPR_target,0.9521481447316837,0.9937124691786479,0.041579393021079374
PRIMARY__CICIoT2023_R1__Utility-Only__b0.8__seed2718,CICIoT2023_R1,Utility-Only,0.8,2718,0.35,maximize_F1_subject_to_FPR_target,0.9526378713098924,0.9937067186602163,0.04937831454164624
PRIMARY__CICIoT2023_R1__Utility-Only__b0.8__seed9001,CICIoT2023_R1,Utility-Only,0.8,9001,0.12,maximize_F1_subject_to_FPR_target,0.9501437864271765,0.9927260670460272,0.04657070279424217
PRIMARY__CICIoT2023_R1__Utility-Only__b0.8__seed2027,CICIoT2023_R1,Utility-Only,0.8,2027,0.37,maximize_F1_subject_to_FPR_target,0.9558740306816965,0.9940948563267484,0.04643700699674674
PRIMARY__CICIoT2023_R1__Utility-Cost-Ratio__b0.8__seed42,CICIoT2023_R1,Utility-Cost-Ratio,0.8,42,0.33,maximize_F1_subject_to_FPR_target,0.9527128688549759,0.9939625230661352,0.044119613173492576
PRIMARY__CICIoT2023_R1__Utility-Cost-Ratio__b0.8__seed123,CICIoT2023_R1,Utility-Cost-Ratio,0.8,123,0.21,maximize_F1_subject_to_FPR_target,0.953482670915944,0.9940809470396875,0.04804135656669192
PRIMARY__CICIoT2023_R1__Utility-Cost-Ratio__b0.8__seed777,CICIoT2023_R1,Utility-Cost-Ratio,0.8,777,0.42,maximize_F1_subject_to_FPR_target,0.9529917152500768,0.9938357769609036,0.0454565711484469
PRIMARY__CICIoT2023_R1__Utility-Cost-Ratio__b0.8__seed2026,CICIoT2023_R1,Utility-Cost-Ratio,0.8,2026,0.26,maximize_F1_subject_to_FPR_target,0.9549688846704377,0.9940491918835506,0.0463033111992513
PRIMARY__CICIoT2023_R1__Utility-Cost-Ratio__b0.8__seed3407,CICIoT2023_R1,Utility-Cost-Ratio,0.8,3407,0.08,maximize_F1_subject_to_FPR_target,0.9513448728881924,0.9934337749377321,0.045590266945942336
PRIMARY__CICIoT2023_R1__Utility-Cost-Ratio__b0.8__seed11,CICIoT2023_R1,Utility-Cost-Ratio,0.8,11,0.05,maximize_F1_subject_to_FPR_target,0.9330979224727641,0.991883199158108,0.0068184856722670354
PRIMARY__CICIoT2023_R1__Utility-Cost-Ratio__b0.8__seed314,CICIoT2023_R1,Utility-Cost-Ratio,0.8,314,0.07,maximize_F1_subject_to_FPR_target,0.9521481447316837,0.9937124691786479,0.041579393021079374
PRIMARY__CICIoT2023_R1__Utility-Cost-Ratio__b0.8__seed2718,CICIoT2023_R1,Utility-Cost-Ratio,0.8,2718,0.35,maximize_F1_subject_to_FPR_target,0.9526378713098924,0.9937067186602163,0.04937831454164624
PRIMARY__CICIoT2023_R1__Utility-Cost-Ratio__b0.8__seed9001,CICIoT2023_R1,Utility-Cost-Ratio,0.8,9001,0.12,maximize_F1_subject_to_FPR_target,0.9501437864271765,0.9927260670460272,0.04657070279424217
PRIMARY__CICIoT2023_R1__Utility-Cost-Ratio__b0.8__seed2027,CICIoT2023_R1,Utility-Cost-Ratio,0.8,2027,0.37,maximize_F1_subject_to_FPR_target,0.9558740306816965,0.9940948563267484,0.04643700699674674
PRIMARY__CICIoT2023_R1__CB-Score__b0.8__seed42,CICIoT2023_R1,CB-Score,0.8,42,0.36,maximize_F1_subject_to_FPR_target,0.9543186826640548,0.9940646245081695,0.04924461874415081
PRIMARY__CICIoT2023_R1__CB-Score__b0.8__seed123,CICIoT2023_R1,CB-Score,0.8,123,0.44,maximize_F1_subject_to_FPR_target,0.9526077271679853,0.9936310666871696,0.04260439413521102
PRIMARY__CICIoT2023_R1__CB-Score__b0.8__seed777,CICIoT2023_R1,CB-Score,0.8,777,0.3,maximize_F1_subject_to_FPR_target,0.9536461364123611,0.9939117678651265,0.04924461874415081
PRIMARY__CICIoT2023_R1__CB-Score__b0.8__seed2026,CICIoT2023_R1,CB-Score,0.8,2026,0.41,maximize_F1_subject_to_FPR_target,0.9551361528217844,0.994094456720614,0.04625874593341949
PRIMARY__CICIoT2023_R1__CB-Score__b0.8__seed3407,CICIoT2023_R1,CB-Score,0.8,3407,0.05,maximize_F1_subject_to_FPR_target,0.9316185746134256,0.9897343379163348,0.004768483444003743
PRIMARY__CICIoT2023_R1__CB-Score__b0.8__seed11,CICIoT2023_R1,CB-Score,0.8,11,0.33,maximize_F1_subject_to_FPR_target,0.9549723165397204,0.9940875725060151,0.04911092294665537
PRIMARY__CICIoT2023_R1__CB-Score__b0.8__seed314,CICIoT2023_R1,CB-Score,0.8,314,0.3,maximize_F1_subject_to_FPR_target,0.9544365976265714,0.9939155759020983,0.04911092294665537
PRIMARY__CICIoT2023_R1__CB-Score__b0.8__seed2718,CICIoT2023_R1,CB-Score,0.8,2718,0.2,maximize_F1_subject_to_FPR_target,0.9534856976378677,0.9939601555660074,0.04572396274343776
PRIMARY__CICIoT2023_R1__CB-Score__b0.8__seed9001,CICIoT2023_R1,CB-Score,0.8,9001,0.25,maximize_F1_subject_to_FPR_target,0.9513379005253295,0.9934086048297105,0.046615268060073975
PRIMARY__CICIoT2023_R1__CB-Score__b0.8__seed2027,CICIoT2023_R1,CB-Score,0.8,2027,0.34,maximize_F1_subject_to_FPR_target,0.9543266839596294,0.993898476627615,0.04924461874415081
PRIMARY__CICIoT2023_R1__Historical-DoubleCost__b0.8__seed42,CICIoT2023_R1,Historical-DoubleCost,0.8,42,0.36,maximize_F1_subject_to_FPR_target,0.953889076248582,0.9940241079271488,0.04536744061678328
PRIMARY__CICIoT2023_R1__Historical-DoubleCost__b0.8__seed123,CICIoT2023_R1,Historical-DoubleCost,0.8,123,0.44,maximize_F1_subject_to_FPR_target,0.9526077271679853,0.9936310666871696,0.04260439413521102
PRIMARY__CICIoT2023_R1__Historical-DoubleCost__b0.8__seed777,CICIoT2023_R1,Historical-DoubleCost,0.8,777,0.3,maximize_F1_subject_to_FPR_target,0.9536461364123611,0.9939117678651265,0.04924461874415081
PRIMARY__CICIoT2023_R1__Historical-DoubleCost__b0.8__seed2026,CICIoT2023_R1,Historical-DoubleCost,0.8,2026,0.41,maximize_F1_subject_to_FPR_target,0.9551361528217844,0.994094456720614,0.04625874593341949
PRIMARY__CICIoT2023_R1__Historical-DoubleCost__b0.8__seed3407,CICIoT2023_R1,Historical-DoubleCost,0.8,3407,0.05,maximize_F1_subject_to_FPR_target,0.9316185746134256,0.9897343379163348,0.004768483444003743
PRIMARY__CICIoT2023_R1__Historical-DoubleCost__b0.8__seed11,CICIoT2023_R1,Historical-DoubleCost,0.8,11,0.33,maximize_F1_subject_to_FPR_target,0.9549723165397204,0.9940875725060151,0.04911092294665537
PRIMARY__CICIoT2023_R1__Historical-DoubleCost__b0.8__seed314,CICIoT2023_R1,Historical-DoubleCost,0.8,314,0.3,maximize_F1_subject_to_FPR_target,0.9544365976265714,0.9939155759020983,0.04911092294665537
PRIMARY__CICIoT2023_R1__Historical-DoubleCost__b0.8__seed2718,CICIoT2023_R1,Historical-DoubleCost,0.8,2718,0.2,maximize_F1_subject_to_FPR_target,0.9534856976378677,0.9939601555660074,0.04572396274343776
PRIMARY__CICIoT2023_R1__Historical-DoubleCost__b0.8__seed9001,CICIoT2023_R1,Historical-DoubleCost,0.8,9001,0.25,maximize_F1_subject_to_FPR_target,0.9513379005253295,0.9934086048297105,0.046615268060073975
PRIMARY__CICIoT2023_R1__Historical-DoubleCost__b0.8__seed2027,CICIoT2023_R1,Historical-DoubleCost,0.8,2027,0.35,maximize_F1_subject_to_FPR_target,0.9544967388308785,0.9939483557637259,0.04732831231338295
PRIMARY__CICIoT2023_R1__Oort-Style-Adapted__b0.8__seed42,CICIoT2023_R1,Oort-Style-Adapted,0.8,42,0.33,maximize_F1_subject_to_FPR_target,0.9514376604017151,0.9939886786764338,0.04487722269263336
PRIMARY__CICIoT2023_R1__Oort-Style-Adapted__b0.8__seed123,CICIoT2023_R1,Oort-Style-Adapted,0.8,123,0.21,maximize_F1_subject_to_FPR_target,0.953482670915944,0.9940809470396875,0.04804135656669192
PRIMARY__CICIoT2023_R1__Oort-Style-Adapted__b0.8__seed777,CICIoT2023_R1,Oort-Style-Adapted,0.8,777,0.24,maximize_F1_subject_to_FPR_target,0.9524365065354712,0.9937831439567278,0.04541200588261509
PRIMARY__CICIoT2023_R1__Oort-Style-Adapted__b0.8__seed2026,CICIoT2023_R1,Oort-Style-Adapted,0.8,2026,0.25,maximize_F1_subject_to_FPR_target,0.9551875788749091,0.9940590328311577,0.04804135656669192
PRIMARY__CICIoT2023_R1__Oort-Style-Adapted__b0.8__seed3407,CICIoT2023_R1,Oort-Style-Adapted,0.8,3407,0.08,maximize_F1_subject_to_FPR_target,0.9513448728881924,0.9934337749377321,0.045590266945942336
PRIMARY__CICIoT2023_R1__Oort-Style-Adapted__b0.8__seed11,CICIoT2023_R1,Oort-Style-Adapted,0.8,11,0.05,maximize_F1_subject_to_FPR_target,0.9330979224727641,0.991883199158108,0.0068184856722670354
PRIMARY__CICIoT2023_R1__Oort-Style-Adapted__b0.8__seed314,CICIoT2023_R1,Oort-Style-Adapted,0.8,314,0.39,maximize_F1_subject_to_FPR_target,0.9547485691549598,0.9940013027644603,0.048085921832523734
PRIMARY__CICIoT2023_R1__Oort-Style-Adapted__b0.8__seed2718,CICIoT2023_R1,Oort-Style-Adapted,0.8,2718,0.35,maximize_F1_subject_to_FPR_target,0.9526378713098924,0.9937067186602163,0.04937831454164624
PRIMARY__CICIoT2023_R1__Oort-Style-Adapted__b0.8__seed9001,CICIoT2023_R1,Oort-Style-Adapted,0.8,9001,0.12,maximize_F1_subject_to_FPR_target,0.9501437864271765,0.9927260670460272,0.04657070279424217
PRIMARY__CICIoT2023_R1__Oort-Style-Adapted__b0.8__seed2027,CICIoT2023_R1,Oort-Style-Adapted,0.8,2027,0.34,maximize_F1_subject_to_FPR_target,0.9545545054911391,0.993894670645896,0.04590222380676501
PRIMARY__CICIoT2023_R1__Oracle-Score-Exact__b0.8__seed42,CICIoT2023_R1,Oracle-Score-Exact,0.8,42,0.36,maximize_F1_subject_to_FPR_target,0.9543186826640548,0.9940646245081695,0.04924461874415081
PRIMARY__CICIoT2023_R1__Oracle-Score-Exact__b0.8__seed123,CICIoT2023_R1,Oracle-Score-Exact,0.8,123,0.44,maximize_F1_subject_to_FPR_target,0.9526077271679853,0.9936310666871696,0.04260439413521102
PRIMARY__CICIoT2023_R1__Oracle-Score-Exact__b0.8__seed777,CICIoT2023_R1,Oracle-Score-Exact,0.8,777,0.3,maximize_F1_subject_to_FPR_target,0.9536461364123611,0.9939117678651265,0.04924461874415081
PRIMARY__CICIoT2023_R1__Oracle-Score-Exact__b0.8__seed2026,CICIoT2023_R1,Oracle-Score-Exact,0.8,2026,0.23,maximize_F1_subject_to_FPR_target,0.9541680377736793,0.9939693888332576,0.04933374927581443
PRIMARY__CICIoT2023_R1__Oracle-Score-Exact__b0.8__seed3407,CICIoT2023_R1,Oracle-Score-Exact,0.8,3407,0.05,maximize_F1_subject_to_FPR_target,0.9316185746134256,0.9897343379163348,0.004768483444003743
PRIMARY__CICIoT2023_R1__Oracle-Score-Exact__b0.8__seed11,CICIoT2023_R1,Oracle-Score-Exact,0.8,11,0.33,maximize_F1_subject_to_FPR_target,0.9549723165397204,0.9940875725060151,0.04911092294665537
PRIMARY__CICIoT2023_R1__Oracle-Score-Exact__b0.8__seed314,CICIoT2023_R1,Oracle-Score-Exact,0.8,314,0.3,maximize_F1_subject_to_FPR_target,0.9544365976265714,0.9939155759020983,0.04911092294665537
PRIMARY__CICIoT2023_R1__Oracle-Score-Exact__b0.8__seed2718,CICIoT2023_R1,Oracle-Score-Exact,0.8,2718,0.2,maximize_F1_subject_to_FPR_target,0.9534856976378677,0.9939601555660074,0.04572396274343776
PRIMARY__CICIoT2023_R1__Oracle-Score-Exact__b0.8__seed9001,CICIoT2023_R1,Oracle-Score-Exact,0.8,9001,0.25,maximize_F1_subject_to_FPR_target,0.9513379005253295,0.9934086048297105,0.046615268060073975
PRIMARY__CICIoT2023_R1__Oracle-Score-Exact__b0.8__seed2027,CICIoT2023_R1,Oracle-Score-Exact,0.8,2027,0.33,maximize_F1_subject_to_FPR_target,0.9541263343153384,0.9938377053538539,0.049734836668300725
PRIMARY__CICIoT2023_R1__Random-Budget__b1.0__seed42,CICIoT2023_R1,Random-Budget,1.0,42,0.43,maximize_F1_subject_to_FPR_target,0.954724635462513,0.9940200768826083,0.04706092071839209
PRIMARY__CICIoT2023_R1__Random-Budget__b1.0__seed123,CICIoT2023_R1,Random-Budget,1.0,123,0.48,maximize_F1_subject_to_FPR_target,0.9519892369786661,0.9935461884690162,0.0417130888185748
PRIMARY__CICIoT2023_R1__Random-Budget__b1.0__seed777,CICIoT2023_R1,Random-Budget,1.0,777,0.54,maximize_F1_subject_to_FPR_target,0.9515198537376034,0.9935465857855128,0.0454565711484469
PRIMARY__CICIoT2023_R1__Random-Budget__b1.0__seed2026,CICIoT2023_R1,Random-Budget,1.0,2026,0.36,maximize_F1_subject_to_FPR_target,0.9560235579897793,0.9940872862422426,0.049467445073309864
PRIMARY__CICIoT2023_R1__Random-Budget__b1.0__seed3407,CICIoT2023_R1,Random-Budget,1.0,3407,0.63,maximize_F1_subject_to_FPR_target,0.9525272935409768,0.9935890746957703,0.0421141762110611
PRIMARY__CICIoT2023_R1__Random-Budget__b1.0__seed11,CICIoT2023_R1,Random-Budget,1.0,11,0.57,maximize_F1_subject_to_FPR_target,0.9562705387848681,0.9942724066240893,0.04732831231338295
PRIMARY__CICIoT2023_R1__Random-Budget__b1.0__seed314,CICIoT2023_R1,Random-Budget,1.0,314,0.59,maximize_F1_subject_to_FPR_target,0.9536747578766703,0.9932873929334622,0.04701635545256028
PRIMARY__CICIoT2023_R1__Random-Budget__b1.0__seed2718,CICIoT2023_R1,Random-Budget,1.0,2718,0.45,maximize_F1_subject_to_FPR_target,0.9541885417782744,0.9935915751117915,0.04911092294665537
PRIMARY__CICIoT2023_R1__Random-Budget__b1.0__seed9001,CICIoT2023_R1,Random-Budget,1.0,9001,0.63,maximize_F1_subject_to_FPR_target,0.9543576100040636,0.9938578997797615,0.043050046793529126
PRIMARY__CICIoT2023_R1__Random-Budget__b1.0__seed2027,CICIoT2023_R1,Random-Budget,1.0,2027,0.4,maximize_F1_subject_to_FPR_target,0.9522940423149774,0.9935447483043383,0.04848700922501003
PRIMARY__CICIoT2023_R1__Cost-Only__b1.0__seed42,CICIoT2023_R1,Cost-Only,1.0,42,0.43,maximize_F1_subject_to_FPR_target,0.954724635462513,0.9940200768826083,0.04706092071839209
PRIMARY__CICIoT2023_R1__Cost-Only__b1.0__seed123,CICIoT2023_R1,Cost-Only,1.0,123,0.48,maximize_F1_subject_to_FPR_target,0.9519892369786661,0.9935461884690162,0.0417130888185748
PRIMARY__CICIoT2023_R1__Cost-Only__b1.0__seed777,CICIoT2023_R1,Cost-Only,1.0,777,0.54,maximize_F1_subject_to_FPR_target,0.9515198537376034,0.9935465857855128,0.0454565711484469
PRIMARY__CICIoT2023_R1__Cost-Only__b1.0__seed2026,CICIoT2023_R1,Cost-Only,1.0,2026,0.36,maximize_F1_subject_to_FPR_target,0.9560235579897793,0.9940872862422426,0.049467445073309864
PRIMARY__CICIoT2023_R1__Cost-Only__b1.0__seed3407,CICIoT2023_R1,Cost-Only,1.0,3407,0.63,maximize_F1_subject_to_FPR_target,0.9525272935409768,0.9935890746957703,0.0421141762110611
PRIMARY__CICIoT2023_R1__Cost-Only__b1.0__seed11,CICIoT2023_R1,Cost-Only,1.0,11,0.57,maximize_F1_subject_to_FPR_target,0.9562705387848681,0.9942724066240893,0.04732831231338295
PRIMARY__CICIoT2023_R1__Cost-Only__b1.0__seed314,CICIoT2023_R1,Cost-Only,1.0,314,0.59,maximize_F1_subject_to_FPR_target,0.9536747578766703,0.9932873929334622,0.04701635545256028
PRIMARY__CICIoT2023_R1__Cost-Only__b1.0__seed2718,CICIoT2023_R1,Cost-Only,1.0,2718,0.45,maximize_F1_subject_to_FPR_target,0.9541885417782744,0.9935915751117915,0.04911092294665537
PRIMARY__CICIoT2023_R1__Cost-Only__b1.0__seed9001,CICIoT2023_R1,Cost-Only,1.0,9001,0.63,maximize_F1_subject_to_FPR_target,0.9543576100040636,0.9938578997797615,0.043050046793529126
PRIMARY__CICIoT2023_R1__Cost-Only__b1.0__seed2027,CICIoT2023_R1,Cost-Only,1.0,2027,0.4,maximize_F1_subject_to_FPR_target,0.9522940423149774,0.9935447483043383,0.04848700922501003
PRIMARY__CICIoT2023_R1__Utility-Only__b1.0__seed42,CICIoT2023_R1,Utility-Only,1.0,42,0.34,maximize_F1_subject_to_FPR_target,0.9541060951884929,0.9940553325254796,0.046927224920896654
PRIMARY__CICIoT2023_R1__Utility-Only__b1.0__seed123,CICIoT2023_R1,Utility-Only,1.0,123,0.2,maximize_F1_subject_to_FPR_target,0.9548499587042305,0.9942196631544503,0.049467445073309864
PRIMARY__CICIoT2023_R1__Utility-Only__b1.0__seed777,CICIoT2023_R1,Utility-Only,1.0,777,0.25,maximize_F1_subject_to_FPR_target,0.9527551803530314,0.9936776075894745,0.04474352689513793
PRIMARY__CICIoT2023_R1__Utility-Only__b1.0__seed2026,CICIoT2023_R1,Utility-Only,1.0,2026,0.25,maximize_F1_subject_to_FPR_target,0.9551578770188901,0.994147559888142,0.047150051250055704
PRIMARY__CICIoT2023_R1__Utility-Only__b1.0__seed3407,CICIoT2023_R1,Utility-Only,1.0,3407,0.08,maximize_F1_subject_to_FPR_target,0.9513448728881924,0.9934337749377321,0.045590266945942336
PRIMARY__CICIoT2023_R1__Utility-Only__b1.0__seed11,CICIoT2023_R1,Utility-Only,1.0,11,0.48,maximize_F1_subject_to_FPR_target,0.9529216793518291,0.9936250084563849,0.04510004902179242
PRIMARY__CICIoT2023_R1__Utility-Only__b1.0__seed314,CICIoT2023_R1,Utility-Only,1.0,314,0.35,maximize_F1_subject_to_FPR_target,0.9539786132303827,0.9936972384635968,0.046971790186728465
PRIMARY__CICIoT2023_R1__Utility-Only__b1.0__seed2718,CICIoT2023_R1,Utility-Only,1.0,2718,0.26,maximize_F1_subject_to_FPR_target,0.9525650169876293,0.9937896512302875,0.04737287757921476
PRIMARY__CICIoT2023_R1__Utility-Only__b1.0__seed9001,CICIoT2023_R1,Utility-Only,1.0,9001,0.31,maximize_F1_subject_to_FPR_target,0.9525546885778671,0.9934992335472687,0.049200053478318996
PRIMARY__CICIoT2023_R1__Utility-Only__b1.0__seed2027,CICIoT2023_R1,Utility-Only,1.0,2027,0.34,maximize_F1_subject_to_FPR_target,0.9541802920881932,0.9938243641507418,0.04706092071839209
PRIMARY__CICIoT2023_R1__Utility-Cost-Ratio__b1.0__seed42,CICIoT2023_R1,Utility-Cost-Ratio,1.0,42,0.34,maximize_F1_subject_to_FPR_target,0.9541060951884929,0.9940553325254796,0.046927224920896654
PRIMARY__CICIoT2023_R1__Utility-Cost-Ratio__b1.0__seed123,CICIoT2023_R1,Utility-Cost-Ratio,1.0,123,0.2,maximize_F1_subject_to_FPR_target,0.9548499587042305,0.9942196631544503,0.049467445073309864
PRIMARY__CICIoT2023_R1__Utility-Cost-Ratio__b1.0__seed777,CICIoT2023_R1,Utility-Cost-Ratio,1.0,777,0.25,maximize_F1_subject_to_FPR_target,0.9527551803530314,0.9936776075894745,0.04474352689513793
PRIMARY__CICIoT2023_R1__Utility-Cost-Ratio__b1.0__seed2026,CICIoT2023_R1,Utility-Cost-Ratio,1.0,2026,0.25,maximize_F1_subject_to_FPR_target,0.9551578770188901,0.994147559888142,0.047150051250055704
PRIMARY__CICIoT2023_R1__Utility-Cost-Ratio__b1.0__seed3407,CICIoT2023_R1,Utility-Cost-Ratio,1.0,3407,0.08,maximize_F1_subject_to_FPR_target,0.9513448728881924,0.9934337749377321,0.045590266945942336
PRIMARY__CICIoT2023_R1__Utility-Cost-Ratio__b1.0__seed11,CICIoT2023_R1,Utility-Cost-Ratio,1.0,11,0.48,maximize_F1_subject_to_FPR_target,0.9529216793518291,0.9936250084563849,0.04510004902179242
PRIMARY__CICIoT2023_R1__Utility-Cost-Ratio__b1.0__seed314,CICIoT2023_R1,Utility-Cost-Ratio,1.0,314,0.35,maximize_F1_subject_to_FPR_target,0.9539786132303827,0.9936972384635968,0.046971790186728465
PRIMARY__CICIoT2023_R1__Utility-Cost-Ratio__b1.0__seed2718,CICIoT2023_R1,Utility-Cost-Ratio,1.0,2718,0.26,maximize_F1_subject_to_FPR_target,0.9525650169876293,0.9937896512302875,0.04737287757921476
PRIMARY__CICIoT2023_R1__Utility-Cost-Ratio__b1.0__seed9001,CICIoT2023_R1,Utility-Cost-Ratio,1.0,9001,0.31,maximize_F1_subject_to_FPR_target,0.9525546885778671,0.9934992335472687,0.049200053478318996
PRIMARY__CICIoT2023_R1__Utility-Cost-Ratio__b1.0__seed2027,CICIoT2023_R1,Utility-Cost-Ratio,1.0,2027,0.34,maximize_F1_subject_to_FPR_target,0.9541802920881932,0.9938243641507418,0.04706092071839209
PRIMARY__CICIoT2023_R1__CB-Score__b1.0__seed42,CICIoT2023_R1,CB-Score,1.0,42,0.35,maximize_F1_subject_to_FPR_target,0.9535762752148679,0.9940964706570802,0.04536744061678328
PRIMARY__CICIoT2023_R1__CB-Score__b1.0__seed123,CICIoT2023_R1,CB-Score,1.0,123,0.47,maximize_F1_subject_to_FPR_target,0.9543757078576021,0.9936479847483581,0.0487989660858327
PRIMARY__CICIoT2023_R1__CB-Score__b1.0__seed777,CICIoT2023_R1,CB-Score,1.0,777,0.36,maximize_F1_subject_to_FPR_target,0.9528173013461037,0.9936931202253371,0.0446098310976425
PRIMARY__CICIoT2023_R1__CB-Score__b1.0__seed2026,CICIoT2023_R1,CB-Score,1.0,2026,0.39,maximize_F1_subject_to_FPR_target,0.95579169308572,0.994001717701155,0.04995766299745978
PRIMARY__CICIoT2023_R1__CB-Score__b1.0__seed3407,CICIoT2023_R1,CB-Score,1.0,3407,0.7,maximize_F1_subject_to_FPR_target,0.951764633546483,0.9935067669065385,0.043228307856856364
PRIMARY__CICIoT2023_R1__CB-Score__b1.0__seed11,CICIoT2023_R1,CB-Score,1.0,11,0.38,maximize_F1_subject_to_FPR_target,0.9554896142433235,0.9942318881144939,0.04741744284504657
PRIMARY__CICIoT2023_R1__CB-Score__b1.0__seed314,CICIoT2023_R1,CB-Score,1.0,314,0.31,maximize_F1_subject_to_FPR_target,0.9542849710407725,0.9938588686507572,0.0496457061366371
PRIMARY__CICIoT2023_R1__CB-Score__b1.0__seed2718,CICIoT2023_R1,CB-Score,1.0,2718,0.2,maximize_F1_subject_to_FPR_target,0.9534856976378677,0.9939601555660074,0.04572396274343776
PRIMARY__CICIoT2023_R1__CB-Score__b1.0__seed9001,CICIoT2023_R1,CB-Score,1.0,9001,0.25,maximize_F1_subject_to_FPR_target,0.9513379005253295,0.9934086048297105,0.046615268060073975
PRIMARY__CICIoT2023_R1__CB-Score__b1.0__seed2027,CICIoT2023_R1,CB-Score,1.0,2027,0.35,maximize_F1_subject_to_FPR_target,0.9539027192646495,0.9938983374369937,0.047239181781719326
PRIMARY__CICIoT2023_R1__Historical-DoubleCost__b1.0__seed42,CICIoT2023_R1,Historical-DoubleCost,1.0,42,0.35,maximize_F1_subject_to_FPR_target,0.9535762752148679,0.9940964706570802,0.04536744061678328
PRIMARY__CICIoT2023_R1__Historical-DoubleCost__b1.0__seed123,CICIoT2023_R1,Historical-DoubleCost,1.0,123,0.47,maximize_F1_subject_to_FPR_target,0.9543757078576021,0.9936479847483581,0.0487989660858327
PRIMARY__CICIoT2023_R1__Historical-DoubleCost__b1.0__seed777,CICIoT2023_R1,Historical-DoubleCost,1.0,777,0.36,maximize_F1_subject_to_FPR_target,0.9528173013461037,0.9936931202253371,0.0446098310976425
PRIMARY__CICIoT2023_R1__Historical-DoubleCost__b1.0__seed2026,CICIoT2023_R1,Historical-DoubleCost,1.0,2026,0.39,maximize_F1_subject_to_FPR_target,0.95579169308572,0.994001717701155,0.04995766299745978
PRIMARY__CICIoT2023_R1__Historical-DoubleCost__b1.0__seed3407,CICIoT2023_R1,Historical-DoubleCost,1.0,3407,0.7,maximize_F1_subject_to_FPR_target,0.951764633546483,0.9935067669065385,0.043228307856856364
PRIMARY__CICIoT2023_R1__Historical-DoubleCost__b1.0__seed11,CICIoT2023_R1,Historical-DoubleCost,1.0,11,0.38,maximize_F1_subject_to_FPR_target,0.9554896142433235,0.9942318881144939,0.04741744284504657
PRIMARY__CICIoT2023_R1__Historical-DoubleCost__b1.0__seed314,CICIoT2023_R1,Historical-DoubleCost,1.0,314,0.31,maximize_F1_subject_to_FPR_target,0.9542849710407725,0.9938588686507572,0.0496457061366371
PRIMARY__CICIoT2023_R1__Historical-DoubleCost__b1.0__seed2718,CICIoT2023_R1,Historical-DoubleCost,1.0,2718,0.2,maximize_F1_subject_to_FPR_target,0.9534856976378677,0.9939601555660074,0.04572396274343776
PRIMARY__CICIoT2023_R1__Historical-DoubleCost__b1.0__seed9001,CICIoT2023_R1,Historical-DoubleCost,1.0,9001,0.25,maximize_F1_subject_to_FPR_target,0.9513379005253295,0.9934086048297105,0.046615268060073975
PRIMARY__CICIoT2023_R1__Historical-DoubleCost__b1.0__seed2027,CICIoT2023_R1,Historical-DoubleCost,1.0,2027,0.35,maximize_F1_subject_to_FPR_target,0.9539027192646495,0.9938983374369937,0.047239181781719326
PRIMARY__CICIoT2023_R1__Oort-Style-Adapted__b1.0__seed42,CICIoT2023_R1,Oort-Style-Adapted,1.0,42,0.34,maximize_F1_subject_to_FPR_target,0.9541060951884929,0.9940553325254796,0.046927224920896654
PRIMARY__CICIoT2023_R1__Oort-Style-Adapted__b1.0__seed123,CICIoT2023_R1,Oort-Style-Adapted,1.0,123,0.2,maximize_F1_subject_to_FPR_target,0.9548499587042305,0.9942196631544503,0.049467445073309864
PRIMARY__CICIoT2023_R1__Oort-Style-Adapted__b1.0__seed777,CICIoT2023_R1,Oort-Style-Adapted,1.0,777,0.25,maximize_F1_subject_to_FPR_target,0.9527551803530314,0.9936776075894745,0.04474352689513793
PRIMARY__CICIoT2023_R1__Oort-Style-Adapted__b1.0__seed2026,CICIoT2023_R1,Oort-Style-Adapted,1.0,2026,0.25,maximize_F1_subject_to_FPR_target,0.9551578770188901,0.994147559888142,0.047150051250055704
PRIMARY__CICIoT2023_R1__Oort-Style-Adapted__b1.0__seed3407,CICIoT2023_R1,Oort-Style-Adapted,1.0,3407,0.08,maximize_F1_subject_to_FPR_target,0.9513448728881924,0.9934337749377321,0.045590266945942336
PRIMARY__CICIoT2023_R1__Oort-Style-Adapted__b1.0__seed11,CICIoT2023_R1,Oort-Style-Adapted,1.0,11,0.48,maximize_F1_subject_to_FPR_target,0.9529216793518291,0.9936250084563849,0.04510004902179242
PRIMARY__CICIoT2023_R1__Oort-Style-Adapted__b1.0__seed314,CICIoT2023_R1,Oort-Style-Adapted,1.0,314,0.35,maximize_F1_subject_to_FPR_target,0.9539786132303827,0.9936972384635968,0.046971790186728465
PRIMARY__CICIoT2023_R1__Oort-Style-Adapted__b1.0__seed2718,CICIoT2023_R1,Oort-Style-Adapted,1.0,2718,0.26,maximize_F1_subject_to_FPR_target,0.9525650169876293,0.9937896512302875,0.04737287757921476
PRIMARY__CICIoT2023_R1__Oort-Style-Adapted__b1.0__seed9001,CICIoT2023_R1,Oort-Style-Adapted,1.0,9001,0.31,maximize_F1_subject_to_FPR_target,0.9525546885778671,0.9934992335472687,0.049200053478318996
PRIMARY__CICIoT2023_R1__Oort-Style-Adapted__b1.0__seed2027,CICIoT2023_R1,Oort-Style-Adapted,1.0,2027,0.34,maximize_F1_subject_to_FPR_target,0.9541802920881932,0.9938243641507418,0.04706092071839209
PRIMARY__CICIoT2023_R1__Oracle-Score-Exact__b1.0__seed42,CICIoT2023_R1,Oracle-Score-Exact,1.0,42,0.35,maximize_F1_subject_to_FPR_target,0.9535762752148679,0.9940964706570802,0.04536744061678328
PRIMARY__CICIoT2023_R1__Oracle-Score-Exact__b1.0__seed123,CICIoT2023_R1,Oracle-Score-Exact,1.0,123,0.47,maximize_F1_subject_to_FPR_target,0.9543757078576021,0.9936479847483581,0.0487989660858327
PRIMARY__CICIoT2023_R1__Oracle-Score-Exact__b1.0__seed777,CICIoT2023_R1,Oracle-Score-Exact,1.0,777,0.36,maximize_F1_subject_to_FPR_target,0.9528173013461037,0.9936931202253371,0.0446098310976425
PRIMARY__CICIoT2023_R1__Oracle-Score-Exact__b1.0__seed2026,CICIoT2023_R1,Oracle-Score-Exact,1.0,2026,0.39,maximize_F1_subject_to_FPR_target,0.95579169308572,0.994001717701155,0.04995766299745978
PRIMARY__CICIoT2023_R1__Oracle-Score-Exact__b1.0__seed3407,CICIoT2023_R1,Oracle-Score-Exact,1.0,3407,0.7,maximize_F1_subject_to_FPR_target,0.951764633546483,0.9935067669065385,0.043228307856856364
PRIMARY__CICIoT2023_R1__Oracle-Score-Exact__b1.0__seed11,CICIoT2023_R1,Oracle-Score-Exact,1.0,11,0.38,maximize_F1_subject_to_FPR_target,0.9554896142433235,0.9942318881144939,0.04741744284504657
PRIMARY__CICIoT2023_R1__Oracle-Score-Exact__b1.0__seed314,CICIoT2023_R1,Oracle-Score-Exact,1.0,314,0.31,maximize_F1_subject_to_FPR_target,0.9542849710407725,0.9938588686507572,0.0496457061366371
PRIMARY__CICIoT2023_R1__Oracle-Score-Exact__b1.0__seed2718,CICIoT2023_R1,Oracle-Score-Exact,1.0,2718,0.2,maximize_F1_subject_to_FPR_target,0.9534856976378677,0.9939601555660074,0.04572396274343776
PRIMARY__CICIoT2023_R1__Oracle-Score-Exact__b1.0__seed9001,CICIoT2023_R1,Oracle-Score-Exact,1.0,9001,0.25,maximize_F1_subject_to_FPR_target,0.9513379005253295,0.9934086048297105,0.046615268060073975
PRIMARY__CICIoT2023_R1__Oracle-Score-Exact__b1.0__seed2027,CICIoT2023_R1,Oracle-Score-Exact,1.0,2027,0.35,maximize_F1_subject_to_FPR_target,0.9539027192646495,0.9938983374369937,0.047239181781719326
