hypothesis_id,family,family_size,dataset,beta,comparison,endpoint,null,alternative,test,multiplicity,status,threshold_analysis,mean_delta,ci_low,ci_high,one_sided_lower_95,one_sided_upper_95,raw_p,margin,paired_dz,wins,losses,ties,holm_adjusted_p,decision
F1_NI_CB_vs_Full__CICIDS2017_COVERAGE_R1__b0.1,F1_NI_CB_vs_Full,12,CICIDS2017_COVERAGE_R1,0.1,CB-Score minus Full-Contextual,F1,mean_delta <= -0.02,mean_delta > -0.02,exact paired sign-flip on delta+margin; 20000 paired bootstrap CI,Holm within family,LOCKED,method_specific,0.03641693796656552,-0.0032941577852056256,0.11178293682655657,-0.0023109745519572294,0.10944267019376136,0.0009765625,0.02,0.31038235989130186,5,5,0,0.01171875,MET_GATE_WITHIN_EVALUATED_SEEDS
F1_NI_CB_vs_Full__CICIDS2017_COVERAGE_R1__b0.2,F1_NI_CB_vs_Full,12,CICIDS2017_COVERAGE_R1,0.2,CB-Score minus Full-Contextual,F1,mean_delta <= -0.02,mean_delta > -0.02,exact paired sign-flip on delta+margin; 20000 paired bootstrap CI,Holm within family,LOCKED,method_specific,0.000896081965979633,-0.0039038239729632823,0.006441502737573532,-0.002688847370823219,0.005023820738422858,0.0009765625,0.02,0.10767974590180338,7,3,0,0.01171875,MET_GATE_WITHIN_EVALUATED_SEEDS
F1_NI_CB_vs_Full__CICIDS2017_COVERAGE_R1__b0.4,F1_NI_CB_vs_Full,12,CICIDS2017_COVERAGE_R1,0.4,CB-Score minus Full-Contextual,F1,mean_delta <= -0.02,mean_delta > -0.02,exact paired sign-flip on delta+margin; 20000 paired bootstrap CI,Holm within family,LOCKED,method_specific,0.0025917134602278084,-0.0021460149647083357,0.007056322260371339,-0.0012744477720384882,0.006403146643836555,0.0009765625,0.02,0.32623552127334715,4,6,0,0.01171875,MET_GATE_WITHIN_EVALUATED_SEEDS
F1_NI_CB_vs_Full__CICIDS2017_COVERAGE_R1__b0.6,F1_NI_CB_vs_Full,12,CICIDS2017_COVERAGE_R1,0.6,CB-Score minus Full-Contextual,F1,mean_delta <= -0.02,mean_delta > -0.02,exact paired sign-flip on delta+margin; 20000 paired bootstrap CI,Holm within family,LOCKED,method_specific,0.0005580281936589012,-0.004309593615581687,0.0062058936545619755,-0.0030791723865074673,0.004794478659817239,0.0009765625,0.02,0.06585889102200745,2,8,0,0.01171875,MET_GATE_WITHIN_EVALUATED_SEEDS
F1_NI_CB_vs_Full__CICIDS2017_COVERAGE_R1__b0.8,F1_NI_CB_vs_Full,12,CICIDS2017_COVERAGE_R1,0.8,CB-Score minus Full-Contextual,F1,mean_delta <= -0.02,mean_delta > -0.02,exact paired sign-flip on delta+margin; 20000 paired bootstrap CI,Holm within family,LOCKED,method_specific,0.0004168674310407681,-0.0038080993526587396,0.004680627218618333,-0.002728544599885902,0.0035727445869639914,0.0009765625,0.02,0.06105987038605948,6,4,0,0.01171875,MET_GATE_WITHIN_EVALUATED_SEEDS
F1_NI_CB_vs_Full__CICIDS2017_COVERAGE_R1__b1.0,F1_NI_CB_vs_Full,12,CICIDS2017_COVERAGE_R1,1.0,CB-Score minus Full-Contextual,F1,mean_delta <= -0.02,mean_delta > -0.02,exact paired sign-flip on delta+margin; 20000 paired bootstrap CI,Holm within family,LOCKED,method_specific,0.000235902050719732,-0.003227027387537285,0.0034159508412139926,-0.0026077067796805215,0.0029041031812516143,0.0009765625,0.02,0.04266779296652423,5,5,0,0.01171875,MET_GATE_WITHIN_EVALUATED_SEEDS
F1_NI_CB_vs_Full__CICIoT2023_R1__b0.1,F1_NI_CB_vs_Full,12,CICIoT2023_R1,0.1,CB-Score minus Full-Contextual,F1,mean_delta <= -0.02,mean_delta > -0.02,exact paired sign-flip on delta+margin; 20000 paired bootstrap CI,Holm within family,LOCKED,method_specific,-0.050912665694977474,-0.1490502537055918,0.0013786183289466124,-0.14606735941394344,0.00041682172950826125,0.501953125,0.02,-0.33408813829818806,4,6,0,0.501953125,INCONCLUSIVE
F1_NI_CB_vs_Full__CICIoT2023_R1__b0.2,F1_NI_CB_vs_Full,12,CICIoT2023_R1,0.2,CB-Score minus Full-Contextual,F1,mean_delta <= -0.02,mean_delta > -0.02,exact paired sign-flip on delta+margin; 20000 paired bootstrap CI,Holm within family,LOCKED,method_specific,-0.0022202851529477654,-0.00748622172585456,0.0016303688604705547,-0.0065269195452264915,0.0012077445600251584,0.001953125,0.02,-0.28021211267572443,4,6,0,0.01171875,MET_GATE_WITHIN_EVALUATED_SEEDS
F1_NI_CB_vs_Full__CICIoT2023_R1__b0.4,F1_NI_CB_vs_Full,12,CICIoT2023_R1,0.4,CB-Score minus Full-Contextual,F1,mean_delta <= -0.02,mean_delta > -0.02,exact paired sign-flip on delta+margin; 20000 paired bootstrap CI,Holm within family,LOCKED,method_specific,-0.0063927884926566645,-0.01576879229931923,0.0008730638723293111,-0.014012571521317888,4.037445240394416e-05,0.013671875,0.02,-0.45031457578624334,3,7,0,0.02734375,MET_GATE_WITHIN_EVALUATED_SEEDS
F1_NI_CB_vs_Full__CICIoT2023_R1__b0.6,F1_NI_CB_vs_Full,12,CICIoT2023_R1,0.6,CB-Score minus Full-Contextual,F1,mean_delta <= -0.02,mean_delta > -0.02,exact paired sign-flip on delta+margin; 20000 paired bootstrap CI,Holm within family,LOCKED,method_specific,-0.001997982580650115,-0.00530128662799401,0.0011725126742273661,-0.00476322272204204,0.0007192481083760848,0.0009765625,0.02,-0.364231147951306,3,7,0,0.01171875,MET_GATE_WITHIN_EVALUATED_SEEDS
F1_NI_CB_vs_Full__CICIoT2023_R1__b0.8,F1_NI_CB_vs_Full,12,CICIoT2023_R1,0.8,CB-Score minus Full-Contextual,F1,mean_delta <= -0.02,mean_delta > -0.02,exact paired sign-flip on delta+margin; 20000 paired bootstrap CI,Holm within family,LOCKED,method_specific,-0.0019416916404294883,-0.006979112528031014,0.0025645443402446517,-0.006114686038801919,0.0018947888986276973,0.0009765625,0.02,-0.24050589051282772,4,6,0,0.01171875,MET_GATE_WITHIN_EVALUATED_SEEDS
F1_NI_CB_vs_Full__CICIoT2023_R1__b1.0,F1_NI_CB_vs_Full,12,CICIoT2023_R1,1.0,CB-Score minus Full-Contextual,F1,mean_delta <= -0.02,mean_delta > -0.02,exact paired sign-flip on delta+margin; 20000 paired bootstrap CI,Holm within family,LOCKED,method_specific,0.0012916155608387436,-0.0008049331620400052,0.003983448061368192,-0.000547978950404271,0.0035096728980376648,0.0009765625,0.02,0.313036254236217,6,4,0,0.01171875,MET_GATE_WITHIN_EVALUATED_SEEDS
PRAUC_NI_CB_vs_Full__CICIDS2017_COVERAGE_R1__b0.1,PRAUC_NI_CB_vs_Full,12,CICIDS2017_COVERAGE_R1,0.1,CB-Score minus Full-Contextual,PR-AUC,mean_delta <= -0.02,mean_delta > -0.02,exact paired sign-flip on delta+margin; 20000 paired bootstrap CI,Holm within family,LOCKED,method_specific,0.03188556360971241,-0.006623774909230723,0.09164263093034625,-0.0038457799283424673,0.08348032139218237,0.0029296875,0.02,0.3568678048110299,5,5,0,0.01171875,MET_GATE_WITHIN_EVALUATED_SEEDS
PRAUC_NI_CB_vs_Full__CICIDS2017_COVERAGE_R1__b0.2,PRAUC_NI_CB_vs_Full,12,CICIDS2017_COVERAGE_R1,0.2,CB-Score minus Full-Contextual,PR-AUC,mean_delta <= -0.02,mean_delta > -0.02,exact paired sign-flip on delta+margin; 20000 paired bootstrap CI,Holm within family,LOCKED,method_specific,0.007546460585718992,0.0013538639896141273,0.014457972589275959,0.002202450788950861,0.013325136163716163,0.0009765625,0.02,0.6679908411234492,7,3,0,0.01171875,MET_GATE_WITHIN_EVALUATED_SEEDS
PRAUC_NI_CB_vs_Full__CICIDS2017_COVERAGE_R1__b0.4,PRAUC_NI_CB_vs_Full,12,CICIDS2017_COVERAGE_R1,0.4,CB-Score minus Full-Contextual,PR-AUC,mean_delta <= -0.02,mean_delta > -0.02,exact paired sign-flip on delta+margin; 20000 paired bootstrap CI,Holm within family,LOCKED,method_specific,0.008275379309295509,-0.003309734582164413,0.02270696366402646,-0.0017943889774957307,0.02021776619482957,0.0009765625,0.02,0.37027928922104164,8,2,0,0.01171875,MET_GATE_WITHIN_EVALUATED_SEEDS
PRAUC_NI_CB_vs_Full__CICIDS2017_COVERAGE_R1__b0.6,PRAUC_NI_CB_vs_Full,12,CICIDS2017_COVERAGE_R1,0.6,CB-Score minus Full-Contextual,PR-AUC,mean_delta <= -0.02,mean_delta > -0.02,exact paired sign-flip on delta+margin; 20000 paired bootstrap CI,Holm within family,LOCKED,method_specific,0.002892031140629517,-0.004971982936432714,0.014706900220108947,-0.004308449689198271,0.013091006470722978,0.0009765625,0.02,0.16204809264095335,4,6,0,0.01171875,MET_GATE_WITHIN_EVALUATED_SEEDS
PRAUC_NI_CB_vs_Full__CICIDS2017_COVERAGE_R1__b0.8,PRAUC_NI_CB_vs_Full,12,CICIDS2017_COVERAGE_R1,0.8,CB-Score minus Full-Contextual,PR-AUC,mean_delta <= -0.02,mean_delta > -0.02,exact paired sign-flip on delta+margin; 20000 paired bootstrap CI,Holm within family,LOCKED,method_specific,0.011162127089168309,0.0013752911834878797,0.022638620226025735,0.0027281008798065187,0.020699504492363064,0.0009765625,0.02,0.6122720078153606,7,3,0,0.01171875,MET_GATE_WITHIN_EVALUATED_SEEDS
PRAUC_NI_CB_vs_Full__CICIDS2017_COVERAGE_R1__b1.0,PRAUC_NI_CB_vs_Full,12,CICIDS2017_COVERAGE_R1,1.0,CB-Score minus Full-Contextual,PR-AUC,mean_delta <= -0.02,mean_delta > -0.02,exact paired sign-flip on delta+margin; 20000 paired bootstrap CI,Holm within family,LOCKED,method_specific,0.013470308378051457,0.001524100388522217,0.028045563936195915,0.003184550462741259,0.025414545103038876,0.0009765625,0.02,0.5950874402871097,9,1,0,0.01171875,MET_GATE_WITHIN_EVALUATED_SEEDS
PRAUC_NI_CB_vs_Full__CICIoT2023_R1__b0.1,PRAUC_NI_CB_vs_Full,12,CICIoT2023_R1,0.1,CB-Score minus Full-Contextual,PR-AUC,mean_delta <= -0.02,mean_delta > -0.02,exact paired sign-flip on delta+margin; 20000 paired bootstrap CI,Holm within family,LOCKED,method_specific,-0.02089555016875493,-0.061916867116097236,0.00014387646409464385,-0.06145190772798985,-5.2245827480381144e-05,0.5009765625,0.02,-0.3249633486062915,4,6,0,0.5009765625,INCONCLUSIVE
PRAUC_NI_CB_vs_Full__CICIoT2023_R1__b0.2,PRAUC_NI_CB_vs_Full,12,CICIoT2023_R1,0.2,CB-Score minus Full-Contextual,PR-AUC,mean_delta <= -0.02,mean_delta > -0.02,exact paired sign-flip on delta+margin; 20000 paired bootstrap CI,Holm within family,LOCKED,method_specific,-0.00024641004383428865,-0.001017885545270382,0.00043655242208796575,-0.0008807923489613545,0.00034046253259410904,0.0009765625,0.02,-0.19952258796490382,3,7,0,0.01171875,MET_GATE_WITHIN_EVALUATED_SEEDS
PRAUC_NI_CB_vs_Full__CICIoT2023_R1__b0.4,PRAUC_NI_CB_vs_Full,12,CICIoT2023_R1,0.4,CB-Score minus Full-Contextual,PR-AUC,mean_delta <= -0.02,mean_delta > -0.02,exact paired sign-flip on delta+margin; 20000 paired bootstrap CI,Holm within family,LOCKED,method_specific,0.00013575695135950027,-0.00044027659985418355,0.0005868184319533904,-0.0003380540585054159,0.0005336901711267778,0.0009765625,0.02,0.15258337301038746,7,3,0,0.01171875,MET_GATE_WITHIN_EVALUATED_SEEDS
PRAUC_NI_CB_vs_Full__CICIoT2023_R1__b0.6,PRAUC_NI_CB_vs_Full,12,CICIoT2023_R1,0.6,CB-Score minus Full-Contextual,PR-AUC,mean_delta <= -0.02,mean_delta > -0.02,exact paired sign-flip on delta+margin; 20000 paired bootstrap CI,Holm within family,LOCKED,method_specific,7.635540313921663e-05,-0.0007186799545014128,0.000840151201098167,-0.0005871273261596649,0.0007262515854224887,0.0009765625,0.02,0.05762277493688773,7,3,0,0.01171875,MET_GATE_WITHIN_EVALUATED_SEEDS
PRAUC_NI_CB_vs_Full__CICIoT2023_R1__b0.8,PRAUC_NI_CB_vs_Full,12,CICIoT2023_R1,0.8,CB-Score minus Full-Contextual,PR-AUC,mean_delta <= -0.02,mean_delta > -0.02,exact paired sign-flip on delta+margin; 20000 paired bootstrap CI,Holm within family,LOCKED,method_specific,0.0001238545826872106,-0.0005340929230295699,0.0008397280913990244,-0.0004449438540165995,0.0007200616202087749,0.0009765625,0.02,0.10533815687182822,5,5,0,0.01171875,MET_GATE_WITHIN_EVALUATED_SEEDS
PRAUC_NI_CB_vs_Full__CICIoT2023_R1__b1.0,PRAUC_NI_CB_vs_Full,12,CICIoT2023_R1,1.0,CB-Score minus Full-Contextual,PR-AUC,mean_delta <= -0.02,mean_delta > -0.02,exact paired sign-flip on delta+margin; 20000 paired bootstrap CI,Holm within family,LOCKED,method_specific,0.000442869999534623,-3.804197608363229e-05,0.0009931541133944258,2.5849060656223397e-05,0.0008997480573562376,0.0009765625,0.02,0.5032939343114319,6,4,0,0.01171875,MET_GATE_WITHIN_EVALUATED_SEEDS
FPR_SAFETY_CB_vs_Full__CICIDS2017_COVERAGE_R1__b0.1,FPR_SAFETY_CB_vs_Full,12,CICIDS2017_COVERAGE_R1,0.1,CB-Score minus Full-Contextual,FPR,mean_delta >= 0.0025,mean_delta < 0.0025,exact paired sign-flip on 0.0025-delta; 20000 paired bootstrap CI,Holm within family,LOCKED,method_specific,0.0260289377527268,0.001455663643914561,0.06435946253576198,0.003332626923116362,0.05934303849821745,0.8818359375,0.0025,0.4508985922663502,8,2,0,1.0,INCONCLUSIVE
FPR_SAFETY_CB_vs_Full__CICIDS2017_COVERAGE_R1__b0.2,FPR_SAFETY_CB_vs_Full,12,CICIDS2017_COVERAGE_R1,0.2,CB-Score minus Full-Contextual,FPR,mean_delta >= 0.0025,mean_delta < 0.0025,exact paired sign-flip on 0.0025-delta; 20000 paired bootstrap CI,Holm within family,LOCKED,method_specific,0.0072956224214602875,0.001272555279447906,0.017535668019100413,0.0015346989837947218,0.016611726181727442,0.748046875,0.0025,0.47274638437226235,10,0,0,1.0,INCONCLUSIVE
FPR_SAFETY_CB_vs_Full__CICIDS2017_COVERAGE_R1__b0.4,FPR_SAFETY_CB_vs_Full,12,CICIDS2017_COVERAGE_R1,0.4,CB-Score minus Full-Contextual,FPR,mean_delta >= 0.0025,mean_delta < 0.0025,exact paired sign-flip on 0.0025-delta; 20000 paired bootstrap CI,Holm within family,LOCKED,method_specific,0.003839567403498098,0.00042999019001295486,0.007290179074989999,0.0009454332288529835,0.0067268482596672795,0.7607421875,0.0025,0.659807852599257,6,4,0,1.0,INCONCLUSIVE
FPR_SAFETY_CB_vs_Full__CICIDS2017_COVERAGE_R1__b0.6,FPR_SAFETY_CB_vs_Full,12,CICIDS2017_COVERAGE_R1,0.6,CB-Score minus Full-Contextual,FPR,mean_delta >= 0.0025,mean_delta < 0.0025,exact paired sign-flip on 0.0025-delta; 20000 paired bootstrap CI,Holm within family,LOCKED,method_specific,0.005157933955202199,-0.0012172074692626102,0.015956798457746987,-0.0009284281119363956,0.015209632928742578,0.5078125,0.0025,0.3150012271250795,7,3,0,1.0,INCONCLUSIVE
FPR_SAFETY_CB_vs_Full__CICIDS2017_COVERAGE_R1__b0.8,FPR_SAFETY_CB_vs_Full,12,CICIDS2017_COVERAGE_R1,0.8,CB-Score minus Full-Contextual,FPR,mean_delta >= 0.0025,mean_delta < 0.0025,exact paired sign-flip on 0.0025-delta; 20000 paired bootstrap CI,Holm within family,LOCKED,method_specific,0.001126610358936146,0.0003308477948037832,0.002147669359001084,0.0004153008452995806,0.00196580860612731,0.015625,0.0025,0.7180382186678892,9,1,0,0.171875,INCONCLUSIVE
FPR_SAFETY_CB_vs_Full__CICIDS2017_COVERAGE_R1__b1.0,FPR_SAFETY_CB_vs_Full,12,CICIDS2017_COVERAGE_R1,1.0,CB-Score minus Full-Contextual,FPR,mean_delta >= 0.0025,mean_delta < 0.0025,exact paired sign-flip on 0.0025-delta; 20000 paired bootstrap CI,Holm within family,LOCKED,method_specific,0.004638380634333587,0.00011278921516685526,0.012597980236465104,0.0002679459527821738,0.012112428604144803,0.5068359375,0.0025,0.3805379395950221,7,3,0,1.0,INCONCLUSIVE
FPR_SAFETY_CB_vs_Full__CICIoT2023_R1__b0.1,FPR_SAFETY_CB_vs_Full,12,CICIoT2023_R1,0.1,CB-Score minus Full-Contextual,FPR,mean_delta >= 0.0025,mean_delta < 0.0025,exact paired sign-flip on 0.0025-delta; 20000 paired bootstrap CI,Holm within family,LOCKED,method_specific,0.02101462196861626,-0.01134105296005706,0.07479103512838797,-0.008987384094151214,0.07035083808844507,0.544921875,0.0025,0.26000119063341465,5,5,0,1.0,INCONCLUSIVE
FPR_SAFETY_CB_vs_Full__CICIoT2023_R1__b0.2,FPR_SAFETY_CB_vs_Full,12,CICIoT2023_R1,0.2,CB-Score minus Full-Contextual,FPR,mean_delta >= 0.0025,mean_delta < 0.0025,exact paired sign-flip on 0.0025-delta; 20000 paired bootstrap CI,Holm within family,LOCKED,method_specific,-0.0007310984308131242,-0.003668977353780314,0.0023805278174037084,-0.0032498216833095573,0.0018812410841654776,0.0400390625,0.0025,-0.14081510585462437,4,6,0,0.400390625,INCONCLUSIVE
FPR_SAFETY_CB_vs_Full__CICIoT2023_R1__b0.4,FPR_SAFETY_CB_vs_Full,12,CICIoT2023_R1,0.4,CB-Score minus Full-Contextual,FPR,mean_delta >= 0.0025,mean_delta < 0.0025,exact paired sign-flip on 0.0025-delta; 20000 paired bootstrap CI,Holm within family,LOCKED,method_specific,-0.005817582025677604,-0.017858416547788872,0.003659950071326676,-0.01568763373751783,0.0028040299572039936,0.1328125,0.0025,-0.313123807460197,5,5,0,1.0,INCONCLUSIVE
FPR_SAFETY_CB_vs_Full__CICIoT2023_R1__b0.6,FPR_SAFETY_CB_vs_Full,12,CICIoT2023_R1,0.6,CB-Score minus Full-Contextual,FPR,mean_delta >= 0.0025,mean_delta < 0.0025,exact paired sign-flip on 0.0025-delta; 20000 paired bootstrap CI,Holm within family,LOCKED,method_specific,-0.0007890513552068483,-0.0029377674750356636,0.0011144793152639075,-0.0025543865905848792,0.0008157988587731799,0.0048828125,0.0025,-0.22912613360211537,3,7,0,0.05859375,INCONCLUSIVE
FPR_SAFETY_CB_vs_Full__CICIoT2023_R1__b0.8,FPR_SAFETY_CB_vs_Full,12,CICIoT2023_R1,0.8,CB-Score minus Full-Contextual,FPR,mean_delta >= 0.0025,mean_delta < 0.0025,exact paired sign-flip on 0.0025-delta; 20000 paired bootstrap CI,Holm within family,LOCKED,method_specific,-0.0024563124108416545,-0.012112161198288156,0.0041280313837375165,-0.010614300998573464,0.00351283880171184,0.1708984375,0.0025,-0.17024392040945352,6,4,0,1.0,INCONCLUSIVE
FPR_SAFETY_CB_vs_Full__CICIoT2023_R1__b1.0,FPR_SAFETY_CB_vs_Full,12,CICIoT2023_R1,1.0,CB-Score minus Full-Contextual,FPR,mean_delta >= 0.0025,mean_delta < 0.0025,exact paired sign-flip on 0.0025-delta; 20000 paired bootstrap CI,Holm within family,LOCKED,method_specific,0.0012927960057061345,-0.0009495363766048502,0.003695724857346638,-0.0006062767475035667,0.0032854850213980035,0.1806640625,0.0025,0.32650058332536763,6,4,0,1.0,INCONCLUSIVE
SAME_BUDGET_F1__CICIDS2017_COVERAGE_R1__b0.1__vs_Utility-Only,SAME_BUDGET_F1,36,CICIDS2017_COVERAGE_R1,0.1,CB-Score minus Utility-Only,F1,mean_delta <= 0,mean_delta > 0,exact paired sign-flip; 20000 paired bootstrap CI,Holm within family,LOCKED,method_specific,0.0337947993097488,-0.010624518448248294,0.11140453928679234,-0.008008030423604751,0.10749322360140089,0.3740234375,0.0,0.2854393756654128,3,7,0,1.0,INCONCLUSIVE
SAME_BUDGET_F1__CICIDS2017_COVERAGE_R1__b0.1__vs_Utility-Cost-Ratio,SAME_BUDGET_F1,36,CICIDS2017_COVERAGE_R1,0.1,CB-Score minus Utility-Cost-Ratio,F1,mean_delta <= 0,mean_delta > 0,exact paired sign-flip; 20000 paired bootstrap CI,Holm within family,LOCKED,method_specific,0.0337947993097488,-0.010539791168453144,0.11139954704256567,-0.008016687649176195,0.10664473089536501,0.3740234375,0.0,0.2854393756654128,3,7,0,1.0,INCONCLUSIVE
SAME_BUDGET_F1__CICIDS2017_COVERAGE_R1__b0.1__vs_Oort-Style-Adapted,SAME_BUDGET_F1,36,CICIDS2017_COVERAGE_R1,0.1,CB-Score minus Oort-Style-Adapted,F1,mean_delta <= 0,mean_delta > 0,exact paired sign-flip; 20000 paired bootstrap CI,Holm within family,LOCKED,method_specific,0.03660481908187294,-0.002694847097541803,0.1115647488319547,-0.0023372373005514924,0.11014391147871869,0.3525390625,0.0,0.3133362691591498,5,5,0,1.0,INCONCLUSIVE
SAME_BUDGET_F1__CICIDS2017_COVERAGE_R1__b0.2__vs_Utility-Only,SAME_BUDGET_F1,36,CICIDS2017_COVERAGE_R1,0.2,CB-Score minus Utility-Only,F1,mean_delta <= 0,mean_delta > 0,exact paired sign-flip; 20000 paired bootstrap CI,Holm within family,LOCKED,method_specific,-0.12684757930261792,-0.2625347940850923,-0.0066983091625471775,-0.24026337530439598,-0.02682188082980955,0.9638671875,0.0,-0.5934552477651337,4,6,0,1.0,INCONCLUSIVE
SAME_BUDGET_F1__CICIDS2017_COVERAGE_R1__b0.2__vs_Utility-Cost-Ratio,SAME_BUDGET_F1,36,CICIDS2017_COVERAGE_R1,0.2,CB-Score minus Utility-Cost-Ratio,F1,mean_delta <= 0,mean_delta > 0,exact paired sign-flip; 20000 paired bootstrap CI,Holm within family,LOCKED,method_specific,-0.10429990380900593,-0.24610826141253642,-0.0023381644534673264,-0.21596288904685765,-0.0042067369161548915,0.9638671875,0.0,-0.492461058378825,4,6,0,1.0,INCONCLUSIVE
SAME_BUDGET_F1__CICIDS2017_COVERAGE_R1__b0.2__vs_Oort-Style-Adapted,SAME_BUDGET_F1,36,CICIDS2017_COVERAGE_R1,0.2,CB-Score minus Oort-Style-Adapted,F1,mean_delta <= 0,mean_delta > 0,exact paired sign-flip; 20000 paired bootstrap CI,Holm within family,LOCKED,method_specific,-0.12848741946316827,-0.2283844178316107,-0.03600705570805005,-0.2108805664741515,-0.05290006875102996,0.994140625,0.0,-0.7873779394731638,2,8,0,1.0,INCONCLUSIVE
SAME_BUDGET_F1__CICIDS2017_COVERAGE_R1__b0.4__vs_Utility-Only,SAME_BUDGET_F1,36,CICIDS2017_COVERAGE_R1,0.4,CB-Score minus Utility-Only,F1,mean_delta <= 0,mean_delta > 0,exact paired sign-flip; 20000 paired bootstrap CI,Holm within family,LOCKED,method_specific,-0.002111217776165014,-0.0074129177769513615,0.0027290512318782394,-0.006541664047087302,0.0019810800343446552,0.7646484375,0.0,-0.24364856490025813,3,7,0,1.0,INCONCLUSIVE
SAME_BUDGET_F1__CICIDS2017_COVERAGE_R1__b0.4__vs_Utility-Cost-Ratio,SAME_BUDGET_F1,36,CICIDS2017_COVERAGE_R1,0.4,CB-Score minus Utility-Cost-Ratio,F1,mean_delta <= 0,mean_delta > 0,exact paired sign-flip; 20000 paired bootstrap CI,Holm within family,LOCKED,method_specific,-0.004874313383050907,-0.01081558946628821,0.0007300646648333865,-0.009725013598743138,-8.49033610064736e-05,0.90625,0.0,-0.4984992689214903,1,9,0,1.0,INCONCLUSIVE
SAME_BUDGET_F1__CICIDS2017_COVERAGE_R1__b0.4__vs_Oort-Style-Adapted,SAME_BUDGET_F1,36,CICIDS2017_COVERAGE_R1,0.4,CB-Score minus Oort-Style-Adapted,F1,mean_delta <= 0,mean_delta > 0,exact paired sign-flip; 20000 paired bootstrap CI,Holm within family,LOCKED,method_specific,0.002066665172634974,2.5564752874511677e-05,0.00464077048671458,0.0002877918884813859,0.004198935721131124,0.0947265625,0.0,0.5198546324339313,5,5,0,1.0,INCONCLUSIVE
SAME_BUDGET_F1__CICIDS2017_COVERAGE_R1__b0.6__vs_Utility-Only,SAME_BUDGET_F1,36,CICIDS2017_COVERAGE_R1,0.6,CB-Score minus Utility-Only,F1,mean_delta <= 0,mean_delta > 0,exact paired sign-flip; 20000 paired bootstrap CI,Holm within family,LOCKED,method_specific,-0.0016111971579147767,-0.007888397786409398,0.004532992550274605,-0.007132798730544424,0.0039239310252717095,0.728515625,0.0,-0.15010112585059213,3,7,0,1.0,INCONCLUSIVE
SAME_BUDGET_F1__CICIDS2017_COVERAGE_R1__b0.6__vs_Utility-Cost-Ratio,SAME_BUDGET_F1,36,CICIDS2017_COVERAGE_R1,0.6,CB-Score minus Utility-Cost-Ratio,F1,mean_delta <= 0,mean_delta > 0,exact paired sign-flip; 20000 paired bootstrap CI,Holm within family,LOCKED,method_specific,-0.0021285619643077723,-0.00837268254528887,0.004097720442740235,-0.008158146362845379,0.003955457703502136,0.78515625,0.0,-0.18469321254379928,3,7,0,1.0,INCONCLUSIVE
SAME_BUDGET_F1__CICIDS2017_COVERAGE_R1__b0.6__vs_Oort-Style-Adapted,SAME_BUDGET_F1,36,CICIDS2017_COVERAGE_R1,0.6,CB-Score minus Oort-Style-Adapted,F1,mean_delta <= 0,mean_delta > 0,exact paired sign-flip; 20000 paired bootstrap CI,Holm within family,LOCKED,method_specific,-0.002075713455390968,-0.008403964133034248,0.0043036298199250885,-0.008287124731470365,0.004169215380919612,0.6767578125,0.0,-0.1754221365952525,4,6,0,1.0,INCONCLUSIVE
SAME_BUDGET_F1__CICIDS2017_COVERAGE_R1__b0.8__vs_Utility-Only,SAME_BUDGET_F1,36,CICIDS2017_COVERAGE_R1,0.8,CB-Score minus Utility-Only,F1,mean_delta <= 0,mean_delta > 0,exact paired sign-flip; 20000 paired bootstrap CI,Holm within family,LOCKED,method_specific,-0.04268946587570902,-0.12660183427293575,0.002476668000792018,-0.1234620948367672,0.0014529084220442255,0.818359375,0.0,-0.32792261489649693,5,5,0,1.0,INCONCLUSIVE
SAME_BUDGET_F1__CICIDS2017_COVERAGE_R1__b0.8__vs_Utility-Cost-Ratio,SAME_BUDGET_F1,36,CICIDS2017_COVERAGE_R1,0.8,CB-Score minus Utility-Cost-Ratio,F1,mean_delta <= 0,mean_delta > 0,exact paired sign-flip; 20000 paired bootstrap CI,Holm within family,LOCKED,method_specific,-0.04269550831063988,-0.12661582535915408,0.0022718532226313126,-0.1240990107732966,0.0013910094489340248,0.818359375,0.0,-0.32797484289512485,5,5,0,1.0,INCONCLUSIVE
SAME_BUDGET_F1__CICIDS2017_COVERAGE_R1__b0.8__vs_Oort-Style-Adapted,SAME_BUDGET_F1,36,CICIDS2017_COVERAGE_R1,0.8,CB-Score minus Oort-Style-Adapted,F1,mean_delta <= 0,mean_delta > 0,exact paired sign-flip; 20000 paired bootstrap CI,Holm within family,LOCKED,method_specific,-0.0019945010791899893,-0.007677142795496178,0.0029904840661688667,-0.006823914693447056,0.002807724658648803,0.6845703125,0.0,-0.21284930537221364,6,4,0,1.0,INCONCLUSIVE
SAME_BUDGET_F1__CICIDS2017_COVERAGE_R1__b1.0__vs_Utility-Only,SAME_BUDGET_F1,36,CICIDS2017_COVERAGE_R1,1.0,CB-Score minus Utility-Only,F1,mean_delta <= 0,mean_delta > 0,exact paired sign-flip; 20000 paired bootstrap CI,Holm within family,LOCKED,method_specific,-0.0030834503539843095,-0.009525306603454613,0.002366312496610218,-0.008423428090676569,0.0017059232357891088,0.810546875,0.0,-0.3037992251243252,3,7,0,1.0,INCONCLUSIVE
SAME_BUDGET_F1__CICIDS2017_COVERAGE_R1__b1.0__vs_Utility-Cost-Ratio,SAME_BUDGET_F1,36,CICIDS2017_COVERAGE_R1,1.0,CB-Score minus Utility-Cost-Ratio,F1,mean_delta <= 0,mean_delta > 0,exact paired sign-flip; 20000 paired bootstrap CI,Holm within family,LOCKED,method_specific,-0.0030834503539843095,-0.009316991994275395,0.0023310831670775066,-0.008293125030845838,0.0015965316721370465,0.810546875,0.0,-0.3037992251243252,3,7,0,1.0,INCONCLUSIVE
SAME_BUDGET_F1__CICIDS2017_COVERAGE_R1__b1.0__vs_Oort-Style-Adapted,SAME_BUDGET_F1,36,CICIDS2017_COVERAGE_R1,1.0,CB-Score minus Oort-Style-Adapted,F1,mean_delta <= 0,mean_delta > 0,exact paired sign-flip; 20000 paired bootstrap CI,Holm within family,LOCKED,method_specific,-0.0030834503539843095,-0.009437234494703366,0.002383554918106326,-0.008403828853717843,0.0016965042794665464,0.810546875,0.0,-0.3037992251243252,3,7,0,1.0,INCONCLUSIVE
SAME_BUDGET_F1__CICIoT2023_R1__b0.1__vs_Utility-Only,SAME_BUDGET_F1,36,CICIoT2023_R1,0.1,CB-Score minus Utility-Only,F1,mean_delta <= 0,mean_delta > 0,exact paired sign-flip; 20000 paired bootstrap CI,Holm within family,LOCKED,method_specific,-0.0005599597908411913,-0.009850083425252348,0.011201584449664521,-0.008624413053699062,0.008851866008597558,0.548828125,0.0,-0.031006606969887267,3,6,1,1.0,INCONCLUSIVE
SAME_BUDGET_F1__CICIoT2023_R1__b0.1__vs_Utility-Cost-Ratio,SAME_BUDGET_F1,36,CICIoT2023_R1,0.1,CB-Score minus Utility-Cost-Ratio,F1,mean_delta <= 0,mean_delta > 0,exact paired sign-flip; 20000 paired bootstrap CI,Holm within family,LOCKED,method_specific,-0.0008239489315783,-0.010254633791349645,0.010936675087054721,-0.008902254883640062,0.008437695266625434,0.572265625,0.0,-0.04575081409761054,3,6,1,1.0,INCONCLUSIVE
SAME_BUDGET_F1__CICIoT2023_R1__b0.1__vs_Oort-Style-Adapted,SAME_BUDGET_F1,36,CICIoT2023_R1,0.1,CB-Score minus Oort-Style-Adapted,F1,mean_delta <= 0,mean_delta > 0,exact paired sign-flip; 20000 paired bootstrap CI,Holm within family,LOCKED,method_specific,0.009523132719502125,-0.004168487835812307,0.027264362678794108,-0.003065902649586028,0.024237034201887987,0.21875,0.0,0.3491491208221592,3,6,1,1.0,INCONCLUSIVE
SAME_BUDGET_F1__CICIoT2023_R1__b0.2__vs_Utility-Only,SAME_BUDGET_F1,36,CICIoT2023_R1,0.2,CB-Score minus Utility-Only,F1,mean_delta <= 0,mean_delta > 0,exact paired sign-flip; 20000 paired bootstrap CI,Holm within family,LOCKED,method_specific,0.01875273635709205,0.0075509666001267175,0.03006352468577979,0.009294484459779807,0.028340055585250046,0.0087890625,0.0,0.97210878998568,8,2,0,0.298828125,INCONCLUSIVE
SAME_BUDGET_F1__CICIoT2023_R1__b0.2__vs_Utility-Cost-Ratio,SAME_BUDGET_F1,36,CICIoT2023_R1,0.2,CB-Score minus Utility-Cost-Ratio,F1,mean_delta <= 0,mean_delta > 0,exact paired sign-flip; 20000 paired bootstrap CI,Holm within family,LOCKED,method_specific,0.019338990399901824,0.008949322145632826,0.030243655579620072,0.01049182861899598,0.02842228493432424,0.00390625,0.0,1.0549490725815291,9,1,0,0.140625,INCONCLUSIVE
SAME_BUDGET_F1__CICIoT2023_R1__b0.2__vs_Oort-Style-Adapted,SAME_BUDGET_F1,36,CICIoT2023_R1,0.2,CB-Score minus Oort-Style-Adapted,F1,mean_delta <= 0,mean_delta > 0,exact paired sign-flip; 20000 paired bootstrap CI,Holm within family,LOCKED,method_specific,0.009144316716954193,0.0024127887164294326,0.01809912055504142,0.0030163287021867657,0.016347736433730546,0.0078125,0.0,0.6634241084454007,7,3,0,0.2734375,INCONCLUSIVE
SAME_BUDGET_F1__CICIoT2023_R1__b0.4__vs_Utility-Only,SAME_BUDGET_F1,36,CICIoT2023_R1,0.4,CB-Score minus Utility-Only,F1,mean_delta <= 0,mean_delta > 0,exact paired sign-flip; 20000 paired bootstrap CI,Holm within family,LOCKED,method_specific,0.0018592893110273123,-0.003031128511732051,0.008243841375739571,-0.0026830133325688827,0.006822631982504331,0.26171875,0.0,0.1932940631227635,3,7,0,1.0,INCONCLUSIVE
SAME_BUDGET_F1__CICIoT2023_R1__b0.4__vs_Utility-Cost-Ratio,SAME_BUDGET_F1,36,CICIoT2023_R1,0.4,CB-Score minus Utility-Cost-Ratio,F1,mean_delta <= 0,mean_delta > 0,exact paired sign-flip; 20000 paired bootstrap CI,Holm within family,LOCKED,method_specific,0.0018592893110273123,-0.0030337806473712424,0.008244253271933389,-0.0026666738622296337,0.006886432710017344,0.26171875,0.0,0.1932940631227635,3,7,0,1.0,INCONCLUSIVE
SAME_BUDGET_F1__CICIoT2023_R1__b0.4__vs_Oort-Style-Adapted,SAME_BUDGET_F1,36,CICIoT2023_R1,0.4,CB-Score minus Oort-Style-Adapted,F1,mean_delta <= 0,mean_delta > 0,exact paired sign-flip; 20000 paired bootstrap CI,Holm within family,LOCKED,method_specific,0.00010582711689413049,-0.01105458221343415,0.01170492090841949,-0.009369028963057973,0.00989089916461895,0.490234375,0.0,0.005410734854293782,5,5,0,1.0,INCONCLUSIVE
SAME_BUDGET_F1__CICIoT2023_R1__b0.6__vs_Utility-Only,SAME_BUDGET_F1,36,CICIoT2023_R1,0.6,CB-Score minus Utility-Only,F1,mean_delta <= 0,mean_delta > 0,exact paired sign-flip; 20000 paired bootstrap CI,Holm within family,LOCKED,method_specific,0.0020482683996325135,-0.00449329229650544,0.011435580091587707,-0.0037953539063762557,0.010008066944177895,0.4345703125,0.0,0.14513578650249864,4,6,0,1.0,INCONCLUSIVE
SAME_BUDGET_F1__CICIoT2023_R1__b0.6__vs_Utility-Cost-Ratio,SAME_BUDGET_F1,36,CICIoT2023_R1,0.6,CB-Score minus Utility-Cost-Ratio,F1,mean_delta <= 0,mean_delta > 0,exact paired sign-flip; 20000 paired bootstrap CI,Holm within family,LOCKED,method_specific,0.0019127358506901726,-0.004505786185282296,0.011236586364216707,-0.0038879248595801628,0.009895028335803824,0.4443359375,0.0,0.13571327820287657,4,6,0,1.0,INCONCLUSIVE
SAME_BUDGET_F1__CICIoT2023_R1__b0.6__vs_Oort-Style-Adapted,SAME_BUDGET_F1,36,CICIoT2023_R1,0.6,CB-Score minus Oort-Style-Adapted,F1,mean_delta <= 0,mean_delta > 0,exact paired sign-flip; 20000 paired bootstrap CI,Holm within family,LOCKED,method_specific,-0.0020633396755043165,-0.006027199771293684,0.0011241135733996343,-0.005283283748234954,0.0006947839312560057,0.8193359375,0.0,-0.33938519820580415,4,6,0,1.0,INCONCLUSIVE
SAME_BUDGET_F1__CICIoT2023_R1__b0.8__vs_Utility-Only,SAME_BUDGET_F1,36,CICIoT2023_R1,0.8,CB-Score minus Utility-Only,F1,mean_delta <= 0,mean_delta > 0,exact paired sign-flip; 20000 paired bootstrap CI,Holm within family,LOCKED,method_specific,0.0020985698751669222,-0.003890201042852204,0.009062909302660809,-0.003024280930527274,0.00778808292176823,0.314453125,0.0,0.19007413332684975,5,5,0,1.0,INCONCLUSIVE
SAME_BUDGET_F1__CICIoT2023_R1__b0.8__vs_Utility-Cost-Ratio,SAME_BUDGET_F1,36,CICIoT2023_R1,0.8,CB-Score minus Utility-Cost-Ratio,F1,mean_delta <= 0,mean_delta > 0,exact paired sign-flip; 20000 paired bootstrap CI,Holm within family,LOCKED,method_specific,0.0020985698751669222,-0.0037746266258089985,0.009082629208874128,-0.002946196805164491,0.00793573198258651,0.314453125,0.0,0.19007413332684975,5,5,0,1.0,INCONCLUSIVE
SAME_BUDGET_F1__CICIoT2023_R1__b0.8__vs_Oort-Style-Adapted,SAME_BUDGET_F1,36,CICIoT2023_R1,0.8,CB-Score minus Oort-Style-Adapted,F1,mean_delta <= 0,mean_delta > 0,exact paired sign-flip; 20000 paired bootstrap CI,Holm within family,LOCKED,method_specific,0.0021898380691877327,-0.003428036122888888,0.00894010221296737,-0.002634172118470461,0.007626916322571453,0.287109375,0.0,0.20664581237714078,6,4,0,1.0,INCONCLUSIVE
SAME_BUDGET_F1__CICIoT2023_R1__b1.0__vs_Utility-Only,SAME_BUDGET_F1,36,CICIoT2023_R1,1.0,CB-Score minus Utility-Only,F1,mean_delta <= 0,mean_delta > 0,exact paired sign-flip; 20000 paired bootstrap CI,Holm within family,LOCKED,method_specific,0.003629491802420115,0.0005594371324219133,0.007395764463622756,0.0009314032324178378,0.0067247172866951675,0.03125,0.0,0.6206508100763535,7,3,0,1.0,INCONCLUSIVE
SAME_BUDGET_F1__CICIoT2023_R1__b1.0__vs_Utility-Cost-Ratio,SAME_BUDGET_F1,36,CICIoT2023_R1,1.0,CB-Score minus Utility-Cost-Ratio,F1,mean_delta <= 0,mean_delta > 0,exact paired sign-flip; 20000 paired bootstrap CI,Holm within family,LOCKED,method_specific,0.003629491802420115,0.0005705081041756821,0.007264795646179506,0.0009301795805807633,0.006638108478157599,0.03125,0.0,0.6206508100763535,7,3,0,1.0,INCONCLUSIVE
SAME_BUDGET_F1__CICIoT2023_R1__b1.0__vs_Oort-Style-Adapted,SAME_BUDGET_F1,36,CICIoT2023_R1,1.0,CB-Score minus Oort-Style-Adapted,F1,mean_delta <= 0,mean_delta > 0,exact paired sign-flip; 20000 paired bootstrap CI,Holm within family,LOCKED,method_specific,0.003629491802420115,0.0005812679648466605,0.007431200869970714,0.0009717728880121374,0.006778611491667863,0.03125,0.0,0.6206508100763535,7,3,0,1.0,INCONCLUSIVE
SAME_BUDGET_PRAUC__CICIDS2017_COVERAGE_R1__b0.1__vs_Utility-Only,SAME_BUDGET_PRAUC,36,CICIDS2017_COVERAGE_R1,0.1,CB-Score minus Utility-Only,PR-AUC,mean_delta <= 0,mean_delta > 0,exact paired sign-flip; 20000 paired bootstrap CI,Holm within family,LOCKED,method_specific,0.021924215455558164,-0.02249324677920661,0.08508546559677214,-0.017871221363532485,0.07465396236071448,0.33203125,0.0,0.23281603194799083,5,5,0,1.0,INCONCLUSIVE
SAME_BUDGET_PRAUC__CICIDS2017_COVERAGE_R1__b0.1__vs_Utility-Cost-Ratio,SAME_BUDGET_PRAUC,36,CICIDS2017_COVERAGE_R1,0.1,CB-Score minus Utility-Cost-Ratio,PR-AUC,mean_delta <= 0,mean_delta > 0,exact paired sign-flip; 20000 paired bootstrap CI,Holm within family,LOCKED,method_specific,0.021924215455558164,-0.022961064532525423,0.0848011752866736,-0.017931962476864245,0.07344419054681342,0.33203125,0.0,0.23281603194799083,5,5,0,1.0,INCONCLUSIVE
SAME_BUDGET_PRAUC__CICIDS2017_COVERAGE_R1__b0.1__vs_Oort-Style-Adapted,SAME_BUDGET_PRAUC,36,CICIDS2017_COVERAGE_R1,0.1,CB-Score minus Oort-Style-Adapted,PR-AUC,mean_delta <= 0,mean_delta > 0,exact paired sign-flip; 20000 paired bootstrap CI,Holm within family,LOCKED,method_specific,0.025640230773471617,-0.015902189061095286,0.0874374685195443,-0.012163873220893358,0.07690906160427585,0.2734375,0.0,0.2822624660701137,3,7,0,1.0,INCONCLUSIVE
SAME_BUDGET_PRAUC__CICIDS2017_COVERAGE_R1__b0.2__vs_Utility-Only,SAME_BUDGET_PRAUC,36,CICIDS2017_COVERAGE_R1,0.2,CB-Score minus Utility-Only,PR-AUC,mean_delta <= 0,mean_delta > 0,exact paired sign-flip; 20000 paired bootstrap CI,Holm within family,LOCKED,method_specific,-0.0863032200335183,-0.1792647710657114,-0.003737012929345286,-0.16330739782957138,-0.020466539372079366,0.927734375,0.0,-0.5904274676230492,4,6,0,1.0,INCONCLUSIVE
SAME_BUDGET_PRAUC__CICIDS2017_COVERAGE_R1__b0.2__vs_Utility-Cost-Ratio,SAME_BUDGET_PRAUC,36,CICIDS2017_COVERAGE_R1,0.2,CB-Score minus Utility-Cost-Ratio,PR-AUC,mean_delta <= 0,mean_delta > 0,exact paired sign-flip; 20000 paired bootstrap CI,Holm within family,LOCKED,method_specific,-0.0662781209260396,-0.15670757024506365,0.0020672442619677892,-0.1402910785276235,-0.0013713020848555178,0.8994140625,0.0,-0.475861806005807,4,6,0,1.0,INCONCLUSIVE
SAME_BUDGET_PRAUC__CICIDS2017_COVERAGE_R1__b0.2__vs_Oort-Style-Adapted,SAME_BUDGET_PRAUC,36,CICIDS2017_COVERAGE_R1,0.2,CB-Score minus Oort-Style-Adapted,PR-AUC,mean_delta <= 0,mean_delta > 0,exact paired sign-flip; 20000 paired bootstrap CI,Holm within family,LOCKED,method_specific,-0.07466249219182029,-0.13686112721301855,-0.015616058276678807,-0.12664658995745576,-0.027331082802689494,0.9482421875,0.0,-0.7273801367668851,4,6,0,1.0,INCONCLUSIVE
SAME_BUDGET_PRAUC__CICIDS2017_COVERAGE_R1__b0.4__vs_Utility-Only,SAME_BUDGET_PRAUC,36,CICIDS2017_COVERAGE_R1,0.4,CB-Score minus Utility-Only,PR-AUC,mean_delta <= 0,mean_delta > 0,exact paired sign-flip; 20000 paired bootstrap CI,Holm within family,LOCKED,method_specific,-0.010430556733895674,-0.02625336713488767,0.0026970046389524437,-0.02366036658330641,0.0011256660727090194,0.8544921875,0.0,-0.4133146922939544,3,7,0,1.0,INCONCLUSIVE
SAME_BUDGET_PRAUC__CICIDS2017_COVERAGE_R1__b0.4__vs_Utility-Cost-Ratio,SAME_BUDGET_PRAUC,36,CICIDS2017_COVERAGE_R1,0.4,CB-Score minus Utility-Cost-Ratio,PR-AUC,mean_delta <= 0,mean_delta > 0,exact paired sign-flip; 20000 paired bootstrap CI,Holm within family,LOCKED,method_specific,-0.021723995411501093,-0.047759437455433554,-0.0004470308960934856,-0.043380265150132435,-0.003353308431233455,0.9345703125,0.0,-0.539625771767801,2,8,0,1.0,INCONCLUSIVE
SAME_BUDGET_PRAUC__CICIDS2017_COVERAGE_R1__b0.4__vs_Oort-Style-Adapted,SAME_BUDGET_PRAUC,36,CICIDS2017_COVERAGE_R1,0.4,CB-Score minus Oort-Style-Adapted,PR-AUC,mean_delta <= 0,mean_delta > 0,exact paired sign-flip; 20000 paired bootstrap CI,Holm within family,LOCKED,method_specific,0.001589384475116365,-0.003659084214062834,0.00704031835399446,-0.0028632799738514585,0.006171701958623944,0.2998046875,0.0,0.17192158233888702,5,5,0,1.0,INCONCLUSIVE
SAME_BUDGET_PRAUC__CICIDS2017_COVERAGE_R1__b0.6__vs_Utility-Only,SAME_BUDGET_PRAUC,36,CICIDS2017_COVERAGE_R1,0.6,CB-Score minus Utility-Only,PR-AUC,mean_delta <= 0,mean_delta > 0,exact paired sign-flip; 20000 paired bootstrap CI,Holm within family,LOCKED,method_specific,-0.01539704408598119,-0.027787884423665518,-0.0040318773531502275,-0.025769479028306785,-0.0056339567761700135,0.9775390625,0.0,-0.7582710620414665,3,7,0,1.0,INCONCLUSIVE
SAME_BUDGET_PRAUC__CICIDS2017_COVERAGE_R1__b0.6__vs_Utility-Cost-Ratio,SAME_BUDGET_PRAUC,36,CICIDS2017_COVERAGE_R1,0.6,CB-Score minus Utility-Cost-Ratio,PR-AUC,mean_delta <= 0,mean_delta > 0,exact paired sign-flip; 20000 paired bootstrap CI,Holm within family,LOCKED,method_specific,-0.015146794072242639,-0.027714916092088423,-0.003968202324948214,-0.025667784838488264,-0.00559067521593416,0.9775390625,0.0,-0.7431310758927154,3,7,0,1.0,INCONCLUSIVE
SAME_BUDGET_PRAUC__CICIDS2017_COVERAGE_R1__b0.6__vs_Oort-Style-Adapted,SAME_BUDGET_PRAUC,36,CICIDS2017_COVERAGE_R1,0.6,CB-Score minus Oort-Style-Adapted,PR-AUC,mean_delta <= 0,mean_delta > 0,exact paired sign-flip; 20000 paired bootstrap CI,Holm within family,LOCKED,method_specific,-0.013134626574674065,-0.0295667978064421,0.00142788763285413,-0.02667819821003286,-0.0006131342909590767,0.9287109375,0.0,-0.5012063108572322,3,7,0,1.0,INCONCLUSIVE
SAME_BUDGET_PRAUC__CICIDS2017_COVERAGE_R1__b0.8__vs_Utility-Only,SAME_BUDGET_PRAUC,36,CICIDS2017_COVERAGE_R1,0.8,CB-Score minus Utility-Only,PR-AUC,mean_delta <= 0,mean_delta > 0,exact paired sign-flip; 20000 paired bootstrap CI,Holm within family,LOCKED,method_specific,-0.01399134970130846,-0.04351745200726146,0.0055697497176117,-0.03900890290945057,0.003870037912966085,0.7890625,0.0,-0.3166722186674908,3,7,0,1.0,INCONCLUSIVE
SAME_BUDGET_PRAUC__CICIDS2017_COVERAGE_R1__b0.8__vs_Utility-Cost-Ratio,SAME_BUDGET_PRAUC,36,CICIDS2017_COVERAGE_R1,0.8,CB-Score minus Utility-Cost-Ratio,PR-AUC,mean_delta <= 0,mean_delta > 0,exact paired sign-flip; 20000 paired bootstrap CI,Holm within family,LOCKED,method_specific,-0.013816711127887803,-0.04319181288350662,0.0057355579850765235,-0.03878738069789101,0.00406195794276844,0.7802734375,0.0,-0.31228862045979255,4,6,0,1.0,INCONCLUSIVE
SAME_BUDGET_PRAUC__CICIDS2017_COVERAGE_R1__b0.8__vs_Oort-Style-Adapted,SAME_BUDGET_PRAUC,36,CICIDS2017_COVERAGE_R1,0.8,CB-Score minus Oort-Style-Adapted,PR-AUC,mean_delta <= 0,mean_delta > 0,exact paired sign-flip; 20000 paired bootstrap CI,Holm within family,LOCKED,method_specific,-0.006102414744499451,-0.02499866012831118,0.007963813855690116,-0.021567836500776923,0.006339338566171654,0.654296875,0.0,-0.2117427518630205,4,6,0,1.0,INCONCLUSIVE
SAME_BUDGET_PRAUC__CICIDS2017_COVERAGE_R1__b1.0__vs_Utility-Only,SAME_BUDGET_PRAUC,36,CICIDS2017_COVERAGE_R1,1.0,CB-Score minus Utility-Only,PR-AUC,mean_delta <= 0,mean_delta > 0,exact paired sign-flip; 20000 paired bootstrap CI,Holm within family,LOCKED,method_specific,-0.008738834683006336,-0.03533162261121089,0.010166537212277173,-0.030714986197709675,0.007814802130007188,0.693359375,0.0,-0.21972613926602066,4,6,0,1.0,INCONCLUSIVE
SAME_BUDGET_PRAUC__CICIDS2017_COVERAGE_R1__b1.0__vs_Utility-Cost-Ratio,SAME_BUDGET_PRAUC,36,CICIDS2017_COVERAGE_R1,1.0,CB-Score minus Utility-Cost-Ratio,PR-AUC,mean_delta <= 0,mean_delta > 0,exact paired sign-flip; 20000 paired bootstrap CI,Holm within family,LOCKED,method_specific,-0.008738834683006336,-0.03567482972812241,0.010018153578582092,-0.03122303836661332,0.00782895635323091,0.693359375,0.0,-0.21972613926602066,4,6,0,1.0,INCONCLUSIVE
SAME_BUDGET_PRAUC__CICIDS2017_COVERAGE_R1__b1.0__vs_Oort-Style-Adapted,SAME_BUDGET_PRAUC,36,CICIDS2017_COVERAGE_R1,1.0,CB-Score minus Oort-Style-Adapted,PR-AUC,mean_delta <= 0,mean_delta > 0,exact paired sign-flip; 20000 paired bootstrap CI,Holm within family,LOCKED,method_specific,-0.008738834683006336,-0.03537878157232417,0.010050640757256942,-0.03096315254558926,0.0077509909079959095,0.693359375,0.0,-0.21972613926602066,4,6,0,1.0,INCONCLUSIVE
SAME_BUDGET_PRAUC__CICIoT2023_R1__b0.1__vs_Utility-Only,SAME_BUDGET_PRAUC,36,CICIoT2023_R1,0.1,CB-Score minus Utility-Only,PR-AUC,mean_delta <= 0,mean_delta > 0,exact paired sign-flip; 20000 paired bootstrap CI,Holm within family,LOCKED,method_specific,-0.0007529343323209314,-0.001847133235180661,0.000325781536924618,-0.0016695267062055163,0.00015930539960517463,0.892578125,0.0,-0.40755555355382944,4,5,1,1.0,INCONCLUSIVE
SAME_BUDGET_PRAUC__CICIoT2023_R1__b0.1__vs_Utility-Cost-Ratio,SAME_BUDGET_PRAUC,36,CICIoT2023_R1,0.1,CB-Score minus Utility-Cost-Ratio,PR-AUC,mean_delta <= 0,mean_delta > 0,exact paired sign-flip; 20000 paired bootstrap CI,Holm within family,LOCKED,method_specific,-0.0007834890773913417,-0.0018463633518526756,0.0002745240026511751,-0.0016857419745540338,0.00011086169514710966,0.892578125,0.0,-0.43159619194922144,4,5,1,1.0,INCONCLUSIVE
SAME_BUDGET_PRAUC__CICIoT2023_R1__b0.1__vs_Oort-Style-Adapted,SAME_BUDGET_PRAUC,36,CICIoT2023_R1,0.1,CB-Score minus Oort-Style-Adapted,PR-AUC,mean_delta <= 0,mean_delta > 0,exact paired sign-flip; 20000 paired bootstrap CI,Holm within family,LOCKED,method_specific,0.015616562713956783,-0.001398144217571269,0.04808585529292782,-0.0011095804724001357,0.04744578338613478,0.337890625,0.0,0.3082962734134942,6,3,1,1.0,INCONCLUSIVE
SAME_BUDGET_PRAUC__CICIoT2023_R1__b0.2__vs_Utility-Only,SAME_BUDGET_PRAUC,36,CICIoT2023_R1,0.2,CB-Score minus Utility-Only,PR-AUC,mean_delta <= 0,mean_delta > 0,exact paired sign-flip; 20000 paired bootstrap CI,Holm within family,LOCKED,method_specific,0.0014515866388603027,0.0003532955435170412,0.0025154425140014266,0.0005333063417933343,0.0023498207262682763,0.01953125,0.0,0.7899338195539388,8,2,0,0.6640625,INCONCLUSIVE
SAME_BUDGET_PRAUC__CICIoT2023_R1__b0.2__vs_Utility-Cost-Ratio,SAME_BUDGET_PRAUC,36,CICIoT2023_R1,0.2,CB-Score minus Utility-Cost-Ratio,PR-AUC,mean_delta <= 0,mean_delta > 0,exact paired sign-flip; 20000 paired bootstrap CI,Holm within family,LOCKED,method_specific,0.0014553607728741036,0.0004803734054957096,0.0024424680496185564,0.0006235087298925462,0.002286862177460547,0.013671875,0.0,0.8658230213942,8,2,0,0.4921875,INCONCLUSIVE
SAME_BUDGET_PRAUC__CICIoT2023_R1__b0.2__vs_Oort-Style-Adapted,SAME_BUDGET_PRAUC,36,CICIoT2023_R1,0.2,CB-Score minus Oort-Style-Adapted,PR-AUC,mean_delta <= 0,mean_delta > 0,exact paired sign-flip; 20000 paired bootstrap CI,Holm within family,LOCKED,method_specific,0.000844021113765725,0.00026501862092088714,0.0014507499272901668,0.0003502500880051057,0.0013520782886369657,0.0166015625,0.0,0.8329241071692414,7,3,0,0.5810546875,INCONCLUSIVE
SAME_BUDGET_PRAUC__CICIoT2023_R1__b0.4__vs_Utility-Only,SAME_BUDGET_PRAUC,36,CICIoT2023_R1,0.4,CB-Score minus Utility-Only,PR-AUC,mean_delta <= 0,mean_delta > 0,exact paired sign-flip; 20000 paired bootstrap CI,Holm within family,LOCKED,method_specific,7.071540457264103e-05,-0.0001284388131571379,0.000267727272372156,-9.559710455963044e-05,0.00023745661732597952,0.259765625,0.0,0.20999250579332795,6,4,0,1.0,INCONCLUSIVE
SAME_BUDGET_PRAUC__CICIoT2023_R1__b0.4__vs_Utility-Cost-Ratio,SAME_BUDGET_PRAUC,36,CICIoT2023_R1,0.4,CB-Score minus Utility-Cost-Ratio,PR-AUC,mean_delta <= 0,mean_delta > 0,exact paired sign-flip; 20000 paired bootstrap CI,Holm within family,LOCKED,method_specific,7.071540457264103e-05,-0.00012748133312777827,0.00026411129338874514,-9.646773371531303e-05,0.00023207456799271276,0.259765625,0.0,0.20999250579332795,6,4,0,1.0,INCONCLUSIVE
SAME_BUDGET_PRAUC__CICIoT2023_R1__b0.4__vs_Oort-Style-Adapted,SAME_BUDGET_PRAUC,36,CICIoT2023_R1,0.4,CB-Score minus Oort-Style-Adapted,PR-AUC,mean_delta <= 0,mean_delta > 0,exact paired sign-flip; 20000 paired bootstrap CI,Holm within family,LOCKED,method_specific,0.00018317206172512311,-0.0006523246062182703,0.0011958113248146662,-0.0005060908811053922,0.000953951170497102,0.341796875,0.0,0.11830246169059705,6,4,0,1.0,INCONCLUSIVE
SAME_BUDGET_PRAUC__CICIoT2023_R1__b0.6__vs_Utility-Only,SAME_BUDGET_PRAUC,36,CICIoT2023_R1,0.6,CB-Score minus Utility-Only,PR-AUC,mean_delta <= 0,mean_delta > 0,exact paired sign-flip; 20000 paired bootstrap CI,Holm within family,LOCKED,method_specific,-5.683780838333652e-05,-0.0008597631094627272,0.0006844597371707987,-0.0007170549002923221,0.0005669566627187976,0.56640625,0.0,-0.04343979838607956,5,5,0,1.0,INCONCLUSIVE
SAME_BUDGET_PRAUC__CICIoT2023_R1__b0.6__vs_Utility-Cost-Ratio,SAME_BUDGET_PRAUC,36,CICIoT2023_R1,0.6,CB-Score minus Utility-Cost-Ratio,PR-AUC,mean_delta <= 0,mean_delta > 0,exact paired sign-flip; 20000 paired bootstrap CI,Holm within family,LOCKED,method_specific,-9.644176148015937e-05,-0.0008898968972576843,0.0006328346148970756,-0.0007514453960292361,0.000526345170407122,0.6083984375,0.0,-0.07428525511505682,5,5,0,1.0,INCONCLUSIVE
SAME_BUDGET_PRAUC__CICIoT2023_R1__b0.6__vs_Oort-Style-Adapted,SAME_BUDGET_PRAUC,36,CICIoT2023_R1,0.6,CB-Score minus Oort-Style-Adapted,PR-AUC,mean_delta <= 0,mean_delta > 0,exact paired sign-flip; 20000 paired bootstrap CI,Holm within family,LOCKED,method_specific,-0.00011506883714280658,-0.0010649672064662209,0.0007441831475437698,-0.000905221601233695,0.0006098928096732603,0.5830078125,0.0,-0.07436896279363843,4,6,0,1.0,INCONCLUSIVE
SAME_BUDGET_PRAUC__CICIoT2023_R1__b0.8__vs_Utility-Only,SAME_BUDGET_PRAUC,36,CICIoT2023_R1,0.8,CB-Score minus Utility-Only,PR-AUC,mean_delta <= 0,mean_delta > 0,exact paired sign-flip; 20000 paired bootstrap CI,Holm within family,LOCKED,method_specific,-1.810275429269259e-05,-0.0006802203899990236,0.0005961696887372919,-0.0005686234432983133,0.0005072793613143944,0.5224609375,0.0,-0.01655075370607285,6,4,0,1.0,INCONCLUSIVE
SAME_BUDGET_PRAUC__CICIoT2023_R1__b0.8__vs_Utility-Cost-Ratio,SAME_BUDGET_PRAUC,36,CICIoT2023_R1,0.8,CB-Score minus Utility-Cost-Ratio,PR-AUC,mean_delta <= 0,mean_delta > 0,exact paired sign-flip; 20000 paired bootstrap CI,Holm within family,LOCKED,method_specific,-1.810275429269259e-05,-0.0006815700082558162,0.0006049445499655099,-0.0005633006615507741,0.0005094412365828736,0.5224609375,0.0,-0.01655075370607285,6,4,0,1.0,INCONCLUSIVE
SAME_BUDGET_PRAUC__CICIoT2023_R1__b0.8__vs_Oort-Style-Adapted,SAME_BUDGET_PRAUC,36,CICIoT2023_R1,0.8,CB-Score minus Oort-Style-Adapted,PR-AUC,mean_delta <= 0,mean_delta > 0,exact paired sign-flip; 20000 paired bootstrap CI,Holm within family,LOCKED,method_specific,-0.00010178860789934463,-0.0006883468903119255,0.00042612676402865364,-0.0005892013500138559,0.0003503228044990025,0.6279296875,0.0,-0.10661070431395892,5,5,0,1.0,INCONCLUSIVE
SAME_BUDGET_PRAUC__CICIoT2023_R1__b1.0__vs_Utility-Only,SAME_BUDGET_PRAUC,36,CICIoT2023_R1,1.0,CB-Score minus Utility-Only,PR-AUC,mean_delta <= 0,mean_delta > 0,exact paired sign-flip; 20000 paired bootstrap CI,Holm within family,LOCKED,method_specific,0.0004431622134021485,-0.000328695032210399,0.001312000441309106,-0.0002227354132882664,0.0011676829613018215,0.1806640625,0.0,0.3174773857421331,6,4,0,1.0,INCONCLUSIVE
SAME_BUDGET_PRAUC__CICIoT2023_R1__b1.0__vs_Utility-Cost-Ratio,SAME_BUDGET_PRAUC,36,CICIoT2023_R1,1.0,CB-Score minus Utility-Cost-Ratio,PR-AUC,mean_delta <= 0,mean_delta > 0,exact paired sign-flip; 20000 paired bootstrap CI,Holm within family,LOCKED,method_specific,0.0004431622134021485,-0.00031859066724788384,0.0013053696736825505,-0.00021228064344748555,0.0011599151218332669,0.1806640625,0.0,0.3174773857421331,6,4,0,1.0,INCONCLUSIVE
SAME_BUDGET_PRAUC__CICIoT2023_R1__b1.0__vs_Oort-Style-Adapted,SAME_BUDGET_PRAUC,36,CICIoT2023_R1,1.0,CB-Score minus Oort-Style-Adapted,PR-AUC,mean_delta <= 0,mean_delta > 0,exact paired sign-flip; 20000 paired bootstrap CI,Holm within family,LOCKED,method_specific,0.0004431622134021485,-0.00033514143559647546,0.0013150050612923804,-0.0002230637341750219,0.0011649212457907137,0.1806640625,0.0,0.3174773857421331,6,4,0,1.0,INCONCLUSIVE
F1_NI_CB_vs_Full__CICIDS2017_COVERAGE_R1__b0.1,F1_NI_CB_vs_Full,12,CICIDS2017_COVERAGE_R1,0.1,CB-Score minus Full-Contextual,F1,mean_delta <= -0.02,mean_delta > -0.02,exact paired sign-flip on delta+margin; 20000 paired bootstrap CI,Holm within family,LOCKED,shared_full_threshold,0.03197198278042395,-0.0038211047271636787,0.09937667407205526,-0.0034147057219413393,0.09783205079291608,0.0009765625,0.02,0.3055586074527771,2,8,0,0.01171875,MET_GATE_WITHIN_EVALUATED_SEEDS
F1_NI_CB_vs_Full__CICIDS2017_COVERAGE_R1__b0.2,F1_NI_CB_vs_Full,12,CICIDS2017_COVERAGE_R1,0.2,CB-Score minus Full-Contextual,F1,mean_delta <= -0.02,mean_delta > -0.02,exact paired sign-flip on delta+margin; 20000 paired bootstrap CI,Holm within family,LOCKED,shared_full_threshold,0.0021212321071347536,-0.0031607232221106444,0.008485308206539262,-0.0027071396818663766,0.007269980309118192,0.0009765625,0.02,0.2095051711783195,4,6,0,0.01171875,MET_GATE_WITHIN_EVALUATED_SEEDS
F1_NI_CB_vs_Full__CICIDS2017_COVERAGE_R1__b0.4,F1_NI_CB_vs_Full,12,CICIDS2017_COVERAGE_R1,0.4,CB-Score minus Full-Contextual,F1,mean_delta <= -0.02,mean_delta > -0.02,exact paired sign-flip on delta+margin; 20000 paired bootstrap CI,Holm within family,LOCKED,shared_full_threshold,-0.0007932013357873858,-0.004548909422089436,0.0025550833340870853,-0.0035326297204488722,0.0017632205774902841,0.0009765625,0.02,-0.13920310560826654,2,8,0,0.01171875,MET_GATE_WITHIN_EVALUATED_SEEDS
F1_NI_CB_vs_Full__CICIDS2017_COVERAGE_R1__b0.6,F1_NI_CB_vs_Full,12,CICIDS2017_COVERAGE_R1,0.6,CB-Score minus Full-Contextual,F1,mean_delta <= -0.02,mean_delta > -0.02,exact paired sign-flip on delta+margin; 20000 paired bootstrap CI,Holm within family,LOCKED,shared_full_threshold,0.0011236998288080321,-0.003164445367663466,0.005031830693580001,-0.0023757025619407174,0.004475008420952397,0.0009765625,0.02,0.1603174180390218,3,7,0,0.01171875,MET_GATE_WITHIN_EVALUATED_SEEDS
F1_NI_CB_vs_Full__CICIDS2017_COVERAGE_R1__b0.8,F1_NI_CB_vs_Full,12,CICIDS2017_COVERAGE_R1,0.8,CB-Score minus Full-Contextual,F1,mean_delta <= -0.02,mean_delta > -0.02,exact paired sign-flip on delta+margin; 20000 paired bootstrap CI,Holm within family,LOCKED,shared_full_threshold,0.001318895225271886,-0.0033760271951963,0.006385578895023358,-0.002678953561042848,0.0054019458437040155,0.0009765625,0.02,0.16141317388929274,5,5,0,0.01171875,MET_GATE_WITHIN_EVALUATED_SEEDS
F1_NI_CB_vs_Full__CICIDS2017_COVERAGE_R1__b1.0,F1_NI_CB_vs_Full,12,CICIDS2017_COVERAGE_R1,1.0,CB-Score minus Full-Contextual,F1,mean_delta <= -0.02,mean_delta > -0.02,exact paired sign-flip on delta+margin; 20000 paired bootstrap CI,Holm within family,LOCKED,shared_full_threshold,0.0004316931300974637,-0.002052108889789036,0.0035209289569038166,-0.0015375212628629246,0.002862505091620784,0.0009765625,0.02,0.09417922648628456,3,7,0,0.01171875,MET_GATE_WITHIN_EVALUATED_SEEDS
F1_NI_CB_vs_Full__CICIoT2023_R1__b0.1,F1_NI_CB_vs_Full,12,CICIoT2023_R1,0.1,CB-Score minus Full-Contextual,F1,mean_delta <= -0.02,mean_delta > -0.02,exact paired sign-flip on delta+margin; 20000 paired bootstrap CI,Holm within family,LOCKED,shared_full_threshold,-0.02198208830411579,-0.03911387068858039,-0.007783414279336723,-0.03582624300835495,-0.009645668423316671,0.5732421875,0.02,-0.8201615099021181,2,8,0,1.0,INCONCLUSIVE
F1_NI_CB_vs_Full__CICIoT2023_R1__b0.2,F1_NI_CB_vs_Full,12,CICIoT2023_R1,0.2,CB-Score minus Full-Contextual,F1,mean_delta <= -0.02,mean_delta > -0.02,exact paired sign-flip on delta+margin; 20000 paired bootstrap CI,Holm within family,LOCKED,shared_full_threshold,-0.016153727381981176,-0.028410372410717765,-0.0040750996542289605,-0.02643616573029859,-0.0059050439739656065,0.2763671875,0.02,-0.7763680117001572,3,7,0,1.0,INCONCLUSIVE
F1_NI_CB_vs_Full__CICIoT2023_R1__b0.4,F1_NI_CB_vs_Full,12,CICIoT2023_R1,0.4,CB-Score minus Full-Contextual,F1,mean_delta <= -0.02,mean_delta > -0.02,exact paired sign-flip on delta+margin; 20000 paired bootstrap CI,Holm within family,LOCKED,shared_full_threshold,-0.03321289098171761,-0.041190407515166005,-0.02308591610819897,-0.04025211365514394,-0.024903168349111358,0.982421875,0.02,-2.1173710260381453,1,9,0,1.0,INCONCLUSIVE
F1_NI_CB_vs_Full__CICIoT2023_R1__b0.6,F1_NI_CB_vs_Full,12,CICIoT2023_R1,0.6,CB-Score minus Full-Contextual,F1,mean_delta <= -0.02,mean_delta > -0.02,exact paired sign-flip on delta+margin; 20000 paired bootstrap CI,Holm within family,LOCKED,shared_full_threshold,-0.0262290331092059,-0.03553315374970768,-0.01618993827512564,-0.034290144264570645,-0.017768562795413233,0.8701171875,0.02,-1.5742226071212198,1,9,0,1.0,INCONCLUSIVE
F1_NI_CB_vs_Full__CICIoT2023_R1__b0.8,F1_NI_CB_vs_Full,12,CICIoT2023_R1,0.8,CB-Score minus Full-Contextual,F1,mean_delta <= -0.02,mean_delta > -0.02,exact paired sign-flip on delta+margin; 20000 paired bootstrap CI,Holm within family,LOCKED,shared_full_threshold,-0.02739565846844063,-0.03603256570073911,-0.017403139711080425,-0.0348343335101913,-0.019022038713127958,0.916015625,0.02,-1.7148340289001156,1,9,0,1.0,INCONCLUSIVE
F1_NI_CB_vs_Full__CICIoT2023_R1__b1.0,F1_NI_CB_vs_Full,12,CICIoT2023_R1,1.0,CB-Score minus Full-Contextual,F1,mean_delta <= -0.02,mean_delta > -0.02,exact paired sign-flip on delta+margin; 20000 paired bootstrap CI,Holm within family,LOCKED,shared_full_threshold,-0.020845407177458496,-0.030700145054218895,-0.010668805406257198,-0.029003696920354923,-0.01212951318625299,0.5654296875,0.02,-1.222659450456651,2,8,0,1.0,INCONCLUSIVE
PRAUC_NI_CB_vs_Full__CICIDS2017_COVERAGE_R1__b0.1,PRAUC_NI_CB_vs_Full,12,CICIDS2017_COVERAGE_R1,0.1,CB-Score minus Full-Contextual,PR-AUC,mean_delta <= -0.02,mean_delta > -0.02,exact paired sign-flip on delta+margin; 20000 paired bootstrap CI,Holm within family,LOCKED,shared_full_threshold,0.03188556360971241,-0.006636674177629944,0.09048568008337096,-0.0037284480680532354,0.08215563746119153,0.0029296875,0.02,0.3568678048110299,5,5,0,0.01171875,MET_GATE_WITHIN_EVALUATED_SEEDS
PRAUC_NI_CB_vs_Full__CICIDS2017_COVERAGE_R1__b0.2,PRAUC_NI_CB_vs_Full,12,CICIDS2017_COVERAGE_R1,0.2,CB-Score minus Full-Contextual,PR-AUC,mean_delta <= -0.02,mean_delta > -0.02,exact paired sign-flip on delta+margin; 20000 paired bootstrap CI,Holm within family,LOCKED,shared_full_threshold,0.007546460585718992,0.001249154736782483,0.014568514303090599,0.00217288676780784,0.01333791186551611,0.0009765625,0.02,0.6679908411234492,7,3,0,0.01171875,MET_GATE_WITHIN_EVALUATED_SEEDS
PRAUC_NI_CB_vs_Full__CICIDS2017_COVERAGE_R1__b0.4,PRAUC_NI_CB_vs_Full,12,CICIDS2017_COVERAGE_R1,0.4,CB-Score minus Full-Contextual,PR-AUC,mean_delta <= -0.02,mean_delta > -0.02,exact paired sign-flip on delta+margin; 20000 paired bootstrap CI,Holm within family,LOCKED,shared_full_threshold,0.008275379309295509,-0.0033302086283436665,0.022900167377412437,-0.0018992587505852249,0.020155574621464892,0.0009765625,0.02,0.37027928922104164,8,2,0,0.01171875,MET_GATE_WITHIN_EVALUATED_SEEDS
PRAUC_NI_CB_vs_Full__CICIDS2017_COVERAGE_R1__b0.6,PRAUC_NI_CB_vs_Full,12,CICIDS2017_COVERAGE_R1,0.6,CB-Score minus Full-Contextual,PR-AUC,mean_delta <= -0.02,mean_delta > -0.02,exact paired sign-flip on delta+margin; 20000 paired bootstrap CI,Holm within family,LOCKED,shared_full_threshold,0.002892031140629517,-0.004915804053661432,0.014768244813203497,-0.004260384304688844,0.013030324799180006,0.0009765625,0.02,0.16204809264095335,4,6,0,0.01171875,MET_GATE_WITHIN_EVALUATED_SEEDS
PRAUC_NI_CB_vs_Full__CICIDS2017_COVERAGE_R1__b0.8,PRAUC_NI_CB_vs_Full,12,CICIDS2017_COVERAGE_R1,0.8,CB-Score minus Full-Contextual,PR-AUC,mean_delta <= -0.02,mean_delta > -0.02,exact paired sign-flip on delta+margin; 20000 paired bootstrap CI,Holm within family,LOCKED,shared_full_threshold,0.011162127089168309,0.0012982529227582615,0.02268456534844838,0.0027403099114076714,0.020749305443862096,0.0009765625,0.02,0.6122720078153606,7,3,0,0.01171875,MET_GATE_WITHIN_EVALUATED_SEEDS
PRAUC_NI_CB_vs_Full__CICIDS2017_COVERAGE_R1__b1.0,PRAUC_NI_CB_vs_Full,12,CICIDS2017_COVERAGE_R1,1.0,CB-Score minus Full-Contextual,PR-AUC,mean_delta <= -0.02,mean_delta > -0.02,exact paired sign-flip on delta+margin; 20000 paired bootstrap CI,Holm within family,LOCKED,shared_full_threshold,0.013470308378051457,0.0016573107160922256,0.02807983751864377,0.0033267212294802767,0.025768441852076395,0.0009765625,0.02,0.5950874402871097,9,1,0,0.01171875,MET_GATE_WITHIN_EVALUATED_SEEDS
PRAUC_NI_CB_vs_Full__CICIoT2023_R1__b0.1,PRAUC_NI_CB_vs_Full,12,CICIoT2023_R1,0.1,CB-Score minus Full-Contextual,PR-AUC,mean_delta <= -0.02,mean_delta > -0.02,exact paired sign-flip on delta+margin; 20000 paired bootstrap CI,Holm within family,LOCKED,shared_full_threshold,-0.02089555016875493,-0.061901896146959845,0.00012681659237441623,-0.06140892005444346,-4.215615612662889e-05,0.5009765625,0.02,-0.3249633486062915,4,6,0,0.5009765625,INCONCLUSIVE
PRAUC_NI_CB_vs_Full__CICIoT2023_R1__b0.2,PRAUC_NI_CB_vs_Full,12,CICIoT2023_R1,0.2,CB-Score minus Full-Contextual,PR-AUC,mean_delta <= -0.02,mean_delta > -0.02,exact paired sign-flip on delta+margin; 20000 paired bootstrap CI,Holm within family,LOCKED,shared_full_threshold,-0.00024641004383428865,-0.000996848337014976,0.0004402235302065553,-0.000875988706421641,0.0003397181906753402,0.0009765625,0.02,-0.19952258796490382,3,7,0,0.01171875,MET_GATE_WITHIN_EVALUATED_SEEDS
PRAUC_NI_CB_vs_Full__CICIoT2023_R1__b0.4,PRAUC_NI_CB_vs_Full,12,CICIoT2023_R1,0.4,CB-Score minus Full-Contextual,PR-AUC,mean_delta <= -0.02,mean_delta > -0.02,exact paired sign-flip on delta+margin; 20000 paired bootstrap CI,Holm within family,LOCKED,shared_full_threshold,0.00013575695135950027,-0.00044457494275390916,0.0005799028774352313,-0.00033418056138615425,0.0005308817263975046,0.0009765625,0.02,0.15258337301038746,7,3,0,0.01171875,MET_GATE_WITHIN_EVALUATED_SEEDS
PRAUC_NI_CB_vs_Full__CICIoT2023_R1__b0.6,PRAUC_NI_CB_vs_Full,12,CICIoT2023_R1,0.6,CB-Score minus Full-Contextual,PR-AUC,mean_delta <= -0.02,mean_delta > -0.02,exact paired sign-flip on delta+margin; 20000 paired bootstrap CI,Holm within family,LOCKED,shared_full_threshold,7.635540313921663e-05,-0.0007202938394211267,0.0008364969428129698,-0.0005904808349986939,0.0007218966881540001,0.0009765625,0.02,0.05762277493688773,7,3,0,0.01171875,MET_GATE_WITHIN_EVALUATED_SEEDS
PRAUC_NI_CB_vs_Full__CICIoT2023_R1__b0.8,PRAUC_NI_CB_vs_Full,12,CICIoT2023_R1,0.8,CB-Score minus Full-Contextual,PR-AUC,mean_delta <= -0.02,mean_delta > -0.02,exact paired sign-flip on delta+margin; 20000 paired bootstrap CI,Holm within family,LOCKED,shared_full_threshold,0.0001238545826872106,-0.0005387926819290878,0.0008352573345602509,-0.00043898948290511995,0.0007166529540801991,0.0009765625,0.02,0.10533815687182822,5,5,0,0.01171875,MET_GATE_WITHIN_EVALUATED_SEEDS
PRAUC_NI_CB_vs_Full__CICIoT2023_R1__b1.0,PRAUC_NI_CB_vs_Full,12,CICIoT2023_R1,1.0,CB-Score minus Full-Contextual,PR-AUC,mean_delta <= -0.02,mean_delta > -0.02,exact paired sign-flip on delta+margin; 20000 paired bootstrap CI,Holm within family,LOCKED,shared_full_threshold,0.000442869999534623,-3.535956986992883e-05,0.0009849030515365232,3.122009001701788e-05,0.0008890943432965491,0.0009765625,0.02,0.5032939343114319,6,4,0,0.01171875,MET_GATE_WITHIN_EVALUATED_SEEDS
FPR_SAFETY_CB_vs_Full__CICIDS2017_COVERAGE_R1__b0.1,FPR_SAFETY_CB_vs_Full,12,CICIDS2017_COVERAGE_R1,0.1,CB-Score minus Full-Contextual,FPR,mean_delta >= 0.0025,mean_delta < 0.0025,exact paired sign-flip on 0.0025-delta; 20000 paired bootstrap CI,Holm within family,LOCKED,shared_full_threshold,0.023981145683434797,-0.0013303641316794218,0.0663462925427008,-0.0008398476888422505,0.06227196907290495,0.7509765625,0.0025,0.36483813739833293,6,4,0,1.0,INCONCLUSIVE
FPR_SAFETY_CB_vs_Full__CICIDS2017_COVERAGE_R1__b0.2,FPR_SAFETY_CB_vs_Full,12,CICIDS2017_COVERAGE_R1,0.2,CB-Score minus Full-Contextual,FPR,mean_delta >= 0.0025,mean_delta < 0.0025,exact paired sign-flip on 0.0025-delta; 20000 paired bootstrap CI,Holm within family,LOCKED,shared_full_threshold,0.016959656001011764,0.00021499936764891864,0.04969222447437954,0.0003397434363666816,0.04933261325066056,0.5029296875,0.0025,0.3303891932473256,7,3,0,1.0,INCONCLUSIVE
FPR_SAFETY_CB_vs_Full__CICIDS2017_COVERAGE_R1__b0.4,FPR_SAFETY_CB_vs_Full,12,CICIDS2017_COVERAGE_R1,0.4,CB-Score minus Full-Contextual,FPR,mean_delta >= 0.0025,mean_delta < 0.0025,exact paired sign-flip on 0.0025-delta; 20000 paired bootstrap CI,Holm within family,LOCKED,shared_full_threshold,-0.000366421815770494,-0.002025232517201658,0.001173797422058455,-0.001686172703625593,0.0009099019343106861,0.0029296875,0.0025,-0.13716377867627255,4,6,0,0.029296875,MET_GATE_WITHIN_EVALUATED_SEEDS
FPR_SAFETY_CB_vs_Full__CICIDS2017_COVERAGE_R1__b0.6,FPR_SAFETY_CB_vs_Full,12,CICIDS2017_COVERAGE_R1,0.6,CB-Score minus Full-Contextual,FPR,mean_delta >= 0.0025,mean_delta < 0.0025,exact paired sign-flip on 0.0025-delta; 20000 paired bootstrap CI,Holm within family,LOCKED,shared_full_threshold,0.012101148828099631,4.34100472041537e-05,0.035248146527708926,0.00019004713579141304,0.034749588971797134,0.5048828125,0.0025,0.33542707165525465,7,3,0,1.0,INCONCLUSIVE
FPR_SAFETY_CB_vs_Full__CICIDS2017_COVERAGE_R1__b0.8,FPR_SAFETY_CB_vs_Full,12,CICIDS2017_COVERAGE_R1,0.8,CB-Score minus Full-Contextual,FPR,mean_delta >= 0.0025,mean_delta < 0.0025,exact paired sign-flip on 0.0025-delta; 20000 paired bootstrap CI,Holm within family,LOCKED,shared_full_threshold,0.00022183559555508472,-0.001468772110924634,0.0015617362651636079,-0.0011597831548508164,0.0013706807857560353,0.001953125,0.0025,0.08612214582733423,6,4,0,0.021484375,MET_GATE_WITHIN_EVALUATED_SEEDS
FPR_SAFETY_CB_vs_Full__CICIDS2017_COVERAGE_R1__b1.0,FPR_SAFETY_CB_vs_Full,12,CICIDS2017_COVERAGE_R1,1.0,CB-Score minus Full-Contextual,FPR,mean_delta >= 0.0025,mean_delta < 0.0025,exact paired sign-flip on 0.0025-delta; 20000 paired bootstrap CI,Holm within family,LOCKED,shared_full_threshold,-2.7686723019971963e-05,-0.0017528088351409453,0.0014920152858055977,-0.0013474547014448368,0.0012381092360857116,0.0048828125,0.0025,-0.010407339105397626,6,4,0,0.0390625,MET_GATE_WITHIN_EVALUATED_SEEDS
FPR_SAFETY_CB_vs_Full__CICIoT2023_R1__b0.1,FPR_SAFETY_CB_vs_Full,12,CICIoT2023_R1,0.1,CB-Score minus Full-Contextual,FPR,mean_delta >= 0.0025,mean_delta < 0.0025,exact paired sign-flip on 0.0025-delta; 20000 paired bootstrap CI,Holm within family,LOCKED,shared_full_threshold,0.10602264621968616,-0.018023582382310985,0.27806459522111254,-0.0081051622681883,0.24471001248216834,0.849609375,0.0025,0.41446237061810803,4,6,0,1.0,INCONCLUSIVE
FPR_SAFETY_CB_vs_Full__CICIoT2023_R1__b0.2,FPR_SAFETY_CB_vs_Full,12,CICIoT2023_R1,0.2,CB-Score minus Full-Contextual,FPR,mean_delta >= 0.0025,mean_delta < 0.0025,exact paired sign-flip on 0.0025-delta; 20000 paired bootstrap CI,Holm within family,LOCKED,shared_full_threshold,-0.0026212553495007134,-0.031000468081312408,0.029587308309557768,-0.027327478601997152,0.024139844864479308,0.3759765625,0.0025,-0.050181691696022476,4,6,0,1.0,INCONCLUSIVE
FPR_SAFETY_CB_vs_Full__CICIoT2023_R1__b0.4,FPR_SAFETY_CB_vs_Full,12,CICIoT2023_R1,0.4,CB-Score minus Full-Contextual,FPR,mean_delta >= 0.0025,mean_delta < 0.0025,exact paired sign-flip on 0.0025-delta; 20000 paired bootstrap CI,Holm within family,LOCKED,shared_full_threshold,-0.03986269614835948,-0.04561786733238231,-0.0318830242510699,-0.045033880171184024,-0.033278129457917256,0.0009765625,0.0025,-3.269903725460091,0,10,0,0.01171875,MET_GATE_WITHIN_EVALUATED_SEEDS
FPR_SAFETY_CB_vs_Full__CICIoT2023_R1__b0.6,FPR_SAFETY_CB_vs_Full,12,CICIoT2023_R1,0.6,CB-Score minus Full-Contextual,FPR,mean_delta >= 0.0025,mean_delta < 0.0025,exact paired sign-flip on 0.0025-delta; 20000 paired bootstrap CI,Holm within family,LOCKED,shared_full_threshold,-0.02000713266761769,-0.042292261055634814,0.01685605385164045,-0.04107524964336662,0.012968304208273886,0.1171875,0.0025,-0.35969337968197007,1,9,0,0.703125,INCONCLUSIVE
FPR_SAFETY_CB_vs_Full__CICIoT2023_R1__b0.8,FPR_SAFETY_CB_vs_Full,12,CICIoT2023_R1,0.8,CB-Score minus Full-Contextual,FPR,mean_delta >= 0.0025,mean_delta < 0.0025,exact paired sign-flip on 0.0025-delta; 20000 paired bootstrap CI,Holm within family,LOCKED,shared_full_threshold,-0.03264978601997147,-0.04317949803851641,-0.01803662179029958,-0.042185493937232525,-0.020613409415121253,0.0029296875,0.0025,-1.4587607833338179,1,9,0,0.029296875,MET_GATE_WITHIN_EVALUATED_SEEDS
FPR_SAFETY_CB_vs_Full__CICIoT2023_R1__b1.0,FPR_SAFETY_CB_vs_Full,12,CICIoT2023_R1,1.0,CB-Score minus Full-Contextual,FPR,mean_delta >= 0.0025,mean_delta < 0.0025,exact paired sign-flip on 0.0025-delta; 20000 paired bootstrap CI,Holm within family,LOCKED,shared_full_threshold,-0.020216654778887302,-0.03843616262482169,0.0023894436519258213,-0.03632310984308131,-0.0015602710413694727,0.0400390625,0.0025,-0.5768030189982837,2,8,0,0.2802734375,INCONCLUSIVE
SAME_BUDGET_F1__CICIDS2017_COVERAGE_R1__b0.1__vs_Utility-Only,SAME_BUDGET_F1,36,CICIDS2017_COVERAGE_R1,0.1,CB-Score minus Utility-Only,F1,mean_delta <= 0,mean_delta > 0,exact paired sign-flip; 20000 paired bootstrap CI,Holm within family,LOCKED,shared_full_threshold,0.03187815228741397,-0.00534895891630242,0.10002252861158366,-0.0045141138292545315,0.09668989967996845,0.369140625,0.0,0.30314805186034255,4,6,0,1.0,INCONCLUSIVE
SAME_BUDGET_F1__CICIDS2017_COVERAGE_R1__b0.1__vs_Utility-Cost-Ratio,SAME_BUDGET_F1,36,CICIDS2017_COVERAGE_R1,0.1,CB-Score minus Utility-Cost-Ratio,F1,mean_delta <= 0,mean_delta > 0,exact paired sign-flip; 20000 paired bootstrap CI,Holm within family,LOCKED,shared_full_threshold,0.03187815228741397,-0.005046031122911505,0.1002035763883406,-0.004467833708579377,0.09781816411407013,0.369140625,0.0,0.30314805186034255,4,6,0,1.0,INCONCLUSIVE
SAME_BUDGET_F1__CICIDS2017_COVERAGE_R1__b0.1__vs_Oort-Style-Adapted,SAME_BUDGET_F1,36,CICIDS2017_COVERAGE_R1,0.1,CB-Score minus Oort-Style-Adapted,F1,mean_delta <= 0,mean_delta > 0,exact paired sign-flip; 20000 paired bootstrap CI,Holm within family,LOCKED,shared_full_threshold,0.0342216008522004,-0.0004460064548587419,0.10139475722761648,-0.000290380677370286,0.09909113164432186,0.2109375,0.0,0.328771582751186,4,6,0,1.0,INCONCLUSIVE
SAME_BUDGET_F1__CICIDS2017_COVERAGE_R1__b0.2__vs_Utility-Only,SAME_BUDGET_F1,36,CICIDS2017_COVERAGE_R1,0.2,CB-Score minus Utility-Only,F1,mean_delta <= 0,mean_delta > 0,exact paired sign-flip; 20000 paired bootstrap CI,Holm within family,LOCKED,shared_full_threshold,-0.10371861512791662,-0.230576576676005,-0.004775653258610205,-0.20761559390509113,-0.015175716907999421,0.9541015625,0.0,-0.5434823724875347,5,5,0,1.0,INCONCLUSIVE
SAME_BUDGET_F1__CICIDS2017_COVERAGE_R1__b0.2__vs_Utility-Cost-Ratio,SAME_BUDGET_F1,36,CICIDS2017_COVERAGE_R1,0.2,CB-Score minus Utility-Cost-Ratio,F1,mean_delta <= 0,mean_delta > 0,exact paired sign-flip; 20000 paired bootstrap CI,Holm within family,LOCKED,shared_full_threshold,-0.09222576078469692,-0.2195830283095894,-0.0016562031606932994,-0.19942387332958894,-0.003749848440708104,0.9541015625,0.0,-0.4797275264850201,5,5,0,1.0,INCONCLUSIVE
SAME_BUDGET_F1__CICIDS2017_COVERAGE_R1__b0.2__vs_Oort-Style-Adapted,SAME_BUDGET_F1,36,CICIDS2017_COVERAGE_R1,0.2,CB-Score minus Oort-Style-Adapted,F1,mean_delta <= 0,mean_delta > 0,exact paired sign-flip; 20000 paired bootstrap CI,Holm within family,LOCKED,shared_full_threshold,-0.09852804301089343,-0.19746864883460502,-0.01369983239733776,-0.18029652824109602,-0.02668170379934281,0.97265625,0.0,-0.6310915975830425,3,7,0,1.0,INCONCLUSIVE
SAME_BUDGET_F1__CICIDS2017_COVERAGE_R1__b0.4__vs_Utility-Only,SAME_BUDGET_F1,36,CICIDS2017_COVERAGE_R1,0.4,CB-Score minus Utility-Only,F1,mean_delta <= 0,mean_delta > 0,exact paired sign-flip; 20000 paired bootstrap CI,Holm within family,LOCKED,shared_full_threshold,-0.0032411232823030232,-0.007628107818490509,-8.33170704605023e-05,-0.007113750807848622,-0.00021245751745620575,0.94921875,0.0,-0.46915044748388174,2,8,0,1.0,INCONCLUSIVE
SAME_BUDGET_F1__CICIDS2017_COVERAGE_R1__b0.4__vs_Utility-Cost-Ratio,SAME_BUDGET_F1,36,CICIDS2017_COVERAGE_R1,0.4,CB-Score minus Utility-Cost-Ratio,F1,mean_delta <= 0,mean_delta > 0,exact paired sign-flip; 20000 paired bootstrap CI,Holm within family,LOCKED,shared_full_threshold,-0.005474081845112358,-0.010787202489892287,-0.000620093728373362,-0.009724628044980952,-0.0013362396612987106,0.99609375,0.0,-0.6278321662504541,1,9,0,1.0,INCONCLUSIVE
SAME_BUDGET_F1__CICIDS2017_COVERAGE_R1__b0.4__vs_Oort-Style-Adapted,SAME_BUDGET_F1,36,CICIDS2017_COVERAGE_R1,0.4,CB-Score minus Oort-Style-Adapted,F1,mean_delta <= 0,mean_delta > 0,exact paired sign-flip; 20000 paired bootstrap CI,Holm within family,LOCKED,shared_full_threshold,-0.0002684736208818287,-0.001326427434349329,0.00059811666684023,-0.0011168666623792842,0.0004859968627376271,0.6630859375,0.0,-0.16562934750043665,5,5,0,1.0,INCONCLUSIVE
SAME_BUDGET_F1__CICIDS2017_COVERAGE_R1__b0.6__vs_Utility-Only,SAME_BUDGET_F1,36,CICIDS2017_COVERAGE_R1,0.6,CB-Score minus Utility-Only,F1,mean_delta <= 0,mean_delta > 0,exact paired sign-flip; 20000 paired bootstrap CI,Holm within family,LOCKED,shared_full_threshold,-0.0021594912992859154,-0.00782766734073922,0.003090635162645579,-0.006817914243849821,0.0023059841504212003,0.775390625,0.0,-0.2297850771672657,5,5,0,1.0,INCONCLUSIVE
SAME_BUDGET_F1__CICIDS2017_COVERAGE_R1__b0.6__vs_Utility-Cost-Ratio,SAME_BUDGET_F1,36,CICIDS2017_COVERAGE_R1,0.6,CB-Score minus Utility-Cost-Ratio,F1,mean_delta <= 0,mean_delta > 0,exact paired sign-flip; 20000 paired bootstrap CI,Holm within family,LOCKED,shared_full_threshold,-0.002602676194864867,-0.00862355242830232,0.002952695642494112,-0.007592120043309513,0.002066157897984133,0.814453125,0.0,-0.26548758458364313,5,5,0,1.0,INCONCLUSIVE
SAME_BUDGET_F1__CICIDS2017_COVERAGE_R1__b0.6__vs_Oort-Style-Adapted,SAME_BUDGET_F1,36,CICIDS2017_COVERAGE_R1,0.6,CB-Score minus Oort-Style-Adapted,F1,mean_delta <= 0,mean_delta > 0,exact paired sign-flip; 20000 paired bootstrap CI,Holm within family,LOCKED,shared_full_threshold,-0.00024464259975667135,-0.0061355909022060605,0.004822747384983442,-0.005188223810641589,0.004142589590913429,0.576171875,0.0,-0.02584252543453431,6,4,0,1.0,INCONCLUSIVE
SAME_BUDGET_F1__CICIDS2017_COVERAGE_R1__b0.8__vs_Utility-Only,SAME_BUDGET_F1,36,CICIDS2017_COVERAGE_R1,0.8,CB-Score minus Utility-Only,F1,mean_delta <= 0,mean_delta > 0,exact paired sign-flip; 20000 paired bootstrap CI,Holm within family,LOCKED,shared_full_threshold,-0.04099694434436088,-0.12273095903296127,0.003085135336934595,-0.11944070897482885,0.002295441943892592,0.7587890625,0.0,-0.32484554669708293,6,4,0,1.0,INCONCLUSIVE
SAME_BUDGET_F1__CICIDS2017_COVERAGE_R1__b0.8__vs_Utility-Cost-Ratio,SAME_BUDGET_F1,36,CICIDS2017_COVERAGE_R1,0.8,CB-Score minus Utility-Cost-Ratio,F1,mean_delta <= 0,mean_delta > 0,exact paired sign-flip; 20000 paired bootstrap CI,Holm within family,LOCKED,shared_full_threshold,-0.04100788288835371,-0.12278366898018482,0.0030602103735090933,-0.11949352757733347,0.0022592660170802793,0.7607421875,0.0,-0.3249424166184002,6,4,0,1.0,INCONCLUSIVE
SAME_BUDGET_F1__CICIDS2017_COVERAGE_R1__b0.8__vs_Oort-Style-Adapted,SAME_BUDGET_F1,36,CICIDS2017_COVERAGE_R1,0.8,CB-Score minus Oort-Style-Adapted,F1,mean_delta <= 0,mean_delta > 0,exact paired sign-flip; 20000 paired bootstrap CI,Holm within family,LOCKED,shared_full_threshold,-0.0003688183812579094,-0.0063089428356331795,0.005420831698178313,-0.004739163530585196,0.0039392712330479146,0.634765625,0.0,-0.03919484644032235,6,4,0,1.0,INCONCLUSIVE
SAME_BUDGET_F1__CICIDS2017_COVERAGE_R1__b1.0__vs_Utility-Only,SAME_BUDGET_F1,36,CICIDS2017_COVERAGE_R1,1.0,CB-Score minus Utility-Only,F1,mean_delta <= 0,mean_delta > 0,exact paired sign-flip; 20000 paired bootstrap CI,Holm within family,LOCKED,shared_full_threshold,-0.0024380320205563406,-0.007029558327215139,0.0007458049975779661,-0.006266891022683452,0.00044214162987764733,0.814453125,0.0,-0.34850801900685086,4,6,0,1.0,INCONCLUSIVE
SAME_BUDGET_F1__CICIDS2017_COVERAGE_R1__b1.0__vs_Utility-Cost-Ratio,SAME_BUDGET_F1,36,CICIDS2017_COVERAGE_R1,1.0,CB-Score minus Utility-Cost-Ratio,F1,mean_delta <= 0,mean_delta > 0,exact paired sign-flip; 20000 paired bootstrap CI,Holm within family,LOCKED,shared_full_threshold,-0.0024380320205563406,-0.007017389742425742,0.0007294054176859356,-0.006295829227737269,0.0004142390735637863,0.814453125,0.0,-0.34850801900685086,4,6,0,1.0,INCONCLUSIVE
SAME_BUDGET_F1__CICIDS2017_COVERAGE_R1__b1.0__vs_Oort-Style-Adapted,SAME_BUDGET_F1,36,CICIDS2017_COVERAGE_R1,1.0,CB-Score minus Oort-Style-Adapted,F1,mean_delta <= 0,mean_delta > 0,exact paired sign-flip; 20000 paired bootstrap CI,Holm within family,LOCKED,shared_full_threshold,-0.0024380320205563406,-0.00701455568580212,0.000730555592811811,-0.006288257810975445,0.0004240392867073647,0.814453125,0.0,-0.34850801900685086,4,6,0,1.0,INCONCLUSIVE
SAME_BUDGET_F1__CICIoT2023_R1__b0.1__vs_Utility-Only,SAME_BUDGET_F1,36,CICIoT2023_R1,0.1,CB-Score minus Utility-Only,F1,mean_delta <= 0,mean_delta > 0,exact paired sign-flip; 20000 paired bootstrap CI,Holm within family,LOCKED,shared_full_threshold,0.005856557682839436,-0.014496821766542375,0.03137947645059492,-0.01202943597339961,0.026779999920363368,0.3671875,0.0,0.1467105799998217,4,5,1,1.0,INCONCLUSIVE
SAME_BUDGET_F1__CICIoT2023_R1__b0.1__vs_Utility-Cost-Ratio,SAME_BUDGET_F1,36,CICIoT2023_R1,0.1,CB-Score minus Utility-Cost-Ratio,F1,mean_delta <= 0,mean_delta > 0,exact paired sign-flip; 20000 paired bootstrap CI,Holm within family,LOCKED,shared_full_threshold,0.00967017340070675,-0.011516601503146184,0.035310502438975475,-0.008770977784888712,0.030623627111727423,0.263671875,0.0,0.2405633165528926,5,4,1,1.0,INCONCLUSIVE
SAME_BUDGET_F1__CICIoT2023_R1__b0.1__vs_Oort-Style-Adapted,SAME_BUDGET_F1,36,CICIoT2023_R1,0.1,CB-Score minus Oort-Style-Adapted,F1,mean_delta <= 0,mean_delta > 0,exact paired sign-flip; 20000 paired bootstrap CI,Holm within family,LOCKED,shared_full_threshold,0.017270885405257987,0.000428783465652945,0.0392200731708573,0.0022787416713569877,0.035292625170893085,0.060546875,0.0,0.5116012864395206,5,4,1,1.0,INCONCLUSIVE
SAME_BUDGET_F1__CICIoT2023_R1__b0.2__vs_Utility-Only,SAME_BUDGET_F1,36,CICIoT2023_R1,0.2,CB-Score minus Utility-Only,F1,mean_delta <= 0,mean_delta > 0,exact paired sign-flip; 20000 paired bootstrap CI,Holm within family,LOCKED,shared_full_threshold,0.031099008441910013,0.01827118719720025,0.043771251090571714,0.020302166690283178,0.04191557828165473,0.001953125,0.0,1.4254622139695614,9,1,0,0.0703125,INCONCLUSIVE
SAME_BUDGET_F1__CICIoT2023_R1__b0.2__vs_Utility-Cost-Ratio,SAME_BUDGET_F1,36,CICIoT2023_R1,0.2,CB-Score minus Utility-Cost-Ratio,F1,mean_delta <= 0,mean_delta > 0,exact paired sign-flip; 20000 paired bootstrap CI,Holm within family,LOCKED,shared_full_threshold,0.027243503090406674,0.013991464189132866,0.04104335826569184,0.015942247697659152,0.03899613662064245,0.001953125,0.0,1.1747565774752295,9,1,0,0.0703125,INCONCLUSIVE
SAME_BUDGET_F1__CICIoT2023_R1__b0.2__vs_Oort-Style-Adapted,SAME_BUDGET_F1,36,CICIoT2023_R1,0.2,CB-Score minus Oort-Style-Adapted,F1,mean_delta <= 0,mean_delta > 0,exact paired sign-flip; 20000 paired bootstrap CI,Holm within family,LOCKED,shared_full_threshold,0.011732095553013655,0.003128938703362553,0.021400780480470928,0.0042998252488813836,0.01978172212348307,0.0185546875,0.0,0.7522084544359445,7,3,0,0.630859375,INCONCLUSIVE
SAME_BUDGET_F1__CICIoT2023_R1__b0.4__vs_Utility-Only,SAME_BUDGET_F1,36,CICIoT2023_R1,0.4,CB-Score minus Utility-Only,F1,mean_delta <= 0,mean_delta > 0,exact paired sign-flip; 20000 paired bootstrap CI,Holm within family,LOCKED,shared_full_threshold,-0.002910873784732393,-0.0073374613288616055,0.00015596237065524775,-0.006545105554746461,-0.0001240801275212755,0.9140625,0.0,-0.44177965412957626,4,6,0,1.0,INCONCLUSIVE
SAME_BUDGET_F1__CICIoT2023_R1__b0.4__vs_Utility-Cost-Ratio,SAME_BUDGET_F1,36,CICIoT2023_R1,0.4,CB-Score minus Utility-Cost-Ratio,F1,mean_delta <= 0,mean_delta > 0,exact paired sign-flip; 20000 paired bootstrap CI,Holm within family,LOCKED,shared_full_threshold,-0.002910873784732393,-0.007269200566562313,0.00016917529948817976,-0.006518020222115328,-0.00010156487670692771,0.9140625,0.0,-0.44177965412957626,4,6,0,1.0,INCONCLUSIVE
SAME_BUDGET_F1__CICIoT2023_R1__b0.4__vs_Oort-Style-Adapted,SAME_BUDGET_F1,36,CICIoT2023_R1,0.4,CB-Score minus Oort-Style-Adapted,F1,mean_delta <= 0,mean_delta > 0,exact paired sign-flip; 20000 paired bootstrap CI,Holm within family,LOCKED,shared_full_threshold,0.002231052622956342,-0.0016829737516872824,0.007408561834261817,-0.0012650289276896094,0.006488219155734176,0.2451171875,0.0,0.2818847162948598,6,4,0,1.0,INCONCLUSIVE
SAME_BUDGET_F1__CICIoT2023_R1__b0.6__vs_Utility-Only,SAME_BUDGET_F1,36,CICIoT2023_R1,0.6,CB-Score minus Utility-Only,F1,mean_delta <= 0,mean_delta > 0,exact paired sign-flip; 20000 paired bootstrap CI,Holm within family,LOCKED,shared_full_threshold,0.005433603700866085,-0.002493444594717448,0.015650932534667497,-0.0015801974418605713,0.01390668427540154,0.1865234375,0.0,0.3456425358395035,4,6,0,1.0,INCONCLUSIVE
SAME_BUDGET_F1__CICIoT2023_R1__b0.6__vs_Utility-Cost-Ratio,SAME_BUDGET_F1,36,CICIoT2023_R1,0.6,CB-Score minus Utility-Cost-Ratio,F1,mean_delta <= 0,mean_delta > 0,exact paired sign-flip; 20000 paired bootstrap CI,Holm within family,LOCKED,shared_full_threshold,0.0050721962063363215,-0.0027287032646501263,0.015190572112503577,-0.0018726553562149566,0.013377101205828286,0.216796875,0.0,0.324114868292164,4,6,0,1.0,INCONCLUSIVE
SAME_BUDGET_F1__CICIoT2023_R1__b0.6__vs_Oort-Style-Adapted,SAME_BUDGET_F1,36,CICIoT2023_R1,0.6,CB-Score minus Oort-Style-Adapted,F1,mean_delta <= 0,mean_delta > 0,exact paired sign-flip; 20000 paired bootstrap CI,Holm within family,LOCKED,shared_full_threshold,0.003715291333994797,-0.003390187242308206,0.013060930028911106,-0.0025913751833998616,0.01137535088562243,0.2578125,0.0,0.2623786050151011,4,6,0,1.0,INCONCLUSIVE
SAME_BUDGET_F1__CICIoT2023_R1__b0.8__vs_Utility-Only,SAME_BUDGET_F1,36,CICIoT2023_R1,0.8,CB-Score minus Utility-Only,F1,mean_delta <= 0,mean_delta > 0,exact paired sign-flip; 20000 paired bootstrap CI,Holm within family,LOCKED,shared_full_threshold,0.003901361803419279,-0.002066733065810174,0.010291586703941289,-0.0012562947949809721,0.009285056152534867,0.14453125,0.0,0.3687555017136163,6,4,0,1.0,INCONCLUSIVE
SAME_BUDGET_F1__CICIoT2023_R1__b0.8__vs_Utility-Cost-Ratio,SAME_BUDGET_F1,36,CICIoT2023_R1,0.8,CB-Score minus Utility-Cost-Ratio,F1,mean_delta <= 0,mean_delta > 0,exact paired sign-flip; 20000 paired bootstrap CI,Holm within family,LOCKED,shared_full_threshold,0.003901361803419279,-0.002051371642406311,0.01029831987696529,-0.0011867172463303636,0.009311474295064038,0.14453125,0.0,0.3687555017136163,6,4,0,1.0,INCONCLUSIVE
SAME_BUDGET_F1__CICIoT2023_R1__b0.8__vs_Oort-Style-Adapted,SAME_BUDGET_F1,36,CICIoT2023_R1,0.8,CB-Score minus Oort-Style-Adapted,F1,mean_delta <= 0,mean_delta > 0,exact paired sign-flip; 20000 paired bootstrap CI,Holm within family,LOCKED,shared_full_threshold,0.005165232755257853,-6.682898133172296e-05,0.011047607788351798,0.0006383077784922148,0.010150127275914212,0.06640625,0.0,0.5391467940090248,7,3,0,1.0,INCONCLUSIVE
SAME_BUDGET_F1__CICIoT2023_R1__b1.0__vs_Utility-Only,SAME_BUDGET_F1,36,CICIoT2023_R1,1.0,CB-Score minus Utility-Only,F1,mean_delta <= 0,mean_delta > 0,exact paired sign-flip; 20000 paired bootstrap CI,Holm within family,LOCKED,shared_full_threshold,0.009292369572458358,0.0003617498588452029,0.01971080378183906,0.0015599028447742986,0.01782745757940163,0.05859375,0.0,0.5615220259455411,7,3,0,1.0,INCONCLUSIVE
SAME_BUDGET_F1__CICIoT2023_R1__b1.0__vs_Utility-Cost-Ratio,SAME_BUDGET_F1,36,CICIoT2023_R1,1.0,CB-Score minus Utility-Cost-Ratio,F1,mean_delta <= 0,mean_delta > 0,exact paired sign-flip; 20000 paired bootstrap CI,Holm within family,LOCKED,shared_full_threshold,0.009292369572458358,0.00047993379636328563,0.01957492063733444,0.0016999701235812514,0.01781699417427733,0.05859375,0.0,0.5615220259455411,7,3,0,1.0,INCONCLUSIVE
SAME_BUDGET_F1__CICIoT2023_R1__b1.0__vs_Oort-Style-Adapted,SAME_BUDGET_F1,36,CICIoT2023_R1,1.0,CB-Score minus Oort-Style-Adapted,F1,mean_delta <= 0,mean_delta > 0,exact paired sign-flip; 20000 paired bootstrap CI,Holm within family,LOCKED,shared_full_threshold,0.009292369572458358,0.0004012330069579497,0.01971072573405635,0.0015738333722357222,0.017876450914339963,0.05859375,0.0,0.5615220259455411,7,3,0,1.0,INCONCLUSIVE
SAME_BUDGET_PRAUC__CICIDS2017_COVERAGE_R1__b0.1__vs_Utility-Only,SAME_BUDGET_PRAUC,36,CICIDS2017_COVERAGE_R1,0.1,CB-Score minus Utility-Only,PR-AUC,mean_delta <= 0,mean_delta > 0,exact paired sign-flip; 20000 paired bootstrap CI,Holm within family,LOCKED,shared_full_threshold,0.021924215455558164,-0.022948729599478936,0.08418972040802207,-0.018076106690857914,0.07422159470919429,0.33203125,0.0,0.23281603194799083,5,5,0,1.0,INCONCLUSIVE
SAME_BUDGET_PRAUC__CICIDS2017_COVERAGE_R1__b0.1__vs_Utility-Cost-Ratio,SAME_BUDGET_PRAUC,36,CICIDS2017_COVERAGE_R1,0.1,CB-Score minus Utility-Cost-Ratio,PR-AUC,mean_delta <= 0,mean_delta > 0,exact paired sign-flip; 20000 paired bootstrap CI,Holm within family,LOCKED,shared_full_threshold,0.021924215455558164,-0.023001169659936482,0.08462515760308707,-0.01835277326999846,0.07346925183952792,0.33203125,0.0,0.23281603194799083,5,5,0,1.0,INCONCLUSIVE
SAME_BUDGET_PRAUC__CICIDS2017_COVERAGE_R1__b0.1__vs_Oort-Style-Adapted,SAME_BUDGET_PRAUC,36,CICIDS2017_COVERAGE_R1,0.1,CB-Score minus Oort-Style-Adapted,PR-AUC,mean_delta <= 0,mean_delta > 0,exact paired sign-flip; 20000 paired bootstrap CI,Holm within family,LOCKED,shared_full_threshold,0.025640230773471617,-0.01578965615201591,0.08699546326496803,-0.012168103644844252,0.07714041308561231,0.2734375,0.0,0.2822624660701137,3,7,0,1.0,INCONCLUSIVE
SAME_BUDGET_PRAUC__CICIDS2017_COVERAGE_R1__b0.2__vs_Utility-Only,SAME_BUDGET_PRAUC,36,CICIDS2017_COVERAGE_R1,0.2,CB-Score minus Utility-Only,PR-AUC,mean_delta <= 0,mean_delta > 0,exact paired sign-flip; 20000 paired bootstrap CI,Holm within family,LOCKED,shared_full_threshold,-0.0863032200335183,-0.1771210676377667,-0.003178385565281198,-0.16188371082786338,-0.020782407113608833,0.927734375,0.0,-0.5904274676230492,4,6,0,1.0,INCONCLUSIVE
SAME_BUDGET_PRAUC__CICIDS2017_COVERAGE_R1__b0.2__vs_Utility-Cost-Ratio,SAME_BUDGET_PRAUC,36,CICIDS2017_COVERAGE_R1,0.2,CB-Score minus Utility-Cost-Ratio,PR-AUC,mean_delta <= 0,mean_delta > 0,exact paired sign-flip; 20000 paired bootstrap CI,Holm within family,LOCKED,shared_full_threshold,-0.0662781209260396,-0.1566318084277194,0.0022134316866604387,-0.14066571363941618,-0.0015495860622999403,0.8994140625,0.0,-0.475861806005807,4,6,0,1.0,INCONCLUSIVE
SAME_BUDGET_PRAUC__CICIDS2017_COVERAGE_R1__b0.2__vs_Oort-Style-Adapted,SAME_BUDGET_PRAUC,36,CICIDS2017_COVERAGE_R1,0.2,CB-Score minus Oort-Style-Adapted,PR-AUC,mean_delta <= 0,mean_delta > 0,exact paired sign-flip; 20000 paired bootstrap CI,Holm within family,LOCKED,shared_full_threshold,-0.07466249219182029,-0.13657877454875159,-0.01572102933340057,-0.12658388906526838,-0.026852967567216734,0.9482421875,0.0,-0.7273801367668851,4,6,0,1.0,INCONCLUSIVE
SAME_BUDGET_PRAUC__CICIDS2017_COVERAGE_R1__b0.4__vs_Utility-Only,SAME_BUDGET_PRAUC,36,CICIDS2017_COVERAGE_R1,0.4,CB-Score minus Utility-Only,PR-AUC,mean_delta <= 0,mean_delta > 0,exact paired sign-flip; 20000 paired bootstrap CI,Holm within family,LOCKED,shared_full_threshold,-0.010430556733895674,-0.026552168436489474,0.0026571771413672284,-0.02360650094770414,0.0011732376730459303,0.8544921875,0.0,-0.4133146922939544,3,7,0,1.0,INCONCLUSIVE
SAME_BUDGET_PRAUC__CICIDS2017_COVERAGE_R1__b0.4__vs_Utility-Cost-Ratio,SAME_BUDGET_PRAUC,36,CICIDS2017_COVERAGE_R1,0.4,CB-Score minus Utility-Cost-Ratio,PR-AUC,mean_delta <= 0,mean_delta > 0,exact paired sign-flip; 20000 paired bootstrap CI,Holm within family,LOCKED,shared_full_threshold,-0.021723995411501093,-0.04776485916143948,-0.0007262711238539722,-0.04308382513537862,-0.0033311707739360876,0.9345703125,0.0,-0.539625771767801,2,8,0,1.0,INCONCLUSIVE
SAME_BUDGET_PRAUC__CICIDS2017_COVERAGE_R1__b0.4__vs_Oort-Style-Adapted,SAME_BUDGET_PRAUC,36,CICIDS2017_COVERAGE_R1,0.4,CB-Score minus Oort-Style-Adapted,PR-AUC,mean_delta <= 0,mean_delta > 0,exact paired sign-flip; 20000 paired bootstrap CI,Holm within family,LOCKED,shared_full_threshold,0.001589384475116365,-0.0036667875225447366,0.007214255749150475,-0.0028885538568126216,0.006308322099233088,0.2998046875,0.0,0.17192158233888702,5,5,0,1.0,INCONCLUSIVE
SAME_BUDGET_PRAUC__CICIDS2017_COVERAGE_R1__b0.6__vs_Utility-Only,SAME_BUDGET_PRAUC,36,CICIDS2017_COVERAGE_R1,0.6,CB-Score minus Utility-Only,PR-AUC,mean_delta <= 0,mean_delta > 0,exact paired sign-flip; 20000 paired bootstrap CI,Holm within family,LOCKED,shared_full_threshold,-0.01539704408598119,-0.027819618848473553,-0.004220968934216981,-0.02592003658313605,-0.0058331038256238515,0.9775390625,0.0,-0.7582710620414665,3,7,0,1.0,INCONCLUSIVE
SAME_BUDGET_PRAUC__CICIDS2017_COVERAGE_R1__b0.6__vs_Utility-Cost-Ratio,SAME_BUDGET_PRAUC,36,CICIDS2017_COVERAGE_R1,0.6,CB-Score minus Utility-Cost-Ratio,PR-AUC,mean_delta <= 0,mean_delta > 0,exact paired sign-flip; 20000 paired bootstrap CI,Holm within family,LOCKED,shared_full_threshold,-0.015146794072242639,-0.027471267078398535,-0.0037287729623268883,-0.02545336767774104,-0.005314053153512927,0.9775390625,0.0,-0.7431310758927154,3,7,0,1.0,INCONCLUSIVE
SAME_BUDGET_PRAUC__CICIDS2017_COVERAGE_R1__b0.6__vs_Oort-Style-Adapted,SAME_BUDGET_PRAUC,36,CICIDS2017_COVERAGE_R1,0.6,CB-Score minus Oort-Style-Adapted,PR-AUC,mean_delta <= 0,mean_delta > 0,exact paired sign-flip; 20000 paired bootstrap CI,Holm within family,LOCKED,shared_full_threshold,-0.013134626574674065,-0.029322520861495394,0.0012985063773715082,-0.026610081481048244,-0.0006364097211311381,0.9287109375,0.0,-0.5012063108572322,3,7,0,1.0,INCONCLUSIVE
SAME_BUDGET_PRAUC__CICIDS2017_COVERAGE_R1__b0.8__vs_Utility-Only,SAME_BUDGET_PRAUC,36,CICIDS2017_COVERAGE_R1,0.8,CB-Score minus Utility-Only,PR-AUC,mean_delta <= 0,mean_delta > 0,exact paired sign-flip; 20000 paired bootstrap CI,Holm within family,LOCKED,shared_full_threshold,-0.01399134970130846,-0.043457352136946466,0.005513925924995154,-0.03917546103446342,0.0038701766723760024,0.7890625,0.0,-0.3166722186674908,3,7,0,1.0,INCONCLUSIVE
SAME_BUDGET_PRAUC__CICIDS2017_COVERAGE_R1__b0.8__vs_Utility-Cost-Ratio,SAME_BUDGET_PRAUC,36,CICIDS2017_COVERAGE_R1,0.8,CB-Score minus Utility-Cost-Ratio,PR-AUC,mean_delta <= 0,mean_delta > 0,exact paired sign-flip; 20000 paired bootstrap CI,Holm within family,LOCKED,shared_full_threshold,-0.013816711127887803,-0.04330432253246106,0.005746423570373515,-0.03924202903523192,0.0040325767117781785,0.7802734375,0.0,-0.31228862045979255,4,6,0,1.0,INCONCLUSIVE
SAME_BUDGET_PRAUC__CICIDS2017_COVERAGE_R1__b0.8__vs_Oort-Style-Adapted,SAME_BUDGET_PRAUC,36,CICIDS2017_COVERAGE_R1,0.8,CB-Score minus Oort-Style-Adapted,PR-AUC,mean_delta <= 0,mean_delta > 0,exact paired sign-flip; 20000 paired bootstrap CI,Holm within family,LOCKED,shared_full_threshold,-0.006102414744499451,-0.025065360268356783,0.008005270106777146,-0.02154248928989353,0.006332105048080223,0.654296875,0.0,-0.2117427518630205,4,6,0,1.0,INCONCLUSIVE
SAME_BUDGET_PRAUC__CICIDS2017_COVERAGE_R1__b1.0__vs_Utility-Only,SAME_BUDGET_PRAUC,36,CICIDS2017_COVERAGE_R1,1.0,CB-Score minus Utility-Only,PR-AUC,mean_delta <= 0,mean_delta > 0,exact paired sign-flip; 20000 paired bootstrap CI,Holm within family,LOCKED,shared_full_threshold,-0.008738834683006336,-0.03524448867997071,0.010055795141657225,-0.031097597248989948,0.007758269169153874,0.693359375,0.0,-0.21972613926602066,4,6,0,1.0,INCONCLUSIVE
SAME_BUDGET_PRAUC__CICIDS2017_COVERAGE_R1__b1.0__vs_Utility-Cost-Ratio,SAME_BUDGET_PRAUC,36,CICIDS2017_COVERAGE_R1,1.0,CB-Score minus Utility-Cost-Ratio,PR-AUC,mean_delta <= 0,mean_delta > 0,exact paired sign-flip; 20000 paired bootstrap CI,Holm within family,LOCKED,shared_full_threshold,-0.008738834683006336,-0.03529700309631839,0.010207039853947681,-0.031015521949856174,0.007928788368081585,0.693359375,0.0,-0.21972613926602066,4,6,0,1.0,INCONCLUSIVE
SAME_BUDGET_PRAUC__CICIDS2017_COVERAGE_R1__b1.0__vs_Oort-Style-Adapted,SAME_BUDGET_PRAUC,36,CICIDS2017_COVERAGE_R1,1.0,CB-Score minus Oort-Style-Adapted,PR-AUC,mean_delta <= 0,mean_delta > 0,exact paired sign-flip; 20000 paired bootstrap CI,Holm within family,LOCKED,shared_full_threshold,-0.008738834683006336,-0.035476339684567426,0.010021563804549686,-0.031429537690005505,0.007857220015385816,0.693359375,0.0,-0.21972613926602066,4,6,0,1.0,INCONCLUSIVE
SAME_BUDGET_PRAUC__CICIoT2023_R1__b0.1__vs_Utility-Only,SAME_BUDGET_PRAUC,36,CICIoT2023_R1,0.1,CB-Score minus Utility-Only,PR-AUC,mean_delta <= 0,mean_delta > 0,exact paired sign-flip; 20000 paired bootstrap CI,Holm within family,LOCKED,shared_full_threshold,-0.0007529343323209314,-0.0018249209607145436,0.0003177660963544496,-0.0016585159151536566,0.00015051856190415882,0.892578125,0.0,-0.40755555355382944,4,5,1,1.0,INCONCLUSIVE
SAME_BUDGET_PRAUC__CICIoT2023_R1__b0.1__vs_Utility-Cost-Ratio,SAME_BUDGET_PRAUC,36,CICIoT2023_R1,0.1,CB-Score minus Utility-Cost-Ratio,PR-AUC,mean_delta <= 0,mean_delta > 0,exact paired sign-flip; 20000 paired bootstrap CI,Holm within family,LOCKED,shared_full_threshold,-0.0007834890773913417,-0.0018640897601800766,0.00028347482147838627,-0.0016848398155060685,0.00012419809159645024,0.892578125,0.0,-0.43159619194922144,4,5,1,1.0,INCONCLUSIVE
SAME_BUDGET_PRAUC__CICIoT2023_R1__b0.1__vs_Oort-Style-Adapted,SAME_BUDGET_PRAUC,36,CICIoT2023_R1,0.1,CB-Score minus Oort-Style-Adapted,PR-AUC,mean_delta <= 0,mean_delta > 0,exact paired sign-flip; 20000 paired bootstrap CI,Holm within family,LOCKED,shared_full_threshold,0.015616562713956783,-0.0014119128479694524,0.04804604804986547,-0.001103473573361831,0.047376050273045596,0.337890625,0.0,0.3082962734134942,6,3,1,1.0,INCONCLUSIVE
SAME_BUDGET_PRAUC__CICIoT2023_R1__b0.2__vs_Utility-Only,SAME_BUDGET_PRAUC,36,CICIoT2023_R1,0.2,CB-Score minus Utility-Only,PR-AUC,mean_delta <= 0,mean_delta > 0,exact paired sign-flip; 20000 paired bootstrap CI,Holm within family,LOCKED,shared_full_threshold,0.0014515866388603027,0.0003617671903032685,0.002513279183353728,0.0005336105529380425,0.0023460869298828476,0.01953125,0.0,0.7899338195539388,8,2,0,0.6640625,INCONCLUSIVE
SAME_BUDGET_PRAUC__CICIoT2023_R1__b0.2__vs_Utility-Cost-Ratio,SAME_BUDGET_PRAUC,36,CICIoT2023_R1,0.2,CB-Score minus Utility-Cost-Ratio,PR-AUC,mean_delta <= 0,mean_delta > 0,exact paired sign-flip; 20000 paired bootstrap CI,Holm within family,LOCKED,shared_full_threshold,0.0014553607728741036,0.00048161195168917203,0.0024286320276370914,0.0006301525427988181,0.0022799763462837963,0.013671875,0.0,0.8658230213942,8,2,0,0.4921875,INCONCLUSIVE
SAME_BUDGET_PRAUC__CICIoT2023_R1__b0.2__vs_Oort-Style-Adapted,SAME_BUDGET_PRAUC,36,CICIoT2023_R1,0.2,CB-Score minus Oort-Style-Adapted,PR-AUC,mean_delta <= 0,mean_delta > 0,exact paired sign-flip; 20000 paired bootstrap CI,Holm within family,LOCKED,shared_full_threshold,0.000844021113765725,0.0002651630194392804,0.00146342675964274,0.0003506221977926527,0.0013577565798844394,0.0166015625,0.0,0.8329241071692414,7,3,0,0.5810546875,INCONCLUSIVE
SAME_BUDGET_PRAUC__CICIoT2023_R1__b0.4__vs_Utility-Only,SAME_BUDGET_PRAUC,36,CICIoT2023_R1,0.4,CB-Score minus Utility-Only,PR-AUC,mean_delta <= 0,mean_delta > 0,exact paired sign-flip; 20000 paired bootstrap CI,Holm within family,LOCKED,shared_full_threshold,7.071540457264103e-05,-0.0001302437303739279,0.00026905110156435694,-9.94216749746446e-05,0.00023667485214226452,0.259765625,0.0,0.20999250579332795,6,4,0,1.0,INCONCLUSIVE
SAME_BUDGET_PRAUC__CICIoT2023_R1__b0.4__vs_Utility-Cost-Ratio,SAME_BUDGET_PRAUC,36,CICIoT2023_R1,0.4,CB-Score minus Utility-Cost-Ratio,PR-AUC,mean_delta <= 0,mean_delta > 0,exact paired sign-flip; 20000 paired bootstrap CI,Holm within family,LOCKED,shared_full_threshold,7.071540457264103e-05,-0.0001333626433115187,0.0002655638667814482,-9.890888229937277e-05,0.0002352694527243126,0.259765625,0.0,0.20999250579332795,6,4,0,1.0,INCONCLUSIVE
SAME_BUDGET_PRAUC__CICIoT2023_R1__b0.4__vs_Oort-Style-Adapted,SAME_BUDGET_PRAUC,36,CICIoT2023_R1,0.4,CB-Score minus Oort-Style-Adapted,PR-AUC,mean_delta <= 0,mean_delta > 0,exact paired sign-flip; 20000 paired bootstrap CI,Holm within family,LOCKED,shared_full_threshold,0.00018317206172512311,-0.0006728480490556854,0.0012167079233970201,-0.0005105866707911133,0.0009736503409941699,0.341796875,0.0,0.11830246169059705,6,4,0,1.0,INCONCLUSIVE
SAME_BUDGET_PRAUC__CICIoT2023_R1__b0.6__vs_Utility-Only,SAME_BUDGET_PRAUC,36,CICIoT2023_R1,0.6,CB-Score minus Utility-Only,PR-AUC,mean_delta <= 0,mean_delta > 0,exact paired sign-flip; 20000 paired bootstrap CI,Holm within family,LOCKED,shared_full_threshold,-5.683780838333652e-05,-0.0008600210220513531,0.0006795757304137264,-0.0007216012147313211,0.000566671477123526,0.56640625,0.0,-0.04343979838607956,5,5,0,1.0,INCONCLUSIVE
SAME_BUDGET_PRAUC__CICIoT2023_R1__b0.6__vs_Utility-Cost-Ratio,SAME_BUDGET_PRAUC,36,CICIoT2023_R1,0.6,CB-Score minus Utility-Cost-Ratio,PR-AUC,mean_delta <= 0,mean_delta > 0,exact paired sign-flip; 20000 paired bootstrap CI,Holm within family,LOCKED,shared_full_threshold,-9.644176148015937e-05,-0.0008698214686737579,0.000641193827002205,-0.0007339700076013539,0.0005196702847403272,0.6083984375,0.0,-0.07428525511505682,5,5,0,1.0,INCONCLUSIVE
SAME_BUDGET_PRAUC__CICIoT2023_R1__b0.6__vs_Oort-Style-Adapted,SAME_BUDGET_PRAUC,36,CICIoT2023_R1,0.6,CB-Score minus Oort-Style-Adapted,PR-AUC,mean_delta <= 0,mean_delta > 0,exact paired sign-flip; 20000 paired bootstrap CI,Holm within family,LOCKED,shared_full_threshold,-0.00011506883714280658,-0.0010711947534866083,0.0007408033496288872,-0.0009094832785778051,0.0006079167592115439,0.5830078125,0.0,-0.07436896279363843,4,6,0,1.0,INCONCLUSIVE
SAME_BUDGET_PRAUC__CICIoT2023_R1__b0.8__vs_Utility-Only,SAME_BUDGET_PRAUC,36,CICIoT2023_R1,0.8,CB-Score minus Utility-Only,PR-AUC,mean_delta <= 0,mean_delta > 0,exact paired sign-flip; 20000 paired bootstrap CI,Holm within family,LOCKED,shared_full_threshold,-1.810275429269259e-05,-0.0006807615410066725,0.0006045915576867924,-0.0005701708955907047,0.0005101479382569333,0.5224609375,0.0,-0.01655075370607285,6,4,0,1.0,INCONCLUSIVE
SAME_BUDGET_PRAUC__CICIoT2023_R1__b0.8__vs_Utility-Cost-Ratio,SAME_BUDGET_PRAUC,36,CICIoT2023_R1,0.8,CB-Score minus Utility-Cost-Ratio,PR-AUC,mean_delta <= 0,mean_delta > 0,exact paired sign-flip; 20000 paired bootstrap CI,Holm within family,LOCKED,shared_full_threshold,-1.810275429269259e-05,-0.0006784276896270147,0.0006138285302668076,-0.0005710418460137345,0.0005180585639273152,0.5224609375,0.0,-0.01655075370607285,6,4,0,1.0,INCONCLUSIVE
SAME_BUDGET_PRAUC__CICIoT2023_R1__b0.8__vs_Oort-Style-Adapted,SAME_BUDGET_PRAUC,36,CICIoT2023_R1,0.8,CB-Score minus Oort-Style-Adapted,PR-AUC,mean_delta <= 0,mean_delta > 0,exact paired sign-flip; 20000 paired bootstrap CI,Holm within family,LOCKED,shared_full_threshold,-0.00010178860789934463,-0.000694735039842398,0.0004306130227609122,-0.0005932630268499057,0.00034765467846608055,0.6279296875,0.0,-0.10661070431395892,5,5,0,1.0,INCONCLUSIVE
SAME_BUDGET_PRAUC__CICIoT2023_R1__b1.0__vs_Utility-Only,SAME_BUDGET_PRAUC,36,CICIoT2023_R1,1.0,CB-Score minus Utility-Only,PR-AUC,mean_delta <= 0,mean_delta > 0,exact paired sign-flip; 20000 paired bootstrap CI,Holm within family,LOCKED,shared_full_threshold,0.0004431622134021485,-0.0003325873075940161,0.0013100376439348232,-0.0002253278960994065,0.0011519358844991603,0.1806640625,0.0,0.3174773857421331,6,4,0,1.0,INCONCLUSIVE
SAME_BUDGET_PRAUC__CICIoT2023_R1__b1.0__vs_Utility-Cost-Ratio,SAME_BUDGET_PRAUC,36,CICIoT2023_R1,1.0,CB-Score minus Utility-Cost-Ratio,PR-AUC,mean_delta <= 0,mean_delta > 0,exact paired sign-flip; 20000 paired bootstrap CI,Holm within family,LOCKED,shared_full_threshold,0.0004431622134021485,-0.0003238380884923314,0.0013098608152215308,-0.00020962977525591398,0.0011523575654196659,0.1806640625,0.0,0.3174773857421331,6,4,0,1.0,INCONCLUSIVE
SAME_BUDGET_PRAUC__CICIoT2023_R1__b1.0__vs_Oort-Style-Adapted,SAME_BUDGET_PRAUC,36,CICIoT2023_R1,1.0,CB-Score minus Oort-Style-Adapted,PR-AUC,mean_delta <= 0,mean_delta > 0,exact paired sign-flip; 20000 paired bootstrap CI,Holm within family,LOCKED,shared_full_threshold,0.0004431622134021485,-0.00031653509493319326,0.0013053380707116202,-0.0002102581719593599,0.001169905093858066,0.1806640625,0.0,0.3174773857421331,6,4,0,1.0,INCONCLUSIVE
F1_NI_CB_vs_Full__CICIDS2017_COVERAGE_R1__b0.1,F1_NI_CB_vs_Full,12,CICIDS2017_COVERAGE_R1,0.1,CB-Score minus Full-Contextual,F1,mean_delta <= -0.02,mean_delta > -0.02,exact paired sign-flip on delta+margin; 20000 paired bootstrap CI,Holm within family,LOCKED,fixed_0.5,0.0488277581306883,-0.00891409238003837,0.1587742609355809,-0.007830432589611622,0.15636825903240448,0.001953125,0.02,0.28528316881028265,2,8,0,0.017578125,MET_GATE_WITHIN_EVALUATED_SEEDS
F1_NI_CB_vs_Full__CICIDS2017_COVERAGE_R1__b0.2,F1_NI_CB_vs_Full,12,CICIDS2017_COVERAGE_R1,0.2,CB-Score minus Full-Contextual,F1,mean_delta <= -0.02,mean_delta > -0.02,exact paired sign-flip on delta+margin; 20000 paired bootstrap CI,Holm within family,LOCKED,fixed_0.5,-0.000981407183528014,-0.007716623232084163,0.006645989923652287,-0.00694239147972911,0.0053986790311236635,0.0009765625,0.02,-0.07905316258125457,4,6,0,0.01171875,MET_GATE_WITHIN_EVALUATED_SEEDS
F1_NI_CB_vs_Full__CICIDS2017_COVERAGE_R1__b0.4,F1_NI_CB_vs_Full,12,CICIDS2017_COVERAGE_R1,0.4,CB-Score minus Full-Contextual,F1,mean_delta <= -0.02,mean_delta > -0.02,exact paired sign-flip on delta+margin; 20000 paired bootstrap CI,Holm within family,LOCKED,fixed_0.5,-0.004284832112138842,-0.010237581281379877,0.0017214898489232191,-0.009298459512801813,0.0008775247004858814,0.001953125,0.02,-0.4202369757118266,2,8,0,0.017578125,MET_GATE_WITHIN_EVALUATED_SEEDS
F1_NI_CB_vs_Full__CICIDS2017_COVERAGE_R1__b0.6,F1_NI_CB_vs_Full,12,CICIDS2017_COVERAGE_R1,0.6,CB-Score minus Full-Contextual,F1,mean_delta <= -0.02,mean_delta > -0.02,exact paired sign-flip on delta+margin; 20000 paired bootstrap CI,Holm within family,LOCKED,fixed_0.5,-0.001624640608335285,-0.0074368223628958514,0.0051021409900046735,-0.006968471774139262,0.00394851492299004,0.0009765625,0.02,-0.14785971260238218,4,6,0,0.01171875,MET_GATE_WITHIN_EVALUATED_SEEDS
F1_NI_CB_vs_Full__CICIDS2017_COVERAGE_R1__b0.8,F1_NI_CB_vs_Full,12,CICIDS2017_COVERAGE_R1,0.8,CB-Score minus Full-Contextual,F1,mean_delta <= -0.02,mean_delta > -0.02,exact paired sign-flip on delta+margin; 20000 paired bootstrap CI,Holm within family,LOCKED,fixed_0.5,0.0015621250954327031,-0.006598745621746087,0.00935578158627735,-0.005343534709835866,0.008253419064780264,0.001953125,0.02,0.1143086674258318,7,3,0,0.017578125,MET_GATE_WITHIN_EVALUATED_SEEDS
F1_NI_CB_vs_Full__CICIDS2017_COVERAGE_R1__b1.0,F1_NI_CB_vs_Full,12,CICIDS2017_COVERAGE_R1,1.0,CB-Score minus Full-Contextual,F1,mean_delta <= -0.02,mean_delta > -0.02,exact paired sign-flip on delta+margin; 20000 paired bootstrap CI,Holm within family,LOCKED,fixed_0.5,-0.0002960261240958186,-0.005032846108694102,0.004643423437205499,-0.004279696672018412,0.003776192255685899,0.0009765625,0.02,-0.03609441618808455,4,6,0,0.01171875,MET_GATE_WITHIN_EVALUATED_SEEDS
F1_NI_CB_vs_Full__CICIoT2023_R1__b0.1,F1_NI_CB_vs_Full,12,CICIoT2023_R1,0.1,CB-Score minus Full-Contextual,F1,mean_delta <= -0.02,mean_delta > -0.02,exact paired sign-flip on delta+margin; 20000 paired bootstrap CI,Holm within family,LOCKED,fixed_0.5,-0.023134718459454074,-0.04019640205980672,-0.008596527406798471,-0.03775101639511639,-0.01057093645091946,0.662109375,0.02,-0.8522175223642903,2,8,0,1.0,INCONCLUSIVE
F1_NI_CB_vs_Full__CICIoT2023_R1__b0.2,F1_NI_CB_vs_Full,12,CICIoT2023_R1,0.2,CB-Score minus Full-Contextual,F1,mean_delta <= -0.02,mean_delta > -0.02,exact paired sign-flip on delta+margin; 20000 paired bootstrap CI,Holm within family,LOCKED,fixed_0.5,-0.014897698431375894,-0.027821875556578918,-0.002524460090585294,-0.025770515341885583,-0.0045594800944386855,0.228515625,0.02,-0.6864865692826917,3,7,0,1.0,INCONCLUSIVE
F1_NI_CB_vs_Full__CICIoT2023_R1__b0.4,F1_NI_CB_vs_Full,12,CICIoT2023_R1,0.4,CB-Score minus Full-Contextual,F1,mean_delta <= -0.02,mean_delta > -0.02,exact paired sign-flip on delta+margin; 20000 paired bootstrap CI,Holm within family,LOCKED,fixed_0.5,-0.035248020166009066,-0.04322565408441185,-0.02578787159227871,-0.042234736186892066,-0.027525452604390217,0.9921875,0.02,-2.3544643095554076,0,10,0,1.0,INCONCLUSIVE
F1_NI_CB_vs_Full__CICIoT2023_R1__b0.6,F1_NI_CB_vs_Full,12,CICIoT2023_R1,0.6,CB-Score minus Full-Contextual,F1,mean_delta <= -0.02,mean_delta > -0.02,exact paired sign-flip on delta+margin; 20000 paired bootstrap CI,Holm within family,LOCKED,fixed_0.5,-0.02758803437363999,-0.036895787652676225,-0.01762056018281248,-0.0353626327302441,-0.01926053135556734,0.9130859375,0.02,-1.684759187704875,0,10,0,1.0,INCONCLUSIVE
F1_NI_CB_vs_Full__CICIoT2023_R1__b0.8,F1_NI_CB_vs_Full,12,CICIoT2023_R1,0.8,CB-Score minus Full-Contextual,F1,mean_delta <= -0.02,mean_delta > -0.02,exact paired sign-flip on delta+margin; 20000 paired bootstrap CI,Holm within family,LOCKED,fixed_0.5,-0.027419865036221912,-0.03621265870616752,-0.01738628623360703,-0.03506122032664237,-0.019075246656896073,0.91015625,0.02,-1.6776244489984333,1,9,0,1.0,INCONCLUSIVE
F1_NI_CB_vs_Full__CICIoT2023_R1__b1.0,F1_NI_CB_vs_Full,12,CICIoT2023_R1,1.0,CB-Score minus Full-Contextual,F1,mean_delta <= -0.02,mean_delta > -0.02,exact paired sign-flip on delta+margin; 20000 paired bootstrap CI,Holm within family,LOCKED,fixed_0.5,-0.020053660291674734,-0.03011367989152134,-0.009731962822877844,-0.02860660404565362,-0.011342175062672289,0.5048828125,0.02,-1.1367326935178506,2,8,0,1.0,INCONCLUSIVE
PRAUC_NI_CB_vs_Full__CICIDS2017_COVERAGE_R1__b0.1,PRAUC_NI_CB_vs_Full,12,CICIDS2017_COVERAGE_R1,0.1,CB-Score minus Full-Contextual,PR-AUC,mean_delta <= -0.02,mean_delta > -0.02,exact paired sign-flip on delta+margin; 20000 paired bootstrap CI,Holm within family,LOCKED,fixed_0.5,0.03188556360971241,-0.006822945995762231,0.09168072596085466,-0.0039777146768079025,0.08312122594921352,0.0029296875,0.02,0.3568678048110299,5,5,0,0.01171875,MET_GATE_WITHIN_EVALUATED_SEEDS
PRAUC_NI_CB_vs_Full__CICIDS2017_COVERAGE_R1__b0.2,PRAUC_NI_CB_vs_Full,12,CICIDS2017_COVERAGE_R1,0.2,CB-Score minus Full-Contextual,PR-AUC,mean_delta <= -0.02,mean_delta > -0.02,exact paired sign-flip on delta+margin; 20000 paired bootstrap CI,Holm within family,LOCKED,fixed_0.5,0.007546460585718992,0.0011962611460645427,0.014338603909489588,0.0021221684370882478,0.013182954511569865,0.0009765625,0.02,0.6679908411234492,7,3,0,0.01171875,MET_GATE_WITHIN_EVALUATED_SEEDS
PRAUC_NI_CB_vs_Full__CICIDS2017_COVERAGE_R1__b0.4,PRAUC_NI_CB_vs_Full,12,CICIDS2017_COVERAGE_R1,0.4,CB-Score minus Full-Contextual,PR-AUC,mean_delta <= -0.02,mean_delta > -0.02,exact paired sign-flip on delta+margin; 20000 paired bootstrap CI,Holm within family,LOCKED,fixed_0.5,0.008275379309295509,-0.003324309616760062,0.022535148641841363,-0.0018382551777129644,0.019964859809015422,0.0009765625,0.02,0.37027928922104164,8,2,0,0.01171875,MET_GATE_WITHIN_EVALUATED_SEEDS
PRAUC_NI_CB_vs_Full__CICIDS2017_COVERAGE_R1__b0.6,PRAUC_NI_CB_vs_Full,12,CICIDS2017_COVERAGE_R1,0.6,CB-Score minus Full-Contextual,PR-AUC,mean_delta <= -0.02,mean_delta > -0.02,exact paired sign-flip on delta+margin; 20000 paired bootstrap CI,Holm within family,LOCKED,fixed_0.5,0.002892031140629517,-0.004935098128802333,0.01469617299158988,-0.004302417154258445,0.013084897768249084,0.0009765625,0.02,0.16204809264095335,4,6,0,0.01171875,MET_GATE_WITHIN_EVALUATED_SEEDS
PRAUC_NI_CB_vs_Full__CICIDS2017_COVERAGE_R1__b0.8,PRAUC_NI_CB_vs_Full,12,CICIDS2017_COVERAGE_R1,0.8,CB-Score minus Full-Contextual,PR-AUC,mean_delta <= -0.02,mean_delta > -0.02,exact paired sign-flip on delta+margin; 20000 paired bootstrap CI,Holm within family,LOCKED,fixed_0.5,0.011162127089168309,0.0013174294909490097,0.0227062698810002,0.002651177272327021,0.020682145177087025,0.0009765625,0.02,0.6122720078153606,7,3,0,0.01171875,MET_GATE_WITHIN_EVALUATED_SEEDS
PRAUC_NI_CB_vs_Full__CICIDS2017_COVERAGE_R1__b1.0,PRAUC_NI_CB_vs_Full,12,CICIDS2017_COVERAGE_R1,1.0,CB-Score minus Full-Contextual,PR-AUC,mean_delta <= -0.02,mean_delta > -0.02,exact paired sign-flip on delta+margin; 20000 paired bootstrap CI,Holm within family,LOCKED,fixed_0.5,0.013470308378051457,0.0016056715564246261,0.028145678425449492,0.003295033875174881,0.02550767715258801,0.0009765625,0.02,0.5950874402871097,9,1,0,0.01171875,MET_GATE_WITHIN_EVALUATED_SEEDS
PRAUC_NI_CB_vs_Full__CICIoT2023_R1__b0.1,PRAUC_NI_CB_vs_Full,12,CICIoT2023_R1,0.1,CB-Score minus Full-Contextual,PR-AUC,mean_delta <= -0.02,mean_delta > -0.02,exact paired sign-flip on delta+margin; 20000 paired bootstrap CI,Holm within family,LOCKED,fixed_0.5,-0.02089555016875493,-0.061911007425953526,0.00013149149479219224,-0.06145482881308457,-6.126387534921562e-05,0.5009765625,0.02,-0.3249633486062915,4,6,0,0.5009765625,INCONCLUSIVE
PRAUC_NI_CB_vs_Full__CICIoT2023_R1__b0.2,PRAUC_NI_CB_vs_Full,12,CICIoT2023_R1,0.2,CB-Score minus Full-Contextual,PR-AUC,mean_delta <= -0.02,mean_delta > -0.02,exact paired sign-flip on delta+margin; 20000 paired bootstrap CI,Holm within family,LOCKED,fixed_0.5,-0.00024641004383428865,-0.0010164102137377063,0.0004431001105836731,-0.0008821024150450918,0.0003354924190767097,0.0009765625,0.02,-0.19952258796490382,3,7,0,0.01171875,MET_GATE_WITHIN_EVALUATED_SEEDS
PRAUC_NI_CB_vs_Full__CICIoT2023_R1__b0.4,PRAUC_NI_CB_vs_Full,12,CICIoT2023_R1,0.4,CB-Score minus Full-Contextual,PR-AUC,mean_delta <= -0.02,mean_delta > -0.02,exact paired sign-flip on delta+margin; 20000 paired bootstrap CI,Holm within family,LOCKED,fixed_0.5,0.00013575695135950027,-0.00044474362785891785,0.0005807709845414098,-0.0003416958627399214,0.0005258379836776766,0.0009765625,0.02,0.15258337301038746,7,3,0,0.01171875,MET_GATE_WITHIN_EVALUATED_SEEDS
PRAUC_NI_CB_vs_Full__CICIoT2023_R1__b0.6,PRAUC_NI_CB_vs_Full,12,CICIoT2023_R1,0.6,CB-Score minus Full-Contextual,PR-AUC,mean_delta <= -0.02,mean_delta > -0.02,exact paired sign-flip on delta+margin; 20000 paired bootstrap CI,Holm within family,LOCKED,fixed_0.5,7.635540313921663e-05,-0.0007293842097605751,0.0008418038008666093,-0.0005889805871497039,0.0007268241341139208,0.0009765625,0.02,0.05762277493688773,7,3,0,0.01171875,MET_GATE_WITHIN_EVALUATED_SEEDS
PRAUC_NI_CB_vs_Full__CICIoT2023_R1__b0.8,PRAUC_NI_CB_vs_Full,12,CICIoT2023_R1,0.8,CB-Score minus Full-Contextual,PR-AUC,mean_delta <= -0.02,mean_delta > -0.02,exact paired sign-flip on delta+margin; 20000 paired bootstrap CI,Holm within family,LOCKED,fixed_0.5,0.0001238545826872106,-0.0005353413942155527,0.0008324784060665058,-0.00044084715459582146,0.0007176055350508414,0.0009765625,0.02,0.10533815687182822,5,5,0,0.01171875,MET_GATE_WITHIN_EVALUATED_SEEDS
PRAUC_NI_CB_vs_Full__CICIoT2023_R1__b1.0,PRAUC_NI_CB_vs_Full,12,CICIoT2023_R1,1.0,CB-Score minus Full-Contextual,PR-AUC,mean_delta <= -0.02,mean_delta > -0.02,exact paired sign-flip on delta+margin; 20000 paired bootstrap CI,Holm within family,LOCKED,fixed_0.5,0.000442869999534623,-3.103809421938108e-05,0.000985889652887909,3.100799556206901e-05,0.0008923669566921776,0.0009765625,0.02,0.5032939343114319,6,4,0,0.01171875,MET_GATE_WITHIN_EVALUATED_SEEDS
FPR_SAFETY_CB_vs_Full__CICIDS2017_COVERAGE_R1__b0.1,FPR_SAFETY_CB_vs_Full,12,CICIDS2017_COVERAGE_R1,0.1,CB-Score minus Full-Contextual,FPR,mean_delta >= 0.0025,mean_delta < 0.0025,exact paired sign-flip on 0.0025-delta; 20000 paired bootstrap CI,Holm within family,LOCKED,fixed_0.5,0.02352961283023253,-0.03630210487457231,0.09916017794701229,-0.030647151514737198,0.0859281204816806,0.62890625,0.0025,0.19860041556091237,4,6,0,1.0,INCONCLUSIVE
FPR_SAFETY_CB_vs_Full__CICIDS2017_COVERAGE_R1__b0.2,FPR_SAFETY_CB_vs_Full,12,CICIDS2017_COVERAGE_R1,0.2,CB-Score minus Full-Contextual,FPR,mean_delta >= 0.0025,mean_delta < 0.0025,exact paired sign-flip on 0.0025-delta; 20000 paired bootstrap CI,Holm within family,LOCKED,fixed_0.5,-0.02907618634190027,-0.06265573781698734,0.0006281382558731542,-0.05674889509466467,-0.005236670210111474,0.0693359375,0.0025,-0.5456923633570046,5,5,0,0.478515625,INCONCLUSIVE
FPR_SAFETY_CB_vs_Full__CICIDS2017_COVERAGE_R1__b0.4,FPR_SAFETY_CB_vs_Full,12,CICIDS2017_COVERAGE_R1,0.4,CB-Score minus Full-Contextual,FPR,mean_delta >= 0.0025,mean_delta < 0.0025,exact paired sign-flip on 0.0025-delta; 20000 paired bootstrap CI,Holm within family,LOCKED,fixed_0.5,-0.030985886607487724,-0.06353326166687745,-0.00034623785287754067,-0.05823777426091832,-0.007533112978920492,0.0078125,0.0025,-0.5961099458146,3,7,0,0.0703125,INCONCLUSIVE
FPR_SAFETY_CB_vs_Full__CICIDS2017_COVERAGE_R1__b0.6,FPR_SAFETY_CB_vs_Full,12,CICIDS2017_COVERAGE_R1,0.6,CB-Score minus Full-Contextual,FPR,mean_delta >= 0.0025,mean_delta < 0.0025,exact paired sign-flip on 0.0025-delta; 20000 paired bootstrap CI,Holm within family,LOCKED,fixed_0.5,-0.03004898157294768,-0.0621382268192057,0.00034384517311035283,-0.05692291127601612,-0.006985172221671528,0.013671875,0.0025,-0.5849249932731302,4,6,0,0.109375,INCONCLUSIVE
FPR_SAFETY_CB_vs_Full__CICIDS2017_COVERAGE_R1__b0.8,FPR_SAFETY_CB_vs_Full,12,CICIDS2017_COVERAGE_R1,0.8,CB-Score minus Full-Contextual,FPR,mean_delta >= 0.0025,mean_delta < 0.0025,exact paired sign-flip on 0.0025-delta; 20000 paired bootstrap CI,Holm within family,LOCKED,fixed_0.5,-0.01205568791252363,-0.03311412398866554,0.003718224358163653,-0.028374669724739288,0.002740062688209899,0.12890625,0.0025,-0.38166551335200444,4,6,0,0.478515625,INCONCLUSIVE
FPR_SAFETY_CB_vs_Full__CICIDS2017_COVERAGE_R1__b1.0,FPR_SAFETY_CB_vs_Full,12,CICIDS2017_COVERAGE_R1,1.0,CB-Score minus Full-Contextual,FPR,mean_delta >= 0.0025,mean_delta < 0.0025,exact paired sign-flip on 0.0025-delta; 20000 paired bootstrap CI,Holm within family,LOCKED,fixed_0.5,-0.018385009519447357,-0.04643015596853968,0.0023626260002255943,-0.041825495028353255,0.0016821051480214243,0.0703125,0.0025,-0.4250125523708906,4,6,0,0.478515625,INCONCLUSIVE
FPR_SAFETY_CB_vs_Full__CICIoT2023_R1__b0.1,FPR_SAFETY_CB_vs_Full,12,CICIoT2023_R1,0.1,CB-Score minus Full-Contextual,FPR,mean_delta >= 0.0025,mean_delta < 0.0025,exact paired sign-flip on 0.0025-delta; 20000 paired bootstrap CI,Holm within family,LOCKED,fixed_0.5,0.09329529243937232,-0.051415165834522096,0.27794668330955774,-0.035874643366619115,0.24477376069900134,0.79296875,0.0025,0.32885794254772777,4,6,0,1.0,INCONCLUSIVE
FPR_SAFETY_CB_vs_Full__CICIoT2023_R1__b0.2,FPR_SAFETY_CB_vs_Full,12,CICIoT2023_R1,0.2,CB-Score minus Full-Contextual,FPR,mean_delta >= 0.0025,mean_delta < 0.0025,exact paired sign-flip on 0.0025-delta; 20000 paired bootstrap CI,Holm within family,LOCKED,fixed_0.5,-0.050370007132667614,-0.1109531027104137,0.004836951676176885,-0.10088311340941512,-0.003003521754636245,0.068359375,0.0025,-0.5061838482937053,3,7,0,0.478515625,INCONCLUSIVE
FPR_SAFETY_CB_vs_Full__CICIoT2023_R1__b0.4,FPR_SAFETY_CB_vs_Full,12,CICIoT2023_R1,0.4,CB-Score minus Full-Contextual,FPR,mean_delta >= 0.0025,mean_delta < 0.0025,exact paired sign-flip on 0.0025-delta; 20000 paired bootstrap CI,Holm within family,LOCKED,fixed_0.5,-0.11445256776034236,-0.18721981990014266,-0.05481856276747508,-0.17491574536376606,-0.06234843081312411,0.0009765625,0.0025,-1.002090320919746,0,10,0,0.01171875,MET_GATE_WITHIN_EVALUATED_SEEDS
FPR_SAFETY_CB_vs_Full__CICIoT2023_R1__b0.6,FPR_SAFETY_CB_vs_Full,12,CICIoT2023_R1,0.6,CB-Score minus Full-Contextual,FPR,mean_delta >= 0.0025,mean_delta < 0.0025,exact paired sign-flip on 0.0025-delta; 20000 paired bootstrap CI,Holm within family,LOCKED,fixed_0.5,-0.06389087018544937,-0.1541748395149786,0.019911621790299348,-0.13851194721825966,0.007895417261055637,0.1044921875,0.0025,-0.42637412848656675,1,9,0,0.478515625,INCONCLUSIVE
FPR_SAFETY_CB_vs_Full__CICIoT2023_R1__b0.8,FPR_SAFETY_CB_vs_Full,12,CICIoT2023_R1,0.8,CB-Score minus Full-Contextual,FPR,mean_delta >= 0.0025,mean_delta < 0.0025,exact paired sign-flip on 0.0025-delta; 20000 paired bootstrap CI,Holm within family,LOCKED,fixed_0.5,-0.11033345221112698,-0.18339024607703283,-0.049121790299572046,-0.17094530135520686,-0.05684268009985734,0.001953125,0.0025,-0.9490470209546419,1,9,0,0.021484375,MET_GATE_WITHIN_EVALUATED_SEEDS
FPR_SAFETY_CB_vs_Full__CICIoT2023_R1__b1.0,FPR_SAFETY_CB_vs_Full,12,CICIoT2023_R1,1.0,CB-Score minus Full-Contextual,FPR,mean_delta >= 0.0025,mean_delta < 0.0025,exact paired sign-flip on 0.0025-delta; 20000 paired bootstrap CI,Holm within family,LOCKED,fixed_0.5,-0.07641315977175464,-0.11780102086305276,-0.03783779868045657,-0.11133648359486448,-0.043375312054208276,0.001953125,0.0025,-1.1035981046492132,1,9,0,0.021484375,MET_GATE_WITHIN_EVALUATED_SEEDS
SAME_BUDGET_F1__CICIDS2017_COVERAGE_R1__b0.1__vs_Utility-Only,SAME_BUDGET_F1,36,CICIDS2017_COVERAGE_R1,0.1,CB-Score minus Utility-Only,F1,mean_delta <= 0,mean_delta > 0,exact paired sign-flip; 20000 paired bootstrap CI,Holm within family,LOCKED,fixed_0.5,0.05100609599874293,-0.010240362883854484,0.16239953195610296,-0.008152817580855383,0.158485953029254,0.3720703125,0.0,0.29761496717824953,4,6,0,1.0,INCONCLUSIVE
SAME_BUDGET_F1__CICIDS2017_COVERAGE_R1__b0.1__vs_Utility-Cost-Ratio,SAME_BUDGET_F1,36,CICIDS2017_COVERAGE_R1,0.1,CB-Score minus Utility-Cost-Ratio,F1,mean_delta <= 0,mean_delta > 0,exact paired sign-flip; 20000 paired bootstrap CI,Holm within family,LOCKED,fixed_0.5,0.05100609599874293,-0.010360402097322158,0.1623802260650636,-0.008244273139638242,0.1584416216716582,0.3720703125,0.0,0.29761496717824953,4,6,0,1.0,INCONCLUSIVE
SAME_BUDGET_F1__CICIDS2017_COVERAGE_R1__b0.1__vs_Oort-Style-Adapted,SAME_BUDGET_F1,36,CICIDS2017_COVERAGE_R1,0.1,CB-Score minus Oort-Style-Adapted,F1,mean_delta <= 0,mean_delta > 0,exact paired sign-flip; 20000 paired bootstrap CI,Holm within family,LOCKED,fixed_0.5,0.05498547281611373,-0.0006441025667813781,0.16278707707150905,-0.000431103158164417,0.16107349426531734,0.2158203125,0.0,0.32439517200322004,4,6,0,1.0,INCONCLUSIVE
SAME_BUDGET_F1__CICIDS2017_COVERAGE_R1__b0.2__vs_Utility-Only,SAME_BUDGET_F1,36,CICIDS2017_COVERAGE_R1,0.2,CB-Score minus Utility-Only,F1,mean_delta <= 0,mean_delta > 0,exact paired sign-flip; 20000 paired bootstrap CI,Holm within family,LOCKED,fixed_0.5,-0.14668464655185295,-0.2944451731238303,-0.007368589859067894,-0.26325206384084476,-0.04449175596827863,0.9541015625,0.0,-0.6259405017116503,5,5,0,1.0,INCONCLUSIVE
SAME_BUDGET_F1__CICIDS2017_COVERAGE_R1__b0.2__vs_Utility-Cost-Ratio,SAME_BUDGET_F1,36,CICIDS2017_COVERAGE_R1,0.2,CB-Score minus Utility-Cost-Ratio,F1,mean_delta <= 0,mean_delta > 0,exact paired sign-flip; 20000 paired bootstrap CI,Holm within family,LOCKED,fixed_0.5,-0.10138396707982537,-0.24062099676341953,-0.001040305519459525,-0.20695671503209428,-0.004116052170117804,0.9462890625,0.0,-0.49285550201070083,5,5,0,1.0,INCONCLUSIVE
SAME_BUDGET_F1__CICIDS2017_COVERAGE_R1__b0.2__vs_Oort-Style-Adapted,SAME_BUDGET_F1,36,CICIDS2017_COVERAGE_R1,0.2,CB-Score minus Oort-Style-Adapted,F1,mean_delta <= 0,mean_delta > 0,exact paired sign-flip; 20000 paired bootstrap CI,Holm within family,LOCKED,fixed_0.5,-0.15861004823153385,-0.28355888349312286,-0.03963061278690926,-0.26378684007485503,-0.06847346023710355,0.9736328125,0.0,-0.7737023682254124,3,7,0,1.0,INCONCLUSIVE
SAME_BUDGET_F1__CICIDS2017_COVERAGE_R1__b0.4__vs_Utility-Only,SAME_BUDGET_F1,36,CICIDS2017_COVERAGE_R1,0.4,CB-Score minus Utility-Only,F1,mean_delta <= 0,mean_delta > 0,exact paired sign-flip; 20000 paired bootstrap CI,Holm within family,LOCKED,fixed_0.5,-0.004457388920015659,-0.010053094019540191,0.0003296090106292443,-0.00911796822313084,-0.00033242987196908355,0.935546875,0.0,-0.49549389884152834,2,8,0,1.0,INCONCLUSIVE
SAME_BUDGET_F1__CICIDS2017_COVERAGE_R1__b0.4__vs_Utility-Cost-Ratio,SAME_BUDGET_F1,36,CICIDS2017_COVERAGE_R1,0.4,CB-Score minus Utility-Cost-Ratio,F1,mean_delta <= 0,mean_delta > 0,exact paired sign-flip; 20000 paired bootstrap CI,Holm within family,LOCKED,fixed_0.5,-0.008424179490525065,-0.013939157333639512,-0.003209180279692633,-0.013096268991362773,-0.004071030780959909,0.998046875,0.0,-0.9164008310716023,1,9,0,1.0,INCONCLUSIVE
SAME_BUDGET_F1__CICIDS2017_COVERAGE_R1__b0.4__vs_Oort-Style-Adapted,SAME_BUDGET_F1,36,CICIDS2017_COVERAGE_R1,0.4,CB-Score minus Oort-Style-Adapted,F1,mean_delta <= 0,mean_delta > 0,exact paired sign-flip; 20000 paired bootstrap CI,Holm within family,LOCKED,fixed_0.5,7.219605302441106e-05,-0.001382103918979955,0.0019513748733855586,-0.0011422606443571462,0.0015531753712968667,0.490234375,0.0,0.025846293921921063,3,7,0,1.0,INCONCLUSIVE
SAME_BUDGET_F1__CICIDS2017_COVERAGE_R1__b0.6__vs_Utility-Only,SAME_BUDGET_F1,36,CICIDS2017_COVERAGE_R1,0.6,CB-Score minus Utility-Only,F1,mean_delta <= 0,mean_delta > 0,exact paired sign-flip; 20000 paired bootstrap CI,Holm within family,LOCKED,fixed_0.5,-0.0035174167975170097,-0.010666788642463015,0.0039280130665526975,-0.009643352680350768,0.002642571357266726,0.806640625,0.0,-0.2812128636139341,5,5,0,1.0,INCONCLUSIVE
SAME_BUDGET_F1__CICIDS2017_COVERAGE_R1__b0.6__vs_Utility-Cost-Ratio,SAME_BUDGET_F1,36,CICIDS2017_COVERAGE_R1,0.6,CB-Score minus Utility-Cost-Ratio,F1,mean_delta <= 0,mean_delta > 0,exact paired sign-flip; 20000 paired bootstrap CI,Holm within family,LOCKED,fixed_0.5,-0.0038637149180598624,-0.011190012160892607,0.0037035250015724545,-0.009944584585084175,0.002563770509445209,0.822265625,0.0,-0.30577132770233667,5,5,0,1.0,INCONCLUSIVE
SAME_BUDGET_F1__CICIDS2017_COVERAGE_R1__b0.6__vs_Oort-Style-Adapted,SAME_BUDGET_F1,36,CICIDS2017_COVERAGE_R1,0.6,CB-Score minus Oort-Style-Adapted,F1,mean_delta <= 0,mean_delta > 0,exact paired sign-flip; 20000 paired bootstrap CI,Holm within family,LOCKED,fixed_0.5,-0.001286481941736321,-0.00868712050850878,0.005980900478741954,-0.0076061705044698545,0.004831541579435882,0.5966796875,0.0,-0.10215121761564547,7,3,0,1.0,INCONCLUSIVE
SAME_BUDGET_F1__CICIDS2017_COVERAGE_R1__b0.8__vs_Utility-Only,SAME_BUDGET_F1,36,CICIDS2017_COVERAGE_R1,0.8,CB-Score minus Utility-Only,F1,mean_delta <= 0,mean_delta > 0,exact paired sign-flip; 20000 paired bootstrap CI,Holm within family,LOCKED,fixed_0.5,-0.035072321487375546,-0.11378756245995553,0.009304238758214239,-0.10935041885728265,0.007603208413294699,0.6513671875,0.0,-0.2916816830836867,5,5,0,1.0,INCONCLUSIVE
SAME_BUDGET_F1__CICIDS2017_COVERAGE_R1__b0.8__vs_Utility-Cost-Ratio,SAME_BUDGET_F1,36,CICIDS2017_COVERAGE_R1,0.8,CB-Score minus Utility-Cost-Ratio,F1,mean_delta <= 0,mean_delta > 0,exact paired sign-flip; 20000 paired bootstrap CI,Holm within family,LOCKED,fixed_0.5,-0.035167982147309165,-0.11388921343404905,0.009294552493460057,-0.10934378185271257,0.007573561299124031,0.6611328125,0.0,-0.2925540422338812,5,5,0,1.0,INCONCLUSIVE
SAME_BUDGET_F1__CICIDS2017_COVERAGE_R1__b0.8__vs_Oort-Style-Adapted,SAME_BUDGET_F1,36,CICIDS2017_COVERAGE_R1,0.8,CB-Score minus Oort-Style-Adapted,F1,mean_delta <= 0,mean_delta > 0,exact paired sign-flip; 20000 paired bootstrap CI,Holm within family,LOCKED,fixed_0.5,0.0035993824113086394,-0.00425859380264485,0.011603768034109922,-0.0029085005825617676,0.010273177840680476,0.2548828125,0.0,0.2672529077638396,6,4,0,1.0,INCONCLUSIVE
SAME_BUDGET_F1__CICIDS2017_COVERAGE_R1__b1.0__vs_Utility-Only,SAME_BUDGET_F1,36,CICIDS2017_COVERAGE_R1,1.0,CB-Score minus Utility-Only,F1,mean_delta <= 0,mean_delta > 0,exact paired sign-flip; 20000 paired bootstrap CI,Holm within family,LOCKED,fixed_0.5,-0.001862452593116689,-0.007750835817503372,0.00357797281311539,-0.006769557007603109,0.00276176290763598,0.705078125,0.0,-0.192031813707732,4,6,0,1.0,INCONCLUSIVE
SAME_BUDGET_F1__CICIDS2017_COVERAGE_R1__b1.0__vs_Utility-Cost-Ratio,SAME_BUDGET_F1,36,CICIDS2017_COVERAGE_R1,1.0,CB-Score minus Utility-Cost-Ratio,F1,mean_delta <= 0,mean_delta > 0,exact paired sign-flip; 20000 paired bootstrap CI,Holm within family,LOCKED,fixed_0.5,-0.001862452593116689,-0.007808102159226509,0.0037803938748181267,-0.006777613268198746,0.002930226025753543,0.705078125,0.0,-0.192031813707732,4,6,0,1.0,INCONCLUSIVE
SAME_BUDGET_F1__CICIDS2017_COVERAGE_R1__b1.0__vs_Oort-Style-Adapted,SAME_BUDGET_F1,36,CICIDS2017_COVERAGE_R1,1.0,CB-Score minus Oort-Style-Adapted,F1,mean_delta <= 0,mean_delta > 0,exact paired sign-flip; 20000 paired bootstrap CI,Holm within family,LOCKED,fixed_0.5,-0.001862452593116689,-0.007699024689108525,0.003563892544324025,-0.006768033352109459,0.0027717881381637824,0.705078125,0.0,-0.192031813707732,4,6,0,1.0,INCONCLUSIVE
SAME_BUDGET_F1__CICIoT2023_R1__b0.1__vs_Utility-Only,SAME_BUDGET_F1,36,CICIoT2023_R1,0.1,CB-Score minus Utility-Only,F1,mean_delta <= 0,mean_delta > 0,exact paired sign-flip; 20000 paired bootstrap CI,Holm within family,LOCKED,fixed_0.5,0.00541060142689771,-0.014072592565493737,0.030807135722915185,-0.011738713945881985,0.026046993163289747,0.38671875,0.0,0.13868870565549773,4,5,1,1.0,INCONCLUSIVE
SAME_BUDGET_F1__CICIoT2023_R1__b0.1__vs_Utility-Cost-Ratio,SAME_BUDGET_F1,36,CICIoT2023_R1,0.1,CB-Score minus Utility-Cost-Ratio,F1,mean_delta <= 0,mean_delta > 0,exact paired sign-flip; 20000 paired bootstrap CI,Holm within family,LOCKED,fixed_0.5,0.008180311590871459,-0.011914052140764382,0.03316459258664593,-0.009471726907621358,0.02874365322971447,0.310546875,0.0,0.2102953432795653,5,4,1,1.0,INCONCLUSIVE
SAME_BUDGET_F1__CICIoT2023_R1__b0.1__vs_Oort-Style-Adapted,SAME_BUDGET_F1,36,CICIoT2023_R1,0.1,CB-Score minus Oort-Style-Adapted,F1,mean_delta <= 0,mean_delta > 0,exact paired sign-flip; 20000 paired bootstrap CI,Holm within family,LOCKED,fixed_0.5,0.013705406126764786,-0.004178141219954468,0.03704101639205683,-0.0022283274034328978,0.032902715498962315,0.158203125,0.0,0.3812470730713341,4,5,1,1.0,INCONCLUSIVE
SAME_BUDGET_F1__CICIoT2023_R1__b0.2__vs_Utility-Only,SAME_BUDGET_F1,36,CICIoT2023_R1,0.2,CB-Score minus Utility-Only,F1,mean_delta <= 0,mean_delta > 0,exact paired sign-flip; 20000 paired bootstrap CI,Holm within family,LOCKED,fixed_0.5,0.030927125503693986,0.018468731635931525,0.043365563120657605,0.0204403043089194,0.04138856751520662,0.001953125,0.0,1.464508757296474,9,1,0,0.0703125,INCONCLUSIVE
SAME_BUDGET_F1__CICIoT2023_R1__b0.2__vs_Utility-Cost-Ratio,SAME_BUDGET_F1,36,CICIoT2023_R1,0.2,CB-Score minus Utility-Cost-Ratio,F1,mean_delta <= 0,mean_delta > 0,exact paired sign-flip; 20000 paired bootstrap CI,Holm within family,LOCKED,fixed_0.5,0.026711790952542447,0.012460361045447727,0.041186635513523806,0.014630694334240158,0.03893488833682551,0.00390625,0.0,1.095538064011492,8,2,0,0.13671875,INCONCLUSIVE
SAME_BUDGET_F1__CICIoT2023_R1__b0.2__vs_Oort-Style-Adapted,SAME_BUDGET_F1,36,CICIoT2023_R1,0.2,CB-Score minus Oort-Style-Adapted,F1,mean_delta <= 0,mean_delta > 0,exact paired sign-flip; 20000 paired bootstrap CI,Holm within family,LOCKED,fixed_0.5,0.010000816397725432,-0.0011243060900468119,0.02284044107548986,0.00036033521946719863,0.020675803303548686,0.0888671875,0.0,0.4825835142757126,5,5,0,1.0,INCONCLUSIVE
SAME_BUDGET_F1__CICIoT2023_R1__b0.4__vs_Utility-Only,SAME_BUDGET_F1,36,CICIoT2023_R1,0.4,CB-Score minus Utility-Only,F1,mean_delta <= 0,mean_delta > 0,exact paired sign-flip; 20000 paired bootstrap CI,Holm within family,LOCKED,fixed_0.5,-0.00416150766418123,-0.009537605193661251,-0.00011618005978816074,-0.00851455261051356,-0.0005656067715115964,0.9287109375,0.0,-0.5145570148874132,5,5,0,1.0,INCONCLUSIVE
SAME_BUDGET_F1__CICIoT2023_R1__b0.4__vs_Utility-Cost-Ratio,SAME_BUDGET_F1,36,CICIoT2023_R1,0.4,CB-Score minus Utility-Cost-Ratio,F1,mean_delta <= 0,mean_delta > 0,exact paired sign-flip; 20000 paired bootstrap CI,Holm within family,LOCKED,fixed_0.5,-0.00416150766418123,-0.009495859638111512,-9.595100872149543e-05,-0.008555798213189645,-0.0005322813189664208,0.9287109375,0.0,-0.5145570148874132,5,5,0,1.0,INCONCLUSIVE
SAME_BUDGET_F1__CICIoT2023_R1__b0.4__vs_Oort-Style-Adapted,SAME_BUDGET_F1,36,CICIoT2023_R1,0.4,CB-Score minus Oort-Style-Adapted,F1,mean_delta <= 0,mean_delta > 0,exact paired sign-flip; 20000 paired bootstrap CI,Holm within family,LOCKED,fixed_0.5,0.0027014502803494934,-0.0016122824011916088,0.008382914379718553,-0.0011567272069586039,0.007295896944047431,0.2158203125,0.0,0.31087647872446655,5,5,0,1.0,INCONCLUSIVE
SAME_BUDGET_F1__CICIoT2023_R1__b0.6__vs_Utility-Only,SAME_BUDGET_F1,36,CICIoT2023_R1,0.6,CB-Score minus Utility-Only,F1,mean_delta <= 0,mean_delta > 0,exact paired sign-flip; 20000 paired bootstrap CI,Holm within family,LOCKED,fixed_0.5,0.004598383407612894,-0.0009393651563768531,0.011806289226929063,-0.0003125228046501027,0.01049432225003586,0.1083984375,0.0,0.41835469410856896,5,5,0,1.0,INCONCLUSIVE
SAME_BUDGET_F1__CICIoT2023_R1__b0.6__vs_Utility-Cost-Ratio,SAME_BUDGET_F1,36,CICIoT2023_R1,0.6,CB-Score minus Utility-Cost-Ratio,F1,mean_delta <= 0,mean_delta > 0,exact paired sign-flip; 20000 paired bootstrap CI,Holm within family,LOCKED,fixed_0.5,0.004259749637330246,-0.0009850891630288994,0.011276375874730992,-0.0004222713405027445,0.010079237115160001,0.1328125,0.0,0.3934551977746342,5,5,0,1.0,INCONCLUSIVE
SAME_BUDGET_F1__CICIoT2023_R1__b0.6__vs_Oort-Style-Adapted,SAME_BUDGET_F1,36,CICIoT2023_R1,0.6,CB-Score minus Oort-Style-Adapted,F1,mean_delta <= 0,mean_delta > 0,exact paired sign-flip; 20000 paired bootstrap CI,Holm within family,LOCKED,fixed_0.5,0.0024230485169383863,-0.0023247625355029425,0.008651295016117935,-0.0018117557200103118,0.007572495325838694,0.2646484375,0.0,0.2557233054521891,5,5,0,1.0,INCONCLUSIVE
SAME_BUDGET_F1__CICIoT2023_R1__b0.8__vs_Utility-Only,SAME_BUDGET_F1,36,CICIoT2023_R1,0.8,CB-Score minus Utility-Only,F1,mean_delta <= 0,mean_delta > 0,exact paired sign-flip; 20000 paired bootstrap CI,Holm within family,LOCKED,fixed_0.5,0.004718146095691067,-0.002358752402893388,0.011314532000749814,-0.00124852980341059,0.01034777266147353,0.1025390625,0.0,0.4024742054649077,6,4,0,1.0,INCONCLUSIVE
SAME_BUDGET_F1__CICIoT2023_R1__b0.8__vs_Utility-Cost-Ratio,SAME_BUDGET_F1,36,CICIoT2023_R1,0.8,CB-Score minus Utility-Cost-Ratio,F1,mean_delta <= 0,mean_delta > 0,exact paired sign-flip; 20000 paired bootstrap CI,Holm within family,LOCKED,fixed_0.5,0.004718146095691067,-0.0021955978095415003,0.01132999344800767,-0.001184203022381725,0.010363480751913023,0.1025390625,0.0,0.4024742054649077,6,4,0,1.0,INCONCLUSIVE
SAME_BUDGET_F1__CICIoT2023_R1__b0.8__vs_Oort-Style-Adapted,SAME_BUDGET_F1,36,CICIoT2023_R1,0.8,CB-Score minus Oort-Style-Adapted,F1,mean_delta <= 0,mean_delta > 0,exact paired sign-flip; 20000 paired bootstrap CI,Holm within family,LOCKED,fixed_0.5,0.004788927375063301,-0.0015946062879502972,0.010904735266859842,-0.0005791512850793068,0.010028791390464458,0.09765625,0.0,0.45140921527432715,7,3,0,1.0,INCONCLUSIVE
SAME_BUDGET_F1__CICIoT2023_R1__b1.0__vs_Utility-Only,SAME_BUDGET_F1,36,CICIoT2023_R1,1.0,CB-Score minus Utility-Only,F1,mean_delta <= 0,mean_delta > 0,exact paired sign-flip; 20000 paired bootstrap CI,Holm within family,LOCKED,fixed_0.5,0.009324289139605813,0.0009257771744994631,0.01957567016276953,0.002019936721725596,0.017683229560958188,0.044921875,0.0,0.5870727354228983,6,4,0,1.0,INCONCLUSIVE
SAME_BUDGET_F1__CICIoT2023_R1__b1.0__vs_Utility-Cost-Ratio,SAME_BUDGET_F1,36,CICIoT2023_R1,1.0,CB-Score minus Utility-Cost-Ratio,F1,mean_delta <= 0,mean_delta > 0,exact paired sign-flip; 20000 paired bootstrap CI,Holm within family,LOCKED,fixed_0.5,0.009324289139605813,0.0008820248424776044,0.019339126417666077,0.0019744509818102277,0.0176731528645835,0.044921875,0.0,0.5870727354228983,6,4,0,1.0,INCONCLUSIVE
SAME_BUDGET_F1__CICIoT2023_R1__b1.0__vs_Oort-Style-Adapted,SAME_BUDGET_F1,36,CICIoT2023_R1,1.0,CB-Score minus Oort-Style-Adapted,F1,mean_delta <= 0,mean_delta > 0,exact paired sign-flip; 20000 paired bootstrap CI,Holm within family,LOCKED,fixed_0.5,0.009324289139605813,0.0008612724510515658,0.019427991330575867,0.0019852179354373648,0.017703485680618348,0.044921875,0.0,0.5870727354228983,6,4,0,1.0,INCONCLUSIVE
SAME_BUDGET_PRAUC__CICIDS2017_COVERAGE_R1__b0.1__vs_Utility-Only,SAME_BUDGET_PRAUC,36,CICIDS2017_COVERAGE_R1,0.1,CB-Score minus Utility-Only,PR-AUC,mean_delta <= 0,mean_delta > 0,exact paired sign-flip; 20000 paired bootstrap CI,Holm within family,LOCKED,fixed_0.5,0.021924215455558164,-0.022937830958810704,0.0848017494062089,-0.018112562192612,0.07457196342456007,0.33203125,0.0,0.23281603194799083,5,5,0,1.0,INCONCLUSIVE
SAME_BUDGET_PRAUC__CICIDS2017_COVERAGE_R1__b0.1__vs_Utility-Cost-Ratio,SAME_BUDGET_PRAUC,36,CICIDS2017_COVERAGE_R1,0.1,CB-Score minus Utility-Cost-Ratio,PR-AUC,mean_delta <= 0,mean_delta > 0,exact paired sign-flip; 20000 paired bootstrap CI,Holm within family,LOCKED,fixed_0.5,0.021924215455558164,-0.022503525956035657,0.08414623803185604,-0.017644368852415052,0.07371026084065314,0.33203125,0.0,0.23281603194799083,5,5,0,1.0,INCONCLUSIVE
SAME_BUDGET_PRAUC__CICIDS2017_COVERAGE_R1__b0.1__vs_Oort-Style-Adapted,SAME_BUDGET_PRAUC,36,CICIDS2017_COVERAGE_R1,0.1,CB-Score minus Oort-Style-Adapted,PR-AUC,mean_delta <= 0,mean_delta > 0,exact paired sign-flip; 20000 paired bootstrap CI,Holm within family,LOCKED,fixed_0.5,0.025640230773471617,-0.015689776210083564,0.08534795787532982,-0.0119398554926605,0.07666712055830781,0.2734375,0.0,0.2822624660701137,3,7,0,1.0,INCONCLUSIVE
SAME_BUDGET_PRAUC__CICIDS2017_COVERAGE_R1__b0.2__vs_Utility-Only,SAME_BUDGET_PRAUC,36,CICIDS2017_COVERAGE_R1,0.2,CB-Score minus Utility-Only,PR-AUC,mean_delta <= 0,mean_delta > 0,exact paired sign-flip; 20000 paired bootstrap CI,Holm within family,LOCKED,fixed_0.5,-0.0863032200335183,-0.18001723393918373,-0.004008736421166172,-0.16362975348643755,-0.020613388225179836,0.927734375,0.0,-0.5904274676230492,4,6,0,1.0,INCONCLUSIVE
SAME_BUDGET_PRAUC__CICIDS2017_COVERAGE_R1__b0.2__vs_Utility-Cost-Ratio,SAME_BUDGET_PRAUC,36,CICIDS2017_COVERAGE_R1,0.2,CB-Score minus Utility-Cost-Ratio,PR-AUC,mean_delta <= 0,mean_delta > 0,exact paired sign-flip; 20000 paired bootstrap CI,Holm within family,LOCKED,fixed_0.5,-0.0662781209260396,-0.157486976068796,0.002587389729951791,-0.14111899802100136,-0.001077595985276869,0.8994140625,0.0,-0.475861806005807,4,6,0,1.0,INCONCLUSIVE
SAME_BUDGET_PRAUC__CICIDS2017_COVERAGE_R1__b0.2__vs_Oort-Style-Adapted,SAME_BUDGET_PRAUC,36,CICIDS2017_COVERAGE_R1,0.2,CB-Score minus Oort-Style-Adapted,PR-AUC,mean_delta <= 0,mean_delta > 0,exact paired sign-flip; 20000 paired bootstrap CI,Holm within family,LOCKED,fixed_0.5,-0.07466249219182029,-0.13726541066082062,-0.01569209832919751,-0.1266571828612551,-0.026342618771971173,0.9482421875,0.0,-0.7273801367668851,4,6,0,1.0,INCONCLUSIVE
SAME_BUDGET_PRAUC__CICIDS2017_COVERAGE_R1__b0.4__vs_Utility-Only,SAME_BUDGET_PRAUC,36,CICIDS2017_COVERAGE_R1,0.4,CB-Score minus Utility-Only,PR-AUC,mean_delta <= 0,mean_delta > 0,exact paired sign-flip; 20000 paired bootstrap CI,Holm within family,LOCKED,fixed_0.5,-0.010430556733895674,-0.026497932608790496,0.0025935655740561034,-0.023675165869196466,0.0011634678669087807,0.8544921875,0.0,-0.4133146922939544,3,7,0,1.0,INCONCLUSIVE
SAME_BUDGET_PRAUC__CICIDS2017_COVERAGE_R1__b0.4__vs_Utility-Cost-Ratio,SAME_BUDGET_PRAUC,36,CICIDS2017_COVERAGE_R1,0.4,CB-Score minus Utility-Cost-Ratio,PR-AUC,mean_delta <= 0,mean_delta > 0,exact paired sign-flip; 20000 paired bootstrap CI,Holm within family,LOCKED,fixed_0.5,-0.021723995411501093,-0.04725273584493426,-0.0006820767252063168,-0.04262623017876906,-0.0034414303696324237,0.9345703125,0.0,-0.539625771767801,2,8,0,1.0,INCONCLUSIVE
SAME_BUDGET_PRAUC__CICIDS2017_COVERAGE_R1__b0.4__vs_Oort-Style-Adapted,SAME_BUDGET_PRAUC,36,CICIDS2017_COVERAGE_R1,0.4,CB-Score minus Oort-Style-Adapted,PR-AUC,mean_delta <= 0,mean_delta > 0,exact paired sign-flip; 20000 paired bootstrap CI,Holm within family,LOCKED,fixed_0.5,0.001589384475116365,-0.0037247978057075664,0.007148253084761813,-0.00285678525873713,0.0061863283223312845,0.2998046875,0.0,0.17192158233888702,5,5,0,1.0,INCONCLUSIVE
SAME_BUDGET_PRAUC__CICIDS2017_COVERAGE_R1__b0.6__vs_Utility-Only,SAME_BUDGET_PRAUC,36,CICIDS2017_COVERAGE_R1,0.6,CB-Score minus Utility-Only,PR-AUC,mean_delta <= 0,mean_delta > 0,exact paired sign-flip; 20000 paired bootstrap CI,Holm within family,LOCKED,fixed_0.5,-0.01539704408598119,-0.027941237335067596,-0.0039931719320829145,-0.02584893966784915,-0.0057158550747492065,0.9775390625,0.0,-0.7582710620414665,3,7,0,1.0,INCONCLUSIVE
SAME_BUDGET_PRAUC__CICIDS2017_COVERAGE_R1__b0.6__vs_Utility-Cost-Ratio,SAME_BUDGET_PRAUC,36,CICIDS2017_COVERAGE_R1,0.6,CB-Score minus Utility-Cost-Ratio,PR-AUC,mean_delta <= 0,mean_delta > 0,exact paired sign-flip; 20000 paired bootstrap CI,Holm within family,LOCKED,fixed_0.5,-0.015146794072242639,-0.027538690493811538,-0.0035822761155644865,-0.0254864230664562,-0.005310303945620297,0.9775390625,0.0,-0.7431310758927154,3,7,0,1.0,INCONCLUSIVE
SAME_BUDGET_PRAUC__CICIDS2017_COVERAGE_R1__b0.6__vs_Oort-Style-Adapted,SAME_BUDGET_PRAUC,36,CICIDS2017_COVERAGE_R1,0.6,CB-Score minus Oort-Style-Adapted,PR-AUC,mean_delta <= 0,mean_delta > 0,exact paired sign-flip; 20000 paired bootstrap CI,Holm within family,LOCKED,fixed_0.5,-0.013134626574674065,-0.02927823964831657,0.0013552703093596464,-0.026649894023638154,-0.0005908469657250866,0.9287109375,0.0,-0.5012063108572322,3,7,0,1.0,INCONCLUSIVE
SAME_BUDGET_PRAUC__CICIDS2017_COVERAGE_R1__b0.8__vs_Utility-Only,SAME_BUDGET_PRAUC,36,CICIDS2017_COVERAGE_R1,0.8,CB-Score minus Utility-Only,PR-AUC,mean_delta <= 0,mean_delta > 0,exact paired sign-flip; 20000 paired bootstrap CI,Holm within family,LOCKED,fixed_0.5,-0.01399134970130846,-0.04323804432764296,0.005711796440661017,-0.03934338877205825,0.0039644723895733295,0.7890625,0.0,-0.3166722186674908,3,7,0,1.0,INCONCLUSIVE
SAME_BUDGET_PRAUC__CICIDS2017_COVERAGE_R1__b0.8__vs_Utility-Cost-Ratio,SAME_BUDGET_PRAUC,36,CICIDS2017_COVERAGE_R1,0.8,CB-Score minus Utility-Cost-Ratio,PR-AUC,mean_delta <= 0,mean_delta > 0,exact paired sign-flip; 20000 paired bootstrap CI,Holm within family,LOCKED,fixed_0.5,-0.013816711127887803,-0.043420022928223036,0.0057657142028614645,-0.03916224707876715,0.00399691721702842,0.7802734375,0.0,-0.31228862045979255,4,6,0,1.0,INCONCLUSIVE
SAME_BUDGET_PRAUC__CICIDS2017_COVERAGE_R1__b0.8__vs_Oort-Style-Adapted,SAME_BUDGET_PRAUC,36,CICIDS2017_COVERAGE_R1,0.8,CB-Score minus Oort-Style-Adapted,PR-AUC,mean_delta <= 0,mean_delta > 0,exact paired sign-flip; 20000 paired bootstrap CI,Holm within family,LOCKED,fixed_0.5,-0.006102414744499451,-0.02511610932256395,0.007988933680314147,-0.02168002600963508,0.006436483474620496,0.654296875,0.0,-0.2117427518630205,4,6,0,1.0,INCONCLUSIVE
SAME_BUDGET_PRAUC__CICIDS2017_COVERAGE_R1__b1.0__vs_Utility-Only,SAME_BUDGET_PRAUC,36,CICIDS2017_COVERAGE_R1,1.0,CB-Score minus Utility-Only,PR-AUC,mean_delta <= 0,mean_delta > 0,exact paired sign-flip; 20000 paired bootstrap CI,Holm within family,LOCKED,fixed_0.5,-0.008738834683006336,-0.035333207890895085,0.010302031627080854,-0.03084104444841901,0.007783062090808904,0.693359375,0.0,-0.21972613926602066,4,6,0,1.0,INCONCLUSIVE
SAME_BUDGET_PRAUC__CICIDS2017_COVERAGE_R1__b1.0__vs_Utility-Cost-Ratio,SAME_BUDGET_PRAUC,36,CICIDS2017_COVERAGE_R1,1.0,CB-Score minus Utility-Cost-Ratio,PR-AUC,mean_delta <= 0,mean_delta > 0,exact paired sign-flip; 20000 paired bootstrap CI,Holm within family,LOCKED,fixed_0.5,-0.008738834683006336,-0.03521287657516084,0.010332293258101838,-0.0305483511527668,0.008062352326153899,0.693359375,0.0,-0.21972613926602066,4,6,0,1.0,INCONCLUSIVE
SAME_BUDGET_PRAUC__CICIDS2017_COVERAGE_R1__b1.0__vs_Oort-Style-Adapted,SAME_BUDGET_PRAUC,36,CICIDS2017_COVERAGE_R1,1.0,CB-Score minus Oort-Style-Adapted,PR-AUC,mean_delta <= 0,mean_delta > 0,exact paired sign-flip; 20000 paired bootstrap CI,Holm within family,LOCKED,fixed_0.5,-0.008738834683006336,-0.035594809944501156,0.010053057623966634,-0.03136291776404853,0.007738946416489065,0.693359375,0.0,-0.21972613926602066,4,6,0,1.0,INCONCLUSIVE
SAME_BUDGET_PRAUC__CICIoT2023_R1__b0.1__vs_Utility-Only,SAME_BUDGET_PRAUC,36,CICIoT2023_R1,0.1,CB-Score minus Utility-Only,PR-AUC,mean_delta <= 0,mean_delta > 0,exact paired sign-flip; 20000 paired bootstrap CI,Holm within family,LOCKED,fixed_0.5,-0.0007529343323209314,-0.001825959501028568,0.0003260597018744052,-0.0016603752253676407,0.00015746703764127728,0.892578125,0.0,-0.40755555355382944,4,5,1,1.0,INCONCLUSIVE
SAME_BUDGET_PRAUC__CICIoT2023_R1__b0.1__vs_Utility-Cost-Ratio,SAME_BUDGET_PRAUC,36,CICIoT2023_R1,0.1,CB-Score minus Utility-Cost-Ratio,PR-AUC,mean_delta <= 0,mean_delta > 0,exact paired sign-flip; 20000 paired bootstrap CI,Holm within family,LOCKED,fixed_0.5,-0.0007834890773913417,-0.0018449719554361256,0.00026989126285925646,-0.0016853194025884,0.00010356521657792176,0.892578125,0.0,-0.43159619194922144,4,5,1,1.0,INCONCLUSIVE
SAME_BUDGET_PRAUC__CICIoT2023_R1__b0.1__vs_Oort-Style-Adapted,SAME_BUDGET_PRAUC,36,CICIoT2023_R1,0.1,CB-Score minus Oort-Style-Adapted,PR-AUC,mean_delta <= 0,mean_delta > 0,exact paired sign-flip; 20000 paired bootstrap CI,Holm within family,LOCKED,fixed_0.5,0.015616562713956783,-0.0013858937164498042,0.04811461383639971,-0.0011189473351331048,0.047425583073828825,0.337890625,0.0,0.3082962734134942,6,3,1,1.0,INCONCLUSIVE
SAME_BUDGET_PRAUC__CICIoT2023_R1__b0.2__vs_Utility-Only,SAME_BUDGET_PRAUC,36,CICIoT2023_R1,0.2,CB-Score minus Utility-Only,PR-AUC,mean_delta <= 0,mean_delta > 0,exact paired sign-flip; 20000 paired bootstrap CI,Holm within family,LOCKED,fixed_0.5,0.0014515866388603027,0.00034178520184407254,0.0024989037440618493,0.0005309963902435278,0.0023447161258041433,0.01953125,0.0,0.7899338195539388,8,2,0,0.6640625,INCONCLUSIVE
SAME_BUDGET_PRAUC__CICIoT2023_R1__b0.2__vs_Utility-Cost-Ratio,SAME_BUDGET_PRAUC,36,CICIoT2023_R1,0.2,CB-Score minus Utility-Cost-Ratio,PR-AUC,mean_delta <= 0,mean_delta > 0,exact paired sign-flip; 20000 paired bootstrap CI,Holm within family,LOCKED,fixed_0.5,0.0014553607728741036,0.00046705150877074636,0.002445381627937942,0.0006228299784629199,0.0022832649369015634,0.013671875,0.0,0.8658230213942,8,2,0,0.4921875,INCONCLUSIVE
SAME_BUDGET_PRAUC__CICIoT2023_R1__b0.2__vs_Oort-Style-Adapted,SAME_BUDGET_PRAUC,36,CICIoT2023_R1,0.2,CB-Score minus Oort-Style-Adapted,PR-AUC,mean_delta <= 0,mean_delta > 0,exact paired sign-flip; 20000 paired bootstrap CI,Holm within family,LOCKED,fixed_0.5,0.000844021113765725,0.0002649391846835167,0.0014483682553240766,0.00035377743384993997,0.001349510914622368,0.0166015625,0.0,0.8329241071692414,7,3,0,0.5810546875,INCONCLUSIVE
SAME_BUDGET_PRAUC__CICIoT2023_R1__b0.4__vs_Utility-Only,SAME_BUDGET_PRAUC,36,CICIoT2023_R1,0.4,CB-Score minus Utility-Only,PR-AUC,mean_delta <= 0,mean_delta > 0,exact paired sign-flip; 20000 paired bootstrap CI,Holm within family,LOCKED,fixed_0.5,7.071540457264103e-05,-0.00012823006857390324,0.00026558681433994476,-9.695203011183263e-05,0.00023615229574330753,0.259765625,0.0,0.20999250579332795,6,4,0,1.0,INCONCLUSIVE
SAME_BUDGET_PRAUC__CICIoT2023_R1__b0.4__vs_Utility-Cost-Ratio,SAME_BUDGET_PRAUC,36,CICIoT2023_R1,0.4,CB-Score minus Utility-Cost-Ratio,PR-AUC,mean_delta <= 0,mean_delta > 0,exact paired sign-flip; 20000 paired bootstrap CI,Holm within family,LOCKED,fixed_0.5,7.071540457264103e-05,-0.000130910823935364,0.00026761518614505815,-9.80092017348888e-05,0.00023668101032041643,0.259765625,0.0,0.20999250579332795,6,4,0,1.0,INCONCLUSIVE
SAME_BUDGET_PRAUC__CICIoT2023_R1__b0.4__vs_Oort-Style-Adapted,SAME_BUDGET_PRAUC,36,CICIoT2023_R1,0.4,CB-Score minus Oort-Style-Adapted,PR-AUC,mean_delta <= 0,mean_delta > 0,exact paired sign-flip; 20000 paired bootstrap CI,Holm within family,LOCKED,fixed_0.5,0.00018317206172512311,-0.0006600346160591352,0.001190479811110004,-0.0005061330345566773,0.0009540000153687705,0.341796875,0.0,0.11830246169059705,6,4,0,1.0,INCONCLUSIVE
SAME_BUDGET_PRAUC__CICIoT2023_R1__b0.6__vs_Utility-Only,SAME_BUDGET_PRAUC,36,CICIoT2023_R1,0.6,CB-Score minus Utility-Only,PR-AUC,mean_delta <= 0,mean_delta > 0,exact paired sign-flip; 20000 paired bootstrap CI,Holm within family,LOCKED,fixed_0.5,-5.683780838333652e-05,-0.0008718240717465447,0.0006743096006186944,-0.0007215710686772037,0.0005626310611497387,0.56640625,0.0,-0.04343979838607956,5,5,0,1.0,INCONCLUSIVE
SAME_BUDGET_PRAUC__CICIoT2023_R1__b0.6__vs_Utility-Cost-Ratio,SAME_BUDGET_PRAUC,36,CICIoT2023_R1,0.6,CB-Score minus Utility-Cost-Ratio,PR-AUC,mean_delta <= 0,mean_delta > 0,exact paired sign-flip; 20000 paired bootstrap CI,Holm within family,LOCKED,fixed_0.5,-9.644176148015937e-05,-0.0008852990300621639,0.0006347189799038718,-0.0007583625174445602,0.0005127454183296153,0.6083984375,0.0,-0.07428525511505682,5,5,0,1.0,INCONCLUSIVE
SAME_BUDGET_PRAUC__CICIoT2023_R1__b0.6__vs_Oort-Style-Adapted,SAME_BUDGET_PRAUC,36,CICIoT2023_R1,0.6,CB-Score minus Oort-Style-Adapted,PR-AUC,mean_delta <= 0,mean_delta > 0,exact paired sign-flip; 20000 paired bootstrap CI,Holm within family,LOCKED,fixed_0.5,-0.00011506883714280658,-0.001078414014683675,0.0007401464747651541,-0.0009074609643090752,0.0006104495436843294,0.5830078125,0.0,-0.07436896279363843,4,6,0,1.0,INCONCLUSIVE
SAME_BUDGET_PRAUC__CICIoT2023_R1__b0.8__vs_Utility-Only,SAME_BUDGET_PRAUC,36,CICIoT2023_R1,0.8,CB-Score minus Utility-Only,PR-AUC,mean_delta <= 0,mean_delta > 0,exact paired sign-flip; 20000 paired bootstrap CI,Holm within family,LOCKED,fixed_0.5,-1.810275429269259e-05,-0.0006797887808219056,0.0006035295646727022,-0.0005652542503293195,0.0005166975014692548,0.5224609375,0.0,-0.01655075370607285,6,4,0,1.0,INCONCLUSIVE
SAME_BUDGET_PRAUC__CICIoT2023_R1__b0.8__vs_Utility-Cost-Ratio,SAME_BUDGET_PRAUC,36,CICIoT2023_R1,0.8,CB-Score minus Utility-Cost-Ratio,PR-AUC,mean_delta <= 0,mean_delta > 0,exact paired sign-flip; 20000 paired bootstrap CI,Holm within family,LOCKED,fixed_0.5,-1.810275429269259e-05,-0.0006780341420753613,0.0006029333603089817,-0.0005654655506817657,0.000516041566190058,0.5224609375,0.0,-0.01655075370607285,6,4,0,1.0,INCONCLUSIVE
SAME_BUDGET_PRAUC__CICIoT2023_R1__b0.8__vs_Oort-Style-Adapted,SAME_BUDGET_PRAUC,36,CICIoT2023_R1,0.8,CB-Score minus Oort-Style-Adapted,PR-AUC,mean_delta <= 0,mean_delta > 0,exact paired sign-flip; 20000 paired bootstrap CI,Holm within family,LOCKED,fixed_0.5,-0.00010178860789934463,-0.0006982985922068135,0.0004251495515159838,-0.0005898919586016293,0.0003480644877507737,0.6279296875,0.0,-0.10661070431395892,5,5,0,1.0,INCONCLUSIVE
SAME_BUDGET_PRAUC__CICIoT2023_R1__b1.0__vs_Utility-Only,SAME_BUDGET_PRAUC,36,CICIoT2023_R1,1.0,CB-Score minus Utility-Only,PR-AUC,mean_delta <= 0,mean_delta > 0,exact paired sign-flip; 20000 paired bootstrap CI,Holm within family,LOCKED,fixed_0.5,0.0004431622134021485,-0.0003250903143753356,0.0013040583020794804,-0.00021642939134840445,0.00115725335820972,0.1806640625,0.0,0.3174773857421331,6,4,0,1.0,INCONCLUSIVE
SAME_BUDGET_PRAUC__CICIoT2023_R1__b1.0__vs_Utility-Cost-Ratio,SAME_BUDGET_PRAUC,36,CICIoT2023_R1,1.0,CB-Score minus Utility-Cost-Ratio,PR-AUC,mean_delta <= 0,mean_delta > 0,exact paired sign-flip; 20000 paired bootstrap CI,Holm within family,LOCKED,fixed_0.5,0.0004431622134021485,-0.00033201627888153725,0.0013072415764462386,-0.00021908052734409262,0.0011648540595067137,0.1806640625,0.0,0.3174773857421331,6,4,0,1.0,INCONCLUSIVE
SAME_BUDGET_PRAUC__CICIoT2023_R1__b1.0__vs_Oort-Style-Adapted,SAME_BUDGET_PRAUC,36,CICIoT2023_R1,1.0,CB-Score minus Oort-Style-Adapted,PR-AUC,mean_delta <= 0,mean_delta > 0,exact paired sign-flip; 20000 paired bootstrap CI,Holm within family,LOCKED,fixed_0.5,0.0004431622134021485,-0.0003269481364781168,0.0013139941886283531,-0.0002174545012047807,0.0011610239595854527,0.1806640625,0.0,0.3174773857421331,6,4,0,1.0,INCONCLUSIVE
