cell_id,dataset,seed,method,beta,full_threshold,accuracy,balanced_accuracy,precision,recall,f1,fpr,false_positives,false_negatives,true_positives,true_negatives,false_positives_per_10000_benign,threshold,roc_auc,pr_auc
PRIMARY__CICIDS2017_COVERAGE_R1__Full-Contextual__seed42,CICIDS2017_COVERAGE_R1,42,Full-Contextual,,0.45,0.760653362657594,0.49758267286195607,0.06346749226006192,0.001369222548757681,0.0026806145799280813,0.0062038768248455865,1815,89709,123,290744,62.03876824845587,0.45,0.31957465946622704,0.16884511379024328
PRIMARY__CICIDS2017_COVERAGE_R1__Random-Budget__b0.1__seed42,CICIDS2017_COVERAGE_R1,42,Random-Budget,0.1,0.45,0.7187381502179706,0.47022847652538524,0.007394640275770043,0.0014805414551607445,0.002467120517909811,0.061023588404390226,17853,89699,133,274706,610.2358840439023,0.45,0.2926976790500345,0.1627947971281397
PRIMARY__CICIDS2017_COVERAGE_R1__Cost-Only__b0.1__seed42,CICIDS2017_COVERAGE_R1,42,Cost-Only,0.1,0.45,0.7650781529900024,0.5001658461987752,0.5,0.000478671297533173,0.0009564269667919661,0.0001469788999825676,43,89789,43,292516,1.4697889998256761,0.45,0.3573091223354219,0.23073671144088564
PRIMARY__CICIDS2017_COVERAGE_R1__Utility-Only__b0.1__seed42,CICIDS2017_COVERAGE_R1,42,Utility-Only,0.1,0.45,0.7599342034723621,0.4971358235234688,0.05797752808988764,0.0014360138925995191,0.002802611425529835,0.007164366845661901,2096,89703,129,290463,71.64366845661901,0.45,0.330350915139557,0.16868815825558234
PRIMARY__CICIDS2017_COVERAGE_R1__Utility-Cost-Ratio__b0.1__seed42,CICIDS2017_COVERAGE_R1,42,Utility-Cost-Ratio,0.1,0.45,0.7599342034723621,0.4971358235234688,0.05797752808988764,0.0014360138925995191,0.002802611425529835,0.007164366845661901,2096,89703,129,290463,71.64366845661901,0.45,0.330350915139557,0.16868815825558234
PRIMARY__CICIDS2017_COVERAGE_R1__CB-Score__b0.1__seed42,CICIDS2017_COVERAGE_R1,42,CB-Score,0.1,0.45,0.7652062940811891,0.5002727313206875,1.0,0.0005454626413750112,0.001090330548169246,0.0,0,89783,49,292559,0.0,0.45,0.34080018127090217,0.23115878333411843
PRIMARY__CICIDS2017_COVERAGE_R1__Historical-DoubleCost__b0.1__seed42,CICIDS2017_COVERAGE_R1,42,Historical-DoubleCost,0.1,0.45,0.7652062940811891,0.5002727313206875,1.0,0.0005454626413750112,0.001090330548169246,0.0,0,89783,49,292559,0.0,0.45,0.34080018127090217,0.23115878333411843
PRIMARY__CICIDS2017_COVERAGE_R1__Oort-Style-Adapted__b0.1__seed42,CICIDS2017_COVERAGE_R1,42,Oort-Style-Adapted,0.1,0.45,0.7599342034723621,0.4971358235234688,0.05797752808988764,0.0014360138925995191,0.002802611425529835,0.007164366845661901,2096,89703,129,290463,71.64366845661901,0.45,0.330350915139557,0.16868815825558234
PRIMARY__CICIDS2017_COVERAGE_R1__Oracle-Score-Exact__b0.1__seed42,CICIDS2017_COVERAGE_R1,42,Oracle-Score-Exact,0.1,0.45,0.7652062940811891,0.5002727313206875,1.0,0.0005454626413750112,0.001090330548169246,0.0,0,89783,49,292559,0.0,0.45,0.34080018127090217,0.23115878333411843
PRIMARY__CICIDS2017_COVERAGE_R1__Random-Budget__b0.2__seed42,CICIDS2017_COVERAGE_R1,42,Random-Budget,0.2,0.45,0.7295778404826473,0.4770232510673788,0.004236359652326346,0.0006456496571377682,0.0011205239415395612,0.0465991475223801,13633,89774,58,278926,465.991475223801,0.45,0.3026093354848256,0.22887316604214172
PRIMARY__CICIDS2017_COVERAGE_R1__Cost-Only__b0.2__seed42,CICIDS2017_COVERAGE_R1,42,Cost-Only,0.2,0.45,0.7651984487082594,0.5002830317031323,0.8833333333333333,0.0005899902039362365,0.0011791928091487564,2.3926797671580777e-05,7,89779,53,292552,0.23926797671580774,0.45,0.3403611217331435,0.23039917501569104
PRIMARY__CICIDS2017_COVERAGE_R1__Utility-Only__b0.2__seed42,CICIDS2017_COVERAGE_R1,42,Utility-Only,0.2,0.45,0.6746837660928212,0.5826846676183148,0.34008475517228615,0.4091526404844599,0.37143521232087634,0.24378330524783035,71321,53077,36755,221238,2437.8330524783037,0.45,0.59342072495198,0.44812158468701857
PRIMARY__CICIDS2017_COVERAGE_R1__Utility-Cost-Ratio__b0.2__seed42,CICIDS2017_COVERAGE_R1,42,Utility-Cost-Ratio,0.2,0.45,0.6746837660928212,0.5826846676183148,0.34008475517228615,0.4091526404844599,0.37143521232087634,0.24378330524783035,71321,53077,36755,221238,2437.8330524783037,0.45,0.59342072495198,0.44812158468701857
PRIMARY__CICIDS2017_COVERAGE_R1__CB-Score__b0.2__seed42,CICIDS2017_COVERAGE_R1,42,CB-Score,0.2,0.45,0.6407080710581577,0.4262377436913393,0.03787702114427861,0.021696054857957076,0.02758903799331861,0.1692205674752785,49507,87883,1949,243052,1692.205674752785,0.45,0.36151218700722987,0.1765477912634069
PRIMARY__CICIDS2017_COVERAGE_R1__Historical-DoubleCost__b0.2__seed42,CICIDS2017_COVERAGE_R1,42,Historical-DoubleCost,0.2,0.45,0.7652036789568792,0.5005062924526713,0.6395348837209303,0.0012245079704336984,0.0024443358072974535,0.00021192306509114402,62,89722,110,292497,2.1192306509114403,0.45,0.31050599869547135,0.18886131560433106
PRIMARY__CICIDS2017_COVERAGE_R1__Oort-Style-Adapted__b0.2__seed42,CICIDS2017_COVERAGE_R1,42,Oort-Style-Adapted,0.2,0.45,0.6456532711282431,0.42946957043397926,0.03932210228992233,0.021696054857957076,0.027963299066694404,0.1627569139899986,47616,87883,1949,244943,1627.5691398999859,0.45,0.3807504237443844,0.1806156562730463
PRIMARY__CICIDS2017_COVERAGE_R1__Oracle-Score-Exact__b0.2__seed42,CICIDS2017_COVERAGE_R1,42,Oracle-Score-Exact,0.2,0.45,0.6206892944656124,0.6384781864580529,0.3431029877296778,0.6720322379552943,0.4542769531764396,0.3950758650391887,115583,29462,60370,176976,3950.758650391887,0.45,0.7246799627652722,0.6105741298509705
PRIMARY__CICIDS2017_COVERAGE_R1__Random-Budget__b0.4__seed42,CICIDS2017_COVERAGE_R1,42,Random-Budget,0.4,0.45,0.6676543119477184,0.4437553014573761,0.04683242506811989,0.021428889482589725,0.02940367813282825,0.1339182865678376,39179,87907,1925,253380,1339.182865678376,0.45,0.3323501598579814,0.17363168969973364
PRIMARY__CICIDS2017_COVERAGE_R1__Cost-Only__b0.4__seed42,CICIDS2017_COVERAGE_R1,42,Cost-Only,0.4,0.45,0.7651906033353295,0.5004977471677885,0.6214689265536724,0.0012245079704336984,0.002444200024442,0.00022901363485655884,67,89722,110,292492,2.2901363485655883,0.45,0.25806340643983827,0.22000962004863567
PRIMARY__CICIDS2017_COVERAGE_R1__Utility-Only__b0.4__seed42,CICIDS2017_COVERAGE_R1,42,Utility-Only,0.4,0.45,0.7651487613463706,0.5005436831346926,0.5584415584415584,0.0014360138925995191,0.002864661403684088,0.0003486476232144627,102,89703,129,292457,3.486476232144627,0.45,0.33602178065694527,0.18046527175680174
PRIMARY__CICIDS2017_COVERAGE_R1__Utility-Cost-Ratio__b0.4__seed42,CICIDS2017_COVERAGE_R1,42,Utility-Cost-Ratio,0.4,0.45,0.7651487613463706,0.5005436831346926,0.5584415584415584,0.0014360138925995191,0.002864661403684088,0.0003486476232144627,102,89703,129,292457,3.486476232144627,0.45,0.33602178065694527,0.18046527175680174
PRIMARY__CICIDS2017_COVERAGE_R1__CB-Score__b0.4__seed42,CICIDS2017_COVERAGE_R1,42,CB-Score,0.4,0.45,0.7651984487082594,0.500286888591476,0.8709677419354839,0.0006011220945765428,0.0012014149998887578,2.7344911624663742e-05,8,89778,54,292551,0.2734491162466374,0.45,0.3341347119417919,0.19836394098322432
PRIMARY__CICIDS2017_COVERAGE_R1__Historical-DoubleCost__b0.4__seed42,CICIDS2017_COVERAGE_R1,42,Historical-DoubleCost,0.4,0.45,0.7651984487082594,0.500286888591476,0.8709677419354839,0.0006011220945765428,0.0012014149998887578,2.7344911624663742e-05,8,89778,54,292551,0.2734491162466374,0.45,0.3341347119417919,0.19836394098322432
PRIMARY__CICIDS2017_COVERAGE_R1__Oort-Style-Adapted__b0.4__seed42,CICIDS2017_COVERAGE_R1,42,Oort-Style-Adapted,0.4,0.45,0.7652324453242885,0.5005289489677569,0.6809815950920245,0.0012356398610740048,0.0024668037113172955,0.00017774192556031432,52,89721,111,292507,1.7774192556031434,0.45,0.3972248670357097,0.18246979779540323
PRIMARY__CICIDS2017_COVERAGE_R1__Oracle-Score-Exact__b0.4__seed42,CICIDS2017_COVERAGE_R1,42,Oracle-Score-Exact,0.4,0.45,0.7642020863461745,0.4998632942956867,0.2014260249554367,0.0012579036423546175,0.0025001935990618743,0.0015313150509811697,448,89719,113,292111,15.313150509811695,0.45,0.2920020790293814,0.19319549252591972
PRIMARY__CICIDS2017_COVERAGE_R1__Random-Budget__b0.6__seed42,CICIDS2017_COVERAGE_R1,42,Random-Budget,0.6,0.45,0.6933557536657505,0.45376378993806915,0.005944660613921314,0.0018367619556505478,0.0028064088172262474,0.09430918207951217,27591,89667,165,264968,943.0918207951216,0.45,0.31148157047061936,0.16587042756760925
PRIMARY__CICIDS2017_COVERAGE_R1__Cost-Only__b0.6__seed42,CICIDS2017_COVERAGE_R1,42,Cost-Only,0.6,0.45,0.7652742873132474,0.5005524369910379,0.7586206896551724,0.0012245079704336984,0.0024450692954866246,0.00011963398835790387,35,89722,110,292524,1.1963398835790389,0.45,0.2651708872882689,0.18467316476393333
PRIMARY__CICIDS2017_COVERAGE_R1__Utility-Only__b0.6__seed42,CICIDS2017_COVERAGE_R1,42,Utility-Only,0.6,0.45,0.7652324453242885,0.5005250920794132,0.6832298136645962,0.0012245079704336984,0.0024446345826897647,0.00017432381160723136,51,89722,110,292508,1.7432381160723136,0.45,0.2922262980889765,0.19942146501314634
PRIMARY__CICIDS2017_COVERAGE_R1__Utility-Cost-Ratio__b0.6__seed42,CICIDS2017_COVERAGE_R1,42,Utility-Cost-Ratio,0.6,0.45,0.7652324453242885,0.5005250920794132,0.6832298136645962,0.0012245079704336984,0.0024446345826897647,0.00017432381160723136,51,89722,110,292508,1.7432381160723136,0.45,0.2922262980889765,0.19942146501314634
PRIMARY__CICIDS2017_COVERAGE_R1__CB-Score__b0.6__seed42,CICIDS2017_COVERAGE_R1,42,CB-Score,0.6,0.45,0.6748615945458968,0.44439644528221406,0.02400794745846901,0.009684744857066524,0.013801856111683984,0.1208918542926384,35368,88962,870,257191,1208.9185429263841,0.45,0.2566006257303386,0.1640917189321323
PRIMARY__CICIDS2017_COVERAGE_R1__Historical-DoubleCost__b0.6__seed42,CICIDS2017_COVERAGE_R1,42,Historical-DoubleCost,0.6,0.45,0.6748615945458968,0.44439644528221406,0.02400794745846901,0.009684744857066524,0.013801856111683984,0.1208918542926384,35368,88962,870,257191,1208.9185429263841,0.45,0.2566006257303386,0.1640917189321323
PRIMARY__CICIDS2017_COVERAGE_R1__Oort-Style-Adapted__b0.6__seed42,CICIDS2017_COVERAGE_R1,42,Oort-Style-Adapted,0.6,0.45,0.7652193697027388,0.5003082748239754,0.9655172413793104,0.0006233858758571555,0.0012459672933585494,6.8362279061659355e-06,2,89776,56,292557,0.06836227906165936,0.45,0.32163568081454774,0.22495589716838896
PRIMARY__CICIDS2017_COVERAGE_R1__Oracle-Score-Exact__b0.6__seed42,CICIDS2017_COVERAGE_R1,42,Oracle-Score-Exact,0.6,0.45,0.656801546061492,0.4327788284427119,0.021230342275670677,0.010219075607801229,0.013797042202717326,0.14466141872237737,42322,88914,918,250237,1446.6141872237736,0.45,0.23402872287241017,0.16078056975615002
PRIMARY__CICIDS2017_COVERAGE_R1__Random-Budget__b0.8__seed42,CICIDS2017_COVERAGE_R1,42,Random-Budget,0.8,0.45,0.7086176191385257,0.46670379358940267,0.03981584107767073,0.01039718585804613,0.016488657427840055,0.07698959867924077,22524,88898,934,270035,769.8959867924077,0.45,0.3085648106988541,0.16528928636068682
PRIMARY__CICIDS2017_COVERAGE_R1__Cost-Only__b0.8__seed42,CICIDS2017_COVERAGE_R1,42,Cost-Only,0.8,0.45,0.7652847478104872,0.500559273218944,0.7801418439716312,0.0012245079704336984,0.0024451779978437974,0.00010596153254557201,31,89722,110,292528,1.0596153254557201,0.45,0.29718497078697137,0.1736682424276643
PRIMARY__CICIDS2017_COVERAGE_R1__Utility-Only__b0.8__seed42,CICIDS2017_COVERAGE_R1,42,Utility-Only,0.8,0.45,0.7652350604485985,0.5005306580247334,0.6851851851851852,0.0012356398610740048,0.002466831122074805,0.00017432381160723136,51,89721,111,292508,1.7432381160723136,0.45,0.265918543858002,0.2002246239067467
PRIMARY__CICIDS2017_COVERAGE_R1__Utility-Cost-Ratio__b0.8__seed42,CICIDS2017_COVERAGE_R1,42,Utility-Cost-Ratio,0.8,0.45,0.7652350604485985,0.5005306580247334,0.6851851851851852,0.0012356398610740048,0.002466831122074805,0.00017432381160723136,51,89721,111,292508,1.7432381160723136,0.45,0.265918543858002,0.2002246239067467
PRIMARY__CICIDS2017_COVERAGE_R1__CB-Score__b0.8__seed42,CICIDS2017_COVERAGE_R1,42,CB-Score,0.8,0.45,0.7653056688049666,0.5005806594514436,0.8175182481751825,0.001246771751714311,0.0024897464682279453,8.54528488270742e-05,25,89720,112,292534,0.854528488270742,0.45,0.2701366968858288,0.18739492078773917
PRIMARY__CICIDS2017_COVERAGE_R1__Historical-DoubleCost__b0.8__seed42,CICIDS2017_COVERAGE_R1,42,Historical-DoubleCost,0.8,0.45,0.7653056688049666,0.5005806594514436,0.8175182481751825,0.001246771751714311,0.0024897464682279453,8.54528488270742e-05,25,89720,112,292534,0.854528488270742,0.45,0.2701366968858288,0.18739492078773917
PRIMARY__CICIDS2017_COVERAGE_R1__Oort-Style-Adapted__b0.8__seed42,CICIDS2017_COVERAGE_R1,42,Oort-Style-Adapted,0.8,0.45,0.7652350604485985,0.5005306580247334,0.6851851851851852,0.0012356398610740048,0.002466831122074805,0.00017432381160723136,51,89721,111,292508,1.7432381160723136,0.45,0.265918543858002,0.2002246239067467
PRIMARY__CICIDS2017_COVERAGE_R1__Oracle-Score-Exact__b0.8__seed42,CICIDS2017_COVERAGE_R1,42,Oracle-Score-Exact,0.8,0.45,0.7653056688049666,0.5005806594514436,0.8175182481751825,0.001246771751714311,0.0024897464682279453,8.54528488270742e-05,25,89720,112,292534,0.854528488270742,0.45,0.2701366968858288,0.18739492078773917
PRIMARY__CICIDS2017_COVERAGE_R1__Random-Budget__b1.0__seed42,CICIDS2017_COVERAGE_R1,42,Random-Budget,1.0,0.45,0.7627637679757108,0.4989734525070558,0.11081794195250659,0.0014026182206786,0.0027701744550341326,0.0034557132065668804,1011,89706,126,291548,34.5571320656688,0.45,0.3071134163208177,0.17059363366622138
PRIMARY__CICIDS2017_COVERAGE_R1__Cost-Only__b1.0__seed42,CICIDS2017_COVERAGE_R1,42,Cost-Only,1.0,0.45,0.7627637679757108,0.4989734525070558,0.11081794195250659,0.0014026182206786,0.0027701744550341326,0.0034557132065668804,1011,89706,126,291548,34.5571320656688,0.45,0.3071134163208177,0.17059363366622138
PRIMARY__CICIDS2017_COVERAGE_R1__Utility-Only__b1.0__seed42,CICIDS2017_COVERAGE_R1,42,Utility-Only,1.0,0.45,0.7653344351723759,0.5005917453014983,0.9016393442622951,0.0012245079704336984,0.0024456944660604307,4.1017367436995615e-05,12,89722,110,292547,0.41017367436995616,0.45,0.2839263363951395,0.20421129551877665
PRIMARY__CICIDS2017_COVERAGE_R1__Utility-Cost-Ratio__b1.0__seed42,CICIDS2017_COVERAGE_R1,42,Utility-Cost-Ratio,1.0,0.45,0.7653344351723759,0.5005917453014983,0.9016393442622951,0.0012245079704336984,0.0024456944660604307,4.1017367436995615e-05,12,89722,110,292547,0.41017367436995616,0.45,0.2839263363951395,0.20421129551877665
PRIMARY__CICIDS2017_COVERAGE_R1__CB-Score__b1.0__seed42,CICIDS2017_COVERAGE_R1,42,CB-Score,1.0,0.45,0.7653030536806568,0.5005712366177798,0.8208955223880597,0.0012245079704336984,0.002445368250227864,8.203473487399123e-05,24,89722,110,292535,0.8203473487399123,0.45,0.26579950242339545,0.19385162792429952
PRIMARY__CICIDS2017_COVERAGE_R1__Historical-DoubleCost__b1.0__seed42,CICIDS2017_COVERAGE_R1,42,Historical-DoubleCost,1.0,0.45,0.7653030536806568,0.5005712366177798,0.8208955223880597,0.0012245079704336984,0.002445368250227864,8.203473487399123e-05,24,89722,110,292535,0.8203473487399123,0.45,0.26579950242339545,0.19385162792429952
PRIMARY__CICIDS2017_COVERAGE_R1__Oort-Style-Adapted__b1.0__seed42,CICIDS2017_COVERAGE_R1,42,Oort-Style-Adapted,1.0,0.45,0.7653344351723759,0.5005917453014983,0.9016393442622951,0.0012245079704336984,0.0024456944660604307,4.1017367436995615e-05,12,89722,110,292547,0.41017367436995616,0.45,0.2839263363951395,0.20421129551877665
PRIMARY__CICIDS2017_COVERAGE_R1__Oracle-Score-Exact__b1.0__seed42,CICIDS2017_COVERAGE_R1,42,Oracle-Score-Exact,1.0,0.45,0.7653030536806568,0.5005712366177798,0.8208955223880597,0.0012245079704336984,0.002445368250227864,8.203473487399123e-05,24,89722,110,292535,0.8203473487399123,0.45,0.26579950242339545,0.19385162792429952
PRIMARY__CICIDS2017_COVERAGE_R1__Full-Contextual__seed123,CICIDS2017_COVERAGE_R1,123,Full-Contextual,,0.77,0.7663961756422092,0.5038080274106963,0.74609375,0.008504764449194051,0.016817821607818965,0.0008887096278015717,260,89068,764,292299,8.887096278015717,0.77,0.40808440988101635,0.19203387747663722
PRIMARY__CICIDS2017_COVERAGE_R1__Random-Budget__b0.1__seed123,CICIDS2017_COVERAGE_R1,123,Random-Budget,0.1,0.77,0.76398241590414,0.4998007281648731,0.1950509461426492,0.0014916733458010508,0.0029607043825053306,0.0018902170160548812,553,89698,134,292006,18.902170160548813,0.77,0.3768729290425227,0.1773638043401296
PRIMARY__CICIDS2017_COVERAGE_R1__Cost-Only__b0.1__seed123,CICIDS2017_COVERAGE_R1,123,Cost-Only,0.1,0.77,0.7649866236391547,0.5002757322917153,0.41626794258373206,0.0009684744857066524,0.0019324529936362324,0.00041700990227612207,122,89745,87,292437,4.170099022761221,0.77,0.3851971960180847,0.17967934933994262
PRIMARY__CICIDS2017_COVERAGE_R1__Utility-Only__b0.1__seed123,CICIDS2017_COVERAGE_R1,123,Utility-Only,0.1,0.77,0.7649081699098567,0.5003131690143221,0.38596491228070173,0.0012245079704336984,0.0024412707924143058,0.0005981699417895194,175,89722,110,292384,5.981699417895194,0.77,0.3610976045853155,0.17371972427295312
PRIMARY__CICIDS2017_COVERAGE_R1__Utility-Cost-Ratio__b0.1__seed123,CICIDS2017_COVERAGE_R1,123,Utility-Cost-Ratio,0.1,0.77,0.7649081699098567,0.5003131690143221,0.38596491228070173,0.0012245079704336984,0.0024412707924143058,0.0005981699417895194,175,89722,110,292384,5.981699417895194,0.77,0.3610976045853155,0.17371972427295312
PRIMARY__CICIDS2017_COVERAGE_R1__CB-Score__b0.1__seed123,CICIDS2017_COVERAGE_R1,123,CB-Score,0.1,0.77,0.7646257364843838,0.5001208770841684,0.2776349614395887,0.0012022441891530857,0.0023941211026257746,0.000960490020816314,281,89724,108,292278,9.604900208163139,0.77,0.3789030143706189,0.17736435663964256
PRIMARY__CICIDS2017_COVERAGE_R1__Historical-DoubleCost__b0.1__seed123,CICIDS2017_COVERAGE_R1,123,Historical-DoubleCost,0.1,0.77,0.7646257364843838,0.5001208770841684,0.2776349614395887,0.0012022441891530857,0.0023941211026257746,0.000960490020816314,281,89724,108,292278,9.604900208163139,0.77,0.3789030143706189,0.17736435663964256
PRIMARY__CICIDS2017_COVERAGE_R1__Oort-Style-Adapted__b0.1__seed123,CICIDS2017_COVERAGE_R1,123,Oort-Style-Adapted,0.1,0.77,0.7648271010562487,0.5001521953744281,0.3153846153846154,0.0009128150325051206,0.0018203614083381432,0.0006084242836487683,178,89750,82,292381,6.084242836487683,0.77,0.3986186018395521,0.18116358089939563
PRIMARY__CICIDS2017_COVERAGE_R1__Oracle-Score-Exact__b0.1__seed123,CICIDS2017_COVERAGE_R1,123,Oracle-Score-Exact,0.1,0.77,0.7646257364843838,0.5001208770841684,0.2776349614395887,0.0012022441891530857,0.0023941211026257746,0.000960490020816314,281,89724,108,292278,9.604900208163139,0.77,0.3789030143706189,0.17736435663964256
PRIMARY__CICIDS2017_COVERAGE_R1__Random-Budget__b0.2__seed123,CICIDS2017_COVERAGE_R1,123,Random-Budget,0.2,0.77,0.7649578572717454,0.5021699492834047,0.48102310231023104,0.0064898922432986015,0.012806994420280304,0.002149993676489187,629,89249,583,291930,21.499936764891867,0.77,0.416299085860962,0.19099235317095759
PRIMARY__CICIDS2017_COVERAGE_R1__Cost-Only__b0.2__seed123,CICIDS2017_COVERAGE_R1,123,Cost-Only,0.2,0.77,0.7652978234320369,0.5005678185038267,0.8088235294117647,0.0012245079704336984,0.0024453138893828917,8.887096278015716e-05,26,89722,110,292533,0.8887096278015717,0.77,0.4414354304244441,0.19391140321994735
PRIMARY__CICIDS2017_COVERAGE_R1__Utility-Only__b0.2__seed123,CICIDS2017_COVERAGE_R1,123,Utility-Only,0.2,0.77,0.7652062940811891,0.5005118583979915,0.6416184971098265,0.0012356398610740048,0.0024665296372423755,0.00021192306509114402,62,89721,111,292497,2.1192306509114403,0.77,0.4272670623899592,0.18862158617751204
PRIMARY__CICIDS2017_COVERAGE_R1__Utility-Cost-Ratio__b0.2__seed123,CICIDS2017_COVERAGE_R1,123,Utility-Cost-Ratio,0.2,0.77,0.7652062940811891,0.5005118583979915,0.6416184971098265,0.0012356398610740048,0.0024665296372423755,0.00021192306509114402,62,89721,111,292497,2.1192306509114403,0.77,0.4272670623899592,0.18862158617751204
PRIMARY__CICIDS2017_COVERAGE_R1__CB-Score__b0.2__seed123,CICIDS2017_COVERAGE_R1,123,CB-Score,0.2,0.77,0.7641707048544553,0.4999083527138096,0.214168039538715,0.0014471457832398254,0.0028748659317329914,0.0016304403556205757,477,89702,130,292082,16.304403556205756,0.77,0.43691824086346254,0.191546553299615
PRIMARY__CICIDS2017_COVERAGE_R1__Historical-DoubleCost__b0.2__seed123,CICIDS2017_COVERAGE_R1,123,Historical-DoubleCost,0.2,0.77,0.8008452081769707,0.6336162117936108,0.6572466600749615,0.3181828301718764,0.4287846625812888,0.05095040658465472,14906,61249,28583,277653,509.5040658465472,0.77,0.6389717233474659,0.41132420935426145
PRIMARY__CICIDS2017_COVERAGE_R1__Oort-Style-Adapted__b0.2__seed123,CICIDS2017_COVERAGE_R1,123,Oort-Style-Adapted,0.2,0.77,0.7666681485704423,0.5194094658223597,0.5340883606189729,0.053021195119779145,0.09646582278481013,0.01420226347505973,4155,85069,4763,288404,142.02263475059732,0.77,0.626930175088548,0.3760075749177562
PRIMARY__CICIDS2017_COVERAGE_R1__Oracle-Score-Exact__b0.2__seed123,CICIDS2017_COVERAGE_R1,123,Oracle-Score-Exact,0.2,0.77,0.7641707048544553,0.4999083527138096,0.214168039538715,0.0014471457832398254,0.0028748659317329914,0.0016304403556205757,477,89702,130,292082,16.304403556205756,0.77,0.43691824086346254,0.191546553299615
PRIMARY__CICIDS2017_COVERAGE_R1__Random-Budget__b0.4__seed123,CICIDS2017_COVERAGE_R1,123,Random-Budget,0.4,0.77,0.7653422805453057,0.5025484579742955,0.5446507515473032,0.006857244634428711,0.013543968426722954,0.0017603286858377284,515,89216,616,292044,17.603286858377285,0.77,0.3823191875417946,0.18516661129337472
PRIMARY__CICIDS2017_COVERAGE_R1__Cost-Only__b0.4__seed123,CICIDS2017_COVERAGE_R1,123,Cost-Only,0.4,0.77,0.765054616871213,0.5007135703841538,0.4883720930232558,0.0021039273310179,0.004189804808299804,0.0006767865627104276,198,89643,189,292361,6.7678656271042765,0.77,0.35398453043356387,0.17706171485587274
PRIMARY__CICIDS2017_COVERAGE_R1__Utility-Only__b0.4__seed123,CICIDS2017_COVERAGE_R1,123,Utility-Only,0.4,0.77,0.7620263029203093,0.5022751059047542,0.32741792369121564,0.01232300293881913,0.023752051752437966,0.007772791129310669,2274,88725,1107,290285,77.72791129310669,0.77,0.5299572989686817,0.2373803418369489
PRIMARY__CICIDS2017_COVERAGE_R1__Utility-Cost-Ratio__b0.4__seed123,CICIDS2017_COVERAGE_R1,123,Utility-Cost-Ratio,0.4,0.77,0.7620263029203093,0.5022751059047542,0.32741792369121564,0.01232300293881913,0.023752051752437966,0.007772791129310669,2274,88725,1107,290285,77.72791129310669,0.77,0.5299572989686817,0.2373803418369489
PRIMARY__CICIDS2017_COVERAGE_R1__CB-Score__b0.4__seed123,CICIDS2017_COVERAGE_R1,123,CB-Score,0.4,0.77,0.7649212455314064,0.500379567624359,0.4032258064516129,0.0013914863300382937,0.0027734019657873134,0.0006323510813203491,185,89707,125,292374,6.323510813203491,0.77,0.34807753123793533,0.17246531144325397
PRIMARY__CICIDS2017_COVERAGE_R1__Historical-DoubleCost__b0.4__seed123,CICIDS2017_COVERAGE_R1,123,Historical-DoubleCost,0.4,0.77,0.7650441563739733,0.5004058968654459,0.4723404255319149,0.0012356398610740048,0.0024648317363740327,0.00042384613018228804,124,89721,111,292435,4.2384613018228805,0.77,0.3531119969181781,0.17330633738271733
PRIMARY__CICIDS2017_COVERAGE_R1__Oort-Style-Adapted__b0.4__seed123,CICIDS2017_COVERAGE_R1,123,Oort-Style-Adapted,0.4,0.77,0.764931706028646,0.5003362643037982,0.4,0.001246771751714311,0.0024857954545454545,0.0005742431441179386,168,89720,112,292391,5.742431441179386,0.77,0.41003552401860777,0.18543782699044578
PRIMARY__CICIDS2017_COVERAGE_R1__Oracle-Score-Exact__b0.4__seed123,CICIDS2017_COVERAGE_R1,123,Oracle-Score-Exact,0.4,0.77,0.7643642240533903,0.5003163757791573,0.29896907216494845,0.002259773799982189,0.0044856426290727095,0.0016270222416674928,476,89629,203,292083,16.270222416674926,0.77,0.3382467109607905,0.17301007373811667
PRIMARY__CICIDS2017_COVERAGE_R1__Random-Budget__b0.6__seed123,CICIDS2017_COVERAGE_R1,123,Random-Budget,0.6,0.77,0.765849614661433,0.5044536254719381,0.5841414717626925,0.011399056015673701,0.022361740459682262,0.0024918050717974835,729,88808,1024,291830,24.918050717974836,0.77,0.4000817648000623,0.1902955338734901
PRIMARY__CICIDS2017_COVERAGE_R1__Cost-Only__b0.6__seed123,CICIDS2017_COVERAGE_R1,123,Cost-Only,0.6,0.77,0.7651252252275812,0.5005475860636217,0.536,0.0014916733458010508,0.0029750671610310605,0.00039650121855762426,116,89698,134,292443,3.9650121855762426,0.77,0.3846970446756026,0.18060600524224696
PRIMARY__CICIDS2017_COVERAGE_R1__Utility-Only__b0.6__seed123,CICIDS2017_COVERAGE_R1,123,Utility-Only,0.6,0.77,0.764855867423658,0.5003676963066943,0.3789173789173789,0.0014805414551607445,0.0029495581207101117,0.000745148841772087,218,89699,133,292341,7.45148841772087,0.77,0.35688054791320134,0.17502573708885186
PRIMARY__CICIDS2017_COVERAGE_R1__Utility-Cost-Ratio__b0.6__seed123,CICIDS2017_COVERAGE_R1,123,Utility-Cost-Ratio,0.6,0.77,0.764855867423658,0.5003676963066943,0.3789173789173789,0.0014805414551607445,0.0029495581207101117,0.000745148841772087,218,89699,133,292341,7.45148841772087,0.77,0.35688054791320134,0.17502573708885186
PRIMARY__CICIDS2017_COVERAGE_R1__CB-Score__b0.6__seed123,CICIDS2017_COVERAGE_R1,123,CB-Score,0.6,0.77,0.7646597331004129,0.5001855205966431,0.2989949748743719,0.0013246949861964556,0.0026377036462373934,0.0009536537929101481,279,89713,119,292280,9.536537929101481,0.77,0.37804050573614084,0.18103998474544228
PRIMARY__CICIDS2017_COVERAGE_R1__Historical-DoubleCost__b0.6__seed123,CICIDS2017_COVERAGE_R1,123,Historical-DoubleCost,0.6,0.77,0.7646597331004129,0.5001855205966431,0.2989949748743719,0.0013246949861964556,0.0026377036462373934,0.0009536537929101481,279,89713,119,292280,9.536537929101481,0.77,0.37804050573614084,0.18103998474544228
PRIMARY__CICIDS2017_COVERAGE_R1__Oort-Style-Adapted__b0.6__seed123,CICIDS2017_COVERAGE_R1,123,Oort-Style-Adapted,0.6,0.77,0.7649683177689851,0.5004566133100601,0.43354430379746833,0.00152506901772197,0.003039446243954386,0.0006118423976018512,179,89695,137,292380,6.118423976018512,0.77,0.4013610980900472,0.1878870137335243
PRIMARY__CICIDS2017_COVERAGE_R1__Oracle-Score-Exact__b0.6__seed123,CICIDS2017_COVERAGE_R1,123,Oracle-Score-Exact,0.6,0.77,0.7649264757800261,0.5003829857383121,0.40584415584415584,0.0013914863300382937,0.002773463501220324,0.0006255148534141832,183,89707,125,292376,6.255148534141831,0.77,0.3619696109550215,0.17552047082170608
PRIMARY__CICIDS2017_COVERAGE_R1__Random-Budget__b0.8__seed123,CICIDS2017_COVERAGE_R1,123,Random-Budget,0.8,0.77,0.7649160152827865,0.5004301459472165,0.4088235294117647,0.0015473327990025826,0.003082996939182895,0.0006870409045696765,201,89693,139,292358,6.870409045696765,0.77,0.4170863660050165,0.19115080764807893
PRIMARY__CICIDS2017_COVERAGE_R1__Cost-Only__b0.8__seed123,CICIDS2017_COVERAGE_R1,123,Cost-Only,0.8,0.77,0.7648741732938276,0.500360375263812,0.38323353293413176,0.0014248820019592127,0.0028392076836057938,0.0007041314743350914,206,89704,128,292353,7.041314743350914,0.77,0.38531098403162695,0.18316556047073568
PRIMARY__CICIDS2017_COVERAGE_R1__Utility-Only__b0.8__seed123,CICIDS2017_COVERAGE_R1,123,Utility-Only,0.8,0.77,0.7644374475340685,0.5001289591855402,0.2684310018903592,0.0015807284709235016,0.0031429488385476033,0.0013228100998431086,387,89690,142,292172,13.228100998431085,0.77,0.37279319526589383,0.17879946623142412
PRIMARY__CICIDS2017_COVERAGE_R1__Utility-Cost-Ratio__b0.8__seed123,CICIDS2017_COVERAGE_R1,123,Utility-Cost-Ratio,0.8,0.77,0.7644374475340685,0.5001289591855402,0.2684310018903592,0.0015807284709235016,0.0031429488385476033,0.0013228100998431086,387,89690,142,292172,13.228100998431085,0.77,0.37279319526589383,0.17879946623142412
PRIMARY__CICIDS2017_COVERAGE_R1__CB-Score__b0.8__seed123,CICIDS2017_COVERAGE_R1,123,CB-Score,0.8,0.77,0.7648610976722778,0.5003518299789294,0.3775811209439528,0.0014248820019592127,0.0028390502489713987,0.0007212220441005062,211,89704,128,292348,7.212220441005062,0.77,0.3684368916203681,0.17722491645406652
PRIMARY__CICIDS2017_COVERAGE_R1__Historical-DoubleCost__b0.8__seed123,CICIDS2017_COVERAGE_R1,123,Historical-DoubleCost,0.8,0.77,0.7648610976722778,0.5003518299789294,0.3775811209439528,0.0014248820019592127,0.0028390502489713987,0.0007212220441005062,211,89704,128,292348,7.212220441005062,0.77,0.3684368916203681,0.17722491645406652
PRIMARY__CICIDS2017_COVERAGE_R1__Oort-Style-Adapted__b0.8__seed123,CICIDS2017_COVERAGE_R1,123,Oort-Style-Adapted,0.8,0.77,0.7648820186667573,0.5003963575414906,0.3919308357348703,0.0015139371270816635,0.0030162232892358533,0.0007212220441005062,211,89696,136,292348,7.212220441005062,0.77,0.35658950748825863,0.17499169143233967
PRIMARY__CICIDS2017_COVERAGE_R1__Oracle-Score-Exact__b0.8__seed123,CICIDS2017_COVERAGE_R1,123,Oracle-Score-Exact,0.8,0.77,0.7648610976722778,0.5003518299789294,0.3775811209439528,0.0014248820019592127,0.0028390502489713987,0.0007212220441005062,211,89704,128,292348,7.212220441005062,0.77,0.3684368916203681,0.17722491645406652
PRIMARY__CICIDS2017_COVERAGE_R1__Random-Budget__b1.0__seed123,CICIDS2017_COVERAGE_R1,123,Random-Budget,1.0,0.77,0.7663961756422092,0.5038080274106963,0.74609375,0.008504764449194051,0.016817821607818965,0.0008887096278015717,260,89068,764,292299,8.887096278015717,0.77,0.40808440988101635,0.19203387747663722
PRIMARY__CICIDS2017_COVERAGE_R1__Cost-Only__b1.0__seed123,CICIDS2017_COVERAGE_R1,123,Cost-Only,1.0,0.77,0.7663961756422092,0.5038080274106963,0.74609375,0.008504764449194051,0.016817821607818965,0.0008887096278015717,260,89068,764,292299,8.887096278015717,0.77,0.40808440988101635,0.19203387747663722
PRIMARY__CICIDS2017_COVERAGE_R1__Utility-Only__b1.0__seed123,CICIDS2017_COVERAGE_R1,123,Utility-Only,1.0,0.77,0.7653370502966859,0.5012799804836378,0.6037735849056604,0.0032059845044082286,0.006378101850313922,0.0006460235371326809,189,89544,288,292370,6.460235371326809,0.77,0.3785144130506694,0.18179637716901992
PRIMARY__CICIDS2017_COVERAGE_R1__Utility-Cost-Ratio__b1.0__seed123,CICIDS2017_COVERAGE_R1,123,Utility-Cost-Ratio,1.0,0.77,0.7653370502966859,0.5012799804836378,0.6037735849056604,0.0032059845044082286,0.006378101850313922,0.0006460235371326809,189,89544,288,292370,6.460235371326809,0.77,0.3785144130506694,0.18179637716901992
PRIMARY__CICIDS2017_COVERAGE_R1__CB-Score__b1.0__seed123,CICIDS2017_COVERAGE_R1,123,CB-Score,1.0,0.77,0.7650049295093242,0.5017147443776874,0.4851380042462845,0.0050872740226200015,0.010068962478242668,0.0016577852672452393,485,89375,457,292074,16.577852672452394,0.77,0.39508769313197295,0.1872118728567536
PRIMARY__CICIDS2017_COVERAGE_R1__Historical-DoubleCost__b1.0__seed123,CICIDS2017_COVERAGE_R1,123,Historical-DoubleCost,1.0,0.77,0.7650049295093242,0.5017147443776874,0.4851380042462845,0.0050872740226200015,0.010068962478242668,0.0016577852672452393,485,89375,457,292074,16.577852672452394,0.77,0.39508769313197295,0.1872118728567536
PRIMARY__CICIDS2017_COVERAGE_R1__Oort-Style-Adapted__b1.0__seed123,CICIDS2017_COVERAGE_R1,123,Oort-Style-Adapted,1.0,0.77,0.7653370502966859,0.5012799804836378,0.6037735849056604,0.0032059845044082286,0.006378101850313922,0.0006460235371326809,189,89544,288,292370,6.460235371326809,0.77,0.3785144130506694,0.18179637716901992
PRIMARY__CICIDS2017_COVERAGE_R1__Oracle-Score-Exact__b1.0__seed123,CICIDS2017_COVERAGE_R1,123,Oracle-Score-Exact,1.0,0.77,0.7650049295093242,0.5017147443776874,0.4851380042462845,0.0050872740226200015,0.010068962478242668,0.0016577852672452393,485,89375,457,292074,16.577852672452394,0.77,0.39508769313197295,0.1872118728567536
PRIMARY__CICIDS2017_COVERAGE_R1__Full-Contextual__seed777,CICIDS2017_COVERAGE_R1,777,Full-Contextual,,0.56,0.7641680897301453,0.4999567832053,0.22555205047318613,0.001591860361563808,0.003161408706033206,0.0016782939509637372,491,89689,143,292068,16.782939509637373,0.56,0.35793962022609777,0.17421572474713898
PRIMARY__CICIDS2017_COVERAGE_R1__Random-Budget__b0.1__seed777,CICIDS2017_COVERAGE_R1,777,Random-Budget,0.1,0.56,0.7652089092054991,0.5005097105666243,0.6470588235294118,0.0012245079704336984,0.0024443901246638962,0.00020508683718497807,60,89722,110,292499,2.0508683718497807,0.56,0.34029560365881817,0.1710008772533048
PRIMARY__CICIDS2017_COVERAGE_R1__Cost-Only__b0.1__seed777,CICIDS2017_COVERAGE_R1,777,Cost-Only,0.1,0.56,0.7644766743987176,0.500108312380065,0.2653061224489796,0.0014471457832398254,0.0028785899337924314,0.0012305210231098684,360,89702,130,292199,12.305210231098684,0.56,0.3024817717856292,0.1656277659877486
PRIMARY__CICIDS2017_COVERAGE_R1__Utility-Only__b0.1__seed777,CICIDS2017_COVERAGE_R1,777,Utility-Only,0.1,0.56,0.7644348324097586,0.5000192572549426,0.24050632911392406,0.0012690355329949238,0.0025247491861005913,0.0012305210231098684,360,89718,114,292199,12.305210231098684,0.56,0.33180926160796503,0.16953913363683273
PRIMARY__CICIDS2017_COVERAGE_R1__Utility-Cost-Ratio__b0.1__seed777,CICIDS2017_COVERAGE_R1,777,Utility-Cost-Ratio,0.1,0.56,0.7644348324097586,0.5000192572549426,0.24050632911392406,0.0012690355329949238,0.0025247491861005913,0.0012305210231098684,360,89718,114,292199,12.305210231098684,0.56,0.33180926160796503,0.16953913363683273
PRIMARY__CICIDS2017_COVERAGE_R1__CB-Score__b0.1__seed777,CICIDS2017_COVERAGE_R1,777,CB-Score,0.1,0.56,0.7650729227413825,0.5004208396038442,0.4954954954954955,0.0012245079704336984,0.0024429786572500944,0.0003828287627452924,112,89722,110,292447,3.828287627452924,0.56,0.3068576491675606,0.16869122170942805
PRIMARY__CICIDS2017_COVERAGE_R1__Historical-DoubleCost__b0.1__seed777,CICIDS2017_COVERAGE_R1,777,Historical-DoubleCost,0.1,0.56,0.7650729227413825,0.5004208396038442,0.4954954954954955,0.0012245079704336984,0.0024429786572500944,0.0003828287627452924,112,89722,110,292447,3.828287627452924,0.56,0.3068576491675606,0.16869122170942805
PRIMARY__CICIDS2017_COVERAGE_R1__Oort-Style-Adapted__b0.1__seed777,CICIDS2017_COVERAGE_R1,777,Oort-Style-Adapted,0.1,0.56,0.7652769024375574,0.5005541460480144,0.7638888888888888,0.0012245079704336984,0.002445096470169823,0.00011621587440482091,34,89722,110,292525,1.162158744048209,0.56,0.322326086239546,0.17069759139186086
PRIMARY__CICIDS2017_COVERAGE_R1__Oracle-Score-Exact__b0.1__seed777,CICIDS2017_COVERAGE_R1,777,Oracle-Score-Exact,0.1,0.56,0.7650729227413825,0.5004208396038442,0.4954954954954955,0.0012245079704336984,0.0024429786572500944,0.0003828287627452924,112,89722,110,292447,3.828287627452924,0.56,0.3068576491675606,0.16869122170942805
PRIMARY__CICIDS2017_COVERAGE_R1__Random-Budget__b0.2__seed777,CICIDS2017_COVERAGE_R1,777,Random-Budget,0.2,0.56,0.7667466022997403,0.5404730652276525,0.5161241407197735,0.11366773532816814,0.1863049189899285,0.03272160487286325,9573,79621,10211,282986,327.21604872863253,0.56,0.6360705728752379,0.36973297021608786
PRIMARY__CICIDS2017_COVERAGE_R1__Cost-Only__b0.2__seed777,CICIDS2017_COVERAGE_R1,777,Cost-Only,0.2,0.56,0.7651566067193004,0.5004793863154372,0.578125,0.0012356398610740048,0.0024660090642495336,0.0002768672301997204,81,89721,111,292478,2.768672301997204,0.56,0.3195400899115744,0.16768605993498034
PRIMARY__CICIDS2017_COVERAGE_R1__Utility-Only__b0.2__seed777,CICIDS2017_COVERAGE_R1,777,Utility-Only,0.2,0.56,0.765211524329809,0.5005114196236009,0.650887573964497,0.0012245079704336984,0.002444417284252397,0.00020166872323189512,59,89722,110,292500,2.016687232318951,0.56,0.3632608442333994,0.1753999217309504
PRIMARY__CICIDS2017_COVERAGE_R1__Utility-Cost-Ratio__b0.2__seed777,CICIDS2017_COVERAGE_R1,777,Utility-Cost-Ratio,0.2,0.56,0.765211524329809,0.5005114196236009,0.650887573964497,0.0012245079704336984,0.002444417284252397,0.00020166872323189512,59,89722,110,292500,2.016687232318951,0.56,0.3632608442333994,0.1753999217309504
PRIMARY__CICIDS2017_COVERAGE_R1__CB-Score__b0.2__seed777,CICIDS2017_COVERAGE_R1,777,CB-Score,0.2,0.56,0.7630906585144525,0.5014356505334492,0.32552800734618914,0.007892510463977202,0.015411368329529399,0.00502120939707888,1469,89123,709,291090,50.2120939707888,0.56,0.34799280265317944,0.17423634142243138
PRIMARY__CICIDS2017_COVERAGE_R1__Historical-DoubleCost__b0.2__seed777,CICIDS2017_COVERAGE_R1,777,Historical-DoubleCost,0.2,0.56,0.7499365832354841,0.4945206972592602,0.1417079207920792,0.01274601478315077,0.02338834872130076,0.023704620264630383,6935,88687,1145,285624,237.0462026463038,0.56,0.45918464609597714,0.19941762672709046
PRIMARY__CICIDS2017_COVERAGE_R1__Oort-Style-Adapted__b0.2__seed777,CICIDS2017_COVERAGE_R1,777,Oort-Style-Adapted,0.2,0.56,0.792900460523391,0.6349113828928327,0.6066224369124692,0.33690667022887166,0.4332142882703635,0.06708390444320633,19626,59567,30265,272933,670.8390444320632,0.56,0.5640938292814983,0.380131053271205
PRIMARY__CICIDS2017_COVERAGE_R1__Oracle-Score-Exact__b0.2__seed777,CICIDS2017_COVERAGE_R1,777,Oracle-Score-Exact,0.2,0.56,0.7641916258489347,0.49988345628618586,0.20725388601036268,0.0013358268768367619,0.002654544247934433,0.0015689143044650823,459,89712,120,292100,15.689143044650823,0.56,0.33888138361010084,0.1700939594544834
PRIMARY__CICIDS2017_COVERAGE_R1__Random-Budget__b0.4__seed777,CICIDS2017_COVERAGE_R1,777,Random-Budget,0.4,0.56,0.7645289768849163,0.5000730695294108,0.25806451612903225,0.001246771751714311,0.0024815545166507877,0.0011006326928927157,322,89720,112,292237,11.006326928927157,0.56,0.34921662212660853,0.17229523509389102
PRIMARY__CICIDS2017_COVERAGE_R1__Cost-Only__b0.4__seed777,CICIDS2017_COVERAGE_R1,777,Cost-Only,0.4,0.56,0.7645132861390567,0.5001630942844855,0.2804878048780488,0.0015362009083622762,0.0030556662681015014,0.0012100123393913706,354,89694,138,292205,12.100123393913707,0.56,0.31614535567224616,0.16662785244249512
PRIMARY__CICIDS2017_COVERAGE_R1__Utility-Only__b0.4__seed777,CICIDS2017_COVERAGE_R1,777,Utility-Only,0.4,0.56,0.7652402906972183,0.5005302192503428,0.6962025316455697,0.0012245079704336984,0.002444716079564396,0.00016406946974798246,48,89722,110,292511,1.6406946974798247,0.56,0.4055045624438038,0.18359433247692714
PRIMARY__CICIDS2017_COVERAGE_R1__Utility-Cost-Ratio__b0.4__seed777,CICIDS2017_COVERAGE_R1,777,Utility-Cost-Ratio,0.4,0.56,0.7652402906972183,0.5005302192503428,0.6962025316455697,0.0012245079704336984,0.002444716079564396,0.00016406946974798246,48,89722,110,292511,1.6406946974798247,0.56,0.4055045624438038,0.18359433247692714
PRIMARY__CICIDS2017_COVERAGE_R1__CB-Score__b0.4__seed777,CICIDS2017_COVERAGE_R1,777,CB-Score,0.4,0.56,0.765214139454119,0.5005131286805774,0.6547619047619048,0.0012245079704336984,0.0024444444444444444,0.00019825060927881213,58,89722,110,292501,1.9825060927881213,0.56,0.3946090522364463,0.18179491818166962
PRIMARY__CICIDS2017_COVERAGE_R1__Historical-DoubleCost__b0.4__seed777,CICIDS2017_COVERAGE_R1,777,Historical-DoubleCost,0.4,0.56,0.7649160152827865,0.5003182961852517,0.3900709219858156,0.0012245079704336984,0.002441352065161906,0.0005879155999302704,172,89722,110,292387,5.8791559993027045,0.56,0.3814840872864591,0.17814483193425093
PRIMARY__CICIDS2017_COVERAGE_R1__Oort-Style-Adapted__b0.4__seed777,CICIDS2017_COVERAGE_R1,777,Oort-Style-Adapted,0.4,0.56,0.7652298301999786,0.5005233830224367,0.6790123456790124,0.0012245079704336984,0.002444607418272329,0.00017774192556031432,52,89722,110,292507,1.7774192556031434,0.56,0.3949395399497328,0.1815561720996347
PRIMARY__CICIDS2017_COVERAGE_R1__Oracle-Score-Exact__b0.4__seed777,CICIDS2017_COVERAGE_R1,777,Oracle-Score-Exact,0.4,0.56,0.7641654746058354,0.4998355106096715,0.19546247818499127,0.001246771751714311,0.0024777390631049168,0.001575750532371248,461,89720,112,292098,15.757505323712483,0.56,0.3371486796180578,0.17002017826473864
PRIMARY__CICIDS2017_COVERAGE_R1__Random-Budget__b0.6__seed777,CICIDS2017_COVERAGE_R1,777,Random-Budget,0.6,0.56,0.765133070600511,0.5004640048026483,0.5522388059701493,0.0012356398610740048,0.002465762553730299,0.0003076302557774671,90,89721,111,292469,3.076302557774671,0.56,0.35692363980854425,0.17377444105647089
PRIMARY__CICIDS2017_COVERAGE_R1__Cost-Only__b0.6__seed777,CICIDS2017_COVERAGE_R1,777,Cost-Only,0.6,0.56,0.7651383008491308,0.5004674229166014,0.5577889447236181,0.0012356398610740048,0.0024658173295864757,0.0003007940278713012,88,89721,111,292471,3.007940278713012,0.56,0.3534501986935273,0.17286263457254508
PRIMARY__CICIDS2017_COVERAGE_R1__Utility-Only__b0.6__seed777,CICIDS2017_COVERAGE_R1,777,Utility-Only,0.6,0.56,0.7650232353794938,0.5003883675212899,0.45643153526970953,0.0012245079704336984,0.0024424633352947054,0.0004477729278538688,131,89722,110,292428,4.477729278538688,0.56,0.3741308250311816,0.1772783438094284
PRIMARY__CICIDS2017_COVERAGE_R1__Utility-Cost-Ratio__b0.6__seed777,CICIDS2017_COVERAGE_R1,777,Utility-Cost-Ratio,0.6,0.56,0.7650232353794938,0.5003883675212899,0.45643153526970953,0.0012245079704336984,0.0024424633352947054,0.0004477729278538688,131,89722,110,292428,4.477729278538688,0.56,0.3741308250311816,0.1772783438094284
PRIMARY__CICIDS2017_COVERAGE_R1__CB-Score__b0.6__seed777,CICIDS2017_COVERAGE_R1,777,CB-Score,0.6,0.56,0.7647172658352315,0.5001999785200654,0.31043956043956045,0.0012579036423546175,0.0025056543527429156,0.0008579466022238249,251,89719,113,292308,8.579466022238249,0.56,0.34507083801224014,0.1713780922537629
PRIMARY__CICIDS2017_COVERAGE_R1__Historical-DoubleCost__b0.6__seed777,CICIDS2017_COVERAGE_R1,777,Historical-DoubleCost,0.6,0.56,0.7647172658352315,0.5001999785200654,0.31043956043956045,0.0012579036423546175,0.0025056543527429156,0.0008579466022238249,251,89719,113,292308,8.579466022238249,0.56,0.34507083801224014,0.1713780922537629
PRIMARY__CICIDS2017_COVERAGE_R1__Oort-Style-Adapted__b0.6__seed777,CICIDS2017_COVERAGE_R1,777,Oort-Style-Adapted,0.6,0.56,0.7608416516079092,0.5015741839729095,0.29080578512396693,0.01253450886098495,0.024033125586954664,0.00938614091516583,2746,88706,1126,289813,93.8614091516583,0.56,0.3474915084387732,0.17473389582670734
PRIMARY__CICIDS2017_COVERAGE_R1__Oracle-Score-Exact__b0.6__seed777,CICIDS2017_COVERAGE_R1,777,Oracle-Score-Exact,0.6,0.56,0.7591548964280017,0.5004602715580094,0.24894701839946798,0.012501113189064031,0.023806747718431682,0.011580570073045094,3388,88709,1123,289171,115.80570073045095,0.56,0.3541812598390653,0.1751156301321518
PRIMARY__CICIDS2017_COVERAGE_R1__Random-Budget__b0.8__seed777,CICIDS2017_COVERAGE_R1,777,Random-Budget,0.8,0.56,0.7649369362772659,0.5003358255294077,0.40217391304347827,0.0012356398610740048,0.0024637102144093753,0.0005639888022586897,165,89721,111,292394,5.639888022586897,0.56,0.35116455038885347,0.17275394724547138
PRIMARY__CICIDS2017_COVERAGE_R1__Cost-Only__b0.8__seed777,CICIDS2017_COVERAGE_R1,777,Cost-Only,0.8,0.56,0.7648114103103891,0.5002615045712209,0.3445121951219512,0.0012579036423546175,0.0025066548358473823,0.0007348944999128381,215,89719,113,292344,7.348944999128381,0.56,0.35580499974845703,0.17313337331203102
PRIMARY__CICIDS2017_COVERAGE_R1__Utility-Only__b0.8__seed777,CICIDS2017_COVERAGE_R1,777,Utility-Only,0.8,0.56,0.764976163141915,0.5004308853742409,0.43434343434343436,0.0014360138925995191,0.0028625636587557833,0.0005742431441179386,168,89703,129,292391,5.742431441179386,0.56,0.3608630962729213,0.17463066377577297
PRIMARY__CICIDS2017_COVERAGE_R1__Utility-Cost-Ratio__b0.8__seed777,CICIDS2017_COVERAGE_R1,777,Utility-Cost-Ratio,0.8,0.56,0.764976163141915,0.5004308853742409,0.43434343434343436,0.0014360138925995191,0.0028625636587557833,0.0005742431441179386,168,89703,129,292391,5.742431441179386,0.56,0.3608630962729213,0.17463066377577297
PRIMARY__CICIDS2017_COVERAGE_R1__CB-Score__b0.8__seed777,CICIDS2017_COVERAGE_R1,777,CB-Score,0.8,0.56,0.7648401766777984,0.5038055001440239,0.47878787878787876,0.011432451687594622,0.022331669873990236,0.003821451399546758,1118,88805,1027,291441,38.214513995467584,0.56,0.33905087890578356,0.1741195898011953
PRIMARY__CICIDS2017_COVERAGE_R1__Historical-DoubleCost__b0.8__seed777,CICIDS2017_COVERAGE_R1,777,Historical-DoubleCost,0.8,0.56,0.7648401766777984,0.5038055001440239,0.47878787878787876,0.011432451687594622,0.022331669873990236,0.003821451399546758,1118,88805,1027,291441,38.214513995467584,0.56,0.33905087890578356,0.1741195898011953
PRIMARY__CICIDS2017_COVERAGE_R1__Oort-Style-Adapted__b0.8__seed777,CICIDS2017_COVERAGE_R1,777,Oort-Style-Adapted,0.8,0.56,0.7630958887630723,0.49934092138847747,0.15165441176470587,0.0018367619556505478,0.003629564452265728,0.0031549191786955796,923,89667,165,291636,31.549191786955795,0.56,0.37474028671195847,0.17746948984137026
PRIMARY__CICIDS2017_COVERAGE_R1__Oracle-Score-Exact__b0.8__seed777,CICIDS2017_COVERAGE_R1,777,Oracle-Score-Exact,0.8,0.56,0.7628605275751783,0.5028820052937688,0.36296056884292177,0.012501113189064031,0.024169769494005983,0.00673710260152653,1971,88709,1123,290588,67.3710260152653,0.56,0.3683467037446403,0.18094796160276394
PRIMARY__CICIDS2017_COVERAGE_R1__Random-Budget__b1.0__seed777,CICIDS2017_COVERAGE_R1,777,Random-Budget,1.0,0.56,0.7641680897301453,0.4999567832053,0.22555205047318613,0.001591860361563808,0.003161408706033206,0.0016782939509637372,491,89689,143,292068,16.782939509637373,0.56,0.35793962022609777,0.17421572474713898
PRIMARY__CICIDS2017_COVERAGE_R1__Cost-Only__b1.0__seed777,CICIDS2017_COVERAGE_R1,777,Cost-Only,1.0,0.56,0.7641680897301453,0.4999567832053,0.22555205047318613,0.001591860361563808,0.003161408706033206,0.0016782939509637372,491,89689,143,292068,16.782939509637373,0.56,0.35793962022609777,0.17421572474713898
PRIMARY__CICIDS2017_COVERAGE_R1__Utility-Only__b1.0__seed777,CICIDS2017_COVERAGE_R1,777,Utility-Only,1.0,0.56,0.7575910520906611,0.4994498261510685,0.2201368523949169,0.01253450886098495,0.023718495581745606,0.013634856558847958,3989,88706,1126,288570,136.3485655884796,0.56,0.6197563382461597,0.2902161710055905
PRIMARY__CICIDS2017_COVERAGE_R1__Utility-Cost-Ratio__b1.0__seed777,CICIDS2017_COVERAGE_R1,777,Utility-Cost-Ratio,1.0,0.56,0.7575910520906611,0.4994498261510685,0.2201368523949169,0.01253450886098495,0.023718495581745606,0.013634856558847958,3989,88706,1126,288570,136.3485655884796,0.56,0.6197563382461597,0.2902161710055905
PRIMARY__CICIDS2017_COVERAGE_R1__CB-Score__b1.0__seed777,CICIDS2017_COVERAGE_R1,777,CB-Score,1.0,0.56,0.7645159012633665,0.5001300913463695,0.2727272727272727,0.0014360138925995191,0.002856984663086208,0.0011758311998605409,344,89703,129,292215,11.758311998605409,0.56,0.36725329145219276,0.17561917528502388
PRIMARY__CICIDS2017_COVERAGE_R1__Historical-DoubleCost__b1.0__seed777,CICIDS2017_COVERAGE_R1,777,Historical-DoubleCost,1.0,0.56,0.7645159012633665,0.5001300913463695,0.2727272727272727,0.0014360138925995191,0.002856984663086208,0.0011758311998605409,344,89703,129,292215,11.758311998605409,0.56,0.36725329145219276,0.17561917528502388
PRIMARY__CICIDS2017_COVERAGE_R1__Oort-Style-Adapted__b1.0__seed777,CICIDS2017_COVERAGE_R1,777,Oort-Style-Adapted,1.0,0.56,0.7575910520906611,0.4994498261510685,0.2201368523949169,0.01253450886098495,0.023718495581745606,0.013634856558847958,3989,88706,1126,288570,136.3485655884796,0.56,0.6197563382461597,0.2902161710055905
PRIMARY__CICIDS2017_COVERAGE_R1__Oracle-Score-Exact__b1.0__seed777,CICIDS2017_COVERAGE_R1,777,Oracle-Score-Exact,1.0,0.56,0.7645159012633665,0.5001300913463695,0.2727272727272727,0.0014360138925995191,0.002856984663086208,0.0011758311998605409,344,89703,129,292215,11.758311998605409,0.56,0.36725329145219276,0.17561917528502388
PRIMARY__CICIDS2017_COVERAGE_R1__Full-Contextual__seed2026,CICIDS2017_COVERAGE_R1,2026,Full-Contextual,,0.79,0.7650781529900024,0.5004435421595154,0.5,0.0012801674236352302,0.0025537962736781328,0.0003930831046045413,115,89717,115,292444,3.9308310460454132,0.79,0.34737887621515406,0.1716826431872589
PRIMARY__CICIDS2017_COVERAGE_R1__Random-Budget__b0.1__seed2026,CICIDS2017_COVERAGE_R1,2026,Random-Budget,0.1,0.79,0.7600100420773501,0.4968999764383612,0.02685546875,0.0006122539852168492,0.001197213757074445,0.006812301108494355,1993,89777,55,290566,68.12301108494356,0.79,0.2739785474229406,0.18517551969419038
PRIMARY__CICIDS2017_COVERAGE_R1__Cost-Only__b0.1__seed2026,CICIDS2017_COVERAGE_R1,2026,Cost-Only,0.1,0.79,0.7650781529900024,0.5,0.0,0.0,0.0,0.0,0,89832,0,292559,0.0,0.79,0.35245825522859997,0.2305389626470363
PRIMARY__CICIDS2017_COVERAGE_R1__Utility-Only__b0.1__seed2026,CICIDS2017_COVERAGE_R1,2026,Utility-Only,0.1,0.79,0.7643616089290804,0.49973227658229546,0.13756613756613756,0.0005788583132959302,0.0011528655359716218,0.0011143051487050475,326,89780,52,292233,11.143051487050474,0.79,0.22947680263375136,0.16025382554672035
PRIMARY__CICIDS2017_COVERAGE_R1__Utility-Cost-Ratio__b0.1__seed2026,CICIDS2017_COVERAGE_R1,2026,Utility-Cost-Ratio,0.1,0.79,0.7643616089290804,0.49973227658229546,0.13756613756613756,0.0005788583132959302,0.0011528655359716218,0.0011143051487050475,326,89780,52,292233,11.143051487050474,0.79,0.22947680263375136,0.16025382554672035
PRIMARY__CICIDS2017_COVERAGE_R1__CB-Score__b0.1__seed2026,CICIDS2017_COVERAGE_R1,2026,CB-Score,0.1,0.79,0.7638072025753744,0.49937381339161224,0.08952702702702703,0.0005899902039362365,0.001172255153499071,0.0018423634207117197,539,89779,53,292020,18.423634207117196,0.79,0.2539449053296296,0.1636661221762626
PRIMARY__CICIDS2017_COVERAGE_R1__Historical-DoubleCost__b0.1__seed2026,CICIDS2017_COVERAGE_R1,2026,Historical-DoubleCost,0.1,0.79,0.7638072025753744,0.49937381339161224,0.08952702702702703,0.0005899902039362365,0.001172255153499071,0.0018423634207117197,539,89779,53,292020,18.423634207117196,0.79,0.2539449053296296,0.1636661221762626
PRIMARY__CICIDS2017_COVERAGE_R1__Oort-Style-Adapted__b0.1__seed2026,CICIDS2017_COVERAGE_R1,2026,Oort-Style-Adapted,0.1,0.79,0.7651435310977507,0.5001391486330038,1.0,0.00027829726600765877,0.0005564396763746842,0.0,0,89807,25,292559,0.0,0.79,0.31908425898706855,0.20794166337343778
PRIMARY__CICIDS2017_COVERAGE_R1__Oracle-Score-Exact__b0.1__seed2026,CICIDS2017_COVERAGE_R1,2026,Oracle-Score-Exact,0.1,0.79,0.7638072025753744,0.49937381339161224,0.08952702702702703,0.0005899902039362365,0.001172255153499071,0.0018423634207117197,539,89779,53,292020,18.423634207117196,0.79,0.2539449053296296,0.1636661221762626
PRIMARY__CICIDS2017_COVERAGE_R1__Random-Budget__b0.2__seed2026,CICIDS2017_COVERAGE_R1,2026,Random-Budget,0.2,0.79,0.7651304554762011,0.5001730291199009,0.6923076923076923,0.00040074806305102857,0.0008010324418138934,5.4689823249327484e-05,16,89796,36,292543,0.5468982324932748,0.79,0.28075235142945715,0.19423820607584033
PRIMARY__CICIDS2017_COVERAGE_R1__Cost-Only__b0.2__seed2026,CICIDS2017_COVERAGE_R1,2026,Cost-Only,0.2,0.79,0.7651958335839494,0.5002813226461558,0.8688524590163934,0.0005899902039362365,0.0011791796914108997,2.7344911624663742e-05,8,89779,53,292551,0.2734491162466374,0.79,0.31294111504062916,0.22972065987979662
PRIMARY__CICIDS2017_COVERAGE_R1__Utility-Only__b0.2__seed2026,CICIDS2017_COVERAGE_R1,2026,Utility-Only,0.2,0.79,0.7649604723960554,0.5000310853096768,0.27722772277227725,0.00031169293792857776,0.0006226857771896856,0.00024952231857505665,73,89804,28,292486,2.4952231857505667,0.79,0.33976041596341583,0.1776448674884483
PRIMARY__CICIDS2017_COVERAGE_R1__Utility-Cost-Ratio__b0.2__seed2026,CICIDS2017_COVERAGE_R1,2026,Utility-Cost-Ratio,0.2,0.79,0.7649604723960554,0.5000310853096768,0.27722772277227725,0.00031169293792857776,0.0006226857771896856,0.00024952231857505665,73,89804,28,292486,2.4952231857505667,0.79,0.33976041596341583,0.1776448674884483
PRIMARY__CICIDS2017_COVERAGE_R1__CB-Score__b0.2__seed2026,CICIDS2017_COVERAGE_R1,2026,CB-Score,0.2,0.79,0.7652690570646276,0.5004101708967148,0.9866666666666667,0.0008237599073826698,0.0016461454614212464,3.4181139530829678e-06,1,89758,74,292558,0.03418113953082968,0.79,0.3947891666409913,0.18088551128035563
PRIMARY__CICIDS2017_COVERAGE_R1__Historical-DoubleCost__b0.2__seed2026,CICIDS2017_COVERAGE_R1,2026,Historical-DoubleCost,0.2,0.79,0.7652690570646276,0.5004101708967148,0.9866666666666667,0.0008237599073826698,0.0016461454614212464,3.4181139530829678e-06,1,89758,74,292558,0.03418113953082968,0.79,0.3947891666409913,0.18088551128035563
PRIMARY__CICIDS2017_COVERAGE_R1__Oort-Style-Adapted__b0.2__seed2026,CICIDS2017_COVERAGE_R1,2026,Oort-Style-Adapted,0.2,0.79,0.7637601303377957,0.49972102542370844,0.18734491315136476,0.0016809154866862588,0.003331935832652971,0.0022388646392693438,655,89681,151,291904,22.38864639269344,0.79,0.33587893956897846,0.1718452412067489
PRIMARY__CICIDS2017_COVERAGE_R1__Oracle-Score-Exact__b0.2__seed2026,CICIDS2017_COVERAGE_R1,2026,Oracle-Score-Exact,0.2,0.79,0.7653239746751361,0.5005309126367816,0.9795918367346939,0.0010686615014694097,0.0021349938841321026,6.8362279061659355e-06,2,89736,96,292557,0.06836227906165936,0.79,0.38207297592182304,0.1799056865260646
PRIMARY__CICIDS2017_COVERAGE_R1__Random-Budget__b0.4__seed2026,CICIDS2017_COVERAGE_R1,2026,Random-Budget,0.4,0.79,0.764814025434699,0.5003133531766644,0.35694050991501414,0.0014026182206786,0.00279425625103953,0.0007759118673498337,227,89706,126,292332,7.759118673498337,0.79,0.3259191347649463,0.16803505028252796
PRIMARY__CICIDS2017_COVERAGE_R1__Cost-Only__b0.4__seed2026,CICIDS2017_COVERAGE_R1,2026,Cost-Only,0.4,0.79,0.7652873629347972,0.5005609822759206,0.7857142857142857,0.0012245079704336984,0.0024452051749433157,0.00010254341859248904,30,89722,110,292529,1.0254341859248903,0.79,0.3358336265007572,0.1700904902972737
PRIMARY__CICIDS2017_COVERAGE_R1__Utility-Only__b0.4__seed2026,CICIDS2017_COVERAGE_R1,2026,Utility-Only,0.4,0.79,0.7652481360701481,0.5005546308629906,0.696969696969697,0.0012801674236352302,0.0025556407435803415,0.0001709056976541484,50,89717,115,292509,1.709056976541484,0.79,0.3193351347847092,0.1680723942127454
PRIMARY__CICIDS2017_COVERAGE_R1__Utility-Cost-Ratio__b0.4__seed2026,CICIDS2017_COVERAGE_R1,2026,Utility-Cost-Ratio,0.4,0.79,0.7630357409039439,0.49937875084488925,0.16072980017376196,0.0020593997684566745,0.004066693777958519,0.003301898078678147,966,89647,185,291593,33.01898078678147,0.79,0.361779080514842,0.1763096276173873
PRIMARY__CICIDS2017_COVERAGE_R1__CB-Score__b0.4__seed2026,CICIDS2017_COVERAGE_R1,2026,CB-Score,0.4,0.79,0.7642622342053029,0.50003373680983,0.24257425742574257,0.0016363879241250334,0.003250845883367611,0.0015689143044650823,459,89685,147,292100,15.689143044650823,0.79,0.36051113538272356,0.17508301632825168
PRIMARY__CICIDS2017_COVERAGE_R1__Historical-DoubleCost__b0.4__seed2026,CICIDS2017_COVERAGE_R1,2026,Historical-DoubleCost,0.4,0.79,0.765211524329809,0.5005037058469137,0.6545454545454545,0.0012022441891530857,0.0024000800026667555,0.00019483249532572917,57,89724,108,292502,1.9483249532572917,0.79,0.3103454544886756,0.16838735796244975
PRIMARY__CICIDS2017_COVERAGE_R1__Oort-Style-Adapted__b0.4__seed2026,CICIDS2017_COVERAGE_R1,2026,Oort-Style-Adapted,0.4,0.79,0.7651749125894699,0.5002059399768457,1.0,0.0004118799536913349,0.0008234207568794579,0.0,0,89795,37,292559,0.0,0.79,0.3723095053162327,0.17862251668174445
PRIMARY__CICIDS2017_COVERAGE_R1__Oracle-Score-Exact__b0.4__seed2026,CICIDS2017_COVERAGE_R1,2026,Oracle-Score-Exact,0.4,0.79,0.7652742873132474,0.5005601507677251,0.7516778523489933,0.001246771751714311,0.002489414431935631,0.0001264702162640698,37,89720,112,292522,1.264702162640698,0.79,0.39092400581247894,0.18041370038543864
PRIMARY__CICIDS2017_COVERAGE_R1__Random-Budget__b0.6__seed2026,CICIDS2017_COVERAGE_R1,2026,Random-Budget,0.6,0.79,0.7653004385563468,0.5005695275608033,0.8148148148148148,0.0012245079704336984,0.0024453410695032623,8.54528488270742e-05,25,89722,110,292534,0.854528488270742,0.79,0.31473568232160454,0.16714993669376998
PRIMARY__CICIDS2017_COVERAGE_R1__Cost-Only__b0.6__seed2026,CICIDS2017_COVERAGE_R1,2026,Cost-Only,0.6,0.79,0.7652873629347972,0.5005609822759206,0.7857142857142857,0.0012245079704336984,0.0024452051749433157,0.00010254341859248904,30,89722,110,292529,1.0254341859248903,0.79,0.3446448061337954,0.17121545327273552
PRIMARY__CICIDS2017_COVERAGE_R1__Utility-Only__b0.6__seed2026,CICIDS2017_COVERAGE_R1,2026,Utility-Only,0.6,0.79,0.7651095344817216,0.5004794783966082,0.5265486725663717,0.0013246949861964556,0.002642741344466899,0.0003657381929798776,107,89713,119,292452,3.6573819297987757,0.79,0.3476452956759601,0.17206292228872072
PRIMARY__CICIDS2017_COVERAGE_R1__Utility-Cost-Ratio__b0.6__seed2026,CICIDS2017_COVERAGE_R1,2026,Utility-Cost-Ratio,0.6,0.79,0.7651095344817216,0.5004794783966082,0.5265486725663717,0.0013246949861964556,0.002642741344466899,0.0003657381929798776,107,89713,119,292452,3.6573819297987757,0.79,0.3476452956759601,0.17206292228872072
PRIMARY__CICIDS2017_COVERAGE_R1__CB-Score__b0.6__seed2026,CICIDS2017_COVERAGE_R1,2026,CB-Score,0.6,0.79,0.7645263617606063,0.5014675540528216,0.4089732528041415,0.0052765161635052096,0.010418612829840313,0.002341408057861833,685,89358,474,291874,23.41408057861833,0.79,0.3641839454556729,0.17831642878561266
PRIMARY__CICIDS2017_COVERAGE_R1__Historical-DoubleCost__b0.6__seed2026,CICIDS2017_COVERAGE_R1,2026,Historical-DoubleCost,0.6,0.79,0.7645263617606063,0.5014675540528216,0.4089732528041415,0.0052765161635052096,0.010418612829840313,0.002341408057861833,685,89358,474,291874,23.41408057861833,0.79,0.3641839454556729,0.17831642878561266
PRIMARY__CICIDS2017_COVERAGE_R1__Oort-Style-Adapted__b0.6__seed2026,CICIDS2017_COVERAGE_R1,2026,Oort-Style-Adapted,0.6,0.79,0.7650781529900024,0.5004281146061409,0.5,0.0012356398610740048,0.002465187554134186,0.0003794106487922094,111,89721,111,292448,3.7941064879220945,0.79,0.3703674402845105,0.17623294615089108
PRIMARY__CICIDS2017_COVERAGE_R1__Oracle-Score-Exact__b0.6__seed2026,CICIDS2017_COVERAGE_R1,2026,Oracle-Score-Exact,0.6,0.79,0.7626591630033134,0.5024804257225223,0.3474100956779941,0.011721880844242586,0.0226785695056158,0.00676102939919811,1978,88779,1053,290581,67.61029399198111,0.79,0.3374497231782928,0.1715794952607943
PRIMARY__CICIDS2017_COVERAGE_R1__Random-Budget__b0.8__seed2026,CICIDS2017_COVERAGE_R1,2026,Random-Budget,0.8,0.79,0.7652272150756686,0.5005371015188346,0.6666666666666666,0.0012690355329949238,0.00253324889170361,0.00019483249532572917,57,89718,114,292502,1.9483249532572917,0.79,0.3632540512493985,0.17470719676643862
PRIMARY__CICIDS2017_COVERAGE_R1__Cost-Only__b0.8__seed2026,CICIDS2017_COVERAGE_R1,2026,Cost-Only,0.8,0.79,0.7652769024375574,0.5005541460480144,0.7638888888888888,0.0012245079704336984,0.002445096470169823,0.00011621587440482091,34,89722,110,292525,1.162158744048209,0.79,0.3410998668811883,0.1704869869960232
PRIMARY__CICIDS2017_COVERAGE_R1__Utility-Only__b0.8__seed2026,CICIDS2017_COVERAGE_R1,2026,Utility-Only,0.8,0.79,0.765214139454119,0.5006211215541986,0.6160714285714286,0.0015362009083622762,0.0030647597050723996,0.0002939577999651352,86,89694,138,292473,2.9395779996513522,0.79,0.3432526383650405,0.1716461559662991
PRIMARY__CICIDS2017_COVERAGE_R1__Utility-Cost-Ratio__b0.8__seed2026,CICIDS2017_COVERAGE_R1,2026,Utility-Cost-Ratio,0.8,0.79,0.7651173798546513,0.5005771708877846,0.5276752767527675,0.001591860361563808,0.0031741451450007212,0.0004375185859946199,128,89689,143,292431,4.375185859946199,0.79,0.3324241844061172,0.16989977023209255
PRIMARY__CICIDS2017_COVERAGE_R1__CB-Score__b0.8__seed2026,CICIDS2017_COVERAGE_R1,2026,CB-Score,0.8,0.79,0.7650389261253534,0.5005374698435192,0.4755700325732899,0.001625256033484727,0.003239441307314259,0.0005503163464463578,161,89686,146,292398,5.5031634644635785,0.79,0.33829685903247325,0.1707604664314516
PRIMARY__CICIDS2017_COVERAGE_R1__Historical-DoubleCost__b0.8__seed2026,CICIDS2017_COVERAGE_R1,2026,Historical-DoubleCost,0.8,0.79,0.7650389261253534,0.5005374698435192,0.4755700325732899,0.001625256033484727,0.003239441307314259,0.0005503163464463578,161,89686,146,292398,5.5031634644635785,0.79,0.33829685903247325,0.1707604664314516
PRIMARY__CICIDS2017_COVERAGE_R1__Oort-Style-Adapted__b0.8__seed2026,CICIDS2017_COVERAGE_R1,2026,Oort-Style-Adapted,0.8,0.79,0.7650624622441428,0.5004757135894359,0.4883720930232558,0.0014026182206786,0.002797202797202797,0.00045119104180695176,132,89706,126,292427,4.511910418069518,0.79,0.36090313735164375,0.1747899235963304
PRIMARY__CICIDS2017_COVERAGE_R1__Oracle-Score-Exact__b0.8__seed2026,CICIDS2017_COVERAGE_R1,2026,Oracle-Score-Exact,0.8,0.79,0.7650389261253534,0.5005374698435192,0.4755700325732899,0.001625256033484727,0.003239441307314259,0.0005503163464463578,161,89686,146,292398,5.5031634644635785,0.79,0.33829685903247325,0.1707604664314516
PRIMARY__CICIDS2017_COVERAGE_R1__Random-Budget__b1.0__seed2026,CICIDS2017_COVERAGE_R1,2026,Random-Budget,1.0,0.79,0.7650781529900024,0.5004435421595154,0.5,0.0012801674236352302,0.0025537962736781328,0.0003930831046045413,115,89717,115,292444,3.9308310460454132,0.79,0.34737887621515406,0.1716826431872589
PRIMARY__CICIDS2017_COVERAGE_R1__Cost-Only__b1.0__seed2026,CICIDS2017_COVERAGE_R1,2026,Cost-Only,1.0,0.79,0.7650781529900024,0.5004435421595154,0.5,0.0012801674236352302,0.0025537962736781328,0.0003930831046045413,115,89717,115,292444,3.9308310460454132,0.79,0.34737887621515406,0.1716826431872589
PRIMARY__CICIDS2017_COVERAGE_R1__Utility-Only__b1.0__seed2026,CICIDS2017_COVERAGE_R1,2026,Utility-Only,1.0,0.79,0.7650493866225931,0.5004555976395223,0.4785992217898833,0.001369222548757681,0.002730633040659792,0.0004580272697131177,134,89709,123,292425,4.580272697131177,0.79,0.32420995218512133,0.16774237908636516
PRIMARY__CICIDS2017_COVERAGE_R1__Utility-Cost-Ratio__b1.0__seed2026,CICIDS2017_COVERAGE_R1,2026,Utility-Cost-Ratio,1.0,0.79,0.7650493866225931,0.5004555976395223,0.4785992217898833,0.001369222548757681,0.002730633040659792,0.0004580272697131177,134,89709,123,292425,4.580272697131177,0.79,0.32420995218512133,0.16774237908636516
PRIMARY__CICIDS2017_COVERAGE_R1__CB-Score__b1.0__seed2026,CICIDS2017_COVERAGE_R1,2026,CB-Score,1.0,0.79,0.7651304554762011,0.5005972868376981,0.5367647058823529,0.001625256033484727,0.0032406996359762054,0.00043068235808845396,126,89686,146,292433,4.306823580884539,0.79,0.3486121708601192,0.1734728129682683
PRIMARY__CICIDS2017_COVERAGE_R1__Historical-DoubleCost__b1.0__seed2026,CICIDS2017_COVERAGE_R1,2026,Historical-DoubleCost,1.0,0.79,0.7651304554762011,0.5005972868376981,0.5367647058823529,0.001625256033484727,0.0032406996359762054,0.00043068235808845396,126,89686,146,292433,4.306823580884539,0.79,0.3486121708601192,0.1734728129682683
PRIMARY__CICIDS2017_COVERAGE_R1__Oort-Style-Adapted__b1.0__seed2026,CICIDS2017_COVERAGE_R1,2026,Oort-Style-Adapted,1.0,0.79,0.7650493866225931,0.5004555976395223,0.4785992217898833,0.001369222548757681,0.002730633040659792,0.0004580272697131177,134,89709,123,292425,4.580272697131177,0.79,0.32420995218512133,0.16774237908636516
PRIMARY__CICIDS2017_COVERAGE_R1__Oracle-Score-Exact__b1.0__seed2026,CICIDS2017_COVERAGE_R1,2026,Oracle-Score-Exact,1.0,0.79,0.7651304554762011,0.5005972868376981,0.5367647058823529,0.001625256033484727,0.0032406996359762054,0.00043068235808845396,126,89686,146,292433,4.306823580884539,0.79,0.3486121708601192,0.1734728129682683
PRIMARY__CICIDS2017_COVERAGE_R1__Full-Contextual__seed3407,CICIDS2017_COVERAGE_R1,3407,Full-Contextual,,0.69,0.764340687934601,0.5000348689706593,0.24363636363636362,0.0014916733458010508,0.0029651921842844815,0.0014219354044825146,416,89698,134,292143,14.219354044825147,0.69,0.3473635318772843,0.1718650290183775
PRIMARY__CICIDS2017_COVERAGE_R1__Random-Budget__b0.1__seed3407,CICIDS2017_COVERAGE_R1,3407,Random-Budget,0.1,0.69,0.7753922032683823,0.5492357164853933,0.6089984523546319,0.12265117107489536,0.2041807197657611,0.024179738104108915,7074,78814,11018,285485,241.79738104108915,0.69,0.5103778870334014,0.29339267751289805
PRIMARY__CICIDS2017_COVERAGE_R1__Cost-Only__b0.1__seed3407,CICIDS2017_COVERAGE_R1,3407,Cost-Only,0.1,0.69,0.7641000964980871,0.4997850704085708,0.18518518518518517,0.0012245079704336984,0.002432928582487338,0.0016543671532921564,484,89722,110,292075,16.543671532921564,0.69,0.3742477254644087,0.17797939151697545
PRIMARY__CICIDS2017_COVERAGE_R1__Utility-Only__b0.1__seed3407,CICIDS2017_COVERAGE_R1,3407,Utility-Only,0.1,0.69,0.7621073717739173,0.5023242297826834,0.33034647550776586,0.012311871048178822,0.023738999785361665,0.007663411482812014,2242,88726,1106,290317,76.63411482812015,0.69,0.46587629381666884,0.21073929834455132
PRIMARY__CICIDS2017_COVERAGE_R1__Utility-Cost-Ratio__b0.1__seed3407,CICIDS2017_COVERAGE_R1,3407,Utility-Cost-Ratio,0.1,0.69,0.7621073717739173,0.5023242297826834,0.33034647550776586,0.012311871048178822,0.023738999785361665,0.007663411482812014,2242,88726,1106,290317,76.63411482812015,0.69,0.46587629381666884,0.21073929834455132
PRIMARY__CICIDS2017_COVERAGE_R1__CB-Score__b0.1__seed3407,CICIDS2017_COVERAGE_R1,3407,CB-Score,0.1,0.69,0.7652010638325693,0.5003965905220736,0.7008547008547008,0.0009128150325051206,0.0018232554002823823,0.00011963398835790387,35,89750,82,292524,1.1963398835790389,0.69,0.3871185435853504,0.17932125730276752
PRIMARY__CICIDS2017_COVERAGE_R1__Historical-DoubleCost__b0.1__seed3407,CICIDS2017_COVERAGE_R1,3407,Historical-DoubleCost,0.1,0.69,0.7652010638325693,0.5003965905220736,0.7008547008547008,0.0009128150325051206,0.0018232554002823823,0.00011963398835790387,35,89750,82,292524,1.1963398835790389,0.69,0.3871185435853504,0.17932125730276752
PRIMARY__CICIDS2017_COVERAGE_R1__Oort-Style-Adapted__b0.1__seed3407,CICIDS2017_COVERAGE_R1,3407,Oort-Style-Adapted,0.1,0.69,0.7653161293022064,0.500614493897755,0.8095238095238095,0.0013246949861964556,0.0026450616254903923,9.57071906863231e-05,28,89713,119,292531,0.957071906863231,0.69,0.3912000370065247,0.18068368410228533
PRIMARY__CICIDS2017_COVERAGE_R1__Oracle-Score-Exact__b0.1__seed3407,CICIDS2017_COVERAGE_R1,3407,Oracle-Score-Exact,0.1,0.69,0.7652010638325693,0.5003965905220736,0.7008547008547008,0.0009128150325051206,0.0018232554002823823,0.00011963398835790387,35,89750,82,292524,1.1963398835790389,0.69,0.3871185435853504,0.17932125730276752
PRIMARY__CICIDS2017_COVERAGE_R1__Random-Budget__b0.2__seed3407,CICIDS2017_COVERAGE_R1,3407,Random-Budget,0.2,0.69,0.7656560954624978,0.5042731588188635,0.5614230127848805,0.011243209546709413,0.022044941122545864,0.0026968919089824617,789,88822,1010,291770,26.968919089824617,0.69,0.4334576545272632,0.19534467263934474
PRIMARY__CICIDS2017_COVERAGE_R1__Cost-Only__b0.2__seed3407,CICIDS2017_COVERAGE_R1,3407,Cost-Only,0.2,0.69,0.7644452929069984,0.500122515691439,0.2673076923076923,0.0015473327990025826,0.0030768549672392422,0.0013023014161246107,381,89693,139,292178,13.023014161246108,0.69,0.38886789317060677,0.1805843770412048
PRIMARY__CICIDS2017_COVERAGE_R1__Utility-Only__b0.2__seed3407,CICIDS2017_COVERAGE_R1,3407,Utility-Only,0.2,0.69,0.7652036789568792,0.5005872871078871,0.6121495327102804,0.0014582776738801318,0.0029096239699709036,0.00028370345810588635,83,89701,131,292476,2.8370345810588633,0.69,0.38739573484995243,0.1807671542628245
PRIMARY__CICIDS2017_COVERAGE_R1__Utility-Cost-Ratio__b0.2__seed3407,CICIDS2017_COVERAGE_R1,3407,Utility-Cost-Ratio,0.2,0.69,0.7652847478104872,0.500559273218944,0.7801418439716312,0.0012245079704336984,0.0024451779978437974,0.00010596153254557201,31,89722,110,292528,1.0596153254557201,0.69,0.3412200474588121,0.17084205308474212
PRIMARY__CICIDS2017_COVERAGE_R1__CB-Score__b0.2__seed3407,CICIDS2017_COVERAGE_R1,3407,CB-Score,0.2,0.69,0.763705212727287,0.499646566343765,0.17472118959107807,0.0015695965802831953,0.003111243504451726,0.0022764638927532566,666,89691,141,291893,22.764638927532566,0.69,0.41706119162162614,0.18672200896284535
PRIMARY__CICIDS2017_COVERAGE_R1__Historical-DoubleCost__b0.2__seed3407,CICIDS2017_COVERAGE_R1,3407,Historical-DoubleCost,0.2,0.69,0.763705212727287,0.499646566343765,0.17472118959107807,0.0015695965802831953,0.003111243504451726,0.0022764638927532566,666,89691,141,291893,22.764638927532566,0.69,0.41706119162162614,0.18672200896284535
PRIMARY__CICIDS2017_COVERAGE_R1__Oort-Style-Adapted__b0.2__seed3407,CICIDS2017_COVERAGE_R1,3407,Oort-Style-Adapted,0.2,0.69,0.7651984487082594,0.500533729445467,0.6210526315789474,0.0013135630955561492,0.0026215813912154806,0.0002461042046219737,72,89714,118,292487,2.461042046219737,0.69,0.33972665078725806,0.1708224331832694
PRIMARY__CICIDS2017_COVERAGE_R1__Oracle-Score-Exact__b0.2__seed3407,CICIDS2017_COVERAGE_R1,3407,Oracle-Score-Exact,0.2,0.69,0.763705212727287,0.499646566343765,0.17472118959107807,0.0015695965802831953,0.003111243504451726,0.0022764638927532566,666,89691,141,291893,22.764638927532566,0.69,0.41706119162162614,0.18672200896284535
PRIMARY__CICIDS2017_COVERAGE_R1__Random-Budget__b0.4__seed3407,CICIDS2017_COVERAGE_R1,3407,Random-Budget,0.4,0.69,0.7652324453242885,0.5043704097579941,0.5136890951276102,0.01232300293881913,0.024068618391729267,0.0035821834228309504,1048,88725,1107,291511,35.821834228309505,0.69,0.5509401897411401,0.2581966718390428
PRIMARY__CICIDS2017_COVERAGE_R1__Cost-Only__b0.4__seed3407,CICIDS2017_COVERAGE_R1,3407,Cost-Only,0.4,0.69,0.7650859983629322,0.5004293848887269,0.5069124423963134,0.0012245079704336984,0.0024431143044342522,0.0003657381929798776,107,89722,110,292452,3.6573819297987757,0.69,0.3464481916518357,0.17199816387355257
PRIMARY__CICIDS2017_COVERAGE_R1__Utility-Only__b0.4__seed3407,CICIDS2017_COVERAGE_R1,3407,Utility-Only,0.4,0.69,0.7652585965673878,0.5005923221976456,0.6949152542372882,0.001369222548757681,0.0027330600273306003,0.00018457815346648027,54,89709,123,292505,1.8457815346648025,0.69,0.36657905793507756,0.17621729310704168
PRIMARY__CICIDS2017_COVERAGE_R1__Utility-Cost-Ratio__b0.4__seed3407,CICIDS2017_COVERAGE_R1,3407,Utility-Cost-Ratio,0.4,0.69,0.7652585965673878,0.5005923221976456,0.6949152542372882,0.001369222548757681,0.0027330600273306003,0.00018457815346648027,54,89709,123,292505,1.8457815346648025,0.69,0.36657905793507756,0.17621729310704168
PRIMARY__CICIDS2017_COVERAGE_R1__CB-Score__b0.4__seed3407,CICIDS2017_COVERAGE_R1,3407,CB-Score,0.4,0.69,0.7653265897994461,0.5006290439023484,0.8231292517006803,0.0013469587674770683,0.002689516442725525,8.887096278015716e-05,26,89711,121,292533,0.8887096278015717,0.69,0.3547760911915495,0.1732200401041768
PRIMARY__CICIDS2017_COVERAGE_R1__Historical-DoubleCost__b0.4__seed3407,CICIDS2017_COVERAGE_R1,3407,Historical-DoubleCost,0.4,0.69,0.7647198809595415,0.5001901169120111,0.3081232492997199,0.0012245079704336984,0.0024393218685205514,0.0008442741464114931,247,89722,110,292312,8.442741464114931,0.69,0.3357683694879672,0.16949077536889665
PRIMARY__CICIDS2017_COVERAGE_R1__Oort-Style-Adapted__b0.4__seed3407,CICIDS2017_COVERAGE_R1,3407,Oort-Style-Adapted,0.4,0.69,0.7650755378656925,0.5004726882092877,0.4979757085020243,0.001369222548757681,0.0027309361782435417,0.00042384613018228804,124,89709,123,292435,4.2384613018228805,0.69,0.3375323178770326,0.17017431802719726
PRIMARY__CICIDS2017_COVERAGE_R1__Oracle-Score-Exact__b0.4__seed3407,CICIDS2017_COVERAGE_R1,3407,Oracle-Score-Exact,0.4,0.69,0.7458099170744081,0.48885400132569673,0.046193643754619367,0.004174458990114881,0.007656967840735069,0.026466456338721422,7743,89457,375,284816,264.66456338721423,0.69,0.3268392389353494,0.16744205535078455
PRIMARY__CICIDS2017_COVERAGE_R1__Random-Budget__b0.6__seed3407,CICIDS2017_COVERAGE_R1,3407,Random-Budget,0.6,0.69,0.7645891247440447,0.5001509467233074,0.28306264501160094,0.0013580906581173746,0.0027032117257347974,0.001056197211502637,309,89710,122,292250,10.561972115026371,0.69,0.3479290183874017,0.17193287834141716
PRIMARY__CICIDS2017_COVERAGE_R1__Cost-Only__b0.6__seed3407,CICIDS2017_COVERAGE_R1,3407,Cost-Only,0.6,0.69,0.7651644520922302,0.5004845134863668,0.5873015873015873,0.0012356398610740048,0.002466091245376079,0.0002666128883404715,78,89721,111,292481,2.6661288834047148,0.69,0.34991113553236697,0.17246000911786077
PRIMARY__CICIDS2017_COVERAGE_R1__Utility-Only__b0.6__seed3407,CICIDS2017_COVERAGE_R1,3407,Utility-Only,0.6,0.69,0.7630592770227332,0.5029463265221445,0.37064343163538876,0.012311871048178822,0.023832097914152733,0.006419218003889814,1878,88726,1106,290681,64.19218003889814,0.69,0.5116401628191323,0.22914529624371788
PRIMARY__CICIDS2017_COVERAGE_R1__Utility-Cost-Ratio__b0.6__seed3407,CICIDS2017_COVERAGE_R1,3407,Utility-Cost-Ratio,0.6,0.69,0.7630592770227332,0.5029463265221445,0.37064343163538876,0.012311871048178822,0.023832097914152733,0.006419218003889814,1878,88726,1106,290681,64.19218003889814,0.69,0.5116401628191323,0.22914529624371788
PRIMARY__CICIDS2017_COVERAGE_R1__CB-Score__b0.6__seed3407,CICIDS2017_COVERAGE_R1,3407,CB-Score,0.6,0.69,0.7646518877274832,0.5001881072024008,0.29876543209876544,0.0013469587674770683,0.002681826745126722,0.0009707443626755629,284,89711,121,292275,9.707443626755628,0.69,0.3624475124615739,0.1747172790475695
PRIMARY__CICIDS2017_COVERAGE_R1__Historical-DoubleCost__b0.6__seed3407,CICIDS2017_COVERAGE_R1,3407,Historical-DoubleCost,0.6,0.69,0.7646518877274832,0.5001881072024008,0.29876543209876544,0.0013469587674770683,0.002681826745126722,0.0009707443626755629,284,89711,121,292275,9.707443626755628,0.69,0.3624475124615739,0.1747172790475695
PRIMARY__CICIDS2017_COVERAGE_R1__Oort-Style-Adapted__b0.6__seed3407,CICIDS2017_COVERAGE_R1,3407,Oort-Style-Adapted,0.6,0.69,0.7643772996749401,0.5000317975499255,0.24329501915708812,0.0014137501113189064,0.0028111649733271356,0.0013501550114677723,395,89705,127,292164,13.501550114677723,0.69,0.3379829573830645,0.17009683178050602
PRIMARY__CICIDS2017_COVERAGE_R1__Oracle-Score-Exact__b0.6__seed3407,CICIDS2017_COVERAGE_R1,3407,Oracle-Score-Exact,0.6,0.69,0.765052001746903,0.5004958755799349,0.48188405797101447,0.0014805414551607445,0.00295201313978781,0.0004887902952908644,143,89699,133,292416,4.887902952908644,0.69,0.3551865537040063,0.17361122618341784
PRIMARY__CICIDS2017_COVERAGE_R1__Random-Budget__b0.8__seed3407,CICIDS2017_COVERAGE_R1,3407,Random-Budget,0.8,0.69,0.7647931044402195,0.5003266789392573,0.3546666666666667,0.0014805414551607445,0.0029487733767889408,0.0008271835766460782,242,89699,133,292317,8.271835766460782,0.69,0.3702215369268519,0.17674119421331974
PRIMARY__CICIDS2017_COVERAGE_R1__Cost-Only__b0.8__seed3407,CICIDS2017_COVERAGE_R1,3407,Cost-Only,0.8,0.69,0.7651095344817216,0.500452480178203,0.5283018867924528,0.001246771751714311,0.0024876726933499176,0.0003418113953082968,100,89720,112,292459,3.418113953082968,0.69,0.3722930831149846,0.17685910254943865
PRIMARY__CICIDS2017_COVERAGE_R1__Utility-Only__b0.8__seed3407,CICIDS2017_COVERAGE_R1,3407,Utility-Only,0.8,0.69,0.7653762771613348,0.503677602669607,0.5336879432624113,0.010052097248196635,0.019732529172676018,0.0026968919089824617,789,88929,903,291770,26.968919089824617,0.69,0.3369845826571337,0.17377181554590668
PRIMARY__CICIDS2017_COVERAGE_R1__Utility-Cost-Ratio__b0.8__seed3407,CICIDS2017_COVERAGE_R1,3407,Utility-Cost-Ratio,0.8,0.69,0.7653762771613348,0.503677602669607,0.5336879432624113,0.010052097248196635,0.019732529172676018,0.0026968919089824617,789,88929,903,291770,26.968919089824617,0.69,0.3369845826571337,0.17377181554590668
PRIMARY__CICIDS2017_COVERAGE_R1__CB-Score__b0.8__seed3407,CICIDS2017_COVERAGE_R1,3407,CB-Score,0.8,0.69,0.7650101597579441,0.5004685306683103,0.4554794520547945,0.0014805414551607445,0.0029514890595179976,0.0005434801185401919,159,89699,133,292400,5.434801185401919,0.69,0.37253104996953207,0.17732172610234292
PRIMARY__CICIDS2017_COVERAGE_R1__Historical-DoubleCost__b0.8__seed3407,CICIDS2017_COVERAGE_R1,3407,Historical-DoubleCost,0.8,0.69,0.7650101597579441,0.5004685306683103,0.4554794520547945,0.0014805414551607445,0.0029514890595179976,0.0005434801185401919,159,89699,133,292400,5.434801185401919,0.69,0.37253104996953207,0.17732172610234292
PRIMARY__CICIDS2017_COVERAGE_R1__Oort-Style-Adapted__b0.8__seed3407,CICIDS2017_COVERAGE_R1,3407,Oort-Style-Adapted,0.8,0.69,0.765292593183417,0.5043672922966749,0.5194312796208531,0.01220055214177576,0.023841117226077308,0.0034659675484261295,1014,88736,1096,291545,34.65967548426129,0.69,0.5548660005369546,0.2577406203129463
PRIMARY__CICIDS2017_COVERAGE_R1__Oracle-Score-Exact__b0.8__seed3407,CICIDS2017_COVERAGE_R1,3407,Oracle-Score-Exact,0.8,0.69,0.7649813933905348,0.5003918777164141,0.43223443223443225,0.0013135630955561492,0.002619166527939626,0.00052980766272786,155,89714,118,292404,5.298076627278601,0.69,0.345148833713082,0.17128074640231686
PRIMARY__CICIDS2017_COVERAGE_R1__Random-Budget__b1.0__seed3407,CICIDS2017_COVERAGE_R1,3407,Random-Budget,1.0,0.69,0.764340687934601,0.5000348689706593,0.24363636363636362,0.0014916733458010508,0.0029651921842844815,0.0014219354044825146,416,89698,134,292143,14.219354044825147,0.69,0.3473635318772843,0.1718650290183775
PRIMARY__CICIDS2017_COVERAGE_R1__Cost-Only__b1.0__seed3407,CICIDS2017_COVERAGE_R1,3407,Cost-Only,1.0,0.69,0.764340687934601,0.5000348689706593,0.24363636363636362,0.0014916733458010508,0.0029651921842844815,0.0014219354044825146,416,89698,134,292143,14.219354044825147,0.69,0.3473635318772843,0.1718650290183775
PRIMARY__CICIDS2017_COVERAGE_R1__Utility-Only__b1.0__seed3407,CICIDS2017_COVERAGE_R1,3407,Utility-Only,1.0,0.69,0.7640399486389585,0.4997920447582337,0.19032761310452417,0.0013580906581173746,0.002696937207785748,0.0017740011416500603,519,89710,122,292040,17.740011416500604,0.69,0.3587565062550293,0.1739623338621253
PRIMARY__CICIDS2017_COVERAGE_R1__Utility-Cost-Ratio__b1.0__seed3407,CICIDS2017_COVERAGE_R1,3407,Utility-Cost-Ratio,1.0,0.69,0.7640399486389585,0.4997920447582337,0.19032761310452417,0.0013580906581173746,0.002696937207785748,0.0017740011416500603,519,89710,122,292040,17.740011416500604,0.69,0.3587565062550293,0.1739623338621253
PRIMARY__CICIDS2017_COVERAGE_R1__CB-Score__b1.0__seed3407,CICIDS2017_COVERAGE_R1,3407,CB-Score,1.0,0.69,0.7647904893159096,0.5002825441105011,0.3446327683615819,0.0013580906581173746,0.002705519703723416,0.0007930024371152485,232,89710,122,292327,7.930024371152485,0.69,0.35071912456058707,0.17236450800057376
PRIMARY__CICIDS2017_COVERAGE_R1__Historical-DoubleCost__b1.0__seed3407,CICIDS2017_COVERAGE_R1,3407,Historical-DoubleCost,1.0,0.69,0.7647904893159096,0.5002825441105011,0.3446327683615819,0.0013580906581173746,0.002705519703723416,0.0007930024371152485,232,89710,122,292327,7.930024371152485,0.69,0.35071912456058707,0.17236450800057376
PRIMARY__CICIDS2017_COVERAGE_R1__Oort-Style-Adapted__b1.0__seed3407,CICIDS2017_COVERAGE_R1,3407,Oort-Style-Adapted,1.0,0.69,0.7640399486389585,0.4997920447582337,0.19032761310452417,0.0013580906581173746,0.002696937207785748,0.0017740011416500603,519,89710,122,292040,17.740011416500604,0.69,0.3587565062550293,0.1739623338621253
PRIMARY__CICIDS2017_COVERAGE_R1__Oracle-Score-Exact__b1.0__seed3407,CICIDS2017_COVERAGE_R1,3407,Oracle-Score-Exact,1.0,0.69,0.7647904893159096,0.5002825441105011,0.3446327683615819,0.0013580906581173746,0.002705519703723416,0.0007930024371152485,232,89710,122,292327,7.930024371152485,0.69,0.35071912456058707,0.17236450800057376
PRIMARY__CICIDS2017_COVERAGE_R1__Full-Contextual__seed11,CICIDS2017_COVERAGE_R1,11,Full-Contextual,,0.84,0.7651173798546513,0.500453750460789,0.5362318840579711,0.0012356398610740048,0.002465598240762336,0.0003281389394959649,96,89721,111,292463,3.2813893949596493,0.84,0.29699842740442733,0.1634132126663696
PRIMARY__CICIDS2017_COVERAGE_R1__Random-Budget__b0.1__seed11,CICIDS2017_COVERAGE_R1,11,Random-Budget,0.1,0.84,0.7646440423545533,0.5018607264609423,0.4350547730829421,0.0061893311960103305,0.012205026890571836,0.0024678782741259027,722,89276,556,291837,24.678782741259027,0.84,0.43339248428765936,0.19434309229068875
PRIMARY__CICIDS2017_COVERAGE_R1__Cost-Only__b0.1__seed11,CICIDS2017_COVERAGE_R1,11,Cost-Only,0.1,0.84,0.6571755088378126,0.4421717627414043,0.06876946552120566,0.03662392020660789,0.04779441139511741,0.1522803947237993,44551,86542,3290,248008,1522.803947237993,0.84,0.48356179489210377,0.20759258206366937
PRIMARY__CICIDS2017_COVERAGE_R1__Utility-Only__b0.1__seed11,CICIDS2017_COVERAGE_R1,11,Utility-Only,0.1,0.84,0.7652402906972183,0.5005147916969684,0.7066666666666667,0.001179980407872473,0.002356026760907737,0.0001503970139356506,44,89726,106,292515,1.503970139356506,0.84,0.3076920786952744,0.1770678936896774
PRIMARY__CICIDS2017_COVERAGE_R1__Utility-Cost-Ratio__b0.1__seed11,CICIDS2017_COVERAGE_R1,11,Utility-Cost-Ratio,0.1,0.84,0.7652402906972183,0.5005147916969684,0.7066666666666667,0.001179980407872473,0.002356026760907737,0.0001503970139356506,44,89726,106,292515,1.503970139356506,0.84,0.3076920786952744,0.1770678936896774
PRIMARY__CICIDS2017_COVERAGE_R1__CB-Score__b0.1__seed11,CICIDS2017_COVERAGE_R1,11,CB-Score,0.1,0.84,0.7649813933905348,0.5003571657213216,0.42745098039215684,0.0012133760797933921,0.002419883001986968,0.0004990446371501133,146,89723,109,292413,4.990446371501133,0.84,0.24518983541530492,0.19585803173370187
PRIMARY__CICIDS2017_COVERAGE_R1__Historical-DoubleCost__b0.1__seed11,CICIDS2017_COVERAGE_R1,11,Historical-DoubleCost,0.1,0.84,0.7649813933905348,0.5003571657213216,0.42745098039215684,0.0012133760797933921,0.002419883001986968,0.0004990446371501133,146,89723,109,292413,4.990446371501133,0.84,0.24518983541530492,0.19585803173370187
PRIMARY__CICIDS2017_COVERAGE_R1__Oort-Style-Adapted__b0.1__seed11,CICIDS2017_COVERAGE_R1,11,Oort-Style-Adapted,0.1,0.84,0.7652193697027388,0.5005165467945305,0.6626506024096386,0.0012245079704336984,0.002444498766639259,0.0001914143813726462,56,89722,110,292503,1.914143813726462,0.84,0.2658679863104831,0.1665599895792507
PRIMARY__CICIDS2017_COVERAGE_R1__Oracle-Score-Exact__b0.1__seed11,CICIDS2017_COVERAGE_R1,11,Oracle-Score-Exact,0.1,0.84,0.7649813933905348,0.5003571657213216,0.42745098039215684,0.0012133760797933921,0.002419883001986968,0.0004990446371501133,146,89723,109,292413,4.990446371501133,0.84,0.24518983541530492,0.19585803173370187
PRIMARY__CICIDS2017_COVERAGE_R1__Random-Budget__b0.2__seed11,CICIDS2017_COVERAGE_R1,11,Random-Budget,0.2,0.84,0.762515331166267,0.4988728023077822,0.11234177215189874,0.0015807284709235016,0.0031175902344779136,0.00383512385535909,1122,89690,142,291437,38.351238553590896,0.84,0.3978328050965297,0.18355074529891974
PRIMARY__CICIDS2017_COVERAGE_R1__Cost-Only__b0.2__seed11,CICIDS2017_COVERAGE_R1,11,Cost-Only,0.2,0.84,0.7652638268160077,0.5005456007631317,0.738255033557047,0.0012245079704336984,0.002444960602793923,0.00013330644417023575,39,89722,110,292520,1.3330644417023574,0.84,0.3925732437211125,0.18269568329004196
PRIMARY__CICIDS2017_COVERAGE_R1__Utility-Only__b0.2__seed11,CICIDS2017_COVERAGE_R1,11,Utility-Only,0.2,0.84,0.7651958335839494,0.5004934515050544,0.631578947368421,0.0012022441891530857,0.0023999200026665777,0.00021534117904422698,63,89724,108,292496,2.1534117904422696,0.84,0.36817805765043593,0.17608448478443992
PRIMARY__CICIDS2017_COVERAGE_R1__Utility-Cost-Ratio__b0.2__seed11,CICIDS2017_COVERAGE_R1,11,Utility-Cost-Ratio,0.2,0.84,0.7651958335839494,0.5004934515050544,0.631578947368421,0.0012022441891530857,0.0023999200026665777,0.00021534117904422698,63,89724,108,292496,2.1534117904422696,0.84,0.36817805765043593,0.17608448478443992
PRIMARY__CICIDS2017_COVERAGE_R1__CB-Score__b0.2__seed11,CICIDS2017_COVERAGE_R1,11,CB-Score,0.2,0.84,0.7651906033353295,0.5004977471677885,0.6214689265536724,0.0012245079704336984,0.002444200024442,0.00022901363485655884,67,89722,110,292492,2.2901363485655883,0.84,0.28447664857510296,0.16234888470523123
PRIMARY__CICIDS2017_COVERAGE_R1__Historical-DoubleCost__b0.2__seed11,CICIDS2017_COVERAGE_R1,11,Historical-DoubleCost,0.2,0.84,0.7651906033353295,0.5004977471677885,0.6214689265536724,0.0012245079704336984,0.002444200024442,0.00022901363485655884,67,89722,110,292492,2.2901363485655883,0.84,0.28447664857510296,0.16234888470523123
PRIMARY__CICIDS2017_COVERAGE_R1__Oort-Style-Adapted__b0.2__seed11,CICIDS2017_COVERAGE_R1,11,Oort-Style-Adapted,0.2,0.84,0.764976163141915,0.5001493325251571,0.3708609271523179,0.0006233858758571555,0.0012446795505817766,0.00032472082554288196,95,89776,56,292464,3.2472082554288195,0.84,0.3244839907540386,0.16930089661242734
PRIMARY__CICIDS2017_COVERAGE_R1__Oracle-Score-Exact__b0.2__seed11,CICIDS2017_COVERAGE_R1,11,Oracle-Score-Exact,0.2,0.84,0.764934321152956,0.5003302595840875,0.4,0.0012245079704336984,0.0024415417226186643,0.0005639888022586897,165,89722,110,292394,5.639888022586897,0.84,0.28902538134031247,0.17409114145384855
PRIMARY__CICIDS2017_COVERAGE_R1__Random-Budget__b0.4__seed11,CICIDS2017_COVERAGE_R1,11,Random-Budget,0.4,0.84,0.7652089092054991,0.5005675638917786,0.625,0.0013914863300382937,0.0027767904744979565,0.00025635854648122257,75,89707,125,292484,2.563585464812226,0.84,0.37472650098108556,0.17852765962972172
PRIMARY__CICIDS2017_COVERAGE_R1__Cost-Only__b0.4__seed11,CICIDS2017_COVERAGE_R1,11,Cost-Only,0.4,0.84,0.7629729779205054,0.4992027423854259,0.13574660633484162,0.0016697835960459524,0.003298987210926246,0.0032642988251942342,955,89682,150,291604,32.64298825194234,0.84,0.41774500662217495,0.188362451396758
PRIMARY__CICIDS2017_COVERAGE_R1__Utility-Only__b0.4__seed11,CICIDS2017_COVERAGE_R1,11,Utility-Only,0.4,0.84,0.7652664419403177,0.5005473098201083,0.7432432432432432,0.0012245079704336984,0.0024449877750611247,0.0001298883302171528,38,89722,110,292521,1.2988833021715278,0.84,0.26945348054606777,0.1734895338767179
PRIMARY__CICIDS2017_COVERAGE_R1__Utility-Cost-Ratio__b0.4__seed11,CICIDS2017_COVERAGE_R1,11,Utility-Cost-Ratio,0.4,0.84,0.7652664419403177,0.5005473098201083,0.7432432432432432,0.0012245079704336984,0.0024449877750611247,0.0001298883302171528,38,89722,110,292521,1.2988833021715278,0.84,0.26945348054606777,0.1734895338767179
PRIMARY__CICIDS2017_COVERAGE_R1__CB-Score__b0.4__seed11,CICIDS2017_COVERAGE_R1,11,CB-Score,0.4,0.84,0.765211524329809,0.5005114196236009,0.650887573964497,0.0012245079704336984,0.002444417284252397,0.00020166872323189512,59,89722,110,292500,2.016687232318951,0.84,0.28455750898966936,0.16806952693725868
PRIMARY__CICIDS2017_COVERAGE_R1__Historical-DoubleCost__b0.4__seed11,CICIDS2017_COVERAGE_R1,11,Historical-DoubleCost,0.4,0.84,0.765214139454119,0.5005131286805774,0.6547619047619048,0.0012245079704336984,0.0024444444444444444,0.00019825060927881213,58,89722,110,292501,1.9825060927881213,0.84,0.2857617788123874,0.16511436391015177
PRIMARY__CICIDS2017_COVERAGE_R1__Oort-Style-Adapted__b0.4__seed11,CICIDS2017_COVERAGE_R1,11,Oort-Style-Adapted,0.4,0.84,0.7652664419403177,0.5005473098201083,0.7432432432432432,0.0012245079704336984,0.0024449877750611247,0.0001298883302171528,38,89722,110,292521,1.2988833021715278,0.84,0.26945348054606777,0.1734895338767179
PRIMARY__CICIDS2017_COVERAGE_R1__Oracle-Score-Exact__b0.4__seed11,CICIDS2017_COVERAGE_R1,11,Oracle-Score-Exact,0.4,0.84,0.7523163463575241,0.4930251404281161,0.06335003579098067,0.0039406892866684475,0.007419828128274995,0.017890408430436253,5234,89478,354,287325,178.90408430436253,0.84,0.27429871540532125,0.16496984251646207
PRIMARY__CICIDS2017_COVERAGE_R1__Random-Budget__b0.6__seed11,CICIDS2017_COVERAGE_R1,11,Random-Budget,0.6,0.84,0.7650807681143124,0.5005262458717077,0.5018450184501845,0.0015139371270816635,0.0030187674106300568,0.00046144538366620064,135,89696,136,292424,4.6144538366620065,0.84,0.35033024655954836,0.1739820504999457
PRIMARY__CICIDS2017_COVERAGE_R1__Cost-Only__b0.6__seed11,CICIDS2017_COVERAGE_R1,11,Cost-Only,0.6,0.84,0.762912830061377,0.499028442982939,0.10869565217391304,0.0012801674236352302,0.0025305314115964352,0.0032232814577572385,943,89717,115,291616,32.232814577572384,0.84,0.3398571549578699,0.1707679645093916
PRIMARY__CICIDS2017_COVERAGE_R1__Utility-Only__b0.6__seed11,CICIDS2017_COVERAGE_R1,11,Utility-Only,0.6,0.84,0.7653344351723759,0.5005878884131547,0.9083333333333333,0.0012133760797933921,0.0024235147634293847,3.759925348391265e-05,11,89723,109,292548,0.3759925348391265,0.84,0.28357083420388457,0.18928934344420717
PRIMARY__CICIDS2017_COVERAGE_R1__Utility-Cost-Ratio__b0.6__seed11,CICIDS2017_COVERAGE_R1,11,Utility-Cost-Ratio,0.6,0.84,0.7653344351723759,0.5005878884131547,0.9083333333333333,0.0012133760797933921,0.0024235147634293847,3.759925348391265e-05,11,89723,109,292548,0.3759925348391265,0.84,0.28357083420388457,0.18928934344420717
PRIMARY__CICIDS2017_COVERAGE_R1__CB-Score__b0.6__seed11,CICIDS2017_COVERAGE_R1,11,CB-Score,0.6,0.84,0.765054616871213,0.5004088762050084,0.48034934497816595,0.0012245079704336984,0.0024427887764959305,0.0004067555604168732,119,89722,110,292440,4.0675556041687315,0.84,0.2777854713815858,0.16171748692560664
PRIMARY__CICIDS2017_COVERAGE_R1__Historical-DoubleCost__b0.6__seed11,CICIDS2017_COVERAGE_R1,11,Historical-DoubleCost,0.6,0.84,0.765054616871213,0.5004088762050084,0.48034934497816595,0.0012245079704336984,0.0024427887764959305,0.0004067555604168732,119,89722,110,292440,4.0675556041687315,0.84,0.2777854713815858,0.16171748692560664
PRIMARY__CICIDS2017_COVERAGE_R1__Oort-Style-Adapted__b0.6__seed11,CICIDS2017_COVERAGE_R1,11,Oort-Style-Adapted,0.6,0.84,0.7653344351723759,0.5005878884131547,0.9083333333333333,0.0012133760797933921,0.0024235147634293847,3.759925348391265e-05,11,89723,109,292548,0.3759925348391265,0.84,0.28357083420388457,0.18928934344420717
PRIMARY__CICIDS2017_COVERAGE_R1__Oracle-Score-Exact__b0.6__seed11,CICIDS2017_COVERAGE_R1,11,Oracle-Score-Exact,0.6,0.84,0.7647957195645295,0.5002396795643308,0.3353658536585366,0.0012245079704336984,0.0024401064773735583,0.000745148841772087,218,89722,110,292341,7.45148841772087,0.84,0.28639092377572367,0.1667576037045823
PRIMARY__CICIDS2017_COVERAGE_R1__Random-Budget__b0.8__seed11,CICIDS2017_COVERAGE_R1,11,Random-Budget,0.8,0.84,0.7646257364843838,0.5002172992927587,0.30296127562642367,0.0014805414551607445,0.0029466827663369188,0.0010459428696433881,306,89699,133,292253,10.459428696433882,0.84,0.3478595815172678,0.1730756255577892
PRIMARY__CICIDS2017_COVERAGE_R1__Cost-Only__b0.8__seed11,CICIDS2017_COVERAGE_R1,11,Cost-Only,0.8,0.84,0.7639301134179414,0.49982825723884006,0.2029769959404601,0.0016697835960459524,0.0033123185125481665,0.002013269118365868,589,89682,150,291970,20.132691183658682,0.84,0.4071902851954501,0.1869402539355574
PRIMARY__CICIDS2017_COVERAGE_R1__Utility-Only__b0.8__seed11,CICIDS2017_COVERAGE_R1,11,Utility-Only,0.8,0.84,0.6630412326649947,0.6000454410952941,0.3445200675826453,0.4812205004898032,0.40155498170063353,0.28112961829921485,82247,46603,43229,210312,2811.2961829921487,0.84,0.5662210771774361,0.3055390402936648
PRIMARY__CICIDS2017_COVERAGE_R1__Utility-Cost-Ratio__b0.8__seed11,CICIDS2017_COVERAGE_R1,11,Utility-Cost-Ratio,0.8,0.84,0.6630412326649947,0.6000454410952941,0.3445200675826453,0.4812205004898032,0.40155498170063353,0.28112961829921485,82247,46603,43229,210312,2811.2961829921487,0.84,0.5662210771774361,0.3055390402936648
PRIMARY__CICIDS2017_COVERAGE_R1__CB-Score__b0.8__seed11,CICIDS2017_COVERAGE_R1,11,CB-Score,0.8,0.84,0.7650755378656925,0.5004225486608207,0.497737556561086,0.0012245079704336984,0.002443005785481883,0.0003794106487922094,111,89722,110,292448,3.7941064879220945,0.84,0.2953350575663523,0.1722302645081896
PRIMARY__CICIDS2017_COVERAGE_R1__Historical-DoubleCost__b0.8__seed11,CICIDS2017_COVERAGE_R1,11,Historical-DoubleCost,0.8,0.84,0.7650755378656925,0.5004225486608207,0.497737556561086,0.0012245079704336984,0.002443005785481883,0.0003794106487922094,111,89722,110,292448,3.7941064879220945,0.84,0.2953350575663523,0.1722302645081896
PRIMARY__CICIDS2017_COVERAGE_R1__Oort-Style-Adapted__b0.8__seed11,CICIDS2017_COVERAGE_R1,11,Oort-Style-Adapted,0.8,0.84,0.765253366318768,0.5005387645352255,0.7189542483660131,0.0012245079704336984,0.0024448519197644053,0.0001469788999825676,43,89722,110,292516,1.4697889998256761,0.84,0.27509739327683513,0.184896155430948
PRIMARY__CICIDS2017_COVERAGE_R1__Oracle-Score-Exact__b0.8__seed11,CICIDS2017_COVERAGE_R1,11,Oracle-Score-Exact,0.8,0.84,0.7650755378656925,0.5004225486608207,0.497737556561086,0.0012245079704336984,0.002443005785481883,0.0003794106487922094,111,89722,110,292448,3.7941064879220945,0.84,0.2953350575663523,0.1722302645081896
PRIMARY__CICIDS2017_COVERAGE_R1__Random-Budget__b1.0__seed11,CICIDS2017_COVERAGE_R1,11,Random-Budget,1.0,0.84,0.764657117976103,0.500268663083226,0.3182844243792325,0.0015695965802831953,0.003123788424259208,0.0010322704138310563,302,89691,141,292257,10.322704138310563,0.84,0.36723484957221575,0.1771124661147652
PRIMARY__CICIDS2017_COVERAGE_R1__Cost-Only__b1.0__seed11,CICIDS2017_COVERAGE_R1,11,Cost-Only,1.0,0.84,0.764657117976103,0.500268663083226,0.3182844243792325,0.0015695965802831953,0.003123788424259208,0.0010322704138310563,302,89691,141,292257,10.322704138310563,0.84,0.36723484957221575,0.1771124661147652
PRIMARY__CICIDS2017_COVERAGE_R1__Utility-Only__b1.0__seed11,CICIDS2017_COVERAGE_R1,11,Utility-Only,1.0,0.84,0.7652429058215282,0.5005550696373811,0.6863905325443787,0.0012912993142755365,0.0025777491361207096,0.0001811600395133973,53,89716,116,292506,1.811600395133973,0.84,0.30817275994974336,0.16535651083458167
PRIMARY__CICIDS2017_COVERAGE_R1__Utility-Cost-Ratio__b1.0__seed11,CICIDS2017_COVERAGE_R1,11,Utility-Cost-Ratio,1.0,0.84,0.7652429058215282,0.5005550696373811,0.6863905325443787,0.0012912993142755365,0.0025777491361207096,0.0001811600395133973,53,89716,116,292506,1.811600395133973,0.84,0.30817275994974336,0.16535651083458167
PRIMARY__CICIDS2017_COVERAGE_R1__CB-Score__b1.0__seed11,CICIDS2017_COVERAGE_R1,11,CB-Score,1.0,0.84,0.7649866236391547,0.5003644407236183,0.43137254901960786,0.0012245079704336984,0.002442083763473087,0.0004956265231970304,145,89722,110,292414,4.9562652319703036,0.84,0.29605192582623563,0.16744000501691925
PRIMARY__CICIDS2017_COVERAGE_R1__Historical-DoubleCost__b1.0__seed11,CICIDS2017_COVERAGE_R1,11,Historical-DoubleCost,1.0,0.84,0.7649866236391547,0.5003644407236183,0.43137254901960786,0.0012245079704336984,0.002442083763473087,0.0004956265231970304,145,89722,110,292414,4.9562652319703036,0.84,0.29605192582623563,0.16744000501691925
PRIMARY__CICIDS2017_COVERAGE_R1__Oort-Style-Adapted__b1.0__seed11,CICIDS2017_COVERAGE_R1,11,Oort-Style-Adapted,1.0,0.84,0.7652429058215282,0.5005550696373811,0.6863905325443787,0.0012912993142755365,0.0025777491361207096,0.0001811600395133973,53,89716,116,292506,1.811600395133973,0.84,0.30817275994974336,0.16535651083458167
PRIMARY__CICIDS2017_COVERAGE_R1__Oracle-Score-Exact__b1.0__seed11,CICIDS2017_COVERAGE_R1,11,Oracle-Score-Exact,1.0,0.84,0.7649866236391547,0.5003644407236183,0.43137254901960786,0.0012245079704336984,0.002442083763473087,0.0004956265231970304,145,89722,110,292414,4.9562652319703036,0.84,0.29605192582623563,0.16744000501691925
PRIMARY__CICIDS2017_COVERAGE_R1__Full-Contextual__seed314,CICIDS2017_COVERAGE_R1,314,Full-Contextual,,0.69,0.7650310807524235,0.5005014875658407,0.46938775510204084,0.0015362009083622762,0.003062379335596831,0.000533225776680943,156,89694,138,292403,5.3322577668094295,0.69,0.3213607405350546,0.1680634528368968
PRIMARY__CICIDS2017_COVERAGE_R1__Random-Budget__b0.1__seed314,CICIDS2017_COVERAGE_R1,314,Random-Budget,0.1,0.69,0.7652585965673878,0.5005421826491786,0.7284768211920529,0.0012245079704336984,0.002444906260071347,0.0001401426720764017,41,89722,110,292518,1.4014267207640168,0.69,0.27590231921728703,0.16952201878758713
PRIMARY__CICIDS2017_COVERAGE_R1__Cost-Only__b0.1__seed314,CICIDS2017_COVERAGE_R1,314,Cost-Only,0.1,0.69,0.7652089092054991,0.5002898679310385,0.9464285714285714,0.0005899902039362365,0.0011792452830188679,1.0254341859248904e-05,3,89779,53,292556,0.10254341859248904,0.69,0.2960174104168335,0.22349665420677498
PRIMARY__CICIDS2017_COVERAGE_R1__Utility-Only__b0.1__seed314,CICIDS2017_COVERAGE_R1,314,Utility-Only,0.1,0.69,0.7648820186667573,0.5001688011292175,0.33624454148471616,0.0008571555793035889,0.0017099521435471514,0.0005195533208686112,152,89755,77,292407,5.195533208686111,0.69,0.28090328553916616,0.1840479810962037
PRIMARY__CICIDS2017_COVERAGE_R1__Utility-Cost-Ratio__b0.1__seed314,CICIDS2017_COVERAGE_R1,314,Utility-Cost-Ratio,0.1,0.69,0.7648820186667573,0.5001688011292175,0.33624454148471616,0.0008571555793035889,0.0017099521435471514,0.0005195533208686112,152,89755,77,292407,5.195533208686111,0.69,0.28090328553916616,0.1840479810962037
PRIMARY__CICIDS2017_COVERAGE_R1__CB-Score__b0.1__seed314,CICIDS2017_COVERAGE_R1,314,CB-Score,0.1,0.69,0.7650180051308739,0.5001689636600946,0.4122137404580153,0.0006011220945765428,0.001200493536231562,0.00026319477438738854,77,89778,54,292482,2.6319477438738854,0.69,0.2813693483940396,0.16309416674272853
PRIMARY__CICIDS2017_COVERAGE_R1__Historical-DoubleCost__b0.1__seed314,CICIDS2017_COVERAGE_R1,314,Historical-DoubleCost,0.1,0.69,0.7650180051308739,0.5001689636600946,0.4122137404580153,0.0006011220945765428,0.001200493536231562,0.00026319477438738854,77,89778,54,292482,2.6319477438738854,0.69,0.2813693483940396,0.16309416674272853
PRIMARY__CICIDS2017_COVERAGE_R1__Oort-Style-Adapted__b0.1__seed314,CICIDS2017_COVERAGE_R1,314,Oort-Style-Adapted,0.1,0.69,0.7651906033353295,0.5002817614205464,0.8307692307692308,0.0006011220945765428,0.0012013749068378256,3.759925348391265e-05,11,89778,54,292548,0.3759925348391265,0.69,0.2834142258773794,0.17042976467208704
PRIMARY__CICIDS2017_COVERAGE_R1__Oracle-Score-Exact__b0.1__seed314,CICIDS2017_COVERAGE_R1,314,Oracle-Score-Exact,0.1,0.69,0.7650180051308739,0.5001689636600946,0.4122137404580153,0.0006011220945765428,0.001200493536231562,0.00026319477438738854,77,89778,54,292482,2.6319477438738854,0.69,0.2813693483940396,0.16309416674272853
PRIMARY__CICIDS2017_COVERAGE_R1__Random-Budget__b0.2__seed314,CICIDS2017_COVERAGE_R1,314,Random-Budget,0.2,0.69,0.7635378447714513,0.4995294729205791,0.16032295271049596,0.0015473327990025826,0.0030650834077553227,0.0024883869578444006,728,89693,139,291831,24.883869578444006,0.69,0.3250720950823197,0.168109028860584
PRIMARY__CICIDS2017_COVERAGE_R1__Cost-Only__b0.2__seed314,CICIDS2017_COVERAGE_R1,314,Cost-Only,0.2,0.69,0.7651775277137799,0.5002732161356637,0.7714285714285715,0.0006011220945765428,0.0012013080910324575,5.4689823249327484e-05,16,89778,54,292543,0.5468982324932748,0.69,0.2577171397807742,0.17879534331460092
PRIMARY__CICIDS2017_COVERAGE_R1__Utility-Only__b0.2__seed314,CICIDS2017_COVERAGE_R1,314,Utility-Only,0.2,0.69,0.7518770054734552,0.49571939354566896,0.15434127636264036,0.012545640751625255,0.023205056931661416,0.021106853660287327,6175,88705,1127,286384,211.06853660287328,0.69,0.41007086971860307,0.18648832635523346
PRIMARY__CICIDS2017_COVERAGE_R1__Utility-Cost-Ratio__b0.2__seed314,CICIDS2017_COVERAGE_R1,314,Utility-Cost-Ratio,0.2,0.69,0.7518770054734552,0.49571939354566896,0.15434127636264036,0.012545640751625255,0.023205056931661416,0.021106853660287327,6175,88705,1127,286384,211.06853660287328,0.69,0.41007086971860307,0.18648832635523346
PRIMARY__CICIDS2017_COVERAGE_R1__CB-Score__b0.2__seed314,CICIDS2017_COVERAGE_R1,314,CB-Score,0.2,0.69,0.7653004385563468,0.5005271017890236,0.8761061946902655,0.0011020571733903286,0.0022013452665517815,4.785359534316155e-05,14,89733,99,292545,0.4785359534316155,0.69,0.32854976706080025,0.17016639256201857
PRIMARY__CICIDS2017_COVERAGE_R1__Historical-DoubleCost__b0.2__seed314,CICIDS2017_COVERAGE_R1,314,Historical-DoubleCost,0.2,0.69,0.7651932184596395,0.5005033131131087,0.6235955056179775,0.0012356398610740048,0.002466392623041884,0.00022901363485655884,67,89721,111,292492,2.2901363485655883,0.69,0.30090089990398905,0.1657426652975939
PRIMARY__CICIDS2017_COVERAGE_R1__Oort-Style-Adapted__b0.2__seed314,CICIDS2017_COVERAGE_R1,314,Oort-Style-Adapted,0.2,0.69,0.7652062940811891,0.5005080015096478,0.6432748538011696,0.0012245079704336984,0.0024443629656789216,0.00020850495113806103,61,89722,110,292498,2.0850495113806105,0.69,0.3303577614697569,0.16999180611753695
PRIMARY__CICIDS2017_COVERAGE_R1__Oracle-Score-Exact__b0.2__seed314,CICIDS2017_COVERAGE_R1,314,Oracle-Score-Exact,0.2,0.69,0.7653004385563468,0.5005271017890236,0.8761061946902655,0.0011020571733903286,0.0022013452665517815,4.785359534316155e-05,14,89733,99,292545,0.4785359534316155,0.69,0.32854976706080025,0.17016639256201857
PRIMARY__CICIDS2017_COVERAGE_R1__Random-Budget__b0.4__seed314,CICIDS2017_COVERAGE_R1,314,Random-Budget,0.4,0.69,0.765052001746903,0.5004110240363755,0.47844827586206895,0.0012356398610740048,0.0024649138390477883,0.0004135917883230391,121,89721,111,292438,4.135917883230391,0.69,0.3285067597507646,0.16875938378007585
PRIMARY__CICIDS2017_COVERAGE_R1__Cost-Only__b0.4__seed314,CICIDS2017_COVERAGE_R1,314,Cost-Only,0.4,0.69,0.7653004385563468,0.5005695275608033,0.8148148148148148,0.0012245079704336984,0.0024453410695032623,8.54528488270742e-05,25,89722,110,292534,0.854528488270742,0.69,0.29560766920054227,0.16636416290879705
PRIMARY__CICIDS2017_COVERAGE_R1__Utility-Only__b0.4__seed314,CICIDS2017_COVERAGE_R1,314,Utility-Only,0.4,0.69,0.7648977094126169,0.5003063327864159,0.3806228373702422,0.0012245079704336984,0.002441162437167808,0.0006118423976018512,179,89722,110,292380,6.118423976018512,0.69,0.2805011747318572,0.17015329605031929
PRIMARY__CICIDS2017_COVERAGE_R1__Utility-Cost-Ratio__b0.4__seed314,CICIDS2017_COVERAGE_R1,314,Utility-Cost-Ratio,0.4,0.69,0.7648977094126169,0.5003063327864159,0.3806228373702422,0.0012245079704336984,0.002441162437167808,0.0006118423976018512,179,89722,110,292380,6.118423976018512,0.69,0.2805011747318572,0.17015329605031929
PRIMARY__CICIDS2017_COVERAGE_R1__CB-Score__b0.4__seed314,CICIDS2017_COVERAGE_R1,314,CB-Score,0.4,0.69,0.7652795175618673,0.5005597119933346,0.7655172413793103,0.0012356398610740048,0.0024672971981728664,0.00011621587440482091,34,89721,111,292525,1.162158744048209,0.69,0.3303474688305015,0.17252084075599772
PRIMARY__CICIDS2017_COVERAGE_R1__Historical-DoubleCost__b0.4__seed314,CICIDS2017_COVERAGE_R1,314,Historical-DoubleCost,0.4,0.69,0.7652795175618673,0.5005597119933346,0.7655172413793103,0.0012356398610740048,0.0024672971981728664,0.00011621587440482091,34,89721,111,292525,1.162158744048209,0.69,0.3303474688305015,0.17252084075599772
PRIMARY__CICIDS2017_COVERAGE_R1__Oort-Style-Adapted__b0.4__seed314,CICIDS2017_COVERAGE_R1,314,Oort-Style-Adapted,0.4,0.69,0.7652664419403177,0.5005511667084519,0.74,0.0012356398610740048,0.002467160098686404,0.00013330644417023575,39,89721,111,292520,1.3330644417023574,0.69,0.2835647521283803,0.16463324057464476
PRIMARY__CICIDS2017_COVERAGE_R1__Oracle-Score-Exact__b0.4__seed314,CICIDS2017_COVERAGE_R1,314,Oracle-Score-Exact,0.4,0.69,0.7651592218436103,0.5004772384840701,0.582010582010582,0.0012245079704336984,0.0024438742071294477,0.00027003100229355446,79,89722,110,292480,2.7003100229355446,0.69,0.301724383434683,0.16447223765255767
PRIMARY__CICIDS2017_COVERAGE_R1__Random-Budget__b0.6__seed314,CICIDS2017_COVERAGE_R1,314,Random-Budget,0.6,0.69,0.7651592218436103,0.5005119504791625,0.5748792270531401,0.0013246949861964556,0.0026432990148713333,0.0003007940278713012,88,89713,119,292471,3.007940278713012,0.69,0.3374884407614054,0.17035634002513156
PRIMARY__CICIDS2017_COVERAGE_R1__Cost-Only__b0.6__seed314,CICIDS2017_COVERAGE_R1,314,Cost-Only,0.6,0.69,0.7653082839292765,0.5005746547317329,0.8333333333333334,0.0012245079704336984,0.0024454226134898406,7.51985069678253e-05,22,89722,110,292537,0.751985069678253,0.69,0.30103741914393073,0.16650771651775284
PRIMARY__CICIDS2017_COVERAGE_R1__Utility-Only__b0.6__seed314,CICIDS2017_COVERAGE_R1,314,Utility-Only,0.6,0.69,0.7650807681143124,0.5004298236631175,0.502262443438914,0.0012356398610740048,0.0024652149289862636,0.00037599253483912645,110,89721,111,292449,3.7599253483912647,0.69,0.29287004412010115,0.16324546139846063
PRIMARY__CICIDS2017_COVERAGE_R1__Utility-Cost-Ratio__b0.6__seed314,CICIDS2017_COVERAGE_R1,314,Utility-Cost-Ratio,0.6,0.69,0.7650807681143124,0.5004298236631175,0.502262443438914,0.0012356398610740048,0.0024652149289862636,0.00037599253483912645,110,89721,111,292449,3.7599253483912647,0.69,0.29287004412010115,0.16324546139846063
PRIMARY__CICIDS2017_COVERAGE_R1__CB-Score__b0.6__seed314,CICIDS2017_COVERAGE_R1,314,CB-Score,0.6,0.69,0.7650703076170726,0.5004229874352113,0.49333333333333335,0.0012356398610740048,0.0024651054332256238,0.00038966499065145834,114,89721,111,292445,3.8966499065145834,0.69,0.3230148661655228,0.16817567778002954
PRIMARY__CICIDS2017_COVERAGE_R1__Historical-DoubleCost__b0.6__seed314,CICIDS2017_COVERAGE_R1,314,Historical-DoubleCost,0.6,0.69,0.7650703076170726,0.5004229874352113,0.49333333333333335,0.0012356398610740048,0.0024651054332256238,0.00038966499065145834,114,89721,111,292445,3.8966499065145834,0.69,0.3230148661655228,0.16817567778002954
PRIMARY__CICIDS2017_COVERAGE_R1__Oort-Style-Adapted__b0.6__seed314,CICIDS2017_COVERAGE_R1,314,Oort-Style-Adapted,0.6,0.69,0.7653004385563468,0.5005695275608033,0.8148148148148148,0.0012245079704336984,0.0024453410695032623,8.54528488270742e-05,25,89722,110,292534,0.854528488270742,0.69,0.3558102457878076,0.17379140971298032
PRIMARY__CICIDS2017_COVERAGE_R1__Oracle-Score-Exact__b0.6__seed314,CICIDS2017_COVERAGE_R1,314,Oracle-Score-Exact,0.6,0.69,0.7649657026446752,0.5003546251561496,0.4188679245283019,0.0012356398610740048,0.002464011010355506,0.0005263895487747771,154,89721,111,292405,5.263895487747771,0.69,0.3149169105278196,0.16669442669074863
PRIMARY__CICIDS2017_COVERAGE_R1__Random-Budget__b0.8__seed314,CICIDS2017_COVERAGE_R1,314,Random-Budget,0.8,0.69,0.7649552421474355,0.5004442111368337,0.4263322884012539,0.0015139371270816635,0.003017160098057703,0.0006255148534141832,183,89696,136,292376,6.255148534141831,0.69,0.31460253614433215,0.16664069956638566
PRIMARY__CICIDS2017_COVERAGE_R1__Cost-Only__b0.8__seed314,CICIDS2017_COVERAGE_R1,314,Cost-Only,0.8,0.69,0.7650284656281137,0.5004033563002739,0.46122448979591835,0.0012579036423546175,0.0025089645525494856,0.00045119104180695176,132,89719,113,292427,4.511910418069518,0.69,0.31995512908653756,0.16776711823132587
PRIMARY__CICIDS2017_COVERAGE_R1__Utility-Only__b0.8__seed314,CICIDS2017_COVERAGE_R1,314,Utility-Only,0.8,0.69,0.7651566067193004,0.5004485312086883,0.5852272727272727,0.001146584735951554,0.002288685450182206,0.00024952231857505665,73,89729,103,292486,2.4952231857505667,0.69,0.3195908650293976,0.1724489978104797
PRIMARY__CICIDS2017_COVERAGE_R1__Utility-Cost-Ratio__b0.8__seed314,CICIDS2017_COVERAGE_R1,314,Utility-Cost-Ratio,0.8,0.69,0.7651566067193004,0.5004485312086883,0.5852272727272727,0.001146584735951554,0.002288685450182206,0.00024952231857505665,73,89729,103,292486,2.4952231857505667,0.69,0.3195908650293976,0.1724489978104797
PRIMARY__CICIDS2017_COVERAGE_R1__CB-Score__b0.8__seed314,CICIDS2017_COVERAGE_R1,314,CB-Score,0.8,0.69,0.7650990739844818,0.5004533577269841,0.5181818181818182,0.0012690355329949238,0.002531870474836761,0.0003623200790267946,106,89718,114,292453,3.623200790267946,0.69,0.3289097189605005,0.16921129700022775
PRIMARY__CICIDS2017_COVERAGE_R1__Historical-DoubleCost__b0.8__seed314,CICIDS2017_COVERAGE_R1,314,Historical-DoubleCost,0.8,0.69,0.7650990739844818,0.5004533577269841,0.5181818181818182,0.0012690355329949238,0.002531870474836761,0.0003623200790267946,106,89718,114,292453,3.623200790267946,0.69,0.3289097189605005,0.16921129700022775
PRIMARY__CICIDS2017_COVERAGE_R1__Oort-Style-Adapted__b0.8__seed314,CICIDS2017_COVERAGE_R1,314,Oort-Style-Adapted,0.8,0.69,0.7651775277137799,0.5004930587712495,0.6032608695652174,0.0012356398610740048,0.002466228226093139,0.00024952231857505665,73,89721,111,292486,2.4952231857505667,0.69,0.3399723187858692,0.17079882272445784
PRIMARY__CICIDS2017_COVERAGE_R1__Oracle-Score-Exact__b0.8__seed314,CICIDS2017_COVERAGE_R1,314,Oracle-Score-Exact,0.8,0.69,0.7650990739844818,0.5004533577269841,0.5181818181818182,0.0012690355329949238,0.002531870474836761,0.0003623200790267946,106,89718,114,292453,3.623200790267946,0.69,0.3289097189605005,0.16921129700022775
PRIMARY__CICIDS2017_COVERAGE_R1__Random-Budget__b1.0__seed314,CICIDS2017_COVERAGE_R1,314,Random-Budget,1.0,0.69,0.7650310807524235,0.5005014875658407,0.46938775510204084,0.0015362009083622762,0.003062379335596831,0.000533225776680943,156,89694,138,292403,5.3322577668094295,0.69,0.3213607405350546,0.1680634528368968
PRIMARY__CICIDS2017_COVERAGE_R1__Cost-Only__b1.0__seed314,CICIDS2017_COVERAGE_R1,314,Cost-Only,1.0,0.69,0.7650310807524235,0.5005014875658407,0.46938775510204084,0.0015362009083622762,0.003062379335596831,0.000533225776680943,156,89694,138,292403,5.3322577668094295,0.69,0.3213607405350546,0.1680634528368968
PRIMARY__CICIDS2017_COVERAGE_R1__Utility-Only__b1.0__seed314,CICIDS2017_COVERAGE_R1,314,Utility-Only,1.0,0.69,0.7652664419403177,0.5005473098201083,0.7432432432432432,0.0012245079704336984,0.0024449877750611247,0.0001298883302171528,38,89722,110,292521,1.2988833021715278,0.69,0.3398925317828231,0.1722287623980867
PRIMARY__CICIDS2017_COVERAGE_R1__Utility-Cost-Ratio__b1.0__seed314,CICIDS2017_COVERAGE_R1,314,Utility-Cost-Ratio,1.0,0.69,0.7652664419403177,0.5005473098201083,0.7432432432432432,0.0012245079704336984,0.0024449877750611247,0.0001298883302171528,38,89722,110,292521,1.2988833021715278,0.69,0.3398925317828231,0.1722287623980867
PRIMARY__CICIDS2017_COVERAGE_R1__CB-Score__b1.0__seed314,CICIDS2017_COVERAGE_R1,314,CB-Score,1.0,0.69,0.7650467714982832,0.5004076059224224,0.47435897435897434,0.0012356398610740048,0.0024648591033242287,0.000420428016229205,123,89721,111,292436,4.204280162292051,0.69,0.32784157208623754,0.1691596954604054
PRIMARY__CICIDS2017_COVERAGE_R1__Historical-DoubleCost__b1.0__seed314,CICIDS2017_COVERAGE_R1,314,Historical-DoubleCost,1.0,0.69,0.7650467714982832,0.5004076059224224,0.47435897435897434,0.0012356398610740048,0.0024648591033242287,0.000420428016229205,123,89721,111,292436,4.204280162292051,0.69,0.32784157208623754,0.1691596954604054
PRIMARY__CICIDS2017_COVERAGE_R1__Oort-Style-Adapted__b1.0__seed314,CICIDS2017_COVERAGE_R1,314,Oort-Style-Adapted,1.0,0.69,0.7652664419403177,0.5005473098201083,0.7432432432432432,0.0012245079704336984,0.0024449877750611247,0.0001298883302171528,38,89722,110,292521,1.2988833021715278,0.69,0.3398925317828231,0.1722287623980867
PRIMARY__CICIDS2017_COVERAGE_R1__Oracle-Score-Exact__b1.0__seed314,CICIDS2017_COVERAGE_R1,314,Oracle-Score-Exact,1.0,0.69,0.7650467714982832,0.5004076059224224,0.47435897435897434,0.0012356398610740048,0.0024648591033242287,0.000420428016229205,123,89721,111,292436,4.204280162292051,0.69,0.32784157208623754,0.1691596954604054
PRIMARY__CICIDS2017_COVERAGE_R1__Full-Contextual__seed2718,CICIDS2017_COVERAGE_R1,2718,Full-Contextual,,0.78,0.7651383008491308,0.5005947002319405,0.5433962264150943,0.0016029922522041143,0.0031965548242449803,0.0004135917883230391,121,89688,144,292438,4.135917883230391,0.78,0.36404488138895125,0.1762495062446207
PRIMARY__CICIDS2017_COVERAGE_R1__Random-Budget__b0.1__seed2718,CICIDS2017_COVERAGE_R1,2718,Random-Budget,0.1,0.78,0.7641654746058354,0.5034648425410101,0.42892057026476577,0.011721880844242586,0.022820115509226652,0.004792195762222321,1402,88779,1053,291157,47.92195762222321,0.78,0.5734585285061866,0.264441443611902
PRIMARY__CICIDS2017_COVERAGE_R1__Cost-Only__b0.1__seed2718,CICIDS2017_COVERAGE_R1,2718,Cost-Only,0.1,0.78,0.7653815074099547,0.500672647875543,0.9461538461538461,0.001369222548757681,0.002734487894888953,2.3926797671580777e-05,7,89709,123,292552,0.23926797671580774,0.78,0.3307074553557661,0.1713124336819041
PRIMARY__CICIDS2017_COVERAGE_R1__Utility-Only__b0.1__seed2718,CICIDS2017_COVERAGE_R1,2718,Utility-Only,0.1,0.78,0.7653108990535865,0.5005455086819606,0.8869565217391304,0.0011354528453112478,0.002268002268002268,4.443548139007858e-05,13,89730,102,292546,0.44435481390078585,0.78,0.39909026189787883,0.18256451494403367
PRIMARY__CICIDS2017_COVERAGE_R1__Utility-Cost-Ratio__b0.1__seed2718,CICIDS2017_COVERAGE_R1,2718,Utility-Cost-Ratio,0.1,0.78,0.7653108990535865,0.5005455086819606,0.8869565217391304,0.0011354528453112478,0.002268002268002268,4.443548139007858e-05,13,89730,102,292546,0.44435481390078585,0.78,0.39909026189787883,0.18256451494403367
PRIMARY__CICIDS2017_COVERAGE_R1__CB-Score__b0.1__seed2718,CICIDS2017_COVERAGE_R1,2718,CB-Score,0.1,0.78,0.7875002288233771,0.5926898763731621,0.6344224256866926,0.22523154332531836,0.33244060333212844,0.03985179057899432,11659,69599,20233,280900,398.5179057899432,0.78,0.6711897401193594,0.45134143987234154
PRIMARY__CICIDS2017_COVERAGE_R1__Historical-DoubleCost__b0.1__seed2718,CICIDS2017_COVERAGE_R1,2718,Historical-DoubleCost,0.1,0.78,0.7875002288233771,0.5926898763731621,0.6344224256866926,0.22523154332531836,0.33244060333212844,0.03985179057899432,11659,69599,20233,280900,398.5179057899432,0.78,0.6711897401193594,0.45134143987234154
PRIMARY__CICIDS2017_COVERAGE_R1__Oort-Style-Adapted__b0.1__seed2718,CICIDS2017_COVERAGE_R1,2718,Oort-Style-Adapted,0.1,0.78,0.7653108990535865,0.5005455086819606,0.8869565217391304,0.0011354528453112478,0.002268002268002268,4.443548139007858e-05,13,89730,102,292546,0.44435481390078585,0.78,0.39909026189787883,0.18256451494403367
PRIMARY__CICIDS2017_COVERAGE_R1__Oracle-Score-Exact__b0.1__seed2718,CICIDS2017_COVERAGE_R1,2718,Oracle-Score-Exact,0.1,0.78,0.7875002288233771,0.5926898763731621,0.6344224256866926,0.22523154332531836,0.33244060333212844,0.03985179057899432,11659,69599,20233,280900,398.5179057899432,0.78,0.6711897401193594,0.45134143987234154
PRIMARY__CICIDS2017_COVERAGE_R1__Random-Budget__b0.2__seed2718,CICIDS2017_COVERAGE_R1,2718,Random-Budget,0.2,0.78,0.7638411991914036,0.4997392941948887,0.18758256274768825,0.0015807284709235016,0.0031350384704544702,0.0021021400811460254,615,89690,142,291944,21.021400811460254,0.78,0.3903072638784955,0.18085226726480338
PRIMARY__CICIDS2017_COVERAGE_R1__Cost-Only__b0.2__seed2718,CICIDS2017_COVERAGE_R1,2718,Cost-Only,0.2,0.78,0.7638072025753744,0.49964765246400866,0.16893732970027248,0.0013803544393979873,0.002738334474306031,0.0020850495113806104,610,89708,124,291949,20.850495113806105,0.78,0.3308020759125327,0.16835427111014747
PRIMARY__CICIDS2017_COVERAGE_R1__Utility-Only__b0.2__seed2718,CICIDS2017_COVERAGE_R1,2718,Utility-Only,0.2,0.78,0.7626251663872842,0.5262243539551624,0.4694820406038522,0.08031659096981031,0.13716730038022815,0.027867883059485437,8153,82617,7215,284406,278.6788305948544,0.78,0.6420834060215249,0.3916049644005783
PRIMARY__CICIDS2017_COVERAGE_R1__Utility-Cost-Ratio__b0.2__seed2718,CICIDS2017_COVERAGE_R1,2718,Utility-Cost-Ratio,0.2,0.78,0.7514402797136962,0.49534527259868344,0.14872692981274419,0.01228960726689821,0.022703202920158348,0.021599062069531275,6319,88728,1104,286240,215.99062069531274,0.78,0.4531610373218621,0.20127907450387372
PRIMARY__CICIDS2017_COVERAGE_R1__CB-Score__b0.2__seed2718,CICIDS2017_COVERAGE_R1,2718,CB-Score,0.2,0.78,0.7648820186667573,0.5003462179930236,0.38317757009345793,0.001369222548757681,0.0027286945525939236,0.0006767865627104276,198,89709,123,292361,6.7678656271042765,0.78,0.33388393412308337,0.16909856386950475
PRIMARY__CICIDS2017_COVERAGE_R1__Historical-DoubleCost__b0.2__seed2718,CICIDS2017_COVERAGE_R1,2718,Historical-DoubleCost,0.2,0.78,0.7648820186667573,0.5003462179930236,0.38317757009345793,0.001369222548757681,0.0027286945525939236,0.0006767865627104276,198,89709,123,292361,6.7678656271042765,0.78,0.33388393412308337,0.16909856386950475
PRIMARY__CICIDS2017_COVERAGE_R1__Oort-Style-Adapted__b0.2__seed2718,CICIDS2017_COVERAGE_R1,2718,Oort-Style-Adapted,0.2,0.78,0.7626251663872842,0.5262243539551624,0.4694820406038522,0.08031659096981031,0.13716730038022815,0.027867883059485437,8153,82617,7215,284406,278.6788305948544,0.78,0.6420834060215249,0.3916049644005783
PRIMARY__CICIDS2017_COVERAGE_R1__Oracle-Score-Exact__b0.2__seed2718,CICIDS2017_COVERAGE_R1,2718,Oracle-Score-Exact,0.2,0.78,0.7645708188738751,0.5000965575526919,0.2668269230769231,0.0012356398610740048,0.0024598883077741334,0.0010425247556903052,305,89721,111,292254,10.425247556903052,0.78,0.30890399793298506,0.16438281651787834
PRIMARY__CICIDS2017_COVERAGE_R1__Random-Budget__b0.4__seed2718,CICIDS2017_COVERAGE_R1,2718,Random-Budget,0.4,0.78,0.7631220400061717,0.4993772963999609,0.15625,0.0018924214088520794,0.003739551253849538,0.0031378286089301646,918,89662,170,291641,31.378286089301646,0.78,0.42178743983837497,0.18768623066788429
PRIMARY__CICIDS2017_COVERAGE_R1__Cost-Only__b0.4__seed2718,CICIDS2017_COVERAGE_R1,2718,Cost-Only,0.4,0.78,0.7651879882110196,0.5005076087758429,0.6141304347826086,0.0012579036423546175,0.00251066477070743,0.00024268609066889073,71,89719,113,292488,2.426860906688907,0.78,0.33840143765422354,0.17034641079066304
PRIMARY__CICIDS2017_COVERAGE_R1__Utility-Only__b0.4__seed2718,CICIDS2017_COVERAGE_R1,2718,Utility-Only,0.4,0.78,0.7649709328932951,0.5004274672602878,0.431438127090301,0.0014360138925995191,0.0028625001386870224,0.0005810793720241045,170,89703,129,292389,5.810793720241046,0.78,0.3539055448601322,0.1733207494462058
PRIMARY__CICIDS2017_COVERAGE_R1__Utility-Cost-Ratio__b0.4__seed2718,CICIDS2017_COVERAGE_R1,2718,Utility-Cost-Ratio,0.4,0.78,0.7610796279201132,0.5016602841675898,0.2958611481975968,0.012334134829459435,0.023681032732402192,0.009013566494279786,2637,88724,1108,289922,90.13566494279786,0.78,0.6096119037117902,0.27801790281761807
PRIMARY__CICIDS2017_COVERAGE_R1__CB-Score__b0.4__seed2718,CICIDS2017_COVERAGE_R1,2718,CB-Score,0.4,0.78,0.7649892387634646,0.5003738635572821,0.43410852713178294,0.001246771751714311,0.0024864024864024864,0.0004990446371501133,146,89720,112,292413,4.990446371501133,0.78,0.3147257064872379,0.16581503748529758
PRIMARY__CICIDS2017_COVERAGE_R1__Historical-DoubleCost__b0.4__seed2718,CICIDS2017_COVERAGE_R1,2718,Historical-DoubleCost,0.4,0.78,0.7649892387634646,0.5003738635572821,0.43410852713178294,0.001246771751714311,0.0024864024864024864,0.0004990446371501133,146,89720,112,292413,4.990446371501133,0.78,0.3147257064872379,0.16581503748529758
PRIMARY__CICIDS2017_COVERAGE_R1__Oort-Style-Adapted__b0.4__seed2718,CICIDS2017_COVERAGE_R1,2718,Oort-Style-Adapted,0.4,0.78,0.7646257364843838,0.5001363046375429,0.28211586901763225,0.001246771751714311,0.002482572122045019,0.0009741624766286458,285,89720,112,292274,9.741624766286458,0.78,0.3310934147641801,0.16846044751001785
PRIMARY__CICIDS2017_COVERAGE_R1__Oracle-Score-Exact__b0.4__seed2718,CICIDS2017_COVERAGE_R1,2718,Oracle-Score-Exact,0.4,0.78,0.7640085671472393,0.4998563876180746,0.2065997130559541,0.0016029922522041143,0.003181301019562792,0.0018902170160548812,553,89688,144,292006,18.902170160548813,0.78,0.34286029341278296,0.17138829863326174
PRIMARY__CICIDS2017_COVERAGE_R1__Random-Budget__b0.6__seed2718,CICIDS2017_COVERAGE_R1,2718,Random-Budget,0.6,0.78,0.7639327285422512,0.4998222525191293,0.2016348773841962,0.0016475198147653397,0.0032683346951394563,0.002003014776506619,586,89684,148,291973,20.030147765066193,0.78,0.39778177991364166,0.18394173015418172
PRIMARY__CICIDS2017_COVERAGE_R1__Cost-Only__b0.6__seed2718,CICIDS2017_COVERAGE_R1,2718,Cost-Only,0.6,0.78,0.7651121496060316,0.5005236132253645,0.5263157894736842,0.0014471457832398254,0.002886355310338703,0.0003999193325107072,117,89702,130,292442,3.9991933251070724,0.78,0.3447260886377962,0.17190109255331804
PRIMARY__CICIDS2017_COVERAGE_R1__Utility-Only__b0.6__seed2718,CICIDS2017_COVERAGE_R1,2718,Utility-Only,0.6,0.78,0.7632214147299492,0.501424681173686,0.329162656400385,0.007614213197969543,0.014884125775214883,0.004764850850597658,1394,89148,684,291165,47.64850850597657,0.78,0.4545939779292744,0.20190965639071876
PRIMARY__CICIDS2017_COVERAGE_R1__Utility-Cost-Ratio__b0.6__seed2718,CICIDS2017_COVERAGE_R1,2718,Utility-Cost-Ratio,0.6,0.78,0.7632214147299492,0.501424681173686,0.329162656400385,0.007614213197969543,0.014884125775214883,0.004764850850597658,1394,89148,684,291165,47.64850850597657,0.78,0.4545939779292744,0.20190965639071876
PRIMARY__CICIDS2017_COVERAGE_R1__CB-Score__b0.6__seed2718,CICIDS2017_COVERAGE_R1,2718,CB-Score,0.6,0.78,0.7650912286115521,0.5005446527646448,0.5091575091575091,0.0015473327990025826,0.0030852893846068474,0.0004580272697131177,134,89693,139,292425,4.580272697131177,0.78,0.3549739559921363,0.1741282704522862
PRIMARY__CICIDS2017_COVERAGE_R1__Historical-DoubleCost__b0.6__seed2718,CICIDS2017_COVERAGE_R1,2718,Historical-DoubleCost,0.6,0.78,0.7650912286115521,0.5005446527646448,0.5091575091575091,0.0015473327990025826,0.0030852893846068474,0.0004580272697131177,134,89693,139,292425,4.580272697131177,0.78,0.3549739559921363,0.1741282704522862
PRIMARY__CICIDS2017_COVERAGE_R1__Oort-Style-Adapted__b0.6__seed2718,CICIDS2017_COVERAGE_R1,2718,Oort-Style-Adapted,0.6,0.78,0.7611946933897503,0.49952934254201176,0.20962064919827925,0.005966693383204203,0.011603112924698828,0.006908008299180678,2021,89296,536,290538,69.08008299180678,0.78,0.521075707717823,0.22532678238981785
PRIMARY__CICIDS2017_COVERAGE_R1__Oracle-Score-Exact__b0.6__seed2718,CICIDS2017_COVERAGE_R1,2718,Oracle-Score-Exact,0.6,0.78,0.7650912286115521,0.5005446527646448,0.5091575091575091,0.0015473327990025826,0.0030852893846068474,0.0004580272697131177,134,89693,139,292425,4.580272697131177,0.78,0.3549739559921363,0.1741282704522862
PRIMARY__CICIDS2017_COVERAGE_R1__Random-Budget__b0.8__seed2718,CICIDS2017_COVERAGE_R1,2718,Random-Budget,0.8,0.78,0.7649107850341667,0.5004344416099505,0.407514450867052,0.0015695965802831953,0.003127148528465923,0.0007007133603820085,205,89691,141,292354,7.007133603820084,0.78,0.37496489515695236,0.1779927245104917
PRIMARY__CICIDS2017_COVERAGE_R1__Cost-Only__b0.8__seed2718,CICIDS2017_COVERAGE_R1,2718,Cost-Only,0.8,0.78,0.7652010638325693,0.5006125762693159,0.6026200873362445,0.0015362009083622762,0.003064589555967622,0.00031104836973055007,91,89694,138,292468,3.110483697305501,0.78,0.36624320010115985,0.1763850876869035
PRIMARY__CICIDS2017_COVERAGE_R1__Utility-Only__b0.8__seed2718,CICIDS2017_COVERAGE_R1,2718,Utility-Only,0.8,0.78,0.7645237466362964,0.5002084993958278,0.29133858267716534,0.0016475198147653397,0.0032765109586008413,0.0012305210231098684,360,89684,148,292199,12.305210231098684,0.78,0.3559251130725809,0.1746668961337446
PRIMARY__CICIDS2017_COVERAGE_R1__Utility-Cost-Ratio__b0.8__seed2718,CICIDS2017_COVERAGE_R1,2718,Utility-Cost-Ratio,0.8,0.78,0.7645237466362964,0.5002084993958278,0.29133858267716534,0.0016475198147653397,0.0032765109586008413,0.0012305210231098684,360,89684,148,292199,12.305210231098684,0.78,0.3559251130725809,0.1746668961337446
PRIMARY__CICIDS2017_COVERAGE_R1__CB-Score__b0.8__seed2718,CICIDS2017_COVERAGE_R1,2718,CB-Score,0.8,0.78,0.7634567759178432,0.49958448502792746,0.1750524109014675,0.0018590257369311605,0.0036789813407353557,0.002690055681076296,787,89665,167,291772,26.900556810762957,0.78,0.4477100672916079,0.19809177060918906
PRIMARY__CICIDS2017_COVERAGE_R1__Historical-DoubleCost__b0.8__seed2718,CICIDS2017_COVERAGE_R1,2718,Historical-DoubleCost,0.8,0.78,0.7634567759178432,0.49958448502792746,0.1750524109014675,0.0018590257369311605,0.0036789813407353557,0.002690055681076296,787,89665,167,291772,26.900556810762957,0.78,0.4477100672916079,0.19809177060918906
PRIMARY__CICIDS2017_COVERAGE_R1__Oort-Style-Adapted__b0.8__seed2718,CICIDS2017_COVERAGE_R1,2718,Oort-Style-Adapted,0.8,0.78,0.7648610976722778,0.5003942557507091,0.3850415512465374,0.0015473327990025826,0.0030822791125697116,0.0007588212975844188,222,89693,139,292337,7.588212975844189,0.78,0.3581757609055511,0.1745868152969642
PRIMARY__CICIDS2017_COVERAGE_R1__Oracle-Score-Exact__b0.8__seed2718,CICIDS2017_COVERAGE_R1,2718,Oracle-Score-Exact,0.8,0.78,0.7634567759178432,0.49958448502792746,0.1750524109014675,0.0018590257369311605,0.0036789813407353557,0.002690055681076296,787,89665,167,291772,26.900556810762957,0.78,0.4477100672916079,0.19809177060918906
PRIMARY__CICIDS2017_COVERAGE_R1__Random-Budget__b1.0__seed2718,CICIDS2017_COVERAGE_R1,2718,Random-Budget,1.0,0.78,0.7650415412496633,0.5005353220121521,0.4769736842105263,0.0016141241428444207,0.0032173604331232806,0.0005434801185401919,159,89687,145,292400,5.434801185401919,0.78,0.368915647750534,0.17823414347511293
PRIMARY__CICIDS2017_COVERAGE_R1__Cost-Only__b1.0__seed2718,CICIDS2017_COVERAGE_R1,2718,Cost-Only,1.0,0.78,0.7650415412496633,0.5005353220121521,0.4769736842105263,0.0016141241428444207,0.0032173604331232806,0.0005434801185401919,159,89687,145,292400,5.434801185401919,0.78,0.368915647750534,0.17823414347511293
PRIMARY__CICIDS2017_COVERAGE_R1__Utility-Only__b1.0__seed2718,CICIDS2017_COVERAGE_R1,2718,Utility-Only,1.0,0.78,0.7644635987771679,0.5001653341970237,0.277882797731569,0.0016363879241250334,0.0032536160511725193,0.0013057195300776937,382,89685,147,292177,13.057195300776938,0.78,0.38243171956055244,0.1808186993374603
PRIMARY__CICIDS2017_COVERAGE_R1__Utility-Cost-Ratio__b1.0__seed2718,CICIDS2017_COVERAGE_R1,2718,Utility-Cost-Ratio,1.0,0.78,0.7644635987771679,0.5001653341970237,0.277882797731569,0.0016363879241250334,0.0032536160511725193,0.0013057195300776937,382,89685,147,292177,13.057195300776938,0.78,0.38243171956055244,0.1808186993374603
PRIMARY__CICIDS2017_COVERAGE_R1__CB-Score__b1.0__seed2718,CICIDS2017_COVERAGE_R1,2718,CB-Score,1.0,0.78,0.765054616871213,0.5004898708602242,0.4833948339483395,0.0014582776738801318,0.0029077833146510107,0.0004785359534316155,140,89701,131,292419,4.7853595343161555,0.78,0.373167285944048,0.17777496960247824
PRIMARY__CICIDS2017_COVERAGE_R1__Historical-DoubleCost__b1.0__seed2718,CICIDS2017_COVERAGE_R1,2718,Historical-DoubleCost,1.0,0.78,0.765054616871213,0.5004898708602242,0.4833948339483395,0.0014582776738801318,0.0029077833146510107,0.0004785359534316155,140,89701,131,292419,4.7853595343161555,0.78,0.373167285944048,0.17777496960247824
PRIMARY__CICIDS2017_COVERAGE_R1__Oort-Style-Adapted__b1.0__seed2718,CICIDS2017_COVERAGE_R1,2718,Oort-Style-Adapted,1.0,0.78,0.7644635987771679,0.5001653341970237,0.277882797731569,0.0016363879241250334,0.0032536160511725193,0.0013057195300776937,382,89685,147,292177,13.057195300776938,0.78,0.38243171956055244,0.1808186993374603
PRIMARY__CICIDS2017_COVERAGE_R1__Oracle-Score-Exact__b1.0__seed2718,CICIDS2017_COVERAGE_R1,2718,Oracle-Score-Exact,1.0,0.78,0.765054616871213,0.5004898708602242,0.4833948339483395,0.0014582776738801318,0.0029077833146510107,0.0004785359534316155,140,89701,131,292419,4.7853595343161555,0.78,0.373167285944048,0.17777496960247824
PRIMARY__CICIDS2017_COVERAGE_R1__Full-Contextual__seed9001,CICIDS2017_COVERAGE_R1,9001,Full-Contextual,,0.79,0.7652952083077269,0.5006741023204714,0.7150259067357513,0.0015362009083622762,0.003065815051374618,0.00018799626741956323,55,89694,138,292504,1.8799626741956323,0.79,0.36966032326845133,0.17648429411110939
PRIMARY__CICIDS2017_COVERAGE_R1__Random-Budget__b0.1__seed9001,CICIDS2017_COVERAGE_R1,9001,Random-Budget,0.1,0.79,0.7650415412496633,0.500327050041597,0.4642857142857143,0.0010130020482678778,0.0020215932820900166,0.0003589019650737116,105,89741,91,292454,3.589019650737116,0.79,0.26836852647994114,0.19677718056756283
PRIMARY__CICIDS2017_COVERAGE_R1__Cost-Only__b0.1__seed9001,CICIDS2017_COVERAGE_R1,9001,Cost-Only,0.1,0.79,0.7651304554762011,0.500250166886773,0.6086956521739131,0.0006233858758571555,0.0012454961967883992,0.00012305210231098684,36,89776,56,292523,1.2305210231098684,0.79,0.25851625439099984,0.200514155899219
PRIMARY__CICIDS2017_COVERAGE_R1__Utility-Only__b0.1__seed9001,CICIDS2017_COVERAGE_R1,9001,Utility-Only,0.1,0.79,0.7652062940811891,0.500288158874062,0.9298245614035088,0.0005899902039362365,0.0011792321641135178,1.3672455812331871e-05,4,89779,53,292555,0.1367245581233187,0.79,0.3135676401614711,0.2268287350300336
PRIMARY__CICIDS2017_COVERAGE_R1__Utility-Cost-Ratio__b0.1__seed9001,CICIDS2017_COVERAGE_R1,9001,Utility-Cost-Ratio,0.1,0.79,0.7652062940811891,0.500288158874062,0.9298245614035088,0.0005899902039362365,0.0011792321641135178,1.3672455812331871e-05,4,89779,53,292555,0.1367245581233187,0.79,0.3135676401614711,0.2268287350300336
PRIMARY__CICIDS2017_COVERAGE_R1__CB-Score__b0.1__seed9001,CICIDS2017_COVERAGE_R1,9001,CB-Score,0.1,0.79,0.6091565962588031,0.40243603838588665,0.018166830987053708,0.012512245079704337,0.014818428112825719,0.20764016830793106,60747,88708,1124,231812,2076.4016830793107,0.79,0.17482450187189016,0.14521691196272313
PRIMARY__CICIDS2017_COVERAGE_R1__Historical-DoubleCost__b0.1__seed9001,CICIDS2017_COVERAGE_R1,9001,Historical-DoubleCost,0.1,0.79,0.6091565962588031,0.40243603838588665,0.018166830987053708,0.012512245079704337,0.014818428112825719,0.20764016830793106,60747,88708,1124,231812,2076.4016830793107,0.79,0.17482450187189016,0.14521691196272313
PRIMARY__CICIDS2017_COVERAGE_R1__Oort-Style-Adapted__b0.1__seed9001,CICIDS2017_COVERAGE_R1,9001,Oort-Style-Adapted,0.1,0.79,0.7648637127965878,0.4999562795365139,0.1893939393939394,0.00027829726600765877,0.0005557778667022365,0.0003657381929798776,107,89807,25,292452,3.6573819297987757,0.79,0.42790032762422864,0.18756016441952034
PRIMARY__CICIDS2017_COVERAGE_R1__Oracle-Score-Exact__b0.1__seed9001,CICIDS2017_COVERAGE_R1,9001,Oracle-Score-Exact,0.1,0.79,0.6091565962588031,0.40243603838588665,0.018166830987053708,0.012512245079704337,0.014818428112825719,0.20764016830793106,60747,88708,1124,231812,2076.4016830793107,0.79,0.17482450187189016,0.14521691196272313
PRIMARY__CICIDS2017_COVERAGE_R1__Random-Budget__b0.2__seed9001,CICIDS2017_COVERAGE_R1,9001,Random-Budget,0.2,0.79,0.7635692262631705,0.5010310267282444,0.32224276032039434,0.005821978804880221,0.011437318900005468,0.0037599253483912645,1100,89309,523,291459,37.59925348391265,0.79,0.40643746660092256,0.18558582451775588
PRIMARY__CICIDS2017_COVERAGE_R1__Cost-Only__b0.2__seed9001,CICIDS2017_COVERAGE_R1,9001,Cost-Only,0.2,0.79,0.7652402906972183,0.5005302192503428,0.6962025316455697,0.0012245079704336984,0.002444716079564396,0.00016406946974798246,48,89722,110,292511,1.6406946974798247,0.79,0.2913964830074894,0.22166219420753547
PRIMARY__CICIDS2017_COVERAGE_R1__Utility-Only__b0.2__seed9001,CICIDS2017_COVERAGE_R1,9001,Utility-Only,0.2,0.79,0.7825942556179408,0.7063705436266661,0.53548421275694,0.5625946210704426,0.5487047532191172,0.1498535338171104,43841,39293,50539,248718,1498.535338171104,0.79,0.6955924190289875,0.5747716402446938
PRIMARY__CICIDS2017_COVERAGE_R1__Utility-Cost-Ratio__b0.2__seed9001,CICIDS2017_COVERAGE_R1,9001,Utility-Cost-Ratio,0.2,0.79,0.7825942556179408,0.7063705436266661,0.53548421275694,0.5625946210704426,0.5487047532191172,0.1498535338171104,43841,39293,50539,248718,1498.535338171104,0.79,0.6955924190289875,0.5747716402446938
PRIMARY__CICIDS2017_COVERAGE_R1__CB-Score__b0.2__seed9001,CICIDS2017_COVERAGE_R1,9001,CB-Score,0.2,0.79,0.764931706028646,0.5003285505271109,0.39855072463768115,0.0012245079704336984,0.0024415146268921737,0.0005674069162117727,166,89722,110,292393,5.674069162117727,0.79,0.2709479877279609,0.19760220708953452
PRIMARY__CICIDS2017_COVERAGE_R1__Historical-DoubleCost__b0.2__seed9001,CICIDS2017_COVERAGE_R1,9001,Historical-DoubleCost,0.2,0.79,0.7644923651445772,0.500041428955052,0.24774774774774774,0.0012245079704336984,0.0024369710665071557,0.0011416500603297112,334,89722,110,292225,11.416500603297113,0.79,0.41659678013982204,0.18558596101872105
PRIMARY__CICIDS2017_COVERAGE_R1__Oort-Style-Adapted__b0.2__seed9001,CICIDS2017_COVERAGE_R1,9001,Oort-Style-Adapted,0.2,0.79,0.794210637802668,0.597784984030192,0.6875799824880447,0.22727981120313473,0.34163278282549403,0.031709843142750695,9277,69415,20417,283282,317.0984314275069,0.79,0.5306345277873641,0.35311620690807694
PRIMARY__CICIDS2017_COVERAGE_R1__Oracle-Score-Exact__b0.2__seed9001,CICIDS2017_COVERAGE_R1,9001,Oracle-Score-Exact,0.2,0.79,0.765214139454119,0.5004707029087977,0.678082191780822,0.0011020571733903286,0.0022005379092667095,0.0001606513557948995,47,89733,99,292512,1.6065135579489949,0.79,0.4004940480654783,0.18232931102434502
PRIMARY__CICIDS2017_COVERAGE_R1__Random-Budget__b0.4__seed9001,CICIDS2017_COVERAGE_R1,9001,Random-Budget,0.4,0.79,0.7639562646610406,0.5000574766675041,0.24433849821215733,0.0022820375812628016,0.004521842706047137,0.0021670842462546015,634,89627,205,291925,21.670842462546016,0.79,0.5361383907833529,0.2362441664690777
PRIMARY__CICIDS2017_COVERAGE_R1__Cost-Only__b0.4__seed9001,CICIDS2017_COVERAGE_R1,9001,Cost-Only,0.4,0.79,0.7637182883488367,0.49978238894398685,0.20046082949308755,0.0019369489714133048,0.003836824696802646,0.0023721710834395796,694,89658,174,291865,23.721710834395797,0.79,0.40625451417477776,0.1848420799596764
PRIMARY__CICIDS2017_COVERAGE_R1__Utility-Only__b0.4__seed9001,CICIDS2017_COVERAGE_R1,9001,Utility-Only,0.4,0.79,0.7640844057522275,0.4998712382753018,0.2076923076923077,0.0015028052364413572,0.002984018920890343,0.0017603286858377284,515,89697,135,292044,17.603286858377285,0.79,0.5076470133101836,0.22351036199554453
PRIMARY__CICIDS2017_COVERAGE_R1__Utility-Cost-Ratio__b0.4__seed9001,CICIDS2017_COVERAGE_R1,9001,Utility-Cost-Ratio,0.4,0.79,0.7640844057522275,0.4998712382753018,0.2076923076923077,0.0015028052364413572,0.002984018920890343,0.0017603286858377284,515,89697,135,292044,17.603286858377285,0.79,0.5076470133101836,0.22351036199554453
PRIMARY__CICIDS2017_COVERAGE_R1__CB-Score__b0.4__seed9001,CICIDS2017_COVERAGE_R1,9001,CB-Score,0.4,0.79,0.7650703076170726,0.5004191305468676,0.49327354260089684,0.0012245079704336984,0.0024429515296207874,0.0003862468766983754,113,89722,110,292446,3.8624687669837536,0.79,0.3069061476355024,0.17741599259285928
PRIMARY__CICIDS2017_COVERAGE_R1__Historical-DoubleCost__b0.4__seed9001,CICIDS2017_COVERAGE_R1,9001,Historical-DoubleCost,0.4,0.79,0.7650703076170726,0.5004191305468676,0.49327354260089684,0.0012245079704336984,0.0024429515296207874,0.0003862468766983754,113,89722,110,292446,3.8624687669837536,0.79,0.3069061476355024,0.17741599259285928
PRIMARY__CICIDS2017_COVERAGE_R1__Oort-Style-Adapted__b0.4__seed9001,CICIDS2017_COVERAGE_R1,9001,Oort-Style-Adapted,0.4,0.79,0.7649447816501957,0.5003370958119937,0.4059040590405904,0.0012245079704336984,0.0024416501115390164,0.0005503163464463578,161,89722,110,292398,5.5031634644635785,0.79,0.38673721601204525,0.17974822141960708
PRIMARY__CICIDS2017_COVERAGE_R1__Oracle-Score-Exact__b0.4__seed9001,CICIDS2017_COVERAGE_R1,9001,Oracle-Score-Exact,0.4,0.79,0.7650180051308739,0.5003888062956805,0.4530612244897959,0.0012356398610740048,0.0024645581002919726,0.0004580272697131177,134,89721,111,292425,4.580272697131177,0.79,0.3500975467289654,0.17258927107803845
PRIMARY__CICIDS2017_COVERAGE_R1__Random-Budget__b0.6__seed9001,CICIDS2017_COVERAGE_R1,9001,Random-Budget,0.6,0.79,0.7644557534042381,0.5009778673549397,0.37552301255230125,0.00399634873986998,0.007908534167511125,0.002040614029990532,597,89473,359,291962,20.406140299905317,0.79,0.38984395575361713,0.18235206519818897
PRIMARY__CICIDS2017_COVERAGE_R1__Cost-Only__b0.6__seed9001,CICIDS2017_COVERAGE_R1,9001,Cost-Only,0.6,0.79,0.7644139114152791,0.5003141358666191,0.30218068535825543,0.002159586784219432,0.004288524880076044,0.0015313150509811697,448,89638,194,292111,15.313150509811695,0.79,0.43270764672950984,0.19137335401733274
PRIMARY__CICIDS2017_COVERAGE_R1__Utility-Only__b0.6__seed9001,CICIDS2017_COVERAGE_R1,9001,Utility-Only,0.6,0.79,0.765054616871213,0.5004088762050084,0.48034934497816595,0.0012245079704336984,0.0024427887764959305,0.0004067555604168732,119,89722,110,292440,4.0675556041687315,0.79,0.3675007710907712,0.17604213457290238
PRIMARY__CICIDS2017_COVERAGE_R1__Utility-Cost-Ratio__b0.6__seed9001,CICIDS2017_COVERAGE_R1,9001,Utility-Cost-Ratio,0.6,0.79,0.765054616871213,0.5004088762050084,0.48034934497816595,0.0012245079704336984,0.0024427887764959305,0.0004067555604168732,119,89722,110,292440,4.0675556041687315,0.79,0.3675007710907712,0.17604213457290238
PRIMARY__CICIDS2017_COVERAGE_R1__CB-Score__b0.6__seed9001,CICIDS2017_COVERAGE_R1,9001,CB-Score,0.6,0.79,0.7642883854484023,0.5000006878311285,0.23508771929824562,0.0014916733458010508,0.0029645361828278135,0.001490297683544174,436,89698,134,292123,14.90297683544174,0.79,0.31816234915055924,0.1667790435968587
PRIMARY__CICIDS2017_COVERAGE_R1__Historical-DoubleCost__b0.6__seed9001,CICIDS2017_COVERAGE_R1,9001,Historical-DoubleCost,0.6,0.79,0.7642883854484023,0.5000006878311285,0.23508771929824562,0.0014916733458010508,0.0029645361828278135,0.001490297683544174,436,89698,134,292123,14.90297683544174,0.79,0.31816234915055924,0.1667790435968587
PRIMARY__CICIDS2017_COVERAGE_R1__Oort-Style-Adapted__b0.6__seed9001,CICIDS2017_COVERAGE_R1,9001,Oort-Style-Adapted,0.6,0.79,0.764858482547968,0.5002806969317678,0.3618421052631579,0.0012245079704336984,0.002440756190645247,0.0006631141068980958,194,89722,110,292365,6.631141068980957,0.79,0.35763451415493697,0.1747095478342159
PRIMARY__CICIDS2017_COVERAGE_R1__Oracle-Score-Exact__b0.6__seed9001,CICIDS2017_COVERAGE_R1,9001,Oracle-Score-Exact,0.6,0.79,0.7642883854484023,0.5000006878311285,0.23508771929824562,0.0014916733458010508,0.0029645361828278135,0.001490297683544174,436,89698,134,292123,14.90297683544174,0.79,0.31816234915055924,0.1667790435968587
PRIMARY__CICIDS2017_COVERAGE_R1__Random-Budget__b0.8__seed9001,CICIDS2017_COVERAGE_R1,9001,Random-Budget,0.8,0.79,0.764816640559009,0.5012098603293588,0.4387254901960784,0.003985216849229673,0.007898685023387168,0.0015654961905119994,458,89474,358,292101,15.654961905119993,0.79,0.4424107647100757,0.19522259745359155
PRIMARY__CICIDS2017_COVERAGE_R1__Cost-Only__b0.8__seed9001,CICIDS2017_COVERAGE_R1,9001,Cost-Only,0.8,0.79,0.764340687934601,0.5002817098246504,0.2920353982300885,0.002204114346780657,0.004375207159429897,0.0016406946974798246,480,89634,198,292079,16.406946974798245,0.79,0.4344718632764488,0.19179175045222155
PRIMARY__CICIDS2017_COVERAGE_R1__Utility-Only__b0.8__seed9001,CICIDS2017_COVERAGE_R1,9001,Utility-Only,0.8,0.79,0.7632187996056392,0.4993248248577847,0.14127144298688193,0.0015584646896428889,0.003082919524789976,0.0029088149740736056,851,89692,140,291708,29.088149740736057,0.79,0.39571887849230164,0.18210449710558077
PRIMARY__CICIDS2017_COVERAGE_R1__Utility-Cost-Ratio__b0.8__seed9001,CICIDS2017_COVERAGE_R1,9001,Utility-Cost-Ratio,0.8,0.79,0.7632187996056392,0.4993248248577847,0.14127144298688193,0.0015584646896428889,0.003082919524789976,0.0029088149740736056,851,89692,140,291708,29.088149740736057,0.79,0.39571887849230164,0.18210449710558077
PRIMARY__CICIDS2017_COVERAGE_R1__CB-Score__b0.8__seed9001,CICIDS2017_COVERAGE_R1,9001,CB-Score,0.8,0.79,0.7634907725338724,0.4995372787784375,0.16464088397790055,0.0016586517054056461,0.0032842170228242064,0.0025840941485307236,756,89683,149,291803,25.840941485307237,0.79,0.44674720102485,0.1961587862244506
PRIMARY__CICIDS2017_COVERAGE_R1__Historical-DoubleCost__b0.8__seed9001,CICIDS2017_COVERAGE_R1,9001,Historical-DoubleCost,0.8,0.79,0.7634907725338724,0.4995372787784375,0.16464088397790055,0.0016586517054056461,0.0032842170228242064,0.0025840941485307236,756,89683,149,291803,25.840941485307237,0.79,0.44674720102485,0.1961587862244506
PRIMARY__CICIDS2017_COVERAGE_R1__Oort-Style-Adapted__b0.8__seed9001,CICIDS2017_COVERAGE_R1,9001,Oort-Style-Adapted,0.8,0.79,0.7650310807524235,0.5003934946922195,0.46218487394957986,0.0012245079704336984,0.002442544687465305,0.0004375185859946199,128,89722,110,292431,4.375185859946199,0.79,0.3656737594847682,0.17607080361034763
PRIMARY__CICIDS2017_COVERAGE_R1__Oracle-Score-Exact__b0.8__seed9001,CICIDS2017_COVERAGE_R1,9001,Oracle-Score-Exact,0.8,0.79,0.7634907725338724,0.4995372787784375,0.16464088397790055,0.0016586517054056461,0.0032842170228242064,0.0025840941485307236,756,89683,149,291803,25.840941485307237,0.79,0.44674720102485,0.1961587862244506
PRIMARY__CICIDS2017_COVERAGE_R1__Random-Budget__b1.0__seed9001,CICIDS2017_COVERAGE_R1,9001,Random-Budget,1.0,0.79,0.7642831551997824,0.5000474092656423,0.24581939799331104,0.0016363879241250334,0.0032511334734048433,0.0015415693928404184,451,89685,147,292108,15.415693928404185,0.79,0.4193156893417269,0.1875188146689047
PRIMARY__CICIDS2017_COVERAGE_R1__Cost-Only__b1.0__seed9001,CICIDS2017_COVERAGE_R1,9001,Cost-Only,1.0,0.79,0.7642831551997824,0.5000474092656423,0.24581939799331104,0.0016363879241250334,0.0032511334734048433,0.0015415693928404184,451,89685,147,292108,15.415693928404185,0.79,0.4193156893417269,0.1875188146689047
PRIMARY__CICIDS2017_COVERAGE_R1__Utility-Only__b1.0__seed9001,CICIDS2017_COVERAGE_R1,9001,Utility-Only,1.0,0.79,0.7640687150063679,0.49991498037025317,0.21783625730994152,0.0016586517054056461,0.0032922356268505018,0.0018286909648993878,535,89683,149,292024,18.286909648993877,0.79,0.3625880425214204,0.17571809216913586
PRIMARY__CICIDS2017_COVERAGE_R1__Utility-Cost-Ratio__b1.0__seed9001,CICIDS2017_COVERAGE_R1,9001,Utility-Cost-Ratio,1.0,0.79,0.7640687150063679,0.49991498037025317,0.21783625730994152,0.0016586517054056461,0.0032922356268505018,0.0018286909648993878,535,89683,149,292024,18.286909648993877,0.79,0.3625880425214204,0.17571809216913586
PRIMARY__CICIDS2017_COVERAGE_R1__CB-Score__b1.0__seed9001,CICIDS2017_COVERAGE_R1,9001,CB-Score,1.0,0.79,0.7643851450478698,0.5000947780460094,0.2586520947176685,0.0015807284709235016,0.0031422533497084564,0.001391172378904768,407,89690,142,292152,13.911723789047679,0.79,0.49756350867748655,0.21581033989210066
PRIMARY__CICIDS2017_COVERAGE_R1__Historical-DoubleCost__b1.0__seed9001,CICIDS2017_COVERAGE_R1,9001,Historical-DoubleCost,1.0,0.79,0.7643851450478698,0.5000947780460094,0.2586520947176685,0.0015807284709235016,0.0031422533497084564,0.001391172378904768,407,89690,142,292152,13.911723789047679,0.79,0.49756350867748655,0.21581033989210066
PRIMARY__CICIDS2017_COVERAGE_R1__Oort-Style-Adapted__b1.0__seed9001,CICIDS2017_COVERAGE_R1,9001,Oort-Style-Adapted,1.0,0.79,0.7640687150063679,0.49991498037025317,0.21783625730994152,0.0016586517054056461,0.0032922356268505018,0.0018286909648993878,535,89683,149,292024,18.286909648993877,0.79,0.3625880425214204,0.17571809216913586
PRIMARY__CICIDS2017_COVERAGE_R1__Oracle-Score-Exact__b1.0__seed9001,CICIDS2017_COVERAGE_R1,9001,Oracle-Score-Exact,1.0,0.79,0.7643851450478698,0.5000947780460094,0.2586520947176685,0.0015807284709235016,0.0031422533497084564,0.001391172378904768,407,89690,142,292152,13.911723789047679,0.79,0.49756350867748655,0.21581033989210066
PRIMARY__CICIDS2017_COVERAGE_R1__Full-Contextual__seed2027,CICIDS2017_COVERAGE_R1,2027,Full-Contextual,,0.54,0.7651932184596395,0.5005187406664832,0.6182795698924731,0.0012801674236352302,0.0025550445466462264,0.00024268609066889073,71,89717,115,292488,2.426860906688907,0.54,0.35890294438740683,0.17458265572596643
PRIMARY__CICIDS2017_COVERAGE_R1__Random-Budget__b0.1__seed2027,CICIDS2017_COVERAGE_R1,2027,Random-Budget,0.1,0.54,0.7627088503652021,0.5017145219179489,0.325635103926097,0.009417579481699172,0.01830574488802337,0.00598853564580136,1752,88986,846,290807,59.8853564580136,0.54,0.46985663641378905,0.2026525572669242
PRIMARY__CICIDS2017_COVERAGE_R1__Cost-Only__b0.1__seed2027,CICIDS2017_COVERAGE_R1,2027,Cost-Only,0.1,0.54,0.764060869633438,0.49983657232079487,0.20030816640986132,0.0014471457832398254,0.0028735314596434612,0.0017740011416500603,519,89702,130,292040,17.740011416500604,0.54,0.34191571697791945,0.1712306520551803
PRIMARY__CICIDS2017_COVERAGE_R1__Utility-Only__b0.1__seed2027,CICIDS2017_COVERAGE_R1,2027,Utility-Only,0.1,0.54,0.763822893321234,0.49975432901445827,0.19151670951156813,0.0016586517054056461,0.0032888202185189274,0.002149993676489187,629,89683,149,291930,21.499936764891867,0.54,0.396390952439603,0.183599726529573
PRIMARY__CICIDS2017_COVERAGE_R1__Utility-Cost-Ratio__b0.1__seed2027,CICIDS2017_COVERAGE_R1,2027,Utility-Cost-Ratio,0.1,0.54,0.763822893321234,0.49975432901445827,0.19151670951156813,0.0016586517054056461,0.0032888202185189274,0.002149993676489187,629,89683,149,291930,21.499936764891867,0.54,0.396390952439603,0.183599726529573
PRIMARY__CICIDS2017_COVERAGE_R1__CB-Score__b0.1__seed2027,CICIDS2017_COVERAGE_R1,2027,CB-Score,0.1,0.54,0.7649500118988156,0.5003405139259467,0.40892193308550184,0.0012245079704336984,0.0024417043096081063,0.0005434801185401919,159,89722,110,292400,5.434801185401919,0.54,0.3838416041842117,0.18057885442802865
PRIMARY__CICIDS2017_COVERAGE_R1__Historical-DoubleCost__b0.1__seed2027,CICIDS2017_COVERAGE_R1,2027,Historical-DoubleCost,0.1,0.54,0.7649500118988156,0.5003405139259467,0.40892193308550184,0.0012245079704336984,0.0024417043096081063,0.0005434801185401919,159,89722,110,292400,5.434801185401919,0.54,0.3838416041842117,0.18057885442802865
PRIMARY__CICIDS2017_COVERAGE_R1__Oort-Style-Adapted__b0.1__seed2027,CICIDS2017_COVERAGE_R1,2027,Oort-Style-Adapted,0.1,0.54,0.763822893321234,0.49975432901445827,0.19151670951156813,0.0016586517054056461,0.0032888202185189274,0.002149993676489187,629,89683,149,291930,21.499936764891867,0.54,0.396390952439603,0.183599726529573
PRIMARY__CICIDS2017_COVERAGE_R1__Oracle-Score-Exact__b0.1__seed2027,CICIDS2017_COVERAGE_R1,2027,Oracle-Score-Exact,0.1,0.54,0.7649500118988156,0.5003405139259467,0.40892193308550184,0.0012245079704336984,0.0024417043096081063,0.0005434801185401919,159,89722,110,292400,5.434801185401919,0.54,0.3838416041842117,0.18057885442802865
PRIMARY__CICIDS2017_COVERAGE_R1__Random-Budget__b0.2__seed2027,CICIDS2017_COVERAGE_R1,2027,Random-Budget,0.2,0.54,0.7632998684592472,0.49941251761914995,0.1523517382413088,0.0016586517054056461,0.003281576918841537,0.0028336164671057804,829,89683,149,291730,28.336164671057805,0.54,0.3972201821968522,0.18353909747798267
PRIMARY__CICIDS2017_COVERAGE_R1__Cost-Only__b0.2__seed2027,CICIDS2017_COVERAGE_R1,2027,Cost-Only,0.2,0.54,0.7648846337910673,0.5003710683800618,0.3885542168674699,0.0014360138925995191,0.002861452464398208,0.0006938771324758424,203,89703,129,292356,6.938771324758425,0.54,0.3203317382988729,0.16731253581911903
PRIMARY__CICIDS2017_COVERAGE_R1__Utility-Only__b0.2__seed2027,CICIDS2017_COVERAGE_R1,2027,Utility-Only,0.2,0.54,0.7612182295085397,0.4991783196621575,0.18702290076335878,0.0049091637723751,0.009567198177676537,0.00655252444806005,1917,89391,441,290642,65.52524448060049,0.54,0.3599302309649247,0.17642778586529254
PRIMARY__CICIDS2017_COVERAGE_R1__Utility-Cost-Ratio__b0.2__seed2027,CICIDS2017_COVERAGE_R1,2027,Utility-Cost-Ratio,0.2,0.54,0.7612182295085397,0.4991783196621575,0.18702290076335878,0.0049091637723751,0.009567198177676537,0.00655252444806005,1917,89391,441,290642,65.52524448060049,0.54,0.3599302309649247,0.17642778586529254
PRIMARY__CICIDS2017_COVERAGE_R1__CB-Score__b0.2__seed2027,CICIDS2017_COVERAGE_R1,2027,CB-Score,0.2,0.54,0.7637732059593453,0.49972185693190396,0.18695106649937265,0.0016586517054056461,0.003288130730781538,0.002214937841597763,648,89683,149,291911,22.149378415977633,0.54,0.4732883842018626,0.2037458612068654
PRIMARY__CICIDS2017_COVERAGE_R1__Historical-DoubleCost__b0.2__seed2027,CICIDS2017_COVERAGE_R1,2027,Historical-DoubleCost,0.2,0.54,0.7637732059593453,0.49972185693190396,0.18695106649937265,0.0016586517054056461,0.003288130730781538,0.002214937841597763,648,89683,149,291911,22.149378415977633,0.54,0.4732883842018626,0.2037458612068654
PRIMARY__CICIDS2017_COVERAGE_R1__Oort-Style-Adapted__b0.2__seed2027,CICIDS2017_COVERAGE_R1,2027,Oort-Style-Adapted,0.2,0.54,0.7651356857248209,0.5005467085148406,0.5454545454545454,0.001469409564520438,0.0029309234629304793,0.00037599253483912645,110,89700,132,292449,3.7599253483912647,0.54,0.4536890000698359,0.1960892046893664
PRIMARY__CICIDS2017_COVERAGE_R1__Oracle-Score-Exact__b0.2__seed2027,CICIDS2017_COVERAGE_R1,2027,Oracle-Score-Exact,0.2,0.54,0.7645943549926646,0.5001852199440093,0.29213483146067415,0.0014471457832398254,0.0028800248125214617,0.001076705895221135,315,89702,130,292244,10.767058952211348,0.54,0.40677508398426065,0.18493591037530438
PRIMARY__CICIDS2017_COVERAGE_R1__Random-Budget__b0.4__seed2027,CICIDS2017_COVERAGE_R1,2027,Random-Budget,0.4,0.54,0.7644243719125189,0.5032059245755468,0.4414245548266167,0.010486240983168582,0.020485831720418415,0.004074391832074898,1192,88890,942,291367,40.743918320748975,0.54,0.5055033728159528,0.2258381668373656
PRIMARY__CICIDS2017_COVERAGE_R1__Cost-Only__b0.4__seed2027,CICIDS2017_COVERAGE_R1,2027,Cost-Only,0.4,0.54,0.7651043042331017,0.5005261998311221,0.5196850393700787,0.001469409564520438,0.0029305330462002974,0.00041700990227612207,122,89700,132,292437,4.170099022761221,0.54,0.37531598719281006,0.17855095740096158
PRIMARY__CICIDS2017_COVERAGE_R1__Utility-Only__b0.4__seed2027,CICIDS2017_COVERAGE_R1,2027,Utility-Only,0.4,0.54,0.7628971393155174,0.5024932450386739,0.35450104675505933,0.011310000890551251,0.02192064553712054,0.006323510813203491,1850,88816,1016,290709,63.2351081320349,0.54,0.5352038051175088,0.2382912954772783
PRIMARY__CICIDS2017_COVERAGE_R1__Utility-Cost-Ratio__b0.4__seed2027,CICIDS2017_COVERAGE_R1,2027,Utility-Cost-Ratio,0.4,0.54,0.7628971393155174,0.5024932450386739,0.35450104675505933,0.011310000890551251,0.02192064553712054,0.006323510813203491,1850,88816,1016,290709,63.2351081320349,0.54,0.5352038051175088,0.2382912954772783
PRIMARY__CICIDS2017_COVERAGE_R1__CB-Score__b0.4__seed2027,CICIDS2017_COVERAGE_R1,2027,CB-Score,0.4,0.54,0.7628108402132895,0.5007128170688536,0.28379052369077307,0.006334045774334313,0.012391519757831811,0.004908411636627142,1436,89263,569,291123,49.08411636627142,0.54,0.5305872576137554,0.23544067808558422
PRIMARY__CICIDS2017_COVERAGE_R1__Historical-DoubleCost__b0.4__seed2027,CICIDS2017_COVERAGE_R1,2027,Historical-DoubleCost,0.4,0.54,0.7628108402132895,0.5007128170688536,0.28379052369077307,0.006334045774334313,0.012391519757831811,0.004908411636627142,1436,89263,569,291123,49.08411636627142,0.54,0.5305872576137554,0.23544067808558422
PRIMARY__CICIDS2017_COVERAGE_R1__Oort-Style-Adapted__b0.4__seed2027,CICIDS2017_COVERAGE_R1,2027,Oort-Style-Adapted,0.4,0.54,0.7635299993985214,0.5019117596343451,0.35958254269449713,0.008437973105352213,0.016489014574722644,0.004614453836662006,1350,89074,758,291209,46.14453836662007,0.54,0.5004213104163943,0.21970338317099722
PRIMARY__CICIDS2017_COVERAGE_R1__Oracle-Score-Exact__b0.4__seed2027,CICIDS2017_COVERAGE_R1,2027,Oracle-Score-Exact,0.4,0.54,0.7639562646610406,0.4999070580221032,0.21813403416557162,0.001847893846290854,0.0036647423090084225,0.002033777802084366,595,89666,166,291964,20.337778020843658,0.54,0.38700096704041653,0.18057953328965196
PRIMARY__CICIDS2017_COVERAGE_R1__Random-Budget__b0.6__seed2027,CICIDS2017_COVERAGE_R1,2027,Random-Budget,0.6,0.54,0.7619243130722219,0.49859454830470495,0.10996119016817593,0.0018924214088520794,0.0037208080719648056,0.0047033247994421636,1376,89662,170,291183,47.033247994421636,0.54,0.5353765658512357,0.23628857550266438
PRIMARY__CICIDS2017_COVERAGE_R1__Cost-Only__b0.6__seed2027,CICIDS2017_COVERAGE_R1,2027,Cost-Only,0.6,0.54,0.764220392216344,0.5000411038932978,0.24375,0.0017365749398877905,0.0034485807763728004,0.0016543671532921564,484,89676,156,292075,16.543671532921564,0.54,0.4715498468295773,0.2027041257399215
PRIMARY__CICIDS2017_COVERAGE_R1__Utility-Only__b0.6__seed2027,CICIDS2017_COVERAGE_R1,2027,Utility-Only,0.6,0.54,0.7637025976029771,0.5024449582242505,0.3836283185840708,0.009651349185145605,0.018828997089866656,0.004761432736644575,1393,88965,867,291166,47.61432736644574,0.54,0.5307263888769018,0.23690590182057175
PRIMARY__CICIDS2017_COVERAGE_R1__Utility-Cost-Ratio__b0.6__seed2027,CICIDS2017_COVERAGE_R1,2027,Utility-Cost-Ratio,0.6,0.54,0.7639065772991519,0.503380497443892,0.413779830638953,0.011966782438329326,0.02326084604565617,0.00520578755054536,1523,88757,1075,291036,52.0578755054536,0.54,0.5270776832003292,0.23440340168318624
PRIMARY__CICIDS2017_COVERAGE_R1__CB-Score__b0.6__seed2027,CICIDS2017_COVERAGE_R1,2027,CB-Score,0.6,0.54,0.7628919090668975,0.500472674321012,0.27058177826564217,0.0054880220856710306,0.010757850175660636,0.0045426734436472644,1329,89339,493,291230,45.42673443647264,0.54,0.5170438430419412,0.22601183869161323
PRIMARY__CICIDS2017_COVERAGE_R1__Historical-DoubleCost__b0.6__seed2027,CICIDS2017_COVERAGE_R1,2027,Historical-DoubleCost,0.6,0.54,0.7628919090668975,0.500472674321012,0.27058177826564217,0.0054880220856710306,0.010757850175660636,0.0045426734436472644,1329,89339,493,291230,45.42673443647264,0.54,0.5170438430419412,0.22601183869161323
PRIMARY__CICIDS2017_COVERAGE_R1__Oort-Style-Adapted__b0.6__seed2027,CICIDS2017_COVERAGE_R1,2027,Oort-Style-Adapted,0.6,0.54,0.7633992431830247,0.49955074266278715,0.17177914110429449,0.0018701576275714667,0.00370003303600925,0.002768672301997204,810,89664,168,291749,27.68672301997204,0.54,0.4659673055905781,0.2006784189164157
PRIMARY__CICIDS2017_COVERAGE_R1__Oracle-Score-Exact__b0.6__seed2027,CICIDS2017_COVERAGE_R1,2027,Oracle-Score-Exact,0.6,0.54,0.7628919090668975,0.500472674321012,0.27058177826564217,0.0054880220856710306,0.010757850175660636,0.0045426734436472644,1329,89339,493,291230,45.42673443647264,0.54,0.5170438430419412,0.22601183869161323
PRIMARY__CICIDS2017_COVERAGE_R1__Random-Budget__b0.8__seed2027,CICIDS2017_COVERAGE_R1,2027,Random-Budget,0.8,0.54,0.7633521709454459,0.4995122658605221,0.16733870967741934,0.001847893846290854,0.003655421474500132,0.0028233621252465313,826,89666,166,291733,28.233621252465316,0.54,0.41671834516926903,0.18693122838516538
PRIMARY__CICIDS2017_COVERAGE_R1__Cost-Only__b0.8__seed2027,CICIDS2017_COVERAGE_R1,2027,Cost-Only,0.8,0.54,0.7639981066499996,0.49989583405029175,0.21517241379310345,0.0017365749398877905,0.003445343816601698,0.0019449068393042088,569,89676,156,291990,19.449068393042086,0.54,0.4456981783824824,0.19429823594896603
PRIMARY__CICIDS2017_COVERAGE_R1__Utility-Only__b0.8__seed2027,CICIDS2017_COVERAGE_R1,2027,Utility-Only,0.8,0.54,0.7632632567189082,0.5031452000681561,0.38197278911564625,0.012501113189064031,0.024209890915362395,0.006210713052751752,1817,88709,1123,290742,62.107130527517526,0.54,0.557447440921353,0.25513812093976707
PRIMARY__CICIDS2017_COVERAGE_R1__Utility-Cost-Ratio__b0.8__seed2027,CICIDS2017_COVERAGE_R1,2027,Utility-Cost-Ratio,0.8,0.54,0.7632632567189082,0.5031452000681561,0.38197278911564625,0.012501113189064031,0.024209890915362395,0.006210713052751752,1817,88709,1123,290742,62.107130527517526,0.54,0.557447440921353,0.25513812093976707
PRIMARY__CICIDS2017_COVERAGE_R1__CB-Score__b0.8__seed2027,CICIDS2017_COVERAGE_R1,2027,CB-Score,0.8,0.54,0.764139323362736,0.5011297620767341,0.3578780680918448,0.00503161456941847,0.009923706021186673,0.002772090415950287,811,89380,452,291748,27.72090415950287,0.54,0.5168872272005469,0.22654304277744938
PRIMARY__CICIDS2017_COVERAGE_R1__Historical-DoubleCost__b0.8__seed2027,CICIDS2017_COVERAGE_R1,2027,Historical-DoubleCost,0.8,0.54,0.764139323362736,0.5011297620767341,0.3578780680918448,0.00503161456941847,0.009923706021186673,0.002772090415950287,811,89380,452,291748,27.72090415950287,0.54,0.5168872272005469,0.22654304277744938
PRIMARY__CICIDS2017_COVERAGE_R1__Oort-Style-Adapted__b0.8__seed2027,CICIDS2017_COVERAGE_R1,2027,Oort-Style-Adapted,0.8,0.54,0.7625362521607465,0.5006837847317176,0.27787934186471663,0.00676818950930626,0.013214518582916758,0.005400620045871089,1580,89224,608,290979,54.00620045871089,0.54,0.5014308086619499,0.2185119819888454
PRIMARY__CICIDS2017_COVERAGE_R1__Oracle-Score-Exact__b0.8__seed2027,CICIDS2017_COVERAGE_R1,2027,Oracle-Score-Exact,0.8,0.54,0.764139323362736,0.5011297620767341,0.3578780680918448,0.00503161456941847,0.009923706021186673,0.002772090415950287,811,89380,452,291748,27.72090415950287,0.54,0.5168872272005469,0.22654304277744938
PRIMARY__CICIDS2017_COVERAGE_R1__Random-Budget__b1.0__seed2027,CICIDS2017_COVERAGE_R1,2027,Random-Budget,1.0,0.54,0.7637862815808949,0.49980368309531525,0.20240963855421687,0.0018701576275714667,0.0037060731067040213,0.0022627914369409245,662,89664,168,291897,22.627914369409247,0.54,0.4717344903911153,0.2040238819122448
PRIMARY__CICIDS2017_COVERAGE_R1__Cost-Only__b1.0__seed2027,CICIDS2017_COVERAGE_R1,2027,Cost-Only,1.0,0.54,0.7637862815808949,0.49980368309531525,0.20240963855421687,0.0018701576275714667,0.0037060731067040213,0.0022627914369409245,662,89664,168,291897,22.627914369409247,0.54,0.4717344903911153,0.2040238819122448
PRIMARY__CICIDS2017_COVERAGE_R1__Utility-Only__b1.0__seed2027,CICIDS2017_COVERAGE_R1,2027,Utility-Only,1.0,0.54,0.763072352644283,0.5025614691959788,0.3618018018018018,0.011176418202867576,0.02168302612113555,0.006053479810909936,1771,88828,1004,290788,60.53479810909936,0.54,0.5517435690793925,0.24747631903405465
PRIMARY__CICIDS2017_COVERAGE_R1__Utility-Cost-Ratio__b1.0__seed2027,CICIDS2017_COVERAGE_R1,2027,Utility-Cost-Ratio,1.0,0.54,0.763072352644283,0.5025614691959788,0.3618018018018018,0.011176418202867576,0.02168302612113555,0.006053479810909936,1771,88828,1004,290788,60.53479810909936,0.54,0.5517435690793925,0.24747631903405465
PRIMARY__CICIDS2017_COVERAGE_R1__CB-Score__b1.0__seed2027,CICIDS2017_COVERAGE_R1,2027,CB-Score,1.0,0.54,0.7629363661801664,0.5011843975264324,0.3103288559518296,0.007458366729005254,0.014566642388929352,0.00508957167614054,1489,89162,670,291070,50.89571676140539,0.54,0.5409916232347711,0.23943358657831076
PRIMARY__CICIDS2017_COVERAGE_R1__Historical-DoubleCost__b1.0__seed2027,CICIDS2017_COVERAGE_R1,2027,Historical-DoubleCost,1.0,0.54,0.7629363661801664,0.5011843975264324,0.3103288559518296,0.007458366729005254,0.014566642388929352,0.00508957167614054,1489,89162,670,291070,50.89571676140539,0.54,0.5409916232347711,0.23943358657831076
PRIMARY__CICIDS2017_COVERAGE_R1__Oort-Style-Adapted__b1.0__seed2027,CICIDS2017_COVERAGE_R1,2027,Oort-Style-Adapted,1.0,0.54,0.763072352644283,0.5025614691959788,0.3618018018018018,0.011176418202867576,0.02168302612113555,0.006053479810909936,1771,88828,1004,290788,60.53479810909936,0.54,0.5517435690793925,0.24747631903405465
PRIMARY__CICIDS2017_COVERAGE_R1__Oracle-Score-Exact__b1.0__seed2027,CICIDS2017_COVERAGE_R1,2027,Oracle-Score-Exact,1.0,0.54,0.7629363661801664,0.5011843975264324,0.3103288559518296,0.007458366729005254,0.014566642388929352,0.00508957167614054,1489,89162,670,291070,50.89571676140539,0.54,0.5409916232347711,0.23943358657831076
PRIMARY__CICIoT2023_R1__Full-Contextual__seed42,CICIoT2023_R1,42,Full-Contextual,,0.52,0.8981267383800811,0.9154003108968547,0.9813827578762061,0.8807738742901432,0.9283604600012568,0.04997325249643367,1121,7999,59092,21311,499.7325249643367,0.52,0.9649651045896719,0.9892335525344556
PRIMARY__CICIoT2023_R1__Random-Budget__b0.1__seed42,CICIoT2023_R1,42,Random-Budget,0.1,0.52,0.9062810674351842,0.8952616572114426,0.9558168066965881,0.917351060499918,0.9361889840434432,0.12682774607703282,2845,5545,61546,19587,1268.2774607703282,0.52,0.9626314871304205,0.9884010495893307
PRIMARY__CICIoT2023_R1__Cost-Only__b0.1__seed42,CICIoT2023_R1,42,Cost-Only,0.1,0.52,0.8348245702221775,0.7204046510322355,0.8480529159679523,0.9497697157591928,0.8960338608863171,0.5089604136947218,11417,3370,63721,11015,5089.604136947219,0.52,0.9465447769765344,0.9833043961739482
PRIMARY__CICIoT2023_R1__Utility-Only__b0.1__seed42,CICIoT2023_R1,42,Utility-Only,0.1,0.52,0.779375132647476,0.8527598889284044,0.9999366366746927,0.7056535153746404,0.8274072196929315,0.00013373751783166905,3,19748,47343,22429,1.3373751783166905,0.52,0.9533060755213536,0.9853358357761617
PRIMARY__CICIoT2023_R1__Utility-Cost-Ratio__b0.1__seed42,CICIoT2023_R1,42,Utility-Cost-Ratio,0.1,0.52,0.779375132647476,0.8527598889284044,0.9999366366746927,0.7056535153746404,0.8274072196929315,0.00013373751783166905,3,19748,47343,22429,1.3373751783166905,0.52,0.9533060755213536,0.9853358357761617
PRIMARY__CICIoT2023_R1__CB-Score__b0.1__seed42,CICIoT2023_R1,42,CB-Score,0.1,0.52,0.8933905253398567,0.8676551728366635,0.9372938798461983,0.9192440118644826,0.9281812024983068,0.1839336661911555,4126,5418,61673,18306,1839.336661911555,0.52,0.9596478071807255,0.9876318612974041
PRIMARY__CICIoT2023_R1__Historical-DoubleCost__b0.1__seed42,CICIoT2023_R1,42,Historical-DoubleCost,0.1,0.52,0.8933905253398567,0.8676551728366635,0.9372938798461983,0.9192440118644826,0.9281812024983068,0.1839336661911555,4126,5418,61673,18306,1839.336661911555,0.52,0.9596478071807255,0.9876318612974041
PRIMARY__CICIoT2023_R1__Oort-Style-Adapted__b0.1__seed42,CICIoT2023_R1,42,Oort-Style-Adapted,0.1,0.52,0.779375132647476,0.8527598889284044,0.9999366366746927,0.7056535153746404,0.8274072196929315,0.00013373751783166905,3,19748,47343,22429,1.3373751783166905,0.52,0.9533060755213536,0.9853358357761617
PRIMARY__CICIoT2023_R1__Oracle-Score-Exact__b0.1__seed42,CICIoT2023_R1,42,Oracle-Score-Exact,0.1,0.52,0.8933905253398567,0.8676551728366635,0.9372938798461983,0.9192440118644826,0.9281812024983068,0.1839336661911555,4126,5418,61673,18306,1839.336661911555,0.52,0.9596478071807255,0.9876318612974041
PRIMARY__CICIoT2023_R1__Random-Budget__b0.2__seed42,CICIoT2023_R1,42,Random-Budget,0.2,0.52,0.899880477642617,0.9010063275620859,0.9652622142536978,0.898749459689079,0.9308191634699249,0.09673680456490727,2170,6793,60298,20262,967.3680456490728,0.52,0.9581595650815229,0.9873917674766464
PRIMARY__CICIoT2023_R1__Cost-Only__b0.2__seed42,CICIoT2023_R1,42,Cost-Only,0.2,0.52,0.8786680517855746,0.7856654185074199,0.8788556644072821,0.9720975987837415,0.9231280962491154,0.4007667617689016,8990,1872,65219,13442,4007.6676176890155,0.52,0.9619168751727989,0.988201938917876
PRIMARY__CICIoT2023_R1__Utility-Only__b0.2__seed42,CICIoT2023_R1,42,Utility-Only,0.2,0.52,0.7768618120483004,0.8510978989541128,0.9999575542774677,0.7022849562534468,0.8250941248577183,8.91583452211127e-05,2,19974,47117,22430,0.891583452211127,0.52,0.9533149028500285,0.9853783406078791
PRIMARY__CICIoT2023_R1__Utility-Cost-Ratio__b0.2__seed42,CICIoT2023_R1,42,Utility-Cost-Ratio,0.2,0.52,0.7768618120483004,0.8510978989541128,0.9999575542774677,0.7022849562534468,0.8250941248577183,8.91583452211127e-05,2,19974,47117,22430,0.891583452211127,0.52,0.9533149028500285,0.9853783406078791
PRIMARY__CICIoT2023_R1__CB-Score__b0.2__seed42,CICIoT2023_R1,42,CB-Score,0.2,0.52,0.8482401170648883,0.8980817937045753,0.9991603694374476,0.7981696501766258,0.8874268763568268,0.0020060627674750356,45,13541,53550,22387,20.060627674750357,0.52,0.9619441179635911,0.9882553122409766
PRIMARY__CICIoT2023_R1__Historical-DoubleCost__b0.2__seed42,CICIoT2023_R1,42,Historical-DoubleCost,0.2,0.52,0.8482401170648883,0.8980817937045753,0.9991603694374476,0.7981696501766258,0.8874268763568268,0.0020060627674750356,45,13541,53550,22387,20.060627674750357,0.52,0.9619441179635911,0.9882553122409766
PRIMARY__CICIoT2023_R1__Oort-Style-Adapted__b0.2__seed42,CICIoT2023_R1,42,Oort-Style-Adapted,0.2,0.52,0.8335511544519285,0.888889989379511,0.9999233687114449,0.7779582954494642,0.8750848779015667,0.0001783166904422254,4,14897,52194,22428,1.783166904422254,0.52,0.9550614773707505,0.986144186688601
PRIMARY__CICIoT2023_R1__Oracle-Score-Exact__b0.2__seed42,CICIoT2023_R1,42,Oracle-Score-Exact,0.2,0.52,0.8482401170648883,0.8980817937045753,0.9991603694374476,0.7981696501766258,0.8874268763568268,0.0020060627674750356,45,13541,53550,22387,20.060627674750357,0.52,0.9619441179635911,0.9882553122409766
PRIMARY__CICIoT2023_R1__Random-Budget__b0.4__seed42,CICIoT2023_R1,42,Random-Budget,0.4,0.52,0.8916367860773209,0.9139932642744623,0.9844019041831257,0.8691776840410785,0.9232084477831694,0.04119115549215407,924,8777,58314,21508,411.91155492154064,0.52,0.9627664582151084,0.9885331793071057
PRIMARY__CICIoT2023_R1__Cost-Only__b0.4__seed42,CICIoT2023_R1,42,Cost-Only,0.4,0.52,0.9029523139304984,0.8848359199136158,0.9478826362367521,0.921151868357902,0.9343261017461637,0.15148002853067047,3398,5290,61801,19034,1514.8002853067046,0.52,0.9611407765685889,0.9882080622948499
PRIMARY__CICIoT2023_R1__Utility-Only__b0.4__seed42,CICIoT2023_R1,42,Utility-Only,0.4,0.52,0.8802542363414988,0.9134318494930268,0.9921426201742592,0.846924326660804,0.9138000353805825,0.020060627674750357,450,10270,56821,21982,200.60627674750356,0.52,0.9636765212496639,0.9888352268396345
PRIMARY__CICIoT2023_R1__Utility-Cost-Ratio__b0.4__seed42,CICIoT2023_R1,42,Utility-Cost-Ratio,0.4,0.52,0.8802542363414988,0.9134318494930268,0.9921426201742592,0.846924326660804,0.9138000353805825,0.020060627674750357,450,10270,56821,21982,200.60627674750356,0.52,0.9636765212496639,0.9888352268396345
PRIMARY__CICIoT2023_R1__CB-Score__b0.4__seed42,CICIoT2023_R1,42,CB-Score,0.4,0.52,0.8558247601175117,0.9024744189662895,0.9983444926789787,0.8089609634675292,0.8937301881355234,0.004012125534950071,90,12817,54274,22342,40.121255349500714,0.52,0.9636299789349705,0.9887521200865584
PRIMARY__CICIoT2023_R1__Historical-DoubleCost__b0.4__seed42,CICIoT2023_R1,42,Historical-DoubleCost,0.4,0.52,0.828591535136222,0.8855810507737367,0.9999227112880164,0.7713404182379157,0.8708822415751609,0.0001783166904422254,4,15341,51750,22428,1.783166904422254,0.52,0.9497333944744837,0.9846778266693286
PRIMARY__CICIoT2023_R1__Oort-Style-Adapted__b0.4__seed42,CICIoT2023_R1,42,Oort-Style-Adapted,0.4,0.52,0.8295521821207957,0.8862516453582505,0.9999614167759858,0.7725924490617221,0.871694400766857,8.91583452211127e-05,2,15257,51834,22430,0.891583452211127,0.52,0.9502994451815621,0.9847843362469042
PRIMARY__CICIoT2023_R1__Oracle-Score-Exact__b0.4__seed42,CICIoT2023_R1,42,Oracle-Score-Exact,0.4,0.52,0.8539593177172347,0.901912343713292,0.9991867664725996,0.8057861710214484,0.8921251526453018,0.0019614835948644793,44,13030,54061,22388,19.614835948644792,0.52,0.9640669513059008,0.9889223416947536
PRIMARY__CICIoT2023_R1__Random-Budget__b0.6__seed42,CICIoT2023_R1,42,Random-Budget,0.6,0.52,0.8974788601811825,0.8929647587152001,0.9587459007303433,0.9020136829082888,0.9295149448591528,0.11608416547788873,2604,6574,60517,19828,1160.8416547788872,0.52,0.9626294751506519,0.9884576323794207
PRIMARY__CICIoT2023_R1__Cost-Only__b0.6__seed42,CICIoT2023_R1,42,Cost-Only,0.6,0.52,0.9036001921293969,0.9058322809731182,0.9678002720652956,0.9013578572386758,0.9333981601531147,0.08969329529243937,2012,6618,60473,20420,896.9329529243937,0.52,0.9648902350882212,0.989167462092794
PRIMARY__CICIoT2023_R1__Utility-Only__b0.6__seed42,CICIoT2023_R1,42,Utility-Only,0.6,0.52,0.8462182902717738,0.896569672302556,0.9989520173665694,0.7956357782713032,0.885776630962357,0.0024964336661911554,56,13711,53380,22376,24.964336661911556,0.52,0.9592576246352097,0.9874826360400483
PRIMARY__CICIoT2023_R1__Utility-Cost-Ratio__b0.6__seed42,CICIoT2023_R1,42,Utility-Cost-Ratio,0.6,0.52,0.8506305642125487,0.8997211535576768,0.9992193743843281,0.8013146323649968,0.8893907059076547,0.0018723252496433665,42,13330,53761,22390,18.723252496433666,0.52,0.9603553366771994,0.9878786755710165
PRIMARY__CICIoT2023_R1__CB-Score__b0.6__seed42,CICIoT2023_R1,42,CB-Score,0.6,0.52,0.8578912681657228,0.9021765599131641,0.9962939297124601,0.8134026918662712,0.8956066499269689,0.009049572039942938,203,12519,54572,22229,90.49572039942939,0.52,0.9604113581541718,0.9879050754912062
PRIMARY__CICIoT2023_R1__Historical-DoubleCost__b0.6__seed42,CICIoT2023_R1,42,Historical-DoubleCost,0.6,0.52,0.8691844553913519,0.9080493560989651,0.9943760042849491,0.8301411515702554,0.9048667354448786,0.014042439372325249,315,11396,55695,22117,140.4243937232525,0.52,0.9616849888565557,0.9882890582804525
PRIMARY__CICIoT2023_R1__Oort-Style-Adapted__b0.6__seed42,CICIoT2023_R1,42,Oort-Style-Adapted,0.6,0.52,0.8471789372563475,0.8971512447558027,0.9988791331963385,0.7969772398682387,0.8865786222962834,0.002674750356633381,60,13621,53470,22372,26.74750356633381,0.52,0.9628918919974151,0.9885560150586415
PRIMARY__CICIoT2023_R1__Oracle-Score-Exact__b0.6__seed42,CICIoT2023_R1,42,Oracle-Score-Exact,0.6,0.52,0.865956234710633,0.9064296977670436,0.9949864328199968,0.8252969846924326,0.9022323610884797,0.012437589158345221,279,11721,55370,22153,124.37589158345222,0.52,0.9603773844006791,0.9879301404198009
PRIMARY__CICIoT2023_R1__Random-Budget__b0.8__seed42,CICIoT2023_R1,42,Random-Budget,0.8,0.52,0.8927984987098287,0.9165190995565011,0.9863634825567624,0.8689690122371108,0.9239522334128386,0.03593081312410842,806,8791,58300,21626,359.30813124108414,0.52,0.9659176285037392,0.9894296575208928
PRIMARY__CICIoT2023_R1__Cost-Only__b0.8__seed42,CICIoT2023_R1,42,Cost-Only,0.8,0.52,0.886252694838198,0.9158166412058645,0.9903663874814739,0.8565530399010299,0.9186121790004556,0.024919757489301,559,9624,57467,21873,249.19757489301,0.52,0.9650004594197661,0.9892574280194257
PRIMARY__CICIoT2023_R1__Utility-Only__b0.8__seed42,CICIoT2023_R1,42,Utility-Only,0.8,0.52,0.8501502407202618,0.8984659609089927,0.9980514419329696,0.8016127349420936,0.8891111533597296,0.004680813124108417,105,13310,53781,22327,46.80813124108417,0.52,0.9604525794867027,0.9878355479365253
PRIMARY__CICIoT2023_R1__Utility-Cost-Ratio__b0.8__seed42,CICIoT2023_R1,42,Utility-Cost-Ratio,0.8,0.52,0.8501502407202618,0.8984659609089927,0.9980514419329696,0.8016127349420936,0.8891111533597296,0.004680813124108417,105,13310,53781,22327,46.80813124108417,0.52,0.9604525794867027,0.9878355479365253
PRIMARY__CICIoT2023_R1__CB-Score__b0.8__seed42,CICIoT2023_R1,42,CB-Score,0.8,0.52,0.8584497838544285,0.9025195140907794,0.9962611027011253,0.8141777585667228,0.8960629921259843,0.009138730385164051,205,12467,54624,22227,91.38730385164051,0.52,0.9624477125794035,0.9884775695159869
PRIMARY__CICIoT2023_R1__Historical-DoubleCost__b0.8__seed42,CICIoT2023_R1,42,Historical-DoubleCost,0.8,0.52,0.8596896886833552,0.9037325113110473,0.9967388135840256,0.8154446945193842,0.8970232581018044,0.007979671897289587,179,12382,54709,22253,79.79671897289586,0.52,0.9626852943000681,0.9885535231357148
PRIMARY__CICIoT2023_R1__Oort-Style-Adapted__b0.8__seed42,CICIoT2023_R1,42,Oort-Style-Adapted,0.8,0.52,0.8482624576924366,0.8973548477395372,0.9982308136394957,0.7989447168770774,0.8875384972017087,0.004235021398002853,95,13489,53602,22337,42.35021398002853,0.52,0.9612643668113088,0.9880635891266636
PRIMARY__CICIoT2023_R1__Oracle-Score-Exact__b0.8__seed42,CICIoT2023_R1,42,Oracle-Score-Exact,0.8,0.52,0.8584497838544285,0.9025195140907794,0.9962611027011253,0.8141777585667228,0.8960629921259843,0.009138730385164051,205,12467,54624,22227,91.38730385164051,0.52,0.9624477125794035,0.9884775695159869
PRIMARY__CICIoT2023_R1__Random-Budget__b1.0__seed42,CICIoT2023_R1,42,Random-Budget,1.0,0.52,0.8811031801883314,0.9137905260832206,0.9919128540305011,0.8482657882577395,0.9144826699660952,0.020684736091298145,464,10180,56911,21968,206.84736091298146,0.52,0.9634598855805976,0.9888514309369918
PRIMARY__CICIoT2023_R1__Cost-Only__b1.0__seed42,CICIoT2023_R1,42,Cost-Only,1.0,0.52,0.8811031801883314,0.9137905260832206,0.9919128540305011,0.8482657882577395,0.9144826699660952,0.020684736091298145,464,10180,56911,21968,206.84736091298146,0.52,0.9634598855805976,0.9888514309369918
PRIMARY__CICIoT2023_R1__Utility-Only__b1.0__seed42,CICIoT2023_R1,42,Utility-Only,1.0,0.52,0.8498933235034573,0.8984132481021848,0.9981985997362899,0.8011506759475936,0.8888852139112603,0.004324179743223966,97,13341,53750,22335,43.24179743223966,0.52,0.9603843073918319,0.9877887167630576
PRIMARY__CICIoT2023_R1__Utility-Cost-Ratio__b1.0__seed42,CICIoT2023_R1,42,Utility-Cost-Ratio,1.0,0.52,0.8498933235034573,0.8984132481021848,0.9981985997362899,0.8011506759475936,0.8888852139112603,0.004324179743223966,97,13341,53750,22335,43.24179743223966,0.52,0.9603843073918319,0.9877887167630576
PRIMARY__CICIoT2023_R1__CB-Score__b1.0__seed42,CICIoT2023_R1,42,CB-Score,1.0,0.52,0.8596338371144846,0.9040958480796124,0.99722774444181,0.8149677303960293,0.8969324146981628,0.006776034236804565,152,12414,54677,22280,67.76034236804566,0.52,0.9637337822736173,0.9888269334143583
PRIMARY__CICIoT2023_R1__Historical-DoubleCost__b1.0__seed42,CICIoT2023_R1,42,Historical-DoubleCost,1.0,0.52,0.8596338371144846,0.9040958480796124,0.99722774444181,0.8149677303960293,0.8969324146981628,0.006776034236804565,152,12414,54677,22280,67.76034236804566,0.52,0.9637337822736173,0.9888269334143583
PRIMARY__CICIoT2023_R1__Oort-Style-Adapted__b1.0__seed42,CICIoT2023_R1,42,Oort-Style-Adapted,1.0,0.52,0.8498933235034573,0.8984132481021848,0.9981985997362899,0.8011506759475936,0.8888852139112603,0.004324179743223966,97,13341,53750,22335,43.24179743223966,0.52,0.9603843073918319,0.9877887167630576
PRIMARY__CICIoT2023_R1__Oracle-Score-Exact__b1.0__seed42,CICIoT2023_R1,42,Oracle-Score-Exact,1.0,0.52,0.8596338371144846,0.9040958480796124,0.99722774444181,0.8149677303960293,0.8969324146981628,0.006776034236804565,152,12414,54677,22280,67.76034236804566,0.52,0.9637337822736173,0.9888269334143583
PRIMARY__CICIoT2023_R1__Full-Contextual__seed123,CICIoT2023_R1,123,Full-Contextual,,0.48,0.8942729801280118,0.9139716268539901,0.982516662759152,0.8744839099134012,0.9253578328930248,0.046540656205420826,1044,8421,58670,21388,465.4065620542083,0.48,0.9577614256477209,0.9871631996491089
PRIMARY__CICIoT2023_R1__Random-Budget__b0.1__seed123,CICIoT2023_R1,123,Random-Budget,0.1,0.48,0.7405694625962044,0.565322658444656,0.7771838034576888,0.9166207091860309,0.8411629131644999,0.785975392296719,17631,5594,61497,4801,7859.753922967189,0.48,0.5003784206367059,0.783313665548035
PRIMARY__CICIoT2023_R1__Cost-Only__b0.1__seed123,CICIoT2023_R1,123,Cost-Only,0.1,0.48,0.7405694625962044,0.565322658444656,0.7771838034576888,0.9166207091860309,0.8411629131644999,0.785975392296719,17631,5594,61497,4801,7859.753922967189,0.48,0.5003784206367059,0.783313665548035
PRIMARY__CICIoT2023_R1__Utility-Only__b0.1__seed123,CICIoT2023_R1,123,Utility-Only,0.1,0.48,0.7405694625962044,0.565322658444656,0.7771838034576888,0.9166207091860309,0.8411629131644999,0.785975392296719,17631,5594,61497,4801,7859.753922967189,0.48,0.5003784206367059,0.783313665548035
PRIMARY__CICIoT2023_R1__Utility-Cost-Ratio__b0.1__seed123,CICIoT2023_R1,123,Utility-Cost-Ratio,0.1,0.48,0.7405694625962044,0.565322658444656,0.7771838034576888,0.9166207091860309,0.8411629131644999,0.785975392296719,17631,5594,61497,4801,7859.753922967189,0.48,0.5003784206367059,0.783313665548035
PRIMARY__CICIoT2023_R1__CB-Score__b0.1__seed123,CICIoT2023_R1,123,CB-Score,0.1,0.48,0.7405694625962044,0.565322658444656,0.7771838034576888,0.9166207091860309,0.8411629131644999,0.785975392296719,17631,5594,61497,4801,7859.753922967189,0.48,0.5003784206367059,0.783313665548035
PRIMARY__CICIoT2023_R1__Historical-DoubleCost__b0.1__seed123,CICIoT2023_R1,123,Historical-DoubleCost,0.1,0.48,0.7405694625962044,0.565322658444656,0.7771838034576888,0.9166207091860309,0.8411629131644999,0.785975392296719,17631,5594,61497,4801,7859.753922967189,0.48,0.5003784206367059,0.783313665548035
PRIMARY__CICIoT2023_R1__Oort-Style-Adapted__b0.1__seed123,CICIoT2023_R1,123,Oort-Style-Adapted,0.1,0.48,0.7405694625962044,0.565322658444656,0.7771838034576888,0.9166207091860309,0.8411629131644999,0.785975392296719,17631,5594,61497,4801,7859.753922967189,0.48,0.5003784206367059,0.783313665548035
PRIMARY__CICIoT2023_R1__Oracle-Score-Exact__b0.1__seed123,CICIoT2023_R1,123,Oracle-Score-Exact,0.1,0.48,0.7405694625962044,0.565322658444656,0.7771838034576888,0.9166207091860309,0.8411629131644999,0.785975392296719,17631,5594,61497,4801,7859.753922967189,0.48,0.5003784206367059,0.783313665548035
PRIMARY__CICIoT2023_R1__Random-Budget__b0.2__seed123,CICIoT2023_R1,123,Random-Budget,0.2,0.48,0.8732616199189035,0.7901297172261041,0.8837231713864835,0.9567751263209671,0.9187993816557883,0.37651569186875894,8446,2900,64191,13986,3765.156918687589,0.48,0.9582017764569386,0.9871278152718348
PRIMARY__CICIoT2023_R1__Cost-Only__b0.2__seed123,CICIoT2023_R1,123,Cost-Only,0.2,0.48,0.8869452542921931,0.8103126899486977,0.8935914442049412,0.9639295881712897,0.927428780393366,0.34330420827389446,7701,2420,64671,14731,3433.0420827389444,0.48,0.9657400822527098,0.989398681526607
PRIMARY__CICIoT2023_R1__Utility-Only__b0.2__seed123,CICIoT2023_R1,123,Utility-Only,0.2,0.48,0.8406443036984909,0.8934888345940216,0.9997540254678247,0.7875571984319805,0.8810591786029914,0.0005795292439372326,13,14253,52838,22419,5.795292439372325,0.48,0.9456618138742341,0.9833378696517967
PRIMARY__CICIoT2023_R1__Utility-Cost-Ratio__b0.2__seed123,CICIoT2023_R1,123,Utility-Cost-Ratio,0.2,0.48,0.8406443036984909,0.8934888345940216,0.9997540254678247,0.7875571984319805,0.8810591786029914,0.0005795292439372326,13,14253,52838,22419,5.795292439372325,0.48,0.9456618138742341,0.9833378696517967
PRIMARY__CICIoT2023_R1__CB-Score__b0.2__seed123,CICIoT2023_R1,123,CB-Score,0.2,0.48,0.8392368441629525,0.8924904633886553,0.9996776212239016,0.7857387727116901,0.8798905060755775,0.000757845934379458,17,14375,52716,22415,7.578459343794579,0.48,0.9484022841413617,0.984246663335061
PRIMARY__CICIoT2023_R1__Historical-DoubleCost__b0.2__seed123,CICIoT2023_R1,123,Historical-DoubleCost,0.2,0.48,0.8456150933279716,0.8961375597797197,0.9989135728468138,0.7948607115708515,0.885281007993227,0.002585592011412268,58,13763,53328,22374,25.855920114122682,0.48,0.959551890630013,0.9875145300133245
PRIMARY__CICIoT2023_R1__Oort-Style-Adapted__b0.2__seed123,CICIoT2023_R1,123,Oort-Style-Adapted,0.2,0.48,0.8398065301654324,0.8928260331088201,0.9996211403674938,0.7865436496698514,0.880373036594623,0.000891583452211127,20,14321,52770,22412,8.91583452211127,0.48,0.9473120309761535,0.9841218348126923
PRIMARY__CICIoT2023_R1__Oracle-Score-Exact__b0.2__seed123,CICIoT2023_R1,123,Oracle-Score-Exact,0.2,0.48,0.8405996224433945,0.8932067949643883,0.9994326884892495,0.7877509651070933,0.8810555796352483,0.0013373751783166904,30,14240,52851,22402,13.373751783166904,0.48,0.9462014968821171,0.9838095432483761
PRIMARY__CICIoT2023_R1__Random-Budget__b0.4__seed123,CICIoT2023_R1,123,Random-Budget,0.4,0.48,0.8927538174547323,0.9030024364118179,0.9718483256730138,0.88245815385074,0.9249986329299826,0.07645328102710414,1715,7886,59205,20717,764.5328102710414,0.48,0.956364905373907,0.9867812946336101
PRIMARY__CICIoT2023_R1__Cost-Only__b0.4__seed123,CICIoT2023_R1,123,Cost-Only,0.4,0.48,0.8955575662120349,0.8679585196509878,0.9364597033879087,0.923283301784144,0.9298248247496961,0.18736626248216834,4203,5147,61944,18229,1873.6626248216833,0.48,0.962030929109825,0.9883807011619932
PRIMARY__CICIoT2023_R1__Utility-Only__b0.4__seed123,CICIoT2023_R1,123,Utility-Only,0.4,0.48,0.8461736090166773,0.8964211658698235,0.9988025744649005,0.7956953987867225,0.8857548179427405,0.0028530670470756064,64,13707,53384,22368,28.530670470756064,0.48,0.9610510673874271,0.9880605881695683
PRIMARY__CICIoT2023_R1__Utility-Cost-Ratio__b0.4__seed123,CICIoT2023_R1,123,Utility-Cost-Ratio,0.4,0.48,0.8461736090166773,0.8964211658698235,0.9988025744649005,0.7956953987867225,0.8857548179427405,0.0028530670470756064,64,13707,53384,22368,28.530670470756064,0.48,0.9610510673874271,0.9880605881695683
PRIMARY__CICIoT2023_R1__CB-Score__b0.4__seed123,CICIoT2023_R1,123,CB-Score,0.4,0.48,0.8470225528635099,0.8967353313943838,0.9984876208969715,0.7970815757702225,0.8864889058342796,0.0036109129814550643,81,13614,53477,22351,36.10912981455064,0.48,0.9593335526187514,0.9875743431075205
PRIMARY__CICIoT2023_R1__Historical-DoubleCost__b0.4__seed123,CICIoT2023_R1,123,Historical-DoubleCost,0.4,0.48,0.8458831808585503,0.8960493549321762,0.9985780039666206,0.7954867269827548,0.88553722093631,0.0033880171184022824,76,13721,53370,22356,33.88017118402283,0.48,0.9589305025057945,0.9874352752799601
PRIMARY__CICIoT2023_R1__Oort-Style-Adapted__b0.4__seed123,CICIoT2023_R1,123,Oort-Style-Adapted,0.4,0.48,0.8517475955899602,0.8992349371845564,0.9976881392295031,0.8040422709454323,0.8904588973258502,0.005572396576319544,125,13147,53944,22307,55.72396576319544,0.48,0.958952858537931,0.987502359381222
PRIMARY__CICIoT2023_R1__Oracle-Score-Exact__b0.4__seed123,CICIoT2023_R1,123,Oracle-Score-Exact,0.4,0.48,0.846531059057449,0.8965261147346002,0.9986354630079629,0.796306509069771,0.8860675517667449,0.0032542796005706133,73,13666,53425,22359,32.54279600570614,0.48,0.9600126203756598,0.9877514317980871
PRIMARY__CICIoT2023_R1__Random-Budget__b0.6__seed123,CICIoT2023_R1,123,Random-Budget,0.6,0.48,0.8912793360365493,0.8770479900869623,0.9470337001589925,0.9055760087045952,0.9258409844184541,0.15148002853067047,3398,6335,60756,19034,1514.8002853067046,0.48,0.9560157444911993,0.9867011525551495
PRIMARY__CICIoT2023_R1__Cost-Only__b0.6__seed123,CICIoT2023_R1,123,Cost-Only,0.6,0.48,0.901846452866861,0.9008787877791594,0.9639231038543556,0.9028185598664501,0.9323707563361529,0.10106098430813124,2267,6520,60571,20165,1010.6098430813124,0.48,0.960483187758845,0.9879905291421582
PRIMARY__CICIoT2023_R1__Utility-Only__b0.6__seed123,CICIoT2023_R1,123,Utility-Only,0.6,0.48,0.8437496509276946,0.8950413517391191,0.999097727400891,0.7922225037635451,0.8837143569706543,0.0021398002853067048,48,13940,53151,22384,21.398002853067048,0.48,0.9609090952377347,0.988106255375665
PRIMARY__CICIoT2023_R1__Utility-Cost-Ratio__b0.6__seed123,CICIoT2023_R1,123,Utility-Cost-Ratio,0.6,0.48,0.8437496509276946,0.8950413517391191,0.999097727400891,0.7922225037635451,0.8837143569706543,0.0021398002853067048,48,13940,53151,22384,21.398002853067048,0.48,0.9609090952377347,0.988106255375665
PRIMARY__CICIoT2023_R1__CB-Score__b0.6__seed123,CICIoT2023_R1,123,CB-Score,0.6,0.48,0.8406889849535873,0.8932070673922963,0.9993572414314611,0.7879298266533514,0.8811381138113812,0.001515691868758916,34,14228,52863,22398,15.156918687589158,0.48,0.9584389651505117,0.9873949890118394
PRIMARY__CICIoT2023_R1__Historical-DoubleCost__b0.6__seed123,CICIoT2023_R1,123,Historical-DoubleCost,0.6,0.48,0.8406889849535873,0.8932070673922963,0.9993572414314611,0.7879298266533514,0.8811381138113812,0.001515691868758916,34,14228,52863,22398,15.156918687589158,0.48,0.9584389651505117,0.9873949890118394
PRIMARY__CICIoT2023_R1__Oort-Style-Adapted__b0.6__seed123,CICIoT2023_R1,123,Oort-Style-Adapted,0.6,0.48,0.8494576812662668,0.8981967831989047,0.9982898992527603,0.8004948502779806,0.8885175657007668,0.004101283880171184,92,13385,53706,22340,41.01283880171184,0.48,0.9612349043975255,0.9881929937325182
PRIMARY__CICIoT2023_R1__Oracle-Score-Exact__b0.6__seed123,CICIoT2023_R1,123,Oracle-Score-Exact,0.6,0.48,0.8406889849535873,0.8932070673922963,0.9993572414314611,0.7879298266533514,0.8811381138113812,0.001515691868758916,34,14228,52863,22398,15.156918687589158,0.48,0.9584389651505117,0.9873949890118394
PRIMARY__CICIoT2023_R1__Random-Budget__b0.8__seed123,CICIoT2023_R1,123,Random-Budget,0.8,0.48,0.8936027613015649,0.8974559782946241,0.9655936590100291,0.8897318567319015,0.9261118135768088,0.09481990014265335,2127,7398,59693,20305,948.1990014265335,0.48,0.9574654194365985,0.9870782321706765
PRIMARY__CICIoT2023_R1__Cost-Only__b0.8__seed123,CICIoT2023_R1,123,Cost-Only,0.8,0.48,0.892128279883382,0.9144695473280473,0.9845769633154466,0.869684458422143,0.9235712646316273,0.0407453637660485,914,8743,58348,21518,407.453637660485,0.48,0.9585640321518301,0.9873982154695599
PRIMARY__CICIoT2023_R1__Utility-Only__b0.8__seed123,CICIoT2023_R1,123,Utility-Only,0.8,0.48,0.851144398646158,0.899114402121155,0.9980362006039609,0.8029541965390291,0.8899296263257013,0.004725392296718973,106,13220,53871,22326,47.25392296718973,0.48,0.9619789824234511,0.9883591493267261
PRIMARY__CICIoT2023_R1__Utility-Cost-Ratio__b0.8__seed123,CICIoT2023_R1,123,Utility-Cost-Ratio,0.8,0.48,0.851144398646158,0.899114402121155,0.9980362006039609,0.8029541965390291,0.8899296263257013,0.004725392296718973,106,13220,53871,22326,47.25392296718973,0.48,0.9619789824234511,0.9883591493267261
PRIMARY__CICIoT2023_R1__CB-Score__b0.8__seed123,CICIoT2023_R1,123,CB-Score,0.8,0.48,0.878902628374831,0.912841666656744,0.9924879176297542,0.8448077983634169,0.9127126627428562,0.019124465049928673,429,10412,56679,22003,191.24465049928673,0.48,0.9571669294803058,0.9869720735038345
PRIMARY__CICIoT2023_R1__Historical-DoubleCost__b0.8__seed123,CICIoT2023_R1,123,Historical-DoubleCost,0.8,0.48,0.878902628374831,0.912841666656744,0.9924879176297542,0.8448077983634169,0.9127126627428562,0.019124465049928673,429,10412,56679,22003,191.24465049928673,0.48,0.9571669294803058,0.9869720735038345
PRIMARY__CICIoT2023_R1__Oort-Style-Adapted__b0.8__seed123,CICIoT2023_R1,123,Oort-Style-Adapted,0.8,0.48,0.851144398646158,0.899114402121155,0.9980362006039609,0.8029541965390291,0.8899296263257013,0.004725392296718973,106,13220,53871,22326,47.25392296718973,0.48,0.9619789824234511,0.9883591493267261
PRIMARY__CICIoT2023_R1__Oracle-Score-Exact__b0.8__seed123,CICIoT2023_R1,123,Oracle-Score-Exact,0.8,0.48,0.878902628374831,0.912841666656744,0.9924879176297542,0.8448077983634169,0.9127126627428562,0.019124465049928673,429,10412,56679,22003,191.24465049928673,0.48,0.9571669294803058,0.9869720735038345
PRIMARY__CICIoT2023_R1__Random-Budget__b1.0__seed123,CICIoT2023_R1,123,Random-Budget,1.0,0.48,0.8899612390112038,0.9128308685447157,0.9843131282363692,0.8669866300994172,0.921932083845148,0.041324893009985736,927,8924,58167,21505,413.2489300998573,0.48,0.9578805158465229,0.9871674587273586
PRIMARY__CICIoT2023_R1__Cost-Only__b1.0__seed123,CICIoT2023_R1,123,Cost-Only,1.0,0.48,0.8899612390112038,0.9128308685447157,0.9843131282363692,0.8669866300994172,0.921932083845148,0.041324893009985736,927,8924,58167,21505,413.2489300998573,0.48,0.9578805158465229,0.9871674587273586
PRIMARY__CICIoT2023_R1__Utility-Only__b1.0__seed123,CICIoT2023_R1,123,Utility-Only,1.0,0.48,0.8518592987277013,0.8995320181569985,0.9979648097097079,0.8039677453011581,0.890523361400033,0.004903708987161198,110,13152,53939,22322,49.03708987161198,0.48,0.9622885243148473,0.9884994469857087
PRIMARY__CICIoT2023_R1__Utility-Cost-Ratio__b1.0__seed123,CICIoT2023_R1,123,Utility-Cost-Ratio,1.0,0.48,0.8518592987277013,0.8995320181569985,0.9979648097097079,0.8039677453011581,0.890523361400033,0.004903708987161198,110,13152,53939,22322,49.03708987161198,0.48,0.9622885243148473,0.9884994469857087
PRIMARY__CICIoT2023_R1__CB-Score__b1.0__seed123,CICIoT2023_R1,123,CB-Score,1.0,0.48,0.8919830658043184,0.91444684909988,0.9846553790577154,0.869416166102756,0.9234544447083036,0.04052246790299572,909,8761,58330,21523,405.2246790299572,0.48,0.9580901218788772,0.9872564195477884
PRIMARY__CICIoT2023_R1__Historical-DoubleCost__b1.0__seed123,CICIoT2023_R1,123,Historical-DoubleCost,1.0,0.48,0.8919830658043184,0.91444684909988,0.9846553790577154,0.869416166102756,0.9234544447083036,0.04052246790299572,909,8761,58330,21523,405.2246790299572,0.48,0.9580901218788772,0.9872564195477884
PRIMARY__CICIoT2023_R1__Oort-Style-Adapted__b1.0__seed123,CICIoT2023_R1,123,Oort-Style-Adapted,1.0,0.48,0.8518592987277013,0.8995320181569985,0.9979648097097079,0.8039677453011581,0.890523361400033,0.004903708987161198,110,13152,53939,22322,49.03708987161198,0.48,0.9622885243148473,0.9884994469857087
PRIMARY__CICIoT2023_R1__Oracle-Score-Exact__b1.0__seed123,CICIoT2023_R1,123,Oracle-Score-Exact,1.0,0.48,0.8919830658043184,0.91444684909988,0.9846553790577154,0.869416166102756,0.9234544447083036,0.04052246790299572,909,8761,58330,21523,405.2246790299572,0.48,0.9580901218788772,0.9872564195477884
PRIMARY__CICIoT2023_R1__Full-Contextual__seed777,CICIoT2023_R1,777,Full-Contextual,,0.54,0.891547423567128,0.9131621186213942,0.9835507466208245,0.8698335097106914,0.923203480324303,0.043509272467902996,976,8733,58358,21456,435.09272467902997,0.54,0.9605353507263996,0.9879708782959289
PRIMARY__CICIoT2023_R1__Random-Budget__b0.1__seed777,CICIoT2023_R1,777,Random-Budget,0.1,0.54,0.7520860560973158,0.5055126398469462,0.7515040837133222,0.9997913281960322,0.8580474326502417,0.9887660485021398,22180,14,67077,252,9887.660485021397,0.54,0.9546951110045119,0.9857646689113532
PRIMARY__CICIoT2023_R1__Cost-Only__b0.1__seed777,CICIoT2023_R1,777,Cost-Only,0.1,0.54,0.7494275214190766,0.5,0.7494275214190766,1.0,0.856768871237565,1.0,22432,0,67091,0,10000.0,0.54,0.9407081017412614,0.9815844427143389
PRIMARY__CICIoT2023_R1__Utility-Only__b0.1__seed777,CICIoT2023_R1,777,Utility-Only,0.1,0.54,0.8614322576321168,0.9031443427801373,0.9946273516642548,0.8195286998256099,0.898627942894967,0.013240014265335236,297,12108,54983,22135,132.40014265335236,0.54,0.9577947425841722,0.9871198270072042
PRIMARY__CICIoT2023_R1__Utility-Cost-Ratio__b0.1__seed777,CICIoT2023_R1,777,Utility-Cost-Ratio,0.1,0.54,0.8614322576321168,0.9031443427801373,0.9946273516642548,0.8195286998256099,0.898627942894967,0.013240014265335236,297,12108,54983,22135,132.40014265335236,0.54,0.9577947425841722,0.9871198270072042
PRIMARY__CICIoT2023_R1__CB-Score__b0.1__seed777,CICIoT2023_R1,777,CB-Score,0.1,0.54,0.865956234710633,0.9047679513167235,0.9930019866482916,0.8269663591241746,0.9024104615985167,0.017430456490727532,391,11609,55482,22041,174.30456490727533,0.54,0.9578554587913479,0.9872103661192242
PRIMARY__CICIoT2023_R1__Historical-DoubleCost__b0.1__seed777,CICIoT2023_R1,777,Historical-DoubleCost,0.1,0.54,0.865956234710633,0.9047679513167235,0.9930019866482916,0.8269663591241746,0.9024104615985167,0.017430456490727532,391,11609,55482,22041,174.30456490727533,0.54,0.9578554587913479,0.9872103661192242
PRIMARY__CICIoT2023_R1__Oort-Style-Adapted__b0.1__seed777,CICIoT2023_R1,777,Oort-Style-Adapted,0.1,0.54,0.8614322576321168,0.9031443427801373,0.9946273516642548,0.8195286998256099,0.898627942894967,0.013240014265335236,297,12108,54983,22135,132.40014265335236,0.54,0.9577947425841722,0.9871198270072042
PRIMARY__CICIoT2023_R1__Oracle-Score-Exact__b0.1__seed777,CICIoT2023_R1,777,Oracle-Score-Exact,0.1,0.54,0.865956234710633,0.9047679513167235,0.9930019866482916,0.8269663591241746,0.9024104615985167,0.017430456490727532,391,11609,55482,22041,174.30456490727533,0.54,0.9578554587913479,0.9872103661192242
PRIMARY__CICIoT2023_R1__Random-Budget__b0.2__seed777,CICIoT2023_R1,777,Random-Budget,0.2,0.54,0.8648168627056734,0.9066191055956299,0.9961204641007597,0.8228227333025294,0.9012162272467553,0.009584522111269615,215,11887,55204,22217,95.84522111269615,0.54,0.9625504408245016,0.98851453134339
PRIMARY__CICIoT2023_R1__Cost-Only__b0.2__seed777,CICIoT2023_R1,777,Cost-Only,0.2,0.54,0.7494275214190766,0.5,0.7494275214190766,1.0,0.856768871237565,1.0,22432,0,67091,0,10000.0,0.54,0.9531599701087317,0.9852717834165563
PRIMARY__CICIoT2023_R1__Utility-Only__b0.2__seed777,CICIoT2023_R1,777,Utility-Only,0.2,0.54,0.8358969203444925,0.8904550279092691,0.9999236757746909,0.7810883725089803,0.8770617327341651,0.0001783166904422254,4,14687,52404,22428,1.783166904422254,0.54,0.9524348391115727,0.9853144926439795
PRIMARY__CICIoT2023_R1__Utility-Cost-Ratio__b0.2__seed777,CICIoT2023_R1,777,Utility-Cost-Ratio,0.2,0.54,0.8358969203444925,0.8904550279092691,0.9999236757746909,0.7810883725089803,0.8770617327341651,0.0001783166904422254,4,14687,52404,22428,1.783166904422254,0.54,0.9524348391115727,0.9853144926439795
PRIMARY__CICIoT2023_R1__CB-Score__b0.2__seed777,CICIoT2023_R1,777,CB-Score,0.2,0.54,0.8934687175362755,0.8913427166390844,0.9595496646438837,0.895604477500708,0.9264750098295441,0.11291904422253923,2533,7004,60087,19899,1129.1904422253922,0.54,0.9609066141503977,0.9879546944222026
PRIMARY__CICIoT2023_R1__Historical-DoubleCost__b0.2__seed777,CICIoT2023_R1,777,Historical-DoubleCost,0.2,0.54,0.8934687175362755,0.8913427166390844,0.9595496646438837,0.895604477500708,0.9264750098295441,0.11291904422253923,2533,7004,60087,19899,1129.1904422253922,0.54,0.9609066141503977,0.9879546944222026
PRIMARY__CICIoT2023_R1__Oort-Style-Adapted__b0.2__seed777,CICIoT2023_R1,777,Oort-Style-Adapted,0.2,0.54,0.8494353406387185,0.8986714997920192,0.9989019169923693,0.7999731707680613,0.8884382681818558,0.0026301711840228245,59,13420,53671,22373,26.301711840228247,0.54,0.9526064414507722,0.9855246600790989
PRIMARY__CICIoT2023_R1__Oracle-Score-Exact__b0.2__seed777,CICIoT2023_R1,777,Oracle-Score-Exact,0.2,0.54,0.8528646269673715,0.8996982902116191,0.9973435165200066,0.8058159812791582,0.8914079374762981,0.006419400855920114,144,13028,54063,22288,64.19400855920114,0.54,0.9594466145195177,0.987558010031179
PRIMARY__CICIoT2023_R1__Random-Budget__b0.4__seed777,CICIoT2023_R1,777,Random-Budget,0.4,0.54,0.8580029713034639,0.9037051137014684,0.9980765355657734,0.8120910405270454,0.8955292570677186,0.004680813124108417,105,12607,54484,22327,46.80813124108417,0.54,0.9609345313663765,0.9881481643614758
PRIMARY__CICIoT2023_R1__Cost-Only__b0.4__seed777,CICIoT2023_R1,777,Cost-Only,0.4,0.54,0.829663885258537,0.670210110329635,0.8200992862258885,0.9898496072498547,0.8970142298522986,0.6494293865905849,14568,681,66410,7864,6494.293865905849,0.54,0.9572662899184494,0.9867888984391422
PRIMARY__CICIoT2023_R1__Utility-Only__b0.4__seed777,CICIoT2023_R1,777,Utility-Only,0.4,0.54,0.8468996794119947,0.8964901459450256,0.9982825888106928,0.7970815757702225,0.8864080888446876,0.004101283880171184,92,13614,53477,22340,41.01283880171184,0.54,0.9591464640819033,0.9875694116679865
PRIMARY__CICIoT2023_R1__Utility-Cost-Ratio__b0.4__seed777,CICIoT2023_R1,777,Utility-Cost-Ratio,0.4,0.54,0.8468996794119947,0.8964901459450256,0.9982825888106928,0.7970815757702225,0.8864080888446876,0.004101283880171184,92,13614,53477,22340,41.01283880171184,0.54,0.9591464640819033,0.9875694116679865
PRIMARY__CICIoT2023_R1__CB-Score__b0.4__seed777,CICIoT2023_R1,777,CB-Score,0.4,0.54,0.8486645889883047,0.8976973251683136,0.9983247398693297,0.7994067758715774,0.8878606783981989,0.004012125534950071,90,13458,53633,22342,40.121255349500714,0.54,0.9600884882257241,0.9877472308892781
PRIMARY__CICIoT2023_R1__Historical-DoubleCost__b0.4__seed777,CICIoT2023_R1,777,Historical-DoubleCost,0.4,0.54,0.8408788802877473,0.8936156644032417,0.9997163174218927,0.7879000163956418,0.8812590128952128,0.0006686875891583452,15,14230,52861,22417,6.686875891583452,0.54,0.9536636202068131,0.9858705456019111
PRIMARY__CICIoT2023_R1__Oort-Style-Adapted__b0.4__seed777,CICIoT2023_R1,777,Oort-Style-Adapted,0.4,0.54,0.8393597176144678,0.8925279305317233,0.9996208530805687,0.7859474445156578,0.879999332448828,0.000891583452211127,20,14361,52730,22412,8.91583452211127,0.54,0.9595627578457059,0.987579172760128
PRIMARY__CICIoT2023_R1__Oracle-Score-Exact__b0.4__seed777,CICIoT2023_R1,777,Oracle-Score-Exact,0.4,0.54,0.8595444746042916,0.9022706219607277,0.9950780072286093,0.8166221996989164,0.8970609905853459,0.01208095577746077,271,12303,54788,22161,120.8095577746077,0.54,0.9589507894147473,0.9875149768977192
PRIMARY__CICIoT2023_R1__Random-Budget__b0.6__seed777,CICIoT2023_R1,777,Random-Budget,0.6,0.54,0.8578242462830781,0.9032891322330725,0.9977111676707011,0.8121506610424647,0.8954183921645961,0.005572396576319544,125,12603,54488,22307,55.72396576319544,0.54,0.9625747427228049,0.9885356310150587
PRIMARY__CICIoT2023_R1__Cost-Only__b0.6__seed777,CICIoT2023_R1,777,Cost-Only,0.6,0.54,0.8923851971001865,0.8480375651001703,0.9208502409797401,0.9369363998151764,0.9288236771724515,0.24086126961483595,5403,4231,62860,17029,2408.6126961483596,0.54,0.960606252082811,0.9878195390777844
PRIMARY__CICIoT2023_R1__Utility-Only__b0.6__seed777,CICIoT2023_R1,777,Utility-Only,0.6,0.54,0.8491337421668175,0.8975652222179296,0.9977705527171389,0.8004799451491258,0.8883026233087432,0.005349500713266762,120,13386,53705,22312,53.49500713266762,0.54,0.9602877562834314,0.9878097206699856
PRIMARY__CICIoT2023_R1__Utility-Cost-Ratio__b0.6__seed777,CICIoT2023_R1,777,Utility-Cost-Ratio,0.6,0.54,0.8491337421668175,0.8975652222179296,0.9977705527171389,0.8004799451491258,0.8883026233087432,0.005349500713266762,120,13386,53705,22312,53.49500713266762,0.54,0.9602877562834314,0.9878097206699856
PRIMARY__CICIoT2023_R1__CB-Score__b0.6__seed777,CICIoT2023_R1,777,CB-Score,0.6,0.54,0.8449113635602024,0.8958906035489601,0.9991931398119828,0.7936981115201741,0.8846690590111643,0.0019169044222539229,43,13841,53250,22389,19.16904422253923,0.54,0.9608623868084634,0.988062915215152
PRIMARY__CICIoT2023_R1__Historical-DoubleCost__b0.6__seed777,CICIoT2023_R1,777,Historical-DoubleCost,0.6,0.54,0.8449113635602024,0.8958906035489601,0.9991931398119828,0.7936981115201741,0.8846690590111643,0.0019169044222539229,43,13841,53250,22389,19.16904422253923,0.54,0.9608623868084634,0.988062915215152
PRIMARY__CICIoT2023_R1__Oort-Style-Adapted__b0.6__seed777,CICIoT2023_R1,777,Oort-Style-Adapted,0.6,0.54,0.84683265752935,0.8962080382084154,0.9979848866498741,0.7972306270587709,0.8863828447375834,0.004814550641940085,108,13604,53487,22324,48.14550641940085,0.54,0.9593982313230709,0.9875502828731472
PRIMARY__CICIoT2023_R1__Oracle-Score-Exact__b0.6__seed777,CICIoT2023_R1,777,Oracle-Score-Exact,0.6,0.54,0.8457267964657127,0.8963307815990167,0.9990633195953541,0.7948905218285612,0.8853583019979913,0.0022289586305278175,50,13761,53330,22382,22.289586305278174,0.54,0.962323914361232,0.9884552407206202
PRIMARY__CICIoT2023_R1__Random-Budget__b0.8__seed777,CICIoT2023_R1,777,Random-Budget,0.8,0.54,0.8466539325089641,0.8971570627527825,0.9993262842706091,0.7959189757195451,0.8860992648889037,0.0016048502139800285,36,13692,53399,22396,16.048502139800284,0.54,0.9626251684641025,0.9885670631498853
PRIMARY__CICIoT2023_R1__Cost-Only__b0.8__seed777,CICIoT2023_R1,777,Cost-Only,0.8,0.54,0.8970990695128627,0.9117621076158383,0.9781886680216131,0.882368723077611,0.9278113000548547,0.05884450784593438,1320,7892,59199,21112,588.4450784593438,0.54,0.9618915081478216,0.9883517081249431
PRIMARY__CICIoT2023_R1__Utility-Only__b0.8__seed777,CICIoT2023_R1,777,Utility-Only,0.8,0.54,0.8598125621348703,0.9024494835069858,0.9950801517709639,0.8169799227914325,0.897277653183165,0.01208095577746077,271,12279,54812,22161,120.8095577746077,0.54,0.9602559274013698,0.9878198479975968
PRIMARY__CICIoT2023_R1__Utility-Cost-Ratio__b0.8__seed777,CICIoT2023_R1,777,Utility-Cost-Ratio,0.8,0.54,0.8598125621348703,0.9024494835069858,0.9950801517709639,0.8169799227914325,0.897277653183165,0.01208095577746077,271,12279,54812,22161,120.8095577746077,0.54,0.9602559274013698,0.9878198479975968
PRIMARY__CICIoT2023_R1__CB-Score__b0.8__seed777,CICIoT2023_R1,777,CB-Score,0.8,0.54,0.8477039420037309,0.8971009156931892,0.9983778038820831,0.7980802194034967,0.8870628385878299,0.003878388017118402,87,13547,53544,22345,38.78388017118402,0.54,0.9608506029725292,0.9880312275290253
PRIMARY__CICIoT2023_R1__Historical-DoubleCost__b0.8__seed777,CICIoT2023_R1,777,Historical-DoubleCost,0.8,0.54,0.8477039420037309,0.8971009156931892,0.9983778038820831,0.7980802194034967,0.8870628385878299,0.003878388017118402,87,13547,53544,22345,38.78388017118402,0.54,0.9608506029725292,0.9880312275290253
PRIMARY__CICIoT2023_R1__Oort-Style-Adapted__b0.8__seed777,CICIoT2023_R1,777,Oort-Style-Adapted,0.8,0.54,0.8452017917183293,0.8958173038302715,0.9988567144597508,0.794353937189787,0.8849442903873935,0.0027193295292439372,61,13797,53294,22371,27.193295292439373,0.54,0.9608851870309815,0.9880526770517034
PRIMARY__CICIoT2023_R1__Oracle-Score-Exact__b0.8__seed777,CICIoT2023_R1,777,Oracle-Score-Exact,0.8,0.54,0.8477039420037309,0.8971009156931892,0.9983778038820831,0.7980802194034967,0.8870628385878299,0.003878388017118402,87,13547,53544,22345,38.78388017118402,0.54,0.9608506029725292,0.9880312275290253
PRIMARY__CICIoT2023_R1__Random-Budget__b1.0__seed777,CICIoT2023_R1,777,Random-Budget,1.0,0.54,0.891547423567128,0.9131621186213942,0.9835507466208245,0.8698335097106914,0.923203480324303,0.043509272467902996,976,8733,58358,21456,435.09272467902997,0.54,0.9605353507263996,0.9879708782959289
PRIMARY__CICIoT2023_R1__Cost-Only__b1.0__seed777,CICIoT2023_R1,777,Cost-Only,1.0,0.54,0.891547423567128,0.9131621186213942,0.9835507466208245,0.8698335097106914,0.923203480324303,0.043509272467902996,976,8733,58358,21456,435.09272467902997,0.54,0.9605353507263996,0.9879708782959289
PRIMARY__CICIoT2023_R1__Utility-Only__b1.0__seed777,CICIoT2023_R1,777,Utility-Only,1.0,0.54,0.8453023245422964,0.8959882360632634,0.998987816307404,0.7943837474474967,0.8850142393371028,0.0024072753209700426,54,13795,53296,22378,24.072753209700426,0.54,0.959507819435782,0.9876222650366435
PRIMARY__CICIoT2023_R1__Utility-Cost-Ratio__b1.0__seed777,CICIoT2023_R1,777,Utility-Cost-Ratio,1.0,0.54,0.8453023245422964,0.8959882360632634,0.998987816307404,0.7943837474474967,0.8850142393371028,0.0024072753209700426,54,13795,53296,22378,24.072753209700426,0.54,0.959507819435782,0.9876222650366435
PRIMARY__CICIoT2023_R1__CB-Score__b1.0__seed777,CICIoT2023_R1,777,CB-Score,1.0,0.54,0.8506082235850005,0.8982670573066696,0.9974256875636633,0.8027306196062065,0.8895495763341758,0.006196504992867332,139,13235,53856,22293,61.965049928673324,0.54,0.9602004378232762,0.987865461362815
PRIMARY__CICIoT2023_R1__Historical-DoubleCost__b1.0__seed777,CICIoT2023_R1,777,Historical-DoubleCost,1.0,0.54,0.8506082235850005,0.8982670573066696,0.9974256875636633,0.8027306196062065,0.8895495763341758,0.006196504992867332,139,13235,53856,22293,61.965049928673324,0.54,0.9602004378232762,0.987865461362815
PRIMARY__CICIoT2023_R1__Oort-Style-Adapted__b1.0__seed777,CICIoT2023_R1,777,Oort-Style-Adapted,1.0,0.54,0.8453023245422964,0.8959882360632634,0.998987816307404,0.7943837474474967,0.8850142393371028,0.0024072753209700426,54,13795,53296,22378,24.072753209700426,0.54,0.959507819435782,0.9876222650366435
PRIMARY__CICIoT2023_R1__Oracle-Score-Exact__b1.0__seed777,CICIoT2023_R1,777,Oracle-Score-Exact,1.0,0.54,0.8506082235850005,0.8982670573066696,0.9974256875636633,0.8027306196062065,0.8895495763341758,0.006196504992867332,139,13235,53856,22293,61.965049928673324,0.54,0.9602004378232762,0.987865461362815
PRIMARY__CICIoT2023_R1__Full-Contextual__seed2026,CICIoT2023_R1,2026,Full-Contextual,,0.36,0.8884420763379244,0.9085680119913356,0.9807057714324197,0.8682237557943688,0.9210432692687787,0.051087731811697575,1146,8841,58250,21286,510.87731811697574,0.36,0.958830739405914,0.9874684519286523
PRIMARY__CICIoT2023_R1__Random-Budget__b0.1__seed2026,CICIoT2023_R1,2026,Random-Budget,0.1,0.36,0.9038906202875239,0.9135780917840612,0.9755581936155334,0.8941586800017887,0.9330865426491632,0.0670024964336662,1503,7101,59990,20929,670.0249643366619,0.36,0.9641062892313462,0.9889504308140622
PRIMARY__CICIoT2023_R1__Cost-Only__b0.1__seed2026,CICIoT2023_R1,2026,Cost-Only,0.1,0.36,0.7975604034717335,0.6084495776793335,0.7930741423475617,0.9875393122773546,0.8796877178307542,0.7706401569186876,17287,836,66255,5145,7706.401569186876,0.36,0.9529119235018821,0.9857480275953361
PRIMARY__CICIoT2023_R1__Utility-Only__b0.1__seed2026,CICIoT2023_R1,2026,Utility-Only,0.1,0.36,0.8869229136646448,0.9129403021708693,0.9866231591895309,0.8607860964958042,0.9194189054726368,0.03490549215406562,783,9340,57751,21649,349.0549215406562,0.36,0.9577347705703056,0.9871363910073506
PRIMARY__CICIoT2023_R1__Utility-Cost-Ratio__b0.1__seed2026,CICIoT2023_R1,2026,Utility-Cost-Ratio,0.1,0.36,0.8869229136646448,0.9129403021708693,0.9866231591895309,0.8607860964958042,0.9194189054726368,0.03490549215406562,783,9340,57751,21649,349.0549215406562,0.36,0.9577347705703056,0.9871363910073506
PRIMARY__CICIoT2023_R1__CB-Score__b0.1__seed2026,CICIoT2023_R1,2026,CB-Score,0.1,0.36,0.8404097271092345,0.8930949383910001,0.9994514017630812,0.7874826727877062,0.8808950172150759,0.001292796005706134,29,14258,52833,22403,12.927960057061341,0.36,0.9519550433991213,0.9851182187046486
PRIMARY__CICIoT2023_R1__Historical-DoubleCost__b0.1__seed2026,CICIoT2023_R1,2026,Historical-DoubleCost,0.1,0.36,0.8404097271092345,0.8930949383910001,0.9994514017630812,0.7874826727877062,0.8808950172150759,0.001292796005706134,29,14258,52833,22403,12.927960057061341,0.36,0.9519550433991213,0.9851182187046486
PRIMARY__CICIoT2023_R1__Oort-Style-Adapted__b0.1__seed2026,CICIoT2023_R1,2026,Oort-Style-Adapted,0.1,0.36,0.8420405929202551,0.8941681757755254,0.9994340690435767,0.7896737267293675,0.8822574333269498,0.0013373751783166904,30,14111,52980,22402,13.373751783166904,0.36,0.948697078048294,0.9843128214490219
PRIMARY__CICIoT2023_R1__Oracle-Score-Exact__b0.1__seed2026,CICIoT2023_R1,2026,Oracle-Score-Exact,0.1,0.36,0.8404097271092345,0.8930949383910001,0.9994514017630812,0.7874826727877062,0.8808950172150759,0.001292796005706134,29,14258,52833,22403,12.927960057061341,0.36,0.9519550433991213,0.9851182187046486
PRIMARY__CICIoT2023_R1__Random-Budget__b0.2__seed2026,CICIoT2023_R1,2026,Random-Budget,0.2,0.36,0.8895591077153358,0.8424131367868127,0.9174621245292933,0.9369214946863216,0.9270897090815235,0.25209522111269617,5655,4232,62859,16777,2520.9522111269616,0.36,0.9585679371733298,0.9872336505776959
PRIMARY__CICIoT2023_R1__Cost-Only__b0.2__seed2026,CICIoT2023_R1,2026,Cost-Only,0.2,0.36,0.8552439038012578,0.7466394074017382,0.8596046023436877,0.9643469317792253,0.9089682980113377,0.4710681169757489,10567,2392,64699,11865,4710.681169757489,0.36,0.9566516716277428,0.9869084762873891
PRIMARY__CICIoT2023_R1__Utility-Only__b0.2__seed2026,CICIoT2023_R1,2026,Utility-Only,0.2,0.36,0.8514236564905108,0.8994490864506192,0.9982216294320329,0.8031777734718517,0.8901406589412999,0.0042796005706134095,96,13205,53886,22336,42.796005706134096,0.36,0.9617233393969495,0.9882578673889361
PRIMARY__CICIoT2023_R1__Utility-Cost-Ratio__b0.2__seed2026,CICIoT2023_R1,2026,Utility-Cost-Ratio,0.2,0.36,0.8877718575114775,0.8617848388011378,0.934905919307127,0.9138781654767405,0.9242724593549554,0.19030848787446505,4269,5778,61313,18163,1903.0848787446505,0.36,0.9590965300397563,0.9873291159218026
PRIMARY__CICIoT2023_R1__CB-Score__b0.2__seed2026,CICIoT2023_R1,2026,CB-Score,0.2,0.36,0.8968756632373803,0.8963902718806069,0.9624946044028073,0.897363282705579,0.9287885098964842,0.10458273894436519,2346,6886,60205,20086,1045.827389443652,0.36,0.956008243089086,0.9867012819662568
PRIMARY__CICIoT2023_R1__Historical-DoubleCost__b0.2__seed2026,CICIoT2023_R1,2026,Historical-DoubleCost,0.2,0.36,0.8968756632373803,0.8963902718806069,0.9624946044028073,0.897363282705579,0.9287885098964842,0.10458273894436519,2346,6886,60205,20086,1045.827389443652,0.36,0.956008243089086,0.9867012819662568
PRIMARY__CICIoT2023_R1__Oort-Style-Adapted__b0.2__seed2026,CICIoT2023_R1,2026,Oort-Style-Adapted,0.2,0.36,0.8858505635423299,0.8532773680651045,0.9283562304169679,0.9185732810660148,0.923438846225885,0.212018544935806,4756,5463,61628,17676,2120.18544935806,0.36,0.9578071845660644,0.9869565287188742
PRIMARY__CICIoT2023_R1__Oracle-Score-Exact__b0.2__seed2026,CICIoT2023_R1,2026,Oracle-Score-Exact,0.2,0.36,0.8968756632373803,0.8963902718806069,0.9624946044028073,0.897363282705579,0.9287885098964842,0.10458273894436519,2346,6886,60205,20086,1045.827389443652,0.36,0.956008243089086,0.9867012819662568
PRIMARY__CICIoT2023_R1__Random-Budget__b0.4__seed2026,CICIoT2023_R1,2026,Random-Budget,0.4,0.36,0.8883638841415056,0.8999400453949413,0.9715253117515897,0.8767345843704819,0.9216992071202482,0.07685449358059915,1724,8270,58821,20708,768.5449358059915,0.36,0.9583093961119005,0.9872988281531114
PRIMARY__CICIoT2023_R1__Cost-Only__b0.4__seed2026,CICIoT2023_R1,2026,Cost-Only,0.4,0.36,0.8961384225282888,0.9161806115354301,0.9836153369818078,0.8760042330565948,0.9266962047271409,0.043643009985734664,979,8319,58772,21453,436.43009985734665,0.36,0.9633391020097877,0.9888094427825059
PRIMARY__CICIoT2023_R1__Utility-Only__b0.4__seed2026,CICIoT2023_R1,2026,Utility-Only,0.4,0.36,0.8705248930442456,0.906881317789233,0.9919514962416679,0.8340015799436586,0.9061449890282512,0.020238944365192583,454,11137,55954,21978,202.38944365192583,0.36,0.9601790495746712,0.9879521173633473
PRIMARY__CICIoT2023_R1__Utility-Cost-Ratio__b0.4__seed2026,CICIoT2023_R1,2026,Utility-Cost-Ratio,0.4,0.36,0.8705248930442456,0.906881317789233,0.9919514962416679,0.8340015799436586,0.9061449890282512,0.020238944365192583,454,11137,55954,21978,202.38944365192583,0.36,0.9601790495746712,0.9879521173633473
PRIMARY__CICIoT2023_R1__CB-Score__b0.4__seed2026,CICIoT2023_R1,2026,CB-Score,0.4,0.36,0.8670174145191738,0.9057430113311299,0.9933311878709862,0.8281140540459972,0.9032294774147923,0.01662803138373752,373,11532,55559,22059,166.2803138373752,0.36,0.9604295746110245,0.9879795130206734
PRIMARY__CICIoT2023_R1__Historical-DoubleCost__b0.4__seed2026,CICIoT2023_R1,2026,Historical-DoubleCost,0.4,0.36,0.8670174145191738,0.9057430113311299,0.9933311878709862,0.8281140540459972,0.9032294774147923,0.01662803138373752,373,11532,55559,22059,166.2803138373752,0.36,0.9604295746110245,0.9879795130206734
PRIMARY__CICIoT2023_R1__Oort-Style-Adapted__b0.4__seed2026,CICIoT2023_R1,2026,Oort-Style-Adapted,0.4,0.36,0.8696089273147682,0.9062405334624288,0.9919048464406178,0.8328091696352715,0.9054212816295444,0.020328102710413694,456,11217,55874,21976,203.28102710413694,0.36,0.9599681853905031,0.9878306952020448
PRIMARY__CICIoT2023_R1__Oracle-Score-Exact__b0.4__seed2026,CICIoT2023_R1,2026,Oracle-Score-Exact,0.4,0.36,0.8670174145191738,0.9057430113311299,0.9933311878709862,0.8281140540459972,0.9032294774147923,0.01662803138373752,373,11532,55559,22059,166.2803138373752,0.36,0.9604295746110245,0.9879795130206734
PRIMARY__CICIoT2023_R1__Random-Budget__b0.6__seed2026,CICIoT2023_R1,2026,Random-Budget,0.6,0.36,0.8901846452866861,0.9086326724230516,0.9795644891122278,0.8716519354309819,0.9224629508403593,0.05438659058487874,1220,8611,58480,21212,543.8659058487874,0.36,0.9602581739349227,0.9878817063048525
PRIMARY__CICIoT2023_R1__Cost-Only__b0.6__seed2026,CICIoT2023_R1,2026,Cost-Only,0.6,0.36,0.8914357204293869,0.8952683297018118,0.964731231571785,0.8875855181768046,0.9245518836799491,0.09704885877318117,2177,7542,59549,20255,970.4885877318117,0.36,0.9573698683379576,0.9870494110750172
PRIMARY__CICIoT2023_R1__Utility-Only__b0.6__seed2026,CICIoT2023_R1,2026,Utility-Only,0.6,0.36,0.870357338337634,0.9066359961259209,0.9917923809186152,0.8339121491705296,0.9060258133471523,0.020640156918687588,463,11143,55948,21969,206.4015691868759,0.36,0.9608910183171278,0.9880999812383098
PRIMARY__CICIoT2023_R1__Utility-Cost-Ratio__b0.6__seed2026,CICIoT2023_R1,2026,Utility-Cost-Ratio,0.6,0.36,0.870357338337634,0.9066359961259209,0.9917923809186152,0.8339121491705296,0.9060258133471523,0.020640156918687588,463,11143,55948,21969,206.4015691868759,0.36,0.9608910183171278,0.9880999812383098
PRIMARY__CICIoT2023_R1__CB-Score__b0.6__seed2026,CICIoT2023_R1,2026,CB-Score,0.6,0.36,0.8621471577136601,0.9037103290347595,0.9947408371286055,0.8203931972991907,0.8991937789467666,0.012972539229671898,291,12050,55041,22141,129.72539229671898,0.36,0.9617052983570912,0.9883295029295207
PRIMARY__CICIoT2023_R1__Historical-DoubleCost__b0.6__seed2026,CICIoT2023_R1,2026,Historical-DoubleCost,0.6,0.36,0.8621471577136601,0.9037103290347595,0.9947408371286055,0.8203931972991907,0.8991937789467666,0.012972539229671898,291,12050,55041,22141,129.72539229671898,0.36,0.9617052983570912,0.9883295029295207
PRIMARY__CICIoT2023_R1__Oort-Style-Adapted__b0.6__seed2026,CICIoT2023_R1,2026,Oort-Style-Adapted,0.6,0.36,0.8642136657618712,0.9046587798193741,0.9942420152946468,0.8235828948741262,0.9009016353349747,0.014265335235378032,320,11836,55255,22112,142.65335235378032,0.36,0.9614217470847981,0.9882813177662231
PRIMARY__CICIoT2023_R1__Oracle-Score-Exact__b0.6__seed2026,CICIoT2023_R1,2026,Oracle-Score-Exact,0.6,0.36,0.8674865676976866,0.9057889526432801,0.9930191037314765,0.8290083617772875,0.9036319769945005,0.017430456490727532,391,11472,55619,22041,174.30456490727533,0.36,0.9603457727964857,0.9879161393445812
PRIMARY__CICIoT2023_R1__Random-Budget__b0.8__seed2026,CICIoT2023_R1,2026,Random-Budget,0.8,0.36,0.8844431040067916,0.9083926136017997,0.9833395795713945,0.8603836580167236,0.917761719650537,0.04359843081312411,978,9367,57724,21454,435.9843081312411,0.36,0.9580360519159672,0.9873011034681861
PRIMARY__CICIoT2023_R1__Cost-Only__b0.8__seed2026,CICIoT2023_R1,2026,Cost-Only,0.8,0.36,0.8903521999932978,0.9068453220890969,0.9775224691934435,0.8737833688572237,0.9227463757850498,0.06009272467902996,1348,8468,58623,21084,600.9272467902996,0.36,0.9598984069686389,0.9877950718332028
PRIMARY__CICIoT2023_R1__Utility-Only__b0.8__seed2026,CICIoT2023_R1,2026,Utility-Only,0.8,0.36,0.8703796789651821,0.9071553599986231,0.9923861922087142,0.8334351850471747,0.905991769013902,0.019124465049928673,429,11175,55916,22003,191.24465049928673,0.36,0.9609593136680392,0.9881097797763192
PRIMARY__CICIoT2023_R1__Utility-Cost-Ratio__b0.8__seed2026,CICIoT2023_R1,2026,Utility-Cost-Ratio,0.8,0.36,0.8703796789651821,0.9071553599986231,0.9923861922087142,0.8334351850471747,0.905991769013902,0.019124465049928673,429,11175,55916,22003,191.24465049928673,0.36,0.9609593136680392,0.9881097797763192
PRIMARY__CICIoT2023_R1__CB-Score__b0.8__seed2026,CICIoT2023_R1,2026,CB-Score,0.8,0.36,0.8900617718351709,0.9011618573191763,0.9716898739391941,0.8789107331832884,0.9229745805159029,0.07658701854493581,1718,8124,58967,20714,765.870185449358,0.36,0.9574843398870327,0.9871003062760048
PRIMARY__CICIoT2023_R1__Historical-DoubleCost__b0.8__seed2026,CICIoT2023_R1,2026,Historical-DoubleCost,0.8,0.36,0.8900617718351709,0.9011618573191763,0.9716898739391941,0.8789107331832884,0.9229745805159029,0.07658701854493581,1718,8124,58967,20714,765.870185449358,0.36,0.9574843398870327,0.9871003062760048
PRIMARY__CICIoT2023_R1__Oort-Style-Adapted__b0.8__seed2026,CICIoT2023_R1,2026,Oort-Style-Adapted,0.8,0.36,0.8678551880522324,0.9059310281162398,0.992900083843231,0.8296045669314811,0.9039367265404229,0.017742510699001426,398,11432,55659,22034,177.42510699001426,0.36,0.9602008534419504,0.9879121938685054
PRIMARY__CICIoT2023_R1__Oracle-Score-Exact__b0.8__seed2026,CICIoT2023_R1,2026,Oracle-Score-Exact,0.8,0.36,0.8657328284351508,0.9054942843189688,0.994043240333722,0.8257888539446423,0.9021379838145018,0.014800285306704708,332,11688,55403,22100,148.00285306704708,0.36,0.9617581626603942,0.9884054219720069
PRIMARY__CICIoT2023_R1__Random-Budget__b1.0__seed2026,CICIoT2023_R1,2026,Random-Budget,1.0,0.36,0.8884420763379244,0.9085680119913356,0.9807057714324197,0.8682237557943688,0.9210432692687787,0.051087731811697575,1146,8841,58250,21286,510.87731811697574,0.36,0.958830739405914,0.9874684519286523
PRIMARY__CICIoT2023_R1__Cost-Only__b1.0__seed2026,CICIoT2023_R1,2026,Cost-Only,1.0,0.36,0.8884420763379244,0.9085680119913356,0.9807057714324197,0.8682237557943688,0.9210432692687787,0.051087731811697575,1146,8841,58250,21286,510.87731811697574,0.36,0.958830739405914,0.9874684519286523
PRIMARY__CICIoT2023_R1__Utility-Only__b1.0__seed2026,CICIoT2023_R1,2026,Utility-Only,1.0,0.36,0.8678551880522324,0.9060348872693849,0.9930232143175776,0.8295002310294972,0.9039258044082057,0.017430456490727532,391,11439,55652,22041,174.30456490727533,0.36,0.9608240282945699,0.9880806195341585
PRIMARY__CICIoT2023_R1__Utility-Cost-Ratio__b1.0__seed2026,CICIoT2023_R1,2026,Utility-Cost-Ratio,1.0,0.36,0.8678551880522324,0.9060348872693849,0.9930232143175776,0.8295002310294972,0.9039258044082057,0.017430456490727532,391,11439,55652,22041,174.30456490727533,0.36,0.9608240282945699,0.9880806195341585
PRIMARY__CICIoT2023_R1__CB-Score__b1.0__seed2026,CICIoT2023_R1,2026,CB-Score,1.0,0.36,0.8888330373200183,0.9032946425858541,0.9747577978297356,0.8743050483671432,0.9218028098186504,0.0677157631954351,1519,8433,58658,20913,677.1576319543509,0.36,0.9570368733937518,0.9869668689932269
PRIMARY__CICIoT2023_R1__Historical-DoubleCost__b1.0__seed2026,CICIoT2023_R1,2026,Historical-DoubleCost,1.0,0.36,0.8888330373200183,0.9032946425858541,0.9747577978297356,0.8743050483671432,0.9218028098186504,0.0677157631954351,1519,8433,58658,20913,677.1576319543509,0.36,0.9570368733937518,0.9869668689932269
PRIMARY__CICIoT2023_R1__Oort-Style-Adapted__b1.0__seed2026,CICIoT2023_R1,2026,Oort-Style-Adapted,1.0,0.36,0.8678551880522324,0.9060348872693849,0.9930232143175776,0.8295002310294972,0.9039258044082057,0.017430456490727532,391,11439,55652,22041,174.30456490727533,0.36,0.9608240282945699,0.9880806195341585
PRIMARY__CICIoT2023_R1__Oracle-Score-Exact__b1.0__seed2026,CICIoT2023_R1,2026,Oracle-Score-Exact,1.0,0.36,0.8888330373200183,0.9032946425858541,0.9747577978297356,0.8743050483671432,0.9218028098186504,0.0677157631954351,1519,8433,58658,20913,677.1576319543509,0.36,0.9570368733937518,0.9869668689932269
PRIMARY__CICIoT2023_R1__Full-Contextual__seed3407,CICIoT2023_R1,3407,Full-Contextual,,0.63,0.8835159679635401,0.906512903894706,0.9819183860926364,0.8604134682744332,0.9171591992373689,0.047387660485021396,1063,9365,57726,21369,473.876604850214,0.63,0.9543825242329009,0.9859936360665027
PRIMARY__CICIoT2023_R1__Random-Budget__b0.1__seed3407,CICIoT2023_R1,3407,Random-Budget,0.1,0.63,0.8136568256202317,0.875602135112399,0.999900831035919,0.7514271660878509,0.8580376138201005,0.00022289586305278175,5,16677,50414,22427,2.2289586305278175,0.63,0.9526913240067554,0.9853362035366343
PRIMARY__CICIoT2023_R1__Cost-Only__b0.1__seed3407,CICIoT2023_R1,3407,Cost-Only,0.1,0.63,0.8053461121722909,0.6399500548746884,0.8077404483660293,0.9715013936295479,0.8820846641043686,0.6916012838801712,15514,1912,65179,6918,6916.012838801712,0.63,0.9438199503836753,0.9830271690853619
PRIMARY__CICIoT2023_R1__Utility-Only__b0.1__seed3407,CICIoT2023_R1,3407,Utility-Only,0.1,0.63,0.8929772237302146,0.8946350371424754,0.9631329725550831,0.8913118003905144,0.9258315980151572,0.10204172610556347,2289,7292,59799,20143,1020.4172610556348,0.63,0.9562604322612818,0.9866483908609985
PRIMARY__CICIoT2023_R1__Utility-Cost-Ratio__b0.1__seed3407,CICIoT2023_R1,3407,Utility-Cost-Ratio,0.1,0.63,0.8929772237302146,0.8946350371424754,0.9631329725550831,0.8913118003905144,0.9258315980151572,0.10204172610556347,2289,7292,59799,20143,1020.4172610556348,0.63,0.9562604322612818,0.9866483908609985
PRIMARY__CICIoT2023_R1__CB-Score__b0.1__seed3407,CICIoT2023_R1,3407,CB-Score,0.1,0.63,0.8515912111971226,0.7655380562943328,0.8733191790516631,0.9380393793504345,0.9045230464090145,0.4069632667617689,9129,4157,62934,13303,4069.632667617689,0.63,0.9436727931335451,0.982966674614437
PRIMARY__CICIoT2023_R1__Historical-DoubleCost__b0.1__seed3407,CICIoT2023_R1,3407,Historical-DoubleCost,0.1,0.63,0.8515912111971226,0.7655380562943328,0.8733191790516631,0.9380393793504345,0.9045230464090145,0.4069632667617689,9129,4157,62934,13303,4069.632667617689,0.63,0.9436727931335451,0.982966674614437
PRIMARY__CICIoT2023_R1__Oort-Style-Adapted__b0.1__seed3407,CICIoT2023_R1,3407,Oort-Style-Adapted,0.1,0.63,0.8434145415144711,0.8951441892876095,0.9995105882352942,0.7914474370630934,0.8833932255273841,0.0011590584878744651,26,13992,53099,22406,11.59058487874465,0.63,0.9608686802253656,0.9880043416167426
PRIMARY__CICIoT2023_R1__Oracle-Score-Exact__b0.1__seed3407,CICIoT2023_R1,3407,Oracle-Score-Exact,0.1,0.63,0.8515912111971226,0.7655380562943328,0.8733191790516631,0.9380393793504345,0.9045230464090145,0.4069632667617689,9129,4157,62934,13303,4069.632667617689,0.63,0.9436727931335451,0.982966674614437
PRIMARY__CICIoT2023_R1__Random-Budget__b0.2__seed3407,CICIoT2023_R1,3407,Random-Budget,0.2,0.63,0.8907431609753917,0.892996154038213,0.9628642501776831,0.8884798259080949,0.9241777068039287,0.10248751783166904,2299,7482,59609,20133,1024.8751783166904,0.63,0.9572379810042957,0.9868756237761412
PRIMARY__CICIoT2023_R1__Cost-Only__b0.2__seed3407,CICIoT2023_R1,3407,Cost-Only,0.2,0.63,0.8461065871340326,0.7285845700665549,0.8504733105443071,0.9641680702329671,0.9037589678032287,0.5069989300998573,11373,2404,64687,11059,5069.9893009985735,0.63,0.950809736540472,0.9849717055468006
PRIMARY__CICIoT2023_R1__Utility-Only__b0.2__seed3407,CICIoT2023_R1,3407,Utility-Only,0.2,0.63,0.8351149983803045,0.8899036743555939,0.9998853693018991,0.7800748237468513,0.876407693016168,0.0002674750356633381,6,14755,52336,22426,2.674750356633381,0.63,0.9560045307604969,0.9864053693711341
PRIMARY__CICIoT2023_R1__Utility-Cost-Ratio__b0.2__seed3407,CICIoT2023_R1,3407,Utility-Cost-Ratio,0.2,0.63,0.8351149983803045,0.8899036743555939,0.9998853693018991,0.7800748237468513,0.876407693016168,0.0002674750356633381,6,14755,52336,22426,2.674750356633381,0.63,0.9560045307604969,0.9864053693711341
PRIMARY__CICIoT2023_R1__CB-Score__b0.2__seed3407,CICIoT2023_R1,3407,CB-Score,0.2,0.63,0.865654636238732,0.9049970057116411,0.993511149351115,0.8261316719083036,0.9021232269142815,0.0161376604850214,362,11665,55426,22070,161.376604850214,0.63,0.9520803728614728,0.985437191732396
PRIMARY__CICIoT2023_R1__Historical-DoubleCost__b0.2__seed3407,CICIoT2023_R1,3407,Historical-DoubleCost,0.2,0.63,0.865654636238732,0.9049970057116411,0.993511149351115,0.8261316719083036,0.9021232269142815,0.0161376604850214,362,11665,55426,22070,161.376604850214,0.63,0.9520803728614728,0.985437191732396
PRIMARY__CICIoT2023_R1__Oort-Style-Adapted__b0.2__seed3407,CICIoT2023_R1,3407,Oort-Style-Adapted,0.2,0.63,0.8287144085877373,0.8857223770699498,1.0,0.7714447541398995,0.870978056004308,0.0,0,15334,51757,22432,0.0,0.63,0.9514277535354445,0.9849184644537852
PRIMARY__CICIoT2023_R1__Oracle-Score-Exact__b0.2__seed3407,CICIoT2023_R1,3407,Oracle-Score-Exact,0.2,0.63,0.8417054835070317,0.894137480127115,0.9996789666503003,0.7890328061886095,0.8819526011079178,0.000757845934379458,17,14154,52937,22415,7.578459343794579,0.63,0.9571429511732006,0.9870227849414575
PRIMARY__CICIoT2023_R1__Random-Budget__b0.4__seed3407,CICIoT2023_R1,3407,Random-Budget,0.4,0.63,0.88723568245032,0.906858076698625,0.9796835549570779,0.8675232147381914,0.920198259302298,0.053807061340941514,1207,8888,58203,21225,538.0706134094152,0.63,0.9523665872826803,0.9856157078075459
PRIMARY__CICIoT2023_R1__Cost-Only__b0.4__seed3407,CICIoT2023_R1,3407,Cost-Only,0.4,0.63,0.8746355685131195,0.8022334971465821,0.8920451355751418,0.9473699900135637,0.9188755484556501,0.34290299572039945,7692,3531,63560,14740,3429.0299572039944,0.63,0.9562088470402295,0.9863761354723279
PRIMARY__CICIoT2023_R1__Utility-Only__b0.4__seed3407,CICIoT2023_R1,3407,Utility-Only,0.4,0.63,0.8322330574265832,0.8880550978427091,0.9999807965587433,0.7761547748580286,0.8739646708345571,4.457917261055635e-05,1,15018,52073,22431,0.4457917261055635,0.63,0.9545190667614968,0.9858992086052939
PRIMARY__CICIoT2023_R1__Utility-Cost-Ratio__b0.4__seed3407,CICIoT2023_R1,3407,Utility-Cost-Ratio,0.4,0.63,0.8322330574265832,0.8880550978427091,0.9999807965587433,0.7761547748580286,0.8739646708345571,4.457917261055635e-05,1,15018,52073,22431,0.4457917261055635,0.63,0.9545190667614968,0.9858992086052939
PRIMARY__CICIoT2023_R1__CB-Score__b0.4__seed3407,CICIoT2023_R1,3407,CB-Score,0.4,0.63,0.8321995464852607,0.8880327401494268,0.9999807954523631,0.7761100594714642,0.8739363219818399,4.457917261055635e-05,1,15021,52070,22431,0.4457917261055635,0.63,0.9554836117231157,0.986250378177588
PRIMARY__CICIoT2023_R1__Historical-DoubleCost__b0.4__seed3407,CICIoT2023_R1,3407,Historical-DoubleCost,0.4,0.63,0.8321995464852607,0.8880327401494268,0.9999807954523631,0.7761100594714642,0.8739363219818399,4.457917261055635e-05,1,15021,52070,22431,0.4457917261055635,0.63,0.9554836117231157,0.986250378177588
PRIMARY__CICIoT2023_R1__Oort-Style-Adapted__b0.4__seed3407,CICIoT2023_R1,3407,Oort-Style-Adapted,0.4,0.63,0.8358187281480737,0.8902990008051321,0.9997901364113326,0.7810883725089803,0.8770103593125032,0.0004903708987161198,11,14687,52404,22421,4.903708987161198,0.63,0.9564752616004268,0.9865476330473434
PRIMARY__CICIoT2023_R1__Oracle-Score-Exact__b0.4__seed3407,CICIoT2023_R1,3407,Oracle-Score-Exact,0.4,0.63,0.8321995464852607,0.8880327401494268,0.9999807954523631,0.7761100594714642,0.8739363219818399,4.457917261055635e-05,1,15021,52070,22431,0.4457917261055635,0.63,0.9554836117231157,0.986250378177588
PRIMARY__CICIoT2023_R1__Random-Budget__b0.6__seed3407,CICIoT2023_R1,3407,Random-Budget,0.6,0.63,0.8869229136646448,0.8743492082665588,0.9469059871971884,0.8995543366472403,0.9226230059544284,0.1508559201141227,3384,6739,60352,19048,1508.5592011412268,0.63,0.9516534583960112,0.9854183749719373
PRIMARY__CICIoT2023_R1__Cost-Only__b0.6__seed3407,CICIoT2023_R1,3407,Cost-Only,0.6,0.63,0.8895926186566581,0.894617300424524,0.9652261600767692,0.8845448718904175,0.923125981924806,0.09531027104136947,2138,7746,59345,20294,953.1027104136947,0.63,0.9557591576016657,0.9865030542254881
PRIMARY__CICIoT2023_R1__Utility-Only__b0.6__seed3407,CICIoT2023_R1,3407,Utility-Only,0.6,0.63,0.8329367871943523,0.8885097723797586,0.9999616409981013,0.7771087031047383,0.8745617713662669,8.91583452211127e-05,2,14954,52137,22430,0.891583452211127,0.63,0.9548905298552176,0.9860878549948737
PRIMARY__CICIoT2023_R1__Utility-Cost-Ratio__b0.6__seed3407,CICIoT2023_R1,3407,Utility-Cost-Ratio,0.6,0.63,0.8329367871943523,0.8885097723797586,0.9999616409981013,0.7771087031047383,0.8745617713662669,8.91583452211127e-05,2,14954,52137,22430,0.891583452211127,0.63,0.9548905298552176,0.9860878549948737
PRIMARY__CICIoT2023_R1__CB-Score__b0.6__seed3407,CICIoT2023_R1,3407,CB-Score,0.6,0.63,0.835550640617495,0.8902091613901412,0.9999045418965616,0.7806412186433351,0.8767724114840546,0.00022289586305278175,5,14717,52374,22427,2.2289586305278175,0.63,0.9617526552976752,0.9882706540689578
PRIMARY__CICIoT2023_R1__Historical-DoubleCost__b0.6__seed3407,CICIoT2023_R1,3407,Historical-DoubleCost,0.6,0.63,0.835550640617495,0.8902091613901412,0.9999045418965616,0.7806412186433351,0.8767724114840546,0.00022289586305278175,5,14717,52374,22427,2.2289586305278175,0.63,0.9617526552976752,0.9882706540689578
PRIMARY__CICIoT2023_R1__Oort-Style-Adapted__b0.6__seed3407,CICIoT2023_R1,3407,Oort-Style-Adapted,0.6,0.63,0.8389129050635032,0.8919479245389472,0.9992606354743307,0.7856344368097062,0.8796635485943641,0.0017385877318116976,39,14382,52709,22393,17.385877318116975,0.63,0.9546847544250319,0.9861633765873484
PRIMARY__CICIoT2023_R1__Oracle-Score-Exact__b0.6__seed3407,CICIoT2023_R1,3407,Oracle-Score-Exact,0.6,0.63,0.8410240943668108,0.8932971111282182,0.9991878364340353,0.7885111266786902,0.8814355693292012,0.0019169044222539229,43,14189,52902,22389,19.16904422253923,0.63,0.9526228721759112,0.9854647112706509
PRIMARY__CICIoT2023_R1__Random-Budget__b0.8__seed3407,CICIoT2023_R1,3407,Random-Budget,0.8,0.63,0.8851021525194642,0.9085800855310939,0.9830767922442385,0.8615164478096913,0.9182911523124097,0.044356276747503566,995,9291,57800,21437,443.5627674750357,0.63,0.956399262852075,0.9865854404519198
PRIMARY__CICIoT2023_R1__Cost-Only__b0.8__seed3407,CICIoT2023_R1,3407,Cost-Only,0.8,0.63,0.8831361772952202,0.9079361001763717,0.9837687300312665,0.8582224143327719,0.9167170832669957,0.04235021398002853,950,9512,57579,21482,423.5021398002853,0.63,0.9559660878603977,0.9864596688192068
PRIMARY__CICIoT2023_R1__Utility-Only__b0.8__seed3407,CICIoT2023_R1,3407,Utility-Only,0.8,0.63,0.8356288328139138,0.8902316552973775,0.9998663867150219,0.7807753648030287,0.8768423431340547,0.0003120542082738944,7,14708,52383,22425,3.1205420827389445,0.63,0.9554410272543576,0.9862538086167711
PRIMARY__CICIoT2023_R1__Utility-Cost-Ratio__b0.8__seed3407,CICIoT2023_R1,3407,Utility-Cost-Ratio,0.8,0.63,0.8356288328139138,0.8902316552973775,0.9998663867150219,0.7807753648030287,0.8768423431340547,0.0003120542082738944,7,14708,52383,22425,3.1205420827389445,0.63,0.9554410272543576,0.9862538086167711
PRIMARY__CICIoT2023_R1__CB-Score__b0.8__seed3407,CICIoT2023_R1,3407,CB-Score,0.8,0.63,0.8336740279034438,0.8889868046100904,0.9999425364414734,0.7781073467380125,0.8751865077369277,0.00013373751783166905,3,14887,52204,22429,1.3373751783166905,0.63,0.9492368554092574,0.9844205409347813
PRIMARY__CICIoT2023_R1__Historical-DoubleCost__b0.8__seed3407,CICIoT2023_R1,3407,Historical-DoubleCost,0.8,0.63,0.8336740279034438,0.8889868046100904,0.9999425364414734,0.7781073467380125,0.8751865077369277,0.00013373751783166905,3,14887,52204,22429,1.3373751783166905,0.63,0.9492368554092574,0.9844205409347813
PRIMARY__CICIoT2023_R1__Oort-Style-Adapted__b0.8__seed3407,CICIoT2023_R1,3407,Oort-Style-Adapted,0.8,0.63,0.8356288328139138,0.8902316552973775,0.9998663867150219,0.7807753648030287,0.8768423431340547,0.0003120542082738944,7,14708,52383,22425,3.1205420827389445,0.63,0.9554410272543576,0.9862538086167711
PRIMARY__CICIoT2023_R1__Oracle-Score-Exact__b0.8__seed3407,CICIoT2023_R1,3407,Oracle-Score-Exact,0.8,0.63,0.8336740279034438,0.8889868046100904,0.9999425364414734,0.7781073467380125,0.8751865077369277,0.00013373751783166905,3,14887,52204,22429,1.3373751783166905,0.63,0.9492368554092574,0.9844205409347813
PRIMARY__CICIoT2023_R1__Random-Budget__b1.0__seed3407,CICIoT2023_R1,3407,Random-Budget,1.0,0.63,0.8828122381957709,0.9078386719829994,0.9838930305724642,0.8576709245651428,0.9164563010153295,0.04199358059914408,942,9549,57542,21490,419.9358059914408,0.63,0.9550943195517378,0.9861759639584085
PRIMARY__CICIoT2023_R1__Cost-Only__b1.0__seed3407,CICIoT2023_R1,3407,Cost-Only,1.0,0.63,0.8828122381957709,0.9078386719829994,0.9838930305724642,0.8576709245651428,0.9164563010153295,0.04199358059914408,942,9549,57542,21490,419.9358059914408,0.63,0.9550943195517378,0.9861759639584085
PRIMARY__CICIoT2023_R1__Utility-Only__b1.0__seed3407,CICIoT2023_R1,3407,Utility-Only,1.0,0.63,0.8356288328139138,0.8902316552973775,0.9998663867150219,0.7807753648030287,0.8768423431340547,0.0003120542082738944,7,14708,52383,22425,3.1205420827389445,0.63,0.9554410272543576,0.9862538086167711
PRIMARY__CICIoT2023_R1__Utility-Cost-Ratio__b1.0__seed3407,CICIoT2023_R1,3407,Utility-Cost-Ratio,1.0,0.63,0.8356288328139138,0.8902316552973775,0.9998663867150219,0.7807753648030287,0.8768423431340547,0.0003120542082738944,7,14708,52383,22425,3.1205420827389445,0.63,0.9554410272543576,0.9862538086167711
PRIMARY__CICIoT2023_R1__CB-Score__b1.0__seed3407,CICIoT2023_R1,3407,CB-Score,1.0,0.63,0.8827898975682227,0.8859985076718144,0.9607156811669706,0.8795665588529012,0.918351943352916,0.10756954350927246,2413,8080,59011,20019,1075.6954350927247,0.63,0.9540719032612061,0.9858418917227693
PRIMARY__CICIoT2023_R1__Historical-DoubleCost__b1.0__seed3407,CICIoT2023_R1,3407,Historical-DoubleCost,1.0,0.63,0.8827898975682227,0.8859985076718144,0.9607156811669706,0.8795665588529012,0.918351943352916,0.10756954350927246,2413,8080,59011,20019,1075.6954350927247,0.63,0.9540719032612061,0.9858418917227693
PRIMARY__CICIoT2023_R1__Oort-Style-Adapted__b1.0__seed3407,CICIoT2023_R1,3407,Oort-Style-Adapted,1.0,0.63,0.8356288328139138,0.8902316552973775,0.9998663867150219,0.7807753648030287,0.8768423431340547,0.0003120542082738944,7,14708,52383,22425,3.1205420827389445,0.63,0.9554410272543576,0.9862538086167711
PRIMARY__CICIoT2023_R1__Oracle-Score-Exact__b1.0__seed3407,CICIoT2023_R1,3407,Oracle-Score-Exact,1.0,0.63,0.8827898975682227,0.8859985076718144,0.9607156811669706,0.8795665588529012,0.918351943352916,0.10756954350927246,2413,8080,59011,20019,1075.6954350927247,0.63,0.9540719032612061,0.9858418917227693
PRIMARY__CICIoT2023_R1__Full-Contextual__seed11,CICIoT2023_R1,11,Full-Contextual,,0.58,0.897813969594406,0.915503216552322,0.9817102572202916,0.8800435229762561,0.9281009792979864,0.04903708987161198,1100,8048,59043,21332,490.3708987161198,0.58,0.9610093526945995,0.9880405588590353
PRIMARY__CICIoT2023_R1__Random-Budget__b0.1__seed11,CICIoT2023_R1,11,Random-Budget,0.1,0.58,0.7971024206069949,0.6082330446690765,0.7930146486363473,0.9868387712211772,0.8793730907158985,0.7703726818830242,17281,883,66208,5151,7703.726818830242,0.58,0.9530891863614414,0.9857030784817954
PRIMARY__CICIoT2023_R1__Cost-Only__b0.1__seed11,CICIoT2023_R1,11,Cost-Only,0.1,0.58,0.8301777196921462,0.886668988966186,0.9999614584136283,0.7734271362775931,0.8722254439709874,8.91583452211127e-05,2,15201,51890,22430,0.891583452211127,0.58,0.9376405880830283,0.9808012938079149
PRIMARY__CICIoT2023_R1__Utility-Only__b0.1__seed11,CICIoT2023_R1,11,Utility-Only,0.1,0.58,0.8551880522323873,0.9025244074940182,0.9989307376066958,0.8076344069994486,0.8931544332174,0.002585592011412268,58,12906,54185,22374,25.855920114122682,0.58,0.9633732558314829,0.9887555735309816
PRIMARY__CICIoT2023_R1__Utility-Cost-Ratio__b0.1__seed11,CICIoT2023_R1,11,Utility-Cost-Ratio,0.1,0.58,0.8551880522323873,0.9025244074940182,0.9989307376066958,0.8076344069994486,0.8931544332174,0.002585592011412268,58,12906,54185,22374,25.855920114122682,0.58,0.9633732558314829,0.9887555735309816
PRIMARY__CICIoT2023_R1__CB-Score__b0.1__seed11,CICIoT2023_R1,11,CB-Score,0.1,0.58,0.8862191838968757,0.9150969434843228,0.9895727584011563,0.8572088655706429,0.9186473707750303,0.02701497860199715,606,9580,57511,21826,270.1497860199715,0.58,0.9639199389076829,0.9887642539710981
PRIMARY__CICIoT2023_R1__Historical-DoubleCost__b0.1__seed11,CICIoT2023_R1,11,Historical-DoubleCost,0.1,0.58,0.8932788222021156,0.9164686342799337,0.9859626007196067,0.8699825609992399,0.9243487211972444,0.037045292439372324,831,8723,58368,21601,370.45292439372326,0.58,0.9644550660571498,0.9889083848297558
PRIMARY__CICIoT2023_R1__Oort-Style-Adapted__b0.1__seed11,CICIoT2023_R1,11,Oort-Style-Adapted,0.1,0.58,0.8933681847123086,0.9181158161362839,0.9877273574830913,0.8685069532426107,0.9242885695250785,0.0322753209700428,724,8822,58269,21708,322.753209700428,0.58,0.9617256603498332,0.9883478103341345
PRIMARY__CICIoT2023_R1__Oracle-Score-Exact__b0.1__seed11,CICIoT2023_R1,11,Oracle-Score-Exact,0.1,0.58,0.8862191838968757,0.9150969434843228,0.9895727584011563,0.8572088655706429,0.9186473707750303,0.02701497860199715,606,9580,57511,21826,270.1497860199715,0.58,0.9639199389076829,0.9887642539710981
PRIMARY__CICIoT2023_R1__Random-Budget__b0.2__seed11,CICIoT2023_R1,11,Random-Budget,0.2,0.58,0.8154105648827675,0.6510862479433952,0.8121435097162892,0.9804891863290158,0.8884116983705744,0.6783166904422254,15216,1309,65782,7216,6783.1669044222535,0.58,0.9453296963472292,0.9833212406582547
PRIMARY__CICIoT2023_R1__Cost-Only__b0.2__seed11,CICIoT2023_R1,11,Cost-Only,0.2,0.58,0.7723266646560102,0.5476521388136977,0.7677991950372095,0.9980325229911613,0.8679066753078418,0.9027282453637661,20250,132,66959,2182,9027.282453637661,0.58,0.9572356746694947,0.9865480340805736
PRIMARY__CICIoT2023_R1__Utility-Only__b0.2__seed11,CICIoT2023_R1,11,Utility-Only,0.2,0.58,0.8527640941434045,0.9006104605757109,0.998557318832538,0.8046980966150452,0.8912072765089925,0.003477175463623395,78,13103,53988,22354,34.77175463623395,0.58,0.9542162096529485,0.9858689001336742
PRIMARY__CICIoT2023_R1__Utility-Cost-Ratio__b0.2__seed11,CICIoT2023_R1,11,Utility-Cost-Ratio,0.2,0.58,0.8580811634998827,0.9034308671711475,0.9976756954612006,0.8125232892638357,0.8956305296103704,0.005661554921540656,127,12578,54513,22305,56.61554921540656,0.58,0.9570495336501995,0.9867599102606697
PRIMARY__CICIoT2023_R1__CB-Score__b0.2__seed11,CICIoT2023_R1,11,CB-Score,0.2,0.58,0.8857723713459111,0.9154961809354855,0.990359243226463,0.8559121193602719,0.9182404016822041,0.024919757489301,559,9667,57424,21873,249.19757489301,0.58,0.9609553501742083,0.9878990469910425
PRIMARY__CICIoT2023_R1__Historical-DoubleCost__b0.2__seed11,CICIoT2023_R1,11,Historical-DoubleCost,0.2,0.58,0.8857723713459111,0.9154961809354855,0.990359243226463,0.8559121193602719,0.9182404016822041,0.024919757489301,559,9667,57424,21873,249.19757489301,0.58,0.9609553501742083,0.9878990469910425
PRIMARY__CICIoT2023_R1__Oort-Style-Adapted__b0.2__seed11,CICIoT2023_R1,11,Oort-Style-Adapted,0.2,0.58,0.8493571484422997,0.8982632433159587,0.9984564170277659,0.8002265579585935,0.8884181959590276,0.003700071326676177,83,13403,53688,22349,37.00071326676177,0.58,0.9547697609024905,0.9860666286306469
PRIMARY__CICIoT2023_R1__Oracle-Score-Exact__b0.2__seed11,CICIoT2023_R1,11,Oracle-Score-Exact,0.2,0.58,0.7591903756576522,0.5212318670124004,0.7575017248594663,0.998241194795129,0.861366910175944,0.9557774607703281,21440,118,66973,992,9557.77460770328,0.58,0.9232489183921018,0.9759115156396635
PRIMARY__CICIoT2023_R1__Random-Budget__b0.4__seed11,CICIoT2023_R1,11,Random-Budget,0.4,0.58,0.8340091373166673,0.8891807074991573,0.9999042897341169,0.7785843108613674,0.875473468977307,0.00022289586305278175,5,14855,52236,22427,2.2289586305278175,0.58,0.9536174762348777,0.9855374744756297
PRIMARY__CICIoT2023_R1__Cost-Only__b0.4__seed11,CICIoT2023_R1,11,Cost-Only,0.4,0.58,0.8708153212023726,0.7802630584742876,0.8775840496137526,0.9617832496161929,0.9177564909436136,0.4012571326676177,9001,2564,64527,13431,4012.571326676177,0.58,0.9606709975651908,0.9877380461208275
PRIMARY__CICIoT2023_R1__Utility-Only__b0.4__seed11,CICIoT2023_R1,11,Utility-Only,0.4,0.58,0.834578823319147,0.8896052993505892,0.9999617488429025,0.7792997570463996,0.8759476281025658,8.91583452211127e-05,2,14807,52284,22430,0.891583452211127,0.58,0.954093306460123,0.9857849458666632
PRIMARY__CICIoT2023_R1__Utility-Cost-Ratio__b0.4__seed11,CICIoT2023_R1,11,Utility-Cost-Ratio,0.4,0.58,0.834578823319147,0.8896052993505892,0.9999617488429025,0.7792997570463996,0.8759476281025658,8.91583452211127e-05,2,14807,52284,22430,0.891583452211127,0.58,0.954093306460123,0.9857849458666632
PRIMARY__CICIoT2023_R1__CB-Score__b0.4__seed11,CICIoT2023_R1,11,CB-Score,0.4,0.58,0.8360197937960078,0.8905518431398485,0.9999427666596715,0.7812374237975287,0.8771630351106202,0.00013373751783166905,3,14677,52414,22429,1.3373751783166905,0.58,0.9543798647385071,0.9860031430713995
PRIMARY__CICIoT2023_R1__Historical-DoubleCost__b0.4__seed11,CICIoT2023_R1,11,Historical-DoubleCost,0.4,0.58,0.8419512304100623,0.8943459476101518,0.9997356994525203,0.7893160036368514,0.8821515729504169,0.0006241084165477888,14,14135,52956,22418,6.241084165477889,0.58,0.9584833463145452,0.9872446223412122
PRIMARY__CICIoT2023_R1__Oort-Style-Adapted__b0.4__seed11,CICIoT2023_R1,11,Oort-Style-Adapted,0.4,0.58,0.8408341990326508,0.8935413430798984,0.999659593781913,0.787885111266787,0.8812276504763731,0.0008024251069900142,18,14231,52860,22414,8.024251069900142,0.58,0.9623272486130416,0.9883933213633757
PRIMARY__CICIoT2023_R1__Oracle-Score-Exact__b0.4__seed11,CICIoT2023_R1,11,Oracle-Score-Exact,0.4,0.58,0.8931000971817298,0.904168198287373,0.9728401150842582,0.8819811897273852,0.9251852778385816,0.07364479315263908,1652,7918,59173,20780,736.4479315263909,0.58,0.9608646874953688,0.9878676907339459
PRIMARY__CICIoT2023_R1__Random-Budget__b0.6__seed11,CICIoT2023_R1,11,Random-Budget,0.6,0.58,0.8740882231381879,0.9114990761451365,0.9946300398759416,0.8365056415912716,0.908740568023576,0.013507489300998574,303,10969,56122,22129,135.07489300998574,0.58,0.9640321253846231,0.9889351088659053
PRIMARY__CICIoT2023_R1__Cost-Only__b0.6__seed11,CICIoT2023_R1,11,Cost-Only,0.6,0.58,0.8865207823687767,0.8468401437794231,0.922519741138752,0.9263835685859504,0.924447617560221,0.23270328102710414,5220,4939,62152,17212,2327.0328102710414,0.58,0.9618072734386927,0.9881287193737601
PRIMARY__CICIoT2023_R1__Utility-Only__b0.6__seed11,CICIoT2023_R1,11,Utility-Only,0.6,0.58,0.8614210873183428,0.9037006970470687,0.99530822600221,0.8189473998002713,0.8985559389667522,0.011546005706134094,259,12147,54944,22173,115.46005706134095,0.58,0.9534004515254697,0.9860401265891082
PRIMARY__CICIoT2023_R1__Utility-Cost-Ratio__b0.6__seed11,CICIoT2023_R1,11,Utility-Cost-Ratio,0.6,0.58,0.8614210873183428,0.9037006970470687,0.99530822600221,0.8189473998002713,0.8985559389667522,0.011546005706134094,259,12147,54944,22173,115.46005706134095,0.58,0.9534004515254697,0.9860401265891082
PRIMARY__CICIoT2023_R1__CB-Score__b0.6__seed11,CICIoT2023_R1,11,CB-Score,0.6,0.58,0.8887101638685031,0.9139101571510886,0.9864110074245623,0.863394494045401,0.9208123037793586,0.035574179743223966,798,9165,57926,21634,355.74179743223965,0.58,0.9573151033516533,0.9870058541984198
PRIMARY__CICIoT2023_R1__Historical-DoubleCost__b0.6__seed11,CICIoT2023_R1,11,Historical-DoubleCost,0.6,0.58,0.8577348837728852,0.9022651052955923,0.9965287293322371,0.8130002533871905,0.8954574557155287,0.008470042796005706,190,12546,54545,22242,84.70042796005706,0.58,0.9609344871798988,0.9880146054828315
PRIMARY__CICIoT2023_R1__Oort-Style-Adapted__b0.6__seed11,CICIoT2023_R1,11,Oort-Style-Adapted,0.6,0.58,0.8710610681054031,0.907877032822497,0.9927088877062267,0.8340761055879328,0.906504888183313,0.01832203994293866,411,11132,55959,22021,183.2203994293866,0.58,0.9504924866004274,0.9851947994129385
PRIMARY__CICIoT2023_R1__Oracle-Score-Exact__b0.6__seed11,CICIoT2023_R1,11,Oracle-Score-Exact,0.6,0.58,0.8595109636629693,0.9035242481489414,0.9966292544275198,0.8152956432308357,0.8968887067021931,0.008247146932952924,185,12392,54699,22247,82.47146932952924,0.58,0.9572303041851881,0.9870322963388118
PRIMARY__CICIoT2023_R1__Random-Budget__b0.8__seed11,CICIoT2023_R1,11,Random-Budget,0.8,0.58,0.8811143505021056,0.9145546667634189,0.9927890491322415,0.8475205318149975,0.914421260000804,0.01841119828815977,413,10230,56861,22019,184.11198288159773,0.58,0.9640319792037944,0.9888778995336359
PRIMARY__CICIoT2023_R1__Cost-Only__b0.8__seed11,CICIoT2023_R1,11,Cost-Only,0.8,0.58,0.8936586128704356,0.877552283712919,0.9461968905491916,0.9098388755570792,0.927661773198383,0.1547343081312411,3471,6049,61042,18961,1547.3430813124107,0.58,0.96160552761594,0.9881312429187277
PRIMARY__CICIoT2023_R1__Utility-Only__b0.8__seed11,CICIoT2023_R1,11,Utility-Only,0.8,0.58,0.836343732895457,0.8907679675082437,0.9999427983068299,0.7816696725343191,0.877435438399826,0.00013373751783166905,3,14648,52443,22429,1.3373751783166905,0.58,0.9542958114264972,0.9860076396342917
PRIMARY__CICIoT2023_R1__Utility-Cost-Ratio__b0.8__seed11,CICIoT2023_R1,11,Utility-Cost-Ratio,0.8,0.58,0.836343732895457,0.8907679675082437,0.9999427983068299,0.7816696725343191,0.877435438399826,0.00013373751783166905,3,14648,52443,22429,1.3373751783166905,0.58,0.9542958114264972,0.9860076396342917
PRIMARY__CICIoT2023_R1__CB-Score__b0.8__seed11,CICIoT2023_R1,11,CB-Score,0.8,0.58,0.8460954168202585,0.8968437826189231,0.9994004908481181,0.7951140987613838,0.8856293787561842,0.0014265335235378032,32,13746,53345,22400,14.265335235378032,0.58,0.9575421720129054,0.98699866311452
PRIMARY__CICIoT2023_R1__Historical-DoubleCost__b0.8__seed11,CICIoT2023_R1,11,Historical-DoubleCost,0.8,0.58,0.8460954168202585,0.8968437826189231,0.9994004908481181,0.7951140987613838,0.8856293787561842,0.0014265335235378032,32,13746,53345,22400,14.265335235378032,0.58,0.9575421720129054,0.98699866311452
PRIMARY__CICIoT2023_R1__Oort-Style-Adapted__b0.8__seed11,CICIoT2023_R1,11,Oort-Style-Adapted,0.8,0.58,0.836343732895457,0.8907679675082437,0.9999427983068299,0.7816696725343191,0.877435438399826,0.00013373751783166905,3,14648,52443,22429,1.3373751783166905,0.58,0.9542958114264972,0.9860076396342917
PRIMARY__CICIoT2023_R1__Oracle-Score-Exact__b0.8__seed11,CICIoT2023_R1,11,Oracle-Score-Exact,0.8,0.58,0.8460954168202585,0.8968437826189231,0.9994004908481181,0.7951140987613838,0.8856293787561842,0.0014265335235378032,32,13746,53345,22400,14.265335235378032,0.58,0.9575421720129054,0.98699866311452
PRIMARY__CICIoT2023_R1__Random-Budget__b1.0__seed11,CICIoT2023_R1,11,Random-Budget,1.0,0.58,0.8949878802095551,0.9159916412526423,0.9842202450898103,0.8738877047592076,0.9257782585010382,0.04190442225392297,940,8461,58630,21492,419.0442225392297,0.58,0.9603768950271324,0.987852329211663
PRIMARY__CICIoT2023_R1__Cost-Only__b1.0__seed11,CICIoT2023_R1,11,Cost-Only,1.0,0.58,0.8949878802095551,0.9159916412526423,0.9842202450898103,0.8738877047592076,0.9257782585010382,0.04190442225392297,940,8461,58630,21492,419.0442225392297,0.58,0.9603768950271324,0.987852329211663
PRIMARY__CICIoT2023_R1__Utility-Only__b1.0__seed11,CICIoT2023_R1,11,Utility-Only,1.0,0.58,0.8645711158026429,0.9048675878372958,0.9942097786409164,0.8240896692551907,0.9011915046209515,0.014354493580599145,322,11802,55289,22110,143.54493580599143,0.58,0.9527990439949223,0.9856574555530592
PRIMARY__CICIoT2023_R1__Utility-Cost-Ratio__b1.0__seed11,CICIoT2023_R1,11,Utility-Cost-Ratio,1.0,0.58,0.8645711158026429,0.9048675878372958,0.9942097786409164,0.8240896692551907,0.9011915046209515,0.014354493580599145,322,11802,55289,22110,143.54493580599143,0.58,0.9527990439949223,0.9856574555530592
PRIMARY__CICIoT2023_R1__CB-Score__b1.0__seed11,CICIoT2023_R1,11,CB-Score,1.0,0.58,0.8543055974442322,0.9013570110510155,0.9982117178570111,0.807038201845255,0.892502451929813,0.004324179743223966,97,12946,54145,22335,43.24179743223966,0.58,0.9640446703575538,0.988914633687039
PRIMARY__CICIoT2023_R1__Historical-DoubleCost__b1.0__seed11,CICIoT2023_R1,11,Historical-DoubleCost,1.0,0.58,0.8543055974442322,0.9013570110510155,0.9982117178570111,0.807038201845255,0.892502451929813,0.004324179743223966,97,12946,54145,22335,43.24179743223966,0.58,0.9640446703575538,0.988914633687039
PRIMARY__CICIoT2023_R1__Oort-Style-Adapted__b1.0__seed11,CICIoT2023_R1,11,Oort-Style-Adapted,1.0,0.58,0.8645711158026429,0.9048675878372958,0.9942097786409164,0.8240896692551907,0.9011915046209515,0.014354493580599145,322,11802,55289,22110,143.54493580599143,0.58,0.9527990439949223,0.9856574555530592
PRIMARY__CICIoT2023_R1__Oracle-Score-Exact__b1.0__seed11,CICIoT2023_R1,11,Oracle-Score-Exact,1.0,0.58,0.8543055974442322,0.9013570110510155,0.9982117178570111,0.807038201845255,0.892502451929813,0.004324179743223966,97,12946,54145,22335,43.24179743223966,0.58,0.9640446703575538,0.988914633687039
PRIMARY__CICIoT2023_R1__Full-Contextual__seed314,CICIoT2023_R1,314,Full-Contextual,,0.61,0.8883862247690537,0.9108453245821445,0.9832427766211345,0.8658240300487398,0.9208052627407466,0.04413338088445078,990,9002,58089,21442,441.33380884450787,0.61,0.9566865301074778,0.9867621564823805
PRIMARY__CICIoT2023_R1__Random-Budget__b0.1__seed314,CICIoT2023_R1,314,Random-Budget,0.1,0.61,0.7494275214190766,0.5,0.7494275214190766,1.0,0.856768871237565,1.0,22432,0,67091,0,10000.0,0.61,0.8683325890824375,0.9359404889090792
PRIMARY__CICIoT2023_R1__Cost-Only__b0.1__seed314,CICIoT2023_R1,314,Cost-Only,0.1,0.61,0.7860438099706221,0.857179395847818,0.9998957181888335,0.7145816875586889,0.8334984961490985,0.00022289586305278175,5,19149,47942,22427,2.2289586305278175,0.61,0.945415876590296,0.9832483760242472
PRIMARY__CICIoT2023_R1__Utility-Only__b0.1__seed314,CICIoT2023_R1,314,Utility-Only,0.1,0.61,0.878802095550864,0.9123443199424395,0.9919869832216527,0.8451059009405136,0.9126746506986028,0.02041726105563481,458,10392,56699,21974,204.17261055634808,0.61,0.966383899831708,0.9895245362123558
PRIMARY__CICIoT2023_R1__Utility-Cost-Ratio__b0.1__seed314,CICIoT2023_R1,314,Utility-Cost-Ratio,0.1,0.61,0.878802095550864,0.9123443199424395,0.9919869832216527,0.8451059009405136,0.9126746506986028,0.02041726105563481,458,10392,56699,21974,204.17261055634808,0.61,0.966383899831708,0.9895245362123558
PRIMARY__CICIoT2023_R1__CB-Score__b0.1__seed314,CICIoT2023_R1,314,CB-Score,0.1,0.61,0.8541268724238464,0.9020538062234591,0.9992238894227216,0.8059799376965614,0.8922586979299876,0.0018723252496433665,42,13017,54074,22390,18.723252496433666,0.61,0.95980712999809,0.9877406389392558
PRIMARY__CICIoT2023_R1__Historical-DoubleCost__b0.1__seed314,CICIoT2023_R1,314,Historical-DoubleCost,0.1,0.61,0.8541268724238464,0.9020538062234591,0.9992238894227216,0.8059799376965614,0.8922586979299876,0.0018723252496433665,42,13017,54074,22390,18.723252496433666,0.61,0.95980712999809,0.9877406389392558
PRIMARY__CICIoT2023_R1__Oort-Style-Adapted__b0.1__seed314,CICIoT2023_R1,314,Oort-Style-Adapted,0.1,0.61,0.7494275214190766,0.5,0.7494275214190766,1.0,0.856768871237565,1.0,22432,0,67091,0,10000.0,0.61,0.6636860356946793,0.8280854545056048
PRIMARY__CICIoT2023_R1__Oracle-Score-Exact__b0.1__seed314,CICIoT2023_R1,314,Oracle-Score-Exact,0.1,0.61,0.8541268724238464,0.9020538062234591,0.9992238894227216,0.8059799376965614,0.8922586979299876,0.0018723252496433665,42,13017,54074,22390,18.723252496433666,0.61,0.95980712999809,0.9877406389392558
PRIMARY__CICIoT2023_R1__Random-Budget__b0.2__seed314,CICIoT2023_R1,314,Random-Budget,0.2,0.61,0.8910112485059706,0.9039763675115522,0.974022752827568,0.8779866151942883,0.9235147020781237,0.07003388017118402,1571,8186,58905,20861,700.3388017118402,0.61,0.961590417833925,0.9878206246991046
PRIMARY__CICIoT2023_R1__Cost-Only__b0.2__seed314,CICIoT2023_R1,314,Cost-Only,0.2,0.61,0.7494275214190766,0.5,0.7494275214190766,1.0,0.856768871237565,1.0,22432,0,67091,0,10000.0,0.61,0.9392974966123789,0.9813277495513808
PRIMARY__CICIoT2023_R1__Utility-Only__b0.2__seed314,CICIoT2023_R1,314,Utility-Only,0.2,0.61,0.8308702791461412,0.887131047960686,0.9999615044077453,0.7743512542665931,0.8728128018816413,8.91583452211127e-05,2,15139,51952,22430,0.891583452211127,0.61,0.9522325743468784,0.9852499658564169
PRIMARY__CICIoT2023_R1__Utility-Cost-Ratio__b0.2__seed314,CICIoT2023_R1,314,Utility-Cost-Ratio,0.2,0.61,0.8308702791461412,0.887131047960686,0.9999615044077453,0.7743512542665931,0.8728128018816413,8.91583452211127e-05,2,15139,51952,22430,0.891583452211127,0.61,0.9522325743468784,0.9852499658564169
PRIMARY__CICIoT2023_R1__CB-Score__b0.2__seed314,CICIoT2023_R1,314,CB-Score,0.2,0.61,0.8837282039252483,0.9074260277564755,0.9827780049059689,0.8599215990222235,0.9172542628880321,0.04506954350927247,1011,9398,57693,21421,450.69543509272467,0.61,0.9568129928034805,0.9866343513839999
PRIMARY__CICIoT2023_R1__Historical-DoubleCost__b0.2__seed314,CICIoT2023_R1,314,Historical-DoubleCost,0.2,0.61,0.8948091551891693,0.9146557644278193,0.982886231956864,0.874871443263627,0.925738709397598,0.04555991440798859,1022,8395,58696,21410,455.5991440798859,0.61,0.9554006265278423,0.9863980277623835
PRIMARY__CICIoT2023_R1__Oort-Style-Adapted__b0.2__seed314,CICIoT2023_R1,314,Oort-Style-Adapted,0.2,0.61,0.8753169576533405,0.9104790675192982,0.9924801437049822,0.8399934417433039,0.9098923099278299,0.01903530670470756,427,10735,56356,22005,190.3530670470756,0.61,0.9575072095454443,0.9869671186468487
PRIMARY__CICIoT2023_R1__Oracle-Score-Exact__b0.2__seed314,CICIoT2023_R1,314,Oracle-Score-Exact,0.2,0.61,0.8948091551891693,0.9146557644278193,0.982886231956864,0.874871443263627,0.925738709397598,0.04555991440798859,1022,8395,58696,21410,455.5991440798859,0.61,0.9554006265278423,0.9863980277623835
PRIMARY__CICIoT2023_R1__Random-Budget__b0.4__seed314,CICIoT2023_R1,314,Random-Budget,0.4,0.61,0.8400299364409146,0.8931531286599028,0.9998484446633578,0.7866628907006901,0.8805358826130116,0.0003566333808844508,8,14313,52778,22424,3.566333808844508,0.61,0.9521593098444804,0.9852788938420293
PRIMARY__CICIoT2023_R1__Cost-Only__b0.4__seed314,CICIoT2023_R1,314,Cost-Only,0.4,0.61,0.8006545803871631,0.620039306071314,0.7983279820682135,0.9820989402453384,0.8807292850173098,0.7420203281027105,16645,1201,65890,5787,7420.203281027104,0.61,0.9420749725562771,0.9828132299123479
PRIMARY__CICIoT2023_R1__Utility-Only__b0.4__seed314,CICIoT2023_R1,314,Utility-Only,0.4,0.61,0.8368017157601957,0.8910438486060122,0.999904745575432,0.7823105930750771,0.8778244217357127,0.00022289586305278175,5,14605,52486,22427,2.2289586305278175,0.61,0.9582978491553545,0.9872421379093744
PRIMARY__CICIoT2023_R1__Utility-Cost-Ratio__b0.4__seed314,CICIoT2023_R1,314,Utility-Cost-Ratio,0.4,0.61,0.8368017157601957,0.8910438486060122,0.999904745575432,0.7823105930750771,0.8778244217357127,0.00022289586305278175,5,14605,52486,22427,2.2289586305278175,0.61,0.9582978491553545,0.9872421379093744
PRIMARY__CICIoT2023_R1__CB-Score__b0.4__seed314,CICIoT2023_R1,314,CB-Score,0.4,0.61,0.8382426862370564,0.8918716962202485,0.9997340324480414,0.7843675008570449,0.8790518587810806,0.0006241084165477888,14,14467,52624,22418,6.241084165477889,0.61,0.960352822699176,0.9878955267677968
PRIMARY__CICIoT2023_R1__Historical-DoubleCost__b0.4__seed314,CICIoT2023_R1,314,Historical-DoubleCost,0.4,0.61,0.8382426862370564,0.8918716962202485,0.9997340324480414,0.7843675008570449,0.8790518587810806,0.0006241084165477888,14,14467,52624,22418,6.241084165477889,0.61,0.960352822699176,0.9878955267677968
PRIMARY__CICIoT2023_R1__Oort-Style-Adapted__b0.4__seed314,CICIoT2023_R1,314,Oort-Style-Adapted,0.4,0.61,0.8371703361147415,0.8912749462102392,0.9998857708563378,0.7828173674561416,0.8781360508957757,0.0002674750356633381,6,14571,52520,22426,2.674750356633381,0.61,0.9599613258551191,0.9876769331168861
PRIMARY__CICIoT2023_R1__Oracle-Score-Exact__b0.4__seed314,CICIoT2023_R1,314,Oracle-Score-Exact,0.4,0.61,0.8382426862370564,0.8918716962202485,0.9997340324480414,0.7843675008570449,0.8790518587810806,0.0006241084165477888,14,14467,52624,22418,6.241084165477889,0.61,0.960352822699176,0.9878955267677968
PRIMARY__CICIoT2023_R1__Random-Budget__b0.6__seed314,CICIoT2023_R1,314,Random-Budget,0.6,0.61,0.8391698222803079,0.8925792811989915,0.9998482232635792,0.7855151957788675,0.8798163606010017,0.0003566333808844508,8,14390,52701,22424,3.566333808844508,0.61,0.9532306412303377,0.9856561037058889
PRIMARY__CICIoT2023_R1__Cost-Only__b0.6__seed314,CICIoT2023_R1,314,Cost-Only,0.6,0.61,0.8928655205924735,0.8893823908628286,0.9579775710462597,0.8963646390723048,0.9261475201552357,0.11759985734664764,2638,6953,60138,19794,1175.9985734664765,0.61,0.9584581125134595,0.9871956637140319
PRIMARY__CICIoT2023_R1__Utility-Only__b0.6__seed314,CICIoT2023_R1,314,Utility-Only,0.6,0.61,0.8384772628263127,0.8920430370951022,0.9997531192434055,0.7846656034341417,0.8792464174767011,0.0005795292439372326,13,14447,52644,22419,5.795292439372325,0.61,0.9586228961814612,0.9873329790672921
PRIMARY__CICIoT2023_R1__Utility-Cost-Ratio__b0.6__seed314,CICIoT2023_R1,314,Utility-Cost-Ratio,0.6,0.61,0.8384772628263127,0.8920430370951022,0.9997531192434055,0.7846656034341417,0.8792464174767011,0.0005795292439372326,13,14447,52644,22419,5.795292439372325,0.61,0.9586228961814612,0.9873329790672921
PRIMARY__CICIoT2023_R1__CB-Score__b0.6__seed314,CICIoT2023_R1,314,CB-Score,0.6,0.61,0.8846553399684998,0.8634741768828638,0.938035342233197,0.9059337317971113,0.9217051089577363,0.17898537803138373,4015,6311,60780,18417,1789.8537803138374,0.61,0.9488927414196585,0.9844214001924516
PRIMARY__CICIoT2023_R1__Historical-DoubleCost__b0.6__seed314,CICIoT2023_R1,314,Historical-DoubleCost,0.6,0.61,0.8846553399684998,0.8634741768828638,0.938035342233197,0.9059337317971113,0.9217051089577363,0.17898537803138373,4015,6311,60780,18417,1789.8537803138374,0.61,0.9488927414196585,0.9844214001924516
PRIMARY__CICIoT2023_R1__Oort-Style-Adapted__b0.6__seed314,CICIoT2023_R1,314,Oort-Style-Adapted,0.6,0.61,0.8430012399048289,0.8947200741850163,0.9993221360247043,0.7910449985840128,0.8830689107230509,0.0016048502139800285,36,14019,53072,22396,16.048502139800284,0.61,0.9606172252796046,0.9879491098374958
PRIMARY__CICIoT2023_R1__Oracle-Score-Exact__b0.6__seed314,CICIoT2023_R1,314,Oracle-Score-Exact,0.6,0.61,0.8846553399684998,0.8634741768828638,0.938035342233197,0.9059337317971113,0.9217051089577363,0.17898537803138373,4015,6311,60780,18417,1789.8537803138374,0.61,0.9488927414196585,0.9844214001924516
PRIMARY__CICIoT2023_R1__Random-Budget__b0.8__seed314,CICIoT2023_R1,314,Random-Budget,0.8,0.61,0.8846665102822738,0.9137791336132323,0.989227109762824,0.8554202501080622,0.9174706451277707,0.02786198288159772,625,9700,57391,21807,278.6198288159772,0.61,0.958796995222768,0.9874073441607852
PRIMARY__CICIoT2023_R1__Cost-Only__b0.8__seed314,CICIoT2023_R1,314,Cost-Only,0.8,0.61,0.8866995073891626,0.8820637785732754,0.9544496935648621,0.8913565157770789,0.9218247820758861,0.12722895863052783,2854,7289,59802,19578,1272.2895863052781,0.61,0.9531327688465838,0.985725683108968
PRIMARY__CICIoT2023_R1__Utility-Only__b0.8__seed314,CICIoT2023_R1,314,Utility-Only,0.8,0.61,0.838588965964054,0.8920878886956207,0.9997152133052344,0.7848444649803997,0.8793440323307894,0.0006686875891583452,15,14435,52656,22417,6.686875891583452,0.61,0.9590274124216835,0.9875033426715121
PRIMARY__CICIoT2023_R1__Utility-Cost-Ratio__b0.8__seed314,CICIoT2023_R1,314,Utility-Cost-Ratio,0.8,0.61,0.838588965964054,0.8920878886956207,0.9997152133052344,0.7848444649803997,0.8793440323307894,0.0006686875891583452,15,14435,52656,22417,6.686875891583452,0.61,0.9590274124216835,0.9875033426715121
PRIMARY__CICIoT2023_R1__CB-Score__b0.8__seed314,CICIoT2023_R1,314,CB-Score,0.8,0.61,0.8468438278431241,0.8967941346260793,0.9987107141522479,0.796664232162287,0.8863185997728196,0.003075962910128388,69,13642,53449,22363,30.75962910128388,0.61,0.9643357821687497,0.9891124662933966
PRIMARY__CICIoT2023_R1__Historical-DoubleCost__b0.8__seed314,CICIoT2023_R1,314,Historical-DoubleCost,0.8,0.61,0.8468438278431241,0.8967941346260793,0.9987107141522479,0.796664232162287,0.8863185997728196,0.003075962910128388,69,13642,53449,22363,30.75962910128388,0.61,0.9643357821687497,0.9891124662933966
PRIMARY__CICIoT2023_R1__Oort-Style-Adapted__b0.8__seed314,CICIoT2023_R1,314,Oort-Style-Adapted,0.8,0.61,0.850463009505937,0.8987933288879832,0.9982003042784519,0.8019108375191903,0.8893535775979634,0.004324179743223966,97,13290,53801,22335,43.24179743223966,0.61,0.9617080189816497,0.9882178159335588
PRIMARY__CICIoT2023_R1__Oracle-Score-Exact__b0.8__seed314,CICIoT2023_R1,314,Oracle-Score-Exact,0.8,0.61,0.8468438278431241,0.8967941346260793,0.9987107141522479,0.796664232162287,0.8863185997728196,0.003075962910128388,69,13642,53449,22363,30.75962910128388,0.61,0.9643357821687497,0.9891124662933966
PRIMARY__CICIoT2023_R1__Random-Budget__b1.0__seed314,CICIoT2023_R1,314,Random-Budget,1.0,0.61,0.8869005730370966,0.9131331153483044,0.9868555996171202,0.8605476144341268,0.9193837334288786,0.03428138373751783,769,9356,57735,21663,342.8138373751783,0.61,0.9580891487796792,0.9871382048626657
PRIMARY__CICIoT2023_R1__Cost-Only__b1.0__seed314,CICIoT2023_R1,314,Cost-Only,1.0,0.61,0.8869005730370966,0.9131331153483044,0.9868555996171202,0.8605476144341268,0.9193837334288786,0.03428138373751783,769,9356,57735,21663,342.8138373751783,0.61,0.9580891487796792,0.9871382048626657
PRIMARY__CICIoT2023_R1__Utility-Only__b1.0__seed314,CICIoT2023_R1,314,Utility-Only,1.0,0.61,0.84506774795304,0.8957278730571425,0.9988564572671204,0.794175075643529,0.884833186641646,0.0027193295292439372,61,13809,53282,22371,27.193295292439373,0.61,0.9576669961547106,0.9870729205620067
PRIMARY__CICIoT2023_R1__Utility-Cost-Ratio__b1.0__seed314,CICIoT2023_R1,314,Utility-Cost-Ratio,1.0,0.61,0.84506774795304,0.8957278730571425,0.9988564572671204,0.794175075643529,0.884833186641646,0.0027193295292439372,61,13809,53282,22371,27.193295292439373,0.61,0.9576669961547106,0.9870729205620067
PRIMARY__CICIoT2023_R1__CB-Score__b1.0__seed314,CICIoT2023_R1,314,CB-Score,1.0,0.61,0.8496028953453303,0.8984865478208733,0.9985311889932137,0.8004948502779806,0.8886131241933882,0.0035217546362339516,79,13385,53706,22353,35.21754636233951,0.61,0.9640850401867578,0.9890463396869139
PRIMARY__CICIoT2023_R1__Historical-DoubleCost__b1.0__seed314,CICIoT2023_R1,314,Historical-DoubleCost,1.0,0.61,0.8496028953453303,0.8984865478208733,0.9985311889932137,0.8004948502779806,0.8886131241933882,0.0035217546362339516,79,13385,53706,22353,35.21754636233951,0.61,0.9640850401867578,0.9890463396869139
PRIMARY__CICIoT2023_R1__Oort-Style-Adapted__b1.0__seed314,CICIoT2023_R1,314,Oort-Style-Adapted,1.0,0.61,0.84506774795304,0.8957278730571425,0.9988564572671204,0.794175075643529,0.884833186641646,0.0027193295292439372,61,13809,53282,22371,27.193295292439373,0.61,0.9576669961547106,0.9870729205620067
PRIMARY__CICIoT2023_R1__Oracle-Score-Exact__b1.0__seed314,CICIoT2023_R1,314,Oracle-Score-Exact,1.0,0.61,0.8496028953453303,0.8984865478208733,0.9985311889932137,0.8004948502779806,0.8886131241933882,0.0035217546362339516,79,13385,53706,22353,35.21754636233951,0.61,0.9640850401867578,0.9890463396869139
PRIMARY__CICIoT2023_R1__Full-Contextual__seed2718,CICIoT2023_R1,2718,Full-Contextual,,0.56,0.8811031801883314,0.90672810366936,0.983883964544722,0.8553606295926428,0.9151317992632636,0.04190442225392297,940,9704,57387,21492,419.0442225392297,0.56,0.9569609503936475,0.9868939394727971
PRIMARY__CICIoT2023_R1__Random-Budget__b0.1__seed2718,CICIoT2023_R1,2718,Random-Budget,0.1,0.56,0.8356288328139138,0.8900684480567209,0.9996565671983515,0.780939321220432,0.8768650159410224,0.0008024251069900142,18,14697,52394,22414,8.024251069900142,0.56,0.9426839150440824,0.9828374018690669
PRIMARY__CICIoT2023_R1__Cost-Only__b0.1__seed2718,CICIoT2023_R1,2718,Cost-Only,0.1,0.56,0.8359639422271372,0.8903662100989329,0.9997520598108026,0.7813119494418029,0.8771366180567757,0.0005795292439372326,13,14672,52419,22419,5.795292439372325,0.56,0.9584528413656704,0.9871449021263929
PRIMARY__CICIoT2023_R1__Utility-Only__b0.1__seed2718,CICIoT2023_R1,2718,Utility-Only,0.1,0.56,0.8623147124202719,0.905365167776468,0.9966085710658518,0.81906664083111,0.8991573263519594,0.008336305278174036,187,12139,54952,22245,83.36305278174036,0.56,0.9610185843461574,0.9879942249385476
PRIMARY__CICIoT2023_R1__Utility-Cost-Ratio__b0.1__seed2718,CICIoT2023_R1,2718,Utility-Cost-Ratio,0.1,0.56,0.8623147124202719,0.905365167776468,0.9966085710658518,0.81906664083111,0.8991573263519594,0.008336305278174036,187,12139,54952,22245,83.36305278174036,0.56,0.9610185843461574,0.9879942249385476
PRIMARY__CICIoT2023_R1__CB-Score__b0.1__seed2718,CICIoT2023_R1,2718,CB-Score,0.1,0.56,0.8422975101370598,0.8937906149478754,0.9987383960683149,0.7905680344606579,0.8825438027255029,0.0029868045649072755,67,14051,53040,22365,29.86804564907275,0.56,0.9589233246948792,0.9873818243968394
PRIMARY__CICIoT2023_R1__Historical-DoubleCost__b0.1__seed2718,CICIoT2023_R1,2718,Historical-DoubleCost,0.1,0.56,0.8422975101370598,0.8937906149478754,0.9987383960683149,0.7905680344606579,0.8825438027255029,0.0029868045649072755,67,14051,53040,22365,29.86804564907275,0.56,0.9589233246948792,0.9873818243968394
PRIMARY__CICIoT2023_R1__Oort-Style-Adapted__b0.1__seed2718,CICIoT2023_R1,2718,Oort-Style-Adapted,0.1,0.56,0.8576902025177887,0.9029623091098978,0.997419142276646,0.8122102815578841,0.8953369918832769,0.006285663338088445,141,12599,54492,22291,62.85663338088445,0.56,0.959867071446874,0.9877334214140033
PRIMARY__CICIoT2023_R1__Oracle-Score-Exact__b0.1__seed2718,CICIoT2023_R1,2718,Oracle-Score-Exact,0.1,0.56,0.8422975101370598,0.8937906149478754,0.9987383960683149,0.7905680344606579,0.8825438027255029,0.0029868045649072755,67,14051,53040,22365,29.86804564907275,0.56,0.9589233246948792,0.9873818243968394
PRIMARY__CICIoT2023_R1__Random-Budget__b0.2__seed2718,CICIoT2023_R1,2718,Random-Budget,0.2,0.56,0.8357181953241066,0.8903209498565525,0.9999045692254839,0.7808647955761577,0.8769134200945725,0.00022289586305278175,5,14702,52389,22427,2.2289586305278175,0.56,0.9531470444011881,0.9855138169320967
PRIMARY__CICIoT2023_R1__Cost-Only__b0.2__seed2718,CICIoT2023_R1,2718,Cost-Only,0.2,0.56,0.8408900506015214,0.8932967024863563,0.9993008446552408,0.7882428343593031,0.8813118688131187,0.0016494293865905848,37,14207,52884,22395,16.49429386590585,0.56,0.9587941164571312,0.987431149815341
PRIMARY__CICIoT2023_R1__Utility-Only__b0.2__seed2718,CICIoT2023_R1,2718,Utility-Only,0.2,0.56,0.8410687756219072,0.8934159435171949,0.9993010559721933,0.7884813164209804,0.8814609924350985,0.0016494293865905848,37,14191,52900,22395,16.49429386590585,0.56,0.9607697785956864,0.9879340875308149
PRIMARY__CICIoT2023_R1__Utility-Cost-Ratio__b0.2__seed2718,CICIoT2023_R1,2718,Utility-Cost-Ratio,0.2,0.56,0.8410687756219072,0.8934159435171949,0.9993010559721933,0.7884813164209804,0.8814609924350985,0.0016494293865905848,37,14191,52900,22395,16.49429386590585,0.56,0.9607697785956864,0.9879340875308149
PRIMARY__CICIoT2023_R1__CB-Score__b0.2__seed2718,CICIoT2023_R1,2718,CB-Score,0.2,0.56,0.8481619248684695,0.8969316861346219,0.9977854697037368,0.7991682938099,0.8875003103610948,0.005304921540656205,119,13474,53617,22313,53.049215406562055,0.56,0.9608876664571726,0.9880668022388206
PRIMARY__CICIoT2023_R1__Historical-DoubleCost__b0.2__seed2718,CICIoT2023_R1,2718,Historical-DoubleCost,0.2,0.56,0.8481619248684695,0.8969316861346219,0.9977854697037368,0.7991682938099,0.8875003103610948,0.005304921540656205,119,13474,53617,22313,53.049215406562055,0.56,0.9608876664571726,0.9880668022388206
PRIMARY__CICIoT2023_R1__Oort-Style-Adapted__b0.2__seed2718,CICIoT2023_R1,2718,Oort-Style-Adapted,0.2,0.56,0.8529763301051126,0.8980517213180617,0.9952248893459935,0.8076940275148679,0.891706434095771,0.011590584878744651,260,12902,54189,22172,115.9058487874465,0.56,0.9587286855860027,0.9871665186747788
PRIMARY__CICIoT2023_R1__Oracle-Score-Exact__b0.2__seed2718,CICIoT2023_R1,2718,Oracle-Score-Exact,0.2,0.56,0.8720887369726216,0.9079246768090717,0.9919714225083115,0.8360882979833361,0.907383592555747,0.020238944365192583,454,10997,56094,21978,202.38944365192583,0.56,0.9588229017878948,0.9874924584556584
PRIMARY__CICIoT2023_R1__Random-Budget__b0.4__seed2718,CICIoT2023_R1,2718,Random-Budget,0.4,0.56,0.8375389564692872,0.8914912067925883,0.9998478016855963,0.783339046966061,0.8784495294766577,0.0003566333808844508,8,14536,52555,22424,3.566333808844508,0.56,0.9608447132140516,0.987872033696322
PRIMARY__CICIoT2023_R1__Cost-Only__b0.4__seed2718,CICIoT2023_R1,2718,Cost-Only,0.4,0.56,0.8637668532109067,0.7724298787043578,0.8743572607373259,0.9555230954971605,0.9131400897371982,0.4106633380884451,9212,2984,64107,13220,4106.633380884451,0.56,0.9537773797888067,0.9860950509484546
PRIMARY__CICIoT2023_R1__Utility-Only__b0.4__seed2718,CICIoT2023_R1,2718,Utility-Only,0.4,0.56,0.8524736659852775,0.8990813619315907,0.9969015123570638,0.8056520248617549,0.8911310598379372,0.007489300998573466,168,13039,54052,22264,74.89300998573466,0.56,0.9595078240869902,0.9876524158145503
PRIMARY__CICIoT2023_R1__Utility-Cost-Ratio__b0.4__seed2718,CICIoT2023_R1,2718,Utility-Cost-Ratio,0.4,0.56,0.8524736659852775,0.8990813619315907,0.9969015123570638,0.8056520248617549,0.8911310598379372,0.007489300998573466,168,13039,54052,22264,74.89300998573466,0.56,0.9595078240869902,0.9876524158145503
PRIMARY__CICIoT2023_R1__CB-Score__b0.4__seed2718,CICIoT2023_R1,2718,CB-Score,0.4,0.56,0.8440177384582733,0.8948789617821864,0.9986671422403274,0.7929230448197224,0.8839813891658358,0.0031651212553495006,71,13893,53198,22361,31.651212553495007,0.56,0.9594448204820754,0.9876309746098388
PRIMARY__CICIoT2023_R1__Historical-DoubleCost__b0.4__seed2718,CICIoT2023_R1,2718,Historical-DoubleCost,0.4,0.56,0.8440177384582733,0.8948789617821864,0.9986671422403274,0.7929230448197224,0.8839813891658358,0.0031651212553495006,71,13893,53198,22361,31.651212553495007,0.56,0.9594448204820754,0.9876309746098388
PRIMARY__CICIoT2023_R1__Oort-Style-Adapted__b0.4__seed2718,CICIoT2023_R1,2718,Oort-Style-Adapted,0.4,0.56,0.8437273103001464,0.8947445431945851,0.9987414295106603,0.7924758909540773,0.8837325266359722,0.0029868045649072755,67,13923,53168,22365,29.86804564907275,0.56,0.9603070524850412,0.9879623418141551
PRIMARY__CICIoT2023_R1__Oracle-Score-Exact__b0.4__seed2718,CICIoT2023_R1,2718,Oracle-Score-Exact,0.4,0.56,0.8451235995219105,0.8954090473542109,0.9984081204584613,0.7946073243803192,0.8849253446429906,0.0037892296718972894,85,13780,53311,22347,37.892296718972894,0.56,0.9596402605954469,0.9877074106990373
PRIMARY__CICIoT2023_R1__Random-Budget__b0.6__seed2718,CICIoT2023_R1,2718,Random-Budget,0.6,0.56,0.8398177004792065,0.8928483226951254,0.9996400765310955,0.7865436496698514,0.8803803803803804,0.0008470042796005706,19,14321,52770,22413,8.470042796005707,0.56,0.960229811531875,0.9877618463216059
PRIMARY__CICIoT2023_R1__Cost-Only__b0.6__seed2718,CICIoT2023_R1,2718,Cost-Only,0.6,0.56,0.8874144074707059,0.8511307673812035,0.9257549959673806,0.9238646018094826,0.9248088328546383,0.2216030670470756,4971,5108,61983,17461,2216.030670470756,0.56,0.9551284786890997,0.9864299932716509
PRIMARY__CICIoT2023_R1__Utility-Only__b0.6__seed2718,CICIoT2023_R1,2718,Utility-Only,0.6,0.56,0.8460060543100656,0.8960274739877329,0.998447756727946,0.7957550193021419,0.885652195550837,0.003700071326676177,83,13703,53388,22349,37.00071326676177,0.56,0.9615861526760203,0.9883562346748342
PRIMARY__CICIoT2023_R1__Utility-Cost-Ratio__b0.6__seed2718,CICIoT2023_R1,2718,Utility-Cost-Ratio,0.6,0.56,0.8460060543100656,0.8960274739877329,0.998447756727946,0.7957550193021419,0.885652195550837,0.003700071326676177,83,13703,53388,22349,37.00071326676177,0.56,0.9615861526760203,0.9883562346748342
PRIMARY__CICIoT2023_R1__CB-Score__b0.6__seed2718,CICIoT2023_R1,2718,CB-Score,0.6,0.56,0.8435709259073088,0.8947737404895019,0.9989098359115087,0.792133072990416,0.8835852162202603,0.002585592011412268,58,13946,53145,22374,25.855920114122682,0.56,0.9603828562148785,0.9879414589220551
PRIMARY__CICIoT2023_R1__Historical-DoubleCost__b0.6__seed2718,CICIoT2023_R1,2718,Historical-DoubleCost,0.6,0.56,0.8445650838332048,0.895347996592275,0.9987993396368002,0.7935490602316257,0.8844221105527639,0.0028530670470756064,64,13851,53240,22368,28.530670470756064,0.56,0.9607638104311279,0.9880597277719397
PRIMARY__CICIoT2023_R1__Oort-Style-Adapted__b0.6__seed2718,CICIoT2023_R1,2718,Oort-Style-Adapted,0.6,0.56,0.8456039230141975,0.8957146706027121,0.9983907486761101,0.7952631500499322,0.8853250589055188,0.0038338088445078458,86,13736,53355,22346,38.33808844507846,0.56,0.9604125269363426,0.9880175131314833
PRIMARY__CICIoT2023_R1__Oracle-Score-Exact__b0.6__seed2718,CICIoT2023_R1,2718,Oracle-Score-Exact,0.6,0.56,0.8435709259073088,0.8947737404895019,0.9989098359115087,0.792133072990416,0.8835852162202603,0.002585592011412268,58,13946,53145,22374,25.855920114122682,0.56,0.9603828562148785,0.9879414589220551
PRIMARY__CICIoT2023_R1__Random-Budget__b0.8__seed2718,CICIoT2023_R1,2718,Random-Budget,0.8,0.56,0.8656993174938284,0.905531274713198,0.9941138468164525,0.8256845180426585,0.9021047917599642,0.014621968616262483,328,11695,55396,22104,146.2196861626248,0.56,0.9582857802668043,0.9873976733927285
PRIMARY__CICIoT2023_R1__Cost-Only__b0.8__seed2718,CICIoT2023_R1,2718,Cost-Only,0.8,0.56,0.8677546552282653,0.9067541763490646,0.9939565155199542,0.8285761130404973,0.9037628333834611,0.015067760342368045,338,11501,55590,22094,150.67760342368047,0.56,0.9594370622668243,0.9877650421374777
PRIMARY__CICIoT2023_R1__Utility-Only__b0.8__seed2718,CICIoT2023_R1,2718,Utility-Only,0.8,0.56,0.8515912111971226,0.8987448387137482,0.9972092335557322,0.8042211324916904,0.8903777290054291,0.0067314550641940085,151,13135,53956,22281,67.31455064194009,0.56,0.95862101509998,0.9874570470620883
PRIMARY__CICIoT2023_R1__Utility-Cost-Ratio__b0.8__seed2718,CICIoT2023_R1,2718,Utility-Cost-Ratio,0.8,0.56,0.8515912111971226,0.8987448387137482,0.9972092335557322,0.8042211324916904,0.8903777290054291,0.0067314550641940085,151,13135,53956,22281,67.31455064194009,0.56,0.95862101509998,0.9874570470620883
PRIMARY__CICIoT2023_R1__CB-Score__b0.8__seed2718,CICIoT2023_R1,2718,CB-Score,0.8,0.56,0.8431464539838924,0.8945053800631377,0.9989278257434682,0.7915517729650773,0.8832304954512947,0.0025410128388017117,57,13985,53106,22375,25.410128388017117,0.56,0.9606765590812624,0.9880795553860022
PRIMARY__CICIoT2023_R1__Historical-DoubleCost__b0.8__seed2718,CICIoT2023_R1,2718,Historical-DoubleCost,0.8,0.56,0.8431464539838924,0.8945053800631377,0.9989278257434682,0.7915517729650773,0.8832304954512947,0.0025410128388017117,57,13985,53106,22375,25.410128388017117,0.56,0.9606765590812624,0.9880795553860022
PRIMARY__CICIoT2023_R1__Oort-Style-Adapted__b0.8__seed2718,CICIoT2023_R1,2718,Oort-Style-Adapted,0.8,0.56,0.8515912111971226,0.8987448387137482,0.9972092335557322,0.8042211324916904,0.8903777290054291,0.0067314550641940085,151,13135,53956,22281,67.31455064194009,0.56,0.95862101509998,0.9874570470620883
PRIMARY__CICIoT2023_R1__Oracle-Score-Exact__b0.8__seed2718,CICIoT2023_R1,2718,Oracle-Score-Exact,0.8,0.56,0.8431464539838924,0.8945053800631377,0.9989278257434682,0.7915517729650773,0.8832304954512947,0.0025410128388017117,57,13985,53106,22375,25.410128388017117,0.56,0.9606765590812624,0.9880795553860022
PRIMARY__CICIoT2023_R1__Random-Budget__b1.0__seed2718,CICIoT2023_R1,2718,Random-Budget,1.0,0.56,0.8654535705907979,0.9049667187050926,0.9936329722361719,0.8257590436869326,0.9019512075996972,0.015825606276747502,355,11690,55401,22077,158.25606276747504,0.56,0.9579540969633065,0.9872681660933488
PRIMARY__CICIoT2023_R1__Cost-Only__b1.0__seed2718,CICIoT2023_R1,2718,Cost-Only,1.0,0.56,0.8654535705907979,0.9049667187050926,0.9936329722361719,0.8257590436869326,0.9019512075996972,0.015825606276747502,355,11690,55401,22077,158.25606276747504,0.56,0.9579540969633065,0.9872681660933488
PRIMARY__CICIoT2023_R1__Utility-Only__b1.0__seed2718,CICIoT2023_R1,2718,Utility-Only,1.0,0.56,0.8477039420037309,0.8967893382337542,0.9979878151025655,0.7983932271094484,0.8871021165247922,0.004814550641940085,108,13526,53565,22324,48.14550641940085,0.56,0.9603425946923794,0.9879355504250109
PRIMARY__CICIoT2023_R1__Utility-Cost-Ratio__b1.0__seed2718,CICIoT2023_R1,2718,Utility-Cost-Ratio,1.0,0.56,0.8477039420037309,0.8967893382337542,0.9979878151025655,0.7983932271094484,0.8871021165247922,0.004814550641940085,108,13526,53565,22324,48.14550641940085,0.56,0.9603425946923794,0.9879355504250109
PRIMARY__CICIoT2023_R1__CB-Score__b1.0__seed2718,CICIoT2023_R1,2718,CB-Score,1.0,0.56,0.8431464539838924,0.8945053800631377,0.9989278257434682,0.7915517729650773,0.8832304954512947,0.0025410128388017117,57,13985,53106,22375,25.410128388017117,0.56,0.9606765590812624,0.9880795553860022
PRIMARY__CICIoT2023_R1__Historical-DoubleCost__b1.0__seed2718,CICIoT2023_R1,2718,Historical-DoubleCost,1.0,0.56,0.8431464539838924,0.8945053800631377,0.9989278257434682,0.7915517729650773,0.8832304954512947,0.0025410128388017117,57,13985,53106,22375,25.410128388017117,0.56,0.9606765590812624,0.9880795553860022
PRIMARY__CICIoT2023_R1__Oort-Style-Adapted__b1.0__seed2718,CICIoT2023_R1,2718,Oort-Style-Adapted,1.0,0.56,0.8477039420037309,0.8967893382337542,0.9979878151025655,0.7983932271094484,0.8871021165247922,0.004814550641940085,108,13526,53565,22324,48.14550641940085,0.56,0.9603425946923794,0.9879355504250109
PRIMARY__CICIoT2023_R1__Oracle-Score-Exact__b1.0__seed2718,CICIoT2023_R1,2718,Oracle-Score-Exact,1.0,0.56,0.8431464539838924,0.8945053800631377,0.9989278257434682,0.7915517729650773,0.8832304954512947,0.0025410128388017117,57,13985,53106,22375,25.410128388017117,0.56,0.9606765590812624,0.9880795553860022
PRIMARY__CICIoT2023_R1__Full-Contextual__seed9001,CICIoT2023_R1,9001,Full-Contextual,,0.62,0.8886431419858584,0.9090434096542199,0.9810840857027355,0.8681492301500946,0.9211681256375585,0.05006241084165478,1123,8846,58245,21309,500.6241084165478,0.62,0.959202164625511,0.9873920872811944
PRIMARY__CICIoT2023_R1__Random-Budget__b0.1__seed9001,CICIoT2023_R1,9001,Random-Budget,0.1,0.62,0.7506450856204551,0.5051744139546792,0.7513813395624634,0.9972425511618548,0.8570275722932078,0.9868937232524965,22138,185,66906,294,9868.937232524964,0.62,0.9468571830154845,0.9822198275059667
PRIMARY__CICIoT2023_R1__Cost-Only__b0.1__seed9001,CICIoT2023_R1,9001,Cost-Only,0.1,0.62,0.7705282441383778,0.5447163443811736,0.766652918127449,0.9973766973215483,0.8669262111897806,0.9079440085592011,20367,176,66915,2065,9079.440085592012,0.62,0.9472216892306786,0.9824712735046445
PRIMARY__CICIoT2023_R1__Utility-Only__b0.1__seed9001,CICIoT2023_R1,9001,Utility-Only,0.1,0.62,0.8536688895591077,0.9017037400163013,0.999167914794475,0.8054135428000775,0.8918892153302743,0.0020060627674750356,45,13055,54036,22387,20.060627674750357,0.62,0.9648191443611911,0.9891770142547801
PRIMARY__CICIoT2023_R1__Utility-Cost-Ratio__b0.1__seed9001,CICIoT2023_R1,9001,Utility-Cost-Ratio,0.1,0.62,0.8536688895591077,0.9017037400163013,0.999167914794475,0.8054135428000775,0.8918892153302743,0.0020060627674750356,45,13055,54036,22387,20.060627674750357,0.62,0.9648191443611911,0.9891770142547801
PRIMARY__CICIoT2023_R1__CB-Score__b0.1__seed9001,CICIoT2023_R1,9001,CB-Score,0.1,0.62,0.8943288316968824,0.907213533656068,0.9752288282345181,0.8813849845731916,0.9259352050483065,0.06695791726105564,1502,7958,59133,20930,669.5791726105564,0.62,0.9544643858291687,0.9862318660199332
PRIMARY__CICIoT2023_R1__Historical-DoubleCost__b0.1__seed9001,CICIoT2023_R1,9001,Historical-DoubleCost,0.1,0.62,0.8943288316968824,0.907213533656068,0.9752288282345181,0.8813849845731916,0.9259352050483065,0.06695791726105564,1502,7958,59133,20930,669.5791726105564,0.62,0.9544643858291687,0.9862318660199332
PRIMARY__CICIoT2023_R1__Oort-Style-Adapted__b0.1__seed9001,CICIoT2023_R1,9001,Oort-Style-Adapted,0.1,0.62,0.8536688895591077,0.9017037400163013,0.999167914794475,0.8054135428000775,0.8918892153302743,0.0020060627674750356,45,13055,54036,22387,20.060627674750357,0.62,0.9648191443611911,0.9891770142547801
PRIMARY__CICIoT2023_R1__Oracle-Score-Exact__b0.1__seed9001,CICIoT2023_R1,9001,Oracle-Score-Exact,0.1,0.62,0.8943288316968824,0.907213533656068,0.9752288282345181,0.8813849845731916,0.9259352050483065,0.06695791726105564,1502,7958,59133,20930,669.5791726105564,0.62,0.9544643858291687,0.9862318660199332
PRIMARY__CICIoT2023_R1__Random-Budget__b0.2__seed9001,CICIoT2023_R1,9001,Random-Budget,0.2,0.62,0.87664622499246,0.8227295539878332,0.9070297748729121,0.9308103918558376,0.9187662294671953,0.28535128388017117,6401,4642,62449,16031,2853.512838801712,0.62,0.9555481841141051,0.986177501527522
PRIMARY__CICIoT2023_R1__Cost-Only__b0.2__seed9001,CICIoT2023_R1,9001,Cost-Only,0.2,0.62,0.7944997374976263,0.6029208748849239,0.7907521077646946,0.986958012252016,0.8780274350423327,0.7811162624821684,17522,875,66216,4910,7811.1626248216835,0.62,0.9492054195542874,0.9841062914830929
PRIMARY__CICIoT2023_R1__Utility-Only__b0.2__seed9001,CICIoT2023_R1,9001,Utility-Only,0.2,0.62,0.8340761591993119,0.8892550969294776,0.9999425760388951,0.7786439313767868,0.8755258350512009,0.00013373751783166905,3,14851,52240,22429,1.3373751783166905,0.62,0.9547900052861115,0.986137916353216
PRIMARY__CICIoT2023_R1__Utility-Cost-Ratio__b0.2__seed9001,CICIoT2023_R1,9001,Utility-Cost-Ratio,0.2,0.62,0.8340761591993119,0.8892550969294776,0.9999425760388951,0.7786439313767868,0.8755258350512009,0.00013373751783166905,3,14851,52240,22429,1.3373751783166905,0.62,0.9547900052861115,0.986137916353216
PRIMARY__CICIoT2023_R1__CB-Score__b0.2__seed9001,CICIoT2023_R1,9001,CB-Score,0.2,0.62,0.8420629335478034,0.8943759621887925,0.999679160532971,0.7895097703119643,0.8822505558933018,0.000757845934379458,17,14122,52969,22415,7.578459343794579,0.62,0.9641334512904535,0.9889650462069961
PRIMARY__CICIoT2023_R1__Historical-DoubleCost__b0.2__seed9001,CICIoT2023_R1,9001,Historical-DoubleCost,0.2,0.62,0.8324788043296136,0.8881893802163565,0.9999424184261037,0.7765124979505448,0.8741767415324982,0.00013373751783166905,3,14994,52097,22429,1.3373751783166905,0.62,0.9497812640446553,0.9846195554841148
PRIMARY__CICIoT2023_R1__Oort-Style-Adapted__b0.2__seed9001,CICIoT2023_R1,9001,Oort-Style-Adapted,0.2,0.62,0.8450007260703953,0.895787016823723,0.9989873037901094,0.793981308968416,0.8847642300729152,0.0024072753209700426,54,13822,53269,22378,24.072753209700426,0.62,0.9606780850097758,0.987794236201216
PRIMARY__CICIoT2023_R1__Oracle-Score-Exact__b0.2__seed9001,CICIoT2023_R1,9001,Oracle-Score-Exact,0.2,0.62,0.8492901265596551,0.898337224104417,0.9986046252023294,0.8000178861546258,0.8883482290632241,0.003343437945791726,75,13417,53674,22357,33.43437945791726,0.62,0.9588822043600117,0.9872508050009716
PRIMARY__CICIoT2023_R1__Random-Budget__b0.4__seed9001,CICIoT2023_R1,9001,Random-Budget,0.4,0.62,0.8672184801671079,0.7877893003649461,0.8840652307007291,0.9470122669210476,0.9144567822163372,0.3714336661911555,8332,3555,63536,14100,3714.336661911555,0.62,0.9542019307760528,0.9858676219265307
PRIMARY__CICIoT2023_R1__Cost-Only__b0.4__seed9001,CICIoT2023_R1,9001,Cost-Only,0.4,0.62,0.8336181763345732,0.6833232555827096,0.8265515515515516,0.9846030018929514,0.8986810510778105,0.6179564907275321,13862,1033,66058,8570,6179.564907275321,0.62,0.953497259779237,0.9852255557618581
PRIMARY__CICIoT2023_R1__Utility-Only__b0.4__seed9001,CICIoT2023_R1,9001,Utility-Only,0.4,0.62,0.8394490801246607,0.8926023880690206,0.999639851391311,0.7860517804176417,0.8800720919171944,0.0008470042796005706,19,14354,52737,22413,8.470042796005707,0.62,0.9597423904958349,0.9876726630453233
PRIMARY__CICIoT2023_R1__Utility-Cost-Ratio__b0.4__seed9001,CICIoT2023_R1,9001,Utility-Cost-Ratio,0.4,0.62,0.8394490801246607,0.8926023880690206,0.999639851391311,0.7860517804176417,0.8800720919171944,0.0008470042796005706,19,14354,52737,22413,8.470042796005707,0.62,0.9597423904958349,0.9876726630453233
PRIMARY__CICIoT2023_R1__CB-Score__b0.4__seed9001,CICIoT2023_R1,9001,CB-Score,0.4,0.62,0.8381756643544117,0.8917973067899283,0.9996960255338552,0.7843078803416256,0.8789997243729485,0.0007132667617689016,16,14471,52620,22416,7.132667617689016,0.62,0.960708137130311,0.9879143702929054
PRIMARY__CICIoT2023_R1__Historical-DoubleCost__b0.4__seed9001,CICIoT2023_R1,9001,Historical-DoubleCost,0.4,0.62,0.8381756643544117,0.8917973067899283,0.9996960255338552,0.7843078803416256,0.8789997243729485,0.0007132667617689016,16,14471,52620,22416,7.132667617689016,0.62,0.960708137130311,0.9879143702929054
PRIMARY__CICIoT2023_R1__Oort-Style-Adapted__b0.4__seed9001,CICIoT2023_R1,9001,Oort-Style-Adapted,0.4,0.62,0.8379299174513812,0.8917668835694259,0.9998669100311811,0.7838458213471255,0.8787754726912698,0.0003120542082738944,7,14502,52589,22425,3.1205420827389445,0.62,0.9592607226720893,0.9875359255662772
PRIMARY__CICIoT2023_R1__Oracle-Score-Exact__b0.4__seed9001,CICIoT2023_R1,9001,Oracle-Score-Exact,0.4,0.62,0.8381756643544117,0.8917973067899283,0.9996960255338552,0.7843078803416256,0.8789997243729485,0.0007132667617689016,16,14471,52620,22416,7.132667617689016,0.62,0.960708137130311,0.9879143702929054
PRIMARY__CICIoT2023_R1__Random-Budget__b0.6__seed9001,CICIoT2023_R1,9001,Random-Budget,0.6,0.62,0.869095092881159,0.8043531377667027,0.8956725547361802,0.9341342355904667,0.9144991719136456,0.3254279600570613,7300,4419,62672,15132,3254.279600570613,0.62,0.9514130321293129,0.9851179986555592
PRIMARY__CICIoT2023_R1__Cost-Only__b0.6__seed9001,CICIoT2023_R1,9001,Cost-Only,0.6,0.62,0.8867553589580331,0.860528011585006,0.9342982201955192,0.9131030987762889,0.923579074325343,0.19204707560627673,4308,5830,61261,18124,1920.4707560627676,0.62,0.9580305040212911,0.9869691438273989
PRIMARY__CICIoT2023_R1__Utility-Only__b0.6__seed9001,CICIoT2023_R1,9001,Utility-Only,0.6,0.62,0.8400187661271405,0.8929082837454296,0.9995456008482118,0.7868864676335127,0.8805584281282316,0.0010699001426533524,24,14298,52793,22408,10.699001426533524,0.62,0.9602525848438315,0.9878866070530108
PRIMARY__CICIoT2023_R1__Utility-Cost-Ratio__b0.6__seed9001,CICIoT2023_R1,9001,Utility-Cost-Ratio,0.6,0.62,0.8400187661271405,0.8929082837454296,0.9995456008482118,0.7868864676335127,0.8805584281282316,0.0010699001426533524,24,14298,52793,22408,10.699001426533524,0.62,0.9602525848438315,0.9878866070530108
PRIMARY__CICIoT2023_R1__CB-Score__b0.6__seed9001,CICIoT2023_R1,9001,CB-Score,0.6,0.62,0.8396501457725948,0.8927365342287141,0.9996399742297344,0.7863200727370289,0.8802402703040921,0.0008470042796005706,19,14336,52755,22413,8.470042796005707,0.62,0.9599933344731539,0.9878410030573308
PRIMARY__CICIoT2023_R1__Historical-DoubleCost__b0.6__seed9001,CICIoT2023_R1,9001,Historical-DoubleCost,0.6,0.62,0.8396501457725948,0.8927365342287141,0.9996399742297344,0.7863200727370289,0.8802402703040921,0.0008470042796005706,19,14336,52755,22413,8.470042796005707,0.62,0.9599933344731539,0.9878410030573308
PRIMARY__CICIoT2023_R1__Oort-Style-Adapted__b0.6__seed9001,CICIoT2023_R1,9001,Oort-Style-Adapted,0.6,0.62,0.8394043988695642,0.8925280667456773,0.9995830016300845,0.7860368752887869,0.8800407179033617,0.0009807417974322396,22,14355,52736,22410,9.807417974322396,0.62,0.9613830603284985,0.9882177539085961
PRIMARY__CICIoT2023_R1__Oracle-Score-Exact__b0.6__seed9001,CICIoT2023_R1,9001,Oracle-Score-Exact,0.6,0.62,0.8396501457725948,0.8927365342287141,0.9996399742297344,0.7863200727370289,0.8802402703040921,0.0008470042796005706,19,14336,52755,22413,8.470042796005707,0.62,0.9599933344731539,0.9878410030573308
PRIMARY__CICIoT2023_R1__Random-Budget__b0.8__seed9001,CICIoT2023_R1,9001,Random-Budget,0.8,0.62,0.8882410106899903,0.8986859424578889,0.9702926250576682,0.8777481331326109,0.9217031999561757,0.08037624821683309,1803,8202,58889,20629,803.762482168331,0.62,0.9599179652990527,0.9875643976663783
PRIMARY__CICIoT2023_R1__Cost-Only__b0.8__seed9001,CICIoT2023_R1,9001,Cost-Only,0.8,0.62,0.8897490030494957,0.8774216688169246,0.9482366949192373,0.9021329239391275,0.9246104491292392,0.14728958630527816,3304,6566,60525,19128,1472.8958630527818,0.62,0.9584844981530293,0.9871396792008207
PRIMARY__CICIoT2023_R1__Utility-Only__b0.8__seed9001,CICIoT2023_R1,9001,Utility-Only,0.8,0.62,0.8407671771500062,0.8934372796058225,0.9995839636913767,0.7878553010090772,0.8811796184077819,0.0009807417974322396,22,14233,52858,22410,9.807417974322396,0.62,0.9615618643991124,0.9882805461566846
PRIMARY__CICIoT2023_R1__Utility-Cost-Ratio__b0.8__seed9001,CICIoT2023_R1,9001,Utility-Cost-Ratio,0.8,0.62,0.8407671771500062,0.8934372796058225,0.9995839636913767,0.7878553010090772,0.8811796184077819,0.0009807417974322396,22,14233,52858,22410,9.807417974322396,0.62,0.9615618643991124,0.9882805461566846
PRIMARY__CICIoT2023_R1__CB-Score__b0.8__seed9001,CICIoT2023_R1,9001,CB-Score,0.8,0.62,0.8424650648436715,0.8945403953550345,0.9995474771853081,0.7901506908527224,0.8825992491280062,0.0010699001426533524,24,14079,53012,22408,10.699001426533524,0.62,0.9623898973972179,0.9884254394352122
PRIMARY__CICIoT2023_R1__Historical-DoubleCost__b0.8__seed9001,CICIoT2023_R1,9001,Historical-DoubleCost,0.8,0.62,0.8424650648436715,0.8945403953550345,0.9995474771853081,0.7901506908527224,0.8825992491280062,0.0010699001426533524,24,14079,53012,22408,10.699001426533524,0.62,0.9623898973972179,0.9884254394352122
PRIMARY__CICIoT2023_R1__Oort-Style-Adapted__b0.8__seed9001,CICIoT2023_R1,9001,Oort-Style-Adapted,0.8,0.62,0.8407671771500062,0.8934372796058225,0.9995839636913767,0.7878553010090772,0.8811796184077819,0.0009807417974322396,22,14233,52858,22410,9.807417974322396,0.62,0.9615618643991124,0.9882805461566846
PRIMARY__CICIoT2023_R1__Oracle-Score-Exact__b0.8__seed9001,CICIoT2023_R1,9001,Oracle-Score-Exact,0.8,0.62,0.8424650648436715,0.8945403953550345,0.9995474771853081,0.7901506908527224,0.8825992491280062,0.0010699001426533524,24,14079,53012,22408,10.699001426533524,0.62,0.9623898973972179,0.9884254394352122
PRIMARY__CICIoT2023_R1__Random-Budget__b1.0__seed9001,CICIoT2023_R1,9001,Random-Budget,1.0,0.62,0.8903745406208461,0.9097534464841341,0.980648842790729,0.8709066789882398,0.9225255379951687,0.05139978601997147,1153,8661,58430,21279,513.9978601997146,0.62,0.9596326874318359,0.9875181767049552
PRIMARY__CICIoT2023_R1__Cost-Only__b1.0__seed9001,CICIoT2023_R1,9001,Cost-Only,1.0,0.62,0.8903745406208461,0.9097534464841341,0.980648842790729,0.8709066789882398,0.9225255379951687,0.05139978601997147,1153,8661,58430,21279,513.9978601997146,0.62,0.9596326874318359,0.9875181767049552
PRIMARY__CICIoT2023_R1__Utility-Only__b1.0__seed9001,CICIoT2023_R1,9001,Utility-Only,1.0,0.62,0.8463635043508372,0.8965626964869674,0.9988216149486561,0.7959338808483999,0.8859100486089222,0.00280848787446505,63,13691,53400,22369,28.0848787446505,0.62,0.9593638020834052,0.9875467938173698
PRIMARY__CICIoT2023_R1__Utility-Cost-Ratio__b1.0__seed9001,CICIoT2023_R1,9001,Utility-Cost-Ratio,1.0,0.62,0.8463635043508372,0.8965626964869674,0.9988216149486561,0.7959338808483999,0.8859100486089222,0.00280848787446505,63,13691,53400,22369,28.0848787446505,0.62,0.9593638020834052,0.9875467938173698
PRIMARY__CICIoT2023_R1__CB-Score__b1.0__seed9001,CICIoT2023_R1,9001,CB-Score,1.0,0.62,0.8424650648436715,0.8945403953550345,0.9995474771853081,0.7901506908527224,0.8825992491280062,0.0010699001426533524,24,14079,53012,22408,10.699001426533524,0.62,0.9623898973972179,0.9884254394352122
PRIMARY__CICIoT2023_R1__Historical-DoubleCost__b1.0__seed9001,CICIoT2023_R1,9001,Historical-DoubleCost,1.0,0.62,0.8424650648436715,0.8945403953550345,0.9995474771853081,0.7901506908527224,0.8825992491280062,0.0010699001426533524,24,14079,53012,22408,10.699001426533524,0.62,0.9623898973972179,0.9884254394352122
PRIMARY__CICIoT2023_R1__Oort-Style-Adapted__b1.0__seed9001,CICIoT2023_R1,9001,Oort-Style-Adapted,1.0,0.62,0.8463635043508372,0.8965626964869674,0.9988216149486561,0.7959338808483999,0.8859100486089222,0.00280848787446505,63,13691,53400,22369,28.0848787446505,0.62,0.9593638020834052,0.9875467938173698
PRIMARY__CICIoT2023_R1__Oracle-Score-Exact__b1.0__seed9001,CICIoT2023_R1,9001,Oracle-Score-Exact,1.0,0.62,0.8424650648436715,0.8945403953550345,0.9995474771853081,0.7901506908527224,0.8825992491280062,0.0010699001426533524,24,14079,53012,22408,10.699001426533524,0.62,0.9623898973972179,0.9884254394352122
PRIMARY__CICIoT2023_R1__Full-Contextual__seed2027,CICIoT2023_R1,2027,Full-Contextual,,0.4,0.8842978899277281,0.9070494204265032,0.981956266884143,0.8614419221654172,0.9177597103566552,0.04734308131241084,1062,9296,57795,21370,473.4308131241084,0.4,0.9575760274928184,0.9871506124100893
PRIMARY__CICIoT2023_R1__Random-Budget__b0.1__seed2027,CICIoT2023_R1,2027,Random-Budget,0.1,0.4,0.8765903734235895,0.909325661910513,0.9901691535326325,0.8437048188281587,0.9110882196719728,0.025053495007132668,562,10486,56605,21870,250.53495007132668,0.4,0.9607005320727011,0.9880753600427544
PRIMARY__CICIoT2023_R1__Cost-Only__b0.1__seed2027,CICIoT2023_R1,2027,Cost-Only,0.1,0.4,0.7494275214190766,0.5,0.7494275214190766,1.0,0.856768871237565,1.0,22432,0,67091,0,10000.0,0.4,0.8921620027079706,0.9529427999637254
PRIMARY__CICIoT2023_R1__Utility-Only__b0.1__seed2027,CICIoT2023_R1,2027,Utility-Only,0.1,0.4,0.8990427041095584,0.897969602576427,0.9627433162752882,0.9001207315437242,0.9303794543129612,0.10418152639087018,2337,6701,60390,20095,1041.8152639087018,0.4,0.9594403533288436,0.9876374554793897
PRIMARY__CICIoT2023_R1__Utility-Cost-Ratio__b0.1__seed2027,CICIoT2023_R1,2027,Utility-Cost-Ratio,0.1,0.4,0.8539146364621383,0.9005917125522087,0.9975863657300783,0.8070232967164002,0.8922432971342881,0.005839871611982882,131,12947,54144,22301,58.39871611982882,0.4,0.9604652859230032,0.9879430029300938
PRIMARY__CICIoT2023_R1__CB-Score__b0.1__seed2027,CICIoT2023_R1,2027,CB-Score,0.1,0.4,0.8898383655596885,0.9142622665675557,0.9859882131150325,0.8653023505388204,0.9217115186155433,0.03677781740370899,825,9037,58054,21607,367.77817403708985,0.4,0.9631368276104478,0.9887542016817203
PRIMARY__CICIoT2023_R1__Historical-DoubleCost__b0.1__seed2027,CICIoT2023_R1,2027,Historical-DoubleCost,0.1,0.4,0.8898383655596885,0.9142622665675557,0.9859882131150325,0.8653023505388204,0.9217115186155433,0.03677781740370899,825,9037,58054,21607,367.77817403708985,0.4,0.9631368276104478,0.9887542016817203
PRIMARY__CICIoT2023_R1__Oort-Style-Adapted__b0.1__seed2027,CICIoT2023_R1,2027,Oort-Style-Adapted,0.1,0.4,0.8918601923528032,0.9011302473761286,0.9704812168098079,0.8825475846238691,0.9244279993442777,0.08028708987161198,1801,7880,59211,20631,802.8708987161199,0.4,0.9591981954837843,0.9875177522473397
PRIMARY__CICIoT2023_R1__Oracle-Score-Exact__b0.1__seed2027,CICIoT2023_R1,2027,Oracle-Score-Exact,0.1,0.4,0.8898383655596885,0.9142622665675557,0.9859882131150325,0.8653023505388204,0.9217115186155433,0.03677781740370899,825,9037,58054,21607,367.77817403708985,0.4,0.9631368276104478,0.9887542016817203
PRIMARY__CICIoT2023_R1__Random-Budget__b0.2__seed2027,CICIoT2023_R1,2027,Random-Budget,0.2,0.4,0.884878746243982,0.8496615905843472,0.9256938093167608,0.9202575606266116,0.9229676802104823,0.22093437945791727,4956,5350,61741,17476,2209.3437945791725,0.4,0.9504017624591939,0.9849556517956655
PRIMARY__CICIoT2023_R1__Cost-Only__b0.2__seed2027,CICIoT2023_R1,2027,Cost-Only,0.2,0.4,0.8002971303463914,0.6062397860132737,0.7917847529378284,0.9952452638953063,0.8819326121699621,0.7827656918687589,17559,319,66772,4873,7827.6569186875895,0.4,0.9577052603155238,0.9869826878424316
PRIMARY__CICIoT2023_R1__Utility-Only__b0.2__seed2027,CICIoT2023_R1,2027,Utility-Only,0.2,0.4,0.833204874724931,0.888658959882261,0.9999233231736538,0.7774962364549641,0.8747924667527546,0.0001783166904422254,4,14928,52163,22428,1.783166904422254,0.4,0.945383099193994,0.9832042966153516
PRIMARY__CICIoT2023_R1__Utility-Cost-Ratio__b0.2__seed2027,CICIoT2023_R1,2027,Utility-Cost-Ratio,0.2,0.4,0.833204874724931,0.888658959882261,0.9999233231736538,0.7774962364549641,0.8747924667527546,0.0001783166904422254,4,14928,52163,22428,1.783166904422254,0.4,0.945383099193994,0.9832042966153516
PRIMARY__CICIoT2023_R1__CB-Score__b0.2__seed2027,CICIoT2023_R1,2027,CB-Score,0.2,0.4,0.8929772237302146,0.8845606992874093,0.9532200611543675,0.90143238288295,0.9266031853037836,0.13231098430813124,2968,6613,60478,19464,1323.1098430813124,0.4,0.9593413134918355,0.98744458202405
PRIMARY__CICIoT2023_R1__Historical-DoubleCost__b0.2__seed2027,CICIoT2023_R1,2027,Historical-DoubleCost,0.2,0.4,0.8929772237302146,0.8845606992874093,0.9532200611543675,0.90143238288295,0.9266031853037836,0.13231098430813124,2968,6613,60478,19464,1323.1098430813124,0.4,0.9593413134918355,0.98744458202405
PRIMARY__CICIoT2023_R1__Oort-Style-Adapted__b0.2__seed2027,CICIoT2023_R1,2027,Oort-Style-Adapted,0.2,0.4,0.8930442456128592,0.8913562596283996,0.9598190016309041,0.8947399800271273,0.9261376347072119,0.1120274607703281,2513,7062,60029,19919,1120.274607703281,0.4,0.9595353266809821,0.9875045844976029
PRIMARY__CICIoT2023_R1__Oracle-Score-Exact__b0.2__seed2027,CICIoT2023_R1,2027,Oracle-Score-Exact,0.2,0.4,0.8774951688392927,0.9124367763264921,0.9930943595150237,0.8423931674889329,0.9115571648615737,0.017519614835948646,393,10574,56517,22039,175.19614835948644,0.4,0.9607978386702023,0.9881058141088842
PRIMARY__CICIoT2023_R1__Random-Budget__b0.4__seed2027,CICIoT2023_R1,2027,Random-Budget,0.4,0.4,0.8916479563910951,0.9042824675088922,0.9739219475135841,0.8789554485698529,0.9240050141021623,0.07039051355206848,1579,8121,58970,20853,703.9051355206848,0.4,0.9559300091029725,0.9866544442845013
PRIMARY__CICIoT2023_R1__Cost-Only__b0.4__seed2027,CICIoT2023_R1,2027,Cost-Only,0.4,0.4,0.8934352065949532,0.8656671481189844,0.9354975406734771,0.92133072990416,0.9283600919153537,0.18999643366619115,4262,5278,61813,18170,1899.9643366619116,0.4,0.9548705881323577,0.9863307007597965
PRIMARY__CICIoT2023_R1__Utility-Only__b0.4__seed2027,CICIoT2023_R1,2027,Utility-Only,0.4,0.4,0.89253041117925,0.9129573970220914,0.9826329403070309,0.872009658523498,0.9240221434268612,0.04609486447931527,1034,8587,58504,21398,460.94864479315265,0.4,0.9606833212735036,0.9880507731662718
PRIMARY__CICIoT2023_R1__Utility-Cost-Ratio__b0.4__seed2027,CICIoT2023_R1,2027,Utility-Cost-Ratio,0.4,0.4,0.89253041117925,0.9129573970220914,0.9826329403070309,0.872009658523498,0.9240221434268612,0.04609486447931527,1034,8587,58504,21398,460.94864479315265,0.4,0.9606833212735036,0.9880507731662718
PRIMARY__CICIoT2023_R1__CB-Score__b0.4__seed2027,CICIoT2023_R1,2027,CB-Score,0.4,0.4,0.889492085832691,0.9131558527795121,0.9850083098734864,0.8657196941467559,0.9215196300086469,0.03940798858773181,884,9009,58082,21548,394.07988587731813,0.4,0.9591179953655256,0.9876790424701811
PRIMARY__CICIoT2023_R1__Historical-DoubleCost__b0.4__seed2027,CICIoT2023_R1,2027,Historical-DoubleCost,0.4,0.4,0.889492085832691,0.9131558527795121,0.9850083098734864,0.8657196941467559,0.9215196300086469,0.03940798858773181,884,9009,58082,21548,394.07988587731813,0.4,0.9591179953655256,0.9876790424701811
PRIMARY__CICIoT2023_R1__Oort-Style-Adapted__b0.4__seed2027,CICIoT2023_R1,2027,Oort-Style-Adapted,0.4,0.4,0.8839516102007305,0.9101863948955271,0.9856951963270061,0.8575963989208687,0.9171947107912293,0.03722360912981455,835,9554,57537,21597,372.2360912981455,0.4,0.9601226543398982,0.9877822033781524
PRIMARY__CICIoT2023_R1__Oracle-Score-Exact__b0.4__seed2027,CICIoT2023_R1,2027,Oracle-Score-Exact,0.4,0.4,0.8947979848753952,0.9028380424486162,0.9703469311194115,0.886721020703224,0.9266510903426791,0.08104493580599144,1818,7600,59491,20614,810.4493580599144,0.4,0.9574951788632471,0.9871482788988502
PRIMARY__CICIoT2023_R1__Random-Budget__b0.6__seed2027,CICIoT2023_R1,2027,Random-Budget,0.6,0.4,0.8958815053114842,0.877521967802434,0.9449596401503482,0.9143253193423857,0.929390108100328,0.15928138373751782,3573,5748,61343,18859,1592.8138373751783,0.4,0.954690425908954,0.9862859874956222
PRIMARY__CICIoT2023_R1__Cost-Only__b0.6__seed2027,CICIoT2023_R1,2027,Cost-Only,0.6,0.4,0.8989756822269137,0.8839929236465531,0.9492871406678122,0.914027216765289,0.9313235629129015,0.1460413694721826,3276,5768,61323,19156,1460.413694721826,0.4,0.9587368112467,0.9874326722508595
PRIMARY__CICIoT2023_R1__Utility-Only__b0.6__seed2027,CICIoT2023_R1,2027,Utility-Only,0.6,0.4,0.8864761011136802,0.912701547681284,0.986680573128612,0.8601302708261913,0.9190695748425269,0.034727175463623396,779,9384,57707,21653,347.27175463623394,0.4,0.9611340439447426,0.9881986093922428
PRIMARY__CICIoT2023_R1__Utility-Cost-Ratio__b0.6__seed2027,CICIoT2023_R1,2027,Utility-Cost-Ratio,0.6,0.4,0.8864761011136802,0.912701547681284,0.986680573128612,0.8601302708261913,0.9190695748425269,0.034727175463623396,779,9384,57707,21653,347.27175463623394,0.4,0.9611340439447426,0.9881986093922428
PRIMARY__CICIoT2023_R1__CB-Score__b0.6__seed2027,CICIoT2023_R1,2027,CB-Score,0.6,0.4,0.8777632563698714,0.909381167103377,0.9893498344082273,0.8460002086718039,0.9120768754871004,0.027237874465049928,611,10332,56759,21821,272.3787446504993,0.4,0.9590771341693997,0.9876597739246038
PRIMARY__CICIoT2023_R1__Historical-DoubleCost__b0.6__seed2027,CICIoT2023_R1,2027,Historical-DoubleCost,0.6,0.4,0.8777632563698714,0.909381167103377,0.9893498344082273,0.8460002086718039,0.9120768754871004,0.027237874465049928,611,10332,56759,21821,272.3787446504993,0.4,0.9590771341693997,0.9876597739246038
PRIMARY__CICIoT2023_R1__Oort-Style-Adapted__b0.6__seed2027,CICIoT2023_R1,2027,Oort-Style-Adapted,0.6,0.4,0.8897378327357216,0.9138539419845182,0.9856066263833254,0.8655110223427882,0.9216630822097185,0.037803138373751786,848,9023,58068,21584,378.03138373751784,0.4,0.9597024668503875,0.987860153074573
PRIMARY__CICIoT2023_R1__Oracle-Score-Exact__b0.6__seed2027,CICIoT2023_R1,2027,Oracle-Score-Exact,0.6,0.4,0.8777074048010008,0.9093884153468734,0.9894000941439007,0.8458809676409652,0.9120289272800322,0.02710413694721826,608,10340,56751,21824,271.0413694721826,0.4,0.9595413137826025,0.987764593686431
PRIMARY__CICIoT2023_R1__Random-Budget__b0.8__seed2027,CICIoT2023_R1,2027,Random-Budget,0.8,0.4,0.8941836176178188,0.8910036445591569,0.9587858712615855,0.8973781878344338,0.9270662509142703,0.11537089871611983,2588,6885,60206,19844,1153.7089871611984,0.4,0.9557548655331993,0.9866052607982282
PRIMARY__CICIoT2023_R1__Cost-Only__b0.8__seed2027,CICIoT2023_R1,2027,Cost-Only,0.8,0.4,0.8985288696759492,0.8903269698488592,0.9555642817874813,0.9067684190129823,0.9305270886230842,0.1261144793152639,2829,6255,60836,19603,1261.144793152639,0.4,0.9574828784109755,0.9870698180388899
PRIMARY__CICIoT2023_R1__Utility-Only__b0.8__seed2027,CICIoT2023_R1,2027,Utility-Only,0.8,0.4,0.884577147772081,0.9111378712910654,0.986308177393927,0.8578945014979654,0.9176305531419643,0.03561875891583452,799,9534,57557,21633,356.18758915834525,0.4,0.959960367706233,0.9878619371714289
PRIMARY__CICIoT2023_R1__Utility-Cost-Ratio__b0.8__seed2027,CICIoT2023_R1,2027,Utility-Cost-Ratio,0.8,0.4,0.884577147772081,0.9111378712910654,0.986308177393927,0.8578945014979654,0.9176305531419643,0.03561875891583452,799,9534,57557,21633,356.18758915834525,0.4,0.959960367706233,0.9878619371714289
PRIMARY__CICIoT2023_R1__CB-Score__b0.8__seed2027,CICIoT2023_R1,2027,CB-Score,0.8,0.4,0.8781095360968689,0.9095231744693599,0.9892533050006096,0.846551698439433,0.9123562295187303,0.027505349500713268,617,10295,56796,21815,275.05349500713265,0.4,0.9592046254468696,0.9876897768182534
PRIMARY__CICIoT2023_R1__Historical-DoubleCost__b0.8__seed2027,CICIoT2023_R1,2027,Historical-DoubleCost,0.8,0.4,0.8790590127676686,0.9096373466799654,0.988674263479711,0.8483403139020137,0.9131470651938488,0.02906562054208274,652,10175,56916,21780,290.6562054208274,0.4,0.9591384095182451,0.9876576715331322
PRIMARY__CICIoT2023_R1__Oort-Style-Adapted__b0.8__seed2027,CICIoT2023_R1,2027,Oort-Style-Adapted,0.8,0.4,0.8763893077756554,0.9090579825539188,0.9900117200482796,0.8435706726684652,0.9109433597836759,0.025454707560627676,571,10495,56596,21861,254.54707560627674,0.4,0.9593914854100581,0.9877210381090176
PRIMARY__CICIoT2023_R1__Oracle-Score-Exact__b0.8__seed2027,CICIoT2023_R1,2027,Oracle-Score-Exact,0.8,0.4,0.876154731186399,0.9091685450947444,0.9903169322360357,0.8429893726431265,0.9107334079435754,0.02465228245363766,553,10534,56557,21879,246.52282453637662,0.4,0.9586194316958224,0.9875210218793968
PRIMARY__CICIoT2023_R1__Random-Budget__b1.0__seed2027,CICIoT2023_R1,2027,Random-Budget,1.0,0.4,0.8842978899277281,0.9070494204265032,0.981956266884143,0.8614419221654172,0.9177597103566552,0.04734308131241084,1062,9296,57795,21370,473.4308131241084,0.4,0.9575760274928184,0.9871506124100893
PRIMARY__CICIoT2023_R1__Cost-Only__b1.0__seed2027,CICIoT2023_R1,2027,Cost-Only,1.0,0.4,0.8842978899277281,0.9070494204265032,0.981956266884143,0.8614419221654172,0.9177597103566552,0.04734308131241084,1062,9296,57795,21370,473.4308131241084,0.4,0.9575760274928184,0.9871506124100893
PRIMARY__CICIoT2023_R1__Utility-Only__b1.0__seed2027,CICIoT2023_R1,2027,Utility-Only,1.0,0.4,0.8783329423723513,0.9101618474798776,0.9898199313193996,0.8463579317643201,0.9124845329348054,0.026034236804564907,584,10308,56783,21848,260.3423680456491,0.4,0.95883818067455,0.9876085735476838
PRIMARY__CICIoT2023_R1__Utility-Cost-Ratio__b1.0__seed2027,CICIoT2023_R1,2027,Utility-Cost-Ratio,1.0,0.4,0.8783329423723513,0.9101618474798776,0.9898199313193996,0.8463579317643201,0.9124845329348054,0.026034236804564907,584,10308,56783,21848,260.3423680456491,0.4,0.95883818067455,0.9876085735476838
PRIMARY__CICIoT2023_R1__CB-Score__b1.0__seed2027,CICIoT2023_R1,2027,CB-Score,1.0,0.4,0.8783776236274476,0.9093459474905493,0.9888492650256588,0.8472671446244653,0.9125995376316466,0.028575249643366617,641,10247,56844,21791,285.7524964336662,0.4,0.9579581169360941,0.987274229739366
PRIMARY__CICIoT2023_R1__Historical-DoubleCost__b1.0__seed2027,CICIoT2023_R1,2027,Historical-DoubleCost,1.0,0.4,0.8783776236274476,0.9093459474905493,0.9888492650256588,0.8472671446244653,0.9125995376316466,0.028575249643366617,641,10247,56844,21791,285.7524964336662,0.4,0.9579581169360941,0.987274229739366
PRIMARY__CICIoT2023_R1__Oort-Style-Adapted__b1.0__seed2027,CICIoT2023_R1,2027,Oort-Style-Adapted,1.0,0.4,0.8783329423723513,0.9101618474798776,0.9898199313193996,0.8463579317643201,0.9124845329348054,0.026034236804564907,584,10308,56783,21848,260.3423680456491,0.4,0.95883818067455,0.9876085735476838
PRIMARY__CICIoT2023_R1__Oracle-Score-Exact__b1.0__seed2027,CICIoT2023_R1,2027,Oracle-Score-Exact,1.0,0.4,0.8783776236274476,0.9093459474905493,0.9888492650256588,0.8472671446244653,0.9125995376316466,0.028575249643366617,641,10247,56844,21791,285.7524964336662,0.4,0.9579581169360941,0.987274229739366
