dataset_protocol,method,beta,n_seeds,metric_accuracy_mean,metric_accuracy_sd,metric_balanced_accuracy_mean,metric_balanced_accuracy_sd,metric_f1_mean,metric_f1_sd,metric_fpr_mean,metric_fpr_sd,metric_pr_auc_mean,metric_pr_auc_sd,metric_precision_mean,metric_precision_sd,metric_recall_mean,metric_recall_sd,metric_roc_auc_mean,metric_roc_auc_sd,metric_false_positives_per_10000_benign_mean,metric_false_positives_per_10000_benign_sd,comm_E2E_broadcast_mean,comm_E2E_broadcast_sd,comm_E2E_unicast_mean,comm_E2E_unicast_sd,comm_downlink_broadcast_mean,comm_downlink_broadcast_sd,comm_downlink_unicast_mean,comm_downlink_unicast_sd,comm_empty_rounds_mean,comm_empty_rounds_sd,comm_full_candidate_airtime_us_mean,comm_full_candidate_airtime_us_sd,comm_metadata_wire_mean,comm_metadata_wire_sd,comm_selected_airtime_us_mean,comm_selected_airtime_us_sd,comm_selected_uplink_mean,comm_selected_uplink_sd,comm_wall_clock_seconds_mean,comm_wall_clock_seconds_sd,comm_sum_client_CPU_seconds_mean,comm_sum_client_CPU_seconds_sd,comm_max_client_seconds_mean,comm_max_client_seconds_sd,comm_server_selection_seconds_mean,comm_server_selection_seconds_sd,comm_aggregation_seconds_mean,comm_aggregation_seconds_sd,mean_selected_count_mean,mean_selected_count_sd,mean_static_eligible_count_mean,mean_static_eligible_count_sd,mean_budget_utilization_mean,mean_budget_utilization_sd,empty_round_rate_mean,empty_round_rate_sd,mean_airtime_reduction_mean,mean_airtime_reduction_sd,mean_actual_aggregate_validation_gain_mean,mean_actual_aggregate_validation_gain_sd,test_attack_prevalence
CICIDS2017_COVERAGE_R1,Full-Contextual,Full,10,0.7646411657178124,0.0015219201929177958,0.5004568675853652,0.001490400019899503,0.004252422535036786,0.004423489927978709,0.0012291537775286352,0.0018202591321881349,0.17374355098046187,0.007601204948891591,0.4661070998572942,0.22237075072441023,0.002142888948258972,0.0022395198099783623,0.34913084146500706,0.03102190584256352,12.291537775286352,18.20259132188135,20577630.5,97524.38103395251,39009861.8,97609.73570272361,2048025.7,870.3991485392078,20480257.0,8703.991485392076,0.0,0.0,48289089.1,240074.5019379748,0.0,0.0,48289089.1,240074.5019379748,18529604.8,97553.72991194818,152.65832860999961,6.465316482147053,111.43453696000324,5.444019889195778,14.715395819999959,1.4020863392305944,0.0006198600000971056,3.982618337077887e-05,0.15109865999957037,0.00663789115839102,10.0,0.0,10.0,0.0,1.0,0.0,0.0,0.0,0.0,0.0,0.0019776286585407284,0.0018836884664684677,0.23492184700999763
CICIDS2017_COVERAGE_R1,CB-Score,0.1,10,0.7508610296790459,0.04544035957868232,0.5004978800519531,0.04674278884351687,0.0406693605016023,0.116864930786182,0.027258091530255435,0.05725373005449542,0.2056291145901743,0.08933361750618089,0.25690782303930315,0.2693549110517266,0.028253851634161543,0.08190746146258844,0.34240393237088673,0.13478317724393912,272.5809153025544,572.5373005449542,3819503.0,120261.87687708852,22242386.9,121795.09986079078,2046987.1,992.7061162969297,20469871.0,9927.061162969298,1.0,1.9436506316151,47437347.9,507453.1870020568,25500.0,0.0,4308927.4,1831734.51474547,1747015.9,120131.33361214856,60.310050790001334,2.8096565880497564,42.34861617000515,2.274027679019298,5.689716490003593,0.407130668337282,0.01407781999969302,0.0009556345460884248,0.008478539999487111,0.0007470992664862024,0.9666666666666667,0.06478835438717,3.62,0.8818051071033668,0.9589702825725108,0.06538350765623441,0.03333333333333333,0.06478835438717001,0.909034742107229,0.038683727324662735,0.0023608755397871175,0.002170782624506849,0.23492184700999763
CICIDS2017_COVERAGE_R1,Cost-Only,0.1,10,0.7507522405077526,0.02959083531805763,0.4914845876570652,0.018106505633967526,0.0040402187760298,0.0051736732682687485,0.019475387870480827,0.039775643859080057,0.19587086588393363,0.025920431573260454,0.2777890641134278,0.26746537389620045,0.0024445631846112745,0.003801435888942442,0.3482412702865767,0.061167364619803835,194.75387870480827,397.75643859080054,3843198.5,72184.63583562795,22269894.8,76445.85059126638,2047410.7,1173.33920926559,20474107.0,11733.3920926559,0.1,0.31622776601683794,47139665.8,1067352.0042382977,25500.0,0.0,6135387.9,4911713.826210233,1770287.8,71791.48330454432,124.17971842999978,28.508326326771662,86.98888134999652,19.245101819369967,11.16712600000028,2.3926918428471957,0.0033584500017241224,0.0007733162429009747,0.01876070999805961,0.004796175961622208,0.9966666666666667,0.010540925533894595,3.486666666666667,1.118000861326111,0.9766452358520341,0.02418329227173676,0.003333333333333333,0.010540925533894598,0.869350047078661,0.10469769731935026,0.0025297566394111275,0.002083246233324455,0.23492184700999763
CICIDS2017_COVERAGE_R1,Historical-DoubleCost,0.1,10,0.7508610296790459,0.04544035957868232,0.5004978800519531,0.04674278884351687,0.0406693605016023,0.116864930786182,0.027258091530255435,0.05725373005449542,0.2056291145901743,0.08933361750618089,0.25690782303930315,0.2693549110517266,0.028253851634161543,0.08190746146258844,0.34240393237088673,0.13478317724393912,272.5809153025544,572.5373005449542,3819503.0,120261.87687708852,22242386.9,121795.09986079078,2046987.1,992.7061162969297,20469871.0,9927.061162969298,1.0,1.9436506316151,47437347.9,507453.1870020568,25500.0,0.0,4308927.4,1831734.51474547,1747015.9,120131.33361214856,62.9010578799991,1.8732063210337904,44.12067810999288,2.000753861330516,5.863701019998189,0.40135419689874857,0.01431042000040179,0.0010684206262439565,0.009155160001864716,0.0008382932763825339,0.9666666666666667,0.06478835438717,3.62,0.8818051071033668,0.9589702825725108,0.06538350765623441,0.03333333333333333,0.06478835438717001,0.909034742107229,0.038683727324662735,0.0023608755397871175,0.002170782624506849,0.23492184700999763
CICIDS2017_COVERAGE_R1,Oort-Style-Adapted,0.1,10,0.7594789103300026,0.009115391528533022,0.4970681472491322,0.0059321886798735625,0.004064541419729361,0.0036393313927740585,0.00796318007649739,0.011982687822081558,0.17998888381670267,0.012229124474800306,0.21514577505300922,0.1561172395357192,0.0020994745747617777,0.0018989959930983736,0.35342436533618216,0.0559701906415348,79.6318007649739,119.82687822081557,3604696.8,406051.03086566186,22014981.6,438327.49162272114,2045587.2,3905.9129193228737,20455872.0,39059.129193228735,4.7,6.65081448646204,47618933.6,312617.5015279855,25500.0,0.0,3022829.9,1991567.3605330412,1533609.6,402494.50800592714,67.01942101000077,10.377902634837994,46.52329638999909,8.244433410427678,6.153621339999336,1.2195625787030429,0.004369349999251426,0.0006430531632527098,0.008535399998436333,0.002452408992226928,0.8433333333333334,0.22169381621540135,3.59,1.2140179183903503,0.839106092101958,0.2203432454719506,0.15666666666666665,0.22169381621540132,0.9364625109469799,0.04167940289449092,0.0022354608999749347,0.0018467827681915134,0.23492184700999763
CICIDS2017_COVERAGE_R1,Oracle-Score-Exact,0.1,10,0.7508610296790459,0.04544035957868232,0.5004978800519531,0.04674278884351687,0.0406693605016023,0.116864930786182,0.027258091530255435,0.05725373005449542,0.2056291145901743,0.08933361750618089,0.25690782303930315,0.2693549110517266,0.028253851634161543,0.08190746146258844,0.34240393237088673,0.13478317724393912,272.5809153025544,572.5373005449542,3819503.0,120261.87687708852,22242386.9,121795.09986079078,2046987.1,992.7061162969297,20469871.0,9927.061162969298,1.0,1.9436506316151,47437347.9,507453.1870020568,25500.0,0.0,4308927.4,1831734.51474547,1747015.9,120131.33361214856,79.57401325999926,6.369179230232918,55.46114883000064,5.0121374013837166,7.727025109997703,1.1762577756506978,0.01914358000158245,0.003747403352820137,0.012091500000497035,0.003967556986579755,0.9666666666666667,0.06478835438717,3.62,0.8818051071033668,0.9589702825725108,0.06538350765623441,0.03333333333333333,0.06478835438717001,0.909034742107229,0.038683727324662735,0.0023608755397871175,0.002170782624506849,0.23492184700999763
CICIDS2017_COVERAGE_R1,Random-Budget,0.1,10,0.7629965140392948,0.0056192481539042455,0.5059372090816207,0.021160532337727005,0.03449240499537697,0.0800979887931261,0.009188232117282326,0.009823266547629496,0.20174639684533274,0.04317929317041259,0.20715068459225544,0.18733009964696537,0.021062650280523645,0.05143406477767177,0.3815201141112581,0.11008725581301365,91.88232117282325,98.23266547629497,3884139.4,28981.3250068998,22316926.0,38185.77412539329,2048087.4,1365.2330041262392,20480874.0,13652.33004126239,0.0,0.0,47540890.8,642642.5132933204,23100.0,0.0,4500544.4,1984327.8409980095,1812952.0,28104.49973857488,99.47491651999954,30.202172642687017,70.27298995999827,21.5982668659324,9.598942240000088,2.9530734387669333,0.006843340000068565,0.0019319937686575097,0.017485789998863764,0.005374082091812761,1.0,0.0,3.77,0.9066898145193242,0.9931070025268296,0.00426090917522008,0.0,0.0,0.9054415903528569,0.04132578410634821,0.00219544791812194,0.001784527660439869,0.23492184700999763
CICIDS2017_COVERAGE_R1,Utility-Cost-Ratio,0.1,10,0.7618516126164058,0.00426613550339065,0.49913675474849534,0.0033339550760604357,0.006874561191853499,0.012224393895825254,0.005320977990764256,0.00618221030171926,0.18370489913461613,0.02030826606492391,0.19909791941668586,0.13261738753018093,0.00359448748775492,0.006519444127564901,0.3416255096516651,0.06711978454146011,53.20977990764256,61.82210301719261,3571008.7,480188.53720898,21979492.6,511405.88659654674,2045387.1,3864.285572895576,20453871.0,38642.85572895576,5.2,7.871185143010902,47552283.9,423964.14167774195,25500.0,0.0,3722898.1,2428309.5694080163,1500121.6,476750.37436242367,59.34261359000102,5.346353718255585,41.21512035000342,4.625929671253801,5.421284649998052,0.6283104685358212,0.001571400000830181,0.00015421656682547953,0.00750919999954931,0.0022070902880947474,0.8266666666666667,0.2623728381003634,3.3833333333333333,1.2718461355811057,0.8215926960010184,0.26107353588508125,0.17333333333333334,0.2623728381003634,0.9215210664181133,0.05135266128997717,0.0022248249725831198,0.0018473093428876875,0.23492184700999763
CICIDS2017_COVERAGE_R1,Utility-Only,0.1,10,0.7618516126164058,0.00426613550339065,0.49913675474849534,0.0033339550760604357,0.006874561191853499,0.012224393895825254,0.005320977990764256,0.00618221030171926,0.18370489913461613,0.02030826606492391,0.19909791941668586,0.13261738753018093,0.00359448748775492,0.006519444127564901,0.3416255096516651,0.06711978454146011,53.20977990764256,61.82210301719261,3571008.7,480188.53720898,21979492.6,511405.88659654674,2045387.1,3864.285572895576,20453871.0,38642.85572895576,5.2,7.871185143010902,47552283.9,423964.14167774195,25500.0,0.0,3722898.1,2428309.5694080163,1500121.6,476750.37436242367,74.83767381000052,29.11835461455464,51.759727610000844,18.999667764053928,6.719300770000155,2.217324228992943,0.0017591699981494458,0.0007325725751570251,0.00889200000128767,0.0040004532597575915,0.8266666666666667,0.2623728381003634,3.3833333333333333,1.2718461355811057,0.8215926960010184,0.26107353588508125,0.17333333333333334,0.2623728381003634,0.9215210664181133,0.05135266128997717,0.0022248249725831198,0.0018473093428876875,0.23492184700999763
CICIDS2017_COVERAGE_R1,CB-Score,0.2,10,0.7591862779197209,0.011770558865251912,0.4970790047226624,0.007681248382649525,0.005148504501016419,0.006492807130288894,0.008524776198988922,0.015514240583613755,0.18129001156618088,0.013369098987987315,0.1829957944083192,0.09438478456520281,0.00268278564431383,0.0034697110872223816,0.3649420310475299,0.06534044673464019,85.24776198988921,155.14240583613756,5527114.6,175197.9636380895,23950380.1,172585.07337378088,2047029.5,1180.1986885454687,20470295.0,11801.986885454688,0.0,0.0,47792006.9,464896.5781950146,25500.0,0.0,7975541.7,3047469.3913183496,3454585.1,175525.56486256418,140.41807091999982,6.742839107160879,99.9171143399828,6.715155679922453,12.959038469996084,1.130226760637106,0.03471291000132624,0.0005104734007228054,0.022490980003931328,0.0005865190101653436,1.89,0.10067672257843813,9.4,0.699205898780101,0.9415765009566761,0.0493749734401656,0.0,0.0,0.8329554004450919,0.06395117044723071,0.0022127416840319065,0.0018616946125427538,0.23492184700999763
CICIDS2017_COVERAGE_R1,Cost-Only,0.2,10,0.7637773901582412,0.001925318936884841,0.49960734201742063,0.001254885343680758,0.002618630183497002,0.0005653027466088564,0.0021055581950991083,0.002524456564888023,0.19211217028330652,0.02567256860381667,0.26646644363901906,0.15722654339834155,0.001320242229940333,0.000286041217229445,0.33959663310011795,0.0539492264344337,21.055581950991083,25.244565648880233,5653959.5,100832.76620033347,24081867.2,103433.37581995045,2047545.3,718.4186414928586,20475453.0,7184.186414928586,0.0,0.0,47276796.8,890736.1661745238,25500.0,0.0,8605191.9,4511300.365743499,3580914.2,100565.32174749792,59.09021702000355,2.286897702011948,41.06810029999433,2.2805455613836694,5.4910098899996225,0.38463527340837994,0.0017630399979680078,9.056190561077732e-05,0.011397250000663916,0.0005165743718642189,1.9933333333333334,0.014054567378526174,9.4,0.699205898780101,0.9862478853282687,0.012323991690467677,0.0,0.0,0.8175174484337135,0.09719124928461953,0.002083067851453571,0.0019712570014627363,0.23492184700999763
CICIDS2017_COVERAGE_R1,Historical-DoubleCost,0.2,10,0.7559210337063372,0.0206927861665939,0.5044700476351361,0.039619435892636716,0.04421740269792091,0.1195411916045497,0.021234007499342015,0.021296947194270187,0.20537326080268004,0.07363811402246778,0.22793846023529413,0.20735158758060915,0.030174102769614394,0.08426229979365364,0.40296593733453917,0.10647587273130082,212.34007499342013,212.96947194270186,5502385.1,198904.71392964353,23926311.2,199456.34529824648,2047102.9,1246.493165288567,20471029.0,12464.93165288567,0.0,0.0,47785450.3,426678.7207172394,25500.0,0.0,7694013.0,3312333.8872523103,3429782.2,198882.39283657062,139.65835621000187,6.884322875479108,99.57225216000298,6.8224798640658815,12.741775749998487,1.026500414960103,0.03499946000083583,0.00032629073607772353,0.022430360004000248,0.0006185257807774828,1.8766666666666667,0.11552349982728911,9.4,0.699205898780101,0.9349726389145427,0.05645720172919971,0.0,0.0,0.8388345067563574,0.06945070231955122,0.002782139328157785,0.002679097059210768,0.23492184700999763
CICIDS2017_COVERAGE_R1,Oort-Style-Adapted,0.2,10,0.7674793601313838,0.021863835997869875,0.5319167963587346,0.05060798381060728,0.13363592396418472,0.16178059043708942,0.023756575596717244,0.015464697161407479,0.25595250375800116,0.10336239688731717,0.3894827093952632,0.27727559976212107,0.08759016831418648,0.10828186201320893,0.45286287045731877,0.1281054967750759,237.56575596717244,154.64697161407477,5169400.5,509828.3757599763,23593376.1,509980.03494809044,2047108.4,888.2085841112373,20471084.0,8882.085841112374,1.1,3.142893217686178,47905398.6,341408.14951778104,25500.0,0.0,6035391.5,2687874.866152699,3096792.1,509819.259210654,138.38329850999943,4.834986024357698,98.081798909996,4.730822595227692,12.526915229996302,0.5824250931404793,0.009398760001568007,0.00039356137217245747,0.021370870004102472,0.002657208673342138,1.6866666666666665,0.27541214906363853,9.4,0.699205898780101,0.8414289356282603,0.1370121698378255,0.03666666666666667,0.10476310725620593,0.8740736815110752,0.05562572246396298,0.003773061212502981,0.002685256838743972,0.23492184700999763
CICIDS2017_COVERAGE_R1,Oracle-Score-Exact,0.2,10,0.7618058479409818,0.008803342807787324,0.5202761493029874,0.0737201302012166,0.060292968068349696,0.1812314894650373,0.024141797039229695,0.05298572993683757,0.22147479100273737,0.13698111995096637,0.20154376141323616,0.19305781330662575,0.06469409564520438,0.1997308159817411,0.40333620331661213,0.12328008271055244,241.41797039229692,529.8572993683756,5553570.2,184854.47840504162,23976673.7,183381.1355644304,2047011.5,1328.763021259497,20470115.0,13287.630212594971,0.0,0.0,47660979.6,359028.15008829354,25500.0,0.0,7779187.9,2623206.412421784,3481058.7,185065.16749756018,140.43894285999812,5.967876696473108,99.89752857999738,5.9876044244748945,12.84206215000304,1.0245745858112911,0.049359959997673286,0.0063021722265746176,0.022930959998848265,0.0013505931091066983,1.91,0.1066319387912007,9.4,0.699205898780101,0.9515155935415466,0.052125929230329125,0.0,0.0,0.8367163735844909,0.05517739646471731,0.002442431622997111,0.0020489942373682476,0.23492184700999763
CICIDS2017_COVERAGE_R1,Random-Budget,0.2,10,0.7591263915730234,0.011007987875514864,0.49951598963449834,0.00968019649804135,0.018166706330652774,0.028778217734027892,0.010797480166393788,0.014630831943952058,0.2080818331564418,0.05893382929980767,0.24576441347781905,0.1798172186225047,0.009829459435390507,0.016282247913448504,0.39860588130328656,0.09807134757965062,107.97480166393787,146.30831943952057,5483959.5,190291.5323358405,23918310.3,185583.21341953916,2048261.2,1076.6292872768333,20482612.0,10766.292872768334,0.0,0.0,47844457.7,358557.95254790323,23100.0,0.0,9451807.3,2749708.0838602586,3412598.3,190837.87925883874,58.660663190003106,2.0840402275313754,40.44986213999473,1.847093074448246,5.359148729996377,0.31435353841026553,0.004129419996388606,0.00030541855407386357,0.010849789996427717,0.0007342718415292427,1.8633333333333333,0.11160999114531271,9.4,0.699205898780101,0.9287345146216898,0.05304384771730804,0.0,0.0,0.8021498662464475,0.05848892232830763,0.002446097203815288,0.0027950680216972754,0.23492184700999763
CICIDS2017_COVERAGE_R1,Utility-Cost-Ratio,0.2,10,0.7668632368439634,0.03138724715751984,0.5307153809590994,0.07975052308183028,0.10944840831002234,0.21561528140042518,0.02385399184438011,0.021713323220493227,0.24756813249222048,0.14251206705426334,0.29355461114228143,0.28421200656754275,0.08528475376257903,0.17418141713604618,0.435186170968238,0.11885036251485473,238.53991844380107,217.13323220493226,5292677.1,281395.0694981662,23715516.0,281495.5996419443,2046982.1,941.7904284452625,20469821.0,9417.904284452625,0.3,0.6749485577105528,47920581.5,365535.68994566804,25500.0,0.0,7875544.3,3377941.9068259117,3220195.0,281399.65766187815,86.31061904000016,40.588154331256185,60.7214030499963,30.30289203815357,7.845270659999732,3.74697488649346,0.0024899300035031045,0.001153493989109063,0.014614109996546176,0.005888556784759273,1.7533333333333334,0.15006171569897006,9.4,0.699205898780101,0.8747568311221369,0.07470513190529503,0.01,0.02249828525701843,0.8353271263017379,0.07066799113565574,0.003726498591164126,0.002736891422896938,0.23492184700999763
CICIDS2017_COVERAGE_R1,Utility-Only,0.2,10,0.7696038871207743,0.030463575595822658,0.5376095216379475,0.07893599258445286,0.1319960838036343,0.2173134451304862,0.024794314992873233,0.022249361678042232,0.26759323159969917,0.14755660640730983,0.3630189834724671,0.31791979001978216,0.10001335826876837,0.17357563105133558,0.4586959765773183,0.13230404037699417,247.9431499287323,222.4936167804223,5293517.2,282966.970415198,23715358.0,282047.7108780632,2046871.2,884.1795694942917,20468712.0,8841.795694942917,0.3,0.6749485577105528,47932372.0,367307.25044088694,25500.0,0.0,7836836.6,3378880.998590549,3221146.0,283082.7346405209,57.260639629999424,1.3627120154945125,39.387751019995996,1.4339220543331852,5.150313699996696,0.23295853505494662,0.0015516199950070587,0.00011655442677371295,0.010605079999368171,0.0006196391201633084,1.7533333333333334,0.15006171569897006,9.4,0.699205898780101,0.8747557089588047,0.07472960296185388,0.01,0.02249828525701843,0.8361983154191751,0.07068664368673795,0.0037115389988836233,0.0027198792553970925,0.23492184700999763
CICIDS2017_COVERAGE_R1,CB-Score,0.4,10,0.7620236877959994,0.0037964460143839595,0.49921835559080285,0.0026680504183776137,0.006844135995264594,0.005643046540165481,0.005068721181026733,0.0050509530655767,0.18201893028975738,0.02083385181685645,0.3701263512926248,0.2865239056888365,0.0035054323626324694,0.002907327670675639,0.3559232611547113,0.06864552319924247,50.687211810267335,50.509530655767,8557196.4,596303.8638179923,26986617.9,594364.1694809393,2047713.5,987.290259019887,20477135.0,9872.90259019887,0.0,0.0,48078368.0,374077.4828947726,25500.0,0.0,15552033.8,4840643.777623151,6483982.9,596527.16626831,56.89660762999993,2.4538519913844596,39.697183310002586,1.715237208006499,5.308948680005415,0.31567796906092027,0.013232939998852089,0.0021419917708806403,0.014160520007135347,0.0017004931268416762,3.5166666666666666,0.32820123306093163,9.4,0.699205898780101,0.8784998557642016,0.08132225149835015,0.0,0.0,0.67625705915368,0.10084630899859329,0.002229254868246099,0.001854313735585541,0.23492184700999763
CICIDS2017_COVERAGE_R1,Cost-Only,0.4,10,0.7612922375265109,0.006608831406034836,0.4984178964889383,0.004474649733881375,0.005036981429087325,0.0045596211670204286,0.005739013327226303,0.008595405289297241,0.17942539039746858,0.01606150484947412,0.2924887453319452,0.2032547759601545,0.0025748063051028586,0.0023454590962100506,0.344379972554277,0.04830425889855566,57.39013327226303,85.9540528929724,9314624.6,129167.37005417084,27746659.7,132551.42542428998,2048003.9,1263.783600498475,20480039.0,12637.836004984749,0.0,0.0,47730122.0,586396.2638385223,25500.0,0.0,15011765.5,4386303.550834835,7241120.7,128847.86804345831,70.65923105000184,14.113084505439263,49.714210180005104,10.587244956385533,6.741099009995741,1.5192401058164418,0.001994579997699475,0.00044538096964116423,0.018475160000525646,0.003248121162457165,3.9766666666666666,0.03162277660168388,9.4,0.699205898780101,0.9886875816341779,0.007576120927984595,0.0,0.0,0.6858053953056943,0.0908712441531851,0.0020061672620026692,0.0019950744958512753,0.23492184700999763
CICIDS2017_COVERAGE_R1,Historical-DoubleCost,0.4,10,0.7593251410205784,0.012061486338510178,0.4973298165143767,0.008076998665637991,0.006109941678896441,0.005774825256266347,0.00848512607713316,0.015676052371281217,0.18040001564614294,0.02157224877707157,0.292276753025144,0.1910087354015153,0.003144759105886544,0.0029672991309129333,0.34831729795024563,0.06930226196141676,84.8512607713316,156.7605237128122,8588979.4,641541.9379178401,27018434.2,639842.852058361,2047717.2,977.3526373718842,20477172.0,9773.526373718842,0.0,0.0,48085293.4,380278.55095536367,25500.0,0.0,15829124.0,5379906.249158292,6515762.2,641737.8900194551,55.50379972999654,1.8669859731605831,38.73878613999477,1.7719760598908416,5.1941412900028805,0.23085128163492763,0.012506619994383072,0.0010244650340060773,0.01363271000154782,0.0012407670263427464,3.533333333333333,0.3506607519568776,9.4,0.699205898780101,0.882556164329361,0.08683492775209344,0.0,0.0,0.6705354217567157,0.11184247390212483,0.002227942625313357,0.0018551678837734347,0.23492184700999763
CICIDS2017_COVERAGE_R1,Oort-Style-Adapted,0.4,10,0.7582623545010212,0.012112637139159603,0.4964034567696592,0.007963027814871923,0.0047774708226296205,0.004634548324283436,0.009668818939085791,0.015845813722158944,0.18042954581464102,0.015357932041458897,0.19096674412598538,0.15347825059574394,0.0024757324784041323,0.0023981938277688286,0.36833119280643833,0.06698414561870891,96.68818939085791,158.45813722158942,7971929.0,1111563.975134235,26399886.2,1108520.0291400342,2047550.8,973.2724638501229,20475508.0,9732.72463850123,1.2,2.6997942308422114,48135704.0,225535.83175973516,25500.0,0.0,11659157.9,3222958.828101265,5898878.2,1111905.936593839,56.93416423000017,5.019601279341815,39.506820129990956,3.538639127066493,5.218416889999935,0.4122690783819406,0.004066940007760422,0.0004558850880737617,0.013412010003958131,0.002382155632119943,3.19,0.5971227307309239,9.4,0.699205898780101,0.7974076312736199,0.14942752390230798,0.04,0.08999314102807372,0.7578092823714706,0.06666075479996403,0.0022349692914324015,0.0018528641362874935,0.23492184700999763
CICIDS2017_COVERAGE_R1,Oracle-Score-Exact,0.4,10,0.7561252749149431,0.012339643324752032,0.49504692704720304,0.007390596503088787,0.004806945264110012,0.0035057953469923016,0.012497650046657255,0.016730907546576725,0.17380806834349702,0.008778022299195049,0.21477891797816434,0.15544515423766714,0.0025915041410633183,0.0020861254142440604,0.33411426203782274,0.0377652980128651,124.97650046657256,167.30907546576722,8809207.3,652320.7786819559,27239486.5,648512.8308212825,2047808.8,1054.9336788000783,20478088.0,10549.336788000783,0.0,0.0,48030882.3,284227.87027745106,25500.0,0.0,15531015.4,4437708.627789551,6735898.5,652751.0373555314,56.114900730000954,1.9538326148561003,39.230868279989956,1.9571468577299913,5.251647270001558,0.28354681487237543,0.0252150300082576,0.005721276649511167,0.014395429992146092,0.0011961893726984846,3.66,0.36270588023294514,9.4,0.699205898780101,0.9139076392617453,0.08949346903668363,0.0,0.0,0.6764739252846106,0.0925283487544704,0.002174662241359999,0.0019020373014232766,0.23492184700999763
CICIDS2017_COVERAGE_R1,Random-Budget,0.4,10,0.7641097724580338,0.001259406779703242,0.5010487395194014,0.001602873963383408,0.009522812748853313,0.0076041720473217994,0.002756025280370797,0.0020146405072284266,0.19543808655926953,0.0324093405171107,0.3644193249118232,0.15115663267791002,0.0048535043191735685,0.0039132919152112585,0.4107407758202002,0.08849022865005414,27.56025280370797,20.146405072284267,8962781.4,431907.33973753627,27398241.0,429116.343603405,2048384.4,1413.606357276782,20483844.0,14136.063572767822,0.0,0.0,48148421.7,303444.0639638548,23100.0,0.0,17716053.9,3612287.7647607033,6891297.0,432239.45399486355,123.29975145999997,36.013889685444326,87.46962080998455,25.947130241953385,11.427311219997865,3.29990826699774,0.008115669999824604,0.002146783412851092,0.02937890999855881,0.008045969982987677,3.73,0.23118054512532937,9.4,0.699205898780101,0.9320920336569136,0.056735014691482975,0.0,0.0,0.6323611901585912,0.07385996750346366,0.001802715261541922,0.0018597870155252477,0.23492184700999763
CICIDS2017_COVERAGE_R1,Utility-Cost-Ratio,0.4,10,0.756723092332194,0.010888968173551996,0.49666333658764017,0.007825339132785755,0.011718449378315501,0.010329453061649894,0.012802545811272256,0.013885050950921999,0.2037429257012585,0.03761527702982575,0.25395250541932013,0.27551295105774654,0.006129218986552676,0.0054169767057737316,0.4202259157936758,0.11767506826646239,128.02545811272256,138.85050950922,8001625.9,1134057.971226481,26429754.1,1131066.6032123493,2047569.8,899.1782421250589,20475698.0,8991.78242125059,1.2,2.6997942308422114,48120586.6,362652.06506978255,25500.0,0.0,13896309.0,5233796.774444852,5928556.1,1134393.4222039792,66.29166087999765,3.14419217276117,45.7231119899785,2.233768279589432,6.005082679993211,0.40595676680508797,0.00206390000457759,0.00035509346480450696,0.0153159599933133,0.002913669322947919,3.2066666666666666,0.6077280093375106,9.4,0.699205898780101,0.801734018182902,0.1520198906172712,0.04,0.08999314102807372,0.7111913368986613,0.10874528416093436,0.003386466386591184,0.003755172323507447,0.23492184700999763
CICIDS2017_COVERAGE_R1,Utility-Only,0.4,10,0.7578805463517708,0.011284412340913647,0.4969110416329351,0.00790728172398312,0.008955353771429609,0.009998743796216425,0.01083883934522609,0.014541710471539026,0.19244948702365305,0.02864980430027929,0.2968250058945038,0.28651309944206604,0.004660922611096269,0.005212972062684584,0.3904108853354967,0.10057152851520296,108.38839345226091,145.41710471539025,8012673.8,1136078.0252634059,26440902.8,1133122.7806069385,2047581.0,899.6516609839117,20475810.0,8996.516609839116,1.2,2.6997942308422114,48112567.9,361176.5364045831,25500.0,0.0,13735142.2,5094859.258053723,5939592.8,1136409.4724913982,65.99411618999875,1.5978348198118018,45.44560154999708,1.3228033308103917,5.9609544899998586,0.2600587099350507,0.0018294899946340593,0.00013986064079303116,0.01505332999622624,0.0026559693134151864,3.2133333333333334,0.6092294262649831,9.4,0.699205898780101,0.803401272589125,0.15242687033888472,0.04,0.08999314102807372,0.7144996400261572,0.10594136347744312,0.002227481901483341,0.0018468464890174553,0.23492184700999763
CICIDS2017_COVERAGE_R1,CB-Score,0.6,10,0.760771566276403,0.012559288883473364,0.49804098280564457,0.008362897525670604,0.004810450728695687,0.006635598450458155,0.006387087732730834,0.016386999268556753,0.1766355821210914,0.018398266283662475,0.38121198613193985,0.15943682585827795,0.0024690533440199485,0.0034301271214089647,0.3497323913127712,0.07053334576604163,63.870877327308335,163.8699926855675,11191540.0,1274197.3092423498,29623897.3,1271562.113067759,2048039.7,846.4533917732532,20480397.0,8464.533917732531,0.0,0.0,48097389.5,326292.00450797647,25500.0,0.0,20568305.2,5175065.655587672,9118000.3,1274492.583340789,56.14056123000337,1.9580509997051758,38.92738943999575,1.837990855205877,5.282839840001543,0.2474058141865822,0.012419380000210367,0.002325317302617417,0.016571520002617034,0.0014783074695742724,4.943333333333333,0.7097295607361412,9.4,0.699205898780101,0.8235696245956321,0.11782513184799451,0.0,0.0,0.5722721814484225,0.10803167803240048,0.002222266583386499,0.0018467637644585559,0.23492184700999763
CICIDS2017_COVERAGE_R1,Cost-Only,0.6,10,0.7595029694736539,0.011487299958816598,0.49701290382779395,0.007600702132311947,0.0037067821808148913,0.002500986608858119,0.0078688401313923,0.014947348652076644,0.17850715203070383,0.011365525219003712,0.2525420919382649,0.1955716012188577,0.0018946477869801407,0.0012614374595619861,0.3587752228622245,0.059454327607786094,78.68840131392301,149.47348652076644,12951698.1,235496.00246640187,31386176.7,232609.4145438992,2048275.4,1229.3139188633272,20482754.0,12293.139188633273,0.0,0.0,47941436.9,305726.68708521343,25500.0,0.0,23902734.3,3302774.556191878,10877922.7,235846.5935461957,56.630396760004075,1.7953594788335114,39.63727387000254,1.594189694078611,5.368600929998502,0.24229324871986227,0.0016820900047605392,9.380928658434948e-05,0.019747949996235546,0.0009542361664734605,5.93,0.12809140255070767,9.4,0.699205898780101,0.9856898318109908,0.020294365609359207,0.0,0.0,0.5015270291190801,0.06792999826391813,0.002035411112094597,0.001971189941770205,0.23492184700999763
CICIDS2017_COVERAGE_R1,Historical-DoubleCost,0.6,10,0.760771566276403,0.012559288883473364,0.49804098280564457,0.008362897525670604,0.004810450728695687,0.006635598450458155,0.006387087732730834,0.016386999268556753,0.1766355821210914,0.018398266283662475,0.38121198613193985,0.15943682585827795,0.0024690533440199485,0.0034301271214089647,0.3497323913127712,0.07053334576604163,63.870877327308335,163.8699926855675,11191540.0,1274197.3092423498,29623897.3,1271562.113067759,2048039.7,846.4533917732532,20480397.0,8464.533917732531,0.0,0.0,48097389.5,326292.00450797647,25500.0,0.0,20568305.2,5175065.655587672,9118000.3,1274492.583340789,56.13021658999496,1.8564985148554292,38.96169872997852,1.7889839382034907,5.293350250000367,0.2232642160736282,0.011886420009977883,0.0007278204466228697,0.01645300000309362,0.001822007837709661,4.943333333333333,0.7097295607361412,9.4,0.699205898780101,0.8235696245956321,0.11782513184799451,0.0,0.0,0.5722721814484225,0.10803167803240048,0.002222266583386499,0.0018467637644585559,0.23492184700999763
CICIDS2017_COVERAGE_R1,Oort-Style-Adapted,0.6,10,0.7623816983140294,0.0040062533124429174,0.4994878088636526,0.0012089013773819767,0.006886164184086656,0.00875902497163446,0.004632228029218038,0.0066170224620663775,0.18977020869576547,0.02082627820460579,0.30252083210986264,0.18304380418577623,0.0036078457565232877,0.004707751439411414,0.3762897292465973,0.07017179347552514,46.32228029218038,66.17022462066377,10370901.8,1913024.0524441807,28802151.2,1913535.645829979,2047916.6,877.1930232280693,20479166.0,8771.930232280693,0.8,2.5298221281347035,48079130.9,220458.39959878044,25500.0,0.0,17818073.2,6242185.134986035,8297485.2,1912969.211476744,55.76060017999771,1.3804498286564122,38.61428978000258,1.4261913291656727,5.215120279998518,0.1795984466852962,0.0038107499975012617,0.00019586222557067796,0.01559500999865122,0.002649724615031861,4.493333333333333,1.037780157027965,9.4,0.699205898780101,0.749148744523698,0.17310126223702046,0.026666666666666665,0.08432740427115679,0.629243326460023,0.13009549748754717,0.0021600932150411026,0.00190391159442402,0.23492184700999763
CICIDS2017_COVERAGE_R1,Oracle-Score-Exact,0.6,10,0.7636492490670544,0.002985956474877276,0.49995171283171097,0.000902721080081421,0.004941783165722891,0.006685009875750988,0.002652456427592383,0.00494860588147631,0.17569785752903092,0.018314251641554594,0.3676703494419653,0.16645742776015576,0.0025558820910143378,0.003587383864245557,0.3434303853036976,0.07271089063084016,26.524564275923833,49.486058814763105,11145568.5,1288441.1478892062,29577583.8,1284665.692965277,2048001.7,812.5184510725485,20480017.0,8125.184510725485,0.0,0.0,48078222.7,293708.02640908916,25500.0,0.0,20303336.1,5064734.138389265,9072066.8,1288862.5213221326,56.03955665000685,1.9763459298838741,38.84286382998325,1.8631568955557434,5.298527620004461,0.24790484403083426,0.030507130001933547,0.008791543774043375,0.016471499996987403,0.0015005959245456494,4.92,0.710451082581159,9.4,0.699205898780101,0.819542530949536,0.11803861123439291,0.0,0.0,0.5775535531046759,0.10594223987647036,0.0021970995520866903,0.001862933642060936,0.23492184700999763
CICIDS2017_COVERAGE_R1,Random-Budget,0.6,10,0.7644063275547803,0.0010742524440420875,0.5006362437329255,0.0013858055140234474,0.0061013387093340875,0.007145046892881206,0.001831083644666546,0.0018953598888055239,0.18159439789128698,0.020730736774206542,0.4014434532602114,0.16549617943706155,0.00310357111051741,0.0036768724470556285,0.374197266462768,0.06482826204376708,18.31083644666546,18.95359888805524,12477042.5,541112.7123197676,30913009.7,534594.8462363395,2048440.8,1305.9021402846386,20484408.0,13059.021402846387,0.0,0.0,48104662.0,465554.0847682946,23100.0,0.0,25678031.2,3840733.4908635123,10405501.7,541847.8167811101,55.87011355999857,1.4054730054779405,39.049004520001475,1.2818893419927018,5.282774120001704,0.14499086766607472,0.0038579799969738816,0.00017384812741590256,0.01884970000028261,0.0007836407917688417,5.636666666666667,0.30609044092341625,9.4,0.699205898780101,0.9393915684140635,0.0502065643023234,0.0,0.0,0.4663939714384599,0.0778455131987475,0.0018641665351002493,0.0016917167417310214,0.23492184700999763
CICIDS2017_COVERAGE_R1,Utility-Cost-Ratio,0.6,10,0.7639512959248518,0.0014727587475530076,0.5004981573075984,0.0011526381599779106,0.00693901269300346,0.00872937519026891,0.0025670035787653087,0.0030561001550231687,0.19178237619333405,0.024316870657189595,0.3530715525469706,0.2019022195855739,0.0035633181939620623,0.004546509234798288,0.38081364400728124,0.08874749987714463,25.670035787653088,30.561001550231687,10418064.0,1920878.8819088342,28849821.0,1921141.839738371,2047973.0,829.7145426122302,20479730.0,8297.1454261223,0.9,2.5144029554194813,48169435.6,334021.7912536047,25500.0,0.0,19506910.4,6667918.886209103,8344591.0,1920851.4541328917,55.53632902999307,2.5616681502304983,38.530430970011366,2.1217953664608573,5.195860190006352,0.1983140123910745,0.0016097199892101343,0.00010120861107248247,0.015924320001067825,0.0026759470310074554,4.506666666666667,1.0279789592889246,9.4,0.699205898780101,0.7514085607466405,0.17148188996264271,0.03,0.08381343184731604,0.5954875597650746,0.1372908088100294,0.0021851988900261866,0.0018960393189931186,0.23492184700999763
CICIDS2017_COVERAGE_R1,Utility-Only,0.6,10,0.7639162532590986,0.001474030333534423,0.5003819192461973,0.0008402765710225491,0.006421647886610464,0.007772550108656237,0.0025300879480720127,0.0030260688929848074,0.1920326262070726,0.024812063122508197,0.3487216155848693,0.200702773659986,0.003293926440466649,0.004056153178009291,0.3811785145749385,0.08942060365235316,25.300879480720127,30.260688929848076,10374986.6,1927465.912287553,28806975.8,1927373.53670618,2047998.8,877.898222397613,20479988.0,8778.98222397613,0.9,2.5144029554194813,48170770.2,335575.1161234827,25500.0,0.0,19601233.0,6628256.723650278,8301487.8,1927478.1752269408,58.82141694000602,5.206952957351832,40.93180759998577,3.9973946689436275,5.464035419994616,0.4053840090464778,0.0016363500020815992,0.00013050704847770845,0.01690088000468677,0.0033056662327530938,4.483333333333333,1.0324667812191284,9.4,0.699205898780101,0.7475122109183162,0.17220226507992709,0.03,0.08381343184731604,0.5935402163261756,0.1364301440416467,0.0021848576997500987,0.0018953057482409882,0.23492184700999763
CICIDS2017_COVERAGE_R1,CB-Score,0.8,10,0.7638325692811808,0.0018713106494714635,0.5000071076904282,0.0014380449057636532,0.004669289966077554,0.0047983686003732415,0.0023557641364647815,0.002615249495506323,0.18490567806963018,0.017889440689639734,0.2981469870704504,0.13719829743438436,0.002369979517321222,0.002468835124337158,0.3724041648457843,0.07648876152095585,23.557641364647814,26.152494955063236,12900111.3,1864353.1027005378,31331533.5,1860289.9111678055,2047935.8,916.0714188557814,20479358.0,9160.714188557813,0.0,0.0,48220088.1,294418.4022205474,25500.0,0.0,25707114.1,6452223.98458255,10826675.5,1864806.2719970106,58.608502330004555,2.351707332872206,40.73629643997847,1.997344080357512,5.443844469996838,0.2620557634485443,0.012875880004867214,0.0014071351985285518,0.02363938999842503,0.007028964418426707,5.85,1.0151020139697449,9.4,0.699205898780101,0.731199434807023,0.12663054893066736,0.0,0.0,0.4671522447018338,0.13340518898279374,0.00206569272939855,0.0019496120466620764,0.23492184700999763
CICIDS2017_COVERAGE_R1,Cost-Only,0.8,10,0.7639965375754136,0.0019116871532186257,0.5001242934725508,0.0013763233193941514,0.004731976489526133,0.004327191974605136,0.002150335487884495,0.002676821161052581,0.17944957120108673,0.009122368514141579,0.3546918445320696,0.14920654911179151,0.002398922432986018,0.002219727713347339,0.3725252560605307,0.04749644994231351,21.503354878844952,26.768211610525807,16262478.0,712280.4087558027,34698287.7,710815.3594613958,2048423.3,1470.5399650770764,20484233.0,14705.399650770763,0.0,0.0,48129001.6,371118.5479661302,25500.0,0.0,33558688.9,4689636.326930016,14188554.7,712458.1824475423,99.5846099499926,47.60859672327,70.8992922599944,35.34487090717958,9.435930109999754,4.492776506462172,0.0029799600059050137,0.0013683751673200712,0.06573729000519961,0.026546680865424423,7.6899999999999995,0.39598291520696,9.4,0.699205898780101,0.9603767672988747,0.04873170468864042,0.0,0.0,0.3030216804030963,0.09560302959135934,0.0020098894395892443,0.0019862628159126195,0.23492184700999763
CICIDS2017_COVERAGE_R1,Historical-DoubleCost,0.8,10,0.7638325692811808,0.0018713106494714635,0.5000071076904282,0.0014380449057636532,0.004669289966077554,0.0047983686003732415,0.0023557641364647815,0.002615249495506323,0.18490567806963018,0.017889440689639734,0.2981469870704504,0.13719829743438436,0.002369979517321222,0.002468835124337158,0.3724041648457843,0.07648876152095585,23.557641364647814,26.152494955063236,12900111.3,1864353.1027005378,31331533.5,1860289.9111678055,2047935.8,916.0714188557814,20479358.0,9160.714188557813,0.0,0.0,48220088.1,294418.4022205474,25500.0,0.0,25707114.1,6452223.98458255,10826675.5,1864806.2719970106,68.68772213999327,6.317925421526275,47.75033960997971,4.903847812704071,6.399077370000304,0.6541114554933842,0.015543879995675525,0.0016781261139759633,0.02659378999378532,0.008033254101239779,5.85,1.0151020139697449,9.4,0.699205898780101,0.731199434807023,0.12663054893066736,0.0,0.0,0.4671522447018338,0.13340518898279374,0.00206569272939855,0.0019496120466620764,0.23492184700999763
CICIDS2017_COVERAGE_R1,Oort-Style-Adapted,0.8,10,0.761725040599805,0.0048006361829839575,0.49899309755500165,0.00356587239474154,0.006663791045267543,0.007462960908924275,0.005432408505634761,0.006232264885366865,0.19100809281412964,0.02776095945375398,0.2709320779939212,0.1932253927305707,0.00341860361563808,0.0038539372452756943,0.3753367517061791,0.08965947670779305,54.324085056347606,62.322648853668646,12176020.3,2841917.620406258,30608505.4,2839853.9483290804,2048053.9,858.5536222171695,20480539.0,8585.536222171695,0.9,2.8460498941515415,48200573.4,296785.55539094406,25500.0,0.0,23212168.8,7899218.709139303,10102466.4,2842148.121564321,67.72653299000231,5.7028967691088015,47.21023694997784,3.950500462272219,6.368508040000597,0.8354227275839525,0.004743060008331667,0.0008047040818297888,0.025789960003021407,0.008910815237890168,5.453333333333333,1.523576040313474,9.4,0.699205898780101,0.6819683156391051,0.19053032693507002,0.03,0.09486832980505137,0.518795439867354,0.16236474758363592,0.0022268385247886115,0.0018855437337582021,0.23492184700999763
CICIDS2017_COVERAGE_R1,Oracle-Score-Exact,0.8,10,0.763940835427612,0.0019384046101939586,0.5003968273152737,0.0019055502699754734,0.006471108165830705,0.006957270697562993,0.002496932242727108,0.002593965043839617,0.18498441727978446,0.017974281163359668,0.32776998616209124,0.1557184992800974,0.003290586873274557,0.003564400557544996,0.372595525704025,0.0762315681505421,24.96932242727108,25.93965043839617,13006733.0,2005483.5778236187,31438373.9,2001727.9028864843,2047960.1,898.5037500694634,20479601.0,8985.037500694634,0.0,0.0,48225771.3,294883.7582543897,25500.0,0.0,25986246.6,6724962.113166706,10933272.9,2005902.4533116953,60.011999439999634,2.7212679680316594,41.73461871999753,2.1824796165372895,5.5275259199988795,0.27442359796867566,0.03443330000591231,0.01254673273137267,0.02550931000514538,0.009586961744027865,5.906666666666666,1.0871641669618834,9.4,0.699205898780101,0.7382978807908354,0.1356469485001722,0.0,0.0,0.4614389846353098,0.1388717801679463,0.0020618391371090544,0.001954032910767039,0.23492184700999763
CICIDS2017_COVERAGE_R1,Random-Budget,0.8,10,0.7647959810769605,0.0002850457507063579,0.5005044330104003,0.0004553774515043689,0.003943996958657845,0.0032050110075349646,0.0009792896475582704,0.0008088144116644542,0.1780505307707419,0.010022732996730229,0.3960654066299227,0.08208705038908279,0.001988155668358714,0.0016355858612148505,0.37068474379668714,0.043965517561389576,9.792896475582703,8.088144116644541,16052737.2,683681.0321588082,34488868.2,681830.1537477889,2048459.0,1251.72219140049,20484590.0,12517.221914004898,0.0,0.0,48265789.6,383817.84251768875,23100.0,0.0,34345534.3,5533689.621290222,13981178.2,683897.8311883857,55.98954757999454,1.2748442596043486,38.815011430026786,1.1924677941347168,5.259804829999484,0.1561807642997676,0.0039981699977943205,0.0002876648660551702,0.03742605999432271,0.010823248723505804,7.546666666666667,0.3735713526965841,9.4,0.699205898780101,0.9435297833801488,0.046049683121429076,0.0,0.0,0.2886801354270826,0.11312071754597745,0.0018526043727849178,0.0016676604484741366,0.23492184700999763
CICIDS2017_COVERAGE_R1,Utility-Cost-Ratio,0.8,10,0.756205820743689,0.019299692453203243,0.5108009584489237,0.03655836205349087,0.04736479827671743,0.12926609570506734,0.02630751403990306,0.06815999966843343,0.198722389197518,0.04542455186656985,0.2852997980341468,0.14470694959301506,0.04790943093775046,0.1409055590186489,0.3863886977153137,0.09875907739546053,263.0751403990306,681.5999966843343,11928970.9,2600450.4452233934,30360770.2,2599888.851940568,2047977.7,1023.2462557957396,20479777.0,10232.462557957395,0.8,1.9321835661585918,48193891.1,229959.89019703705,25500.0,0.0,23239733.1,8470637.043144137,9855493.2,2600514.850117645,97.56460786999378,52.31614738673194,67.53111434000675,36.30683422314343,8.826718430008622,4.6008491450190565,0.002798859996983083,0.0015403871737551436,0.03674734000160242,0.024119143962761633,5.32,1.3968394660186119,9.4,0.699205898780101,0.6652821274331883,0.17479995876842713,0.02666666666666667,0.06440611887195306,0.5182216629575148,0.1750841713374719,0.0021799657172371415,0.0018895208783282866,0.23492184700999763
CICIDS2017_COVERAGE_R1,Utility-Only,0.8,10,0.7562492318072339,0.019321447076340984,0.5108281717282313,0.03654980107747546,0.04735875584178657,0.1292683891051584,0.02624974791409596,0.06818410242049926,0.19889702777093865,0.04530462726693139,0.3069091873478163,0.16808384958772368,0.047906091370558374,0.14090677826421497,0.3874715431112061,0.09815918120305114,262.49747914095957,681.8410242049926,11935495.8,2611542.2625796683,30367260.9,2610947.1830367297,2047973.9,1019.5622644601511,20479739.0,10195.622644601512,0.8,1.9321835661585918,48194333.4,230264.13470292956,25500.0,0.0,23270922.3,8528452.352667108,9862021.9,2611610.36432481,169.875272949996,8.43658583035326,118.83290243000738,6.8759538819855255,15.05820359999343,0.6980827711870297,0.004507639993244083,0.00022081373041845704,0.06295163999893702,0.026619299653326604,5.323333333333333,1.4024713636741128,9.4,0.699205898780101,0.6657151651086008,0.1755302648468806,0.02666666666666667,0.06440611887195306,0.517588046786421,0.17625739357932815,0.002181243985000772,0.0018895319822819546,0.23492184700999763
CICIDS2017_COVERAGE_R1,CB-Score,1.0,10,0.7611389912419487,0.008961515444537561,0.49823675109489707,0.005342091767412909,0.004488324585756518,0.0031806604797708694,0.005867534411862222,0.012182972903352145,0.18721385935851334,0.023424881513089087,0.3093527799157514,0.1659674771774427,0.0023410366016564255,0.0018163529209428233,0.3763087698197046,0.08478216037284565,58.67534411862223,121.82972903352146,13889200.3,2036366.7603172867,32321575.6,2035045.9707313303,2048041.7,1034.552619358833,20480417.0,10345.52619358833,0.0,0.0,48228063.7,239290.57961772938,25500.0,0.0,27431120.0,7292809.202515768,11815658.6,2036516.0896105114,55.65221373999884,2.0042331370327715,38.87370373001541,1.8306089081577919,5.277130810001836,0.25480801067617104,0.012441450006008381,0.0007072463234401752,0.03201941000006627,0.008557907844791903,6.383333333333333,1.1044522691428609,9.4,0.699205898780101,0.6383409356068235,0.11013679257058072,0.0,0.0,0.4313384487033354,0.15078688822163047,0.0021205645794298276,0.001919898204583559,0.23492184700999763
CICIDS2017_COVERAGE_R1,Cost-Only,1.0,10,0.7639280213184934,0.0030060739370428623,0.5000698739589063,0.0023018944645441033,0.004694051210685363,0.004380016756780656,0.0022313447885725615,0.0037941177105418993,0.17953436671035583,0.011486980766103739,0.39819089024994536,0.2091266928599231,0.0023710927063852524,0.0022164610269641226,0.3716441272111017,0.049107856374163386,22.313447885725616,37.94117710541899,19485723.8,1332867.4891155867,37922949.2,1335514.0058873545,2048580.6,1235.3086164104004,20485806.0,12353.086164104005,0.0,0.0,48241455.4,278206.8402614621,25500.0,0.0,42607926.9,7896549.50787834,17411643.2,1332578.8329549255,57.53349262999764,1.430181766350763,40.208260529987456,1.1300560046234984,5.426437779999833,0.25432664252474985,0.001747510010318365,0.000123489848245018,0.060099470005661716,0.004151627607205751,9.4,0.699205898780101,9.4,0.699205898780101,0.9403295035366719,0.06963968396253105,0.0,0.0,0.11719497186274137,0.16160514693190747,0.0019553687392818596,0.0018907540512187683,0.23492184700999763
CICIDS2017_COVERAGE_R1,Historical-DoubleCost,1.0,10,0.7611389912419487,0.008961515444537561,0.49823675109489707,0.005342091767412909,0.004488324585756518,0.0031806604797708694,0.005867534411862222,0.012182972903352145,0.18721385935851334,0.023424881513089087,0.3093527799157514,0.1659674771774427,0.0023410366016564255,0.0018163529209428233,0.3763087698197046,0.08478216037284565,58.67534411862223,121.82972903352146,13889200.3,2036366.7603172867,32321575.6,2035045.9707313303,2048041.7,1034.552619358833,20480417.0,10345.52619358833,0.0,0.0,48228063.7,239290.57961772938,25500.0,0.0,27431120.0,7292809.202515768,11815658.6,2036516.0896105114,55.343130390005534,2.0259544886501026,38.681569929999384,1.8628766332931517,5.249467569994886,0.23950538465980492,0.012617310002679006,0.0009875317201986787,0.031670450004457965,0.008619138307673857,6.383333333333333,1.1044522691428609,9.4,0.699205898780101,0.6383409356068235,0.11013679257058072,0.0,0.0,0.4313384487033354,0.15078688822163047,0.0021205645794298276,0.001919898204583559,0.23492184700999763
CICIDS2017_COVERAGE_R1,Oort-Style-Adapted,1.0,10,0.7621358766288956,0.004343556152005206,0.49944016433632554,0.0025180172708182415,0.0075717749397408276,0.008834935564179835,0.005053681479633168,0.006485107221750191,0.19595269404151966,0.04113084663777531,0.3508363463462247,0.2308926096319884,0.003934010152284264,0.004699384470753139,0.3909992169026051,0.10834212771311205,50.536814796331676,64.85107221750191,12844646.8,2970983.6793959076,31276408.3,2968776.1347692325,2047973.5,966.4508092327652,20479735.0,9664.508092327651,0.3,0.9486832980505138,48246841.0,381888.9661811256,25500.0,0.0,25541804.8,9070240.063400352,10771173.3,2971230.432674093,55.45411398001088,1.6970387750509108,38.773445020014336,1.5343246195594318,5.248700349990395,0.21308644412590605,0.0039696800005913245,0.0004113222010381019,0.02742977000089013,0.010729158476628052,5.81,1.5916487297806463,9.4,0.699205898780101,0.5812927689714176,0.15917554494699365,0.01,0.0316227766016838,0.47105753383996185,0.1863436010340399,0.0021359115403178546,0.0019228259265885053,0.23492184700999763
CICIDS2017_COVERAGE_R1,Oracle-Score-Exact,1.0,10,0.7611389912419487,0.008961515444537561,0.49823675109489707,0.005342091767412909,0.004488324585756518,0.0031806604797708694,0.005867534411862222,0.012182972903352145,0.18721385935851334,0.023424881513089087,0.3093527799157514,0.1659674771774427,0.0023410366016564255,0.0018163529209428233,0.3763087698197046,0.08478216037284565,58.67534411862223,121.82972903352146,13889200.3,2036366.7603172867,32321575.6,2035045.9707313303,2048041.7,1034.552619358833,20480417.0,10345.52619358833,0.0,0.0,48228063.7,239290.57961772938,25500.0,0.0,27431120.0,7292809.202515768,11815658.6,2036516.0896105114,55.646475219998685,1.5601243731735757,38.85472793999215,1.5630432245624368,5.279984239998157,0.22635109278555152,0.03287127999647055,0.010534924326467224,0.031500020003295506,0.00810680142864387,6.383333333333333,1.1044522691428609,9.4,0.699205898780101,0.6383409356068235,0.11013679257058072,0.0,0.0,0.4313384487033354,0.15078688822163047,0.0021205645794298276,0.001919898204583559,0.23492184700999763
CICIDS2017_COVERAGE_R1,Random-Budget,1.0,10,0.7639280213184934,0.0030060739370428623,0.5000698739589063,0.0023018944645441033,0.004694051210685363,0.004380016756780656,0.0022313447885725615,0.0037941177105418993,0.17953436671035583,0.011486980766103739,0.39819089024994536,0.2091266928599231,0.0023710927063852524,0.0022164610269641226,0.3716441272111017,0.049107856374163386,22.313447885725616,37.94117710541899,19483323.8,1332867.4891155867,37920549.2,1335514.0058873545,2048580.6,1235.3086164104004,20485806.0,12353.086164104005,0.0,0.0,48241455.4,278206.8402614621,23100.0,0.0,42607926.9,7896549.50787834,17411643.2,1332578.8329549255,61.483023389998564,2.021402007300983,42.79492274001168,1.7141051925254913,5.660222700008307,0.20484294101727066,0.004519949993846239,0.0005002696387730494,0.06263204999486334,0.005094495406179347,9.4,0.699205898780101,9.4,0.699205898780101,0.9403295035366719,0.06963968396253105,0.0,0.0,0.11719497186274137,0.16160514693190747,0.0019553687392818596,0.0018907540512187683,0.23492184700999763
CICIDS2017_COVERAGE_R1,Utility-Cost-Ratio,1.0,10,0.7621358766288956,0.004343556152005206,0.49944016433632554,0.0025180172708182415,0.0075717749397408276,0.008834935564179835,0.005053681479633168,0.006485107221750191,0.19595269404151966,0.04113084663777531,0.3508363463462247,0.2308926096319884,0.003934010152284264,0.004699384470753139,0.3909992169026051,0.10834212771311205,50.536814796331676,64.85107221750191,12844646.8,2970983.6793959076,31276408.3,2968776.1347692325,2047973.5,966.4508092327652,20479735.0,9664.508092327651,0.3,0.9486832980505138,48246841.0,381888.9661811256,25500.0,0.0,25541804.8,9070240.063400352,10771173.3,2971230.432674093,55.87487880000335,1.3361091391946511,39.093136609998325,1.2561297837217376,5.256192129992996,0.18430539610673402,0.0016858300019521265,0.0001392476895616362,0.02757921000229544,0.010753820066221971,5.81,1.5916487297806463,9.4,0.699205898780101,0.5812927689714176,0.15917554494699365,0.01,0.0316227766016838,0.47105753383996185,0.1863436010340399,0.0021359115403178546,0.0019228259265885053,0.23492184700999763
CICIDS2017_COVERAGE_R1,Utility-Only,1.0,10,0.7621358766288956,0.004343556152005206,0.49944016433632554,0.0025180172708182415,0.0075717749397408276,0.008834935564179835,0.005053681479633168,0.006485107221750191,0.19595269404151966,0.04113084663777531,0.3508363463462247,0.2308926096319884,0.003934010152284264,0.004699384470753139,0.3909992169026051,0.10834212771311205,50.536814796331676,64.85107221750191,12844646.8,2970983.6793959076,31276408.3,2968776.1347692325,2047973.5,966.4508092327652,20479735.0,9664.508092327651,0.3,0.9486832980505138,48246841.0,381888.9661811256,25500.0,0.0,25541804.8,9070240.063400352,10771173.3,2971230.432674093,55.744308269998875,1.7448395681844913,38.999469879993555,1.557469164716233,5.255022530001588,0.1791209615482069,0.0015100499942491297,0.00010042675013556844,0.027231799994478934,0.010793923505781343,5.81,1.5916487297806463,9.4,0.699205898780101,0.5812927689714176,0.15917554494699365,0.01,0.0316227766016838,0.47105753383996185,0.1863436010340399,0.0021359115403178546,0.0019228259265885053,0.23492184700999763
CICIoT2023_R1,Full-Contextual,Full,10,0.8896149592842063,0.005839091507091884,0.910678444714283,0.0035880973758228574,0.9218090119020942,0.004492665347525981,0.04709789586305278,0.0030881245596545127,0.9874069072980145,0.0008731471459956921,0.9821951675754266,0.0010735251649316476,0.8684547852916188,0.008277664548472978,0.9587910169916661,0.0029059855166099846,470.9789586305278,30.881245596545124,14895029.8,214145.57101954942,28361818.9,215995.3406649988,1496309.9,452.31809112123244,14963099.0,4523.180911212325,0.0,0.0,34881766.8,667459.1675057816,0.0,0.0,34881766.8,667459.1675057816,13398719.9,213943.83529144072,37.85078282999966,0.7090609070549645,24.22836062999704,0.4910736515666633,2.7856953599992265,0.05568235157903838,0.00023234999607666396,7.77163313833618e-06,0.046826969999528956,0.0009983099504201653,10.0,0.0,10.0,0.0,1.0,0.0,0.0,0.0,0.0,0.0,0.017869261202563602,0.007648558976299958,0.7494275214190766
CICIoT2023_R1,CB-Score,0.1,10,0.8381477385699764,0.15084508484246228,0.8693465820017252,0.12682447305091013,0.8708963462071168,0.15114014184311414,0.06811251783166904,0.08031502214681091,0.9665113571292596,0.0643928951171179,0.9613302421637311,0.07089479460747711,0.8068056818351195,0.17522520819307744,0.9113761130181715,0.14453075010492725,681.1251783166904,803.1502214681091,2618522.3,393904.3750607641,16073146.1,431122.47999751894,1494958.2,4166.1464155206495,14949582.0,41661.46415520649,4.1,9.182713227702486,33766820.7,1903513.6461193752,25500.0,0.0,3203080.1,1479167.9347617063,1098064.1,389772.3101727896,39.223819859985085,0.45552426890408926,24.35215612999018,0.32848844786497844,2.8663474199966004,0.1932237856286911,0.011687880007229978,0.0006796451874433555,0.0062198300038289744,0.0021318852908342213,0.8633333333333333,0.30609044092341625,3.4133333333333336,1.507446536938672,0.8558498275366855,0.30325915127368963,0.13666666666666666,0.30609044092341625,0.9045663333525339,0.0435710327550152,0.016241087773413616,0.010504690015841346,0.7494275214190766
CICIoT2023_R1,Cost-Only,0.1,10,0.8232722317169889,0.1477719829038721,0.833581844651252,0.13603514892576332,0.8620910313670657,0.14878899386316854,0.145751604850214,0.18883740002637447,0.9603586346543945,0.06296714999986298,0.9383085142709225,0.08105420700034116,0.8129152941527179,0.18207383484181272,0.8965256171217704,0.14035969323183256,1457.51604850214,1888.374000263745,2609157.4,392026.61537854234,16058135.5,426999.4924681475,1494330.9,3961.044347419279,14943309.0,39610.44347419279,3.4,9.383200117467625,33103273.4,2138829.1054088552,25500.0,0.0,3186390.4,2249727.5686012493,1089326.5,388148.338424099,39.47265919999554,0.9604587747412393,24.575122059989372,0.7414741511004592,2.9075322400036385,0.19408148551462287,0.0013122899938025512,0.00010459503126964978,0.006441740001901053,0.0022092274465719793,0.8866666666666667,0.3127733372489208,3.296666666666667,1.3306871890349468,0.8685600713043964,0.306211140218949,0.11333333333333333,0.3127733372489208,0.9015785119967619,0.07304377907484802,0.011652000056125154,0.010702082240168756,0.7494275214190766
CICIoT2023_R1,Historical-DoubleCost,0.1,10,0.8381019402835026,0.15082569570718043,0.8694154345341545,0.1268520662096135,0.870853874721687,0.1511228231741637,0.06781383737517832,0.08040689670158391,0.9665257702151253,0.06439844531307513,0.961437271732917,0.07093079490780052,0.8066447064434872,0.1751545076156388,0.9114296257331181,0.14455246356851298,678.1383737517831,804.068967015839,2618334.4,393858.2397403637,16072900.6,431057.30783432705,1494951.8,4163.119017702419,14949518.0,41631.19017702419,4.1,9.182713227702486,33761361.7,1912312.596695428,25500.0,0.0,3149330.8,1470107.7262602826,1097882.6,389728.1913038026,39.17214730000342,0.9376552039477976,24.33726096001046,0.6502690625436554,2.860927350007114,0.19822938506007545,0.0113054500099679,0.0005117437701202649,0.005894549997901777,0.0020341852475376826,0.8633333333333333,0.30609044092341625,3.4166666666666665,1.5093331043057017,0.85589614856443,0.303281969267287,0.13666666666666666,0.30609044092341625,0.9063457354708486,0.04292916783778565,0.016224728000883946,0.010478555528135236,0.7494275214190766
CICIoT2023_R1,Oort-Style-Adapted,0.1,10,0.8205232174971795,0.15177005595782497,0.826946508265989,0.17102223532064126,0.8613732134876146,0.1496391134471932,0.16017742510699,0.3059864431005593,0.9508947944153028,0.0772618004643098,0.9391807722442299,0.09778230678414132,0.8140704416389679,0.18480062775605066,0.8830341104352253,0.16330663902454876,1601.7742510699002,3059.864431005593,2357471.6,365068.9822970143,15805136.6,396907.53803546965,1494185.0,3954.5054192795224,14941850.0,39545.05419279522,10.7,8.192815280611557,34128653.9,1421137.952764806,25500.0,0.0,1715603.7,1013227.3429495859,837786.6,361574.5588985916,39.919269860007624,1.1332350343428224,24.86021654999495,0.7246660294915845,2.9442485200059307,0.18458531321909627,0.0033580300048924984,0.00017012110597121753,0.004643270000815392,0.0018978275321323357,0.6433333333333333,0.2730938426870519,3.4366666666666665,1.506483928610091,0.6400523444248354,0.27227595585578473,0.3566666666666667,0.2730938426870519,0.9494544232241698,0.030638753484118,0.01606207914196922,0.009203659016010547,0.7494275214190766
CICIoT2023_R1,Oracle-Score-Exact,0.1,10,0.8381477385699764,0.15084508484246228,0.8693465820017252,0.12682447305091013,0.8708963462071168,0.15114014184311414,0.06811251783166904,0.08031502214681091,0.9665113571292596,0.0643928951171179,0.9613302421637311,0.07089479460747711,0.8068056818351195,0.17522520819307744,0.9113761130181715,0.14453075010492725,681.1251783166904,803.1502214681091,2618522.3,393904.3750607641,16073146.1,431122.47999751894,1494958.2,4166.1464155206495,14949582.0,41661.46415520649,4.1,9.182713227702486,33766820.7,1903513.6461193752,25500.0,0.0,3203080.1,1479167.9347617063,1098064.1,389772.3101727896,39.290447760001555,0.9980479536888666,24.376306730003854,0.6635650513887115,2.8999448599999598,0.24720937713435653,0.011990850000438513,0.0006197860601552335,0.006461960009619361,0.0025489179037025485,0.8633333333333333,0.30609044092341625,3.4133333333333336,1.507446536938672,0.8558498275366855,0.30325915127368963,0.13666666666666666,0.30609044092341625,0.9045663333525339,0.0435710327550152,0.016241087773413616,0.010504690015841346,0.7494275214190766
CICIoT2023_R1,Random-Budget,0.1,10,0.8244540509142901,0.15148905374848332,0.8240467261450589,0.16322496075519927,0.8648443374599721,0.15018599681394362,0.17676979315263908,0.2836181741297471,0.9606542175208078,0.06429728785511621,0.9325136119246051,0.09237265016950397,0.8248632454427568,0.18641383037365464,0.9006166037585887,0.14337875574998007,1767.697931526391,2836.181741297471,2612842.9,391293.7933435836,16068164.2,428605.4429886666,1495035.7,4207.4579300729,14950357.0,42074.579300729005,3.4,9.383200117467625,32966796.7,1943155.4620634192,23100.0,0.0,2906393.4,1314009.871330687,1094707.2,387154.71276331437,39.46794289999961,0.6144213033737183,24.53328579002191,0.37611968621930647,2.8832702600011544,0.1726842063313773,0.0033899200025189202,7.725873779990949e-05,0.0064094100038346365,0.0022015616045447245,0.8866666666666667,0.3127733372489208,3.4533333333333336,1.4053864632588118,0.876898779898972,0.30922949937404925,0.11333333333333333,0.3127733372489208,0.910477906368324,0.041873991000686214,0.012871814462732778,0.007745546048839549,0.7494275214190766
CICIoT2023_R1,Utility-Cost-Ratio,0.1,10,0.8393664198027323,0.15197732502501476,0.8696982254003552,0.12710457471572562,0.8717202951386951,0.15191773236430597,0.06949893009985735,0.08031374521668196,0.967294846206651,0.06465652022218958,0.9609433986328454,0.07083335638662486,0.8088953809005679,0.1774204400136292,0.9141534611867361,0.14544122280177713,694.9893009985735,803.1374521668196,2270473.0,330952.2415623002,15718351.3,362138.8351226793,1494208.7,3916.438462855421,14942087.0,39164.38462855421,12.7,7.498888806572166,34125197.5,1393147.679034164,25500.0,0.0,1993283.4,1214183.2909341159,750764.3,327537.9181048441,38.95540332000019,0.5201131531363115,24.193538269994313,0.3758614399034207,2.851875140002812,0.24330981904202345,0.0012687200018262957,9.651728813819799e-05,0.004152780002186773,0.0017286201089547564,0.5766666666666667,0.24996296021907222,3.4633333333333334,1.4483238502864757,0.5735703582092941,0.24900668995267752,0.42333333333333334,0.24996296021907222,0.9417040482999417,0.03596425008480261,0.01669779570289025,0.009631405280417199,0.7494275214190766
CICIoT2023_R1,Utility-Only,0.1,10,0.8390570021111893,0.15185500510158237,0.8698612312104744,0.1271633893817471,0.871456305997958,0.15181502460069915,0.06838890870185449,0.08055439481930995,0.9672642914615805,0.06464574962843839,0.9613331580281801,0.07094906414261407,0.8081113711228034,0.1770917848076194,0.9140509679273202,0.14540531705526968,683.889087018545,805.5439481930995,2261820.9,318697.8337451916,15709649.7,350434.546474342,1494203.2,3913.4467842725717,14942032.0,39134.46784272572,12.9,7.202622979011034,34111751.7,1397187.3660534383,25500.0,0.0,1915226.3,1064746.988737288,742117.7,315217.2226139548,39.75560426999946,0.7219556074114991,24.739711660007742,0.4432465019188468,2.9132119299902115,0.18598632481223307,0.0011964099976466969,9.401042464397323e-05,0.0042172599991317835,0.001764162709136425,0.57,0.24008743263370114,3.4566666666666666,1.4416254543456437,0.5670554158246722,0.23937096618871465,0.43,0.24008743263370114,0.9440153085297395,0.03139056146283012,0.01672119917352239,0.009627353472664505,0.7494275214190766
CICIoT2023_R1,CB-Score,0.2,10,0.886763178177675,0.007868721289323173,0.9090191321747597,0.004557951094654452,0.9195887267491465,0.00619079557939645,0.046366797432239655,0.004217044689691978,0.9871604972541802,0.0014329934753121777,0.9823932602225658,0.0014343194182578408,0.8644050617817591,0.01139395210564231,0.9581472406423059,0.004862703294093291,463.66797432239656,42.17044689691978,3819620.9,362605.3867888923,17284344.5,358976.1394253415,1496080.4,780.1582745400663,14960804.0,7801.582745400662,0.0,0.0,35103112.3,632705.636425915,25500.0,0.0,6118481.6,2448027.4204612714,2298040.5,363014.7800527166,38.87979010000563,0.5413817713543515,24.100580609988537,0.3408293831050138,2.794112380009028,0.04203585493041012,0.011482940000132658,0.0006392675273519852,0.007626850002270658,0.0004440867887863525,1.7066666666666668,0.27924059275466256,8.8,0.9189365834726815,0.8533562258330238,0.13741977397081184,0.0,0.0,0.8260286961284261,0.06838303512671697,0.018076102865619902,0.007176795119530092,0.7494275214190766
CICIoT2023_R1,Cost-Only,0.2,10,0.8899221429129944,0.006454085868011515,0.9098507335133381,0.005721107960924608,0.922121748659878,0.00501109908012772,0.0502006062767475,0.01387989639221817,0.9861148498468049,0.002295186921184546,0.981122526396502,0.004873764872762285,0.8699020733034237,0.010491489049003136,0.9550516303311272,0.0074064212271062165,502.00606276747504,138.7989639221817,3965824.9,120292.56018968459,17432934.4,120918.0899224301,1496345.5,466.6250576688359,14963455.0,4666.25057668836,0.0,0.0,32713371.8,1731186.1424725726,25500.0,0.0,6585383.3,2664407.5517333657,2443979.4,120231.91127723861,39.342800560005706,0.8045607149454284,24.445418109973254,0.5485605033985914,2.8456701299961424,0.044062199130730104,0.0015658700009225867,9.871629651834122e-05,0.00832672000542516,0.0003835689266568605,1.98,0.032203059435976567,8.8,0.9189365834726815,0.974102286762287,0.01290423971277689,0.0,0.0,0.795939227396798,0.09238511109773728,0.012103359426991938,0.007832007188770746,0.7494275214190766
CICIoT2023_R1,Historical-DoubleCost,0.2,10,0.886366632038694,0.01165438187912899,0.9098495383521723,0.0034385658298043214,0.9191127962700397,0.009626308970744986,0.0430768544935806,0.013751967068891882,0.9870291024875568,0.0012223845706436775,0.9837086530842389,0.005127151303636781,0.8627759311979252,0.020069456047149794,0.9576857459390274,0.004184768133964531,430.768544935806,137.5196706889188,3787724.1,386122.0970224171,17251907.7,382712.10132917,1496020.4,796.6740864368566,14960204.0,7966.740864368566,0.0,0.0,35096841.2,537179.6555696758,25500.0,0.0,5927676.7,2413280.13798744,2266203.7,386507.3389629663,39.19495045999065,0.44584486015765895,24.33534029998409,0.2872563824344518,2.8149223700034782,0.037586935982225775,0.011770339998474811,0.0005118354569808314,0.007694869996339548,0.00046799194465976584,1.6833333333333333,0.29491576533304437,8.8,0.9189365834726815,0.8417535183051121,0.1452847171376401,0.0,0.0,0.8311904454148307,0.06788423008887681,0.018155942127103294,0.007191998249963896,0.7494275214190766
CICIoT2023_R1,Oort-Style-Adapted,0.2,10,0.8756732906627347,0.017346651684949404,0.9054318571316395,0.006408668483515982,0.9104444100321922,0.014528747683859686,0.034914407988587734,0.018106533393248775,0.9863164761404145,0.0011851356646167958,0.9866265274035376,0.006833316019303359,0.8457781222518669,0.028843888261063884,0.9555433955623881,0.00415770042951216,349.1440798858773,181.06533393248776,3380257.1,358646.29903645243,16845822.2,355207.280258787,1496173.9,673.0168315544237,14961739.0,6730.168315544237,0.0,0.0,35121869.9,419427.45822197245,25500.0,0.0,3670182.1,2234333.3586193966,1858583.2,359032.686816736,39.120488289985225,0.5874191231896662,24.25503268000175,0.41979914212297936,2.8221700299807706,0.04053339433451217,0.0035494799943990075,0.00013087585740249988,0.007524840027326718,0.0003546194266759846,1.3733333333333333,0.2720747900082341,8.8,0.9189365834726815,0.6889502446643884,0.13399374045005485,0.0,0.0,0.8956286876717718,0.06310778406425355,0.018290203653957702,0.0072433776748609515,0.7494275214190766
CICIoT2023_R1,Oracle-Score-Exact,0.2,10,0.880971370485797,0.019101512216799035,0.900773604958611,0.02480368069914,0.9155304939596574,0.013701852846783654,0.05953102710413695,0.0401778101253269,0.9858505553395808,0.0037086807919851873,0.9774999634811896,0.014913683975274598,0.861078237021359,0.016721098546754437,0.9537895913365565,0.011585227286551767,595.3102710413694,401.778101253269,3847774.1,370914.29552195,17311325.9,369606.19502728095,1495950.2,819.4636186080638,14959502.0,8194.636186080637,0.0,0.0,35013794.5,736972.9431946226,25500.0,0.0,6089937.9,2285209.6338839196,2326323.9,371068.40394833765,39.90178391999943,0.8219831835213413,24.764334990049246,0.4980429625928632,2.886060770008771,0.05982349550297375,0.018158420000690966,0.003599211572649461,0.008062070002779365,0.0006294959568006982,1.7333333333333334,0.28414915227876486,8.8,0.9189365834726815,0.8662322786964404,0.13968900591919955,0.0,0.0,0.8257460282582392,0.06629698789719003,0.01724563207044747,0.0057145108889726836,0.7494275214190766
CICIoT2023_R1,Random-Budget,0.2,10,0.8831127196362946,0.012775532188468873,0.9065851178220669,0.008136817505920192,0.9167322154012562,0.00994599225414066,0.046362339514978604,0.0036983104182437593,0.9864932224058351,0.0015361115789913834,0.9822909804137001,0.0012639381010548013,0.8595325751591123,0.017553340845563134,0.9560734805696229,0.005220521777477306,463.623395149786,36.9831041824376,3918006.5,169985.13222844584,17383637.3,167960.26230368367,1496181.2,517.0015688779118,14961812.0,5170.015688779118,0.0,0.0,33715676.0,909508.9258439292,23100.0,0.0,6328718.1,967100.44166656,2398725.3,170216.48249936185,38.748202370004584,0.40760036026584784,24.09676505997995,0.24748054410882797,2.7756597900079214,0.018261640986321152,0.0035023200056457427,8.152864039608258e-05,0.00809825001124409,0.0003226135182241061,1.8599999999999999,0.13128049322437266,8.8,0.9189365834726815,0.9263450758717183,0.06382940643942397,0.0,0.0,0.8115577499296219,0.030830722804429826,0.01608946155289442,0.006956824721872868,0.7494275214190766
CICIoT2023_R1,Utility-Cost-Ratio,0.2,10,0.8635724897512371,0.020566232810497072,0.9022146513480392,0.006952222799415264,0.9002497363492447,0.01721736885024413,0.02032364479315264,0.023683085609609144,0.9857051364813061,0.0015535062483498063,0.992229940088908,0.008950199163357639,0.824752947489231,0.034954195079697034,0.9536737607708958,0.0051044785919336835,203.23644793152638,236.83085609609142,3314503.0,328032.34900336683,16779196.0,324267.64163676073,1496077.0,647.8845919177616,14960770.0,6478.8459191776155,0.2,0.6324555320336759,35065256.1,592181.7433229337,25500.0,0.0,4958098.8,2617446.4429127104,1792926.0,328454.37606631324,39.60284522999573,0.5809971961386706,24.606243559990254,0.3488925878100123,2.8763999799935847,0.04781708084986124,0.001523860014276579,4.3036781804705575e-05,0.007666140008950606,0.00037295137992434806,1.3266666666666667,0.2522980796352884,8.8,0.9189365834726815,0.665685834597468,0.12406619794206826,0.006666666666666666,0.021081851067789197,0.8591805248363379,0.07334711836815451,0.01812385608552417,0.007203905687112723,0.7494275214190766
CICIoT2023_R1,Utility-Only,0.2,10,0.8642605810797226,0.021870901203782718,0.9018843997528662,0.007342713031096075,0.9008359903920544,0.018249796058075217,0.022695256776034237,0.026363340654475244,0.98570891061532,0.0016503766978716446,0.9913774653015341,0.009921483429961043,0.8264640562817666,0.0374636499432366,0.9536531093068901,0.005362262667119474,226.95256776034236,263.6334065447524,3297530.0,316122.442673018,16761879.2,312420.304736993,1496038.8,656.2980014190708,14960388.0,6562.980014190708,0.2,0.6324555320336759,35091140.2,549458.3769559498,25500.0,0.0,4846009.6,2580933.0933304033,1775991.2,316537.92229185504,39.31859049999766,0.8240276297664407,24.377192909942824,0.5113501814426413,2.8501541400066346,0.05335131154308471,0.0014101500055403449,5.788441049228367e-05,0.007618970001931302,0.00044410440584823264,1.3133333333333332,0.24353365676084415,8.8,0.9189365834726815,0.6589890878843937,0.11966396386402174,0.006666666666666666,0.021081851067789197,0.86246770171651,0.07230139235967765,0.018078812377432567,0.007184827759544381,0.7494275214190766
CICIoT2023_R1,CB-Score,0.4,10,0.8818069099561007,0.017410302030990657,0.9074053335345773,0.006201961194159837,0.9154162234094376,0.014470992477167245,0.041280313837375175,0.01791625553124613,0.987542664249374,0.0008182416892775541,0.9843693202978082,0.006675876294270581,0.8560909809065299,0.028997120224125508,0.9592968846529182,0.0026366083796676015,412.8031383737518,179.16255531246128,6437315.1,389967.9342887481,19905087.9,390311.8462427618,1496419.2,680.8686934922017,14964192.0,6808.686934922018,0.1,0.31622776601683794,35291135.4,644185.717776964,25500.0,0.0,13293656.4,4993399.17873273,4915395.9,389935.6475130651,39.61638268000097,0.6380770147612762,24.561823710033785,0.35993138587839374,2.8723117200061097,0.0566705221978497,0.012330810015555471,0.0006324256691590992,0.01084774000919424,0.0006655573990770074,3.6233333333333335,0.29733383158901955,8.8,0.9189365834726815,0.9065937964604648,0.07141841493393696,0.003333333333333333,0.010540925533894598,0.6244774071357487,0.13719863442695093,0.01828774412016216,0.007153910521910776,0.7494275214190766
CICIoT2023_R1,Cost-Only,0.4,10,0.8924935491437954,0.005383921415745371,0.9127740474253878,0.0037687799382993305,0.9239932783601013,0.00408396828081009,0.04657186162624822,0.0023924663592609753,0.9866765823654103,0.001780041104419618,0.9824581960505737,0.0008938387072536913,0.8721199564770238,0.007135139135555112,0.956487714246875,0.006183620759615602,465.71861626248216,23.924663592609758,6533684.2,200477.31979109813,20002136.5,202184.44904770056,1496494.7,470.3977158863669,14964947.0,4703.977158863669,0.0,0.0,33228791.3,1380073.0690031557,25500.0,0.0,13561897.8,2246878.397403918,5011689.5,200292.26443444533,39.29394722001452,1.0334798270071546,24.331174279970583,0.6003442625307106,2.8317895599888288,0.07551223190207447,0.0015564399960567243,8.265556944557217e-05,0.011359730000549462,0.0003213400014941838,3.966666666666667,0.04714045207910321,8.8,0.9189365834726815,0.9813009993444588,0.008754442378779807,0.0,0.0,0.5905038406933762,0.07815978694924197,0.01302001313875538,0.00726855611368669,0.7494275214190766
CICIoT2023_R1,Historical-DoubleCost,0.4,10,0.8795929537660713,0.01888388653978855,0.9062071712763666,0.006253163569287277,0.9136232289619626,0.01573906444700788,0.04044222539229672,0.020744247370596672,0.9870578075231395,0.0011006407866005314,0.9847006917925661,0.007795639270697457,0.8528565679450298,0.031924341156871,0.9576347825512864,0.0035800189529843836,404.4222539229672,207.4424737059667,6446370.8,386853.96834774746,19914119.3,387348.6413128359,1496416.5,680.6077757743034,14964165.0,6806.0777577430335,0.1,0.31622776601683794,35249479.1,708086.1209781461,25500.0,0.0,13339544.3,4794935.576370693,4924454.3,386804.95354206336,40.08999838000018,0.5926235980777399,24.850723489983647,0.33062969783173773,2.897499539988348,0.06041486676457038,0.011790099999052473,0.0010570573195028484,0.010489689993846696,0.0007532790942751295,3.6333333333333333,0.29814239699997197,8.8,0.9189365834726815,0.9092636643493489,0.07139758804360961,0.003333333333333333,0.010540925533894598,0.6226947838263761,0.1314885434613258,0.018246890333184194,0.007143902669483647,0.7494275214190766
CICIoT2023_R1,Oort-Style-Adapted,0.4,10,0.8816494085318857,0.013606669459997684,0.9080421034700437,0.004264056662662699,0.9153103962925434,0.011283203708317797,0.03905135520684736,0.017466415908270767,0.9873594921876488,0.001017844067982193,0.9851529751577419,0.00649701867115832,0.8551355621469348,0.023678957635111082,0.9587237512521318,0.0032930663201248002,390.5135520684736,174.66415908270767,5582509.6,474813.98618925846,19051748.5,473956.10138686193,1496582.1,651.6857541961633,14965821.0,6516.857541961634,0.1,0.31622776601683794,35434241.3,439261.6896207266,25500.0,0.0,8643695.7,3509099.4699817235,4060427.5,474913.6823625601,39.18803718000417,0.9868666351794724,24.354956529955963,0.6405962915732274,2.8395534200040857,0.07301877423022947,0.003525159994023852,9.62093917241766e-05,0.009701610017509665,0.0006756464297944396,2.973333333333333,0.3544427028867002,8.8,0.9189365834726815,0.7458433528383499,0.08789258865979774,0.003333333333333333,0.010540925533894598,0.7559881989073214,0.09899635338231326,0.018261054342634784,0.007134072036683948,0.7494275214190766
CICIoT2023_R1,Oracle-Score-Exact,0.4,10,0.8834199032650827,0.016840874043026224,0.9077233120199382,0.006268922245982124,0.9167527805031737,0.014003690562267874,0.04355830955777461,0.01527932959362732,0.9876951918981357,0.0006771717645915104,0.9835198436248451,0.005743427361979858,0.859004933597651,0.02752669975574043,0.9598004634213998,0.002250985262946353,435.58309557774606,152.7932959362732,6556376.8,369826.28082318744,20024005.6,370813.3814072938,1496403.2,720.0687930098532,14964032.0,7200.687930098531,0.1,0.31622776601683794,35241873.7,711701.3850719586,25500.0,0.0,13682006.7,4743475.252122061,5034473.6,369723.45235029684,40.17787381001399,1.0053196376129245,24.913238409976476,0.6050022257121878,2.9151591999980155,0.07202398289344862,0.024920650012791156,0.007822766341959391,0.010892679987591691,0.0007766249451454252,3.716666666666667,0.2803216847009526,8.8,0.9189365834726815,0.9296628554017281,0.06760345798531488,0.003333333333333333,0.010540925533894598,0.6129113246237844,0.12991767774622306,0.01822592173072463,0.0070055412994212835,0.7494275214190766
CICIoT2023_R1,Random-Budget,0.4,10,0.8836690012622455,0.010027913150724559,0.9067633742461402,0.005785726506048681,0.9172036962718297,0.007864038008676669,0.04694186875891584,0.006918761632061443,0.9867587642487862,0.0011739623042538408,0.9821134217112131,0.002445292940901424,0.8604686172511962,0.014755569093566382,0.9567495317522408,0.0038052777758528387,469.41868758915837,69.18761632061442,6296876.3,347580.1580022945,19763350.4,346163.51856543176,1496274.9,554.4830325026487,14962749.0,5544.830325026486,0.0,0.0,34532597.5,671004.4369133404,23100.0,0.0,12633624.2,2188676.698715601,4777501.4,347741.6268522108,38.98477780998947,0.7906803269296057,24.22620534998132,0.5227930380582585,2.7987118999968517,0.04451357853619029,0.0035295400011818856,0.00010766715536981123,0.010630580004362854,0.00029714792802745755,3.6,0.25724082006200505,8.8,0.9189365834726815,0.9007620838205804,0.06183630234885633,0.0,0.0,0.6343430490310111,0.061076717478724514,0.01749124735972616,0.007984710709444627,0.7494275214190766
CICIoT2023_R1,Utility-Cost-Ratio,0.4,10,0.8797348167510025,0.02173453179954211,0.9073567311001106,0.007911521549379427,0.9135569340984102,0.018019900074005668,0.037272646219686165,0.021198327046514347,0.9874719488448014,0.0009559916341920289,0.9859316319131717,0.00792285915134338,0.8519861084199073,0.03588941967712373,0.9590896860526968,0.0029001517512968963,372.72646219686163,211.98327046514348,5660805.4,444094.0242256513,19129929.1,443148.47441171826,1496569.3,470.35590543521164,14965693.0,4703.559054352117,0.0,0.0,35466058.0,504819.79939006176,25500.0,0.0,10501525.1,4226663.657679488,4138736.1,444201.4513304746,39.51269045000809,1.0338161176925382,24.545894429994224,0.7070214734738386,2.8802469599890173,0.05864800223101996,0.001553979997697752,7.551296460109798e-05,0.009990169997035992,0.0006538542070992773,3.0300000000000002,0.3447847781005951,8.8,0.9189365834726815,0.7599991200562992,0.08459975497564713,0.0,0.0,0.7044697694103259,0.11763453878918372,0.01833525333672018,0.007163716307440613,0.7494275214190766
CICIoT2023_R1,Utility-Only,0.4,10,0.8797348167510025,0.02173453179954211,0.9073567311001106,0.007911521549379427,0.9135569340984102,0.018019900074005668,0.037272646219686165,0.021198327046514347,0.9874719488448014,0.0009559916341920289,0.9859316319131717,0.00792285915134338,0.8519861084199073,0.03588941967712373,0.9590896860526968,0.0029001517512968963,372.72646219686163,211.98327046514348,5660805.4,444094.0242256513,19129929.1,443148.47441171826,1496569.3,470.35590543521164,14965693.0,4703.559054352117,0.0,0.0,35466058.0,504819.79939006176,25500.0,0.0,10501525.1,4226663.657679488,4138736.1,444201.4513304746,39.02365824000299,0.6140720863780341,24.241900450018875,0.4503502521117495,2.8322951900045155,0.06331792299657771,0.0013752700295299291,4.545934350202277e-05,0.009646830006386154,0.0005021871726122421,3.0300000000000002,0.3447847781005951,8.8,0.9189365834726815,0.7599991200562992,0.08459975497564713,0.0,0.0,0.7044697694103259,0.11763453878918372,0.01833525333672018,0.007163716307440613,0.7494275214190766
CICIoT2023_R1,CB-Score,0.6,10,0.8870334997710085,0.006134681114742252,0.9092187723623445,0.00400914349724224,0.9198110293214441,0.004741029906452618,0.046308844507845934,0.00279305899646331,0.9874832627011537,0.0011464836119984216,0.9824119506684292,0.0010028780635694661,0.8647463892325349,0.008424942484436124,0.9588831833396657,0.0037776384852264877,463.08844507845936,27.9305899646331,8896384.1,533749.4462066239,22365992.0,535923.033005466,1496623.1,608.9877667080021,14966231.0,6089.877667080021,0.0,0.0,35367354.4,525634.1461319102,25500.0,0.0,19219503.3,5357541.848318272,7374261.0,533510.8656502592,40.06262291998428,0.658763600798185,24.889301449968478,0.38623697157195014,2.91897794999677,0.04614076901108469,0.012207029986893759,0.0008455706172158784,0.013871830004791263,0.0007167977779576341,5.426666666666667,0.3962166759753905,8.8,0.9189365834726815,0.9053190163611289,0.06430102126212837,0.0,0.0,0.4574078312050838,0.14787692794233967,0.017948637079404393,0.007108199293055707,0.7494275214190766
CICIoT2023_R1,Cost-Only,0.6,10,0.8909676842822515,0.005214088083172686,0.9121640452262434,0.0034110434301202175,0.9227978523533734,0.003976197145478603,0.04534593437945792,0.0019665204282355007,0.9874686188050943,0.0008319589787926649,0.9828661416858577,0.000704442287684772,0.8696740248319447,0.007115866806382583,0.9591269880778743,0.0029182602177069187,453.4593437945792,19.665204282355,9007226.8,549065.2136725554,22475446.0,548625.4900976521,1496468.8,434.5188398933034,14964688.0,4345.188398933034,0.0,0.0,33968356.8,1302730.0759175625,25500.0,0.0,19804974.0,2271250.5439564446,7485258.0,549115.7693018841,39.71743690999138,0.9392428512569656,24.6962461500254,0.6444099666692588,2.862309299998742,0.08573762668508797,0.0015395799986436033,7.24411469119037e-05,0.01462378999858629,0.0010161582859836533,5.763333333333334,0.40565447804203464,8.8,0.9189365834726815,0.9562596339259304,0.0648078186822871,0.0,0.0,0.4162032210986943,0.06887050313168176,0.015951956795081376,0.007280880234301347,0.7494275214190766
CICIoT2023_R1,Historical-DoubleCost,0.6,10,0.8871887671324687,0.0064927102224435,0.9093757762866459,0.004243655880605697,0.9199233106717257,0.0050071335446854525,0.04614835948644793,0.002618163647049653,0.987634362993508,0.001166650667968646,0.9824744674193575,0.0009412976508683331,0.8648999120597397,0.008880738779882862,0.9594105802143535,0.0038615628111872604,461.4835948644793,26.181636470496528,8883004.9,531850.3549709887,22352438.2,534169.9970000811,1496603.7,615.9621290667507,14966037.0,6159.621290667507,0.0,0.0,35349683.5,554720.4581959879,25500.0,0.0,19224381.2,5342733.6658805795,7360901.2,531595.5607595767,39.663848570006664,0.8969337349577445,24.6631053899604,0.5819553085925429,2.855810269985523,0.07005098267399573,0.011604989990883042,0.0007253207936446549,0.01351027998898644,0.0009445225216452284,5.42,0.39037810098466724,8.8,0.9189365834726815,0.9040866596293442,0.063449049284742,0.0,0.0,0.4570670845909683,0.14715965418461552,0.018003126189513344,0.007207448409520104,0.7494275214190766
CICIoT2023_R1,Oort-Style-Adapted,0.6,10,0.8896730449158317,0.004050733577316848,0.910582181150217,0.002556484199642243,0.9218743689969484,0.0031159640403813343,0.047503566333808846,0.0024760242585014874,0.9875983315382966,0.001071168381511874,0.9820465462535064,0.0008702292675512034,0.868667928634243,0.0057278582733536546,0.9592239295223102,0.003763063742597043,475.03566333808845,24.76024258501488,7022844.7,1057322.5591147197,20490808.3,1057601.7044118736,1496440.4,627.5435708644726,14964404.0,6275.435708644726,0.0,0.0,35416566.4,472305.727308347,25500.0,0.0,12440233.7,3761735.394630576,5500904.3,1057293.4007769346,38.98043324999162,1.0376233926522218,24.198997109991616,0.6178182702453977,2.7907960000025924,0.037964165618480206,0.003508650000730995,0.0001440055007411342,0.011493659997358917,0.001186880870246057,4.033333333333333,0.7859884081701063,8.8,0.9189365834726815,0.6741844597973716,0.130885670157968,0.0,0.0,0.6491284772676695,0.10497135539401142,0.018316962076290844,0.007196374610059727,0.7494275214190766
CICIoT2023_R1,Oracle-Score-Exact,0.6,10,0.8855288585056355,0.006992842045811479,0.9075887896107254,0.004511859600827522,0.9187046461374861,0.005402786777882734,0.04819008559201141,0.0032623102276296365,0.9872161972964573,0.0012778613955811815,0.9816831346962724,0.0011615088067164876,0.8633676648134623,0.00966728778558651,0.9580149458960301,0.0041434878890736085,481.9008559201141,32.62310227629636,8916894.5,501723.82029365073,22386276.5,503476.4746103392,1496598.0,603.1377215123517,14965980.0,6031.377215123517,0.0,0.0,35332445.6,551866.6381181438,25500.0,0.0,19428208.3,5239337.899966285,7394796.5,501532.3294968132,39.97943345998938,1.55261366580818,24.868102610021015,1.0220873914741884,2.892850359992008,0.14002414952571673,0.03578052998636849,0.015400719126060308,0.014142140005424153,0.0012198967694857328,5.446666666666666,0.37456147198596945,8.8,0.9189365834726815,0.9086765886381146,0.06081308529281783,0.0,0.0,0.45088218499117344,0.1444432733735634,0.018029927225311257,0.007173013260126671,0.7494275214190766
CICIoT2023_R1,Random-Budget,0.6,10,0.8886733018330485,0.008336869892078599,0.9093439512916655,0.0062893506586324905,0.921136097530328,0.0063403549788005505,0.04921986447931526,0.006086991783791758,0.9870751542271,0.0014133287354092298,0.9813930639243127,0.0022912417980697464,0.8679077670626463,0.01090059220641967,0.9576727630880693,0.004819537628256572,492.19864479315265,60.86991783791758,8872030.7,455300.6337179986,22338340.1,455384.3648580956,1496256.6,555.3223688393376,14962566.0,5553.2236883933765,0.0,0.0,34817489.4,774258.9942752002,23100.0,0.0,19286325.6,2748197.2818063926,7352674.1,455294.7159498755,39.975216100002584,0.8920987564363796,24.830314019952493,0.64716339296974,2.9179092500067783,0.09139529512094591,0.003667190003034193,0.00011606687389699011,0.014343089987232816,0.0006809973541371066,5.49,0.3344610553276184,8.8,0.9189365834726815,0.916395678802569,0.05366901291467931,0.0,0.0,0.44610381087564044,0.07605766669284879,0.017006368230330533,0.009102336172442623,0.7494275214190766
CICIoT2023_R1,Utility-Cost-Ratio,0.6,10,0.8848452353026597,0.015478920366603893,0.908514019404596,0.005840187956114259,0.9178982934707539,0.012818815162064779,0.04403976462196862,0.015128271349267645,0.9875797044626339,0.000845067711472507,0.9833587363304943,0.005664414297814038,0.8610678034311606,0.025472995018324042,0.9592329865542236,0.002816010073455937,440.3976462196862,151.28271349267644,7039384.4,1006337.7562718526,20507834.0,1006299.267898306,1496494.4,671.5916748871875,14964944.0,6715.916748871875,0.0,0.0,35462407.3,534692.5347626428,25500.0,0.0,13830938.6,4631812.020792396,5517390.0,1006344.2736290598,39.93985336999613,0.8564761957941279,24.848478620017705,0.5579242580358784,2.8992600199911975,0.06890569627617467,0.00155798999912804,6.716127039751201e-05,0.011712659998738672,0.0014503023563122597,4.04,0.7584584756328189,8.8,0.9189365834726815,0.6754496698431204,0.1268585036950342,0.0,0.0,0.6106453909860718,0.1293206105087687,0.018321017976912993,0.007240830709208402,0.7494275214190766
CICIoT2023_R1,Utility-Only,0.6,10,0.884683265752935,0.015414010602859286,0.908554327439177,0.005847172165068186,0.9177627609218116,0.012763628268660501,0.04359397289586305,0.014849697193556126,0.987540100509537,0.0008387562721585123,0.9835150973715794,0.005568730498643249,0.8607026277742171,0.025309159651434796,0.9591232153500246,0.0027886606635529015,435.9397289586305,148.49697193556128,7013864.1,980018.814756176,20482228.2,980158.8187709174,1496484.9,687.5768159106136,14964849.0,6875.7681591061355,0.0,0.0,35473757.0,508309.02186060883,25500.0,0.0,13785630.3,4674650.87400912,5491879.2,980005.6695593144,40.26174552998564,0.9544309150621216,25.022283619976953,0.6576137476169738,2.923813810000138,0.07150972562906922,0.001420510005846154,7.376269281336519e-05,0.011768559996562544,0.0011463995726910846,4.0200000000000005,0.7365585642150383,8.8,0.9189365834726815,0.672038818937088,0.12288160789607801,0.0,0.0,0.6120471594703367,0.1305421252583079,0.01832479965643651,0.007241333038952324,0.7494275214190766
CICIoT2023_R1,CB-Score,0.8,10,0.8872725444857746,0.010988567522906749,0.9099331618593232,0.0038891487920597687,0.9198673202616647,0.008937159817243915,0.04464158345221113,0.014114910911119985,0.9875307618807017,0.0013008388558657029,0.9831460646451082,0.005223080985200699,0.8645079071708575,0.01895271003100038,0.9591335476435534,0.004230175057469342,446.41583452211125,141.14910911119986,11009625.5,711952.8605091538,24478505.3,715510.370743546,1496542.2,587.0837154008693,14965422.0,5870.837154008693,0.0,0.0,35401817.4,559606.3498702955,25500.0,0.0,23698853.3,5847885.631675911,9487583.3,711558.9056029726,40.27614745998435,0.7333092349655439,24.9971567799701,0.515441838525977,2.9147967099997913,0.0712482245394207,0.011923620000015945,0.0007232004255694303,0.01652434999559773,0.0012340854176269898,6.973333333333334,0.519686515193606,8.8,0.9189365834726815,0.8731011859578695,0.0645132998646523,0.0,0.0,0.3311387832722457,0.16219324185624012,0.01837130552257525,0.007168234970424614,0.7494275214190766
CICIoT2023_R1,Cost-Only,0.8,10,0.8909163008388905,0.00652453056356008,0.9115362825547629,0.0038093786625587396,0.9227974564400507,0.005017047074617672,0.04712910128388017,0.0026792704977518693,0.9875093557671222,0.0009958025293846182,0.9822197849412238,0.0008664805747008881,0.870201666393406,0.009333290370765801,0.9591463229841808,0.003305309759180177,471.2910128388017,26.79270497751868,11397919.0,689240.6596704005,24866516.2,690609.0978949589,1496510.8,571.1788589302731,14965108.0,5711.788589302731,0.0,0.0,34571216.2,840657.7804656965,25500.0,0.0,25931496.6,3861615.720594172,9875908.2,689090.8104491824,39.88652341999405,1.3532912068484924,24.769288230044186,0.7872377430863892,2.936413080015336,0.0733675383732869,0.0016065100047853776,8.335765817603964e-05,0.018095999999786727,0.000736370864163051,7.4366666666666665,0.47776485770644456,8.8,0.9189365834726815,0.9292046021231545,0.05825203561234543,0.0,0.0,0.25077351938970477,0.103050584431954,0.017371491754264716,0.007233907960745304,0.7494275214190766
CICIoT2023_R1,Historical-DoubleCost,0.8,10,0.8871452029087498,0.010914337793189314,0.9100143772698827,0.003992873408387523,0.9197577047519647,0.008871452399440496,0.04414229671897289,0.013824987806766246,0.9875351467141624,0.0013068137454962823,0.9833217532523464,0.005127392231851056,0.8641710512587382,0.018721787826684964,0.9591506842227574,0.004251440007048589,441.422967189729,138.24987806766248,11010915.7,716726.615214391,24479855.8,720320.6990543711,1496548.9,584.0269114803986,14965489.0,5840.269114803986,0.0,0.0,35387728.1,578855.2863268543,25500.0,0.0,23717604.3,5816056.593434116,9488866.8,716328.5402313352,40.17567816000519,0.7744796218787564,24.974770979933965,0.4814780011581396,2.902768969994213,0.04984074670870729,0.01213944000628544,0.0008606850344544484,0.016744969983119518,0.001385225866803717,6.976666666666667,0.5228247115547865,8.8,0.9189365834726815,0.8735059461524043,0.06489686169289667,0.0,0.0,0.330408341447288,0.16101304006956735,0.01836703167143018,0.007166553027278402,0.7494275214190766
CICIoT2023_R1,Oort-Style-Adapted,0.8,10,0.8844777319794913,0.011899827355935609,0.9083519173574499,0.003845586971514896,0.917677482192477,0.009819624594081519,0.0437901212553495,0.013820471012545486,0.9876325504886011,0.0008373753240669895,0.9833983963137205,0.005172407567528836,0.8604939559702494,0.020320474603733093,0.9595348612279346,0.0026900225248784266,437.901212553495,138.20471012545488,7379364.9,1220336.1068732436,20849278.8,1221228.8655198272,1496657.1,561.630453827663,14966571.0,5616.3045382766295,0.1,0.31622776601683794,35459853.9,546954.3044647737,25500.0,0.0,14359908.0,5436056.078838489,5857207.8,1220238.1636383575,39.7697474499917,0.5462289592620806,24.661301550014468,0.3547799963352435,2.8749960400047714,0.04368731644005249,0.003597520006587729,0.00017151163141304376,0.012258660004590638,0.0017849838224421495,4.29,0.9073159439920706,8.8,0.9189365834726815,0.5374042357523239,0.11321507229232466,0.003333333333333333,0.010540925533894598,0.5961243520750109,0.15221534662137337,0.018323714457601906,0.0071678042529758415,0.7494275214190766
CICIoT2023_R1,Oracle-Score-Exact,0.8,10,0.8877361125074004,0.010971493586950248,0.9101103937883481,0.0038249086353848477,0.9202336709441462,0.008932977259930154,0.04503833808844508,0.01422255014095801,0.9876443979564162,0.001318882159182947,0.98301391029992,0.005262280178352196,0.8652591256651414,0.01897940479155004,0.9595024105457848,0.004270269464059893,450.3833808844508,142.22550140958012,11017973.3,719887.9086705174,24486819.8,723484.2543977796,1496538.5,588.2091937019989,14965385.0,5882.091937019988,0.0,0.0,35400038.1,561464.4687253049,25500.0,0.0,23584333.7,5740296.292321717,9495934.8,719489.6094720047,39.83155366001738,0.9164197631303449,24.73535908000922,0.7030453354500509,2.8976085799920837,0.07189064236342076,0.037993670000287236,0.014873963525673023,0.016693119998672047,0.0011625166517227838,6.98,0.5249808932443208,8.8,0.9189365834726815,0.8739241524289344,0.06515130961455433,0.0,0.0,0.3343970227575581,0.15891671900913418,0.01834146157539878,0.007174959274078658,0.7494275214190766
CICIoT2023_R1,Random-Budget,0.8,10,0.8906359259631603,0.005669164306251207,0.9108284437197218,0.003031074377197886,0.9226307568882185,0.004390053512579433,0.0486938302425107,0.0038651882247429568,0.9876814072313317,0.0009608648557826803,0.9816470165527649,0.0012905541885959854,0.8703507176819544,0.008514892654102695,0.9597231116698101,0.003383952098389572,486.938302425107,38.65188224742955,11347455.4,555627.3248738663,24814870.9,556884.3633044376,1496379.5,539.970421000591,14963795.0,5399.704210005911,0.0,0.0,34787246.5,688424.5983755229,23100.0,0.0,25965512.3,3683378.304845402,9827975.9,555490.1027718076,37.339960749985764,1.8204210195771087,23.28952512001124,1.1269186047493025,2.9117601900084993,0.14716436980015246,0.0038886900045326913,0.00030382552110726885,0.018017519987188278,0.001128382544362824,7.34,0.3711177644114174,8.8,0.9189365834726815,0.9190249664214744,0.04477472767424281,0.0,0.0,0.254612640953302,0.09729394872047901,0.018051908131790733,0.007820499974575668,0.7494275214190766
CICIoT2023_R1,Utility-Cost-Ratio,0.8,10,0.8845950202741195,0.011926452642028282,0.9084093974533088,0.003845986673415188,0.9177687503864979,0.009844425464161904,0.04385253209700428,0.014012618284927,0.9875488646349944,0.0008043787075777037,0.9833805793216337,0.005236390085095041,0.8606713270036219,0.020405893863104162,0.9592554301287427,0.002542388533342043,438.5253209700428,140.12618284927,7333965.6,1259655.84890867,20804214.3,1260554.463455317,1496694.3,589.3636964274833,14966943.0,5893.636964274833,0.1,0.31622776601683794,35429314.6,600712.1284215186,25500.0,0.0,14322567.2,5549778.978204403,5811771.3,1259557.3421299907,39.73203806999809,0.7830084386761269,24.659765480006172,0.47844467134125646,2.87885844000557,0.06734201040552983,0.0015487000026041641,8.587711178609533e-05,0.012406489985005464,0.0015164847925209688,4.26,0.9400288936983024,8.8,0.9189365834726815,0.5337131527407821,0.11727709429571356,0.003333333333333333,0.010540925533894598,0.5971669448111141,0.15504115648297812,0.018333096877794695,0.007174409623891619,0.7494275214190766
CICIoT2023_R1,Utility-Only,0.8,10,0.8845950202741195,0.011926452642028282,0.9084093974533088,0.003845986673415188,0.9177687503864979,0.009844425464161904,0.04385253209700428,0.014012618284927,0.9875488646349944,0.0008043787075777037,0.9833805793216337,0.005236390085095041,0.8606713270036219,0.020405893863104162,0.9592554301287427,0.002542388533342043,438.5253209700428,140.12618284927,7333965.6,1259655.84890867,20804214.3,1260554.463455317,1496694.3,589.3636964274833,14966943.0,5893.636964274833,0.1,0.31622776601683794,35429314.6,600712.1284215186,25500.0,0.0,14322567.2,5549778.978204403,5811771.3,1259557.3421299907,39.60030127000937,1.0634712858092,24.61229057998571,0.6093989822951414,2.857499459994142,0.0796324514721085,0.0014139499806333333,8.607684989854077e-05,0.012187630003609229,0.001669755932421542,4.26,0.9400288936983024,8.8,0.9189365834726815,0.5337131527407821,0.11727709429571356,0.003333333333333333,0.010540925533894598,0.5971669448111141,0.15504115648297812,0.018333096877794695,0.007174409623891619,0.7494275214190766
CICIoT2023_R1,CB-Score,1.0,10,0.8912815700993041,0.007596411648204199,0.9113600936923961,0.004247546474995982,0.923100627462933,0.005844564570084961,0.04839069186875892,0.0035368172710184887,0.9878497772975491,0.0010219483342699756,0.9817757474764193,0.001133413252907441,0.8711108792535511,0.011058288778260992,0.9602287402589614,0.0034061008797746316,483.90691868758915,35.36817271018489,11837075.8,1299729.4077206822,25306005.1,1302709.2670583315,1496547.7,565.1725498563346,14965477.0,5651.725498563347,0.0,0.0,35332369.4,609784.8660618304,25500.0,0.0,25784057.1,6252126.403977938,10315028.1,1299399.1195190055,39.94460568000068,0.6727711191087196,24.831200060011177,0.5223958635469288,2.8836839100025826,0.04052836122227672,0.012214499995752703,0.0006251613663179853,0.017876040010014548,0.001566160708311316,7.593333333333333,0.950607343222034,8.8,0.9189365834726815,0.7607587699205723,0.09531638544375547,0.0,0.0,0.2711345875644593,0.17197820528385696,0.018185882165933025,0.00763097300083112,0.7494275214190766
CICIoT2023_R1,Cost-Only,1.0,10,0.8902326776359148,0.005234645366080497,0.9114985896287604,0.003324701215780574,0.9222503730371184,0.004016329216058918,0.045871968616262485,0.003610148511426585,0.9874561673130062,0.0006931978999489934,0.9826591160753035,0.0012838736492079054,0.8688691478737833,0.007446023339296672,0.9589429666805944,0.002236042661177866,458.71968616262484,36.10148511426585,13349099.6,1294035.090784567,26816290.1,1295703.664712855,1496354.5,405.57538003297105,14963545.0,4055.7538003297104,0.0,0.0,34919083.2,585104.2819045736,25500.0,0.0,30840877.2,4782262.9440677,11827245.1,1293850.196519112,40.238708170002795,0.8349578146510018,24.961030380045123,0.5374434050773601,2.922321170006762,0.08232160317507659,0.00159177001187345,6.255398100402741e-05,0.028167150012450293,0.01397470181605483,8.8,0.9189365834726815,8.8,0.9189365834726815,0.8814731136306245,0.09105570436151902,0.0,0.0,0.11816449134247822,0.12648992888271682,0.018029409076970763,0.007618734012427715,0.7494275214190766
CICIoT2023_R1,Historical-DoubleCost,1.0,10,0.8912815700993041,0.007596411648204199,0.9113600936923961,0.004247546474995982,0.923100627462933,0.005844564570084961,0.04839069186875892,0.0035368172710184887,0.9878497772975491,0.0010219483342699756,0.9817757474764193,0.001133413252907441,0.8711108792535511,0.011058288778260992,0.9602287402589614,0.0034061008797746316,483.90691868758915,35.36817271018489,11837075.8,1299729.4077206822,25306005.1,1302709.2670583315,1496547.7,565.1725498563346,14965477.0,5651.725498563347,0.0,0.0,35332369.4,609784.8660618304,25500.0,0.0,25784057.1,6252126.403977938,10315028.1,1299399.1195190055,39.98548134001321,0.6831632347922322,24.857171790022402,0.45586194355399634,2.894576999997662,0.06369237913236218,0.012446379994798917,0.0011309390351653275,0.017962479976995384,0.0017487861072965625,7.593333333333333,0.950607343222034,8.8,0.9189365834726815,0.7607587699205723,0.09531638544375547,0.0,0.0,0.2711345875644593,0.17197820528385696,0.018185882165933025,0.00763097300083112,0.7494275214190766
CICIoT2023_R1,Oort-Style-Adapted,1.0,10,0.8865341867453057,0.005438342845133982,0.9084123417345351,0.003051337068261243,0.9194711356605129,0.004221069462600918,0.04773092011412268,0.002489174574166021,0.987406615084147,0.0008615976053772704,0.981880785841751,0.0008000297236994191,0.8645556035831929,0.007904077543558274,0.9587456324291357,0.002799300902859943,477.3092011412268,24.891745741660227,7604136.4,1518752.6940961345,21073835.2,1519572.0674041973,1496633.2,447.9121441632152,14966332.0,4479.121441632152,0.0,0.0,35493679.4,460682.4681767017,25500.0,0.0,15099561.2,5647825.19752853,6082003.2,1518662.2858615334,39.587386059993875,0.5905964149295966,24.5883722599523,0.4166515577498885,2.868596569991496,0.0537711364790726,0.0036087199769099243,0.00014010174991506956,0.012848940018739086,0.002261898246141285,4.45,1.1294322839155153,8.8,0.9189365834726815,0.4459668701200328,0.1127641422464216,0.0,0.0,0.5759970786002482,0.15823366222693883,0.018357502270462907,0.007232650068322867,0.7494275214190766
CICIoT2023_R1,Oracle-Score-Exact,1.0,10,0.8912815700993041,0.007596411648204199,0.9113600936923961,0.004247546474995982,0.923100627462933,0.005844564570084961,0.04839069186875892,0.0035368172710184887,0.9878497772975491,0.0010219483342699756,0.9817757474764193,0.001133413252907441,0.8711108792535511,0.011058288778260992,0.9602287402589614,0.0034061008797746316,483.90691868758915,35.36817271018489,11837075.8,1299729.4077206822,25306005.1,1302709.2670583315,1496547.7,565.1725498563346,14965477.0,5651.725498563347,0.0,0.0,35332369.4,609784.8660618304,25500.0,0.0,25784057.1,6252126.403977938,10315028.1,1299399.1195190055,40.13562695000583,0.792676587122283,24.884443400021702,0.4888170895666297,2.9173000699913247,0.07069883004952893,0.039355700013402384,0.016207873281216166,0.01788893999182619,0.001748506398756045,7.593333333333333,0.950607343222034,8.8,0.9189365834726815,0.7607587699205723,0.09531638544375547,0.0,0.0,0.2711345875644593,0.17197820528385696,0.018185882165933025,0.00763097300083112,0.7494275214190766
CICIoT2023_R1,Random-Budget,1.0,10,0.8902326776359148,0.005234645366080497,0.9114985896287604,0.003324701215780574,0.9222503730371184,0.004016329216058918,0.045871968616262485,0.003610148511426585,0.9874561673130062,0.0006931978999489934,0.9826591160753035,0.0012838736492079054,0.8688691478737833,0.007446023339296672,0.9589429666805944,0.002236042661177866,458.71968616262484,36.10148511426585,13346699.6,1294035.090784567,26813890.1,1295703.664712855,1496354.5,405.57538003297105,14963545.0,4055.7538003297104,0.0,0.0,34919083.2,585104.2819045736,23100.0,0.0,30840877.2,4782262.9440677,11827245.1,1293850.196519112,39.876503859985675,0.46931667403090255,24.768266980009503,0.36278088895015337,2.9150399099977222,0.04830549918378626,0.00371420002047671,0.00011784047498444092,0.027962209982797505,0.013948601754362997,8.8,0.9189365834726815,8.8,0.9189365834726815,0.8814731136306245,0.09105570436151902,0.0,0.0,0.11816449134247822,0.12648992888271682,0.018029409076970763,0.007618734012427715,0.7494275214190766
CICIoT2023_R1,Utility-Cost-Ratio,1.0,10,0.8865341867453057,0.005438342845133982,0.9084123417345351,0.003051337068261243,0.9194711356605129,0.004221069462600918,0.04773092011412268,0.002489174574166021,0.987406615084147,0.0008615976053772704,0.981880785841751,0.0008000297236994191,0.8645556035831929,0.007904077543558274,0.9587456324291357,0.002799300902859943,477.3092011412268,24.891745741660227,7604136.4,1518752.6940961345,21073835.2,1519572.0674041973,1496633.2,447.9121441632152,14966332.0,4479.121441632152,0.0,0.0,35493679.4,460682.4681767017,25500.0,0.0,15099561.2,5647825.19752853,6082003.2,1518662.2858615334,39.9487932099888,0.7794043327302481,24.80868658997497,0.4938091453712355,2.907183009995788,0.06401609290200017,0.0015645599996787496,5.865231615318487e-05,0.012948270005290396,0.0022653782302153543,4.45,1.1294322839155153,8.8,0.9189365834726815,0.4459668701200328,0.1127641422464216,0.0,0.0,0.5759970786002482,0.15823366222693883,0.018357502270462907,0.007232650068322867,0.7494275214190766
CICIoT2023_R1,Utility-Only,1.0,10,0.8865341867453057,0.005438342845133982,0.9084123417345351,0.003051337068261243,0.9194711356605129,0.004221069462600918,0.04773092011412268,0.002489174574166021,0.987406615084147,0.0008615976053772704,0.981880785841751,0.0008000297236994191,0.8645556035831929,0.007904077543558274,0.9587456324291357,0.002799300902859943,477.3092011412268,24.891745741660227,7604136.4,1518752.6940961345,21073835.2,1519572.0674041973,1496633.2,447.9121441632152,14966332.0,4479.121441632152,0.0,0.0,35493679.4,460682.4681767017,25500.0,0.0,15099561.2,5647825.19752853,6082003.2,1518662.2858615334,39.96426399000338,0.9352581318046187,24.861950969959434,0.5350100936689426,2.916882459989574,0.07469685802014071,0.0014275300010922365,8.589659598054191e-05,0.012701970009948127,0.002066117536752561,4.45,1.1294322839155153,8.8,0.9189365834726815,0.4459668701200328,0.1127641422464216,0.0,0.0,0.5759970786002482,0.15823366222693883,0.018357502270462907,0.007232650068322867,0.7494275214190766
