dataset_protocol,seed,beta,method,endpoint,normalized_auc,start_value,end_value
CICIDS2017_COVERAGE_R1,42,0.1,Full-Contextual,validation_F1,0.0,0.0,0.0
CICIDS2017_COVERAGE_R1,42,0.1,Full-Contextual,validation_PR_AUC,0.0362239308860659,0.0328001974846566,0.03375680221997603
CICIDS2017_COVERAGE_R1,42,0.1,Full-Contextual,validation_FPR,0.01583702743784394,0.0548032075934866,0.03173942579832056
CICIDS2017_COVERAGE_R1,42,0.1,Random-Budget,validation_F1,0.0,0.0,0.0
CICIDS2017_COVERAGE_R1,42,0.1,Random-Budget,validation_PR_AUC,0.03603095539465747,0.03677729605098513,0.030350274616231795
CICIDS2017_COVERAGE_R1,42,0.1,Random-Budget,validation_FPR,0.002296208255685626,0.0004353140205845845,0.002331439466492386
CICIDS2017_COVERAGE_R1,42,0.1,Cost-Only,validation_F1,0.0,0.0,0.0
CICIDS2017_COVERAGE_R1,42,0.1,Cost-Only,validation_PR_AUC,0.036918791690328356,0.037466485214681364,0.0358556656565867
CICIDS2017_COVERAGE_R1,42,0.1,Cost-Only,validation_FPR,7.48433015342928e-05,0.0,0.00029699913174122936
CICIDS2017_COVERAGE_R1,42,0.1,Utility-Only,validation_F1,0.09962758773442838,0.1013087169899509,0.0
CICIDS2017_COVERAGE_R1,42,0.1,Utility-Only,validation_PR_AUC,0.050199327420324936,0.0475785252974172,0.0312491622147732
CICIDS2017_COVERAGE_R1,42,0.1,Utility-Only,validation_FPR,0.24116935084998892,0.3095695933229687,0.0013296784223876
CICIDS2017_COVERAGE_R1,42,0.1,Utility-Cost-Ratio,validation_F1,0.09962758773442838,0.1013087169899509,0.0
CICIDS2017_COVERAGE_R1,42,0.1,Utility-Cost-Ratio,validation_PR_AUC,0.050199327420324936,0.0475785252974172,0.0312491622147732
CICIDS2017_COVERAGE_R1,42,0.1,Utility-Cost-Ratio,validation_FPR,0.24116935084998892,0.3095695933229687,0.0013296784223876
CICIDS2017_COVERAGE_R1,42,0.1,CB-Score,validation_F1,0.0,0.0,0.0
CICIDS2017_COVERAGE_R1,42,0.1,CB-Score,validation_PR_AUC,0.03492729130434712,0.03835823627796578,0.033477211813313354
CICIDS2017_COVERAGE_R1,42,0.1,CB-Score,validation_FPR,0.0011361160332377432,0.0016213629999531345,0.0008286155999087246
CICIDS2017_COVERAGE_R1,42,0.1,Historical-DoubleCost,validation_F1,0.0,0.0,0.0
CICIDS2017_COVERAGE_R1,42,0.1,Historical-DoubleCost,validation_PR_AUC,0.03492729130434712,0.03835823627796578,0.033477211813313354
CICIDS2017_COVERAGE_R1,42,0.1,Historical-DoubleCost,validation_FPR,0.0011361160332377432,0.0016213629999531345,0.0008286155999087246
CICIDS2017_COVERAGE_R1,42,0.1,Oort-Style-Adapted,validation_F1,0.09962758773442838,0.1013087169899509,0.0
CICIDS2017_COVERAGE_R1,42,0.1,Oort-Style-Adapted,validation_PR_AUC,0.050199327420324936,0.0475785252974172,0.0312491622147732
CICIDS2017_COVERAGE_R1,42,0.1,Oort-Style-Adapted,validation_FPR,0.24116935084998892,0.3095695933229687,0.0013296784223876
CICIDS2017_COVERAGE_R1,42,0.1,Oracle-Score-Exact,validation_F1,0.0,0.0,0.0
CICIDS2017_COVERAGE_R1,42,0.1,Oracle-Score-Exact,validation_PR_AUC,0.03492729130434712,0.03835823627796578,0.033477211813313354
CICIDS2017_COVERAGE_R1,42,0.1,Oracle-Score-Exact,validation_FPR,0.0011361160332377432,0.0016213629999531345,0.0008286155999087246
CICIDS2017_COVERAGE_R1,42,0.2,Full-Contextual,validation_F1,0.0,0.0,0.0
CICIDS2017_COVERAGE_R1,42,0.2,Full-Contextual,validation_PR_AUC,0.03406072450497069,0.0328001974846566,0.03259949717642993
CICIDS2017_COVERAGE_R1,42,0.2,Full-Contextual,validation_FPR,0.012991296172875484,0.0548032075934866,0.0007011113131095488
CICIDS2017_COVERAGE_R1,42,0.2,Random-Budget,validation_F1,0.0,0.0,0.0
CICIDS2017_COVERAGE_R1,42,0.2,Random-Budget,validation_PR_AUC,0.036389979802029494,0.037110464137027864,0.03446480956835502
CICIDS2017_COVERAGE_R1,42,0.2,Random-Budget,validation_FPR,0.0029859744473175608,5.2147821294936574e-05,0.0006738851794555569
CICIDS2017_COVERAGE_R1,42,0.2,Cost-Only,validation_F1,0.0,0.0,0.0
CICIDS2017_COVERAGE_R1,42,0.2,Cost-Only,validation_PR_AUC,0.034352228641067836,0.036053598652459676,0.03221228480382118
CICIDS2017_COVERAGE_R1,42,0.2,Cost-Only,validation_FPR,0.002248020163615614,0.0017773698326358001,0.00042117945912598743
CICIDS2017_COVERAGE_R1,42,0.2,Utility-Only,validation_F1,0.03132317048939819,0.0934784035213452,0.00401786891872816
CICIDS2017_COVERAGE_R1,42,0.2,Utility-Only,validation_PR_AUC,0.041436204603653916,0.04636805830865332,0.037480959800808636
CICIDS2017_COVERAGE_R1,42,0.2,Utility-Only,validation_FPR,0.031235136143238005,0.2265913675310012,0.002500918931583291
CICIDS2017_COVERAGE_R1,42,0.2,Utility-Cost-Ratio,validation_F1,0.03132317048939819,0.0934784035213452,0.00401786891872816
CICIDS2017_COVERAGE_R1,42,0.2,Utility-Cost-Ratio,validation_PR_AUC,0.041436204603653916,0.04636805830865332,0.037480959800808636
CICIDS2017_COVERAGE_R1,42,0.2,Utility-Cost-Ratio,validation_FPR,0.031235136143238005,0.2265913675310012,0.002500918931583291
CICIDS2017_COVERAGE_R1,42,0.2,CB-Score,validation_F1,0.02034616915168855,0.0,0.013099779851516823
CICIDS2017_COVERAGE_R1,42,0.2,CB-Score,validation_PR_AUC,0.04060656677039691,0.03706839742625111,0.03318929178626014
CICIDS2017_COVERAGE_R1,42,0.2,CB-Score,validation_FPR,0.025515990451249373,0.0014262730447285737,0.08249920377404381
CICIDS2017_COVERAGE_R1,42,0.2,Historical-DoubleCost,validation_F1,0.029457942487066593,0.0,0.002045318092441545
CICIDS2017_COVERAGE_R1,42,0.2,Historical-DoubleCost,validation_PR_AUC,0.039481133254717735,0.03706839742625111,0.03170171976683582
CICIDS2017_COVERAGE_R1,42,0.2,Historical-DoubleCost,validation_FPR,0.052903166692743704,0.0014262730447285737,0.007082084259030619
CICIDS2017_COVERAGE_R1,42,0.2,Oort-Style-Adapted,validation_F1,0.03949251772225206,0.0934784035213452,0.002082248828735
CICIDS2017_COVERAGE_R1,42,0.2,Oort-Style-Adapted,validation_PR_AUC,0.044930826030079606,0.04636805830865332,0.0418929450721885
CICIDS2017_COVERAGE_R1,42,0.2,Oort-Style-Adapted,validation_FPR,0.04328725731522017,0.2265913675310012,0.0164266426642664
CICIDS2017_COVERAGE_R1,42,0.2,Oracle-Score-Exact,validation_F1,0.0189237039838496,0.0,0.05447560610504164
CICIDS2017_COVERAGE_R1,42,0.2,Oracle-Score-Exact,validation_PR_AUC,0.03765512335841609,0.03706839742625111,0.033055425062602097
CICIDS2017_COVERAGE_R1,42,0.2,Oracle-Score-Exact,validation_FPR,0.02895740654563185,0.0014262730447285737,0.250300297869161
CICIDS2017_COVERAGE_R1,42,0.4,Full-Contextual,validation_F1,0.0,0.0,0.0
CICIDS2017_COVERAGE_R1,42,0.4,Full-Contextual,validation_PR_AUC,0.0328944771320707,0.0328001974846566,0.031662828529819456
CICIDS2017_COVERAGE_R1,42,0.4,Full-Contextual,validation_FPR,0.008059194370207313,0.0548032075934866,0.0017111510050795704
CICIDS2017_COVERAGE_R1,42,0.4,Random-Budget,validation_F1,0.02822157557820611,0.0,0.0011200140220749633
CICIDS2017_COVERAGE_R1,42,0.4,Random-Budget,validation_PR_AUC,0.040655966033349034,0.034769115081384604,0.03053050648665312
CICIDS2017_COVERAGE_R1,42,0.4,Random-Budget,validation_FPR,0.01303940228487457,0.022687235587232034,0.0032529932581591915
CICIDS2017_COVERAGE_R1,42,0.4,Cost-Only,validation_F1,0.0,0.0,0.0
CICIDS2017_COVERAGE_R1,42,0.4,Cost-Only,validation_PR_AUC,0.03161122503085769,0.03690229805136907,0.029447861534868777
CICIDS2017_COVERAGE_R1,42,0.4,Cost-Only,validation_FPR,0.0005590797482961451,0.0014037606247930354,0.0005424454066519958
CICIDS2017_COVERAGE_R1,42,0.4,Utility-Only,validation_F1,0.037564762629491134,0.0387226431592311,0.0
CICIDS2017_COVERAGE_R1,42,0.4,Utility-Only,validation_PR_AUC,0.04196572178341664,0.04571432856107005,0.03066910499302005
CICIDS2017_COVERAGE_R1,42,0.4,Utility-Only,validation_FPR,0.03059959593228625,0.07000464613527271,0.0017537331711127762
CICIDS2017_COVERAGE_R1,42,0.4,Utility-Cost-Ratio,validation_F1,0.037564762629491134,0.0387226431592311,0.0
CICIDS2017_COVERAGE_R1,42,0.4,Utility-Cost-Ratio,validation_PR_AUC,0.04196572178341664,0.04571432856107005,0.03066910499302005
CICIDS2017_COVERAGE_R1,42,0.4,Utility-Cost-Ratio,validation_FPR,0.03059959593228625,0.07000464613527271,0.0017537331711127762
CICIDS2017_COVERAGE_R1,42,0.4,CB-Score,validation_F1,0.05945064439040942,0.0387226431592311,0.0
CICIDS2017_COVERAGE_R1,42,0.4,CB-Score,validation_PR_AUC,0.052382834191895655,0.04571432856107005,0.0396538956578993
CICIDS2017_COVERAGE_R1,42,0.4,CB-Score,validation_FPR,0.029233972649142324,0.07000464613527271,4.091318222731364e-05
CICIDS2017_COVERAGE_R1,42,0.4,Historical-DoubleCost,validation_F1,0.05945064439040942,0.0387226431592311,0.0
CICIDS2017_COVERAGE_R1,42,0.4,Historical-DoubleCost,validation_PR_AUC,0.052382834191895655,0.04571432856107005,0.0396538956578993
CICIDS2017_COVERAGE_R1,42,0.4,Historical-DoubleCost,validation_FPR,0.029233972649142324,0.07000464613527271,4.091318222731364e-05
CICIDS2017_COVERAGE_R1,42,0.4,Oort-Style-Adapted,validation_F1,0.046647221715140914,0.08906110052332734,0.007086449146656116
CICIDS2017_COVERAGE_R1,42,0.4,Oort-Style-Adapted,validation_PR_AUC,0.0449558718307047,0.047962282525367765,0.034501914504049
CICIDS2017_COVERAGE_R1,42,0.4,Oort-Style-Adapted,validation_FPR,0.027930298040436768,0.16730148394252958,0.008663713822930401
CICIDS2017_COVERAGE_R1,42,0.4,Oracle-Score-Exact,validation_F1,0.031121665615911023,0.0387226431592311,0.0
CICIDS2017_COVERAGE_R1,42,0.4,Oracle-Score-Exact,validation_PR_AUC,0.03898089245445781,0.04571432856107005,0.03340414037598682
CICIDS2017_COVERAGE_R1,42,0.4,Oracle-Score-Exact,validation_FPR,0.029526578919233323,0.07000464613527271,0.0005114147778414
CICIDS2017_COVERAGE_R1,42,0.6,Full-Contextual,validation_F1,0.0,0.0,0.0
CICIDS2017_COVERAGE_R1,42,0.6,Full-Contextual,validation_PR_AUC,0.03229869417033026,0.0328001974846566,0.030883107596323293
CICIDS2017_COVERAGE_R1,42,0.6,Full-Contextual,validation_FPR,0.006881898971370871,0.0548032075934866,0.0017419634672053079
CICIDS2017_COVERAGE_R1,42,0.6,Random-Budget,validation_F1,3.594325849877953e-05,0.0,0.0
CICIDS2017_COVERAGE_R1,42,0.6,Random-Budget,validation_PR_AUC,0.03321292546097043,0.03665665827138436,0.032577987796165435
CICIDS2017_COVERAGE_R1,42,0.6,Random-Budget,validation_FPR,0.001879167114893815,0.000785289408669139,0.0007027315215241396
CICIDS2017_COVERAGE_R1,42,0.6,Cost-Only,validation_F1,0.0,0.0,0.0
CICIDS2017_COVERAGE_R1,42,0.6,Cost-Only,validation_PR_AUC,0.03148308383919471,0.03652101574177427,0.030908922268766913
CICIDS2017_COVERAGE_R1,42,0.6,Cost-Only,validation_FPR,0.0014590739055778397,0.00921914866710482,0.0007575377235438115
CICIDS2017_COVERAGE_R1,42,0.6,Utility-Only,validation_F1,0.018654264544545766,0.0,0.0
CICIDS2017_COVERAGE_R1,42,0.6,Utility-Only,validation_PR_AUC,0.037069886680420105,0.03585372174795863,0.03286333329943235
CICIDS2017_COVERAGE_R1,42,0.6,Utility-Only,validation_FPR,0.010596486226861426,0.022680752313575234,0.0009154340915035832
CICIDS2017_COVERAGE_R1,42,0.6,Utility-Cost-Ratio,validation_F1,0.018654264544545766,0.0,0.0
CICIDS2017_COVERAGE_R1,42,0.6,Utility-Cost-Ratio,validation_PR_AUC,0.037069886680420105,0.03585372174795863,0.03286333329943235
CICIDS2017_COVERAGE_R1,42,0.6,Utility-Cost-Ratio,validation_FPR,0.010596486226861426,0.022680752313575234,0.0009154340915035832
CICIDS2017_COVERAGE_R1,42,0.6,CB-Score,validation_F1,0.0008216417624197407,0.027170069790084697,0.0
CICIDS2017_COVERAGE_R1,42,0.6,CB-Score,validation_PR_AUC,0.03185349810248576,0.04129927177865398,0.0260762047016829
CICIDS2017_COVERAGE_R1,42,0.6,CB-Score,validation_FPR,0.008326067011149524,0.06935933529434282,0.0028639227559119
CICIDS2017_COVERAGE_R1,42,0.6,Historical-DoubleCost,validation_F1,0.0008216417624197407,0.027170069790084697,0.0
CICIDS2017_COVERAGE_R1,42,0.6,Historical-DoubleCost,validation_PR_AUC,0.03185349810248576,0.04129927177865398,0.0260762047016829
CICIDS2017_COVERAGE_R1,42,0.6,Historical-DoubleCost,validation_FPR,0.008326067011149524,0.06935933529434282,0.0028639227559119
CICIDS2017_COVERAGE_R1,42,0.6,Oort-Style-Adapted,validation_F1,0.007776590181931909,0.0,0.0
CICIDS2017_COVERAGE_R1,42,0.6,Oort-Style-Adapted,validation_PR_AUC,0.035372918738888634,0.03585372174795863,0.033724120506507346
CICIDS2017_COVERAGE_R1,42,0.6,Oort-Style-Adapted,validation_FPR,0.010296992550348393,0.022680752313575234,0.0012320872129040882
CICIDS2017_COVERAGE_R1,42,0.6,Oracle-Score-Exact,validation_F1,0.0007567895294043103,0.027170069790084697,0.0
CICIDS2017_COVERAGE_R1,42,0.6,Oracle-Score-Exact,validation_PR_AUC,0.032637191243944146,0.04129927177865398,0.030152040329409567
CICIDS2017_COVERAGE_R1,42,0.6,Oracle-Score-Exact,validation_FPR,0.008483014385275692,0.06935933529434282,0.0007991901311700842
CICIDS2017_COVERAGE_R1,42,0.8,Full-Contextual,validation_F1,7.663989704647873e-05,0.0,0.0
CICIDS2017_COVERAGE_R1,42,0.8,Full-Contextual,validation_PR_AUC,0.03234545107001108,0.0328001974846566,0.03319824236770081
CICIDS2017_COVERAGE_R1,42,0.8,Full-Contextual,validation_FPR,0.006100976652587254,0.0548032075934866,0.0017137129438230141
CICIDS2017_COVERAGE_R1,42,0.8,Random-Budget,validation_F1,0.0,0.0,0.0
CICIDS2017_COVERAGE_R1,42,0.8,Random-Budget,validation_PR_AUC,0.03151530986604048,0.03392093733100064,0.032295305197816884
CICIDS2017_COVERAGE_R1,42,0.8,Random-Budget,validation_FPR,0.004409352299162983,0.03115023437040905,0.0009029160078891017
CICIDS2017_COVERAGE_R1,42,0.8,Cost-Only,validation_F1,0.0,0.0,0.0
CICIDS2017_COVERAGE_R1,42,0.8,Cost-Only,validation_PR_AUC,0.03210943759033157,0.03444628081646316,0.033394142195827134
CICIDS2017_COVERAGE_R1,42,0.8,Cost-Only,validation_FPR,0.0035714232882619068,0.029676851886551926,0.0008848938362005627
CICIDS2017_COVERAGE_R1,42,0.8,Utility-Only,validation_F1,0.011739612252611095,0.12640920059326316,0.0
CICIDS2017_COVERAGE_R1,42,0.8,Utility-Only,validation_PR_AUC,0.032351612281029174,0.0598721576566728,0.030029917653730424
CICIDS2017_COVERAGE_R1,42,0.8,Utility-Only,validation_FPR,0.006722780183839491,0.04203989016839786,0.0009156706645400466
CICIDS2017_COVERAGE_R1,42,0.8,Utility-Cost-Ratio,validation_F1,0.011739612252611095,0.12640920059326316,0.0
CICIDS2017_COVERAGE_R1,42,0.8,Utility-Cost-Ratio,validation_PR_AUC,0.032351612281029174,0.0598721576566728,0.030029917653730424
CICIDS2017_COVERAGE_R1,42,0.8,Utility-Cost-Ratio,validation_FPR,0.006722780183839491,0.04203989016839786,0.0009156706645400466
CICIDS2017_COVERAGE_R1,42,0.8,CB-Score,validation_F1,0.0038127030148023193,0.1377240298032172,0.0
CICIDS2017_COVERAGE_R1,42,0.8,CB-Score,validation_PR_AUC,0.03184942295223038,0.06186021613058153,0.0306375151623527
CICIDS2017_COVERAGE_R1,42,0.8,CB-Score,validation_FPR,0.008523431698470826,0.04568450040383122,0.0003068488667048
CICIDS2017_COVERAGE_R1,42,0.8,Historical-DoubleCost,validation_F1,0.0038127030148023193,0.1377240298032172,0.0
CICIDS2017_COVERAGE_R1,42,0.8,Historical-DoubleCost,validation_PR_AUC,0.03184942295223038,0.06186021613058153,0.0306375151623527
CICIDS2017_COVERAGE_R1,42,0.8,Historical-DoubleCost,validation_FPR,0.008523431698470826,0.04568450040383122,0.0003068488667048
CICIDS2017_COVERAGE_R1,42,0.8,Oort-Style-Adapted,validation_F1,0.011739612252611095,0.12640920059326316,0.0
CICIDS2017_COVERAGE_R1,42,0.8,Oort-Style-Adapted,validation_PR_AUC,0.032351612281029174,0.0598721576566728,0.030029917653730424
CICIDS2017_COVERAGE_R1,42,0.8,Oort-Style-Adapted,validation_FPR,0.006722780183839491,0.04203989016839786,0.0009156706645400466
CICIDS2017_COVERAGE_R1,42,0.8,Oracle-Score-Exact,validation_F1,0.0038127030148023193,0.1377240298032172,0.0
CICIDS2017_COVERAGE_R1,42,0.8,Oracle-Score-Exact,validation_PR_AUC,0.03184942295223038,0.06186021613058153,0.0306375151623527
CICIDS2017_COVERAGE_R1,42,0.8,Oracle-Score-Exact,validation_FPR,0.008523431698470826,0.04568450040383122,0.0003068488667048
CICIDS2017_COVERAGE_R1,42,1.0,Full-Contextual,validation_F1,7.53945647884993e-05,0.0,0.0
CICIDS2017_COVERAGE_R1,42,1.0,Full-Contextual,validation_PR_AUC,0.032340844880976174,0.0328001974846566,0.03167053155374365
CICIDS2017_COVERAGE_R1,42,1.0,Full-Contextual,validation_FPR,0.006011340141203198,0.0548032075934866,0.001533467342628264
CICIDS2017_COVERAGE_R1,42,1.0,Random-Budget,validation_F1,0.0,0.0,0.0
CICIDS2017_COVERAGE_R1,42,1.0,Random-Budget,validation_PR_AUC,0.031702076319190656,0.03298753067590629,0.033559587968635146
CICIDS2017_COVERAGE_R1,42,1.0,Random-Budget,validation_FPR,0.00552377081385286,0.0443467403047501,0.0008594796676771934
CICIDS2017_COVERAGE_R1,42,1.0,Cost-Only,validation_F1,0.0,0.0,0.0
CICIDS2017_COVERAGE_R1,42,1.0,Cost-Only,validation_PR_AUC,0.03170175972675258,0.032987546915472815,0.03354513282376539
CICIDS2017_COVERAGE_R1,42,1.0,Cost-Only,validation_FPR,0.005525029113778471,0.0443471443491528,0.0008590156337790079
CICIDS2017_COVERAGE_R1,42,1.0,Utility-Only,validation_F1,0.006940666935515521,0.0,0.0
CICIDS2017_COVERAGE_R1,42,1.0,Utility-Only,validation_PR_AUC,0.033771794348608546,0.03331710067715894,0.03359511768913796
CICIDS2017_COVERAGE_R1,42,1.0,Utility-Only,validation_FPR,0.009600244243326566,0.054206206465854556,0.000973544692680944
CICIDS2017_COVERAGE_R1,42,1.0,Utility-Cost-Ratio,validation_F1,0.006940666935515521,0.0,0.0
CICIDS2017_COVERAGE_R1,42,1.0,Utility-Cost-Ratio,validation_PR_AUC,0.033771794348608546,0.03331710067715894,0.03359511768913796
CICIDS2017_COVERAGE_R1,42,1.0,Utility-Cost-Ratio,validation_FPR,0.009600244243326566,0.054206206465854556,0.000973544692680944
CICIDS2017_COVERAGE_R1,42,1.0,CB-Score,validation_F1,0.0060930857182835245,0.14655441874330744,0.0
CICIDS2017_COVERAGE_R1,42,1.0,CB-Score,validation_PR_AUC,0.03374300052578224,0.06433095269026028,0.0316449437584704
CICIDS2017_COVERAGE_R1,42,1.0,CB-Score,validation_FPR,0.006970447333211694,0.03889164588241634,0.0002250225022502
CICIDS2017_COVERAGE_R1,42,1.0,Historical-DoubleCost,validation_F1,0.0060930857182835245,0.14655441874330744,0.0
CICIDS2017_COVERAGE_R1,42,1.0,Historical-DoubleCost,validation_PR_AUC,0.03374300052578224,0.06433095269026028,0.0316449437584704
CICIDS2017_COVERAGE_R1,42,1.0,Historical-DoubleCost,validation_FPR,0.006970447333211694,0.03889164588241634,0.0002250225022502
CICIDS2017_COVERAGE_R1,42,1.0,Oort-Style-Adapted,validation_F1,0.006940666935515521,0.0,0.0
CICIDS2017_COVERAGE_R1,42,1.0,Oort-Style-Adapted,validation_PR_AUC,0.033771794348608546,0.03331710067715894,0.03359511768913796
CICIDS2017_COVERAGE_R1,42,1.0,Oort-Style-Adapted,validation_FPR,0.009600244243326566,0.054206206465854556,0.000973544692680944
CICIDS2017_COVERAGE_R1,42,1.0,Oracle-Score-Exact,validation_F1,0.0060930857182835245,0.14655441874330744,0.0
CICIDS2017_COVERAGE_R1,42,1.0,Oracle-Score-Exact,validation_PR_AUC,0.03374300052578224,0.06433095269026028,0.0316449437584704
CICIDS2017_COVERAGE_R1,42,1.0,Oracle-Score-Exact,validation_FPR,0.006970447333211694,0.03889164588241634,0.0002250225022502
CICIDS2017_COVERAGE_R1,123,0.1,Full-Contextual,validation_F1,2.6137234126191718e-05,0.0,0.0003838023251309425
CICIDS2017_COVERAGE_R1,123,0.1,Full-Contextual,validation_PR_AUC,0.029872047572257,0.0318073773122044,0.026393325707610365
CICIDS2017_COVERAGE_R1,123,0.1,Full-Contextual,validation_FPR,0.058730266431231415,0.0469664116515975,0.05841445730607983
CICIDS2017_COVERAGE_R1,123,0.1,Random-Budget,validation_F1,0.018818669354085917,0.11465160959430608,0.024930702229567378
CICIDS2017_COVERAGE_R1,123,0.1,Random-Budget,validation_PR_AUC,0.030436635327619845,0.05171813044906351,0.028698184272715623
CICIDS2017_COVERAGE_R1,123,0.1,Random-Budget,validation_FPR,0.06659171420165852,0.3438307366739253,0.0367005022319378
CICIDS2017_COVERAGE_R1,123,0.1,Cost-Only,validation_F1,0.06537798824943312,0.09906247708578894,0.026237325105509024
CICIDS2017_COVERAGE_R1,123,0.1,Cost-Only,validation_PR_AUC,0.06494202829608074,0.045011257506140843,0.06048178026196539
CICIDS2017_COVERAGE_R1,123,0.1,Cost-Only,validation_FPR,0.17520056111372975,0.42231838267445254,0.09490360351036253
CICIDS2017_COVERAGE_R1,123,0.1,Utility-Only,validation_F1,0.06849996814647008,0.0,8.325522787160046e-05
CICIDS2017_COVERAGE_R1,123,0.1,Utility-Only,validation_PR_AUC,0.04503613278256842,0.029921439158379175,0.028400981342773177
CICIDS2017_COVERAGE_R1,123,0.1,Utility-Only,validation_FPR,0.07917814570165461,0.009450792467068413,0.0024666935718744704
CICIDS2017_COVERAGE_R1,123,0.1,Utility-Cost-Ratio,validation_F1,0.06849996814647008,0.0,8.325522787160046e-05
CICIDS2017_COVERAGE_R1,123,0.1,Utility-Cost-Ratio,validation_PR_AUC,0.04503613278256842,0.029921439158379175,0.028400981342773177
CICIDS2017_COVERAGE_R1,123,0.1,Utility-Cost-Ratio,validation_FPR,0.07917814570165461,0.009450792467068413,0.0024666935718744704
CICIDS2017_COVERAGE_R1,123,0.1,CB-Score,validation_F1,0.07608642441326097,0.0,0.0038844696377421106
CICIDS2017_COVERAGE_R1,123,0.1,CB-Score,validation_PR_AUC,0.04556650868005566,0.029921439158379175,0.029604576545009764
CICIDS2017_COVERAGE_R1,123,0.1,CB-Score,validation_FPR,0.08285183229241692,0.009450792467068413,0.008186557560702523
CICIDS2017_COVERAGE_R1,123,0.1,Historical-DoubleCost,validation_F1,0.07608642441326097,0.0,0.0038844696377421106
CICIDS2017_COVERAGE_R1,123,0.1,Historical-DoubleCost,validation_PR_AUC,0.04556650868005566,0.029921439158379175,0.029604576545009764
CICIDS2017_COVERAGE_R1,123,0.1,Historical-DoubleCost,validation_FPR,0.08285183229241692,0.009450792467068413,0.008186557560702523
CICIDS2017_COVERAGE_R1,123,0.1,Oort-Style-Adapted,validation_F1,0.08126346291774791,0.0,0.0
CICIDS2017_COVERAGE_R1,123,0.1,Oort-Style-Adapted,validation_PR_AUC,0.04562602023288188,0.029921439158379175,0.0270522605164373
CICIDS2017_COVERAGE_R1,123,0.1,Oort-Style-Adapted,validation_FPR,0.06524162391092748,0.009450792467068413,0.0008386859223499
CICIDS2017_COVERAGE_R1,123,0.1,Oracle-Score-Exact,validation_F1,0.07608642441326097,0.0,0.0038844696377421106
CICIDS2017_COVERAGE_R1,123,0.1,Oracle-Score-Exact,validation_PR_AUC,0.04556650868005566,0.029921439158379175,0.029604576545009764
CICIDS2017_COVERAGE_R1,123,0.1,Oracle-Score-Exact,validation_FPR,0.08285183229241692,0.009450792467068413,0.008186557560702523
CICIDS2017_COVERAGE_R1,123,0.2,Full-Contextual,validation_F1,0.0003225046321894046,0.0,0.000927257986275805
CICIDS2017_COVERAGE_R1,123,0.2,Full-Contextual,validation_PR_AUC,0.028748094158544887,0.0318073773122044,0.025945651980883805
CICIDS2017_COVERAGE_R1,123,0.2,Full-Contextual,validation_FPR,0.04834149824468369,0.0469664116515975,0.023531506824006437
CICIDS2017_COVERAGE_R1,123,0.2,Random-Budget,validation_F1,0.0011235876273646853,0.000505549511710962,0.0016805320960589737
CICIDS2017_COVERAGE_R1,123,0.2,Random-Budget,validation_PR_AUC,0.027988272123102644,0.033051814504631134,0.028728375583184834
CICIDS2017_COVERAGE_R1,123,0.2,Random-Budget,validation_FPR,0.020876597619616737,0.017357286218996633,0.009638624326389404
CICIDS2017_COVERAGE_R1,123,0.2,Cost-Only,validation_F1,0.03656648665222339,0.10696834284443126,0.0001798618803636083
CICIDS2017_COVERAGE_R1,123,0.2,Cost-Only,validation_PR_AUC,0.04441882497928883,0.05887693790459959,0.026463013444964226
CICIDS2017_COVERAGE_R1,123,0.2,Cost-Only,validation_FPR,0.11751906424521463,0.35813877054232995,0.0031404342544976696
CICIDS2017_COVERAGE_R1,123,0.2,Utility-Only,validation_F1,0.051820706632142444,0.00889168192386132,0.0883253024083694
CICIDS2017_COVERAGE_R1,123,0.2,Utility-Only,validation_PR_AUC,0.04173225944382508,0.03368261858316603,0.04078281647668674
CICIDS2017_COVERAGE_R1,123,0.2,Utility-Only,validation_FPR,0.058058902200013446,0.0353270433117755,0.12166638366488672
CICIDS2017_COVERAGE_R1,123,0.2,Utility-Cost-Ratio,validation_F1,0.051820706632142444,0.00889168192386132,0.0883253024083694
CICIDS2017_COVERAGE_R1,123,0.2,Utility-Cost-Ratio,validation_PR_AUC,0.04173225944382508,0.03368261858316603,0.04078281647668674
CICIDS2017_COVERAGE_R1,123,0.2,Utility-Cost-Ratio,validation_FPR,0.058058902200013446,0.0353270433117755,0.12166638366488672
CICIDS2017_COVERAGE_R1,123,0.2,CB-Score,validation_F1,0.08648323292130489,0.0675063209087737,0.05821392445257219
CICIDS2017_COVERAGE_R1,123,0.2,CB-Score,validation_PR_AUC,0.05169739981442368,0.04278251378595306,0.047836619664575614
CICIDS2017_COVERAGE_R1,123,0.2,CB-Score,validation_FPR,0.07100524275428208,0.22026798451667437,0.04091337363395918
CICIDS2017_COVERAGE_R1,123,0.2,Historical-DoubleCost,validation_F1,0.08647759902750786,0.0675063209087737,0.05799983648828526
CICIDS2017_COVERAGE_R1,123,0.2,Historical-DoubleCost,validation_PR_AUC,0.05176406898359471,0.04278251378595306,0.0503700480930747
CICIDS2017_COVERAGE_R1,123,0.2,Historical-DoubleCost,validation_FPR,0.07099753347205741,0.22026798451667437,0.04062042090942143
CICIDS2017_COVERAGE_R1,123,0.2,Oort-Style-Adapted,validation_F1,0.01468751480097999,0.03970757601827154,0.0223101835192515
CICIDS2017_COVERAGE_R1,123,0.2,Oort-Style-Adapted,validation_PR_AUC,0.02864242657583487,0.0368281037635119,0.0339467155690052
CICIDS2017_COVERAGE_R1,123,0.2,Oort-Style-Adapted,validation_FPR,0.03217949360773106,0.18694416102142292,0.0334247023687763
CICIDS2017_COVERAGE_R1,123,0.2,Oracle-Score-Exact,validation_F1,0.08648323292130489,0.0675063209087737,0.05821392445257219
CICIDS2017_COVERAGE_R1,123,0.2,Oracle-Score-Exact,validation_PR_AUC,0.05169739981442368,0.04278251378595306,0.047836619664575614
CICIDS2017_COVERAGE_R1,123,0.2,Oracle-Score-Exact,validation_FPR,0.07100524275428208,0.22026798451667437,0.04091337363395918
CICIDS2017_COVERAGE_R1,123,0.4,Full-Contextual,validation_F1,0.0005680393241378677,0.0,0.0013349606297323657
CICIDS2017_COVERAGE_R1,123,0.4,Full-Contextual,validation_PR_AUC,0.02712678598554983,0.0318073773122044,0.024685182979140668
CICIDS2017_COVERAGE_R1,123,0.4,Full-Contextual,validation_FPR,0.03399015336291437,0.0469664116515975,0.007855400049520539
CICIDS2017_COVERAGE_R1,123,0.4,Random-Budget,validation_F1,0.000901665219364519,0.0004886421741546465,0.002252879367736652
CICIDS2017_COVERAGE_R1,123,0.4,Random-Budget,validation_PR_AUC,0.027494843774726253,0.03161339573815841,0.0342980924892352
CICIDS2017_COVERAGE_R1,123,0.4,Random-Budget,validation_FPR,0.02226599947017021,0.04027445220877676,0.009936530409509118
CICIDS2017_COVERAGE_R1,123,0.4,Cost-Only,validation_F1,0.0006716548039490849,0.0,6.0317939263789845e-05
CICIDS2017_COVERAGE_R1,123,0.4,Cost-Only,validation_PR_AUC,0.02621627951044279,0.03319501034645645,0.025567387184808145
CICIDS2017_COVERAGE_R1,123,0.4,Cost-Only,validation_FPR,0.013996979743682067,0.005051917781533561,0.021339140619320972
CICIDS2017_COVERAGE_R1,123,0.4,Utility-Only,validation_F1,0.023040725745092576,0.00029489100140695597,0.0036624861273837532
CICIDS2017_COVERAGE_R1,123,0.4,Utility-Only,validation_PR_AUC,0.03380067422772801,0.02950912716124959,0.0366651983619891
CICIDS2017_COVERAGE_R1,123,0.4,Utility-Only,validation_FPR,0.0256492967042918,0.07506136389007304,0.012135230766712283
CICIDS2017_COVERAGE_R1,123,0.4,Utility-Cost-Ratio,validation_F1,0.023040725745092576,0.00029489100140695597,0.0036624861273837532
CICIDS2017_COVERAGE_R1,123,0.4,Utility-Cost-Ratio,validation_PR_AUC,0.03380067422772801,0.02950912716124959,0.0366651983619891
CICIDS2017_COVERAGE_R1,123,0.4,Utility-Cost-Ratio,validation_FPR,0.0256492967042918,0.07506136389007304,0.012135230766712283
CICIDS2017_COVERAGE_R1,123,0.4,CB-Score,validation_F1,0.0009720854198331356,0.00029489100140695597,0.011673464483626663
CICIDS2017_COVERAGE_R1,123,0.4,CB-Score,validation_PR_AUC,0.02764434501260203,0.02950912716124959,0.03692982956126575
CICIDS2017_COVERAGE_R1,123,0.4,CB-Score,validation_FPR,0.017191278176882242,0.07506136389007304,0.019954776281423378
CICIDS2017_COVERAGE_R1,123,0.4,Historical-DoubleCost,validation_F1,0.0007629868357483011,0.00029489100140695597,0.0016083264308225597
CICIDS2017_COVERAGE_R1,123,0.4,Historical-DoubleCost,validation_PR_AUC,0.027296291857530113,0.02950912716124959,0.03546001600881348
CICIDS2017_COVERAGE_R1,123,0.4,Historical-DoubleCost,validation_FPR,0.01623769568892436,0.07506136389007304,0.023453385023728304
CICIDS2017_COVERAGE_R1,123,0.4,Oort-Style-Adapted,validation_F1,0.010917521750006057,0.0,0.0016064257028112
CICIDS2017_COVERAGE_R1,123,0.4,Oort-Style-Adapted,validation_PR_AUC,0.02927296685590634,0.030148558897878472,0.0280173992277393
CICIDS2017_COVERAGE_R1,123,0.4,Oort-Style-Adapted,validation_FPR,0.025836951329680564,0.0453897231730749,0.0026592480464754
CICIDS2017_COVERAGE_R1,123,0.4,Oracle-Score-Exact,validation_F1,0.0008244536336283674,0.0,0.0001149312407546343
CICIDS2017_COVERAGE_R1,123,0.4,Oracle-Score-Exact,validation_PR_AUC,0.02693285826846213,0.030118287363183137,0.02825814686664123
CICIDS2017_COVERAGE_R1,123,0.4,Oracle-Score-Exact,validation_FPR,0.015586694213730202,0.047685546072401344,0.004371804702629245
CICIDS2017_COVERAGE_R1,123,0.6,Full-Contextual,validation_F1,0.0007096419537200123,0.0,0.0013553695947854986
CICIDS2017_COVERAGE_R1,123,0.6,Full-Contextual,validation_PR_AUC,0.02654184878434655,0.0318073773122044,0.02464645619054047
CICIDS2017_COVERAGE_R1,123,0.6,Full-Contextual,validation_FPR,0.028916049921714294,0.0469664116515975,0.00738454468729511
CICIDS2017_COVERAGE_R1,123,0.6,Random-Budget,validation_F1,0.001008043795380756,0.0003367077911415117,0.0015031403016610644
CICIDS2017_COVERAGE_R1,123,0.6,Random-Budget,validation_PR_AUC,0.026922107940355135,0.031012854921895244,0.028010419396559072
CICIDS2017_COVERAGE_R1,123,0.6,Random-Budget,validation_FPR,0.022119918311375518,0.053616357654807933,0.004409227080054219
CICIDS2017_COVERAGE_R1,123,0.6,Cost-Only,validation_F1,0.000966825983687931,0.0,4.4862534889237833e-05
CICIDS2017_COVERAGE_R1,123,0.6,Cost-Only,validation_PR_AUC,0.025832671515044887,0.031904184684421244,0.025874684534316312
CICIDS2017_COVERAGE_R1,123,0.6,Cost-Only,validation_FPR,0.01696364448366663,0.032093408754045274,0.007113373320276601
CICIDS2017_COVERAGE_R1,123,0.6,Utility-Only,validation_F1,0.0009150735185011643,0.0,0.0015408320493066
CICIDS2017_COVERAGE_R1,123,0.6,Utility-Only,validation_PR_AUC,0.026594594055836356,0.032818902957604874,0.0273374892586764
CICIDS2017_COVERAGE_R1,123,0.6,Utility-Only,validation_FPR,0.015686216143939967,0.0278912429909223,0.0037434030192693
CICIDS2017_COVERAGE_R1,123,0.6,Utility-Cost-Ratio,validation_F1,0.0009150735185011643,0.0,0.0015408320493066
CICIDS2017_COVERAGE_R1,123,0.6,Utility-Cost-Ratio,validation_PR_AUC,0.026594594055836356,0.032818902957604874,0.0273374892586764
CICIDS2017_COVERAGE_R1,123,0.6,Utility-Cost-Ratio,validation_FPR,0.015686216143939967,0.0278912429909223,0.0037434030192693
CICIDS2017_COVERAGE_R1,123,0.6,CB-Score,validation_F1,0.0009592072840936745,0.0,0.0013055090486192612
CICIDS2017_COVERAGE_R1,123,0.6,CB-Score,validation_PR_AUC,0.02632841708936324,0.032818902957604874,0.027002147436601745
CICIDS2017_COVERAGE_R1,123,0.6,CB-Score,validation_FPR,0.016181832484391492,0.0278912429909223,0.008580175320977733
CICIDS2017_COVERAGE_R1,123,0.6,Historical-DoubleCost,validation_F1,0.0009592072840936745,0.0,0.0013055090486192612
CICIDS2017_COVERAGE_R1,123,0.6,Historical-DoubleCost,validation_PR_AUC,0.02632841708936324,0.032818902957604874,0.027002147436601745
CICIDS2017_COVERAGE_R1,123,0.6,Historical-DoubleCost,validation_FPR,0.016181832484391492,0.0278912429909223,0.008580175320977733
CICIDS2017_COVERAGE_R1,123,0.6,Oort-Style-Adapted,validation_F1,0.007210307972349951,0.003977129335781064,0.0017970027461238435
CICIDS2017_COVERAGE_R1,123,0.6,Oort-Style-Adapted,validation_PR_AUC,0.02960764399808571,0.033980276116533994,0.03478168183037386
CICIDS2017_COVERAGE_R1,123,0.6,Oort-Style-Adapted,validation_FPR,0.018661408835202675,0.054529258229648145,0.009063392727305233
CICIDS2017_COVERAGE_R1,123,0.6,Oracle-Score-Exact,validation_F1,0.0009489156176664387,0.0,0.0013680355363370304
CICIDS2017_COVERAGE_R1,123,0.6,Oracle-Score-Exact,validation_PR_AUC,0.02620610512032956,0.032818902957604874,0.02587663286590459
CICIDS2017_COVERAGE_R1,123,0.6,Oracle-Score-Exact,validation_FPR,0.016429409070407307,0.0278912429909223,0.007119873576362654
CICIDS2017_COVERAGE_R1,123,0.8,Full-Contextual,validation_F1,0.0008049151603882447,0.0,0.001423094731292669
CICIDS2017_COVERAGE_R1,123,0.8,Full-Contextual,validation_PR_AUC,0.026466627533059332,0.0318073773122044,0.025580439313380308
CICIDS2017_COVERAGE_R1,123,0.8,Full-Contextual,validation_FPR,0.025712828914750425,0.0469664116515975,0.00596910833068684
CICIDS2017_COVERAGE_R1,123,0.8,Random-Budget,validation_F1,0.0009028783018455173,0.0,0.0014917219358948017
CICIDS2017_COVERAGE_R1,123,0.8,Random-Budget,validation_PR_AUC,0.026359160515225216,0.03197480154946381,0.027965502113972522
CICIDS2017_COVERAGE_R1,123,0.8,Random-Budget,validation_FPR,0.025183945245670532,0.043720741524611695,0.004643441808625661
CICIDS2017_COVERAGE_R1,123,0.8,Cost-Only,validation_F1,0.0009432406218176875,0.0,0.0014208432334270418
CICIDS2017_COVERAGE_R1,123,0.8,Cost-Only,validation_PR_AUC,0.026156879289736753,0.03256074329082471,0.02584317063277298
CICIDS2017_COVERAGE_R1,123,0.8,Cost-Only,validation_FPR,0.02103314426476565,0.03491853222019067,0.0060150919777424185
CICIDS2017_COVERAGE_R1,123,0.8,Utility-Only,validation_F1,0.001988007118055901,0.0,0.0013131976362442
CICIDS2017_COVERAGE_R1,123,0.8,Utility-Only,validation_PR_AUC,0.027721900228259128,0.03363145306994819,0.0286325122029132
CICIDS2017_COVERAGE_R1,123,0.8,Utility-Only,validation_FPR,0.02934522720892109,0.022659417467934536,0.0083459477150922
CICIDS2017_COVERAGE_R1,123,0.8,Utility-Cost-Ratio,validation_F1,0.001988007118055901,0.0,0.0013131976362442
CICIDS2017_COVERAGE_R1,123,0.8,Utility-Cost-Ratio,validation_PR_AUC,0.027721900228259128,0.03363145306994819,0.0286325122029132
CICIDS2017_COVERAGE_R1,123,0.8,Utility-Cost-Ratio,validation_FPR,0.02934522720892109,0.022659417467934536,0.0083459477150922
CICIDS2017_COVERAGE_R1,123,0.8,CB-Score,validation_F1,0.0009303863544968455,0.0,0.001503850210434428
CICIDS2017_COVERAGE_R1,123,0.8,CB-Score,validation_PR_AUC,0.025999646744839986,0.031309279550692466,0.026593078046716432
CICIDS2017_COVERAGE_R1,123,0.8,CB-Score,validation_FPR,0.016044009242349836,0.05210690149291162,0.004444588687729474
CICIDS2017_COVERAGE_R1,123,0.8,Historical-DoubleCost,validation_F1,0.0009303863544968455,0.0,0.001503850210434428
CICIDS2017_COVERAGE_R1,123,0.8,Historical-DoubleCost,validation_PR_AUC,0.025999646744839986,0.031309279550692466,0.026593078046716432
CICIDS2017_COVERAGE_R1,123,0.8,Historical-DoubleCost,validation_FPR,0.016044009242349836,0.05210690149291162,0.004444588687729474
CICIDS2017_COVERAGE_R1,123,0.8,Oort-Style-Adapted,validation_F1,0.0019684688369266613,0.0002336163136969987,0.001956641698292914
CICIDS2017_COVERAGE_R1,123,0.8,Oort-Style-Adapted,validation_PR_AUC,0.026668055984136473,0.030126872553318827,0.029225426377934707
CICIDS2017_COVERAGE_R1,123,0.8,Oort-Style-Adapted,validation_FPR,0.01951037982953951,0.061039964047837854,0.00686853791984735
CICIDS2017_COVERAGE_R1,123,0.8,Oracle-Score-Exact,validation_F1,0.0009303863544968455,0.0,0.001503850210434428
CICIDS2017_COVERAGE_R1,123,0.8,Oracle-Score-Exact,validation_PR_AUC,0.025999646744839986,0.031309279550692466,0.026593078046716432
CICIDS2017_COVERAGE_R1,123,0.8,Oracle-Score-Exact,validation_FPR,0.016044009242349836,0.05210690149291162,0.004444588687729474
CICIDS2017_COVERAGE_R1,123,1.0,Full-Contextual,validation_F1,0.0008736670424998781,0.0,0.0014542106308940842
CICIDS2017_COVERAGE_R1,123,1.0,Full-Contextual,validation_PR_AUC,0.026373082304192618,0.03180737122081296,0.026230886193622998
CICIDS2017_COVERAGE_R1,123,1.0,Full-Contextual,validation_FPR,0.02351537229864537,0.046960381535559995,0.005326041720894352
CICIDS2017_COVERAGE_R1,123,1.0,Random-Budget,validation_F1,0.0008729367643319513,0.0,0.001454829425611176
CICIDS2017_COVERAGE_R1,123,1.0,Random-Budget,validation_PR_AUC,0.026371694326737832,0.03180737673952891,0.0261885323881291
CICIDS2017_COVERAGE_R1,123,1.0,Random-Budget,validation_FPR,0.02353821492048076,0.04696584473684673,0.005313911111583541
CICIDS2017_COVERAGE_R1,123,1.0,Cost-Only,validation_F1,0.0008728521020453503,0.0,0.0014548936363273477
CICIDS2017_COVERAGE_R1,123,1.0,Cost-Only,validation_PR_AUC,0.02637164285922515,0.0318073773122044,0.026184137444041435
CICIDS2017_COVERAGE_R1,123,1.0,Cost-Only,validation_FPR,0.023540773973373508,0.0469664116515975,0.005312652349848944
CICIDS2017_COVERAGE_R1,123,1.0,Utility-Only,validation_F1,0.0012134923904696328,0.0,0.0015372790161414
CICIDS2017_COVERAGE_R1,123,1.0,Utility-Only,validation_PR_AUC,0.026531866160928372,0.0318073773122044,0.0289694943609946
CICIDS2017_COVERAGE_R1,123,1.0,Utility-Only,validation_FPR,0.027242860161626654,0.0469664116515975,0.0038047702818802
CICIDS2017_COVERAGE_R1,123,1.0,Utility-Cost-Ratio,validation_F1,0.0012134923904696328,0.0,0.0015372790161414
CICIDS2017_COVERAGE_R1,123,1.0,Utility-Cost-Ratio,validation_PR_AUC,0.026531866160928372,0.0318073773122044,0.0289694943609946
CICIDS2017_COVERAGE_R1,123,1.0,Utility-Cost-Ratio,validation_FPR,0.027242860161626654,0.0469664116515975,0.0038047702818802
CICIDS2017_COVERAGE_R1,123,1.0,CB-Score,validation_F1,0.0009443402317241158,0.0,0.0014695655979744108
CICIDS2017_COVERAGE_R1,123,1.0,CB-Score,validation_PR_AUC,0.026015705639250812,0.03214184231071362,0.026121547906882914
CICIDS2017_COVERAGE_R1,123,1.0,CB-Score,validation_FPR,0.019585434822877588,0.04413763067500575,0.005031832987698051
CICIDS2017_COVERAGE_R1,123,1.0,Historical-DoubleCost,validation_F1,0.0009443402317241158,0.0,0.0014695655979744108
CICIDS2017_COVERAGE_R1,123,1.0,Historical-DoubleCost,validation_PR_AUC,0.026015705639250812,0.03214184231071362,0.026121547906882914
CICIDS2017_COVERAGE_R1,123,1.0,Historical-DoubleCost,validation_FPR,0.019585434822877588,0.04413763067500575,0.005031832987698051
CICIDS2017_COVERAGE_R1,123,1.0,Oort-Style-Adapted,validation_F1,0.0012134923904696328,0.0,0.0015372790161414
CICIDS2017_COVERAGE_R1,123,1.0,Oort-Style-Adapted,validation_PR_AUC,0.026531866160928372,0.0318073773122044,0.0289694943609946
CICIDS2017_COVERAGE_R1,123,1.0,Oort-Style-Adapted,validation_FPR,0.027242860161626654,0.0469664116515975,0.0038047702818802
CICIDS2017_COVERAGE_R1,123,1.0,Oracle-Score-Exact,validation_F1,0.0009443402317241158,0.0,0.0014695655979744108
CICIDS2017_COVERAGE_R1,123,1.0,Oracle-Score-Exact,validation_PR_AUC,0.026015705639250812,0.03214184231071362,0.026121547906882914
CICIDS2017_COVERAGE_R1,123,1.0,Oracle-Score-Exact,validation_FPR,0.019585434822877588,0.04413763067500575,0.005031832987698051
CICIDS2017_COVERAGE_R1,777,0.1,Full-Contextual,validation_F1,0.0,0.0,0.0
CICIDS2017_COVERAGE_R1,777,0.1,Full-Contextual,validation_PR_AUC,0.030483640452648734,0.0289803864853274,0.027188303200395687
CICIDS2017_COVERAGE_R1,777,0.1,Full-Contextual,validation_FPR,0.034577510899933356,0.054061796603233,0.04283821545878623
CICIDS2017_COVERAGE_R1,777,0.1,Random-Budget,validation_F1,0.00032331320336586884,0.0,0.0
CICIDS2017_COVERAGE_R1,777,0.1,Random-Budget,validation_PR_AUC,0.02906370521728515,0.033998074762839614,0.029379749648646078
CICIDS2017_COVERAGE_R1,777,0.1,Random-Budget,validation_FPR,0.006058355298242389,0.0005267087161614318,0.0027196623098571524
CICIDS2017_COVERAGE_R1,777,0.1,Cost-Only,validation_F1,0.00017897730370512022,0.0,0.0
CICIDS2017_COVERAGE_R1,777,0.1,Cost-Only,validation_PR_AUC,0.029293093407352346,0.03220550723032656,0.027994348628572568
CICIDS2017_COVERAGE_R1,777,0.1,Cost-Only,validation_FPR,0.002904819404521081,0.0003183540579753801,0.0010857657910441343
CICIDS2017_COVERAGE_R1,777,0.1,Utility-Only,validation_F1,0.00374256141714736,0.00039355709977274795,0.0
CICIDS2017_COVERAGE_R1,777,0.1,Utility-Only,validation_PR_AUC,0.0287434093617696,0.02984496011447159,0.025574949819048357
CICIDS2017_COVERAGE_R1,777,0.1,Utility-Only,validation_FPR,0.013931001794308836,0.0336498849307913,0.003040056258320443
CICIDS2017_COVERAGE_R1,777,0.1,Utility-Cost-Ratio,validation_F1,0.00374256141714736,0.00039355709977274795,0.0
CICIDS2017_COVERAGE_R1,777,0.1,Utility-Cost-Ratio,validation_PR_AUC,0.0287434093617696,0.02984496011447159,0.025574949819048357
CICIDS2017_COVERAGE_R1,777,0.1,Utility-Cost-Ratio,validation_FPR,0.013931001794308836,0.0336498849307913,0.003040056258320443
CICIDS2017_COVERAGE_R1,777,0.1,CB-Score,validation_F1,0.004392783972408928,0.00039355709977274795,0.0
CICIDS2017_COVERAGE_R1,777,0.1,CB-Score,validation_PR_AUC,0.02850611435200425,0.02984496011447159,0.026540755450486894
CICIDS2017_COVERAGE_R1,777,0.1,CB-Score,validation_FPR,0.011907156033603055,0.0336498849307913,0.0025879318233205865
CICIDS2017_COVERAGE_R1,777,0.1,Historical-DoubleCost,validation_F1,0.004392783972408928,0.00039355709977274795,0.0
CICIDS2017_COVERAGE_R1,777,0.1,Historical-DoubleCost,validation_PR_AUC,0.02850611435200425,0.02984496011447159,0.026540755450486894
CICIDS2017_COVERAGE_R1,777,0.1,Historical-DoubleCost,validation_FPR,0.011907156033603055,0.0336498849307913,0.0025879318233205865
CICIDS2017_COVERAGE_R1,777,0.1,Oort-Style-Adapted,validation_F1,0.010270427135562572,0.0,0.0
CICIDS2017_COVERAGE_R1,777,0.1,Oort-Style-Adapted,validation_PR_AUC,0.033309211679963834,0.0326386425523438,0.0323257744460118
CICIDS2017_COVERAGE_R1,777,0.1,Oort-Style-Adapted,validation_FPR,0.0226728868324257,0.0004297114794352,0.0005524861878453
CICIDS2017_COVERAGE_R1,777,0.1,Oracle-Score-Exact,validation_F1,0.004392783972408928,0.00039355709977274795,0.0
CICIDS2017_COVERAGE_R1,777,0.1,Oracle-Score-Exact,validation_PR_AUC,0.02850611435200425,0.02984496011447159,0.026540755450486894
CICIDS2017_COVERAGE_R1,777,0.1,Oracle-Score-Exact,validation_FPR,0.011907156033603055,0.0336498849307913,0.0025879318233205865
CICIDS2017_COVERAGE_R1,777,0.2,Full-Contextual,validation_F1,0.0006392964936850497,0.0,0.00043838520908682285
CICIDS2017_COVERAGE_R1,777,0.2,Full-Contextual,validation_PR_AUC,0.02908876606021646,0.0289803864853274,0.02645550765943061
CICIDS2017_COVERAGE_R1,777,0.2,Full-Contextual,validation_FPR,0.03228612548920179,0.054061796603233,0.0029256336722620346
CICIDS2017_COVERAGE_R1,777,0.2,Random-Budget,validation_F1,0.006770971690285257,0.0,0.17432354839427594
CICIDS2017_COVERAGE_R1,777,0.2,Random-Budget,validation_PR_AUC,0.02879790956900337,0.03494092507158988,0.08085958551500252
CICIDS2017_COVERAGE_R1,777,0.2,Random-Budget,validation_FPR,0.027229761613858955,0.0005430076263005732,0.03519151604896613
CICIDS2017_COVERAGE_R1,777,0.2,Cost-Only,validation_F1,0.0,0.0,0.0
CICIDS2017_COVERAGE_R1,777,0.2,Cost-Only,validation_PR_AUC,0.029488831408355006,0.029971064356723615,0.029258767716777816
CICIDS2017_COVERAGE_R1,777,0.2,Cost-Only,validation_FPR,0.0020850470074841743,0.03865052956165397,0.0006527601146155261
CICIDS2017_COVERAGE_R1,777,0.2,Utility-Only,validation_F1,0.012387551109611471,0.006919795798723288,0.0
CICIDS2017_COVERAGE_R1,777,0.2,Utility-Only,validation_PR_AUC,0.031626918206096,0.032632431786160265,0.0303284585019879
CICIDS2017_COVERAGE_R1,777,0.2,Utility-Only,validation_FPR,0.024307912083473625,0.027776676500562564,0.0004092490280335
CICIDS2017_COVERAGE_R1,777,0.2,Utility-Cost-Ratio,validation_F1,0.012387551109611471,0.006919795798723288,0.0
CICIDS2017_COVERAGE_R1,777,0.2,Utility-Cost-Ratio,validation_PR_AUC,0.031626918206096,0.032632431786160265,0.0303284585019879
CICIDS2017_COVERAGE_R1,777,0.2,Utility-Cost-Ratio,validation_FPR,0.024307912083473625,0.027776676500562564,0.0004092490280335
CICIDS2017_COVERAGE_R1,777,0.2,CB-Score,validation_F1,0.005373390854507423,0.0,0.00039921550370737927
CICIDS2017_COVERAGE_R1,777,0.2,CB-Score,validation_PR_AUC,0.029609617665217195,0.03506807702079053,0.02865435331757922
CICIDS2017_COVERAGE_R1,777,0.2,CB-Score,validation_FPR,0.018592134689390426,0.000298248886480652,0.00773120324339778
CICIDS2017_COVERAGE_R1,777,0.2,Historical-DoubleCost,validation_F1,0.016091373582172865,0.0,0.0
CICIDS2017_COVERAGE_R1,777,0.2,Historical-DoubleCost,validation_PR_AUC,0.03319187854287054,0.03483602806386904,0.02879262688214189
CICIDS2017_COVERAGE_R1,777,0.2,Historical-DoubleCost,validation_FPR,0.009471684219684633,0.0015467033271154,0.0024212503863979364
CICIDS2017_COVERAGE_R1,777,0.2,Oort-Style-Adapted,validation_F1,0.019446289815355622,0.006919795798723288,0.06657860011735495
CICIDS2017_COVERAGE_R1,777,0.2,Oort-Style-Adapted,validation_PR_AUC,0.03133365471583434,0.032632431786160265,0.035251976109800354
CICIDS2017_COVERAGE_R1,777,0.2,Oort-Style-Adapted,validation_FPR,0.0328857273200629,0.027776676500562564,0.06904589073530923
CICIDS2017_COVERAGE_R1,777,0.2,Oracle-Score-Exact,validation_F1,0.0011860380399109681,0.0,0.0
CICIDS2017_COVERAGE_R1,777,0.2,Oracle-Score-Exact,validation_PR_AUC,0.030103713275923094,0.03506807702079053,0.028185738512773447
CICIDS2017_COVERAGE_R1,777,0.2,Oracle-Score-Exact,validation_FPR,0.01113729271790854,0.000298248886480652,0.00253726426224888
CICIDS2017_COVERAGE_R1,777,0.4,Full-Contextual,validation_F1,0.0007096825522482579,0.0,0.0
CICIDS2017_COVERAGE_R1,777,0.4,Full-Contextual,validation_PR_AUC,0.02782493155871869,0.0289803864853274,0.02624637982677293
CICIDS2017_COVERAGE_R1,777,0.4,Full-Contextual,validation_FPR,0.02268606709556353,0.054061796603233,0.00376108149129546
CICIDS2017_COVERAGE_R1,777,0.4,Random-Budget,validation_F1,0.000286977185420367,0.0,0.0
CICIDS2017_COVERAGE_R1,777,0.4,Random-Budget,validation_PR_AUC,0.027284527515925392,0.03416074919987774,0.03217964241125247
CICIDS2017_COVERAGE_R1,777,0.4,Random-Budget,validation_FPR,0.014904462753785985,0.0010296526027550688,0.005284252165937411
CICIDS2017_COVERAGE_R1,777,0.4,Cost-Only,validation_F1,0.0,0.0,0.0
CICIDS2017_COVERAGE_R1,777,0.4,Cost-Only,validation_PR_AUC,0.02910844140175299,0.03524848364553728,0.028348372736177626
CICIDS2017_COVERAGE_R1,777,0.4,Cost-Only,validation_FPR,0.002318527927084967,0.0010495595285956402,0.0008670632899560389
CICIDS2017_COVERAGE_R1,777,0.4,Utility-Only,validation_F1,0.016757207156607362,0.0003359754811853293,0.0
CICIDS2017_COVERAGE_R1,777,0.4,Utility-Only,validation_PR_AUC,0.03122650309055635,0.03083963065420714,0.0320142192524465
CICIDS2017_COVERAGE_R1,777,0.4,Utility-Only,validation_FPR,0.024522273523411423,0.09354017673459317,0.0002660118682218
CICIDS2017_COVERAGE_R1,777,0.4,Utility-Cost-Ratio,validation_F1,0.016757207156607362,0.0003359754811853293,0.0
CICIDS2017_COVERAGE_R1,777,0.4,Utility-Cost-Ratio,validation_PR_AUC,0.03122650309055635,0.03083963065420714,0.0320142192524465
CICIDS2017_COVERAGE_R1,777,0.4,Utility-Cost-Ratio,validation_FPR,0.024522273523411423,0.09354017673459317,0.0002660118682218
CICIDS2017_COVERAGE_R1,777,0.4,CB-Score,validation_F1,0.007160782030891394,0.03505386940698937,0.1896756637698306
CICIDS2017_COVERAGE_R1,777,0.4,CB-Score,validation_PR_AUC,0.029281420814974483,0.033585057994452175,0.06838762620144977
CICIDS2017_COVERAGE_R1,777,0.4,CB-Score,validation_FPR,0.016171311757268898,0.11362964501849505,0.047087724747592305
CICIDS2017_COVERAGE_R1,777,0.4,Historical-DoubleCost,validation_F1,0.0021693171948432254,0.03505386940698937,0.0
CICIDS2017_COVERAGE_R1,777,0.4,Historical-DoubleCost,validation_PR_AUC,0.028241821645680065,0.033585057994452175,0.029149271955968295
CICIDS2017_COVERAGE_R1,777,0.4,Historical-DoubleCost,validation_FPR,0.015167520612273748,0.11362964501849505,0.008835696894853569
CICIDS2017_COVERAGE_R1,777,0.4,Oort-Style-Adapted,validation_F1,0.01971326728483147,0.00015264194984321256,0.08941651865060377
CICIDS2017_COVERAGE_R1,777,0.4,Oort-Style-Adapted,validation_PR_AUC,0.031309361024350134,0.03307777470824604,0.0462185468237082
CICIDS2017_COVERAGE_R1,777,0.4,Oort-Style-Adapted,validation_FPR,0.026722343053109245,0.04809409214866294,0.016079837295787512
CICIDS2017_COVERAGE_R1,777,0.4,Oracle-Score-Exact,validation_F1,1.4907977124147351e-05,0.000154624516236193,0.0
CICIDS2017_COVERAGE_R1,777,0.4,Oracle-Score-Exact,validation_PR_AUC,0.02813529243716543,0.03305314327399844,0.028451329924186367
CICIDS2017_COVERAGE_R1,777,0.4,Oracle-Score-Exact,validation_FPR,0.009039989258419411,0.046726542109994995,0.0009006019702065661
CICIDS2017_COVERAGE_R1,777,0.6,Full-Contextual,validation_F1,0.0004966812984993539,0.0,0.0
CICIDS2017_COVERAGE_R1,777,0.6,Full-Contextual,validation_PR_AUC,0.027429428638222075,0.0289803864853274,0.027425407248847587
CICIDS2017_COVERAGE_R1,777,0.6,Full-Contextual,validation_FPR,0.019441105805566707,0.054061796603233,0.005681527110445185
CICIDS2017_COVERAGE_R1,777,0.6,Random-Budget,validation_F1,0.00022942331774115308,0.0,0.0
CICIDS2017_COVERAGE_R1,777,0.6,Random-Budget,validation_PR_AUC,0.02892256200159671,0.03319360571430746,0.03765743135954398
CICIDS2017_COVERAGE_R1,777,0.6,Random-Budget,validation_FPR,0.013374391153238008,0.018065720844033285,0.0036439789831680704
CICIDS2017_COVERAGE_R1,777,0.6,Cost-Only,validation_F1,0.0,0.0,0.0
CICIDS2017_COVERAGE_R1,777,0.6,Cost-Only,validation_PR_AUC,0.028080062071069625,0.03534201062813524,0.0275377596068885
CICIDS2017_COVERAGE_R1,777,0.6,Cost-Only,validation_FPR,0.0012493410518465114,0.0014476188119411043,0.0010733563234243137
CICIDS2017_COVERAGE_R1,777,0.6,Utility-Only,validation_F1,0.00021746885237219308,0.0,0.0
CICIDS2017_COVERAGE_R1,777,0.6,Utility-Only,validation_PR_AUC,0.02863244753581075,0.031848907720835505,0.03295446994463117
CICIDS2017_COVERAGE_R1,777,0.6,Utility-Only,validation_FPR,0.01630798789341892,0.07130760258713884,0.007328490216683657
CICIDS2017_COVERAGE_R1,777,0.6,Utility-Cost-Ratio,validation_F1,0.00021746885237219308,0.0,0.0
CICIDS2017_COVERAGE_R1,777,0.6,Utility-Cost-Ratio,validation_PR_AUC,0.02863244753581075,0.031848907720835505,0.03295446994463117
CICIDS2017_COVERAGE_R1,777,0.6,Utility-Cost-Ratio,validation_FPR,0.01630798789341892,0.07130760258713884,0.007328490216683657
CICIDS2017_COVERAGE_R1,777,0.6,CB-Score,validation_F1,5.1560691536632314e-05,0.0,0.0
CICIDS2017_COVERAGE_R1,777,0.6,CB-Score,validation_PR_AUC,0.02778827754304844,0.032832060412988834,0.030418695959883415
CICIDS2017_COVERAGE_R1,777,0.6,CB-Score,validation_FPR,0.013663522293431993,0.056089476526636234,0.002682925672740354
CICIDS2017_COVERAGE_R1,777,0.6,Historical-DoubleCost,validation_F1,5.1560691536632314e-05,0.0,0.0
CICIDS2017_COVERAGE_R1,777,0.6,Historical-DoubleCost,validation_PR_AUC,0.02778827754304844,0.032832060412988834,0.030418695959883415
CICIDS2017_COVERAGE_R1,777,0.6,Historical-DoubleCost,validation_FPR,0.013663522293431993,0.056089476526636234,0.002682925672740354
CICIDS2017_COVERAGE_R1,777,0.6,Oort-Style-Adapted,validation_F1,4.309144871385667e-05,0.0,0.0
CICIDS2017_COVERAGE_R1,777,0.6,Oort-Style-Adapted,validation_PR_AUC,0.027623899064909134,0.032679602822037884,0.0317981861354906
CICIDS2017_COVERAGE_R1,777,0.6,Oort-Style-Adapted,validation_FPR,0.014105878491234326,0.05153431096064186,0.0174544710456312
CICIDS2017_COVERAGE_R1,777,0.6,Oracle-Score-Exact,validation_F1,5.1560691536632314e-05,0.0,0.0
CICIDS2017_COVERAGE_R1,777,0.6,Oracle-Score-Exact,validation_PR_AUC,0.02723832316487873,0.032832060412988834,0.028459132328627637
CICIDS2017_COVERAGE_R1,777,0.6,Oracle-Score-Exact,validation_FPR,0.013277181676279053,0.056089476526636234,0.0033249527612351907
CICIDS2017_COVERAGE_R1,777,0.8,Full-Contextual,validation_F1,0.00043247841630844185,0.0,0.0
CICIDS2017_COVERAGE_R1,777,0.8,Full-Contextual,validation_PR_AUC,0.027345176843521755,0.0289803864853274,0.02749202975861243
CICIDS2017_COVERAGE_R1,777,0.8,Full-Contextual,validation_FPR,0.017058263507140466,0.054061796603233,0.003907878275502431
CICIDS2017_COVERAGE_R1,777,0.8,Random-Budget,validation_F1,0.0,0.0,0.0
CICIDS2017_COVERAGE_R1,777,0.8,Random-Budget,validation_PR_AUC,0.02717750606289109,0.03137232506828951,0.02786335194857846
CICIDS2017_COVERAGE_R1,777,0.8,Random-Budget,validation_FPR,0.013703270155658897,0.03557506432405718,0.02408848747003008
CICIDS2017_COVERAGE_R1,777,0.8,Cost-Only,validation_F1,0.0,0.0,0.0
CICIDS2017_COVERAGE_R1,777,0.8,Cost-Only,validation_PR_AUC,0.0272746809603173,0.03461633150411791,0.027533176377978547
CICIDS2017_COVERAGE_R1,777,0.8,Cost-Only,validation_FPR,0.008696582475714273,0.002108375436299615,0.0024275061976008288
CICIDS2017_COVERAGE_R1,777,0.8,Utility-Only,validation_F1,0.00021732572343203624,0.0,0.0
CICIDS2017_COVERAGE_R1,777,0.8,Utility-Only,validation_PR_AUC,0.028483806482495388,0.03031505491435746,0.0312854077640922
CICIDS2017_COVERAGE_R1,777,0.8,Utility-Only,validation_FPR,0.013148011286444402,0.07022150907212724,0.0010845099242889
CICIDS2017_COVERAGE_R1,777,0.8,Utility-Cost-Ratio,validation_F1,0.00021732572343203624,0.0,0.0
CICIDS2017_COVERAGE_R1,777,0.8,Utility-Cost-Ratio,validation_PR_AUC,0.028483806482495388,0.03031505491435746,0.0312854077640922
CICIDS2017_COVERAGE_R1,777,0.8,Utility-Cost-Ratio,validation_FPR,0.013148011286444402,0.07022150907212724,0.0010845099242889
CICIDS2017_COVERAGE_R1,777,0.8,CB-Score,validation_F1,0.0,0.0,0.0
CICIDS2017_COVERAGE_R1,777,0.8,CB-Score,validation_PR_AUC,0.026899564557672163,0.030838688932125862,0.028322865506971676
CICIDS2017_COVERAGE_R1,777,0.8,CB-Score,validation_FPR,0.012524869435066947,0.06313954741197236,0.002067095587112145
CICIDS2017_COVERAGE_R1,777,0.8,Historical-DoubleCost,validation_F1,0.0,0.0,0.0
CICIDS2017_COVERAGE_R1,777,0.8,Historical-DoubleCost,validation_PR_AUC,0.026899564557672163,0.030838688932125862,0.028322865506971676
CICIDS2017_COVERAGE_R1,777,0.8,Historical-DoubleCost,validation_FPR,0.012524869435066947,0.06313954741197236,0.002067095587112145
CICIDS2017_COVERAGE_R1,777,0.8,Oort-Style-Adapted,validation_F1,0.0002845387257073928,0.0,0.0
CICIDS2017_COVERAGE_R1,777,0.8,Oort-Style-Adapted,validation_PR_AUC,0.02864558729005458,0.030127732175022407,0.03667415401635934
CICIDS2017_COVERAGE_R1,777,0.8,Oort-Style-Adapted,validation_FPR,0.017081670476761648,0.06906406502292371,0.017393263894108783
CICIDS2017_COVERAGE_R1,777,0.8,Oracle-Score-Exact,validation_F1,0.0,0.0,0.0
CICIDS2017_COVERAGE_R1,777,0.8,Oracle-Score-Exact,validation_PR_AUC,0.02707616421482156,0.030838688932125862,0.027044704191732095
CICIDS2017_COVERAGE_R1,777,0.8,Oracle-Score-Exact,validation_FPR,0.010203252476815179,0.06313954741197236,0.00483801733054123
CICIDS2017_COVERAGE_R1,777,1.0,Full-Contextual,validation_F1,0.0004390144825315306,0.0,0.0
CICIDS2017_COVERAGE_R1,777,1.0,Full-Contextual,validation_PR_AUC,0.02734346610071129,0.02898732194842964,0.02733451039775286
CICIDS2017_COVERAGE_R1,777,1.0,Full-Contextual,validation_FPR,0.01727206116321946,0.05400100330838314,0.0035439685734670705
CICIDS2017_COVERAGE_R1,777,1.0,Random-Budget,validation_F1,0.0004394599202756436,0.0,0.0
CICIDS2017_COVERAGE_R1,777,1.0,Random-Budget,validation_PR_AUC,0.02734326239682141,0.028981038515893343,0.02732311798869043
CICIDS2017_COVERAGE_R1,777,1.0,Random-Budget,validation_FPR,0.01729132029453793,0.054056081182955774,0.0035176492171368388
CICIDS2017_COVERAGE_R1,777,1.0,Cost-Only,validation_F1,0.00043950614302166676,0.0,0.0
CICIDS2017_COVERAGE_R1,777,1.0,Cost-Only,validation_PR_AUC,0.027343241258191757,0.0289803864853274,0.027321935820202054
CICIDS2017_COVERAGE_R1,777,1.0,Cost-Only,validation_FPR,0.01729331879865293,0.054061796603233,0.0035149181078940562
CICIDS2017_COVERAGE_R1,777,1.0,Utility-Only,validation_F1,0.011846180423127111,0.0,0.0043010752688172
CICIDS2017_COVERAGE_R1,777,1.0,Utility-Only,validation_PR_AUC,0.034418654498822095,0.028954536492887425,0.0937393200441073
CICIDS2017_COVERAGE_R1,777,1.0,Utility-Only,validation_FPR,0.020495597536203735,0.08149383951614914,0.0243503171679967
CICIDS2017_COVERAGE_R1,777,1.0,Utility-Cost-Ratio,validation_F1,0.011846180423127111,0.0,0.0043010752688172
CICIDS2017_COVERAGE_R1,777,1.0,Utility-Cost-Ratio,validation_PR_AUC,0.034418654498822095,0.028954536492887425,0.0937393200441073
CICIDS2017_COVERAGE_R1,777,1.0,Utility-Cost-Ratio,validation_FPR,0.020495597536203735,0.08149383951614914,0.0243503171679967
CICIDS2017_COVERAGE_R1,777,1.0,CB-Score,validation_F1,0.0,0.0,0.0
CICIDS2017_COVERAGE_R1,777,1.0,CB-Score,validation_PR_AUC,0.027617951229835312,0.02993206255722839,0.027828556695049196
CICIDS2017_COVERAGE_R1,777,1.0,CB-Score,validation_FPR,0.010295401082431549,0.07157551224869868,0.004360811035929241
CICIDS2017_COVERAGE_R1,777,1.0,Historical-DoubleCost,validation_F1,0.0,0.0,0.0
CICIDS2017_COVERAGE_R1,777,1.0,Historical-DoubleCost,validation_PR_AUC,0.027617951229835312,0.02993206255722839,0.027828556695049196
CICIDS2017_COVERAGE_R1,777,1.0,Historical-DoubleCost,validation_FPR,0.010295401082431549,0.07157551224869868,0.004360811035929241
CICIDS2017_COVERAGE_R1,777,1.0,Oort-Style-Adapted,validation_F1,0.011846180423127111,0.0,0.0043010752688172
CICIDS2017_COVERAGE_R1,777,1.0,Oort-Style-Adapted,validation_PR_AUC,0.034418654498822095,0.028954536492887425,0.0937393200441073
CICIDS2017_COVERAGE_R1,777,1.0,Oort-Style-Adapted,validation_FPR,0.020495597536203735,0.08149383951614914,0.0243503171679967
CICIDS2017_COVERAGE_R1,777,1.0,Oracle-Score-Exact,validation_F1,0.0,0.0,0.0
CICIDS2017_COVERAGE_R1,777,1.0,Oracle-Score-Exact,validation_PR_AUC,0.027617951229835312,0.02993206255722839,0.027828556695049196
CICIDS2017_COVERAGE_R1,777,1.0,Oracle-Score-Exact,validation_FPR,0.010295401082431549,0.07157551224869868,0.004360811035929241
CICIDS2017_COVERAGE_R1,2026,0.1,Full-Contextual,validation_F1,0.0,0.0,0.0
CICIDS2017_COVERAGE_R1,2026,0.1,Full-Contextual,validation_PR_AUC,0.03527095126252032,0.0371381328529763,0.03215714803523519
CICIDS2017_COVERAGE_R1,2026,0.1,Full-Contextual,validation_FPR,0.006841302713737501,6.139237915933369e-05,0.009485550276699388
CICIDS2017_COVERAGE_R1,2026,0.1,Random-Budget,validation_F1,0.005125082070334498,0.0006633362873933431,0.0
CICIDS2017_COVERAGE_R1,2026,0.1,Random-Budget,validation_PR_AUC,0.03723683258863503,0.03264803829137481,0.038340152653971
CICIDS2017_COVERAGE_R1,2026,0.1,Random-Budget,validation_FPR,0.044517001595346974,0.05698907934118126,2.0464126386444563e-05
CICIDS2017_COVERAGE_R1,2026,0.1,Cost-Only,validation_F1,0.0,0.0,0.0
CICIDS2017_COVERAGE_R1,2026,0.1,Cost-Only,validation_PR_AUC,0.035238232733646964,0.03671257451705016,0.03348607845283425
CICIDS2017_COVERAGE_R1,2026,0.1,Cost-Only,validation_FPR,4.145491086715737e-05,0.0,0.0
CICIDS2017_COVERAGE_R1,2026,0.1,Utility-Only,validation_F1,0.0,0.0,0.0
CICIDS2017_COVERAGE_R1,2026,0.1,Utility-Only,validation_PR_AUC,0.03170876738510933,0.035578647181193655,0.02622990405439577
CICIDS2017_COVERAGE_R1,2026,0.1,Utility-Only,validation_FPR,0.007233683175418267,0.005828180352729226,0.011881592511526564
CICIDS2017_COVERAGE_R1,2026,0.1,Utility-Cost-Ratio,validation_F1,0.0,0.0,0.0
CICIDS2017_COVERAGE_R1,2026,0.1,Utility-Cost-Ratio,validation_PR_AUC,0.03170876738510933,0.035578647181193655,0.02622990405439577
CICIDS2017_COVERAGE_R1,2026,0.1,Utility-Cost-Ratio,validation_FPR,0.007233683175418267,0.005828180352729226,0.011881592511526564
CICIDS2017_COVERAGE_R1,2026,0.1,CB-Score,validation_F1,0.0,0.0,0.0
CICIDS2017_COVERAGE_R1,2026,0.1,CB-Score,validation_PR_AUC,0.03331438121679715,0.035578647181193655,0.0302696383443974
CICIDS2017_COVERAGE_R1,2026,0.1,CB-Score,validation_FPR,0.0036987199219547604,0.005828180352729226,0.0043997871730855
CICIDS2017_COVERAGE_R1,2026,0.1,Historical-DoubleCost,validation_F1,0.0,0.0,0.0
CICIDS2017_COVERAGE_R1,2026,0.1,Historical-DoubleCost,validation_PR_AUC,0.03331438121679715,0.035578647181193655,0.0302696383443974
CICIDS2017_COVERAGE_R1,2026,0.1,Historical-DoubleCost,validation_FPR,0.0036987199219547604,0.005828180352729226,0.0043997871730855
CICIDS2017_COVERAGE_R1,2026,0.1,Oort-Style-Adapted,validation_F1,0.00017101526976937898,0.00019156323676349272,0.0016279708696139454
CICIDS2017_COVERAGE_R1,2026,0.1,Oort-Style-Adapted,validation_PR_AUC,0.031230002106095906,0.03540431690680693,0.029980149719296162
CICIDS2017_COVERAGE_R1,2026,0.1,Oort-Style-Adapted,validation_FPR,0.006379232417149192,0.08122579743640751,0.04011824686733414
CICIDS2017_COVERAGE_R1,2026,0.1,Oracle-Score-Exact,validation_F1,0.0,0.0,0.0
CICIDS2017_COVERAGE_R1,2026,0.1,Oracle-Score-Exact,validation_PR_AUC,0.03331438121679715,0.035578647181193655,0.0302696383443974
CICIDS2017_COVERAGE_R1,2026,0.1,Oracle-Score-Exact,validation_FPR,0.0036987199219547604,0.005828180352729226,0.0043997871730855
CICIDS2017_COVERAGE_R1,2026,0.2,Full-Contextual,validation_F1,0.0,0.0,0.0
CICIDS2017_COVERAGE_R1,2026,0.2,Full-Contextual,validation_PR_AUC,0.03331349263823849,0.0371381328529763,0.028547610892815385
CICIDS2017_COVERAGE_R1,2026,0.2,Full-Contextual,validation_FPR,0.005322050798795191,6.139237915933369e-05,0.0018864000765638162
CICIDS2017_COVERAGE_R1,2026,0.2,Random-Budget,validation_F1,0.0010179791142678576,0.03868320634217859,0.0
CICIDS2017_COVERAGE_R1,2026,0.2,Random-Budget,validation_PR_AUC,0.039390051888429124,0.03683725076285746,0.037530553717214546
CICIDS2017_COVERAGE_R1,2026,0.2,Random-Budget,validation_FPR,0.0027340197087587915,0.07526670791819906,0.00023475760867424001
CICIDS2017_COVERAGE_R1,2026,0.2,Cost-Only,validation_F1,0.0,0.0,0.0
CICIDS2017_COVERAGE_R1,2026,0.2,Cost-Only,validation_PR_AUC,0.03548113210503352,0.035482694714370044,0.033715016054457696
CICIDS2017_COVERAGE_R1,2026,0.2,Cost-Only,validation_FPR,0.0020365591075830994,0.013046996547155444,0.00023006769510190014
CICIDS2017_COVERAGE_R1,2026,0.2,Utility-Only,validation_F1,0.038975407918066654,0.0849064054114851,0.013106626794239505
CICIDS2017_COVERAGE_R1,2026,0.2,Utility-Only,validation_PR_AUC,0.03984302379097002,0.0347702086610285,0.033177304321168395
CICIDS2017_COVERAGE_R1,2026,0.2,Utility-Only,validation_FPR,0.02093981873299491,0.15920424646031636,0.020336749301155817
CICIDS2017_COVERAGE_R1,2026,0.2,Utility-Cost-Ratio,validation_F1,0.038975407918066654,0.0849064054114851,0.013106626794239505
CICIDS2017_COVERAGE_R1,2026,0.2,Utility-Cost-Ratio,validation_PR_AUC,0.03984302379097002,0.0347702086610285,0.033177304321168395
CICIDS2017_COVERAGE_R1,2026,0.2,Utility-Cost-Ratio,validation_FPR,0.02093981873299491,0.15920424646031636,0.020336749301155817
CICIDS2017_COVERAGE_R1,2026,0.2,CB-Score,validation_F1,0.008371082820608305,0.08589785476312417,0.0
CICIDS2017_COVERAGE_R1,2026,0.2,CB-Score,validation_PR_AUC,0.031982273241192766,0.0348154962309403,0.0300433495248104
CICIDS2017_COVERAGE_R1,2026,0.2,CB-Score,validation_FPR,0.01923440110308267,0.15817544926450694,0.0004706749068882
CICIDS2017_COVERAGE_R1,2026,0.2,Historical-DoubleCost,validation_F1,0.008371082820608305,0.08589785476312417,0.0
CICIDS2017_COVERAGE_R1,2026,0.2,Historical-DoubleCost,validation_PR_AUC,0.031982273241192766,0.0348154962309403,0.0300433495248104
CICIDS2017_COVERAGE_R1,2026,0.2,Historical-DoubleCost,validation_FPR,0.01923440110308267,0.15817544926450694,0.0004706749068882
CICIDS2017_COVERAGE_R1,2026,0.2,Oort-Style-Adapted,validation_F1,0.030177573116730583,0.10824244826062783,0.00010392091302632942
CICIDS2017_COVERAGE_R1,2026,0.2,Oort-Style-Adapted,validation_PR_AUC,0.036310283778744006,0.03982548709768781,0.030531047399125745
CICIDS2017_COVERAGE_R1,2026,0.2,Oort-Style-Adapted,validation_FPR,0.02573356542076889,0.12244335327289199,0.0019882674269329943
CICIDS2017_COVERAGE_R1,2026,0.2,Oracle-Score-Exact,validation_F1,0.007069931490789739,0.08589785476312417,0.001342211393387266
CICIDS2017_COVERAGE_R1,2026,0.2,Oracle-Score-Exact,validation_PR_AUC,0.03182382793014665,0.0348154962309403,0.029963749380477602
CICIDS2017_COVERAGE_R1,2026,0.2,Oracle-Score-Exact,validation_FPR,0.017953515761138867,0.15817544926450694,0.005208126958163612
CICIDS2017_COVERAGE_R1,2026,0.4,Full-Contextual,validation_F1,0.0,0.0,0.0
CICIDS2017_COVERAGE_R1,2026,0.4,Full-Contextual,validation_PR_AUC,0.031133381070275346,0.0371381328529763,0.02801297622059864
CICIDS2017_COVERAGE_R1,2026,0.4,Full-Contextual,validation_FPR,0.004172804373664041,6.139237915933369e-05,0.002968598224955271
CICIDS2017_COVERAGE_R1,2026,0.4,Random-Budget,validation_F1,0.0,0.0,0.0
CICIDS2017_COVERAGE_R1,2026,0.4,Random-Budget,validation_PR_AUC,0.03548678555348152,0.03583213032628383,0.037047850744037776
CICIDS2017_COVERAGE_R1,2026,0.4,Random-Budget,validation_FPR,0.0014729592547396517,0.002450612439782761,0.00042141958233874995
CICIDS2017_COVERAGE_R1,2026,0.4,Cost-Only,validation_F1,0.0,0.0,0.0
CICIDS2017_COVERAGE_R1,2026,0.4,Cost-Only,validation_PR_AUC,0.03097275659940457,0.03660480943173964,0.02972562302735585
CICIDS2017_COVERAGE_R1,2026,0.4,Cost-Only,validation_FPR,0.0011391008990264055,0.001731269676466773,0.0007783576914789603
CICIDS2017_COVERAGE_R1,2026,0.4,Utility-Only,validation_F1,0.03151531905119508,0.0993810546688805,0.00020258729419259883
CICIDS2017_COVERAGE_R1,2026,0.4,Utility-Only,validation_PR_AUC,0.03879549415987046,0.04693824978999248,0.03409874006232902
CICIDS2017_COVERAGE_R1,2026,0.4,Utility-Only,validation_FPR,0.019449814748265962,0.11658066083464604,0.001988568814921647
CICIDS2017_COVERAGE_R1,2026,0.4,Utility-Cost-Ratio,validation_F1,0.020090735843653347,0.0993810546688805,0.00022635735376872
CICIDS2017_COVERAGE_R1,2026,0.4,Utility-Cost-Ratio,validation_PR_AUC,0.0371482454663168,0.04693824978999248,0.03250482030837826
CICIDS2017_COVERAGE_R1,2026,0.4,Utility-Cost-Ratio,validation_FPR,0.01872548704919299,0.11658066083464604,0.0019268134273427552
CICIDS2017_COVERAGE_R1,2026,0.4,CB-Score,validation_F1,0.008034414358950583,0.041976245167381486,0.0026972353337828
CICIDS2017_COVERAGE_R1,2026,0.4,CB-Score,validation_PR_AUC,0.03332277593392381,0.038746162662780526,0.0329034016375204
CICIDS2017_COVERAGE_R1,2026,0.4,CB-Score,validation_FPR,0.014357654897657947,0.0924600876706668,0.0071010518560962
CICIDS2017_COVERAGE_R1,2026,0.4,Historical-DoubleCost,validation_F1,0.0037883047565681898,0.0,0.07558032785546001
CICIDS2017_COVERAGE_R1,2026,0.4,Historical-DoubleCost,validation_PR_AUC,0.03399436537571697,0.034626958005792734,0.047407650925883546
CICIDS2017_COVERAGE_R1,2026,0.4,Historical-DoubleCost,validation_FPR,0.006043045661897971,0.028243374246520715,0.008166934907473097
CICIDS2017_COVERAGE_R1,2026,0.4,Oort-Style-Adapted,validation_F1,0.023026406390119755,0.0649161256817585,0.001813599872275969
CICIDS2017_COVERAGE_R1,2026,0.4,Oort-Style-Adapted,validation_PR_AUC,0.038204085496666484,0.04299239457448002,0.03423613827573067
CICIDS2017_COVERAGE_R1,2026,0.4,Oort-Style-Adapted,validation_FPR,0.015811700495362534,0.13376537818588133,0.007962578577063364
CICIDS2017_COVERAGE_R1,2026,0.4,Oracle-Score-Exact,validation_F1,0.002227594696127812,0.0,0.0
CICIDS2017_COVERAGE_R1,2026,0.4,Oracle-Score-Exact,validation_PR_AUC,0.03133219190831188,0.03656984899800217,0.031133976966340838
CICIDS2017_COVERAGE_R1,2026,0.4,Oracle-Score-Exact,validation_FPR,0.011212293046472525,0.013937634883393548,0.0013289958057147652
CICIDS2017_COVERAGE_R1,2026,0.6,Full-Contextual,validation_F1,0.0,0.0,0.0
CICIDS2017_COVERAGE_R1,2026,0.6,Full-Contextual,validation_PR_AUC,0.0307115584590836,0.0371381328529763,0.02798415804512323
CICIDS2017_COVERAGE_R1,2026,0.6,Full-Contextual,validation_FPR,0.004140011635103495,6.139237915933369e-05,0.0033563437572213376
CICIDS2017_COVERAGE_R1,2026,0.6,Random-Budget,validation_F1,0.0,0.0,0.0
CICIDS2017_COVERAGE_R1,2026,0.6,Random-Budget,validation_PR_AUC,0.03167814457279165,0.037130915311433706,0.03247821784052225
CICIDS2017_COVERAGE_R1,2026,0.6,Random-Budget,validation_FPR,0.00792354649961717,0.00023058139594377445,0.019477233196454866
CICIDS2017_COVERAGE_R1,2026,0.6,Cost-Only,validation_F1,0.0,0.0,0.0
CICIDS2017_COVERAGE_R1,2026,0.6,Cost-Only,validation_PR_AUC,0.031356961340171484,0.03705999458380103,0.02955242504956354
CICIDS2017_COVERAGE_R1,2026,0.6,Cost-Only,validation_FPR,0.0015307040555394308,9.236153508490547e-05,0.0009837001450702708
CICIDS2017_COVERAGE_R1,2026,0.6,Utility-Only,validation_F1,0.01420519900362562,0.0,0.0007299682441846405
CICIDS2017_COVERAGE_R1,2026,0.6,Utility-Only,validation_PR_AUC,0.03322189786326146,0.03784048301967104,0.03177565668831222
CICIDS2017_COVERAGE_R1,2026,0.6,Utility-Only,validation_FPR,0.0128420804364481,0.0020986471918312127,0.007674443941080296
CICIDS2017_COVERAGE_R1,2026,0.6,Utility-Cost-Ratio,validation_F1,0.01420519900362562,0.0,0.0007299682441846405
CICIDS2017_COVERAGE_R1,2026,0.6,Utility-Cost-Ratio,validation_PR_AUC,0.03322189786326146,0.03784048301967104,0.03177565668831222
CICIDS2017_COVERAGE_R1,2026,0.6,Utility-Cost-Ratio,validation_FPR,0.0128420804364481,0.0020986471918312127,0.007674443941080296
CICIDS2017_COVERAGE_R1,2026,0.6,CB-Score,validation_F1,0.00753041448054056,0.0,0.0007047806125766206
CICIDS2017_COVERAGE_R1,2026,0.6,CB-Score,validation_PR_AUC,0.03237399127817446,0.03935964060470005,0.035965900630158434
CICIDS2017_COVERAGE_R1,2026,0.6,CB-Score,validation_FPR,0.016309883596315713,0.02882529757453868,0.0022330745335614635
CICIDS2017_COVERAGE_R1,2026,0.6,Historical-DoubleCost,validation_F1,0.00753041448054056,0.0,0.0007047806125766206
CICIDS2017_COVERAGE_R1,2026,0.6,Historical-DoubleCost,validation_PR_AUC,0.03237399127817446,0.03935964060470005,0.035965900630158434
CICIDS2017_COVERAGE_R1,2026,0.6,Historical-DoubleCost,validation_FPR,0.016309883596315713,0.02882529757453868,0.0022330745335614635
CICIDS2017_COVERAGE_R1,2026,0.6,Oort-Style-Adapted,validation_F1,0.006934240649809112,0.0,0.0015687831789359932
CICIDS2017_COVERAGE_R1,2026,0.6,Oort-Style-Adapted,validation_PR_AUC,0.03192085872528451,0.03784048301967104,0.03186828963140214
CICIDS2017_COVERAGE_R1,2026,0.6,Oort-Style-Adapted,validation_FPR,0.017308859235839014,0.0020986471918312127,0.0028624544365792003
CICIDS2017_COVERAGE_R1,2026,0.6,Oracle-Score-Exact,validation_F1,0.001514913037099659,0.0,0.0020565552699228
CICIDS2017_COVERAGE_R1,2026,0.6,Oracle-Score-Exact,validation_PR_AUC,0.03140276003913721,0.03935964060470005,0.0316581726091203
CICIDS2017_COVERAGE_R1,2026,0.6,Oracle-Score-Exact,validation_FPR,0.01729365660370318,0.02882529757453868,0.0165554782466336
CICIDS2017_COVERAGE_R1,2026,0.8,Full-Contextual,validation_F1,5.6855099597577544e-05,0.0,0.0013647396444811158
CICIDS2017_COVERAGE_R1,2026,0.8,Full-Contextual,validation_PR_AUC,0.030210594523237922,0.0371381328529763,0.027803855012966207
CICIDS2017_COVERAGE_R1,2026,0.8,Full-Contextual,validation_FPR,0.003941718969997356,6.139237915933369e-05,0.003321628767638069
CICIDS2017_COVERAGE_R1,2026,0.8,Random-Budget,validation_F1,0.00017477491046944332,0.0,0.0015232727737057613
CICIDS2017_COVERAGE_R1,2026,0.8,Random-Budget,validation_PR_AUC,0.030340186834239093,0.03705296402416734,0.02847435889047624
CICIDS2017_COVERAGE_R1,2026,0.8,Random-Budget,validation_FPR,0.0026898582671186387,6.719804125011426e-05,0.0035122092687056086
CICIDS2017_COVERAGE_R1,2026,0.8,Cost-Only,validation_F1,0.00011078024690011489,0.0,0.0012935766265032564
CICIDS2017_COVERAGE_R1,2026,0.8,Cost-Only,validation_PR_AUC,0.03008190625852616,0.036929249247029984,0.029908373567228703
CICIDS2017_COVERAGE_R1,2026,0.8,Cost-Only,validation_FPR,0.004730890862361346,0.0013179406693776875,0.003689250249211847
CICIDS2017_COVERAGE_R1,2026,0.8,Utility-Only,validation_F1,0.0025065028763960146,0.08350282661949267,0.001583373556386221
CICIDS2017_COVERAGE_R1,2026,0.8,Utility-Only,validation_PR_AUC,0.02966596590973093,0.03916012905269001,0.028530754594196225
CICIDS2017_COVERAGE_R1,2026,0.8,Utility-Only,validation_FPR,0.013047417458554622,0.08815097580103254,0.0026226243684796236
CICIDS2017_COVERAGE_R1,2026,0.8,Utility-Cost-Ratio,validation_F1,0.002488720877357815,0.08350282661949267,0.0
CICIDS2017_COVERAGE_R1,2026,0.8,Utility-Cost-Ratio,validation_PR_AUC,0.028920141325020934,0.03916012905269001,0.028785904254284105
CICIDS2017_COVERAGE_R1,2026,0.8,Utility-Cost-Ratio,validation_FPR,0.012731657357803277,0.08815097580103254,0.0012278475831866
CICIDS2017_COVERAGE_R1,2026,0.8,CB-Score,validation_F1,0.00948399717491085,0.05138112844795803,0.0
CICIDS2017_COVERAGE_R1,2026,0.8,CB-Score,validation_PR_AUC,0.032012544261451635,0.038517095265100325,0.029383191288845
CICIDS2017_COVERAGE_R1,2026,0.8,CB-Score,validation_FPR,0.01687621539939166,0.053877122040506584,0.0020873408914173
CICIDS2017_COVERAGE_R1,2026,0.8,Historical-DoubleCost,validation_F1,0.00948399717491085,0.05138112844795803,0.0
CICIDS2017_COVERAGE_R1,2026,0.8,Historical-DoubleCost,validation_PR_AUC,0.032012544261451635,0.038517095265100325,0.029383191288845
CICIDS2017_COVERAGE_R1,2026,0.8,Historical-DoubleCost,validation_FPR,0.01687621539939166,0.053877122040506584,0.0020873408914173
CICIDS2017_COVERAGE_R1,2026,0.8,Oort-Style-Adapted,validation_F1,0.00254276051243251,0.08495164446841774,0.0018561043630770631
CICIDS2017_COVERAGE_R1,2026,0.8,Oort-Style-Adapted,validation_PR_AUC,0.02924272366890437,0.03927275773434033,0.03378424301184727
CICIDS2017_COVERAGE_R1,2026,0.8,Oort-Style-Adapted,validation_FPR,0.012149129349953667,0.08623108063942081,0.0198112098598778
CICIDS2017_COVERAGE_R1,2026,0.8,Oracle-Score-Exact,validation_F1,0.00948399717491085,0.05138112844795803,0.0
CICIDS2017_COVERAGE_R1,2026,0.8,Oracle-Score-Exact,validation_PR_AUC,0.032012544261451635,0.038517095265100325,0.029383191288845
CICIDS2017_COVERAGE_R1,2026,0.8,Oracle-Score-Exact,validation_FPR,0.01687621539939166,0.053877122040506584,0.0020873408914173
CICIDS2017_COVERAGE_R1,2026,1.0,Full-Contextual,validation_F1,0.00022125654401117223,0.0,0.0015478669872104813
CICIDS2017_COVERAGE_R1,2026,1.0,Full-Contextual,validation_PR_AUC,0.029787506037695123,0.03713763874425446,0.028334199344695665
CICIDS2017_COVERAGE_R1,2026,1.0,Full-Contextual,validation_FPR,0.0038867322201913586,7.065916664303459e-05,0.0032363555602759435
CICIDS2017_COVERAGE_R1,2026,1.0,Random-Budget,validation_F1,0.00021970278100633616,0.0,0.0015499830585340014
CICIDS2017_COVERAGE_R1,2026,1.0,Random-Budget,validation_PR_AUC,0.029788807727195558,0.03713808639985075,0.02827373989257229
CICIDS2017_COVERAGE_R1,2026,1.0,Random-Budget,validation_FPR,0.0038872482086848223,6.22635866959989e-05,0.0031994310120639904
CICIDS2017_COVERAGE_R1,2026,1.0,Cost-Only,validation_F1,0.00021954154997648158,0.0,0.0015502026374889632
CICIDS2017_COVERAGE_R1,2026,1.0,Cost-Only,validation_PR_AUC,0.029788942804217754,0.0371381328529763,0.028267466179977045
CICIDS2017_COVERAGE_R1,2026,1.0,Cost-Only,validation_FPR,0.003887301753454114,6.139237915933369e-05,0.0031955994523151796
CICIDS2017_COVERAGE_R1,2026,1.0,Utility-Only,validation_F1,0.008376810336134813,0.0,0.0015643055214210045
CICIDS2017_COVERAGE_R1,2026,1.0,Utility-Only,validation_PR_AUC,0.029934020006433425,0.0371381328529763,0.02781372399231795
CICIDS2017_COVERAGE_R1,2026,1.0,Utility-Only,validation_FPR,0.01341698422442073,6.139237915933369e-05,0.002948309067523143
CICIDS2017_COVERAGE_R1,2026,1.0,Utility-Cost-Ratio,validation_F1,0.008376810336134813,0.0,0.0015643055214210045
CICIDS2017_COVERAGE_R1,2026,1.0,Utility-Cost-Ratio,validation_PR_AUC,0.029934020006433425,0.0371381328529763,0.02781372399231795
CICIDS2017_COVERAGE_R1,2026,1.0,Utility-Cost-Ratio,validation_FPR,0.01341698422442073,6.139237915933369e-05,0.002948309067523143
CICIDS2017_COVERAGE_R1,2026,1.0,CB-Score,validation_F1,0.0030711155958404366,0.09734025654449706,0.0015961691939345
CICIDS2017_COVERAGE_R1,2026,1.0,CB-Score,validation_PR_AUC,0.030288003077979065,0.03921965997760619,0.0299697199050043
CICIDS2017_COVERAGE_R1,2026,1.0,CB-Score,validation_FPR,0.011823531228641734,0.10878281546749186,0.0024147669136004
CICIDS2017_COVERAGE_R1,2026,1.0,Historical-DoubleCost,validation_F1,0.0030711155958404366,0.09734025654449706,0.0015961691939345
CICIDS2017_COVERAGE_R1,2026,1.0,Historical-DoubleCost,validation_PR_AUC,0.030288003077979065,0.03921965997760619,0.0299697199050043
CICIDS2017_COVERAGE_R1,2026,1.0,Historical-DoubleCost,validation_FPR,0.011823531228641734,0.10878281546749186,0.0024147669136004
CICIDS2017_COVERAGE_R1,2026,1.0,Oort-Style-Adapted,validation_F1,0.008376810336134813,0.0,0.0015643055214210045
CICIDS2017_COVERAGE_R1,2026,1.0,Oort-Style-Adapted,validation_PR_AUC,0.029934020006433425,0.0371381328529763,0.02781372399231795
CICIDS2017_COVERAGE_R1,2026,1.0,Oort-Style-Adapted,validation_FPR,0.01341698422442073,6.139237915933369e-05,0.002948309067523143
CICIDS2017_COVERAGE_R1,2026,1.0,Oracle-Score-Exact,validation_F1,0.0030711155958404366,0.09734025654449706,0.0015961691939345
CICIDS2017_COVERAGE_R1,2026,1.0,Oracle-Score-Exact,validation_PR_AUC,0.030288003077979065,0.03921965997760619,0.0299697199050043
CICIDS2017_COVERAGE_R1,2026,1.0,Oracle-Score-Exact,validation_FPR,0.011823531228641734,0.10878281546749186,0.0024147669136004
CICIDS2017_COVERAGE_R1,3407,0.1,Full-Contextual,validation_F1,0.0013133112744346035,0.0,0.000818737015012339
CICIDS2017_COVERAGE_R1,3407,0.1,Full-Contextual,validation_PR_AUC,0.028467714059687402,0.0330465102287126,0.026695528111309527
CICIDS2017_COVERAGE_R1,3407,0.1,Full-Contextual,validation_FPR,0.05558519319141056,0.0033930177418036,0.044606941568532045
CICIDS2017_COVERAGE_R1,3407,0.1,Random-Budget,validation_F1,0.018333074843326136,0.04164320657810417,0.07791971224155618
CICIDS2017_COVERAGE_R1,3407,0.1,Random-Budget,validation_PR_AUC,0.039889456978859414,0.03785924483071679,0.07234617493649495
CICIDS2017_COVERAGE_R1,3407,0.1,Random-Budget,validation_FPR,0.11054418893806402,0.1091281360646812,0.15408470836583182
CICIDS2017_COVERAGE_R1,3407,0.1,Cost-Only,validation_F1,0.00024041626266454422,0.0,0.0
CICIDS2017_COVERAGE_R1,3407,0.1,Cost-Only,validation_PR_AUC,0.026929453969437984,0.027171409263476606,0.0248764624037452
CICIDS2017_COVERAGE_R1,3407,0.1,Cost-Only,validation_FPR,0.006072879911552632,0.04180839985700774,0.004946447551304
CICIDS2017_COVERAGE_R1,3407,0.1,Utility-Only,validation_F1,0.0428779976231142,0.04884194347635993,0.005336977322676901
CICIDS2017_COVERAGE_R1,3407,0.1,Utility-Only,validation_PR_AUC,0.04128112017250993,0.033504095139496474,0.03060224682664854
CICIDS2017_COVERAGE_R1,3407,0.1,Utility-Only,validation_FPR,0.02133821594159509,0.15808518342627026,0.01933143409274775
CICIDS2017_COVERAGE_R1,3407,0.1,Utility-Cost-Ratio,validation_F1,0.0428779976231142,0.04884194347635993,0.005336977322676901
CICIDS2017_COVERAGE_R1,3407,0.1,Utility-Cost-Ratio,validation_PR_AUC,0.04128112017250993,0.033504095139496474,0.03060224682664854
CICIDS2017_COVERAGE_R1,3407,0.1,Utility-Cost-Ratio,validation_FPR,0.02133821594159509,0.15808518342627026,0.01933143409274775
CICIDS2017_COVERAGE_R1,3407,0.1,CB-Score,validation_F1,0.05174980332333033,0.0,0.010111067114224798
CICIDS2017_COVERAGE_R1,3407,0.1,CB-Score,validation_PR_AUC,0.042570779172571946,0.03210949697958288,0.04512023505560304
CICIDS2017_COVERAGE_R1,3407,0.1,CB-Score,validation_FPR,0.019685354238668858,0.0012432504841348737,0.002842266814194999
CICIDS2017_COVERAGE_R1,3407,0.1,Historical-DoubleCost,validation_F1,0.05174980332333033,0.0,0.010111067114224798
CICIDS2017_COVERAGE_R1,3407,0.1,Historical-DoubleCost,validation_PR_AUC,0.042570779172571946,0.03210949697958288,0.04512023505560304
CICIDS2017_COVERAGE_R1,3407,0.1,Historical-DoubleCost,validation_FPR,0.019685354238668858,0.0012432504841348737,0.002842266814194999
CICIDS2017_COVERAGE_R1,3407,0.1,Oort-Style-Adapted,validation_F1,0.036761285056469875,0.0,6.15629054746456e-06
CICIDS2017_COVERAGE_R1,3407,0.1,Oort-Style-Adapted,validation_PR_AUC,0.03952254236519703,0.031671604455054334,0.03702685928464031
CICIDS2017_COVERAGE_R1,3407,0.1,Oort-Style-Adapted,validation_FPR,0.034770238956641775,0.0005867064521567488,0.0009716566757822995
CICIDS2017_COVERAGE_R1,3407,0.1,Oracle-Score-Exact,validation_F1,0.05174980332333033,0.0,0.010111067114224798
CICIDS2017_COVERAGE_R1,3407,0.1,Oracle-Score-Exact,validation_PR_AUC,0.042570779172571946,0.03210949697958288,0.04512023505560304
CICIDS2017_COVERAGE_R1,3407,0.1,Oracle-Score-Exact,validation_FPR,0.019685354238668858,0.0012432504841348737,0.002842266814194999
CICIDS2017_COVERAGE_R1,3407,0.2,Full-Contextual,validation_F1,0.0009715740451142155,0.0,0.0011381755199946244
CICIDS2017_COVERAGE_R1,3407,0.2,Full-Contextual,validation_PR_AUC,0.027620433844916147,0.0330465102287126,0.024696589989353472
CICIDS2017_COVERAGE_R1,3407,0.2,Full-Contextual,validation_FPR,0.04086255295015624,0.0033930177418036,0.013199170427688658
CICIDS2017_COVERAGE_R1,3407,0.2,Random-Budget,validation_F1,0.019335357747221896,0.006874216507608319,0.001287498390627
CICIDS2017_COVERAGE_R1,3407,0.2,Random-Budget,validation_PR_AUC,0.04307035410496258,0.025265655256048083,0.0575015117104851
CICIDS2017_COVERAGE_R1,3407,0.2,Random-Budget,validation_FPR,0.11803546127472918,0.12641710502272785,0.1366609435042106
CICIDS2017_COVERAGE_R1,3407,0.2,Cost-Only,validation_F1,0.0,0.0,0.0
CICIDS2017_COVERAGE_R1,3407,0.2,Cost-Only,validation_PR_AUC,0.02699194691481961,0.032138086631429974,0.029427963726889397
CICIDS2017_COVERAGE_R1,3407,0.2,Cost-Only,validation_FPR,0.008802357978038028,0.0007208988461472046,0.004273069687918054
CICIDS2017_COVERAGE_R1,3407,0.2,Utility-Only,validation_F1,0.04108937069573102,0.006450251489395986,0.0
CICIDS2017_COVERAGE_R1,3407,0.2,Utility-Only,validation_PR_AUC,0.040147434642009615,0.03354660782198605,0.03196893951583303
CICIDS2017_COVERAGE_R1,3407,0.2,Utility-Only,validation_FPR,0.01635512646502011,0.02517170462232529,0.0036484177322602066
CICIDS2017_COVERAGE_R1,3407,0.2,Utility-Cost-Ratio,validation_F1,0.0004578839700414014,0.006450251489395986,0.0
CICIDS2017_COVERAGE_R1,3407,0.2,Utility-Cost-Ratio,validation_PR_AUC,0.027299508329090994,0.03354660782198605,0.026990359975809453
CICIDS2017_COVERAGE_R1,3407,0.2,Utility-Cost-Ratio,validation_FPR,0.011399478067036698,0.02517170462232529,0.006124516467595178
CICIDS2017_COVERAGE_R1,3407,0.2,CB-Score,validation_F1,0.006257724865087843,0.0001363073944765002,0.0
CICIDS2017_COVERAGE_R1,3407,0.2,CB-Score,validation_PR_AUC,0.030277344993858854,0.03241955692358131,0.027161369591673843
CICIDS2017_COVERAGE_R1,3407,0.2,CB-Score,validation_FPR,0.03669000435670381,0.020771779339139235,0.0028174837562779274
CICIDS2017_COVERAGE_R1,3407,0.2,Historical-DoubleCost,validation_F1,0.006257724865087843,0.0001363073944765002,0.0
CICIDS2017_COVERAGE_R1,3407,0.2,Historical-DoubleCost,validation_PR_AUC,0.030277344993858854,0.03241955692358131,0.027161369591673843
CICIDS2017_COVERAGE_R1,3407,0.2,Historical-DoubleCost,validation_FPR,0.03669000435670381,0.020771779339139235,0.0028174837562779274
CICIDS2017_COVERAGE_R1,3407,0.2,Oort-Style-Adapted,validation_F1,0.037375342432604354,0.00012117722544434427,0.0
CICIDS2017_COVERAGE_R1,3407,0.2,Oort-Style-Adapted,validation_PR_AUC,0.04574152769220977,0.03278302868623815,0.02866393204975139
CICIDS2017_COVERAGE_R1,3407,0.2,Oort-Style-Adapted,validation_FPR,0.04565711442917891,0.011327390526821371,0.0019293578212496788
CICIDS2017_COVERAGE_R1,3407,0.2,Oracle-Score-Exact,validation_F1,0.006257724865087843,0.0001363073944765002,0.0
CICIDS2017_COVERAGE_R1,3407,0.2,Oracle-Score-Exact,validation_PR_AUC,0.030277344993858854,0.03241955692358131,0.027161369591673843
CICIDS2017_COVERAGE_R1,3407,0.2,Oracle-Score-Exact,validation_FPR,0.03669000435670381,0.020771779339139235,0.0028174837562779274
CICIDS2017_COVERAGE_R1,3407,0.4,Full-Contextual,validation_F1,0.0005999388705110078,0.0,0.0
CICIDS2017_COVERAGE_R1,3407,0.4,Full-Contextual,validation_PR_AUC,0.0260887415395224,0.0330465102287126,0.023443258561250933
CICIDS2017_COVERAGE_R1,3407,0.4,Full-Contextual,validation_FPR,0.02679460011480589,0.0033930177418036,0.006049645647587458
CICIDS2017_COVERAGE_R1,3407,0.4,Random-Budget,validation_F1,0.00030841649103220486,0.0011013952831263189,0.0
CICIDS2017_COVERAGE_R1,3407,0.4,Random-Budget,validation_PR_AUC,0.02962960029152976,0.03052345236007262,0.03965257069668678
CICIDS2017_COVERAGE_R1,3407,0.4,Random-Budget,validation_FPR,0.025319637403879956,0.16549496910739558,0.008358919457007497
CICIDS2017_COVERAGE_R1,3407,0.4,Cost-Only,validation_F1,0.0002463154193307979,0.0031117362857088094,0.0
CICIDS2017_COVERAGE_R1,3407,0.4,Cost-Only,validation_PR_AUC,0.0260895768820246,0.03246733690053342,0.02593455770058883
CICIDS2017_COVERAGE_R1,3407,0.4,Cost-Only,validation_FPR,0.006609746958230011,0.01731450583794928,0.0021162145578999597
CICIDS2017_COVERAGE_R1,3407,0.4,Utility-Only,validation_F1,0.0007794764775897172,0.000165013308836037,0.007503642829187077
CICIDS2017_COVERAGE_R1,3407,0.4,Utility-Only,validation_PR_AUC,0.026468245730639668,0.032403158576263996,0.033783234736744557
CICIDS2017_COVERAGE_R1,3407,0.4,Utility-Only,validation_FPR,0.019487025624125,0.03544240077134546,0.02102685154482267
CICIDS2017_COVERAGE_R1,3407,0.4,Utility-Cost-Ratio,validation_F1,0.0007794764775897172,0.000165013308836037,0.007503642829187077
CICIDS2017_COVERAGE_R1,3407,0.4,Utility-Cost-Ratio,validation_PR_AUC,0.026468245730639668,0.032403158576263996,0.033783234736744557
CICIDS2017_COVERAGE_R1,3407,0.4,Utility-Cost-Ratio,validation_FPR,0.019487025624125,0.03544240077134546,0.02102685154482267
CICIDS2017_COVERAGE_R1,3407,0.4,CB-Score,validation_F1,0.0018713876289677524,0.00023418143948679762,0.00610042809117499
CICIDS2017_COVERAGE_R1,3407,0.4,CB-Score,validation_PR_AUC,0.0282416101633259,0.03244474598916838,0.030964297427869554
CICIDS2017_COVERAGE_R1,3407,0.4,CB-Score,validation_FPR,0.016451333597852946,0.025278955687713572,0.01166448124941223
CICIDS2017_COVERAGE_R1,3407,0.4,Historical-DoubleCost,validation_F1,0.001710850047621042,0.00023418143948679762,0.0
CICIDS2017_COVERAGE_R1,3407,0.4,Historical-DoubleCost,validation_PR_AUC,0.028464935026258995,0.03244474598916838,0.028925528099045156
CICIDS2017_COVERAGE_R1,3407,0.4,Historical-DoubleCost,validation_FPR,0.01633937809651374,0.025278955687713572,0.0011831190163803932
CICIDS2017_COVERAGE_R1,3407,0.4,Oort-Style-Adapted,validation_F1,0.01180838661043608,0.0,0.0
CICIDS2017_COVERAGE_R1,3407,0.4,Oort-Style-Adapted,validation_PR_AUC,0.03315050239119693,0.03353025246196575,0.0315821242424644
CICIDS2017_COVERAGE_R1,3407,0.4,Oort-Style-Adapted,validation_FPR,0.013834436071227784,0.001014076232159062,0.0020848663232769
CICIDS2017_COVERAGE_R1,3407,0.4,Oracle-Score-Exact,validation_F1,9.989272588129531e-05,0.00023418143948679762,0.0
CICIDS2017_COVERAGE_R1,3407,0.4,Oracle-Score-Exact,validation_PR_AUC,0.026570443357722674,0.03244474598916838,0.028240732405451982
CICIDS2017_COVERAGE_R1,3407,0.4,Oracle-Score-Exact,validation_FPR,0.01371368082261279,0.025278955687713572,0.005305339044929065
CICIDS2017_COVERAGE_R1,3407,0.6,Full-Contextual,validation_F1,0.0004521487633538186,0.0,0.0
CICIDS2017_COVERAGE_R1,3407,0.6,Full-Contextual,validation_PR_AUC,0.026857761213231177,0.0330465102287126,0.03562060596587495
CICIDS2017_COVERAGE_R1,3407,0.6,Full-Contextual,validation_FPR,0.021232685313613036,0.0033930177418036,0.004681488634311561
CICIDS2017_COVERAGE_R1,3407,0.6,Random-Budget,validation_F1,0.00029242351751271317,0.0008321946951752766,0.0
CICIDS2017_COVERAGE_R1,3407,0.6,Random-Budget,validation_PR_AUC,0.028108614628279637,0.029287274163783947,0.04662451301440655
CICIDS2017_COVERAGE_R1,3407,0.6,Random-Budget,validation_FPR,0.017552227646794993,0.06670515539661157,0.01462760790482176
CICIDS2017_COVERAGE_R1,3407,0.6,Cost-Only,validation_F1,0.0002349175553035455,0.00244631773484287,0.0
CICIDS2017_COVERAGE_R1,3407,0.6,Cost-Only,validation_PR_AUC,0.026916377893880378,0.03319545029445638,0.02890430994104232
CICIDS2017_COVERAGE_R1,3407,0.6,Cost-Only,validation_FPR,0.00757287258542647,0.009498843451375867,0.002408210571536354
CICIDS2017_COVERAGE_R1,3407,0.6,Utility-Only,validation_F1,0.003902451812701967,0.03042387023422402,0.0
CICIDS2017_COVERAGE_R1,3407,0.6,Utility-Only,validation_PR_AUC,0.02697757171050905,0.03165223005970754,0.036414910188388
CICIDS2017_COVERAGE_R1,3407,0.6,Utility-Only,validation_FPR,0.023661367909459177,0.11025293103295036,0.0120799607554574
CICIDS2017_COVERAGE_R1,3407,0.6,Utility-Cost-Ratio,validation_F1,0.003902451812701967,0.03042387023422402,0.0
CICIDS2017_COVERAGE_R1,3407,0.6,Utility-Cost-Ratio,validation_PR_AUC,0.02697757171050905,0.03165223005970754,0.036414910188388
CICIDS2017_COVERAGE_R1,3407,0.6,Utility-Cost-Ratio,validation_FPR,0.023661367909459177,0.11025293103295036,0.0120799607554574
CICIDS2017_COVERAGE_R1,3407,0.6,CB-Score,validation_F1,0.0008717619332385498,0.03042387023422402,0.0
CICIDS2017_COVERAGE_R1,3407,0.6,CB-Score,validation_PR_AUC,0.027676101055473364,0.03165223005970754,0.03227442748740778
CICIDS2017_COVERAGE_R1,3407,0.6,CB-Score,validation_FPR,0.01100114275890341,0.11025293103295036,0.001836413089340878
CICIDS2017_COVERAGE_R1,3407,0.6,Historical-DoubleCost,validation_F1,0.0008717619332385498,0.03042387023422402,0.0
CICIDS2017_COVERAGE_R1,3407,0.6,Historical-DoubleCost,validation_PR_AUC,0.027676101055473364,0.03165223005970754,0.03227442748740778
CICIDS2017_COVERAGE_R1,3407,0.6,Historical-DoubleCost,validation_FPR,0.01100114275890341,0.11025293103295036,0.001836413089340878
CICIDS2017_COVERAGE_R1,3407,0.6,Oort-Style-Adapted,validation_F1,0.005517875842898132,0.0006580122046105519,0.0
CICIDS2017_COVERAGE_R1,3407,0.6,Oort-Style-Adapted,validation_PR_AUC,0.028686202668671355,0.031868849478495685,0.02566025064780046
CICIDS2017_COVERAGE_R1,3407,0.6,Oort-Style-Adapted,validation_FPR,0.019380790878883256,0.11997641984365798,0.0030202032938098484
CICIDS2017_COVERAGE_R1,3407,0.6,Oracle-Score-Exact,validation_F1,0.0008717619332385498,0.03042387023422402,0.0
CICIDS2017_COVERAGE_R1,3407,0.6,Oracle-Score-Exact,validation_PR_AUC,0.028081299213152562,0.03165223005970754,0.03367346579396929
CICIDS2017_COVERAGE_R1,3407,0.6,Oracle-Score-Exact,validation_FPR,0.011378305677182529,0.11025293103295036,0.004318986813608325
CICIDS2017_COVERAGE_R1,3407,0.8,Full-Contextual,validation_F1,0.0003942495618254948,0.0,0.0
CICIDS2017_COVERAGE_R1,3407,0.8,Full-Contextual,validation_PR_AUC,0.027626893754101885,0.0330465102287126,0.03267995600580377
CICIDS2017_COVERAGE_R1,3407,0.8,Full-Contextual,validation_FPR,0.018994581364355136,0.0033930177418036,0.004775209405450375
CICIDS2017_COVERAGE_R1,3407,0.8,Random-Budget,validation_F1,0.000379618919018497,0.0008273486554731985,0.0
CICIDS2017_COVERAGE_R1,3407,0.8,Random-Budget,validation_PR_AUC,0.027651906690592244,0.032974444986002834,0.029359781380808414
CICIDS2017_COVERAGE_R1,3407,0.8,Random-Budget,validation_FPR,0.013704394209449886,0.007188666874549312,0.003137770685667314
CICIDS2017_COVERAGE_R1,3407,0.8,Cost-Only,validation_F1,0.0003347775477363247,0.0008531861077170993,0.0
CICIDS2017_COVERAGE_R1,3407,0.8,Cost-Only,validation_PR_AUC,0.026464155201170462,0.03292559919017604,0.027209940018280955
CICIDS2017_COVERAGE_R1,3407,0.8,Cost-Only,validation_FPR,0.009370334379287677,0.007419652503911222,0.0027600490089955527
CICIDS2017_COVERAGE_R1,3407,0.8,Utility-Only,validation_F1,0.0015709045129520998,0.013454752095315712,0.0
CICIDS2017_COVERAGE_R1,3407,0.8,Utility-Only,validation_PR_AUC,0.027403905927024123,0.03272565872776489,0.0298563088941059
CICIDS2017_COVERAGE_R1,3407,0.8,Utility-Only,validation_FPR,0.011403193526347487,0.04908878156616791,0.007419671326956
CICIDS2017_COVERAGE_R1,3407,0.8,Utility-Cost-Ratio,validation_F1,0.0015709045129520998,0.013454752095315712,0.0
CICIDS2017_COVERAGE_R1,3407,0.8,Utility-Cost-Ratio,validation_PR_AUC,0.027403905927024123,0.03272565872776489,0.0298563088941059
CICIDS2017_COVERAGE_R1,3407,0.8,Utility-Cost-Ratio,validation_FPR,0.011403193526347487,0.04908878156616791,0.007419671326956
CICIDS2017_COVERAGE_R1,3407,0.8,CB-Score,validation_F1,0.00011116089076869291,0.0005005493769547351,0.0
CICIDS2017_COVERAGE_R1,3407,0.8,CB-Score,validation_PR_AUC,0.026974170033511095,0.02954524648319447,0.029353990947411354
CICIDS2017_COVERAGE_R1,3407,0.8,CB-Score,validation_FPR,0.010860296750089971,0.09558726079966264,0.0030527015615004244
CICIDS2017_COVERAGE_R1,3407,0.8,Historical-DoubleCost,validation_F1,0.00011116089076869291,0.0005005493769547351,0.0
CICIDS2017_COVERAGE_R1,3407,0.8,Historical-DoubleCost,validation_PR_AUC,0.026974170033511095,0.02954524648319447,0.029353990947411354
CICIDS2017_COVERAGE_R1,3407,0.8,Historical-DoubleCost,validation_FPR,0.010860296750089971,0.09558726079966264,0.0030527015615004244
CICIDS2017_COVERAGE_R1,3407,0.8,Oort-Style-Adapted,validation_F1,0.002870748326362889,0.0002615474982884548,0.0
CICIDS2017_COVERAGE_R1,3407,0.8,Oort-Style-Adapted,validation_PR_AUC,0.031155093910842636,0.032751199213058795,0.03378907893336267
CICIDS2017_COVERAGE_R1,3407,0.8,Oort-Style-Adapted,validation_FPR,0.018209203075629933,0.043858425512061275,0.0034097386199235685
CICIDS2017_COVERAGE_R1,3407,0.8,Oracle-Score-Exact,validation_F1,0.00011116089076869291,0.0005005493769547351,0.0
CICIDS2017_COVERAGE_R1,3407,0.8,Oracle-Score-Exact,validation_PR_AUC,0.026910088462755,0.02954524648319447,0.028621750353735497
CICIDS2017_COVERAGE_R1,3407,0.8,Oracle-Score-Exact,validation_FPR,0.00957815401345462,0.09558726079966264,0.002917003768267222
CICIDS2017_COVERAGE_R1,3407,1.0,Full-Contextual,validation_F1,0.00034139073993394594,4.184098938064844e-06,0.0
CICIDS2017_COVERAGE_R1,3407,1.0,Full-Contextual,validation_PR_AUC,0.028497229406335735,0.03304382407977666,0.03406978543883639
CICIDS2017_COVERAGE_R1,3407,1.0,Full-Contextual,validation_FPR,0.017066730390194147,0.003419836236825087,0.0037133115965999964
CICIDS2017_COVERAGE_R1,3407,1.0,Random-Budget,validation_F1,0.0003419703889572459,3.933642342451367e-07,0.0
CICIDS2017_COVERAGE_R1,3407,1.0,Random-Budget,validation_PR_AUC,0.028495629249027637,0.03304625769287755,0.03411089894079019
CICIDS2017_COVERAGE_R1,3407,1.0,Random-Budget,validation_FPR,0.01708713813018678,0.0033955390580807463,0.003735742126068234
CICIDS2017_COVERAGE_R1,3407,1.0,Cost-Only,validation_F1,0.0003420305385182458,0.0,0.0
CICIDS2017_COVERAGE_R1,3407,1.0,Cost-Only,validation_PR_AUC,0.02849546321157943,0.0330465102287126,0.03411516513580316
CICIDS2017_COVERAGE_R1,3407,1.0,Cost-Only,validation_FPR,0.017089255800653607,0.0033930177418036,0.003738069658591815
CICIDS2017_COVERAGE_R1,3407,1.0,Utility-Only,validation_F1,5.1770049859285456e-05,0.0,0.0
CICIDS2017_COVERAGE_R1,3407,1.0,Utility-Only,validation_PR_AUC,0.028106788615973058,0.0330465102287126,0.0292943483189322
CICIDS2017_COVERAGE_R1,3407,1.0,Utility-Only,validation_FPR,0.011553009214785779,0.0033930177418036,0.0091161801978579
CICIDS2017_COVERAGE_R1,3407,1.0,Utility-Cost-Ratio,validation_F1,5.1770049859285456e-05,0.0,0.0
CICIDS2017_COVERAGE_R1,3407,1.0,Utility-Cost-Ratio,validation_PR_AUC,0.028106788615973058,0.0330465102287126,0.0292943483189322
CICIDS2017_COVERAGE_R1,3407,1.0,Utility-Cost-Ratio,validation_FPR,0.011553009214785779,0.0033930177418036,0.0091161801978579
CICIDS2017_COVERAGE_R1,3407,1.0,CB-Score,validation_F1,9.576650119296052e-05,0.000411655231461998,0.0
CICIDS2017_COVERAGE_R1,3407,1.0,CB-Score,validation_PR_AUC,0.02950581355276622,0.029847047104527884,0.035112681090031427
CICIDS2017_COVERAGE_R1,3407,1.0,CB-Score,validation_FPR,0.00876240460658946,0.05722511244092549,0.002924724682723967
CICIDS2017_COVERAGE_R1,3407,1.0,Historical-DoubleCost,validation_F1,9.576650119296052e-05,0.000411655231461998,0.0
CICIDS2017_COVERAGE_R1,3407,1.0,Historical-DoubleCost,validation_PR_AUC,0.02950581355276622,0.029847047104527884,0.035112681090031427
CICIDS2017_COVERAGE_R1,3407,1.0,Historical-DoubleCost,validation_FPR,0.00876240460658946,0.05722511244092549,0.002924724682723967
CICIDS2017_COVERAGE_R1,3407,1.0,Oort-Style-Adapted,validation_F1,5.1770049859285456e-05,0.0,0.0
CICIDS2017_COVERAGE_R1,3407,1.0,Oort-Style-Adapted,validation_PR_AUC,0.028106788615973058,0.0330465102287126,0.0292943483189322
CICIDS2017_COVERAGE_R1,3407,1.0,Oort-Style-Adapted,validation_FPR,0.011553009214785779,0.0033930177418036,0.0091161801978579
CICIDS2017_COVERAGE_R1,3407,1.0,Oracle-Score-Exact,validation_F1,9.576650119296052e-05,0.000411655231461998,0.0
CICIDS2017_COVERAGE_R1,3407,1.0,Oracle-Score-Exact,validation_PR_AUC,0.02950581355276622,0.029847047104527884,0.035112681090031427
CICIDS2017_COVERAGE_R1,3407,1.0,Oracle-Score-Exact,validation_FPR,0.00876240460658946,0.05722511244092549,0.002924724682723967
CICIDS2017_COVERAGE_R1,11,0.1,Full-Contextual,validation_F1,0.0009476489198879096,0.0,0.001208109946337298
CICIDS2017_COVERAGE_R1,11,0.1,Full-Contextual,validation_PR_AUC,0.034172832783758836,0.0336193373266985,0.027976764629854718
CICIDS2017_COVERAGE_R1,11,0.1,Full-Contextual,validation_FPR,0.02252236444000806,0.0601448385908923,0.045771716170718256
CICIDS2017_COVERAGE_R1,11,0.1,Random-Budget,validation_F1,0.06082836143687047,0.0345330728768341,0.000725878954790445
CICIDS2017_COVERAGE_R1,11,0.1,Random-Budget,validation_PR_AUC,0.048561876664440555,0.03962551342977433,0.04195790040101839
CICIDS2017_COVERAGE_R1,11,0.1,Random-Budget,validation_FPR,0.17046323966798074,0.05496434606900547,0.052648517052076425
CICIDS2017_COVERAGE_R1,11,0.1,Cost-Only,validation_F1,0.1305569809677201,0.0785925865518402,0.15960657843137788
CICIDS2017_COVERAGE_R1,11,0.1,Cost-Only,validation_PR_AUC,0.06925270807515453,0.05169888106236924,0.09215688733777459
CICIDS2017_COVERAGE_R1,11,0.1,Cost-Only,validation_FPR,0.32469565381640847,0.5397892888937714,0.24045750549470798
CICIDS2017_COVERAGE_R1,11,0.1,Utility-Only,validation_F1,0.022719882046949153,0.0004451893514231854,0.0015035402225037344
CICIDS2017_COVERAGE_R1,11,0.1,Utility-Only,validation_PR_AUC,0.031847089725103916,0.030229445396660642,0.04270362750724402
CICIDS2017_COVERAGE_R1,11,0.1,Utility-Only,validation_FPR,0.1206156322636881,0.06775102099205452,0.004757408752791464
CICIDS2017_COVERAGE_R1,11,0.1,Utility-Cost-Ratio,validation_F1,0.022719882046949153,0.0004451893514231854,0.0015035402225037344
CICIDS2017_COVERAGE_R1,11,0.1,Utility-Cost-Ratio,validation_PR_AUC,0.031847089725103916,0.030229445396660642,0.04270362750724402
CICIDS2017_COVERAGE_R1,11,0.1,Utility-Cost-Ratio,validation_FPR,0.1206156322636881,0.06775102099205452,0.004757408752791464
CICIDS2017_COVERAGE_R1,11,0.1,CB-Score,validation_F1,0.027062937658830083,0.0,0.000255288688032383
CICIDS2017_COVERAGE_R1,11,0.1,CB-Score,validation_PR_AUC,0.033736411037151914,0.034212150960925496,0.03803110711841735
CICIDS2017_COVERAGE_R1,11,0.1,CB-Score,validation_FPR,0.16186284874192694,0.001068798418857827,0.002749620620803834
CICIDS2017_COVERAGE_R1,11,0.1,Historical-DoubleCost,validation_F1,0.027062937658830083,0.0,0.000255288688032383
CICIDS2017_COVERAGE_R1,11,0.1,Historical-DoubleCost,validation_PR_AUC,0.033736411037151914,0.034212150960925496,0.03803110711841735
CICIDS2017_COVERAGE_R1,11,0.1,Historical-DoubleCost,validation_FPR,0.16186284874192694,0.001068798418857827,0.002749620620803834
CICIDS2017_COVERAGE_R1,11,0.1,Oort-Style-Adapted,validation_F1,0.016887850554092653,0.0009892336878961452,0.0015588464536243
CICIDS2017_COVERAGE_R1,11,0.1,Oort-Style-Adapted,validation_PR_AUC,0.033097101064911164,0.034146550603645735,0.0311703702851334
CICIDS2017_COVERAGE_R1,11,0.1,Oort-Style-Adapted,validation_FPR,0.07172582049023414,0.003954699900842715,0.003355018207111
CICIDS2017_COVERAGE_R1,11,0.1,Oracle-Score-Exact,validation_F1,0.027062937658830083,0.0,0.000255288688032383
CICIDS2017_COVERAGE_R1,11,0.1,Oracle-Score-Exact,validation_PR_AUC,0.033736411037151914,0.034212150960925496,0.03803110711841735
CICIDS2017_COVERAGE_R1,11,0.1,Oracle-Score-Exact,validation_FPR,0.16186284874192694,0.001068798418857827,0.002749620620803834
CICIDS2017_COVERAGE_R1,11,0.2,Full-Contextual,validation_F1,0.0009730756073698745,0.0,0.0010701690087339159
CICIDS2017_COVERAGE_R1,11,0.2,Full-Contextual,validation_PR_AUC,0.033319228898708635,0.0336193373266985,0.027638117437884274
CICIDS2017_COVERAGE_R1,11,0.2,Full-Contextual,validation_FPR,0.028067347174027528,0.0601448385908923,0.08109556026818554
CICIDS2017_COVERAGE_R1,11,0.2,Random-Budget,validation_F1,0.01626189910268466,0.0012769422252510503,0.000677836352618275
CICIDS2017_COVERAGE_R1,11,0.2,Random-Budget,validation_PR_AUC,0.03490850504710373,0.035150548682693815,0.030603415175864252
CICIDS2017_COVERAGE_R1,11,0.2,Random-Budget,validation_FPR,0.1049177375977885,0.009214385147938285,0.13790782562618664
CICIDS2017_COVERAGE_R1,11,0.2,Cost-Only,validation_F1,0.009533144977615505,0.0,0.0012841080695128618
CICIDS2017_COVERAGE_R1,11,0.2,Cost-Only,validation_PR_AUC,0.031180213617623437,0.036703769075231776,0.02780534693429362
CICIDS2017_COVERAGE_R1,11,0.2,Cost-Only,validation_FPR,0.0824997134037259,0.004792560193842417,0.010990298050744326
CICIDS2017_COVERAGE_R1,11,0.2,Utility-Only,validation_F1,0.02505530648581093,0.007359257755308962,0.010492803915306423
CICIDS2017_COVERAGE_R1,11,0.2,Utility-Only,validation_PR_AUC,0.04474918935292635,0.03917408910821308,0.038497014653623776
CICIDS2017_COVERAGE_R1,11,0.2,Utility-Only,validation_FPR,0.0910392388947006,0.02978567294504797,0.06641310453541949
CICIDS2017_COVERAGE_R1,11,0.2,Utility-Cost-Ratio,validation_F1,0.02505530648581093,0.007359257755308962,0.010492803915306423
CICIDS2017_COVERAGE_R1,11,0.2,Utility-Cost-Ratio,validation_PR_AUC,0.04474918935292635,0.03917408910821308,0.038497014653623776
CICIDS2017_COVERAGE_R1,11,0.2,Utility-Cost-Ratio,validation_FPR,0.0910392388947006,0.02978567294504797,0.06641310453541949
CICIDS2017_COVERAGE_R1,11,0.2,CB-Score,validation_F1,0.009834445389945734,0.0003951362811623225,0.0006170516408133117
CICIDS2017_COVERAGE_R1,11,0.2,CB-Score,validation_PR_AUC,0.032623078948667936,0.03471669267720146,0.02796696599353115
CICIDS2017_COVERAGE_R1,11,0.2,CB-Score,validation_FPR,0.039485464804817766,0.007140427699895707,0.018050940343805708
CICIDS2017_COVERAGE_R1,11,0.2,Historical-DoubleCost,validation_F1,0.009834445389945734,0.0003951362811623225,0.0006170516408133117
CICIDS2017_COVERAGE_R1,11,0.2,Historical-DoubleCost,validation_PR_AUC,0.032623078948667936,0.03471669267720146,0.02796696599353115
CICIDS2017_COVERAGE_R1,11,0.2,Historical-DoubleCost,validation_FPR,0.039485464804817766,0.007140427699895707,0.018050940343805708
CICIDS2017_COVERAGE_R1,11,0.2,Oort-Style-Adapted,validation_F1,0.013125100937415653,0.0005325059516667789,0.0
CICIDS2017_COVERAGE_R1,11,0.2,Oort-Style-Adapted,validation_PR_AUC,0.03222777407092469,0.03610103742141292,0.0286694888865843
CICIDS2017_COVERAGE_R1,11,0.2,Oort-Style-Adapted,validation_FPR,0.044784102786763105,0.0049571750700850735,0.0012888179698048
CICIDS2017_COVERAGE_R1,11,0.2,Oracle-Score-Exact,validation_F1,0.01524938761148908,0.0003951362811623225,0.000621963087065017
CICIDS2017_COVERAGE_R1,11,0.2,Oracle-Score-Exact,validation_PR_AUC,0.03742592868008407,0.03471669267720146,0.026988394410090225
CICIDS2017_COVERAGE_R1,11,0.2,Oracle-Score-Exact,validation_FPR,0.0626708267336857,0.007140427699895707,0.03367317635171292
CICIDS2017_COVERAGE_R1,11,0.4,Full-Contextual,validation_F1,0.0010483697571655331,0.0,0.0009511983381164001
CICIDS2017_COVERAGE_R1,11,0.4,Full-Contextual,validation_PR_AUC,0.03154405435134459,0.0336193373266985,0.02771309614655995
CICIDS2017_COVERAGE_R1,11,0.4,Full-Contextual,validation_FPR,0.03946942657519449,0.0601448385908923,0.06776034501609432
CICIDS2017_COVERAGE_R1,11,0.4,Random-Budget,validation_F1,0.0064205634809619706,0.016262283831109066,0.0005691847488238328
CICIDS2017_COVERAGE_R1,11,0.4,Random-Budget,validation_PR_AUC,0.028261566451403236,0.03683673201289742,0.02927769184542091
CICIDS2017_COVERAGE_R1,11,0.4,Random-Budget,validation_FPR,0.10413796447640275,0.05096677135983417,0.08500701207137033
CICIDS2017_COVERAGE_R1,11,0.4,Cost-Only,validation_F1,0.009730767857471527,0.06306998665120041,0.0007819669093876524
CICIDS2017_COVERAGE_R1,11,0.4,Cost-Only,validation_PR_AUC,0.029176409340610356,0.03856010788122901,0.0249304484645834
CICIDS2017_COVERAGE_R1,11,0.4,Cost-Only,validation_FPR,0.09231801817365472,0.18868526713359354,0.1340551539498471
CICIDS2017_COVERAGE_R1,11,0.4,Utility-Only,validation_F1,0.005523077104766399,0.04969471450662029,0.001564945226917
CICIDS2017_COVERAGE_R1,11,0.4,Utility-Only,validation_PR_AUC,0.030944894894098823,0.03746875824277336,0.0299447047181055
CICIDS2017_COVERAGE_R1,11,0.4,Utility-Only,validation_FPR,0.03377693234809603,0.07465989295572636,0.0032527310666503
CICIDS2017_COVERAGE_R1,11,0.4,Utility-Cost-Ratio,validation_F1,0.005523077104766399,0.04969471450662029,0.001564945226917
CICIDS2017_COVERAGE_R1,11,0.4,Utility-Cost-Ratio,validation_PR_AUC,0.030944894894098823,0.03746875824277336,0.0299447047181055
CICIDS2017_COVERAGE_R1,11,0.4,Utility-Cost-Ratio,validation_FPR,0.03377693234809603,0.07465989295572636,0.0032527310666503
CICIDS2017_COVERAGE_R1,11,0.4,CB-Score,validation_F1,0.005359744981617996,0.04969471450662029,0.0006923713938551084
CICIDS2017_COVERAGE_R1,11,0.4,CB-Score,validation_PR_AUC,0.029601469022625275,0.03746875824277336,0.027410254721732835
CICIDS2017_COVERAGE_R1,11,0.4,CB-Score,validation_FPR,0.04744506620964039,0.07465989295572636,0.0604498163418621
CICIDS2017_COVERAGE_R1,11,0.4,Historical-DoubleCost,validation_F1,0.005359744981617996,0.04969471450662029,0.0006923713938551084
CICIDS2017_COVERAGE_R1,11,0.4,Historical-DoubleCost,validation_PR_AUC,0.029601469022625275,0.03746875824277336,0.027410254721732835
CICIDS2017_COVERAGE_R1,11,0.4,Historical-DoubleCost,validation_FPR,0.04744506620964039,0.07465989295572636,0.0604498163418621
CICIDS2017_COVERAGE_R1,11,0.4,Oort-Style-Adapted,validation_F1,0.005523077104766399,0.04969471450662029,0.001564945226917
CICIDS2017_COVERAGE_R1,11,0.4,Oort-Style-Adapted,validation_PR_AUC,0.030944894894098823,0.03746875824277336,0.0299447047181055
CICIDS2017_COVERAGE_R1,11,0.4,Oort-Style-Adapted,validation_FPR,0.03377693234809603,0.07465989295572636,0.0032527310666503
CICIDS2017_COVERAGE_R1,11,0.4,Oracle-Score-Exact,validation_F1,0.00042910347346450026,0.0005993014075498965,0.0010016561998783162
CICIDS2017_COVERAGE_R1,11,0.4,Oracle-Score-Exact,validation_PR_AUC,0.02870999740485111,0.03589853027984024,0.026424744932638272
CICIDS2017_COVERAGE_R1,11,0.4,Oracle-Score-Exact,validation_FPR,0.03316763935485565,0.011714792753041561,0.0776813449225677
CICIDS2017_COVERAGE_R1,11,0.6,Full-Contextual,validation_F1,0.001026907616287742,0.0,0.000767266868706591
CICIDS2017_COVERAGE_R1,11,0.6,Full-Contextual,validation_PR_AUC,0.031077580604508763,0.0336193373266985,0.02720487068545736
CICIDS2017_COVERAGE_R1,11,0.6,Full-Contextual,validation_FPR,0.043611050697076964,0.0601448385908923,0.08403975719126786
CICIDS2017_COVERAGE_R1,11,0.6,Random-Budget,validation_F1,0.0010028381665953803,0.0002677512438927642,0.0007400601005131438
CICIDS2017_COVERAGE_R1,11,0.6,Random-Budget,validation_PR_AUC,0.028662434901732037,0.032980701267492044,0.029298589951559643
CICIDS2017_COVERAGE_R1,11,0.6,Random-Budget,validation_FPR,0.08569561717070126,0.0589529352891735,0.14706090970871802
CICIDS2017_COVERAGE_R1,11,0.6,Cost-Only,validation_F1,0.0008958071327712058,0.00026416539465503285,0.000810718090500775
CICIDS2017_COVERAGE_R1,11,0.6,Cost-Only,validation_PR_AUC,0.027860960985070585,0.033717250649186056,0.025697954006640364
CICIDS2017_COVERAGE_R1,11,0.6,Cost-Only,validation_FPR,0.09682255472079641,0.06957821355122593,0.1287304414196415
CICIDS2017_COVERAGE_R1,11,0.6,Utility-Only,validation_F1,0.012677927225615074,0.0,0.0
CICIDS2017_COVERAGE_R1,11,0.6,Utility-Only,validation_PR_AUC,0.031000339627636007,0.036721834799209055,0.0307366401686195
CICIDS2017_COVERAGE_R1,11,0.6,Utility-Only,validation_FPR,0.0629263330104145,0.019479100362608928,0.0008592119798698
CICIDS2017_COVERAGE_R1,11,0.6,Utility-Cost-Ratio,validation_F1,0.012677927225615074,0.0,0.0
CICIDS2017_COVERAGE_R1,11,0.6,Utility-Cost-Ratio,validation_PR_AUC,0.031000339627636007,0.036721834799209055,0.0307366401686195
CICIDS2017_COVERAGE_R1,11,0.6,Utility-Cost-Ratio,validation_FPR,0.0629263330104145,0.019479100362608928,0.0008592119798698
CICIDS2017_COVERAGE_R1,11,0.6,CB-Score,validation_F1,0.0008682328704293957,0.0003445354645867912,0.0011114040798787205
CICIDS2017_COVERAGE_R1,11,0.6,CB-Score,validation_PR_AUC,0.02986483925543674,0.0330642234805449,0.029690934311690346
CICIDS2017_COVERAGE_R1,11,0.6,CB-Score,validation_FPR,0.03983069004892439,0.05979047513622324,0.07969363789752368
CICIDS2017_COVERAGE_R1,11,0.6,Historical-DoubleCost,validation_F1,0.0008682328704293957,0.0003445354645867912,0.0011114040798787205
CICIDS2017_COVERAGE_R1,11,0.6,Historical-DoubleCost,validation_PR_AUC,0.02986483925543674,0.0330642234805449,0.029690934311690346
CICIDS2017_COVERAGE_R1,11,0.6,Historical-DoubleCost,validation_FPR,0.03983069004892439,0.05979047513622324,0.07969363789752368
CICIDS2017_COVERAGE_R1,11,0.6,Oort-Style-Adapted,validation_F1,0.012677927225615074,0.0,0.0
CICIDS2017_COVERAGE_R1,11,0.6,Oort-Style-Adapted,validation_PR_AUC,0.031000339627636007,0.036721834799209055,0.0307366401686195
CICIDS2017_COVERAGE_R1,11,0.6,Oort-Style-Adapted,validation_FPR,0.0629263330104145,0.019479100362608928,0.0008592119798698
CICIDS2017_COVERAGE_R1,11,0.6,Oracle-Score-Exact,validation_F1,0.0008682328704293957,0.0003445354645867912,0.0011114040798787205
CICIDS2017_COVERAGE_R1,11,0.6,Oracle-Score-Exact,validation_PR_AUC,0.02986483925543674,0.0330642234805449,0.029690934311690346
CICIDS2017_COVERAGE_R1,11,0.6,Oracle-Score-Exact,validation_FPR,0.03983069004892439,0.05979047513622324,0.07969363789752368
CICIDS2017_COVERAGE_R1,11,0.8,Full-Contextual,validation_F1,0.001019766969823461,0.0,0.00075485084897269
CICIDS2017_COVERAGE_R1,11,0.8,Full-Contextual,validation_PR_AUC,0.031011930758724666,0.0336193373266985,0.02712144460555944
CICIDS2017_COVERAGE_R1,11,0.8,Full-Contextual,validation_FPR,0.04466426979669097,0.0601448385908923,0.08568537129568263
CICIDS2017_COVERAGE_R1,11,0.8,Random-Budget,validation_F1,0.0008547340823198214,0.00016290215197469144,0.0006262192239491384
CICIDS2017_COVERAGE_R1,11,0.8,Random-Budget,validation_PR_AUC,0.028850111821379244,0.03389288389091639,0.025951213587755005
CICIDS2017_COVERAGE_R1,11,0.8,Random-Budget,validation_FPR,0.08769476150650629,0.06775798616715074,0.12413530335353683
CICIDS2017_COVERAGE_R1,11,0.8,Cost-Only,validation_F1,0.0008449742357782743,0.00036570320427399463,0.000762823914131265
CICIDS2017_COVERAGE_R1,11,0.8,Cost-Only,validation_PR_AUC,0.028466052948977305,0.034282176912686056,0.024720943546577268
CICIDS2017_COVERAGE_R1,11,0.8,Cost-Only,validation_FPR,0.08733970118824909,0.0914101255450624,0.13803231254438206
CICIDS2017_COVERAGE_R1,11,0.8,Utility-Only,validation_F1,0.007841277873795287,0.00042362078024171427,0.00028353436187486634
CICIDS2017_COVERAGE_R1,11,0.8,Utility-Only,validation_PR_AUC,0.0300606041639892,0.032966148826660144,0.029557245153252868
CICIDS2017_COVERAGE_R1,11,0.8,Utility-Only,validation_FPR,0.08966344283001357,0.07477982426991196,0.043233822714670675
CICIDS2017_COVERAGE_R1,11,0.8,Utility-Cost-Ratio,validation_F1,0.007841277873795287,0.00042362078024171427,0.00028353436187486634
CICIDS2017_COVERAGE_R1,11,0.8,Utility-Cost-Ratio,validation_PR_AUC,0.0300606041639892,0.032966148826660144,0.029557245153252868
CICIDS2017_COVERAGE_R1,11,0.8,Utility-Cost-Ratio,validation_FPR,0.08966344283001357,0.07477982426991196,0.043233822714670675
CICIDS2017_COVERAGE_R1,11,0.8,CB-Score,validation_F1,0.0005862831651377768,0.00036293811323667165,0.0007600877712688684
CICIDS2017_COVERAGE_R1,11,0.8,CB-Score,validation_PR_AUC,0.02967327324721411,0.033126579166028416,0.025254157039898972
CICIDS2017_COVERAGE_R1,11,0.8,CB-Score,validation_FPR,0.052825653877589106,0.09498808713896295,0.13080207925073903
CICIDS2017_COVERAGE_R1,11,0.8,Historical-DoubleCost,validation_F1,0.0005862831651377768,0.00036293811323667165,0.0007600877712688684
CICIDS2017_COVERAGE_R1,11,0.8,Historical-DoubleCost,validation_PR_AUC,0.02967327324721411,0.033126579166028416,0.025254157039898972
CICIDS2017_COVERAGE_R1,11,0.8,Historical-DoubleCost,validation_FPR,0.052825653877589106,0.09498808713896295,0.13080207925073903
CICIDS2017_COVERAGE_R1,11,0.8,Oort-Style-Adapted,validation_F1,0.010698161877602709,0.0002457089558127304,0.0016474464579901
CICIDS2017_COVERAGE_R1,11,0.8,Oort-Style-Adapted,validation_PR_AUC,0.03132497185592379,0.03313138249697994,0.0308705443734654
CICIDS2017_COVERAGE_R1,11,0.8,Oort-Style-Adapted,validation_FPR,0.048240608142333746,0.06734549997194728,0.0019434556687533
CICIDS2017_COVERAGE_R1,11,0.8,Oracle-Score-Exact,validation_F1,0.0005862831651377768,0.00036293811323667165,0.0007600877712688684
CICIDS2017_COVERAGE_R1,11,0.8,Oracle-Score-Exact,validation_PR_AUC,0.02967327324721411,0.033126579166028416,0.025254157039898972
CICIDS2017_COVERAGE_R1,11,0.8,Oracle-Score-Exact,validation_FPR,0.052825653877589106,0.09498808713896295,0.13080207925073903
CICIDS2017_COVERAGE_R1,11,1.0,Full-Contextual,validation_F1,0.0009783108028549915,0.0,0.0008567109779154835
CICIDS2017_COVERAGE_R1,11,1.0,Full-Contextual,validation_PR_AUC,0.02994142766657838,0.0336193373266985,0.025725965728974794
CICIDS2017_COVERAGE_R1,11,1.0,Full-Contextual,validation_FPR,0.058634737610621455,0.0601448385908923,0.12037375657761859
CICIDS2017_COVERAGE_R1,11,1.0,Random-Budget,validation_F1,0.0007839067481430953,0.0003122357830994292,0.000728779340476127
CICIDS2017_COVERAGE_R1,11,1.0,Random-Budget,validation_PR_AUC,0.028156785658009487,0.03349563804178327,0.026084888067382014
CICIDS2017_COVERAGE_R1,11,1.0,Random-Budget,validation_FPR,0.1003149586403143,0.10985570670044571,0.14560067695218679
CICIDS2017_COVERAGE_R1,11,1.0,Cost-Only,validation_F1,0.0007838890316133438,0.0003122165132259386,0.0007287037820515243
CICIDS2017_COVERAGE_R1,11,1.0,Cost-Only,validation_PR_AUC,0.02815709148774007,0.03349582095865187,0.0260852976244924
CICIDS2017_COVERAGE_R1,11,1.0,Cost-Only,validation_FPR,0.10031033401767243,0.10986173918752117,0.1456174682660661
CICIDS2017_COVERAGE_R1,11,1.0,Utility-Only,validation_F1,0.008414233093162544,0.0003860517571157567,0.0009513239257967
CICIDS2017_COVERAGE_R1,11,1.0,Utility-Only,validation_PR_AUC,0.034530237380054916,0.034036687151956166,0.028969559942012
CICIDS2017_COVERAGE_R1,11,1.0,Utility-Only,validation_FPR,0.06659205465664875,0.09984267137928515,0.1060922220858393
CICIDS2017_COVERAGE_R1,11,1.0,Utility-Cost-Ratio,validation_F1,0.008414233093162544,0.0003860517571157567,0.0009513239257967
CICIDS2017_COVERAGE_R1,11,1.0,Utility-Cost-Ratio,validation_PR_AUC,0.034530237380054916,0.034036687151956166,0.028969559942012
CICIDS2017_COVERAGE_R1,11,1.0,Utility-Cost-Ratio,validation_FPR,0.06659205465664875,0.09984267137928515,0.1060922220858393
CICIDS2017_COVERAGE_R1,11,1.0,CB-Score,validation_F1,0.0008881272386214148,0.0003228149944434705,0.0008084908874585056
CICIDS2017_COVERAGE_R1,11,1.0,CB-Score,validation_PR_AUC,0.028919984414944335,0.03349553441372629,0.02613982815177859
CICIDS2017_COVERAGE_R1,11,1.0,CB-Score,validation_FPR,0.06845644807492676,0.10710356553249786,0.08180188871132733
CICIDS2017_COVERAGE_R1,11,1.0,Historical-DoubleCost,validation_F1,0.0008881272386214148,0.0003228149944434705,0.0008084908874585056
CICIDS2017_COVERAGE_R1,11,1.0,Historical-DoubleCost,validation_PR_AUC,0.028919984414944335,0.03349553441372629,0.02613982815177859
CICIDS2017_COVERAGE_R1,11,1.0,Historical-DoubleCost,validation_FPR,0.06845644807492676,0.10710356553249786,0.08180188871132733
CICIDS2017_COVERAGE_R1,11,1.0,Oort-Style-Adapted,validation_F1,0.008414233093162544,0.0003860517571157567,0.0009513239257967
CICIDS2017_COVERAGE_R1,11,1.0,Oort-Style-Adapted,validation_PR_AUC,0.034530237380054916,0.034036687151956166,0.028969559942012
CICIDS2017_COVERAGE_R1,11,1.0,Oort-Style-Adapted,validation_FPR,0.06659205465664875,0.09984267137928515,0.1060922220858393
CICIDS2017_COVERAGE_R1,11,1.0,Oracle-Score-Exact,validation_F1,0.0008881272386214148,0.0003228149944434705,0.0008084908874585056
CICIDS2017_COVERAGE_R1,11,1.0,Oracle-Score-Exact,validation_PR_AUC,0.028919984414944335,0.03349553441372629,0.02613982815177859
CICIDS2017_COVERAGE_R1,11,1.0,Oracle-Score-Exact,validation_FPR,0.06845644807492676,0.10710356553249786,0.08180188871132733
CICIDS2017_COVERAGE_R1,314,0.1,Full-Contextual,validation_F1,0.0,0.0,0.0
CICIDS2017_COVERAGE_R1,314,0.1,Full-Contextual,validation_PR_AUC,0.03245349680533433,0.0344278111459396,0.02772551352647829
CICIDS2017_COVERAGE_R1,314,0.1,Full-Contextual,validation_FPR,0.012923387661277617,0.0176828145146435,0.056067772817342904
CICIDS2017_COVERAGE_R1,314,0.1,Random-Budget,validation_F1,0.0,0.0,0.0
CICIDS2017_COVERAGE_R1,314,0.1,Random-Budget,validation_PR_AUC,0.03077404489159858,0.03536557114115965,0.028700029211031694
CICIDS2017_COVERAGE_R1,314,0.1,Random-Budget,validation_FPR,0.0012574611368645315,0.0001250324667918529,0.0011504976088089179
CICIDS2017_COVERAGE_R1,314,0.1,Cost-Only,validation_F1,0.0,0.0,0.0
CICIDS2017_COVERAGE_R1,314,0.1,Cost-Only,validation_PR_AUC,0.035932930387988636,0.036432628879782956,0.03715114102743284
CICIDS2017_COVERAGE_R1,314,0.1,Cost-Only,validation_FPR,0.0009599365729859889,0.0001061617953304442,0.0005382482799414831
CICIDS2017_COVERAGE_R1,314,0.1,Utility-Only,validation_F1,0.006343548508666584,0.0,0.029582395860247454
CICIDS2017_COVERAGE_R1,314,0.1,Utility-Only,validation_PR_AUC,0.03702630336667399,0.033125586346455994,0.061485942593301125
CICIDS2017_COVERAGE_R1,314,0.1,Utility-Only,validation_FPR,0.024726815056312343,0.0028785561130658787,0.09653941892534995
CICIDS2017_COVERAGE_R1,314,0.1,Utility-Cost-Ratio,validation_F1,0.006343548508666584,0.0,0.029582395860247454
CICIDS2017_COVERAGE_R1,314,0.1,Utility-Cost-Ratio,validation_PR_AUC,0.03702630336667399,0.033125586346455994,0.061485942593301125
CICIDS2017_COVERAGE_R1,314,0.1,Utility-Cost-Ratio,validation_FPR,0.024726815056312343,0.0028785561130658787,0.09653941892534995
CICIDS2017_COVERAGE_R1,314,0.1,CB-Score,validation_F1,0.0,0.0,0.0
CICIDS2017_COVERAGE_R1,314,0.1,CB-Score,validation_PR_AUC,0.033669207133734794,0.034604116921283866,0.03357122054441036
CICIDS2017_COVERAGE_R1,314,0.1,CB-Score,validation_FPR,0.0005141172115841577,0.00033686620772067335,0.00042220105964132696
CICIDS2017_COVERAGE_R1,314,0.1,Historical-DoubleCost,validation_F1,0.0,0.0,0.0
CICIDS2017_COVERAGE_R1,314,0.1,Historical-DoubleCost,validation_PR_AUC,0.033669207133734794,0.034604116921283866,0.03357122054441036
CICIDS2017_COVERAGE_R1,314,0.1,Historical-DoubleCost,validation_FPR,0.0005141172115841577,0.00033686620772067335,0.00042220105964132696
CICIDS2017_COVERAGE_R1,314,0.1,Oort-Style-Adapted,validation_F1,0.004210610117819726,0.0,0.0
CICIDS2017_COVERAGE_R1,314,0.1,Oort-Style-Adapted,validation_PR_AUC,0.03274828367184458,0.033125586346455994,0.031409073900361
CICIDS2017_COVERAGE_R1,314,0.1,Oort-Style-Adapted,validation_FPR,0.02470453078883368,0.0028785561130658787,0.0005116555125764
CICIDS2017_COVERAGE_R1,314,0.1,Oracle-Score-Exact,validation_F1,0.0,0.0,0.0
CICIDS2017_COVERAGE_R1,314,0.1,Oracle-Score-Exact,validation_PR_AUC,0.033669207133734794,0.034604116921283866,0.03357122054441036
CICIDS2017_COVERAGE_R1,314,0.1,Oracle-Score-Exact,validation_FPR,0.0005141172115841577,0.00033686620772067335,0.00042220105964132696
CICIDS2017_COVERAGE_R1,314,0.2,Full-Contextual,validation_F1,9.448458334443649e-06,0.0,0.00035904141670885757
CICIDS2017_COVERAGE_R1,314,0.2,Full-Contextual,validation_PR_AUC,0.030558361449351507,0.0344278111459396,0.026519715992183057
CICIDS2017_COVERAGE_R1,314,0.2,Full-Contextual,validation_FPR,0.03232682432860618,0.0176828145146435,0.0771618390339068
CICIDS2017_COVERAGE_R1,314,0.2,Random-Budget,validation_F1,5.799234680067548e-05,0.0,0.0
CICIDS2017_COVERAGE_R1,314,0.2,Random-Budget,validation_PR_AUC,0.030168356321733647,0.03303668290672306,0.029421826809782677
CICIDS2017_COVERAGE_R1,314,0.2,Random-Budget,validation_FPR,0.018636940873185622,0.020479943743070713,0.001951333280837107
CICIDS2017_COVERAGE_R1,314,0.2,Cost-Only,validation_F1,0.0,0.0,0.0
CICIDS2017_COVERAGE_R1,314,0.2,Cost-Only,validation_PR_AUC,0.03219672248728777,0.03644348510844731,0.0298475314514432
CICIDS2017_COVERAGE_R1,314,0.2,Cost-Only,validation_FPR,0.0003987122308059171,0.0013016986293343143,0.00044525892342934647
CICIDS2017_COVERAGE_R1,314,0.2,Utility-Only,validation_F1,0.03076631685401109,0.08401140994618722,0.0930155577623303
CICIDS2017_COVERAGE_R1,314,0.2,Utility-Only,validation_PR_AUC,0.05681366078295216,0.04113374895550188,0.1182677914605749
CICIDS2017_COVERAGE_R1,314,0.2,Utility-Only,validation_FPR,0.07134909503888542,0.22134937070450755,0.2125007674832688
CICIDS2017_COVERAGE_R1,314,0.2,Utility-Cost-Ratio,validation_F1,0.03076631685401109,0.08401140994618722,0.0930155577623303
CICIDS2017_COVERAGE_R1,314,0.2,Utility-Cost-Ratio,validation_PR_AUC,0.05681366078295216,0.04113374895550188,0.1182677914605749
CICIDS2017_COVERAGE_R1,314,0.2,Utility-Cost-Ratio,validation_FPR,0.07134909503888542,0.22134937070450755,0.2125007674832688
CICIDS2017_COVERAGE_R1,314,0.2,CB-Score,validation_F1,0.00022838761244104442,0.0,0.0
CICIDS2017_COVERAGE_R1,314,0.2,CB-Score,validation_PR_AUC,0.03163566368295778,0.03528427993463733,0.03298661915163118
CICIDS2017_COVERAGE_R1,314,0.2,CB-Score,validation_FPR,0.0026060217035387082,0.0008442258937152722,0.0004646380192585981
CICIDS2017_COVERAGE_R1,314,0.2,Historical-DoubleCost,validation_F1,0.0,0.0,0.0
CICIDS2017_COVERAGE_R1,314,0.2,Historical-DoubleCost,validation_PR_AUC,0.032166654307710915,0.03528427993463733,0.03329933956064112
CICIDS2017_COVERAGE_R1,314,0.2,Historical-DoubleCost,validation_FPR,0.001747901049658977,0.0008442258937152722,0.0006015929824383644
CICIDS2017_COVERAGE_R1,314,0.2,Oort-Style-Adapted,validation_F1,0.0056134590850222986,0.0,0.0
CICIDS2017_COVERAGE_R1,314,0.2,Oort-Style-Adapted,validation_PR_AUC,0.03506356082065532,0.036029252063673675,0.030856927962317825
CICIDS2017_COVERAGE_R1,314,0.2,Oort-Style-Adapted,validation_FPR,0.04335365624631984,0.00026518043517030545,0.003103247417641429
CICIDS2017_COVERAGE_R1,314,0.2,Oracle-Score-Exact,validation_F1,0.00022838761244104442,0.0,0.0
CICIDS2017_COVERAGE_R1,314,0.2,Oracle-Score-Exact,validation_PR_AUC,0.03163566368295778,0.03528427993463733,0.03298661915163118
CICIDS2017_COVERAGE_R1,314,0.2,Oracle-Score-Exact,validation_FPR,0.0026060217035387082,0.0008442258937152722,0.0004646380192585981
CICIDS2017_COVERAGE_R1,314,0.4,Full-Contextual,validation_F1,0.0002515360480215024,0.0,0.0
CICIDS2017_COVERAGE_R1,314,0.4,Full-Contextual,validation_PR_AUC,0.0291547731628093,0.0344278111459396,0.02581444520754899
CICIDS2017_COVERAGE_R1,314,0.4,Full-Contextual,validation_FPR,0.04682776167467066,0.0176828145146435,0.0978936108234594
CICIDS2017_COVERAGE_R1,314,0.4,Random-Budget,validation_F1,0.0002121832279404091,0.0,0.0003449252028122191
CICIDS2017_COVERAGE_R1,314,0.4,Random-Budget,validation_PR_AUC,0.029743870721853485,0.031817391508363914,0.03002616852867498
CICIDS2017_COVERAGE_R1,314,0.4,Random-Budget,validation_FPR,0.049265864561104204,0.03056805097148311,0.04162727599150877
CICIDS2017_COVERAGE_R1,314,0.4,Cost-Only,validation_F1,0.0,0.0,0.0
CICIDS2017_COVERAGE_R1,314,0.4,Cost-Only,validation_PR_AUC,0.030647388643016166,0.034828397356051345,0.030707920282909886
CICIDS2017_COVERAGE_R1,314,0.4,Cost-Only,validation_FPR,0.0009485780308529518,0.0002000210193371531,0.0005756780555816085
CICIDS2017_COVERAGE_R1,314,0.4,Utility-Only,validation_F1,0.0034045534643543556,0.0002729558786280767,0.0
CICIDS2017_COVERAGE_R1,314,0.4,Utility-Only,validation_PR_AUC,0.03287895736838349,0.02851855827215399,0.03153736210485961
CICIDS2017_COVERAGE_R1,314,0.4,Utility-Only,validation_FPR,0.04235664664044871,0.10901578388778088,0.001220940640080768
CICIDS2017_COVERAGE_R1,314,0.4,Utility-Cost-Ratio,validation_F1,0.0034045534643543556,0.0002729558786280767,0.0
CICIDS2017_COVERAGE_R1,314,0.4,Utility-Cost-Ratio,validation_PR_AUC,0.03287895736838349,0.02851855827215399,0.03153736210485961
CICIDS2017_COVERAGE_R1,314,0.4,Utility-Cost-Ratio,validation_FPR,0.04235664664044871,0.10901578388778088,0.001220940640080768
CICIDS2017_COVERAGE_R1,314,0.4,CB-Score,validation_F1,7.176732989224509e-06,0.0002727158535905313,0.0
CICIDS2017_COVERAGE_R1,314,0.4,CB-Score,validation_PR_AUC,0.03016751277805462,0.029592886485076998,0.03265056327518049
CICIDS2017_COVERAGE_R1,314,0.4,CB-Score,validation_FPR,0.00981600665048846,0.10296401275005551,0.0005319535107908342
CICIDS2017_COVERAGE_R1,314,0.4,Historical-DoubleCost,validation_F1,7.176732989224509e-06,0.0002727158535905313,0.0
CICIDS2017_COVERAGE_R1,314,0.4,Historical-DoubleCost,validation_PR_AUC,0.03016751277805462,0.029592886485076998,0.03265056327518049
CICIDS2017_COVERAGE_R1,314,0.4,Historical-DoubleCost,validation_FPR,0.00981600665048846,0.10296401275005551,0.0005319535107908342
CICIDS2017_COVERAGE_R1,314,0.4,Oort-Style-Adapted,validation_F1,9.372927590385185e-05,0.0009120535850589854,0.0
CICIDS2017_COVERAGE_R1,314,0.4,Oort-Style-Adapted,validation_PR_AUC,0.030249094013160466,0.028707710750612434,0.0283345941500136
CICIDS2017_COVERAGE_R1,314,0.4,Oort-Style-Adapted,validation_FPR,0.01858520442863415,0.1261763204845714,0.0008186488201223
CICIDS2017_COVERAGE_R1,314,0.4,Oracle-Score-Exact,validation_F1,0.0,0.0,0.0
CICIDS2017_COVERAGE_R1,314,0.4,Oracle-Score-Exact,validation_PR_AUC,0.02926097457992632,0.032955860410823976,0.03132153156838818
CICIDS2017_COVERAGE_R1,314,0.4,Oracle-Score-Exact,validation_FPR,0.011257074314878131,0.014365541878222646,0.0004954100569869362
CICIDS2017_COVERAGE_R1,314,0.6,Full-Contextual,validation_F1,0.00032306186707246865,0.0,0.0017970030052870797
CICIDS2017_COVERAGE_R1,314,0.6,Full-Contextual,validation_PR_AUC,0.028093131859943898,0.0344278111459396,0.026552265863906514
CICIDS2017_COVERAGE_R1,314,0.6,Full-Contextual,validation_FPR,0.06385321377096115,0.0176828145146435,0.049174056995412295
CICIDS2017_COVERAGE_R1,314,0.6,Random-Budget,validation_F1,0.0003964898601420504,0.0,0.0
CICIDS2017_COVERAGE_R1,314,0.6,Random-Budget,validation_PR_AUC,0.028500223830962287,0.031692921363564545,0.029376813064347317
CICIDS2017_COVERAGE_R1,314,0.6,Random-Budget,validation_FPR,0.07147704031676753,0.038651188842446886,0.06605236143799104
CICIDS2017_COVERAGE_R1,314,0.6,Cost-Only,validation_F1,0.0,0.0,0.0
CICIDS2017_COVERAGE_R1,314,0.6,Cost-Only,validation_PR_AUC,0.02931876706003609,0.03251629739286665,0.028997539038489263
CICIDS2017_COVERAGE_R1,314,0.6,Cost-Only,validation_FPR,0.00994528059090415,0.03544705899339659,0.0012903007300598302
CICIDS2017_COVERAGE_R1,314,0.6,Utility-Only,validation_F1,4.562518265258824e-05,0.0,0.0
CICIDS2017_COVERAGE_R1,314,0.6,Utility-Only,validation_PR_AUC,0.028882977057590426,0.0348816395030768,0.0263339668290792
CICIDS2017_COVERAGE_R1,314,0.6,Utility-Only,validation_FPR,0.029569751311125304,0.0008297180565593927,0.0022717504758396
CICIDS2017_COVERAGE_R1,314,0.6,Utility-Cost-Ratio,validation_F1,4.562518265258824e-05,0.0,0.0
CICIDS2017_COVERAGE_R1,314,0.6,Utility-Cost-Ratio,validation_PR_AUC,0.028882977057590426,0.0348816395030768,0.0263339668290792
CICIDS2017_COVERAGE_R1,314,0.6,Utility-Cost-Ratio,validation_FPR,0.029569751311125304,0.0008297180565593927,0.0022717504758396
CICIDS2017_COVERAGE_R1,314,0.6,CB-Score,validation_F1,0.0,0.0,0.0
CICIDS2017_COVERAGE_R1,314,0.6,CB-Score,validation_PR_AUC,0.028820351577932033,0.03467418881710545,0.02649890190276724
CICIDS2017_COVERAGE_R1,314,0.6,CB-Score,validation_FPR,0.010355390117076903,0.0019394778240847655,0.009326018455969419
CICIDS2017_COVERAGE_R1,314,0.6,Historical-DoubleCost,validation_F1,0.0,0.0,0.0
CICIDS2017_COVERAGE_R1,314,0.6,Historical-DoubleCost,validation_PR_AUC,0.028820351577932033,0.03467418881710545,0.02649890190276724
CICIDS2017_COVERAGE_R1,314,0.6,Historical-DoubleCost,validation_FPR,0.010355390117076903,0.0019394778240847655,0.009326018455969419
CICIDS2017_COVERAGE_R1,314,0.6,Oort-Style-Adapted,validation_F1,0.0019454121614921633,0.0,0.0
CICIDS2017_COVERAGE_R1,314,0.6,Oort-Style-Adapted,validation_PR_AUC,0.031411622842381,0.0348816395030768,0.028691632488855683
CICIDS2017_COVERAGE_R1,314,0.6,Oort-Style-Adapted,validation_FPR,0.024862951389212868,0.0008297180565593927,0.004479985083597592
CICIDS2017_COVERAGE_R1,314,0.6,Oracle-Score-Exact,validation_F1,0.0003097835016929769,0.0,0.0019299879677156934
CICIDS2017_COVERAGE_R1,314,0.6,Oracle-Score-Exact,validation_PR_AUC,0.028494339808631183,0.03457455250016232,0.02818736315465331
CICIDS2017_COVERAGE_R1,314,0.6,Oracle-Score-Exact,validation_FPR,0.010468161031585337,0.0009343366326490699,0.007330766008295414
CICIDS2017_COVERAGE_R1,314,0.8,Full-Contextual,validation_F1,0.0003331044192523573,0.0,0.0
CICIDS2017_COVERAGE_R1,314,0.8,Full-Contextual,validation_PR_AUC,0.028333660236234445,0.0344278111459396,0.0259720635193128
CICIDS2017_COVERAGE_R1,314,0.8,Full-Contextual,validation_FPR,0.06085602640100802,0.0176828145146435,0.10072500484351225
CICIDS2017_COVERAGE_R1,314,0.8,Random-Budget,validation_F1,0.00039852763821729366,0.0,0.00146936430265776
CICIDS2017_COVERAGE_R1,314,0.8,Random-Budget,validation_PR_AUC,0.027900365498382422,0.02890611381715807,0.02594697214396375
CICIDS2017_COVERAGE_R1,314,0.8,Random-Budget,validation_FPR,0.07385456057713119,0.1351067847009178,0.1169787415489514
CICIDS2017_COVERAGE_R1,314,0.8,Cost-Only,validation_F1,0.0,0.0,0.0
CICIDS2017_COVERAGE_R1,314,0.8,Cost-Only,validation_PR_AUC,0.02877695238846481,0.03445225250199209,0.027229881322205652
CICIDS2017_COVERAGE_R1,314,0.8,Cost-Only,validation_FPR,0.04667432515941633,0.017191633479618544,0.007551899488104694
CICIDS2017_COVERAGE_R1,314,0.8,Utility-Only,validation_F1,0.007156206716279946,0.0,0.0
CICIDS2017_COVERAGE_R1,314,0.8,Utility-Only,validation_PR_AUC,0.035553041151034796,0.03177717224477615,0.0370314058327023
CICIDS2017_COVERAGE_R1,314,0.8,Utility-Only,validation_FPR,0.06278561150825429,0.06524747357591576,0.0033769263830048
CICIDS2017_COVERAGE_R1,314,0.8,Utility-Cost-Ratio,validation_F1,0.007156206716279946,0.0,0.0
CICIDS2017_COVERAGE_R1,314,0.8,Utility-Cost-Ratio,validation_PR_AUC,0.035553041151034796,0.03177717224477615,0.0370314058327023
CICIDS2017_COVERAGE_R1,314,0.8,Utility-Cost-Ratio,validation_FPR,0.06278561150825429,0.06524747357591576,0.0033769263830048
CICIDS2017_COVERAGE_R1,314,0.8,CB-Score,validation_F1,0.00011530870169207897,0.0,0.0
CICIDS2017_COVERAGE_R1,314,0.8,CB-Score,validation_PR_AUC,0.028237188026390032,0.034216775216932394,0.026801736677264577
CICIDS2017_COVERAGE_R1,314,0.8,CB-Score,validation_FPR,0.04175215816727404,0.01735241818601611,0.002836909010461779
CICIDS2017_COVERAGE_R1,314,0.8,Historical-DoubleCost,validation_F1,0.00011530870169207897,0.0,0.0
CICIDS2017_COVERAGE_R1,314,0.8,Historical-DoubleCost,validation_PR_AUC,0.028237188026390032,0.034216775216932394,0.026801736677264577
CICIDS2017_COVERAGE_R1,314,0.8,Historical-DoubleCost,validation_FPR,0.04175215816727404,0.01735241818601611,0.002836909010461779
CICIDS2017_COVERAGE_R1,314,0.8,Oort-Style-Adapted,validation_F1,0.007432531158204146,0.0,2.3476529719876392e-05
CICIDS2017_COVERAGE_R1,314,0.8,Oort-Style-Adapted,validation_PR_AUC,0.035225693264419516,0.034916523346946615,0.029770930233966184
CICIDS2017_COVERAGE_R1,314,0.8,Oort-Style-Adapted,validation_FPR,0.04891971058255956,0.0015153123540419073,0.0018440292380734469
CICIDS2017_COVERAGE_R1,314,0.8,Oracle-Score-Exact,validation_F1,0.00011530870169207897,0.0,0.0
CICIDS2017_COVERAGE_R1,314,0.8,Oracle-Score-Exact,validation_PR_AUC,0.028237188026390032,0.034216775216932394,0.026801736677264577
CICIDS2017_COVERAGE_R1,314,0.8,Oracle-Score-Exact,validation_FPR,0.04175215816727404,0.01735241818601611,0.002836909010461779
CICIDS2017_COVERAGE_R1,314,1.0,Full-Contextual,validation_F1,0.0005299914216376677,0.0,0.001486003783193862
CICIDS2017_COVERAGE_R1,314,1.0,Full-Contextual,validation_PR_AUC,0.02781443044255826,0.03442748158037979,0.02652638754612524
CICIDS2017_COVERAGE_R1,314,1.0,Full-Contextual,validation_FPR,0.06551602211581635,0.017664628948744134,0.0805243684481936
CICIDS2017_COVERAGE_R1,314,1.0,Random-Budget,validation_F1,0.0005305556407517863,0.0,0.0015272174189609618
CICIDS2017_COVERAGE_R1,314,1.0,Random-Budget,validation_PR_AUC,0.027815667330144764,0.03442778016216885,0.02649729593895251
CICIDS2017_COVERAGE_R1,314,1.0,Random-Budget,validation_FPR,0.06550004309299284,0.017681104817170397,0.08006658255474325
CICIDS2017_COVERAGE_R1,314,1.0,Cost-Only,validation_F1,0.0005306141876072254,0.0,0.0015314940168785823
CICIDS2017_COVERAGE_R1,314,1.0,Cost-Only,validation_PR_AUC,0.02781579567932048,0.0344278111459396,0.02649427720245088
CICIDS2017_COVERAGE_R1,314,1.0,Cost-Only,validation_FPR,0.06549838500420248,0.0176828145146435,0.08001907967948833
CICIDS2017_COVERAGE_R1,314,1.0,Utility-Only,validation_F1,0.00016321802021713146,0.0,0.0
CICIDS2017_COVERAGE_R1,314,1.0,Utility-Only,validation_PR_AUC,0.02989748326225241,0.0344278111459396,0.0346013893319828
CICIDS2017_COVERAGE_R1,314,1.0,Utility-Only,validation_FPR,0.0479862356096488,0.0176828145146435,0.0006139866150917
CICIDS2017_COVERAGE_R1,314,1.0,Utility-Cost-Ratio,validation_F1,0.00016321802021713146,0.0,0.0
CICIDS2017_COVERAGE_R1,314,1.0,Utility-Cost-Ratio,validation_PR_AUC,0.02989748326225241,0.0344278111459396,0.0346013893319828
CICIDS2017_COVERAGE_R1,314,1.0,Utility-Cost-Ratio,validation_FPR,0.0479862356096488,0.0176828145146435,0.0006139866150917
CICIDS2017_COVERAGE_R1,314,1.0,CB-Score,validation_F1,0.0005668899308524264,0.0,0.0
CICIDS2017_COVERAGE_R1,314,1.0,CB-Score,validation_PR_AUC,0.02832437347365274,0.03421549471683399,0.02575596586245668
CICIDS2017_COVERAGE_R1,314,1.0,CB-Score,validation_FPR,0.029908837420226955,0.017336173114457842,0.0076423448104094285
CICIDS2017_COVERAGE_R1,314,1.0,Historical-DoubleCost,validation_F1,0.0005668899308524264,0.0,0.0
CICIDS2017_COVERAGE_R1,314,1.0,Historical-DoubleCost,validation_PR_AUC,0.02832437347365274,0.03421549471683399,0.02575596586245668
CICIDS2017_COVERAGE_R1,314,1.0,Historical-DoubleCost,validation_FPR,0.029908837420226955,0.017336173114457842,0.0076423448104094285
CICIDS2017_COVERAGE_R1,314,1.0,Oort-Style-Adapted,validation_F1,0.00016321802021713146,0.0,0.0
CICIDS2017_COVERAGE_R1,314,1.0,Oort-Style-Adapted,validation_PR_AUC,0.02989748326225241,0.0344278111459396,0.0346013893319828
CICIDS2017_COVERAGE_R1,314,1.0,Oort-Style-Adapted,validation_FPR,0.0479862356096488,0.0176828145146435,0.0006139866150917
CICIDS2017_COVERAGE_R1,314,1.0,Oracle-Score-Exact,validation_F1,0.0005668899308524264,0.0,0.0
CICIDS2017_COVERAGE_R1,314,1.0,Oracle-Score-Exact,validation_PR_AUC,0.02832437347365274,0.03421549471683399,0.02575596586245668
CICIDS2017_COVERAGE_R1,314,1.0,Oracle-Score-Exact,validation_FPR,0.029908837420226955,0.017336173114457842,0.0076423448104094285
CICIDS2017_COVERAGE_R1,2718,0.1,Full-Contextual,validation_F1,0.0,0.0,0.0
CICIDS2017_COVERAGE_R1,2718,0.1,Full-Contextual,validation_PR_AUC,0.030286978651125052,0.0324701654358772,0.028195808146717977
CICIDS2017_COVERAGE_R1,2718,0.1,Full-Contextual,validation_FPR,0.05840383986328883,0.040376355082839,0.06512971098886824
CICIDS2017_COVERAGE_R1,2718,0.1,Random-Budget,validation_F1,0.0035003219847924566,0.0,0.0021474794620407935
CICIDS2017_COVERAGE_R1,2718,0.1,Random-Budget,validation_PR_AUC,0.028071155499085572,0.03068349339240483,0.03312195844859851
CICIDS2017_COVERAGE_R1,2718,0.1,Random-Budget,validation_FPR,0.03423034813513357,0.022382409296750158,0.012531754183830807
CICIDS2017_COVERAGE_R1,2718,0.1,Cost-Only,validation_F1,0.04195491008967742,0.0,0.05960846918099483
CICIDS2017_COVERAGE_R1,2718,0.1,Cost-Only,validation_PR_AUC,0.03972762718831351,0.032867807024683275,0.043057688821049295
CICIDS2017_COVERAGE_R1,2718,0.1,Cost-Only,validation_FPR,0.05159193349945541,0.0036280537630089746,0.03704676086080818
CICIDS2017_COVERAGE_R1,2718,0.1,Utility-Only,validation_F1,0.04240978635683518,0.0,0.0
CICIDS2017_COVERAGE_R1,2718,0.1,Utility-Only,validation_PR_AUC,0.03669604899342842,0.0336959578491106,0.037676091535476
CICIDS2017_COVERAGE_R1,2718,0.1,Utility-Only,validation_FPR,0.03157308385202557,0.005394825721991283,0.0006954387400286
CICIDS2017_COVERAGE_R1,2718,0.1,Utility-Cost-Ratio,validation_F1,0.04240978635683518,0.0,0.0
CICIDS2017_COVERAGE_R1,2718,0.1,Utility-Cost-Ratio,validation_PR_AUC,0.03669604899342842,0.0336959578491106,0.037676091535476
CICIDS2017_COVERAGE_R1,2718,0.1,Utility-Cost-Ratio,validation_FPR,0.03157308385202557,0.005394825721991283,0.0006954387400286
CICIDS2017_COVERAGE_R1,2718,0.1,CB-Score,validation_F1,0.019728501026226322,0.0,0.06845355086262088
CICIDS2017_COVERAGE_R1,2718,0.1,CB-Score,validation_PR_AUC,0.029045366346766688,0.0336959578491106,0.040139947336904055
CICIDS2017_COVERAGE_R1,2718,0.1,CB-Score,validation_FPR,0.05499554036300224,0.005394825721991283,0.06432339071163098
CICIDS2017_COVERAGE_R1,2718,0.1,Historical-DoubleCost,validation_F1,0.019728501026226322,0.0,0.06845355086262088
CICIDS2017_COVERAGE_R1,2718,0.1,Historical-DoubleCost,validation_PR_AUC,0.029045366346766688,0.0336959578491106,0.040139947336904055
CICIDS2017_COVERAGE_R1,2718,0.1,Historical-DoubleCost,validation_FPR,0.05499554036300224,0.005394825721991283,0.06432339071163098
CICIDS2017_COVERAGE_R1,2718,0.1,Oort-Style-Adapted,validation_F1,0.04240978635683518,0.0,0.0
CICIDS2017_COVERAGE_R1,2718,0.1,Oort-Style-Adapted,validation_PR_AUC,0.03669604899342842,0.0336959578491106,0.037676091535476
CICIDS2017_COVERAGE_R1,2718,0.1,Oort-Style-Adapted,validation_FPR,0.03157308385202557,0.005394825721991283,0.0006954387400286
CICIDS2017_COVERAGE_R1,2718,0.1,Oracle-Score-Exact,validation_F1,0.019728501026226322,0.0,0.06845355086262088
CICIDS2017_COVERAGE_R1,2718,0.1,Oracle-Score-Exact,validation_PR_AUC,0.029045366346766688,0.0336959578491106,0.040139947336904055
CICIDS2017_COVERAGE_R1,2718,0.1,Oracle-Score-Exact,validation_FPR,0.05499554036300224,0.005394825721991283,0.06432339071163098
CICIDS2017_COVERAGE_R1,2718,0.2,Full-Contextual,validation_F1,0.0,0.0,0.0
CICIDS2017_COVERAGE_R1,2718,0.2,Full-Contextual,validation_PR_AUC,0.02952033655403306,0.0324701654358772,0.02758272637153083
CICIDS2017_COVERAGE_R1,2718,0.2,Full-Contextual,validation_FPR,0.04987411100787907,0.040376355082839,0.0288260576346094
CICIDS2017_COVERAGE_R1,2718,0.2,Random-Budget,validation_F1,0.016475141376472918,0.007727017376695497,0.0007537286135870941
CICIDS2017_COVERAGE_R1,2718,0.2,Random-Budget,validation_PR_AUC,0.040132549112583335,0.0319433959007863,0.05257025688750645
CICIDS2017_COVERAGE_R1,2718,0.2,Random-Budget,validation_FPR,0.11572379872342203,0.10158023471385534,0.14010068351213484
CICIDS2017_COVERAGE_R1,2718,0.2,Cost-Only,validation_F1,0.05753377688752925,0.11138874177178107,0.0005838174538318047
CICIDS2017_COVERAGE_R1,2718,0.2,Cost-Only,validation_PR_AUC,0.051185367030133495,0.04060495434566415,0.037412010802240325
CICIDS2017_COVERAGE_R1,2718,0.2,Cost-Only,validation_FPR,0.18223762236885704,0.27562891132451867,0.06274991290161548
CICIDS2017_COVERAGE_R1,2718,0.2,Utility-Only,validation_F1,0.02986078444515989,0.007888350798317734,0.1775249913822819
CICIDS2017_COVERAGE_R1,2718,0.2,Utility-Only,validation_PR_AUC,0.03572253776370446,0.03235907080853328,0.0707931418222218
CICIDS2017_COVERAGE_R1,2718,0.2,Utility-Only,validation_FPR,0.049345310823923474,0.06706420557156159,0.0854366946205768
CICIDS2017_COVERAGE_R1,2718,0.2,Utility-Cost-Ratio,validation_F1,0.023656208013314788,0.007888350798317734,0.17045516398460264
CICIDS2017_COVERAGE_R1,2718,0.2,Utility-Cost-Ratio,validation_PR_AUC,0.03463988649651012,0.03235907080853328,0.07924992511149631
CICIDS2017_COVERAGE_R1,2718,0.2,Utility-Cost-Ratio,validation_FPR,0.02828549048012227,0.06706420557156159,0.0752246212838172
CICIDS2017_COVERAGE_R1,2718,0.2,CB-Score,validation_F1,0.0065629934094530145,0.0,0.0
CICIDS2017_COVERAGE_R1,2718,0.2,CB-Score,validation_PR_AUC,0.029376428123786248,0.03350779644564469,0.03137888064594507
CICIDS2017_COVERAGE_R1,2718,0.2,CB-Score,validation_FPR,0.016758362091112998,0.0016340039556636161,0.002276565545578673
CICIDS2017_COVERAGE_R1,2718,0.2,Historical-DoubleCost,validation_F1,0.0065629934094530145,0.0,0.0
CICIDS2017_COVERAGE_R1,2718,0.2,Historical-DoubleCost,validation_PR_AUC,0.029376428123786248,0.03350779644564469,0.03137888064594507
CICIDS2017_COVERAGE_R1,2718,0.2,Historical-DoubleCost,validation_FPR,0.016758362091112998,0.0016340039556636161,0.002276565545578673
CICIDS2017_COVERAGE_R1,2718,0.2,Oort-Style-Adapted,validation_F1,0.02986078444515989,0.007888350798317734,0.1775249913822819
CICIDS2017_COVERAGE_R1,2718,0.2,Oort-Style-Adapted,validation_PR_AUC,0.03572253776370446,0.03235907080853328,0.0707931418222218
CICIDS2017_COVERAGE_R1,2718,0.2,Oort-Style-Adapted,validation_FPR,0.049345310823923474,0.06706420557156159,0.0854366946205768
CICIDS2017_COVERAGE_R1,2718,0.2,Oracle-Score-Exact,validation_F1,0.010621764562304098,0.0,0.0
CICIDS2017_COVERAGE_R1,2718,0.2,Oracle-Score-Exact,validation_PR_AUC,0.03031215192359177,0.03350779644564469,0.03892293669493274
CICIDS2017_COVERAGE_R1,2718,0.2,Oracle-Score-Exact,validation_FPR,0.016118558070189644,0.0016340039556636161,0.0032990815267026504
CICIDS2017_COVERAGE_R1,2718,0.4,Full-Contextual,validation_F1,0.00023936564216055936,0.0,0.0
CICIDS2017_COVERAGE_R1,2718,0.4,Full-Contextual,validation_PR_AUC,0.02854064619087132,0.0324701654358772,0.02690967860709809
CICIDS2017_COVERAGE_R1,2718,0.4,Full-Contextual,validation_FPR,0.039093002458884855,0.040376355082839,0.008702593751209468
CICIDS2017_COVERAGE_R1,2718,0.4,Random-Budget,validation_F1,0.0006032117753676716,0.0006589370661056179,0.0008396937287135967
CICIDS2017_COVERAGE_R1,2718,0.4,Random-Budget,validation_PR_AUC,0.03609707024787434,0.027025998056970053,0.05484264930892322
CICIDS2017_COVERAGE_R1,2718,0.4,Random-Budget,validation_FPR,0.12799425010781754,0.16584901939929397,0.15407678858593368
CICIDS2017_COVERAGE_R1,2718,0.4,Cost-Only,validation_F1,0.0,0.0,0.0
CICIDS2017_COVERAGE_R1,2718,0.4,Cost-Only,validation_PR_AUC,0.026909754715828217,0.03275023187025,0.025203433506342923
CICIDS2017_COVERAGE_R1,2718,0.4,Cost-Only,validation_FPR,0.009626495383971086,0.012078142195884718,0.0037399780380498117
CICIDS2017_COVERAGE_R1,2718,0.4,Utility-Only,validation_F1,0.015955226952437396,0.0007880980429704227,0.0
CICIDS2017_COVERAGE_R1,2718,0.4,Utility-Only,validation_PR_AUC,0.03378159900822043,0.031803904310686894,0.04144276809520068
CICIDS2017_COVERAGE_R1,2718,0.4,Utility-Only,validation_FPR,0.019947681291596908,0.03776897354438061,0.004249963141724675
CICIDS2017_COVERAGE_R1,2718,0.4,Utility-Cost-Ratio,validation_F1,0.025591310571452877,0.0007880980429704227,0.26714540288651734
CICIDS2017_COVERAGE_R1,2718,0.4,Utility-Cost-Ratio,validation_PR_AUC,0.037184003075462616,0.031803904310686894,0.0945656303384449
CICIDS2017_COVERAGE_R1,2718,0.4,Utility-Cost-Ratio,validation_FPR,0.020261835147116734,0.03776897354438061,0.018344158264825553
CICIDS2017_COVERAGE_R1,2718,0.4,CB-Score,validation_F1,0.011474978960238953,0.0008940786126287619,0.0
CICIDS2017_COVERAGE_R1,2718,0.4,CB-Score,validation_PR_AUC,0.03164727420710475,0.03167665627938963,0.03864024870566307
CICIDS2017_COVERAGE_R1,2718,0.4,CB-Score,validation_FPR,0.023561036277917835,0.043182494666476244,0.002965155485669515
CICIDS2017_COVERAGE_R1,2718,0.4,Historical-DoubleCost,validation_F1,0.011474978960238953,0.0008940786126287619,0.0
CICIDS2017_COVERAGE_R1,2718,0.4,Historical-DoubleCost,validation_PR_AUC,0.03164727420710475,0.03167665627938963,0.03864024870566307
CICIDS2017_COVERAGE_R1,2718,0.4,Historical-DoubleCost,validation_FPR,0.023561036277917835,0.043182494666476244,0.002965155485669515
CICIDS2017_COVERAGE_R1,2718,0.4,Oort-Style-Adapted,validation_F1,0.01828654356578894,0.0007880980429704227,0.0
CICIDS2017_COVERAGE_R1,2718,0.4,Oort-Style-Adapted,validation_PR_AUC,0.03397071928883211,0.031803904310686894,0.0354655329420281
CICIDS2017_COVERAGE_R1,2718,0.4,Oort-Style-Adapted,validation_FPR,0.02885520964650229,0.03776897354438061,0.0041930865207608
CICIDS2017_COVERAGE_R1,2718,0.4,Oracle-Score-Exact,validation_F1,0.0010315959619015753,0.03586883360289559,0.0
CICIDS2017_COVERAGE_R1,2718,0.4,Oracle-Score-Exact,validation_PR_AUC,0.027978642249226148,0.032697821194240126,0.02887835531130378
CICIDS2017_COVERAGE_R1,2718,0.4,Oracle-Score-Exact,validation_FPR,0.017065254447445034,0.09123278305566292,0.009407192657124756
CICIDS2017_COVERAGE_R1,2718,0.6,Full-Contextual,validation_F1,0.00017201434306742788,0.0,0.0
CICIDS2017_COVERAGE_R1,2718,0.6,Full-Contextual,validation_PR_AUC,0.028115267965094223,0.0324701654358772,0.025408846022346117
CICIDS2017_COVERAGE_R1,2718,0.6,Full-Contextual,validation_FPR,0.03234282818766048,0.040376355082839,0.008988652883578271
CICIDS2017_COVERAGE_R1,2718,0.6,Random-Budget,validation_F1,0.0006228728577591036,0.000770811921891,0.0
CICIDS2017_COVERAGE_R1,2718,0.6,Random-Budget,validation_PR_AUC,0.031170040060682816,0.02696917584590943,0.03670646346857683
CICIDS2017_COVERAGE_R1,2718,0.6,Random-Budget,validation_FPR,0.0461280173955937,0.1364491716097361,0.007211737514551142
CICIDS2017_COVERAGE_R1,2718,0.6,Cost-Only,validation_F1,0.00011683000824363566,0.0007416718758040131,0.0
CICIDS2017_COVERAGE_R1,2718,0.6,Cost-Only,validation_PR_AUC,0.02723446475954476,0.0306013359576161,0.02583548210700023
CICIDS2017_COVERAGE_R1,2718,0.6,Cost-Only,validation_FPR,0.017430968679755784,0.06615483447815217,0.006300602967658265
CICIDS2017_COVERAGE_R1,2718,0.6,Utility-Only,validation_F1,3.605920546295995e-06,0.00013702498075924782,0.0
CICIDS2017_COVERAGE_R1,2718,0.6,Utility-Only,validation_PR_AUC,0.029637018319683107,0.0311427300028495,0.043624786038976585
CICIDS2017_COVERAGE_R1,2718,0.6,Utility-Only,validation_FPR,0.014005221839577957,0.03741394353239698,0.004120014928570872
CICIDS2017_COVERAGE_R1,2718,0.6,Utility-Cost-Ratio,validation_F1,3.605920546295995e-06,0.00013702498075924782,0.0
CICIDS2017_COVERAGE_R1,2718,0.6,Utility-Cost-Ratio,validation_PR_AUC,0.029637018319683107,0.0311427300028495,0.043624786038976585
CICIDS2017_COVERAGE_R1,2718,0.6,Utility-Cost-Ratio,validation_FPR,0.014005221839577957,0.03741394353239698,0.004120014928570872
CICIDS2017_COVERAGE_R1,2718,0.6,CB-Score,validation_F1,5.216959123316858e-05,0.00013624617390950986,0.0
CICIDS2017_COVERAGE_R1,2718,0.6,CB-Score,validation_PR_AUC,0.028126800431953963,0.030887399781526284,0.02972766756859838
CICIDS2017_COVERAGE_R1,2718,0.6,CB-Score,validation_FPR,0.013722754597721196,0.058779034175061654,0.0051662785355188175
CICIDS2017_COVERAGE_R1,2718,0.6,Historical-DoubleCost,validation_F1,5.216959123316858e-05,0.00013624617390950986,0.0
CICIDS2017_COVERAGE_R1,2718,0.6,Historical-DoubleCost,validation_PR_AUC,0.028126800431953963,0.030887399781526284,0.02972766756859838
CICIDS2017_COVERAGE_R1,2718,0.6,Historical-DoubleCost,validation_FPR,0.013722754597721196,0.058779034175061654,0.0051662785355188175
CICIDS2017_COVERAGE_R1,2718,0.6,Oort-Style-Adapted,validation_F1,3.614976297570268e-06,0.0001373690993076702,0.0
CICIDS2017_COVERAGE_R1,2718,0.6,Oort-Style-Adapted,validation_PR_AUC,0.029413336426121255,0.030938632574645616,0.0412757621065283
CICIDS2017_COVERAGE_R1,2718,0.6,Oort-Style-Adapted,validation_FPR,0.015676456486573346,0.04320684383590803,0.0220085907138474
CICIDS2017_COVERAGE_R1,2718,0.6,Oracle-Score-Exact,validation_F1,5.216959123316858e-05,0.00013624617390950986,0.0
CICIDS2017_COVERAGE_R1,2718,0.6,Oracle-Score-Exact,validation_PR_AUC,0.028126800431953963,0.030887399781526284,0.02972766756859838
CICIDS2017_COVERAGE_R1,2718,0.6,Oracle-Score-Exact,validation_FPR,0.013722754597721196,0.058779034175061654,0.0051662785355188175
CICIDS2017_COVERAGE_R1,2718,0.8,Full-Contextual,validation_F1,0.00015490619412499907,0.0,0.0
CICIDS2017_COVERAGE_R1,2718,0.8,Full-Contextual,validation_PR_AUC,0.02776406821409773,0.0324701654358772,0.02560998172859267
CICIDS2017_COVERAGE_R1,2718,0.8,Full-Contextual,validation_FPR,0.02890528944754859,0.040376355082839,0.007479153258425795
CICIDS2017_COVERAGE_R1,2718,0.8,Random-Budget,validation_F1,0.0004893687042101337,0.0007231344291020162,0.00011413094702180285
CICIDS2017_COVERAGE_R1,2718,0.8,Random-Budget,validation_PR_AUC,0.029369002232931277,0.027000652027577524,0.03471533119431929
CICIDS2017_COVERAGE_R1,2718,0.8,Random-Budget,validation_FPR,0.07547684374022606,0.14698116207519485,0.025791494151758923
CICIDS2017_COVERAGE_R1,2718,0.8,Cost-Only,validation_F1,0.000318144801518371,0.0,0.0
CICIDS2017_COVERAGE_R1,2718,0.8,Cost-Only,validation_PR_AUC,0.027567472344732568,0.03256212944483154,0.029039548054197114
CICIDS2017_COVERAGE_R1,2718,0.8,Cost-Only,validation_FPR,0.02408404015301918,0.03402653743040868,0.008378144826083709
CICIDS2017_COVERAGE_R1,2718,0.8,Utility-Only,validation_F1,4.739801155945837e-05,0.0004468107581850607,0.0
CICIDS2017_COVERAGE_R1,2718,0.8,Utility-Only,validation_PR_AUC,0.02988289968518865,0.029246134731525437,0.0358988922690123
CICIDS2017_COVERAGE_R1,2718,0.8,Utility-Only,validation_FPR,0.021863259193751396,0.11044096521376742,0.0053589691143383
CICIDS2017_COVERAGE_R1,2718,0.8,Utility-Cost-Ratio,validation_F1,4.739801155945837e-05,0.0004468107581850607,0.0
CICIDS2017_COVERAGE_R1,2718,0.8,Utility-Cost-Ratio,validation_PR_AUC,0.02988289968518865,0.029246134731525437,0.0358988922690123
CICIDS2017_COVERAGE_R1,2718,0.8,Utility-Cost-Ratio,validation_FPR,0.021863259193751396,0.11044096521376742,0.0053589691143383
CICIDS2017_COVERAGE_R1,2718,0.8,CB-Score,validation_F1,0.00013290736699291615,0.00040996402128021226,0.0
CICIDS2017_COVERAGE_R1,2718,0.8,CB-Score,validation_PR_AUC,0.027999934597576857,0.02947072842086849,0.029895494122735473
CICIDS2017_COVERAGE_R1,2718,0.8,CB-Score,validation_FPR,0.023439655009669075,0.10480276957311943,0.004377844373282749
CICIDS2017_COVERAGE_R1,2718,0.8,Historical-DoubleCost,validation_F1,0.00013290736699291615,0.00040996402128021226,0.0
CICIDS2017_COVERAGE_R1,2718,0.8,Historical-DoubleCost,validation_PR_AUC,0.027999934597576857,0.02947072842086849,0.029895494122735473
CICIDS2017_COVERAGE_R1,2718,0.8,Historical-DoubleCost,validation_FPR,0.023439655009669075,0.10480276957311943,0.004377844373282749
CICIDS2017_COVERAGE_R1,2718,0.8,Oort-Style-Adapted,validation_F1,0.0004052567512788088,0.00041897115622984056,0.0
CICIDS2017_COVERAGE_R1,2718,0.8,Oort-Style-Adapted,validation_PR_AUC,0.028764062128041015,0.028802348570713943,0.03205550643427358
CICIDS2017_COVERAGE_R1,2718,0.8,Oort-Style-Adapted,validation_FPR,0.023114409844822815,0.10193847560591873,0.004652557724851498
CICIDS2017_COVERAGE_R1,2718,0.8,Oracle-Score-Exact,validation_F1,0.00013290736699291615,0.00040996402128021226,0.0
CICIDS2017_COVERAGE_R1,2718,0.8,Oracle-Score-Exact,validation_PR_AUC,0.027999934597576857,0.02947072842086849,0.029895494122735473
CICIDS2017_COVERAGE_R1,2718,0.8,Oracle-Score-Exact,validation_FPR,0.023439655009669075,0.10480276957311943,0.004377844373282749
CICIDS2017_COVERAGE_R1,2718,1.0,Full-Contextual,validation_F1,0.0001538233000687725,0.0,0.0
CICIDS2017_COVERAGE_R1,2718,1.0,Full-Contextual,validation_PR_AUC,0.02775040420399063,0.0324701654358772,0.025833693465206822
CICIDS2017_COVERAGE_R1,2718,1.0,Full-Contextual,validation_FPR,0.0287069657861427,0.040376355082839,0.007700397413977032
CICIDS2017_COVERAGE_R1,2718,1.0,Random-Budget,validation_F1,0.0001512431491700553,0.0,0.0
CICIDS2017_COVERAGE_R1,2718,1.0,Random-Budget,validation_PR_AUC,0.027286394482383874,0.03222119646725286,0.029531813234203803
CICIDS2017_COVERAGE_R1,2718,1.0,Random-Budget,validation_FPR,0.03348229522651741,0.04486054151571076,0.0073280987136779465
CICIDS2017_COVERAGE_R1,2718,1.0,Cost-Only,validation_F1,0.000151246821835214,0.0,0.0
CICIDS2017_COVERAGE_R1,2718,1.0,Cost-Only,validation_PR_AUC,0.027285911698426535,0.03222132232667509,0.02952918594424315
CICIDS2017_COVERAGE_R1,2718,1.0,Cost-Only,validation_FPR,0.03348445860780736,0.04486091532634704,0.007334631188593711
CICIDS2017_COVERAGE_R1,2718,1.0,Utility-Only,validation_F1,0.007049701447008087,0.0005354823950666916,0.0
CICIDS2017_COVERAGE_R1,2718,1.0,Utility-Only,validation_PR_AUC,0.032888189120803095,0.028719971072411712,0.0372203097338184
CICIDS2017_COVERAGE_R1,2718,1.0,Utility-Only,validation_FPR,0.021894555932237096,0.12258190632666717,0.0056862344037635
CICIDS2017_COVERAGE_R1,2718,1.0,Utility-Cost-Ratio,validation_F1,0.007049701447008087,0.0005354823950666916,0.0
CICIDS2017_COVERAGE_R1,2718,1.0,Utility-Cost-Ratio,validation_PR_AUC,0.032888189120803095,0.028719971072411712,0.0372203097338184
CICIDS2017_COVERAGE_R1,2718,1.0,Utility-Cost-Ratio,validation_FPR,0.021894555932237096,0.12258190632666717,0.0056862344037635
CICIDS2017_COVERAGE_R1,2718,1.0,CB-Score,validation_F1,0.00011530967922898406,0.0005109444757110685,0.0
CICIDS2017_COVERAGE_R1,2718,1.0,CB-Score,validation_PR_AUC,0.029153427567871183,0.028899582183642844,0.03224295639479528
CICIDS2017_COVERAGE_R1,2718,1.0,CB-Score,validation_FPR,0.018380888351720897,0.11639603610717209,0.004911294201573502
CICIDS2017_COVERAGE_R1,2718,1.0,Historical-DoubleCost,validation_F1,0.00011530967922898406,0.0005109444757110685,0.0
CICIDS2017_COVERAGE_R1,2718,1.0,Historical-DoubleCost,validation_PR_AUC,0.029153427567871183,0.028899582183642844,0.03224295639479528
CICIDS2017_COVERAGE_R1,2718,1.0,Historical-DoubleCost,validation_FPR,0.018380888351720897,0.11639603610717209,0.004911294201573502
CICIDS2017_COVERAGE_R1,2718,1.0,Oort-Style-Adapted,validation_F1,0.007049701447008087,0.0005354823950666916,0.0
CICIDS2017_COVERAGE_R1,2718,1.0,Oort-Style-Adapted,validation_PR_AUC,0.032888189120803095,0.028719971072411712,0.0372203097338184
CICIDS2017_COVERAGE_R1,2718,1.0,Oort-Style-Adapted,validation_FPR,0.021894555932237096,0.12258190632666717,0.0056862344037635
CICIDS2017_COVERAGE_R1,2718,1.0,Oracle-Score-Exact,validation_F1,0.00011530967922898406,0.0005109444757110685,0.0
CICIDS2017_COVERAGE_R1,2718,1.0,Oracle-Score-Exact,validation_PR_AUC,0.029153427567871183,0.028899582183642844,0.03224295639479528
CICIDS2017_COVERAGE_R1,2718,1.0,Oracle-Score-Exact,validation_FPR,0.018380888351720897,0.11639603610717209,0.004911294201573502
CICIDS2017_COVERAGE_R1,9001,0.1,Full-Contextual,validation_F1,0.0,0.0,0.0
CICIDS2017_COVERAGE_R1,9001,0.1,Full-Contextual,validation_PR_AUC,0.03421180838891352,0.03534241623708,0.03445427152673965
CICIDS2017_COVERAGE_R1,9001,0.1,Full-Contextual,validation_FPR,0.014538889231094995,8.188834524126354e-05,0.0005891656283467544
CICIDS2017_COVERAGE_R1,9001,0.1,Random-Budget,validation_F1,0.0002928590616317524,0.0,0.011128644342006581
CICIDS2017_COVERAGE_R1,9001,0.1,Random-Budget,validation_PR_AUC,0.03369961607208079,0.035518188630561234,0.035930080401822745
CICIDS2017_COVERAGE_R1,9001,0.1,Random-Budget,validation_FPR,0.0010927806176029874,0.00011895540172038107,0.0108963480635539
CICIDS2017_COVERAGE_R1,9001,0.1,Cost-Only,validation_F1,0.0,0.0,0.0
CICIDS2017_COVERAGE_R1,9001,0.1,Cost-Only,validation_PR_AUC,0.03502955812593848,0.03592914232345376,0.036033175003765135
CICIDS2017_COVERAGE_R1,9001,0.1,Cost-Only,validation_FPR,0.002366262478570761,0.00013230630671689887,0.0008842013850557326
CICIDS2017_COVERAGE_R1,9001,0.1,Utility-Only,validation_F1,0.0,0.0,0.0
CICIDS2017_COVERAGE_R1,9001,0.1,Utility-Only,validation_PR_AUC,0.034105639061843065,0.034060566848593155,0.0349108952132982
CICIDS2017_COVERAGE_R1,9001,0.1,Utility-Only,validation_FPR,0.00035343103501729063,0.0002136246899019492,0.0004094417262063
CICIDS2017_COVERAGE_R1,9001,0.1,Utility-Cost-Ratio,validation_F1,0.0,0.0,0.0
CICIDS2017_COVERAGE_R1,9001,0.1,Utility-Cost-Ratio,validation_PR_AUC,0.034105639061843065,0.034060566848593155,0.0349108952132982
CICIDS2017_COVERAGE_R1,9001,0.1,Utility-Cost-Ratio,validation_FPR,0.00035343103501729063,0.0002136246899019492,0.0004094417262063
CICIDS2017_COVERAGE_R1,9001,0.1,CB-Score,validation_F1,0.0003417645546036434,0.0,0.001648597263620546
CICIDS2017_COVERAGE_R1,9001,0.1,CB-Score,validation_PR_AUC,0.03493993793563448,0.034060566848593155,0.0374024935192334
CICIDS2017_COVERAGE_R1,9001,0.1,CB-Score,validation_FPR,0.0007005256630896959,0.0002136246899019492,0.0012113790256114904
CICIDS2017_COVERAGE_R1,9001,0.1,Historical-DoubleCost,validation_F1,0.0003417645546036434,0.0,0.001648597263620546
CICIDS2017_COVERAGE_R1,9001,0.1,Historical-DoubleCost,validation_PR_AUC,0.03493993793563448,0.034060566848593155,0.0374024935192334
CICIDS2017_COVERAGE_R1,9001,0.1,Historical-DoubleCost,validation_FPR,0.0007005256630896959,0.0002136246899019492,0.0012113790256114904
CICIDS2017_COVERAGE_R1,9001,0.1,Oort-Style-Adapted,validation_F1,0.03865190698846275,0.0,0.1142727034433254
CICIDS2017_COVERAGE_R1,9001,0.1,Oort-Style-Adapted,validation_PR_AUC,0.041542564244295574,0.03534371876604778,0.049591654047633285
CICIDS2017_COVERAGE_R1,9001,0.1,Oort-Style-Adapted,validation_FPR,0.09328794173638424,0.01190354972083895,0.2551344432274865
CICIDS2017_COVERAGE_R1,9001,0.1,Oracle-Score-Exact,validation_F1,0.0003417645546036434,0.0,0.001648597263620546
CICIDS2017_COVERAGE_R1,9001,0.1,Oracle-Score-Exact,validation_PR_AUC,0.03493993793563448,0.034060566848593155,0.0374024935192334
CICIDS2017_COVERAGE_R1,9001,0.1,Oracle-Score-Exact,validation_FPR,0.0007005256630896959,0.0002136246899019492,0.0012113790256114904
CICIDS2017_COVERAGE_R1,9001,0.2,Full-Contextual,validation_F1,0.0,0.0,0.0
CICIDS2017_COVERAGE_R1,9001,0.2,Full-Contextual,validation_PR_AUC,0.03292674937463397,0.03534241623708,0.029062922561101857
CICIDS2017_COVERAGE_R1,9001,0.2,Full-Contextual,validation_FPR,0.023934704713576352,8.188834524126354e-05,0.05327706214234405
CICIDS2017_COVERAGE_R1,9001,0.2,Random-Budget,validation_F1,0.020884824271127856,0.0629389755173121,0.0012637432073802
CICIDS2017_COVERAGE_R1,9001,0.2,Random-Budget,validation_PR_AUC,0.04950419482200378,0.04488737326813061,0.0539172138589717
CICIDS2017_COVERAGE_R1,9001,0.2,Random-Budget,validation_FPR,0.14878403706445575,0.11726338617844609,0.1382889430261838
CICIDS2017_COVERAGE_R1,9001,0.2,Cost-Only,validation_F1,0.001934498494269116,0.04172446764847655,0.0016966617292130477
CICIDS2017_COVERAGE_R1,9001,0.2,Cost-Only,validation_PR_AUC,0.03259189378754486,0.03755477095031618,0.031560240885721375
CICIDS2017_COVERAGE_R1,9001,0.2,Cost-Only,validation_FPR,0.004791580907776339,0.12694186454380577,0.0005075150716732695
CICIDS2017_COVERAGE_R1,9001,0.2,Utility-Only,validation_F1,0.04948818311181386,0.0,0.05059344442456549
CICIDS2017_COVERAGE_R1,9001,0.2,Utility-Only,validation_PR_AUC,0.04867182167207499,0.03389035221590562,0.04438756549081644
CICIDS2017_COVERAGE_R1,9001,0.2,Utility-Only,validation_FPR,0.052697437667694774,0.0004952443094977523,0.051799906658874594
CICIDS2017_COVERAGE_R1,9001,0.2,Utility-Cost-Ratio,validation_F1,0.04948818311181386,0.0,0.05059344442456549
CICIDS2017_COVERAGE_R1,9001,0.2,Utility-Cost-Ratio,validation_PR_AUC,0.04867182167207499,0.03389035221590562,0.04438756549081644
CICIDS2017_COVERAGE_R1,9001,0.2,Utility-Cost-Ratio,validation_FPR,0.052697437667694774,0.0004952443094977523,0.051799906658874594
CICIDS2017_COVERAGE_R1,9001,0.2,CB-Score,validation_F1,0.0017817842397201244,0.045633557436690696,0.0016247027811530051
CICIDS2017_COVERAGE_R1,9001,0.2,CB-Score,validation_PR_AUC,0.03165092376156416,0.038057626505869,0.029410413587271964
CICIDS2017_COVERAGE_R1,9001,0.2,CB-Score,validation_FPR,0.011860462074017714,0.1290556308218596,0.0016601987354224266
CICIDS2017_COVERAGE_R1,9001,0.2,Historical-DoubleCost,validation_F1,0.0266894114920296,0.0,0.0016911910639028313
CICIDS2017_COVERAGE_R1,9001,0.2,Historical-DoubleCost,validation_PR_AUC,0.042747584525126794,0.03642438596369886,0.030556268121568305
CICIDS2017_COVERAGE_R1,9001,0.2,Historical-DoubleCost,validation_FPR,0.04082744496112528,0.005129022851792173,0.0005862208927446932
CICIDS2017_COVERAGE_R1,9001,0.2,Oort-Style-Adapted,validation_F1,0.03965997856034869,0.0,0.17621858298277243
CICIDS2017_COVERAGE_R1,9001,0.2,Oort-Style-Adapted,validation_PR_AUC,0.0434715721500534,0.03642438596369886,0.07162865419256259
CICIDS2017_COVERAGE_R1,9001,0.2,Oort-Style-Adapted,validation_FPR,0.030313117870849268,0.005129022851792173,0.06139714902874028
CICIDS2017_COVERAGE_R1,9001,0.2,Oracle-Score-Exact,validation_F1,0.05546438669373914,0.0,0.0016933503629560133
CICIDS2017_COVERAGE_R1,9001,0.2,Oracle-Score-Exact,validation_PR_AUC,0.04474648850721989,0.03545211770043937,0.032512960784130344
CICIDS2017_COVERAGE_R1,9001,0.2,Oracle-Score-Exact,validation_FPR,0.053749444921609754,0.0008185796386593431,0.0005633815754949007
CICIDS2017_COVERAGE_R1,9001,0.4,Full-Contextual,validation_F1,0.00013419392479734358,0.0,0.0014020226472997545
CICIDS2017_COVERAGE_R1,9001,0.4,Full-Contextual,validation_PR_AUC,0.031366001559243274,0.03534241623708,0.02762821294907612
CICIDS2017_COVERAGE_R1,9001,0.4,Full-Contextual,validation_FPR,0.03955717626264025,8.188834524126354e-05,0.09387340001755484
CICIDS2017_COVERAGE_R1,9001,0.4,Random-Budget,validation_F1,0.007793428906143789,0.020131097962476786,0.001280390309527898
CICIDS2017_COVERAGE_R1,9001,0.4,Random-Budget,validation_PR_AUC,0.03877606379594948,0.03156128975273661,0.060912791140536215
CICIDS2017_COVERAGE_R1,9001,0.4,Random-Budget,validation_FPR,0.13204697497689002,0.13459749340955113,0.1361959728473606
CICIDS2017_COVERAGE_R1,9001,0.4,Cost-Only,validation_F1,0.0013740877293248745,0.00016267866952047894,0.0013212094555847091
CICIDS2017_COVERAGE_R1,9001,0.4,Cost-Only,validation_PR_AUC,0.03206453422716561,0.029859287132485327,0.040234650903266396
CICIDS2017_COVERAGE_R1,9001,0.4,Cost-Only,validation_FPR,0.1276690861020241,0.06383409148856176,0.13126918889853068
CICIDS2017_COVERAGE_R1,9001,0.4,Utility-Only,validation_F1,0.010913078833538028,0.0,0.001306424212481231
CICIDS2017_COVERAGE_R1,9001,0.4,Utility-Only,validation_PR_AUC,0.034905817929617874,0.03120803493176323,0.035194949329671425
CICIDS2017_COVERAGE_R1,9001,0.4,Utility-Only,validation_FPR,0.037757328738073026,0.04830390664591734,0.007727888900847607
CICIDS2017_COVERAGE_R1,9001,0.4,Utility-Cost-Ratio,validation_F1,0.010913078833538028,0.0,0.001306424212481231
CICIDS2017_COVERAGE_R1,9001,0.4,Utility-Cost-Ratio,validation_PR_AUC,0.034905817929617874,0.03120803493176323,0.035194949329671425
CICIDS2017_COVERAGE_R1,9001,0.4,Utility-Cost-Ratio,validation_FPR,0.037757328738073026,0.04830390664591734,0.007727888900847607
CICIDS2017_COVERAGE_R1,9001,0.4,CB-Score,validation_F1,0.013425141652559867,0.0,0.0015910898965791
CICIDS2017_COVERAGE_R1,9001,0.4,CB-Score,validation_PR_AUC,0.035118837959247494,0.036985920425900695,0.0305804382185346
CICIDS2017_COVERAGE_R1,9001,0.4,CB-Score,validation_FPR,0.053304943458860866,0.005299185610872267,0.0021086248899625
CICIDS2017_COVERAGE_R1,9001,0.4,Historical-DoubleCost,validation_F1,0.013425141652559867,0.0,0.0015910898965791
CICIDS2017_COVERAGE_R1,9001,0.4,Historical-DoubleCost,validation_PR_AUC,0.035118837959247494,0.036985920425900695,0.0305804382185346
CICIDS2017_COVERAGE_R1,9001,0.4,Historical-DoubleCost,validation_FPR,0.053304943458860866,0.005299185610872267,0.0021086248899625
CICIDS2017_COVERAGE_R1,9001,0.4,Oort-Style-Adapted,validation_F1,0.018301638810217763,0.0005160917585542472,0.001386830067021256
CICIDS2017_COVERAGE_R1,9001,0.4,Oort-Style-Adapted,validation_PR_AUC,0.04618765920494782,0.03219982824628901,0.04508792790237043
CICIDS2017_COVERAGE_R1,9001,0.4,Oort-Style-Adapted,validation_FPR,0.09625021123857372,0.05063004292190823,0.05010473331184101
CICIDS2017_COVERAGE_R1,9001,0.4,Oracle-Score-Exact,validation_F1,0.012296159199359096,0.0,0.001492404059679024
CICIDS2017_COVERAGE_R1,9001,0.4,Oracle-Score-Exact,validation_PR_AUC,0.03449177600870523,0.036985920425900695,0.03686938413882793
CICIDS2017_COVERAGE_R1,9001,0.4,Oracle-Score-Exact,validation_FPR,0.01880962512084354,0.005299185610872267,0.08575538602989803
CICIDS2017_COVERAGE_R1,9001,0.6,Full-Contextual,validation_F1,0.00021479488870051328,0.0,0.0011947684211139522
CICIDS2017_COVERAGE_R1,9001,0.6,Full-Contextual,validation_PR_AUC,0.03109301055646286,0.03534241623708,0.026584458625196455
CICIDS2017_COVERAGE_R1,9001,0.6,Full-Contextual,validation_FPR,0.043784353625293926,8.188834524126354e-05,0.11374270350860453
CICIDS2017_COVERAGE_R1,9001,0.6,Random-Budget,validation_F1,0.004352075204325725,0.0009330562817378352,0.0013245248137716313
CICIDS2017_COVERAGE_R1,9001,0.6,Random-Budget,validation_PR_AUC,0.0362796674180127,0.026880099390482953,0.04830208560773431
CICIDS2017_COVERAGE_R1,9001,0.6,Random-Budget,validation_FPR,0.13450883271284728,0.14796350654702733,0.1315786670163612
CICIDS2017_COVERAGE_R1,9001,0.6,Cost-Only,validation_F1,0.0010111926975944479,0.0012105238119578616,0.0012544192651948107
CICIDS2017_COVERAGE_R1,9001,0.6,Cost-Only,validation_PR_AUC,0.03025701592588202,0.026681067989283363,0.035925763898950164
CICIDS2017_COVERAGE_R1,9001,0.6,Cost-Only,validation_FPR,0.1318338611674913,0.14560282792451534,0.13950885392026235
CICIDS2017_COVERAGE_R1,9001,0.6,Utility-Only,validation_F1,0.008831601900239572,0.000695771888676297,0.0013585626920388802
CICIDS2017_COVERAGE_R1,9001,0.6,Utility-Only,validation_PR_AUC,0.038094592429596036,0.027775357115128633,0.03305315375122673
CICIDS2017_COVERAGE_R1,9001,0.6,Utility-Only,validation_FPR,0.07985031601605867,0.1343223033851385,0.02626909905290767
CICIDS2017_COVERAGE_R1,9001,0.6,Utility-Cost-Ratio,validation_F1,0.008831601900239572,0.000695771888676297,0.0013585626920388802
CICIDS2017_COVERAGE_R1,9001,0.6,Utility-Cost-Ratio,validation_PR_AUC,0.038094592429596036,0.027775357115128633,0.03305315375122673
CICIDS2017_COVERAGE_R1,9001,0.6,Utility-Cost-Ratio,validation_FPR,0.07985031601605867,0.1343223033851385,0.02626909905290767
CICIDS2017_COVERAGE_R1,9001,0.6,CB-Score,validation_F1,0.0009651537476259009,0.0004798190428653813,0.0015290057279825383
CICIDS2017_COVERAGE_R1,9001,0.6,CB-Score,validation_PR_AUC,0.031011834371552336,0.027715362896259144,0.03210252761393588
CICIDS2017_COVERAGE_R1,9001,0.6,CB-Score,validation_FPR,0.05104083435982795,0.1325597925577322,0.0032952966582861995
CICIDS2017_COVERAGE_R1,9001,0.6,Historical-DoubleCost,validation_F1,0.0009651537476259009,0.0004798190428653813,0.0015290057279825383
CICIDS2017_COVERAGE_R1,9001,0.6,Historical-DoubleCost,validation_PR_AUC,0.031011834371552336,0.027715362896259144,0.03210252761393588
CICIDS2017_COVERAGE_R1,9001,0.6,Historical-DoubleCost,validation_FPR,0.05104083435982795,0.1325597925577322,0.0032952966582861995
CICIDS2017_COVERAGE_R1,9001,0.6,Oort-Style-Adapted,validation_F1,0.007479467145403618,0.00047257076284205174,0.0005546311702717
CICIDS2017_COVERAGE_R1,9001,0.6,Oort-Style-Adapted,validation_PR_AUC,0.03356918163471933,0.02780042633117702,0.0303190283499897
CICIDS2017_COVERAGE_R1,9001,0.6,Oort-Style-Adapted,validation_FPR,0.07836871273065632,0.10954464057446024,0.0501975556328945
CICIDS2017_COVERAGE_R1,9001,0.6,Oracle-Score-Exact,validation_F1,0.0009651537476259009,0.0004798190428653813,0.0015290057279825383
CICIDS2017_COVERAGE_R1,9001,0.6,Oracle-Score-Exact,validation_PR_AUC,0.031011834371552336,0.027715362896259144,0.03210252761393588
CICIDS2017_COVERAGE_R1,9001,0.6,Oracle-Score-Exact,validation_FPR,0.05104083435982795,0.1325597925577322,0.0032952966582861995
CICIDS2017_COVERAGE_R1,9001,0.8,Full-Contextual,validation_F1,0.00028756862808243663,0.0,0.0011564573422775063
CICIDS2017_COVERAGE_R1,9001,0.8,Full-Contextual,validation_PR_AUC,0.030728335893496495,0.03534241623708,0.026685965218458958
CICIDS2017_COVERAGE_R1,9001,0.8,Full-Contextual,validation_FPR,0.04938405204870261,8.188834524126354e-05,0.11794503156197987
CICIDS2017_COVERAGE_R1,9001,0.8,Random-Budget,validation_F1,0.0011819330271464331,0.0006440319535296179,0.0012077839032193405
CICIDS2017_COVERAGE_R1,9001,0.8,Random-Budget,validation_PR_AUC,0.03045422413505773,0.027293794742164427,0.040925277863523436
CICIDS2017_COVERAGE_R1,9001,0.8,Random-Budget,validation_FPR,0.1406074653787606,0.1227166849330804,0.1458024825225322
CICIDS2017_COVERAGE_R1,9001,0.8,Cost-Only,validation_F1,0.0011290079984581428,0.0007874159708950827,0.0012020024917794691
CICIDS2017_COVERAGE_R1,9001,0.8,Cost-Only,validation_PR_AUC,0.030565339090685158,0.026357067387050244,0.03834966061680755
CICIDS2017_COVERAGE_R1,9001,0.8,Cost-Only,validation_FPR,0.13294624484496564,0.13768484045816445,0.14671346676261063
CICIDS2017_COVERAGE_R1,9001,0.8,Utility-Only,validation_F1,0.0049179080080103965,0.000870052801157849,0.0013766390818547925
CICIDS2017_COVERAGE_R1,9001,0.8,Utility-Only,validation_PR_AUC,0.033857366180962134,0.026255451947024718,0.0424136353918256
CICIDS2017_COVERAGE_R1,9001,0.8,Utility-Only,validation_FPR,0.037230472189326735,0.14486326966366767,0.006230433837912176
CICIDS2017_COVERAGE_R1,9001,0.8,Utility-Cost-Ratio,validation_F1,0.0049179080080103965,0.000870052801157849,0.0013766390818547925
CICIDS2017_COVERAGE_R1,9001,0.8,Utility-Cost-Ratio,validation_PR_AUC,0.033857366180962134,0.026255451947024718,0.0424136353918256
CICIDS2017_COVERAGE_R1,9001,0.8,Utility-Cost-Ratio,validation_FPR,0.037230472189326735,0.14486326966366767,0.006230433837912176
CICIDS2017_COVERAGE_R1,9001,0.8,CB-Score,validation_F1,0.0006609056304481426,0.000568904114617023,0.0012449172664444025
CICIDS2017_COVERAGE_R1,9001,0.8,CB-Score,validation_PR_AUC,0.03244615270703719,0.027207085397536464,0.03904796357425408
CICIDS2017_COVERAGE_R1,9001,0.8,CB-Score,validation_FPR,0.07544389429130247,0.10575293556755692,0.08532220841873997
CICIDS2017_COVERAGE_R1,9001,0.8,Historical-DoubleCost,validation_F1,0.0006609056304481426,0.000568904114617023,0.0012449172664444025
CICIDS2017_COVERAGE_R1,9001,0.8,Historical-DoubleCost,validation_PR_AUC,0.03244615270703719,0.027207085397536464,0.03904796357425408
CICIDS2017_COVERAGE_R1,9001,0.8,Historical-DoubleCost,validation_FPR,0.07544389429130247,0.10575293556755692,0.08532220841873997
CICIDS2017_COVERAGE_R1,9001,0.8,Oort-Style-Adapted,validation_F1,0.00825047789086416,0.0008979681083641951,0.0013245033112582
CICIDS2017_COVERAGE_R1,9001,0.8,Oort-Style-Adapted,validation_PR_AUC,0.03330887570149079,0.026322671306970923,0.0299098823652767
CICIDS2017_COVERAGE_R1,9001,0.8,Oort-Style-Adapted,validation_FPR,0.0835177450433923,0.1386148946259924,0.0072880627264724
CICIDS2017_COVERAGE_R1,9001,0.8,Oracle-Score-Exact,validation_F1,0.0006609056304481426,0.000568904114617023,0.0012449172664444025
CICIDS2017_COVERAGE_R1,9001,0.8,Oracle-Score-Exact,validation_PR_AUC,0.03244615270703719,0.027207085397536464,0.03904796357425408
CICIDS2017_COVERAGE_R1,9001,0.8,Oracle-Score-Exact,validation_FPR,0.07544389429130247,0.10575293556755692,0.08532220841873997
CICIDS2017_COVERAGE_R1,9001,1.0,Full-Contextual,validation_F1,0.00044540398081681853,0.0,0.0011263561385371752
CICIDS2017_COVERAGE_R1,9001,1.0,Full-Contextual,validation_PR_AUC,0.03016320276787207,0.03534241623708,0.028496089000206243
CICIDS2017_COVERAGE_R1,9001,1.0,Full-Contextual,validation_FPR,0.061520469227575765,8.188834524126354e-05,0.12171779908511397
CICIDS2017_COVERAGE_R1,9001,1.0,Random-Budget,validation_F1,0.0011260388658151782,0.0005696279282788102,0.0011857804471745832
CICIDS2017_COVERAGE_R1,9001,1.0,Random-Budget,validation_PR_AUC,0.030914991849833838,0.02594236765756597,0.04159597085534418
CICIDS2017_COVERAGE_R1,9001,1.0,Random-Budget,validation_FPR,0.13890689376345536,0.14160412538864778,0.14894210967857952
CICIDS2017_COVERAGE_R1,9001,1.0,Cost-Only,validation_F1,0.0011259917623272137,0.0005695207204304508,0.0011856999627173031
CICIDS2017_COVERAGE_R1,9001,1.0,Cost-Only,validation_PR_AUC,0.030913716394381792,0.025942183027662317,0.041604671256266046
CICIDS2017_COVERAGE_R1,9001,1.0,Cost-Only,validation_FPR,0.13890780399048877,0.1416047100755843,0.14895348528935717
CICIDS2017_COVERAGE_R1,9001,1.0,Utility-Only,validation_F1,0.003921589229622042,0.0004722746350619367,0.0013831258644536
CICIDS2017_COVERAGE_R1,9001,1.0,Utility-Only,validation_PR_AUC,0.03536101044218015,0.026233163357426925,0.0363413125579701
CICIDS2017_COVERAGE_R1,9001,1.0,Utility-Only,validation_FPR,0.03573144281851945,0.13378528833690215,0.0059778492026122
CICIDS2017_COVERAGE_R1,9001,1.0,Utility-Cost-Ratio,validation_F1,0.003921589229622042,0.0004722746350619367,0.0013831258644536
CICIDS2017_COVERAGE_R1,9001,1.0,Utility-Cost-Ratio,validation_PR_AUC,0.03536101044218015,0.026233163357426925,0.0363413125579701
CICIDS2017_COVERAGE_R1,9001,1.0,Utility-Cost-Ratio,validation_FPR,0.03573144281851945,0.13378528833690215,0.0059778492026122
CICIDS2017_COVERAGE_R1,9001,1.0,CB-Score,validation_F1,0.0012567239669599853,0.0004828597618305941,0.0013853021968273033
CICIDS2017_COVERAGE_R1,9001,1.0,CB-Score,validation_PR_AUC,0.03448280906920626,0.026472294473031677,0.04010601813051397
CICIDS2017_COVERAGE_R1,9001,1.0,CB-Score,validation_FPR,0.06870937116967672,0.1282367805144263,0.06032355884370695
CICIDS2017_COVERAGE_R1,9001,1.0,Historical-DoubleCost,validation_F1,0.0012567239669599853,0.0004828597618305941,0.0013853021968273033
CICIDS2017_COVERAGE_R1,9001,1.0,Historical-DoubleCost,validation_PR_AUC,0.03448280906920626,0.026472294473031677,0.04010601813051397
CICIDS2017_COVERAGE_R1,9001,1.0,Historical-DoubleCost,validation_FPR,0.06870937116967672,0.1282367805144263,0.06032355884370695
CICIDS2017_COVERAGE_R1,9001,1.0,Oort-Style-Adapted,validation_F1,0.003921589229622042,0.0004722746350619367,0.0013831258644536
CICIDS2017_COVERAGE_R1,9001,1.0,Oort-Style-Adapted,validation_PR_AUC,0.03536101044218015,0.026233163357426925,0.0363413125579701
CICIDS2017_COVERAGE_R1,9001,1.0,Oort-Style-Adapted,validation_FPR,0.03573144281851945,0.13378528833690215,0.0059778492026122
CICIDS2017_COVERAGE_R1,9001,1.0,Oracle-Score-Exact,validation_F1,0.0012567239669599853,0.0004828597618305941,0.0013853021968273033
CICIDS2017_COVERAGE_R1,9001,1.0,Oracle-Score-Exact,validation_PR_AUC,0.03448280906920626,0.026472294473031677,0.04010601813051397
CICIDS2017_COVERAGE_R1,9001,1.0,Oracle-Score-Exact,validation_FPR,0.06870937116967672,0.1282367805144263,0.06032355884370695
CICIDS2017_COVERAGE_R1,2027,0.1,Full-Contextual,validation_F1,0.0,0.0,0.0
CICIDS2017_COVERAGE_R1,2027,0.1,Full-Contextual,validation_PR_AUC,0.036134439423474204,0.0359536261124803,0.03457334115436368
CICIDS2017_COVERAGE_R1,2027,0.1,Full-Contextual,validation_FPR,0.0002864356922636377,0.0,0.0025158185824364254
CICIDS2017_COVERAGE_R1,2027,0.1,Random-Budget,validation_F1,0.0,0.0,0.0
CICIDS2017_COVERAGE_R1,2027,0.1,Random-Budget,validation_PR_AUC,0.026819839948606015,0.030238581419892552,0.02731783326859699
CICIDS2017_COVERAGE_R1,2027,0.1,Random-Budget,validation_FPR,0.01055992686330031,0.05298301729227952,0.001007796562773331
CICIDS2017_COVERAGE_R1,2027,0.1,Cost-Only,validation_F1,0.0,0.0,0.0
CICIDS2017_COVERAGE_R1,2027,0.1,Cost-Only,validation_PR_AUC,0.027611280066221853,0.02998947991342085,0.027037109874750838
CICIDS2017_COVERAGE_R1,2027,0.1,Cost-Only,validation_FPR,0.005330244004258056,0.06475431426604544,0.011074543005044795
CICIDS2017_COVERAGE_R1,2027,0.1,Utility-Only,validation_F1,8.710090043334311e-05,0.0,0.0
CICIDS2017_COVERAGE_R1,2027,0.1,Utility-Only,validation_PR_AUC,0.027637345789596514,0.027660227566655326,0.0279503773146436
CICIDS2017_COVERAGE_R1,2027,0.1,Utility-Only,validation_FPR,0.006423530265822678,0.07775209385131499,0.0047477744807121
CICIDS2017_COVERAGE_R1,2027,0.1,Utility-Cost-Ratio,validation_F1,8.710090043334311e-05,0.0,0.0
CICIDS2017_COVERAGE_R1,2027,0.1,Utility-Cost-Ratio,validation_PR_AUC,0.027637345789596514,0.027660227566655326,0.0279503773146436
CICIDS2017_COVERAGE_R1,2027,0.1,Utility-Cost-Ratio,validation_FPR,0.006423530265822678,0.07775209385131499,0.0047477744807121
CICIDS2017_COVERAGE_R1,2027,0.1,CB-Score,validation_F1,0.0,0.0,0.0
CICIDS2017_COVERAGE_R1,2027,0.1,CB-Score,validation_PR_AUC,0.02773723552830329,0.03467981663750638,0.026137370883071033
CICIDS2017_COVERAGE_R1,2027,0.1,CB-Score,validation_FPR,0.001962341615221656,0.0016276642882158375,0.0011075902299237216
CICIDS2017_COVERAGE_R1,2027,0.1,Historical-DoubleCost,validation_F1,0.0,0.0,0.0
CICIDS2017_COVERAGE_R1,2027,0.1,Historical-DoubleCost,validation_PR_AUC,0.02773723552830329,0.03467981663750638,0.026137370883071033
CICIDS2017_COVERAGE_R1,2027,0.1,Historical-DoubleCost,validation_FPR,0.001962341615221656,0.0016276642882158375,0.0011075902299237216
CICIDS2017_COVERAGE_R1,2027,0.1,Oort-Style-Adapted,validation_F1,8.710090043334311e-05,0.0,0.0
CICIDS2017_COVERAGE_R1,2027,0.1,Oort-Style-Adapted,validation_PR_AUC,0.027637345789596514,0.027660227566655326,0.0279503773146436
CICIDS2017_COVERAGE_R1,2027,0.1,Oort-Style-Adapted,validation_FPR,0.006423530265822678,0.07775209385131499,0.0047477744807121
CICIDS2017_COVERAGE_R1,2027,0.1,Oracle-Score-Exact,validation_F1,0.0,0.0,0.0
CICIDS2017_COVERAGE_R1,2027,0.1,Oracle-Score-Exact,validation_PR_AUC,0.02773723552830329,0.03467981663750638,0.026137370883071033
CICIDS2017_COVERAGE_R1,2027,0.1,Oracle-Score-Exact,validation_FPR,0.001962341615221656,0.0016276642882158375,0.0011075902299237216
CICIDS2017_COVERAGE_R1,2027,0.2,Full-Contextual,validation_F1,0.0,0.0,0.0
CICIDS2017_COVERAGE_R1,2027,0.2,Full-Contextual,validation_PR_AUC,0.03467875531801123,0.0359536261124803,0.029316888106546687
CICIDS2017_COVERAGE_R1,2027,0.2,Full-Contextual,validation_FPR,0.0018553900205482816,0.0,0.0015667263240214304
CICIDS2017_COVERAGE_R1,2027,0.2,Random-Budget,validation_F1,0.00033766654290518774,0.0,0.00045723799664386405
CICIDS2017_COVERAGE_R1,2027,0.2,Random-Budget,validation_PR_AUC,0.03130067060620281,0.031278918942850654,0.03758047919205263
CICIDS2017_COVERAGE_R1,2027,0.2,Random-Budget,validation_FPR,0.01857561647164563,0.009637094657833252,0.1579904512389263
CICIDS2017_COVERAGE_R1,2027,0.2,Cost-Only,validation_F1,0.0,0.0,0.0
CICIDS2017_COVERAGE_R1,2027,0.2,Cost-Only,validation_PR_AUC,0.02848972651668133,0.03283953597742476,0.027638441233772303
CICIDS2017_COVERAGE_R1,2027,0.2,Cost-Only,validation_FPR,0.001447339271476267,0.0002632061895744079,0.00168778059098347
CICIDS2017_COVERAGE_R1,2027,0.2,Utility-Only,validation_F1,0.0005171876895401853,0.019340993093963133,0.0
CICIDS2017_COVERAGE_R1,2027,0.2,Utility-Only,validation_PR_AUC,0.026944353350169786,0.032679495280006715,0.026243558336029336
CICIDS2017_COVERAGE_R1,2027,0.2,Utility-Only,validation_FPR,0.0158998764530338,0.1340788596658742,0.002168764994525894
CICIDS2017_COVERAGE_R1,2027,0.2,Utility-Cost-Ratio,validation_F1,0.0005171876895401853,0.019340993093963133,0.0
CICIDS2017_COVERAGE_R1,2027,0.2,Utility-Cost-Ratio,validation_PR_AUC,0.026944353350169786,0.032679495280006715,0.026243558336029336
CICIDS2017_COVERAGE_R1,2027,0.2,Utility-Cost-Ratio,validation_FPR,0.0158998764530338,0.1340788596658742,0.002168764994525894
CICIDS2017_COVERAGE_R1,2027,0.2,CB-Score,validation_F1,0.013028045104805035,0.0,0.1868813338136137
CICIDS2017_COVERAGE_R1,2027,0.2,CB-Score,validation_PR_AUC,0.029762833185200878,0.033327935155351394,0.06842934559527722
CICIDS2017_COVERAGE_R1,2027,0.2,CB-Score,validation_FPR,0.006670562816271984,0.0016072825984630177,0.02877745219747615
CICIDS2017_COVERAGE_R1,2027,0.2,Historical-DoubleCost,validation_F1,0.013028045104805035,0.0,0.1868813338136137
CICIDS2017_COVERAGE_R1,2027,0.2,Historical-DoubleCost,validation_PR_AUC,0.029762833185200878,0.033327935155351394,0.06842934559527722
CICIDS2017_COVERAGE_R1,2027,0.2,Historical-DoubleCost,validation_FPR,0.006670562816271984,0.0016072825984630177,0.02877745219747615
CICIDS2017_COVERAGE_R1,2027,0.2,Oort-Style-Adapted,validation_F1,0.00785853431804247,0.0,0.0
CICIDS2017_COVERAGE_R1,2027,0.2,Oort-Style-Adapted,validation_PR_AUC,0.02806165654973853,0.030561638287602447,0.0349866976902713
CICIDS2017_COVERAGE_R1,2027,0.2,Oort-Style-Adapted,validation_FPR,0.01235354265413805,0.017695181469182735,0.0007776527166683
CICIDS2017_COVERAGE_R1,2027,0.2,Oracle-Score-Exact,validation_F1,0.0002134536451165532,0.0,0.008111238514429048
CICIDS2017_COVERAGE_R1,2027,0.2,Oracle-Score-Exact,validation_PR_AUC,0.028213066190972684,0.033327935155351394,0.0649261211942384
CICIDS2017_COVERAGE_R1,2027,0.2,Oracle-Score-Exact,validation_FPR,0.00420046064522947,0.0016072825984630177,0.018225187468095146
CICIDS2017_COVERAGE_R1,2027,0.4,Full-Contextual,validation_F1,0.0,0.0,0.0
CICIDS2017_COVERAGE_R1,2027,0.4,Full-Contextual,validation_PR_AUC,0.03231917992472201,0.0359536261124803,0.027679483527883693
CICIDS2017_COVERAGE_R1,2027,0.4,Full-Contextual,validation_FPR,0.0017034313944379346,0.0,0.0018469404150384214
CICIDS2017_COVERAGE_R1,2027,0.4,Random-Budget,validation_F1,3.778041521994751e-05,0.0,4.3536919380339625e-05
CICIDS2017_COVERAGE_R1,2027,0.4,Random-Budget,validation_PR_AUC,0.029945937737962728,0.03097763822537253,0.03706083681448166
CICIDS2017_COVERAGE_R1,2027,0.4,Random-Budget,validation_FPR,0.072771035738642,0.04029075019363764,0.027055481977144368
CICIDS2017_COVERAGE_R1,2027,0.4,Cost-Only,validation_F1,0.0,0.0,0.0
CICIDS2017_COVERAGE_R1,2027,0.4,Cost-Only,validation_PR_AUC,0.026048865373804266,0.03436517744645741,0.025743577020744035
CICIDS2017_COVERAGE_R1,2027,0.4,Cost-Only,validation_FPR,0.0098855126946393,0.0016113892817776856,0.0030201180956415364
CICIDS2017_COVERAGE_R1,2027,0.4,Utility-Only,validation_F1,8.7107656106534e-05,0.00014593555697973407,0.0011457794009485434
CICIDS2017_COVERAGE_R1,2027,0.4,Utility-Only,validation_PR_AUC,0.02656318985250956,0.02852576906016587,0.03533433185248978
CICIDS2017_COVERAGE_R1,2027,0.4,Utility-Only,validation_FPR,0.01738313510373294,0.12259908247077031,0.011679134563217373
CICIDS2017_COVERAGE_R1,2027,0.4,Utility-Cost-Ratio,validation_F1,8.7107656106534e-05,0.00014593555697973407,0.0011457794009485434
CICIDS2017_COVERAGE_R1,2027,0.4,Utility-Cost-Ratio,validation_PR_AUC,0.02656318985250956,0.02852576906016587,0.03533433185248978
CICIDS2017_COVERAGE_R1,2027,0.4,Utility-Cost-Ratio,validation_FPR,0.01738313510373294,0.12259908247077031,0.011679134563217373
CICIDS2017_COVERAGE_R1,2027,0.4,CB-Score,validation_F1,0.0,0.0,0.0
CICIDS2017_COVERAGE_R1,2027,0.4,CB-Score,validation_PR_AUC,0.028031884914743073,0.027428129583850953,0.02800243649329167
CICIDS2017_COVERAGE_R1,2027,0.4,CB-Score,validation_FPR,0.013364330890911847,0.13993584765084022,0.003943964871571411
CICIDS2017_COVERAGE_R1,2027,0.4,Historical-DoubleCost,validation_F1,0.0,0.0,0.0
CICIDS2017_COVERAGE_R1,2027,0.4,Historical-DoubleCost,validation_PR_AUC,0.028031884914743073,0.027428129583850953,0.02800243649329167
CICIDS2017_COVERAGE_R1,2027,0.4,Historical-DoubleCost,validation_FPR,0.013364330890911847,0.13993584765084022,0.003943964871571411
CICIDS2017_COVERAGE_R1,2027,0.4,Oort-Style-Adapted,validation_F1,0.00010370783797169003,0.0,0.0
CICIDS2017_COVERAGE_R1,2027,0.4,Oort-Style-Adapted,validation_PR_AUC,0.025737863529506036,0.030141716864025746,0.026169590211086547
CICIDS2017_COVERAGE_R1,2027,0.4,Oort-Style-Adapted,validation_FPR,0.017604498547465177,0.09524855245191757,0.00440787576908034
CICIDS2017_COVERAGE_R1,2027,0.4,Oracle-Score-Exact,validation_F1,0.0,0.0,0.0
CICIDS2017_COVERAGE_R1,2027,0.4,Oracle-Score-Exact,validation_PR_AUC,0.02730746956667605,0.027428129583850953,0.0300444926841094
CICIDS2017_COVERAGE_R1,2027,0.4,Oracle-Score-Exact,validation_FPR,0.011660825731503826,0.13993584765084022,0.0039701217640437
CICIDS2017_COVERAGE_R1,2027,0.6,Full-Contextual,validation_F1,0.0,0.0,0.0
CICIDS2017_COVERAGE_R1,2027,0.6,Full-Contextual,validation_PR_AUC,0.030838769824098018,0.0359536261124803,0.025929588995749948
CICIDS2017_COVERAGE_R1,2027,0.6,Full-Contextual,validation_FPR,0.0019631436377781034,0.0,0.003038781174669174
CICIDS2017_COVERAGE_R1,2027,0.6,Random-Budget,validation_F1,0.00011905659613270268,0.0,0.00013641226235415333
CICIDS2017_COVERAGE_R1,2027,0.6,Random-Budget,validation_PR_AUC,0.029393060925231956,0.03389916316598163,0.03843735198563184
CICIDS2017_COVERAGE_R1,2027,0.6,Random-Budget,validation_FPR,0.09723998385942179,0.019237649413728675,0.12042897908267539
CICIDS2017_COVERAGE_R1,2027,0.6,Cost-Only,validation_F1,0.0,0.0,0.0
CICIDS2017_COVERAGE_R1,2027,0.6,Cost-Only,validation_PR_AUC,0.025731935044322245,0.03628413196529942,0.02663739128643481
CICIDS2017_COVERAGE_R1,2027,0.6,Cost-Only,validation_FPR,0.010159283195541765,0.003312367470085899,0.003485714556005388
CICIDS2017_COVERAGE_R1,2027,0.6,Utility-Only,validation_F1,0.0005361856191777812,0.0,0.0026007802340702
CICIDS2017_COVERAGE_R1,2027,0.6,Utility-Only,validation_PR_AUC,0.029093047276069192,0.03497651440974085,0.0489094878974799
CICIDS2017_COVERAGE_R1,2027,0.6,Utility-Only,validation_FPR,0.025966089334597597,0.019160970668519114,0.0082062826153688
CICIDS2017_COVERAGE_R1,2027,0.6,Utility-Cost-Ratio,validation_F1,0.00022956467395683313,0.0,0.0
CICIDS2017_COVERAGE_R1,2027,0.6,Utility-Cost-Ratio,validation_PR_AUC,0.027759594117702197,0.03497651440974085,0.03370336912963107
CICIDS2017_COVERAGE_R1,2027,0.6,Utility-Cost-Ratio,validation_FPR,0.02585396227351589,0.019160970668519114,0.0032533940973286796
CICIDS2017_COVERAGE_R1,2027,0.6,CB-Score,validation_F1,0.0,0.0,0.0
CICIDS2017_COVERAGE_R1,2027,0.6,CB-Score,validation_PR_AUC,0.02723485543125917,0.03369296514407742,0.030299309048620892
CICIDS2017_COVERAGE_R1,2027,0.6,CB-Score,validation_FPR,0.010459573290061586,0.038076956322575545,0.0037867907371514527
CICIDS2017_COVERAGE_R1,2027,0.6,Historical-DoubleCost,validation_F1,0.0,0.0,0.0
CICIDS2017_COVERAGE_R1,2027,0.6,Historical-DoubleCost,validation_PR_AUC,0.02723485543125917,0.03369296514407742,0.030299309048620892
CICIDS2017_COVERAGE_R1,2027,0.6,Historical-DoubleCost,validation_FPR,0.010459573290061586,0.038076956322575545,0.0037867907371514527
CICIDS2017_COVERAGE_R1,2027,0.6,Oort-Style-Adapted,validation_F1,0.00011185300826902228,0.0,0.00047368614409304356
CICIDS2017_COVERAGE_R1,2027,0.6,Oort-Style-Adapted,validation_PR_AUC,0.028620241786834873,0.03517461573030714,0.03330679319507183
CICIDS2017_COVERAGE_R1,2027,0.6,Oort-Style-Adapted,validation_FPR,0.013483578967192123,0.024521250116885135,0.004816012697372547
CICIDS2017_COVERAGE_R1,2027,0.6,Oracle-Score-Exact,validation_F1,0.0,0.0,0.0
CICIDS2017_COVERAGE_R1,2027,0.6,Oracle-Score-Exact,validation_PR_AUC,0.02723485543125917,0.03369296514407742,0.030299309048620892
CICIDS2017_COVERAGE_R1,2027,0.6,Oracle-Score-Exact,validation_FPR,0.010459573290061586,0.038076956322575545,0.0037867907371514527
CICIDS2017_COVERAGE_R1,2027,0.8,Full-Contextual,validation_F1,0.0,0.0,0.0
CICIDS2017_COVERAGE_R1,2027,0.8,Full-Contextual,validation_PR_AUC,0.030088638122868928,0.0359536261124803,0.025709179924935936
CICIDS2017_COVERAGE_R1,2027,0.8,Full-Contextual,validation_FPR,0.002106496693512361,0.0,0.0029658540201712123
CICIDS2017_COVERAGE_R1,2027,0.8,Random-Budget,validation_F1,1.0919951087040868e-05,0.0,3.4000467720317513e-05
CICIDS2017_COVERAGE_R1,2027,0.8,Random-Budget,validation_PR_AUC,0.026492297122310715,0.03285367921710672,0.03197506678287327
CICIDS2017_COVERAGE_R1,2027,0.8,Random-Budget,validation_FPR,0.03064699256363832,0.038360414548619264,0.11736367728284064
CICIDS2017_COVERAGE_R1,2027,0.8,Cost-Only,validation_F1,0.0,0.0,0.0
CICIDS2017_COVERAGE_R1,2027,0.8,Cost-Only,validation_PR_AUC,0.027446944314637445,0.0322059609414865,0.030099814394524037
CICIDS2017_COVERAGE_R1,2027,0.8,Cost-Only,validation_FPR,0.020637853182080376,0.048071708075981184,0.004735056093556119
CICIDS2017_COVERAGE_R1,2027,0.8,Utility-Only,validation_F1,4.0595482738035235e-05,0.0,0.0015426283440453342
CICIDS2017_COVERAGE_R1,2027,0.8,Utility-Only,validation_PR_AUC,0.026161504801906106,0.03248474418029429,0.03215094762654184
CICIDS2017_COVERAGE_R1,2027,0.8,Utility-Only,validation_FPR,0.01676678422287112,0.06800245672795618,0.006303439560951241
CICIDS2017_COVERAGE_R1,2027,0.8,Utility-Cost-Ratio,validation_F1,4.0595482738035235e-05,0.0,0.0015426283440453342
CICIDS2017_COVERAGE_R1,2027,0.8,Utility-Cost-Ratio,validation_PR_AUC,0.026161504801906106,0.03248474418029429,0.03215094762654184
CICIDS2017_COVERAGE_R1,2027,0.8,Utility-Cost-Ratio,validation_FPR,0.01676678422287112,0.06800245672795618,0.006303439560951241
CICIDS2017_COVERAGE_R1,2027,0.8,CB-Score,validation_F1,0.0,0.0,0.0
CICIDS2017_COVERAGE_R1,2027,0.8,CB-Score,validation_PR_AUC,0.026962413298226285,0.03426683767917572,0.029271018858785934
CICIDS2017_COVERAGE_R1,2027,0.8,CB-Score,validation_FPR,0.017381437717929143,0.036404360127988936,0.003933234882287347
CICIDS2017_COVERAGE_R1,2027,0.8,Historical-DoubleCost,validation_F1,0.0,0.0,0.0
CICIDS2017_COVERAGE_R1,2027,0.8,Historical-DoubleCost,validation_PR_AUC,0.026962413298226285,0.03426683767917572,0.029271018858785934
CICIDS2017_COVERAGE_R1,2027,0.8,Historical-DoubleCost,validation_FPR,0.017381437717929143,0.036404360127988936,0.003933234882287347
CICIDS2017_COVERAGE_R1,2027,0.8,Oort-Style-Adapted,validation_F1,0.0004398432255904403,0.0,0.0037926675094816
CICIDS2017_COVERAGE_R1,2027,0.8,Oort-Style-Adapted,validation_PR_AUC,0.029186458862213896,0.03593211652962021,0.0477438865150449
CICIDS2017_COVERAGE_R1,2027,0.8,Oort-Style-Adapted,validation_FPR,0.01225888422225515,0.002382304096185957,0.0090862580579146
CICIDS2017_COVERAGE_R1,2027,0.8,Oracle-Score-Exact,validation_F1,0.0,0.0,0.0
CICIDS2017_COVERAGE_R1,2027,0.8,Oracle-Score-Exact,validation_PR_AUC,0.026962413298226285,0.03426683767917572,0.029271018858785934
CICIDS2017_COVERAGE_R1,2027,0.8,Oracle-Score-Exact,validation_FPR,0.017381437717929143,0.036404360127988936,0.003933234882287347
CICIDS2017_COVERAGE_R1,2027,1.0,Full-Contextual,validation_F1,0.0,0.0,0.0
CICIDS2017_COVERAGE_R1,2027,1.0,Full-Contextual,validation_PR_AUC,0.030445484132484348,0.0359536261124803,0.025922822046311453
CICIDS2017_COVERAGE_R1,2027,1.0,Full-Contextual,validation_FPR,0.001990632193159644,0.0,0.0027837304497976556
CICIDS2017_COVERAGE_R1,2027,1.0,Random-Budget,validation_F1,0.0,0.0,0.0
CICIDS2017_COVERAGE_R1,2027,1.0,Random-Budget,validation_PR_AUC,0.024649294455262465,0.03045852170376062,0.025905965296768464
CICIDS2017_COVERAGE_R1,2027,1.0,Random-Budget,validation_FPR,0.029908896972647498,0.06250438881446084,0.00748915066698281
CICIDS2017_COVERAGE_R1,2027,1.0,Cost-Only,validation_F1,0.0,0.0,0.0
CICIDS2017_COVERAGE_R1,2027,1.0,Cost-Only,validation_PR_AUC,0.024649134457409086,0.030458106360243823,0.025902005852737237
CICIDS2017_COVERAGE_R1,2027,1.0,Cost-Only,validation_FPR,0.02991288852806469,0.0625103155449432,0.007488795085476691
CICIDS2017_COVERAGE_R1,2027,1.0,Utility-Only,validation_F1,0.0002392520818952399,0.0,0.0025157232704402
CICIDS2017_COVERAGE_R1,2027,1.0,Utility-Only,validation_PR_AUC,0.02742310604710083,0.03165994495127067,0.0353291700166242
CICIDS2017_COVERAGE_R1,2027,1.0,Utility-Only,validation_FPR,0.017194017192100113,0.050976760844866936,0.009270438964494
CICIDS2017_COVERAGE_R1,2027,1.0,Utility-Cost-Ratio,validation_F1,0.0002392520818952399,0.0,0.0025157232704402
CICIDS2017_COVERAGE_R1,2027,1.0,Utility-Cost-Ratio,validation_PR_AUC,0.02742310604710083,0.03165994495127067,0.0353291700166242
CICIDS2017_COVERAGE_R1,2027,1.0,Utility-Cost-Ratio,validation_FPR,0.017194017192100113,0.050976760844866936,0.009270438964494
CICIDS2017_COVERAGE_R1,2027,1.0,CB-Score,validation_F1,0.0,0.0,0.0
CICIDS2017_COVERAGE_R1,2027,1.0,CB-Score,validation_PR_AUC,0.02603284992522755,0.03426683767917572,0.02792705101722271
CICIDS2017_COVERAGE_R1,2027,1.0,CB-Score,validation_FPR,0.015306714415428954,0.036404360127988936,0.004135139155816538
CICIDS2017_COVERAGE_R1,2027,1.0,Historical-DoubleCost,validation_F1,0.0,0.0,0.0
CICIDS2017_COVERAGE_R1,2027,1.0,Historical-DoubleCost,validation_PR_AUC,0.02603284992522755,0.03426683767917572,0.02792705101722271
CICIDS2017_COVERAGE_R1,2027,1.0,Historical-DoubleCost,validation_FPR,0.015306714415428954,0.036404360127988936,0.004135139155816538
CICIDS2017_COVERAGE_R1,2027,1.0,Oort-Style-Adapted,validation_F1,0.0002392520818952399,0.0,0.0025157232704402
CICIDS2017_COVERAGE_R1,2027,1.0,Oort-Style-Adapted,validation_PR_AUC,0.02742310604710083,0.03165994495127067,0.0353291700166242
CICIDS2017_COVERAGE_R1,2027,1.0,Oort-Style-Adapted,validation_FPR,0.017194017192100113,0.050976760844866936,0.009270438964494
CICIDS2017_COVERAGE_R1,2027,1.0,Oracle-Score-Exact,validation_F1,0.0,0.0,0.0
CICIDS2017_COVERAGE_R1,2027,1.0,Oracle-Score-Exact,validation_PR_AUC,0.02603284992522755,0.03426683767917572,0.02792705101722271
CICIDS2017_COVERAGE_R1,2027,1.0,Oracle-Score-Exact,validation_FPR,0.015306714415428954,0.036404360127988936,0.004135139155816538
CICIoT2023_R1,42,0.1,Full-Contextual,validation_F1,0.939077454465682,0.9447014641049366,0.9401292715173156
CICIoT2023_R1,42,0.1,Full-Contextual,validation_PR_AUC,0.987708690489965,0.9810683400859792,0.9915283198267013
CICIoT2023_R1,42,0.1,Full-Contextual,validation_FPR,0.06139117092797222,0.0989240404689256,0.029223887046806462
CICIoT2023_R1,42,0.1,Random-Budget,validation_F1,0.9269956862339095,0.945422919775129,0.9248761251167928
CICIoT2023_R1,42,0.1,Random-Budget,validation_PR_AUC,0.9926296257750941,0.9918631313369435,0.9933158531454899
CICIoT2023_R1,42,0.1,Random-Budget,validation_FPR,0.370609086303226,0.179235292209814,0.338518598057436
CICIoT2023_R1,42,0.1,Cost-Only,validation_F1,0.8731294543661903,0.8929585321421256,0.8637099449191356
CICIoT2023_R1,42,0.1,Cost-Only,validation_PR_AUC,0.9911746278472916,0.9898631313685617,0.992474178027158
CICIoT2023_R1,42,0.1,Cost-Only,validation_FPR,0.8616831539820975,0.6955431563910037,0.9508311837417571
CICIoT2023_R1,42,0.1,Utility-Only,validation_F1,0.9473844111705996,0.9500506613358162,0.8805140207814667
CICIoT2023_R1,42,0.1,Utility-Only,validation_PR_AUC,0.9930259650224518,0.992357731795712,0.9918046092807242
CICIoT2023_R1,42,0.1,Utility-Only,validation_FPR,0.04978061500884652,0.0638349124779187,8.029548739360848e-05
CICIoT2023_R1,42,0.1,Utility-Cost-Ratio,validation_F1,0.9473844111705996,0.9500506613358162,0.8805140207814667
CICIoT2023_R1,42,0.1,Utility-Cost-Ratio,validation_PR_AUC,0.9930259650224518,0.992357731795712,0.9918046092807242
CICIoT2023_R1,42,0.1,Utility-Cost-Ratio,validation_FPR,0.04978061500884652,0.0638349124779187,8.029548739360848e-05
CICIoT2023_R1,42,0.1,CB-Score,validation_F1,0.9439621350679669,0.9523374770514434,0.9473130293263863
CICIoT2023_R1,42,0.1,CB-Score,validation_PR_AUC,0.9934044810568802,0.9927622114264402,0.9924238797460115
CICIoT2023_R1,42,0.1,CB-Score,validation_FPR,0.1141306165398997,0.07341205614943076,0.16331790769855603
CICIoT2023_R1,42,0.1,Historical-DoubleCost,validation_F1,0.9439621350679669,0.9523374770514434,0.9473130293263863
CICIoT2023_R1,42,0.1,Historical-DoubleCost,validation_PR_AUC,0.9934044810568802,0.9927622114264402,0.9924238797460115
CICIoT2023_R1,42,0.1,Historical-DoubleCost,validation_FPR,0.1141306165398997,0.07341205614943076,0.16331790769855603
CICIoT2023_R1,42,0.1,Oort-Style-Adapted,validation_F1,0.9473844111705996,0.9500506613358162,0.8805140207814667
CICIoT2023_R1,42,0.1,Oort-Style-Adapted,validation_PR_AUC,0.9930259650224518,0.992357731795712,0.9918046092807242
CICIoT2023_R1,42,0.1,Oort-Style-Adapted,validation_FPR,0.04978061500884652,0.0638349124779187,8.029548739360848e-05
CICIoT2023_R1,42,0.1,Oracle-Score-Exact,validation_F1,0.9439621350679669,0.9523374770514434,0.9473130293263863
CICIoT2023_R1,42,0.1,Oracle-Score-Exact,validation_PR_AUC,0.9934044810568802,0.9927622114264402,0.9924238797460115
CICIoT2023_R1,42,0.1,Oracle-Score-Exact,validation_FPR,0.1141306165398997,0.07341205614943076,0.16331790769855603
CICIoT2023_R1,42,0.2,Full-Contextual,validation_F1,0.9415874894164201,0.9447014641049366,0.9489985791279041
CICIoT2023_R1,42,0.2,Full-Contextual,validation_PR_AUC,0.9895127891613446,0.9810683400859792,0.9922165089290491
CICIoT2023_R1,42,0.2,Full-Contextual,validation_FPR,0.04870182997094957,0.0989240404689256,0.03228097144615626
CICIoT2023_R1,42,0.2,Random-Budget,validation_F1,0.9268863008848587,0.9387781819751537,0.9530166750319722
CICIoT2023_R1,42,0.2,Random-Budget,validation_PR_AUC,0.9910608746095529,0.9826850878053214,0.9937225297800684
CICIoT2023_R1,42,0.2,Random-Budget,validation_FPR,0.21515617037569207,0.26069751291196197,0.14758827748630216
CICIoT2023_R1,42,0.2,Cost-Only,validation_F1,0.9165946454156487,0.8568119902584985,0.8967272673701057
CICIoT2023_R1,42,0.2,Cost-Only,validation_PR_AUC,0.9914916256003301,0.9624184670831585,0.9929389395150332
CICIoT2023_R1,42,0.2,Cost-Only,validation_FPR,0.47873819082975755,0.5317045625205795,0.6799828839140701
CICIoT2023_R1,42,0.2,Utility-Only,validation_F1,0.8992566925320173,0.8652757683836854,0.8839545805837941
CICIoT2023_R1,42,0.2,Utility-Only,validation_PR_AUC,0.9910945126155227,0.9897673945915533,0.9921160699815704
CICIoT2023_R1,42,0.2,Utility-Only,validation_FPR,0.10222112394493629,0.004625719686453965,0.0
CICIoT2023_R1,42,0.2,Utility-Cost-Ratio,validation_F1,0.8992566925320173,0.8652757683836854,0.8839545805837941
CICIoT2023_R1,42,0.2,Utility-Cost-Ratio,validation_PR_AUC,0.9910945126155227,0.9897673945915533,0.9921160699815704
CICIoT2023_R1,42,0.2,Utility-Cost-Ratio,validation_FPR,0.10222112394493629,0.004625719686453965,0.0
CICIoT2023_R1,42,0.2,CB-Score,validation_F1,0.9210800198149444,0.9251000761835404,0.9140597882029999
CICIoT2023_R1,42,0.2,CB-Score,validation_PR_AUC,0.9922858084532014,0.9922157326171941,0.9923885275809012
CICIoT2023_R1,42,0.2,CB-Score,validation_FPR,0.0382923060610791,0.039176488319643474,0.009395855414450583
CICIoT2023_R1,42,0.2,Historical-DoubleCost,validation_F1,0.9210800198149444,0.9251000761835404,0.9140597882029999
CICIoT2023_R1,42,0.2,Historical-DoubleCost,validation_PR_AUC,0.9922858084532014,0.9922157326171941,0.9923885275809012
CICIoT2023_R1,42,0.2,Historical-DoubleCost,validation_FPR,0.0382923060610791,0.039176488319643474,0.009395855414450583
CICIoT2023_R1,42,0.2,Oort-Style-Adapted,validation_F1,0.8986059593820952,0.8652757683836854,0.9342198723565881
CICIoT2023_R1,42,0.2,Oort-Style-Adapted,validation_PR_AUC,0.9909876006237741,0.9897673945915533,0.9921034752133463
CICIoT2023_R1,42,0.2,Oort-Style-Adapted,validation_FPR,0.10118348161619581,0.004625719686453965,0.08700642126399424
CICIoT2023_R1,42,0.2,Oracle-Score-Exact,validation_F1,0.9210800198149444,0.9251000761835404,0.9140597882029999
CICIoT2023_R1,42,0.2,Oracle-Score-Exact,validation_PR_AUC,0.9922858084532014,0.9922157326171941,0.9923885275809012
CICIoT2023_R1,42,0.2,Oracle-Score-Exact,validation_FPR,0.0382923060610791,0.039176488319643474,0.009395855414450583
CICIoT2023_R1,42,0.4,Full-Contextual,validation_F1,0.9460428390699687,0.9447014641049366,0.9542138427963851
CICIoT2023_R1,42,0.4,Full-Contextual,validation_PR_AUC,0.9910080407278747,0.9810683400859792,0.993372928722363
CICIoT2023_R1,42,0.4,Full-Contextual,validation_FPR,0.048214279735817135,0.0989240404689256,0.04634585285288436
CICIoT2023_R1,42,0.4,Random-Budget,validation_F1,0.9326562017699893,0.8668622950985629,0.9462567481669221
CICIoT2023_R1,42,0.4,Random-Budget,validation_PR_AUC,0.9921849976927332,0.9892311798037243,0.9937289386337628
CICIoT2023_R1,42,0.4,Random-Budget,validation_FPR,0.07296303612644378,0.006357862519025715,0.06861777552279771
CICIoT2023_R1,42,0.4,Cost-Only,validation_F1,0.9485881021000564,0.9276806087420937,0.9533170881451868
CICIoT2023_R1,42,0.4,Cost-Only,validation_PR_AUC,0.99326498010808,0.9883640548789302,0.99384973986128
CICIoT2023_R1,42,0.4,Cost-Only,validation_FPR,0.18095907901809322,0.045688970237552466,0.15625437639080086
CICIoT2023_R1,42,0.4,Utility-Only,validation_F1,0.9048223971637348,0.8476397921855731,0.9483045674010766
CICIoT2023_R1,42,0.4,Utility-Only,validation_PR_AUC,0.9917229484646795,0.9889552421362877,0.9938576864635404
CICIoT2023_R1,42,0.4,Utility-Only,validation_FPR,0.02524008749891955,0.032135231552653507,0.028504898024731
CICIoT2023_R1,42,0.4,Utility-Cost-Ratio,validation_F1,0.9048223971637348,0.8476397921855731,0.9483045674010766
CICIoT2023_R1,42,0.4,Utility-Cost-Ratio,validation_PR_AUC,0.9917229484646795,0.9889552421362877,0.9938576864635404
CICIoT2023_R1,42,0.4,Utility-Cost-Ratio,validation_FPR,0.02524008749891955,0.032135231552653507,0.028504898024731
CICIoT2023_R1,42,0.4,CB-Score,validation_F1,0.8998029604471884,0.8474623769205324,0.9334409468688807
CICIoT2023_R1,42,0.4,CB-Score,validation_PR_AUC,0.9918183736661275,0.9888268051067822,0.9938363413001491
CICIoT2023_R1,42,0.4,CB-Score,validation_FPR,0.03675618301444705,0.033295816198700694,0.004906520894439366
CICIoT2023_R1,42,0.4,Historical-DoubleCost,validation_F1,0.8995647086590018,0.8474623769205324,0.9390760115748386
CICIoT2023_R1,42,0.4,Historical-DoubleCost,validation_PR_AUC,0.991343354626032,0.9888268051067822,0.9921178167423164
CICIoT2023_R1,42,0.4,Historical-DoubleCost,validation_FPR,0.06359675981191562,0.033295816198700694,0.05352836683827936
CICIoT2023_R1,42,0.4,Oort-Style-Adapted,validation_F1,0.9038989737525364,0.8476397921855731,0.9282177569819305
CICIoT2023_R1,42,0.4,Oort-Style-Adapted,validation_PR_AUC,0.9910253391401236,0.9889552421362877,0.9913129396023407
CICIoT2023_R1,42,0.4,Oort-Style-Adapted,validation_FPR,0.02838073660018175,0.032135231552653507,0.0005978973032666306
CICIoT2023_R1,42,0.4,Oracle-Score-Exact,validation_F1,0.8944042748096109,0.8474623769205324,0.9438859066930887
CICIoT2023_R1,42,0.4,Oracle-Score-Exact,validation_PR_AUC,0.9913939881055466,0.9888268051067822,0.9934400168333695
CICIoT2023_R1,42,0.4,Oracle-Score-Exact,validation_FPR,0.08406683534253082,0.033295816198700694,0.021800746375090347
CICIoT2023_R1,42,0.6,Full-Contextual,validation_F1,0.9485451853386909,0.9447014641049366,0.9547058087738255
CICIoT2023_R1,42,0.6,Full-Contextual,validation_PR_AUC,0.9917429343118469,0.9810683400859792,0.9938672052927121
CICIoT2023_R1,42,0.6,Full-Contextual,validation_FPR,0.04823398704778736,0.0989240404689256,0.04957147205029142
CICIoT2023_R1,42,0.6,Random-Budget,validation_F1,0.9357802410518552,0.8108768109293796,0.9535820486570459
CICIoT2023_R1,42,0.6,Random-Budget,validation_PR_AUC,0.9921983084631787,0.9884351544518998,0.9940623622588036
CICIoT2023_R1,42,0.6,Random-Budget,validation_FPR,0.0376170652636316,0.011548376553974803,0.04879678682030661
CICIoT2023_R1,42,0.6,Cost-Only,validation_F1,0.9502179379020675,0.9138832684138171,0.9552936907385406
CICIoT2023_R1,42,0.6,Cost-Only,validation_PR_AUC,0.9931829347212194,0.9887138810027823,0.993867961243379
CICIoT2023_R1,42,0.6,Cost-Only,validation_FPR,0.09075680172253427,0.0212564027237437,0.08567922950063214
CICIoT2023_R1,42,0.6,Utility-Only,validation_F1,0.9118607545037564,0.7858747791798602,0.9328907874194869
CICIoT2023_R1,42,0.6,Utility-Only,validation_PR_AUC,0.9914779713044024,0.9862272206817364,0.9938469816855846
CICIoT2023_R1,42,0.6,Utility-Only,validation_FPR,0.02184048558093101,0.029278282934169425,0.0046595799059521315
CICIoT2023_R1,42,0.6,Utility-Cost-Ratio,validation_F1,0.9049221248012099,0.7858747791798602,0.9323295368900268
CICIoT2023_R1,42,0.6,Utility-Cost-Ratio,validation_PR_AUC,0.9910748610088929,0.9862272206817364,0.9934174467844052
CICIoT2023_R1,42,0.6,Utility-Cost-Ratio,validation_FPR,0.024601631485867234,0.029278282934169425,0.004466607704280137
CICIoT2023_R1,42,0.6,CB-Score,validation_F1,0.9337346808444956,0.8851835285712417,0.9420177119941849
CICIoT2023_R1,42,0.6,CB-Score,validation_PR_AUC,0.9928641528579475,0.9871160475376913,0.9939281296067467
CICIoT2023_R1,42,0.6,CB-Score,validation_FPR,0.009397630699104396,0.034561053793344454,0.012869874026196056
CICIoT2023_R1,42,0.6,Historical-DoubleCost,validation_F1,0.9356942609952793,0.8851835285712417,0.942294494448621
CICIoT2023_R1,42,0.6,Historical-DoubleCost,validation_PR_AUC,0.9929202042489425,0.9871160475376913,0.993963170105411
CICIoT2023_R1,42,0.6,Historical-DoubleCost,validation_FPR,0.011949537491485153,0.034561053793344454,0.013238856576509132
CICIoT2023_R1,42,0.6,Oort-Style-Adapted,validation_F1,0.9129054125122035,0.7869287628091758,0.9337623495726376
CICIoT2023_R1,42,0.6,Oort-Style-Adapted,validation_PR_AUC,0.9920201918278881,0.9868910793984489,0.993931839166422
CICIoT2023_R1,42,0.6,Oort-Style-Adapted,validation_FPR,0.017991190959594158,0.023019057102032628,0.0052192066805845
CICIoT2023_R1,42,0.6,Oracle-Score-Exact,validation_F1,0.934797501195836,0.8851835285712417,0.9408330554981303
CICIoT2023_R1,42,0.6,Oracle-Score-Exact,validation_PR_AUC,0.9929211312387591,0.9871160475376913,0.9940085188961365
CICIoT2023_R1,42,0.6,Oracle-Score-Exact,validation_FPR,0.011208741305550664,0.034561053793344454,0.011648313560552369
CICIoT2023_R1,42,0.8,Full-Contextual,validation_F1,0.9485502887936961,0.9447014641049366,0.9546975094667701
CICIoT2023_R1,42,0.8,Full-Contextual,validation_PR_AUC,0.9917447037948343,0.9810683400859792,0.9938649697762936
CICIoT2023_R1,42,0.8,Full-Contextual,validation_FPR,0.04824428593773721,0.0989240404689256,0.04953171730104281
CICIoT2023_R1,42,0.8,Random-Budget,validation_F1,0.9398440168492042,0.8920128445609823,0.9346364389476041
CICIoT2023_R1,42,0.8,Random-Budget,validation_PR_AUC,0.9921248104996137,0.9883913221195108,0.9932267252466191
CICIoT2023_R1,42,0.8,Random-Budget,validation_FPR,0.028477477163737955,0.012480281141950647,0.03190409711882186
CICIoT2023_R1,42,0.8,Cost-Only,validation_F1,0.9456858044257933,0.8844609043944974,0.9539397945196112
CICIoT2023_R1,42,0.8,Cost-Only,validation_PR_AUC,0.992831603226586,0.9880956306534313,0.9938418605404333
CICIoT2023_R1,42,0.8,Cost-Only,validation_FPR,0.043480144998283426,0.017876787343970326,0.13683734758403013
CICIoT2023_R1,42,0.8,Utility-Only,validation_F1,0.9322989028634046,0.9111455898519227,0.9360848056537102
CICIoT2023_R1,42,0.8,Utility-Only,validation_PR_AUC,0.9924098367775452,0.973175305980728,0.9939845459748696
CICIoT2023_R1,42,0.8,Utility-Only,validation_FPR,0.012250436608298844,0.15594222492470122,0.0072265938654247
CICIoT2023_R1,42,0.8,Utility-Cost-Ratio,validation_F1,0.9322989028634046,0.9111455898519227,0.9360848056537102
CICIoT2023_R1,42,0.8,Utility-Cost-Ratio,validation_PR_AUC,0.9924098367775452,0.973175305980728,0.9939845459748696
CICIoT2023_R1,42,0.8,Utility-Cost-Ratio,validation_FPR,0.012250436608298844,0.15594222492470122,0.0072265938654247
CICIoT2023_R1,42,0.8,CB-Score,validation_F1,0.9317183721304896,0.9159933070962328,0.9398266065520975
CICIoT2023_R1,42,0.8,CB-Score,validation_PR_AUC,0.9920378281625116,0.9716780491833032,0.9939393177236052
CICIoT2023_R1,42,0.8,CB-Score,validation_FPR,0.012853257569315773,0.1698463849423943,0.013279605631762262
CICIoT2023_R1,42,0.8,Historical-DoubleCost,validation_F1,0.9327813461333773,0.9159933070962328,0.9371817326721189
CICIoT2023_R1,42,0.8,Historical-DoubleCost,validation_PR_AUC,0.9921413530773502,0.9716780491833032,0.9938504468440563
CICIoT2023_R1,42,0.8,Historical-DoubleCost,validation_FPR,0.014424855223242666,0.1698463849423943,0.01129722608070934
CICIoT2023_R1,42,0.8,Oort-Style-Adapted,validation_F1,0.9334508574343686,0.9106055117802584,0.9347880272167589
CICIoT2023_R1,42,0.8,Oort-Style-Adapted,validation_PR_AUC,0.9926372119291857,0.9856767817205766,0.9939939011403581
CICIoT2023_R1,42,0.8,Oort-Style-Adapted,validation_FPR,0.010684389316482844,0.05242865113936468,0.0066836548765429275
CICIoT2023_R1,42,0.8,Oracle-Score-Exact,validation_F1,0.9317183721304896,0.9159933070962328,0.9398266065520975
CICIoT2023_R1,42,0.8,Oracle-Score-Exact,validation_PR_AUC,0.9920378281625116,0.9716780491833032,0.9939393177236052
CICIoT2023_R1,42,0.8,Oracle-Score-Exact,validation_FPR,0.012853257569315773,0.1698463849423943,0.013279605631762262
CICIoT2023_R1,42,1.0,Full-Contextual,validation_F1,0.9487132601160205,0.9447014641049366,0.9544909000976808
CICIoT2023_R1,42,1.0,Full-Contextual,validation_PR_AUC,0.9918020916663901,0.9810683400859792,0.9937775229963494
CICIoT2023_R1,42,1.0,Full-Contextual,validation_FPR,0.04843425609043754,0.0989240404689256,0.04971857085725474
CICIoT2023_R1,42,1.0,Random-Budget,validation_F1,0.9416949190169338,0.8878937819827916,0.9481850071265263
CICIoT2023_R1,42,1.0,Random-Budget,validation_PR_AUC,0.9923600596136682,0.9877499304678999,0.9938786455897411
CICIoT2023_R1,42,1.0,Random-Budget,validation_FPR,0.024057918390837603,0.021662199691686774,0.025509485547927112
CICIoT2023_R1,42,1.0,Cost-Only,validation_F1,0.941692754729512,0.8878847025604226,0.9482012421163906
CICIoT2023_R1,42,1.0,Cost-Only,validation_PR_AUC,0.9923596512843038,0.9877497954544348,0.9938782864883626
CICIoT2023_R1,42,1.0,Cost-Only,validation_FPR,0.02405795707270716,0.021661299626462006,0.025543028938811253
CICIoT2023_R1,42,1.0,Utility-Only,validation_F1,0.9322506985035502,0.9257518896935856,0.9368193567524048
CICIoT2023_R1,42,1.0,Utility-Only,validation_PR_AUC,0.9922722334614632,0.9777590791187739,0.9940847197556753
CICIoT2023_R1,42,1.0,Utility-Only,validation_FPR,0.011380393814886317,0.1250210427889799,0.0071462983780311
CICIoT2023_R1,42,1.0,Utility-Cost-Ratio,validation_F1,0.9322506985035502,0.9257518896935856,0.9368193567524048
CICIoT2023_R1,42,1.0,Utility-Cost-Ratio,validation_PR_AUC,0.9922722334614632,0.9777590791187739,0.9940847197556753
CICIoT2023_R1,42,1.0,Utility-Cost-Ratio,validation_FPR,0.011380393814886317,0.1250210427889799,0.0071462983780311
CICIoT2023_R1,42,1.0,CB-Score,validation_F1,0.9342276851800713,0.9336728768413232,0.9402273112662732
CICIoT2023_R1,42,1.0,CB-Score,validation_PR_AUC,0.9922614079213059,0.9767989644659153,0.9939259164745442
CICIoT2023_R1,42,1.0,CB-Score,validation_FPR,0.014778818303003698,0.13601671113857208,0.013366289057094602
CICIoT2023_R1,42,1.0,Historical-DoubleCost,validation_F1,0.9342276851800713,0.9336728768413232,0.9402273112662732
CICIoT2023_R1,42,1.0,Historical-DoubleCost,validation_PR_AUC,0.9922614079213059,0.9767989644659153,0.9939259164745442
CICIoT2023_R1,42,1.0,Historical-DoubleCost,validation_FPR,0.014778818303003698,0.13601671113857208,0.013366289057094602
CICIoT2023_R1,42,1.0,Oort-Style-Adapted,validation_F1,0.9322506985035502,0.9257518896935856,0.9368193567524048
CICIoT2023_R1,42,1.0,Oort-Style-Adapted,validation_PR_AUC,0.9922722334614632,0.9777590791187739,0.9940847197556753
CICIoT2023_R1,42,1.0,Oort-Style-Adapted,validation_FPR,0.011380393814886317,0.1250210427889799,0.0071462983780311
CICIoT2023_R1,42,1.0,Oracle-Score-Exact,validation_F1,0.9342276851800713,0.9336728768413232,0.9402273112662732
CICIoT2023_R1,42,1.0,Oracle-Score-Exact,validation_PR_AUC,0.9922614079213059,0.9767989644659153,0.9939259164745442
CICIoT2023_R1,42,1.0,Oracle-Score-Exact,validation_FPR,0.014778818303003698,0.13601671113857208,0.013366289057094602
CICIoT2023_R1,123,0.1,Full-Contextual,validation_F1,0.9342532594844816,0.9336820423871212,0.936102323620385
CICIoT2023_R1,123,0.1,Full-Contextual,validation_PR_AUC,0.9842623127960741,0.9718479232812768,0.9893001554440248
CICIoT2023_R1,123,0.1,Full-Contextual,validation_FPR,0.08618172420089858,0.1451379974326059,0.04190740107708457
CICIoT2023_R1,123,0.1,Random-Budget,validation_F1,0.8040833055818839,0.8040833055818839,0.8040833055818839
CICIoT2023_R1,123,0.1,Random-Budget,validation_PR_AUC,0.7959449609782789,0.7959449609782789,0.7959449609782789
CICIoT2023_R1,123,0.1,Random-Budget,validation_FPR,0.7340340179717587,0.7340340179717587,0.7340340179717587
CICIoT2023_R1,123,0.1,Cost-Only,validation_F1,0.8040833055818839,0.8040833055818839,0.8040833055818839
CICIoT2023_R1,123,0.1,Cost-Only,validation_PR_AUC,0.7959449609782789,0.7959449609782789,0.7959449609782789
CICIoT2023_R1,123,0.1,Cost-Only,validation_FPR,0.7340340179717587,0.7340340179717587,0.7340340179717587
CICIoT2023_R1,123,0.1,Utility-Only,validation_F1,0.8040833055818839,0.8040833055818839,0.8040833055818839
CICIoT2023_R1,123,0.1,Utility-Only,validation_PR_AUC,0.7959449609782789,0.7959449609782789,0.7959449609782789
CICIoT2023_R1,123,0.1,Utility-Only,validation_FPR,0.7340340179717587,0.7340340179717587,0.7340340179717587
CICIoT2023_R1,123,0.1,Utility-Cost-Ratio,validation_F1,0.8040833055818839,0.8040833055818839,0.8040833055818839
CICIoT2023_R1,123,0.1,Utility-Cost-Ratio,validation_PR_AUC,0.7959449609782789,0.7959449609782789,0.7959449609782789
CICIoT2023_R1,123,0.1,Utility-Cost-Ratio,validation_FPR,0.7340340179717587,0.7340340179717587,0.7340340179717587
CICIoT2023_R1,123,0.1,CB-Score,validation_F1,0.8040833055818839,0.8040833055818839,0.8040833055818839
CICIoT2023_R1,123,0.1,CB-Score,validation_PR_AUC,0.7959449609782789,0.7959449609782789,0.7959449609782789
CICIoT2023_R1,123,0.1,CB-Score,validation_FPR,0.7340340179717587,0.7340340179717587,0.7340340179717587
CICIoT2023_R1,123,0.1,Historical-DoubleCost,validation_F1,0.8040833055818839,0.8040833055818839,0.8040833055818839
CICIoT2023_R1,123,0.1,Historical-DoubleCost,validation_PR_AUC,0.7959449609782789,0.7959449609782789,0.7959449609782789
CICIoT2023_R1,123,0.1,Historical-DoubleCost,validation_FPR,0.7340340179717587,0.7340340179717587,0.7340340179717587
CICIoT2023_R1,123,0.1,Oort-Style-Adapted,validation_F1,0.8040833055818839,0.8040833055818839,0.8040833055818839
CICIoT2023_R1,123,0.1,Oort-Style-Adapted,validation_PR_AUC,0.7959449609782789,0.7959449609782789,0.7959449609782789
CICIoT2023_R1,123,0.1,Oort-Style-Adapted,validation_FPR,0.7340340179717587,0.7340340179717587,0.7340340179717587
CICIoT2023_R1,123,0.1,Oracle-Score-Exact,validation_F1,0.8040833055818839,0.8040833055818839,0.8040833055818839
CICIoT2023_R1,123,0.1,Oracle-Score-Exact,validation_PR_AUC,0.7959449609782789,0.7959449609782789,0.7959449609782789
CICIoT2023_R1,123,0.1,Oracle-Score-Exact,validation_FPR,0.7340340179717587,0.7340340179717587,0.7340340179717587
CICIoT2023_R1,123,0.2,Full-Contextual,validation_F1,0.9361642217619596,0.9336820423871212,0.940589728630083
CICIoT2023_R1,123,0.2,Full-Contextual,validation_PR_AUC,0.988573450846288,0.9718479232812768,0.9930208760774364
CICIoT2023_R1,123,0.2,Full-Contextual,validation_FPR,0.05090742829748737,0.1451379974326059,0.022964376378485515
CICIoT2023_R1,123,0.2,Random-Budget,validation_F1,0.943316434929237,0.9259193302662807,0.9289745275913801
CICIoT2023_R1,123,0.2,Random-Budget,validation_PR_AUC,0.9927145873459237,0.9892257317411188,0.99343436837931
CICIoT2023_R1,123,0.2,Random-Budget,validation_FPR,0.1804930735257971,0.000882541720154,0.40445879310619304
CICIoT2023_R1,123,0.2,Cost-Only,validation_F1,0.9377569752383111,0.9302867558914659,0.9378655325140429
CICIoT2023_R1,123,0.2,Cost-Only,validation_PR_AUC,0.993360673226256,0.9899891327877054,0.99377893863332
CICIoT2023_R1,123,0.2,Cost-Only,validation_FPR,0.3172950084263948,0.25625604839631316,0.34556850919040605
CICIoT2023_R1,123,0.2,Utility-Only,validation_F1,0.9332257542972258,0.932644105826718,0.9321920632438044
CICIoT2023_R1,123,0.2,Utility-Only,validation_PR_AUC,0.991362446819873,0.992543123166144,0.98947602921932
CICIoT2023_R1,123,0.2,Utility-Only,validation_FPR,0.011909160704475025,0.0035301668806161,0.0011232349165596
CICIoT2023_R1,123,0.2,Utility-Cost-Ratio,validation_F1,0.9332257542972258,0.932644105826718,0.9321920632438044
CICIoT2023_R1,123,0.2,Utility-Cost-Ratio,validation_PR_AUC,0.991362446819873,0.992543123166144,0.98947602921932
CICIoT2023_R1,123,0.2,Utility-Cost-Ratio,validation_FPR,0.011909160704475025,0.0035301668806161,0.0011232349165596
CICIoT2023_R1,123,0.2,CB-Score,validation_F1,0.9339659292659693,0.931834590309245,0.9338939999599636
CICIoT2023_R1,123,0.2,CB-Score,validation_PR_AUC,0.9918355297882144,0.9912150667801237,0.9932357828539025
CICIoT2023_R1,123,0.2,CB-Score,validation_FPR,0.015472260005740632,0.003431474960431869,0.004460556582125581
CICIoT2023_R1,123,0.2,Historical-DoubleCost,validation_F1,0.9329686356183026,0.931834590309245,0.9325482723271906
CICIoT2023_R1,123,0.2,Historical-DoubleCost,validation_PR_AUC,0.9915744407616837,0.9912150667801237,0.9937064340589203
CICIoT2023_R1,123,0.2,Historical-DoubleCost,validation_FPR,0.010405925818032218,0.003431474960431869,0.0028355160987266264
CICIoT2023_R1,123,0.2,Oort-Style-Adapted,validation_F1,0.9332158177950266,0.9317962421635426,0.9323129586518866
CICIoT2023_R1,123,0.2,Oort-Style-Adapted,validation_PR_AUC,0.9919575510906383,0.9912993383889731,0.99330412429572
CICIoT2023_R1,123,0.2,Oort-Style-Adapted,validation_FPR,0.011886520008354245,0.005092577549327295,0.005081726616781455
CICIoT2023_R1,123,0.2,Oracle-Score-Exact,validation_F1,0.9325660651037934,0.9309693037382237,0.9323658370321106
CICIoT2023_R1,123,0.2,Oracle-Score-Exact,validation_PR_AUC,0.9910286183901135,0.9918986009123782,0.9934034184990878
CICIoT2023_R1,123,0.2,Oracle-Score-Exact,validation_FPR,0.011719609854189477,0.001463426122706044,0.004324289134696164
CICIoT2023_R1,123,0.4,Full-Contextual,validation_F1,0.9419416098946833,0.9336820423871212,0.953410169981024
CICIoT2023_R1,123,0.4,Full-Contextual,validation_PR_AUC,0.9909599256715345,0.9718479232812768,0.9934819927713086
CICIoT2023_R1,123,0.4,Full-Contextual,validation_FPR,0.04067553450239115,0.1451379974326059,0.03754965715070276
CICIoT2023_R1,123,0.4,Random-Budget,validation_F1,0.9447828294658412,0.9298732945818408,0.9518839613771316
CICIoT2023_R1,123,0.4,Random-Budget,validation_PR_AUC,0.9928296383777954,0.9877584887147611,0.99381377968621
CICIoT2023_R1,123,0.4,Random-Budget,validation_FPR,0.09581230482622716,0.050798661652873445,0.051197013801345705
CICIoT2023_R1,123,0.4,Cost-Only,validation_F1,0.9500529290155192,0.9408289686029493,0.9514635587637633
CICIoT2023_R1,123,0.4,Cost-Only,validation_PR_AUC,0.99309454706985,0.9820121993145005,0.9932866646280396
CICIoT2023_R1,123,0.4,Cost-Only,validation_FPR,0.14148621296982916,0.1728410746298327,0.14012865722980877
CICIoT2023_R1,123,0.4,Utility-Only,validation_F1,0.9349494803063326,0.9287744378320154,0.9334865313417592
CICIoT2023_R1,123,0.4,Utility-Only,validation_PR_AUC,0.9926914527884693,0.9919164450706289,0.9938358599880764
CICIoT2023_R1,123,0.4,Utility-Only,validation_FPR,0.014737664173120824,0.006068181534427473,0.0045731707317073
CICIoT2023_R1,123,0.4,Utility-Cost-Ratio,validation_F1,0.9349494803063326,0.9287744378320154,0.9334865313417592
CICIoT2023_R1,123,0.4,Utility-Cost-Ratio,validation_PR_AUC,0.9926914527884693,0.9919164450706289,0.9938358599880764
CICIoT2023_R1,123,0.4,Utility-Cost-Ratio,validation_FPR,0.014737664173120824,0.006068181534427473,0.0045731707317073
CICIoT2023_R1,123,0.4,CB-Score,validation_F1,0.9325663379998281,0.9287744378320154,0.9330610457449985
CICIoT2023_R1,123,0.4,CB-Score,validation_PR_AUC,0.993369056074546,0.9919164450706289,0.9937781845794343
CICIoT2023_R1,123,0.4,CB-Score,validation_FPR,0.00358143030197881,0.006068181534427473,0.004187714555638391
CICIoT2023_R1,123,0.4,Historical-DoubleCost,validation_F1,0.9326009721061934,0.9287744378320154,0.9328355113609184
CICIoT2023_R1,123,0.4,Historical-DoubleCost,validation_PR_AUC,0.9933967922372648,0.9919164450706289,0.9937513862371408
CICIoT2023_R1,123,0.4,Historical-DoubleCost,validation_FPR,0.003546647333207103,0.006068181534427473,0.004234095633189696
CICIoT2023_R1,123,0.4,Oort-Style-Adapted,validation_F1,0.9327495706238325,0.9270353903657538,0.9355206448143085
CICIoT2023_R1,123,0.4,Oort-Style-Adapted,validation_PR_AUC,0.9933172780582242,0.9906672769714544,0.9940599136017146
CICIoT2023_R1,123,0.4,Oort-Style-Adapted,validation_FPR,0.003991142724935921,0.002533848666590365,0.005727756948226122
CICIoT2023_R1,123,0.4,Oracle-Score-Exact,validation_F1,0.9332849363894449,0.9287744378320154,0.9329970057149884
CICIoT2023_R1,123,0.4,Oracle-Score-Exact,validation_PR_AUC,0.993259121651611,0.9919164450706289,0.9938772493558322
CICIoT2023_R1,123,0.4,Oracle-Score-Exact,validation_FPR,0.006830119231815367,0.006068181534427473,0.0037955214872200057
CICIoT2023_R1,123,0.6,Full-Contextual,validation_F1,0.942880987203998,0.9336820423871212,0.9509767146695013
CICIoT2023_R1,123,0.6,Full-Contextual,validation_PR_AUC,0.9911802211698606,0.9718479232812768,0.9932738945750978
CICIoT2023_R1,123,0.6,Full-Contextual,validation_FPR,0.04003557450683673,0.1451379974326059,0.029946684791640654
CICIoT2023_R1,123,0.6,Random-Budget,validation_F1,0.9447262794137198,0.9424614445323446,0.9440329381969663
CICIoT2023_R1,123,0.6,Random-Budget,validation_PR_AUC,0.9928639878049886,0.9892768623897558,0.9935915682081801
CICIoT2023_R1,123,0.6,Random-Budget,validation_FPR,0.059986072814756,0.060874602965280813,0.024686589618249377
CICIoT2023_R1,123,0.6,Cost-Only,validation_F1,0.9490057982356842,0.910425051195915,0.9558223999374984
CICIoT2023_R1,123,0.6,Cost-Only,validation_PR_AUC,0.9931953200644495,0.9889554892229028,0.9937539745645667
CICIoT2023_R1,123,0.6,Cost-Only,validation_FPR,0.0994651959600863,0.01058557958336119,0.06894929444774137
CICIoT2023_R1,123,0.6,Utility-Only,validation_F1,0.9329124520030532,0.9058004233041725,0.9326465104157731
CICIoT2023_R1,123,0.6,Utility-Only,validation_PR_AUC,0.9927206338859219,0.984546163916121,0.9930684254998372
CICIoT2023_R1,123,0.6,Utility-Only,validation_FPR,0.010214526194542387,0.07685174419877719,0.003437568608871574
CICIoT2023_R1,123,0.6,Utility-Cost-Ratio,validation_F1,0.9329124520030532,0.9058004233041725,0.9326465104157731
CICIoT2023_R1,123,0.6,Utility-Cost-Ratio,validation_PR_AUC,0.9927206338859219,0.984546163916121,0.9930684254998372
CICIoT2023_R1,123,0.6,Utility-Cost-Ratio,validation_FPR,0.010214526194542387,0.07685174419877719,0.003437568608871574
CICIoT2023_R1,123,0.6,CB-Score,validation_F1,0.9311300490651466,0.9058004233041725,0.9325960250968731
CICIoT2023_R1,123,0.6,CB-Score,validation_PR_AUC,0.9923557753372858,0.984546163916121,0.9936880327167001
CICIoT2023_R1,123,0.6,CB-Score,validation_FPR,0.005406119715045044,0.07685174419877719,0.00280777748890285
CICIoT2023_R1,123,0.6,Historical-DoubleCost,validation_F1,0.9311300490651466,0.9058004233041725,0.9325960250968731
CICIoT2023_R1,123,0.6,Historical-DoubleCost,validation_PR_AUC,0.9923557753372858,0.984546163916121,0.9936880327167001
CICIoT2023_R1,123,0.6,Historical-DoubleCost,validation_FPR,0.005406119715045044,0.07685174419877719,0.00280777748890285
CICIoT2023_R1,123,0.6,Oort-Style-Adapted,validation_F1,0.9317577210292785,0.9052246632675653,0.9342687074829932
CICIoT2023_R1,123,0.6,Oort-Style-Adapted,validation_PR_AUC,0.9927383016253033,0.9842178852388396,0.9942144018582456
CICIoT2023_R1,123,0.6,Oort-Style-Adapted,validation_FPR,0.006840151728582216,0.07629160137357223,0.0050545571245186
CICIoT2023_R1,123,0.6,Oracle-Score-Exact,validation_F1,0.9311300490651466,0.9058004233041725,0.9325960250968731
CICIoT2023_R1,123,0.6,Oracle-Score-Exact,validation_PR_AUC,0.9923557753372858,0.984546163916121,0.9936880327167001
CICIoT2023_R1,123,0.6,Oracle-Score-Exact,validation_FPR,0.005406119715045044,0.07685174419877719,0.00280777748890285
CICIoT2023_R1,123,0.8,Full-Contextual,validation_F1,0.9447198375574828,0.9336820423871212,0.955340646864595
CICIoT2023_R1,123,0.8,Full-Contextual,validation_PR_AUC,0.9914911778698365,0.9718479232812768,0.9933756604136172
CICIoT2023_R1,123,0.8,Full-Contextual,validation_FPR,0.04117998712022229,0.1451379974326059,0.04707736173664472
CICIoT2023_R1,123,0.8,Random-Budget,validation_F1,0.9459283927881701,0.936114836565838,0.9508332288175031
CICIoT2023_R1,123,0.8,Random-Budget,validation_PR_AUC,0.9927618924799727,0.9874808543564803,0.9933792698323415
CICIoT2023_R1,123,0.8,Random-Budget,validation_FPR,0.03899776914709405,0.05607587304277533,0.029500923601910638
CICIoT2023_R1,123,0.8,Cost-Only,validation_F1,0.946630567946026,0.9279070335450433,0.9503349209154593
CICIoT2023_R1,123,0.8,Cost-Only,validation_PR_AUC,0.9928734158151851,0.9886788105836399,0.9935182511977025
CICIoT2023_R1,123,0.8,Cost-Only,validation_FPR,0.045251912638785585,0.014295214702001187,0.03255483138799385
CICIoT2023_R1,123,0.8,Utility-Only,validation_F1,0.9359716555231388,0.9361026535824452,0.9348629700446144
CICIoT2023_R1,123,0.8,Utility-Only,validation_PR_AUC,0.9929844522915334,0.9888542450268516,0.9941358966316036
CICIoT2023_R1,123,0.8,Utility-Only,validation_FPR,0.01600095482179462,0.030149495509589057,0.0052952503209242
CICIoT2023_R1,123,0.8,Utility-Cost-Ratio,validation_F1,0.9359716555231388,0.9361026535824452,0.9348629700446144
CICIoT2023_R1,123,0.8,Utility-Cost-Ratio,validation_PR_AUC,0.9929844522915334,0.9888542450268516,0.9941358966316036
CICIoT2023_R1,123,0.8,Utility-Cost-Ratio,validation_FPR,0.01600095482179462,0.030149495509589057,0.0052952503209242
CICIoT2023_R1,123,0.8,CB-Score,validation_F1,0.9359627800360997,0.8894058851191464,0.9382405075261077
CICIoT2023_R1,123,0.8,CB-Score,validation_PR_AUC,0.9929268528903686,0.9863943525718284,0.9935362326091127
CICIoT2023_R1,123,0.8,CB-Score,validation_FPR,0.013656327901555429,0.05265368159425249,0.009244570773235528
CICIoT2023_R1,123,0.8,Historical-DoubleCost,validation_F1,0.9359627800360997,0.8894058851191464,0.9382405075261077
CICIoT2023_R1,123,0.8,Historical-DoubleCost,validation_PR_AUC,0.9929268528903686,0.9863943525718284,0.9935362326091127
CICIoT2023_R1,123,0.8,Historical-DoubleCost,validation_FPR,0.013656327901555429,0.05265368159425249,0.009244570773235528
CICIoT2023_R1,123,0.8,Oort-Style-Adapted,validation_F1,0.9359716555231388,0.9361026535824452,0.9348629700446144
CICIoT2023_R1,123,0.8,Oort-Style-Adapted,validation_PR_AUC,0.9929844522915334,0.9888542450268516,0.9941358966316036
CICIoT2023_R1,123,0.8,Oort-Style-Adapted,validation_FPR,0.01600095482179462,0.030149495509589057,0.0052952503209242
CICIoT2023_R1,123,0.8,Oracle-Score-Exact,validation_F1,0.9359627800360997,0.8894058851191464,0.9382405075261077
CICIoT2023_R1,123,0.8,Oracle-Score-Exact,validation_PR_AUC,0.9929268528903686,0.9863943525718284,0.9935362326091127
CICIoT2023_R1,123,0.8,Oracle-Score-Exact,validation_FPR,0.013656327901555429,0.05265368159425249,0.009244570773235528
CICIoT2023_R1,123,1.0,Full-Contextual,validation_F1,0.944412482782059,0.9336820423871212,0.9555415419757226
CICIoT2023_R1,123,1.0,Full-Contextual,validation_PR_AUC,0.9914510516623535,0.9718479232812768,0.993455384119948
CICIoT2023_R1,123,1.0,Full-Contextual,validation_FPR,0.041102850021179325,0.1451379974326059,0.05018384476348511
CICIoT2023_R1,123,1.0,Random-Budget,validation_F1,0.9445900774090924,0.9333945650970715,0.9504398716848751
CICIoT2023_R1,123,1.0,Random-Budget,validation_PR_AUC,0.9927269164375095,0.987392809044265,0.9934459860877924
CICIoT2023_R1,123,1.0,Random-Budget,validation_FPR,0.0272892228420557,0.04357460523184681,0.033448668259951284
CICIoT2023_R1,123,1.0,Cost-Only,validation_F1,0.9445885739566016,0.9333941479853957,0.9504475588515693
CICIoT2023_R1,123,1.0,Cost-Only,validation_PR_AUC,0.9927266481009758,0.9873922828658712,0.993446023037042
CICIoT2023_R1,123,1.0,Cost-Only,validation_FPR,0.02728717519843127,0.04358167827165567,0.03347827295636959
CICIoT2023_R1,123,1.0,Utility-Only,validation_F1,0.9343191562912221,0.9296775953577272,0.9352491506228764
CICIoT2023_R1,123,1.0,Utility-Only,validation_PR_AUC,0.9928407225890155,0.9881253161485999,0.9942628804877622
CICIoT2023_R1,123,1.0,Utility-Only,validation_FPR,0.011188317077042502,0.032756381137834974,0.005696405648267
CICIoT2023_R1,123,1.0,Utility-Cost-Ratio,validation_F1,0.9343191562912221,0.9296775953577272,0.9352491506228764
CICIoT2023_R1,123,1.0,Utility-Cost-Ratio,validation_PR_AUC,0.9928407225890155,0.9881253161485999,0.9942628804877622
CICIoT2023_R1,123,1.0,Utility-Cost-Ratio,validation_FPR,0.011188317077042502,0.032756381137834974,0.005696405648267
CICIoT2023_R1,123,1.0,CB-Score,validation_F1,0.9448990363594862,0.8894058851191464,0.9493613505676218
CICIoT2023_R1,123,1.0,CB-Score,validation_PR_AUC,0.9929199265116918,0.9863943525718284,0.9935708940277342
CICIoT2023_R1,123,1.0,CB-Score,validation_FPR,0.029860665025079842,0.05265368159425249,0.025960358826443167
CICIoT2023_R1,123,1.0,Historical-DoubleCost,validation_F1,0.9448990363594862,0.8894058851191464,0.9493613505676218
CICIoT2023_R1,123,1.0,Historical-DoubleCost,validation_PR_AUC,0.9929199265116918,0.9863943525718284,0.9935708940277342
CICIoT2023_R1,123,1.0,Historical-DoubleCost,validation_FPR,0.029860665025079842,0.05265368159425249,0.025960358826443167
CICIoT2023_R1,123,1.0,Oort-Style-Adapted,validation_F1,0.9343191562912221,0.9296775953577272,0.9352491506228764
CICIoT2023_R1,123,1.0,Oort-Style-Adapted,validation_PR_AUC,0.9928407225890155,0.9881253161485999,0.9942628804877622
CICIoT2023_R1,123,1.0,Oort-Style-Adapted,validation_FPR,0.011188317077042502,0.032756381137834974,0.005696405648267
CICIoT2023_R1,123,1.0,Oracle-Score-Exact,validation_F1,0.9448990363594862,0.8894058851191464,0.9493613505676218
CICIoT2023_R1,123,1.0,Oracle-Score-Exact,validation_PR_AUC,0.9929199265116918,0.9863943525718284,0.9935708940277342
CICIoT2023_R1,123,1.0,Oracle-Score-Exact,validation_FPR,0.029860665025079842,0.05265368159425249,0.025960358826443167
CICIoT2023_R1,777,0.1,Full-Contextual,validation_F1,0.9366562621971062,0.8906932265165458,0.9536800733239036
CICIoT2023_R1,777,0.1,Full-Contextual,validation_PR_AUC,0.9721571020457545,0.8721809819040689,0.992437733030148
CICIoT2023_R1,777,0.1,Full-Contextual,validation_FPR,0.23849327917648616,0.6913188382796381,0.08744032008547481
CICIoT2023_R1,777,0.1,Random-Budget,validation_F1,0.9130158417242111,0.9249424232349401,0.8558202289330161
CICIoT2023_R1,777,0.1,Random-Budget,validation_PR_AUC,0.9882531496006016,0.9853297275473797,0.9870617967105619
CICIoT2023_R1,777,0.1,Random-Budget,validation_FPR,0.42578821963252966,0.0013959960463454072,0.9999094752163781
CICIoT2023_R1,777,0.1,Cost-Only,validation_F1,0.8558648343095668,0.8579285793899886,0.8558090574155015
CICIoT2023_R1,777,0.1,Cost-Only,validation_PR_AUC,0.9833206044760123,0.9681596615837247,0.9896874936446534
CICIoT2023_R1,777,0.1,Cost-Only,validation_FPR,0.9995275632677801,0.9820474041756474,1.0
CICIoT2023_R1,777,0.1,Utility-Only,validation_F1,0.9371319114338355,0.9353310132820274,0.9477749995736502
CICIoT2023_R1,777,0.1,Utility-Only,validation_PR_AUC,0.9914595157415622,0.9897075010517604,0.9936999998540478
CICIoT2023_R1,777,0.1,Utility-Only,validation_FPR,0.012364641292933177,0.007553787158039874,0.02230108026327774
CICIoT2023_R1,777,0.1,Utility-Cost-Ratio,validation_F1,0.9371319114338355,0.9353310132820274,0.9477749995736502
CICIoT2023_R1,777,0.1,Utility-Cost-Ratio,validation_PR_AUC,0.9914595157415622,0.9897075010517604,0.9936999998540478
CICIoT2023_R1,777,0.1,Utility-Cost-Ratio,validation_FPR,0.012364641292933177,0.007553787158039874,0.02230108026327774
CICIoT2023_R1,777,0.1,CB-Score,validation_F1,0.9456293849113233,0.9382495128695028,0.9502250409077001
CICIoT2023_R1,777,0.1,CB-Score,validation_PR_AUC,0.992241654854665,0.9930376840175041,0.9933250933884847
CICIoT2023_R1,777,0.1,CB-Score,validation_FPR,0.038856451297232766,0.015645823309725176,0.04408711544899498
CICIoT2023_R1,777,0.1,Historical-DoubleCost,validation_F1,0.9456293849113233,0.9382495128695028,0.9502250409077001
CICIoT2023_R1,777,0.1,Historical-DoubleCost,validation_PR_AUC,0.992241654854665,0.9930376840175041,0.9933250933884847
CICIoT2023_R1,777,0.1,Historical-DoubleCost,validation_FPR,0.038856451297232766,0.015645823309725176,0.04408711544899498
CICIoT2023_R1,777,0.1,Oort-Style-Adapted,validation_F1,0.9371319114338355,0.9353310132820274,0.9477749995736502
CICIoT2023_R1,777,0.1,Oort-Style-Adapted,validation_PR_AUC,0.9914595157415622,0.9897075010517604,0.9936999998540478
CICIoT2023_R1,777,0.1,Oort-Style-Adapted,validation_FPR,0.012364641292933177,0.007553787158039874,0.02230108026327774
CICIoT2023_R1,777,0.1,Oracle-Score-Exact,validation_F1,0.9456293849113233,0.9382495128695028,0.9502250409077001
CICIoT2023_R1,777,0.1,Oracle-Score-Exact,validation_PR_AUC,0.992241654854665,0.9930376840175041,0.9933250933884847
CICIoT2023_R1,777,0.1,Oracle-Score-Exact,validation_FPR,0.038856451297232766,0.015645823309725176,0.04408711544899498
CICIoT2023_R1,777,0.2,Full-Contextual,validation_F1,0.9411504761697368,0.8906932265165458,0.955258040688437
CICIoT2023_R1,777,0.2,Full-Contextual,validation_PR_AUC,0.9774383732761419,0.8721809819040689,0.9931164836084876
CICIoT2023_R1,777,0.2,Full-Contextual,validation_FPR,0.19625429465130312,0.6913188382796381,0.0756305961540372
CICIoT2023_R1,777,0.2,Random-Budget,validation_F1,0.9229482502489289,0.9337966195481332,0.8613044592243445
CICIoT2023_R1,777,0.2,Random-Budget,validation_PR_AUC,0.9922305069015425,0.9906561984428819,0.9922352211085219
CICIoT2023_R1,777,0.2,Random-Budget,validation_FPR,0.28121745795204695,0.22456096325891384,0.9549654283942052
CICIoT2023_R1,777,0.2,Cost-Only,validation_F1,0.8658333414761282,0.8644083893616754,0.8558090574155015
CICIoT2023_R1,777,0.2,Cost-Only,validation_PR_AUC,0.9886135637529334,0.9323115614270298,0.9897765342441676
CICIoT2023_R1,777,0.2,Cost-Only,validation_FPR,0.8965886661951381,0.9271264674309776,1.0
CICIoT2023_R1,777,0.2,Utility-Only,validation_F1,0.9347481244030013,0.928391437330857,0.9405263619534483
CICIoT2023_R1,777,0.2,Utility-Only,validation_PR_AUC,0.9915856069873284,0.9878438022136227,0.9931498960819284
CICIoT2023_R1,777,0.2,Utility-Only,validation_FPR,0.007938024584912932,0.007194853417201368,0.021589700046593545
CICIoT2023_R1,777,0.2,Utility-Cost-Ratio,validation_F1,0.9347481244030013,0.928391437330857,0.9405263619534483
CICIoT2023_R1,777,0.2,Utility-Cost-Ratio,validation_PR_AUC,0.9915856069873284,0.9878438022136227,0.9931498960819284
CICIoT2023_R1,777,0.2,Utility-Cost-Ratio,validation_FPR,0.007938024584912932,0.007194853417201368,0.021589700046593545
CICIoT2023_R1,777,0.2,CB-Score,validation_F1,0.9339738818064626,0.9314699650859707,0.9508187985734753
CICIoT2023_R1,777,0.2,CB-Score,validation_PR_AUC,0.9922097692119652,0.9918330344049704,0.9932747404290061
CICIoT2023_R1,777,0.2,CB-Score,validation_FPR,0.11583647272878865,0.006351774877673475,0.04472997444579696
CICIoT2023_R1,777,0.2,Historical-DoubleCost,validation_F1,0.9339738818064626,0.9314699650859707,0.9508187985734753
CICIoT2023_R1,777,0.2,Historical-DoubleCost,validation_PR_AUC,0.9922097692119652,0.9918330344049704,0.9932747404290061
CICIoT2023_R1,777,0.2,Historical-DoubleCost,validation_FPR,0.11583647272878865,0.006351774877673475,0.04472997444579696
CICIoT2023_R1,777,0.2,Oort-Style-Adapted,validation_F1,0.934048588334929,0.8991286376908497,0.9337791690381332
CICIoT2023_R1,777,0.2,Oort-Style-Adapted,validation_PR_AUC,0.9903753015601002,0.9834346093731264,0.99321090511291
CICIoT2023_R1,777,0.2,Oort-Style-Adapted,validation_FPR,0.011151115345864798,0.025224692374190782,0.0054753213775591
CICIoT2023_R1,777,0.2,Oracle-Score-Exact,validation_F1,0.9386561857277536,0.9314699650859707,0.9391942177331353
CICIoT2023_R1,777,0.2,Oracle-Score-Exact,validation_PR_AUC,0.9925576693333137,0.9918330344049704,0.9928794948489676
CICIoT2023_R1,777,0.2,Oracle-Score-Exact,validation_FPR,0.017418787850964505,0.006351774877673475,0.011623449700407658
CICIoT2023_R1,777,0.4,Full-Contextual,validation_F1,0.9477605706723495,0.8906932265165458,0.9556375525125638
CICIoT2023_R1,777,0.4,Full-Contextual,validation_PR_AUC,0.9845599847274501,0.8721809819040689,0.9934087111576337
CICIoT2023_R1,777,0.4,Full-Contextual,validation_FPR,0.13935537096161454,0.6913188382796381,0.06143446366503065
CICIoT2023_R1,777,0.4,Random-Budget,validation_F1,0.9235552187116928,0.9205233962692781,0.9207739964185282
CICIoT2023_R1,777,0.4,Random-Budget,validation_PR_AUC,0.9882601956063519,0.9700044624745002,0.9924784622039368
CICIoT2023_R1,777,0.4,Random-Budget,validation_FPR,0.33164759986699993,0.3600043721820388,0.4660475445671401
CICIoT2023_R1,777,0.4,Cost-Only,validation_F1,0.8939323424174423,0.9366228916239299,0.8947813888169598
CICIoT2023_R1,777,0.4,Cost-Only,validation_PR_AUC,0.9894844735252867,0.9897562596372768,0.9930542839979876
CICIoT2023_R1,777,0.4,Cost-Only,validation_FPR,0.6689152328983444,0.018288209535701535,0.6819658801155722
CICIoT2023_R1,777,0.4,Utility-Only,validation_F1,0.9329586484017824,0.8805121495244889,0.9350533639395153
CICIoT2023_R1,777,0.4,Utility-Only,validation_PR_AUC,0.9915676267812208,0.9885482786086071,0.9937050303415663
CICIoT2023_R1,777,0.4,Utility-Only,validation_FPR,0.006583300063667795,0.004226846405495199,0.007059267514160031
CICIoT2023_R1,777,0.4,Utility-Cost-Ratio,validation_F1,0.9329586484017824,0.8805121495244889,0.9350533639395153
CICIoT2023_R1,777,0.4,Utility-Cost-Ratio,validation_PR_AUC,0.9915676267812208,0.9885482786086071,0.9937050303415663
CICIoT2023_R1,777,0.4,Utility-Cost-Ratio,validation_FPR,0.006583300063667795,0.004226846405495199,0.007059267514160031
CICIoT2023_R1,777,0.4,CB-Score,validation_F1,0.9392394349307195,0.9381304683714833,0.9333755840999608
CICIoT2023_R1,777,0.4,CB-Score,validation_PR_AUC,0.9919876587111907,0.9913680636499893,0.9924001965837722
CICIoT2023_R1,777,0.4,CB-Score,validation_FPR,0.016422628220726956,0.01889624576734307,0.004202126350833661
CICIoT2023_R1,777,0.4,Historical-DoubleCost,validation_F1,0.9391464654519924,0.9381304683714833,0.9337955956303591
CICIoT2023_R1,777,0.4,Historical-DoubleCost,validation_PR_AUC,0.992038464086013,0.9913680636499893,0.9933692324259075
CICIoT2023_R1,777,0.4,Historical-DoubleCost,validation_FPR,0.016269617326607113,0.01889624576734307,0.004460611924287512
CICIoT2023_R1,777,0.4,Oort-Style-Adapted,validation_F1,0.9336618478777059,0.8865180614893057,0.9320740180622332
CICIoT2023_R1,777,0.4,Oort-Style-Adapted,validation_PR_AUC,0.9919436027671549,0.9897056252870962,0.9925311410947834
CICIoT2023_R1,777,0.4,Oort-Style-Adapted,validation_FPR,0.007181409487387642,0.004375514076463836,0.0022218695445167
CICIoT2023_R1,777,0.4,Oracle-Score-Exact,validation_F1,0.9403544580690797,0.9381304683714833,0.9473634086014908
CICIoT2023_R1,777,0.4,Oracle-Score-Exact,validation_PR_AUC,0.9927663849457105,0.9913680636499893,0.992979321299721
CICIoT2023_R1,777,0.4,Oracle-Score-Exact,validation_FPR,0.016072030214482995,0.01889624576734307,0.02913455332047058
CICIoT2023_R1,777,0.6,Full-Contextual,validation_F1,0.9493244507790982,0.8906932265165458,0.9542853881136094
CICIoT2023_R1,777,0.6,Full-Contextual,validation_PR_AUC,0.9863089065151467,0.8721809819040689,0.9934395444510262
CICIoT2023_R1,777,0.6,Full-Contextual,validation_FPR,0.12368725351598092,0.6913188382796381,0.06699772512544232
CICIoT2023_R1,777,0.6,Random-Budget,validation_F1,0.933801870087999,0.9001767779032835,0.9433968176719751
CICIoT2023_R1,777,0.6,Random-Budget,validation_PR_AUC,0.9891681399643326,0.909112480231429,0.993215884764924
CICIoT2023_R1,777,0.6,Random-Budget,validation_FPR,0.19977990076532368,0.5959888232637597,0.20843932072496685
CICIoT2023_R1,777,0.6,Cost-Only,validation_F1,0.9407182679649485,0.8967771369253996,0.946993383626309
CICIoT2023_R1,777,0.6,Cost-Only,validation_PR_AUC,0.9900618419681502,0.9053256771700987,0.9932999369326551
CICIoT2023_R1,777,0.6,Cost-Only,validation_FPR,0.26743584401219733,0.6266129575014756,0.21537863787959693
CICIoT2023_R1,777,0.6,Utility-Only,validation_F1,0.9329893373002258,0.896651674423279,0.9378027020137648
CICIoT2023_R1,777,0.6,Utility-Only,validation_PR_AUC,0.9906182664001569,0.9255663387418117,0.9936370832768032
CICIoT2023_R1,777,0.6,Utility-Only,validation_FPR,0.015799415384804043,0.37842460539854195,0.0083320107919377
CICIoT2023_R1,777,0.6,Utility-Cost-Ratio,validation_F1,0.9329893373002258,0.896651674423279,0.9378027020137648
CICIoT2023_R1,777,0.6,Utility-Cost-Ratio,validation_PR_AUC,0.9906182664001569,0.9255663387418117,0.9936370832768032
CICIoT2023_R1,777,0.6,Utility-Cost-Ratio,validation_FPR,0.015799415384804043,0.37842460539854195,0.0083320107919377
CICIoT2023_R1,777,0.6,CB-Score,validation_F1,0.9338701911217846,0.9378617613696834,0.9330064429647829
CICIoT2023_R1,777,0.6,CB-Score,validation_PR_AUC,0.9926589733118282,0.990685593551311,0.9934710935651914
CICIoT2023_R1,777,0.6,CB-Score,validation_FPR,0.006390097486996576,0.01749263834724438,0.0041775091871549055
CICIoT2023_R1,777,0.6,Historical-DoubleCost,validation_F1,0.9338701911217846,0.9378617613696834,0.9330064429647829
CICIoT2023_R1,777,0.6,Historical-DoubleCost,validation_PR_AUC,0.9926589733118282,0.990685593551311,0.9934710935651914
CICIoT2023_R1,777,0.6,Historical-DoubleCost,validation_FPR,0.006390097486996576,0.01749263834724438,0.0041775091871549055
CICIoT2023_R1,777,0.6,Oort-Style-Adapted,validation_F1,0.9341451190914704,0.8893999527935355,0.9346350124988807
CICIoT2023_R1,777,0.6,Oort-Style-Adapted,validation_PR_AUC,0.9907621981650832,0.9216306281349246,0.993622804006494
CICIoT2023_R1,777,0.6,Oort-Style-Adapted,validation_FPR,0.01818724150417268,0.40263527216213313,0.007027550975969671
CICIoT2023_R1,777,0.6,Oracle-Score-Exact,validation_F1,0.9352790010568925,0.9378617613696834,0.9342651288635896
CICIoT2023_R1,777,0.6,Oracle-Score-Exact,validation_PR_AUC,0.9926113181192077,0.990685593551311,0.9934472101444001
CICIoT2023_R1,777,0.6,Oracle-Score-Exact,validation_FPR,0.01560315312277255,0.01749263834724438,0.005564792797479193
CICIoT2023_R1,777,0.8,Full-Contextual,validation_F1,0.9494712768433683,0.8906932265165458,0.9543631771862788
CICIoT2023_R1,777,0.8,Full-Contextual,validation_PR_AUC,0.9866167040101627,0.8721809819040689,0.9934427297230268
CICIoT2023_R1,777,0.8,Full-Contextual,validation_FPR,0.1215593141123359,0.6913188382796381,0.06373070971323005
CICIoT2023_R1,777,0.8,Random-Budget,validation_F1,0.9411025080907403,0.888328895040693,0.9463849975274523
CICIoT2023_R1,777,0.8,Random-Budget,validation_PR_AUC,0.9883136542549541,0.8783631900077865,0.9931537667705654
CICIoT2023_R1,777,0.8,Random-Budget,validation_FPR,0.1644768476041298,0.7123209754343167,0.19649073432803377
CICIoT2023_R1,777,0.8,Cost-Only,validation_F1,0.9482278940017619,0.8863157568156691,0.9491174738973567
CICIoT2023_R1,777,0.8,Cost-Only,validation_PR_AUC,0.9890914008363905,0.8750697020974886,0.9932204370646543
CICIoT2023_R1,777,0.8,Cost-Only,validation_FPR,0.16714524732621971,0.7244837168654752,0.1757317633703145
CICIoT2023_R1,777,0.8,Utility-Only,validation_F1,0.9342569966300743,0.8983542549721056,0.9450099548526402
CICIoT2023_R1,777,0.8,Utility-Only,validation_PR_AUC,0.9899127485112184,0.8938558027604133,0.9937267547320932
CICIoT2023_R1,777,0.8,Utility-Only,validation_FPR,0.02116255506404873,0.5539060913474497,0.0177749563561339
CICIoT2023_R1,777,0.8,Utility-Cost-Ratio,validation_F1,0.9342569966300743,0.8983542549721056,0.9450099548526402
CICIoT2023_R1,777,0.8,Utility-Cost-Ratio,validation_PR_AUC,0.9899127485112184,0.8938558027604133,0.9937267547320932
CICIoT2023_R1,777,0.8,Utility-Cost-Ratio,validation_FPR,0.02116255506404873,0.5539060913474497,0.0177749563561339
CICIoT2023_R1,777,0.8,CB-Score,validation_F1,0.9318240267129623,0.929131555232238,0.9360854444846335
CICIoT2023_R1,777,0.8,CB-Score,validation_PR_AUC,0.9909426887991825,0.9901204788956877,0.9934976281322082
CICIoT2023_R1,777,0.8,CB-Score,validation_FPR,0.04342617645994099,0.007955813119148253,0.00746148037245392
CICIoT2023_R1,777,0.8,Historical-DoubleCost,validation_F1,0.9318240267129623,0.929131555232238,0.9360854444846335
CICIoT2023_R1,777,0.8,Historical-DoubleCost,validation_PR_AUC,0.9909426887991825,0.9901204788956877,0.9934976281322082
CICIoT2023_R1,777,0.8,Historical-DoubleCost,validation_FPR,0.04342617645994099,0.007955813119148253,0.00746148037245392
CICIoT2023_R1,777,0.8,Oort-Style-Adapted,validation_F1,0.9342572021539985,0.8949555838305838,0.9344510963700078
CICIoT2023_R1,777,0.8,Oort-Style-Adapted,validation_PR_AUC,0.9899078984218589,0.8895496399553923,0.9936310350594142
CICIoT2023_R1,777,0.8,Oort-Style-Adapted,validation_FPR,0.02291535203379576,0.5903360052300265,0.004753570796872534
CICIoT2023_R1,777,0.8,Oracle-Score-Exact,validation_F1,0.9318240267129623,0.929131555232238,0.9360854444846335
CICIoT2023_R1,777,0.8,Oracle-Score-Exact,validation_PR_AUC,0.9909426887991825,0.9901204788956877,0.9934976281322082
CICIoT2023_R1,777,0.8,Oracle-Score-Exact,validation_FPR,0.04342617645994099,0.007955813119148253,0.00746148037245392
CICIoT2023_R1,777,1.0,Full-Contextual,validation_F1,0.9494955730393522,0.8907546585429289,0.9543681425513351
CICIoT2023_R1,777,1.0,Full-Contextual,validation_PR_AUC,0.9866637247957313,0.8723448542955115,0.9934470764361313
CICIoT2023_R1,777,1.0,Full-Contextual,validation_FPR,0.12118627877488918,0.6906863876721885,0.06376723026042666
CICIoT2023_R1,777,1.0,Random-Budget,validation_F1,0.9494806425303695,0.8906989997546025,0.9543666200052376
CICIoT2023_R1,777,1.0,Random-Budget,validation_PR_AUC,0.9866402257917029,0.8721963822478705,0.9934457435893015
CICIoT2023_R1,777,1.0,Random-Budget,validation_FPR,0.12134915410306082,0.6912594020518116,0.06375603184581251
CICIoT2023_R1,777,1.0,Cost-Only,validation_F1,0.9494790938678285,0.8906932265165458,0.9543664620847268
CICIoT2023_R1,777,1.0,Cost-Only,validation_PR_AUC,0.9866377883557564,0.8721809819040689,0.9934456053446515
CICIoT2023_R1,777,1.0,Cost-Only,validation_FPR,0.12136604820190275,0.6913188382796381,0.06375487033132023
CICIoT2023_R1,777,1.0,Utility-Only,validation_F1,0.9331967633781237,0.8906932265165458,0.9345315966099766
CICIoT2023_R1,777,1.0,Utility-Only,validation_PR_AUC,0.9888470979127291,0.8721809819040689,0.993566026322324
CICIoT2023_R1,777,1.0,Utility-Only,validation_FPR,0.02787508131877459,0.6913188382796381,0.0052372639263608
CICIoT2023_R1,777,1.0,Utility-Cost-Ratio,validation_F1,0.9331967633781237,0.8906932265165458,0.9345315966099766
CICIoT2023_R1,777,1.0,Utility-Cost-Ratio,validation_PR_AUC,0.9888470979127291,0.8721809819040689,0.993566026322324
CICIoT2023_R1,777,1.0,Utility-Cost-Ratio,validation_FPR,0.02787508131877459,0.6913188382796381,0.0052372639263608
CICIoT2023_R1,777,1.0,CB-Score,validation_F1,0.9394044381707717,0.9373792764097733,0.9339535554891603
CICIoT2023_R1,777,1.0,CB-Score,validation_PR_AUC,0.992650063487048,0.9891314135759794,0.9932391622908178
CICIoT2023_R1,777,1.0,CB-Score,validation_FPR,0.03345849175319163,0.019294173671266755,0.005750001152815914
CICIoT2023_R1,777,1.0,Historical-DoubleCost,validation_F1,0.9394044381707717,0.9373792764097733,0.9339535554891603
CICIoT2023_R1,777,1.0,Historical-DoubleCost,validation_PR_AUC,0.992650063487048,0.9891314135759794,0.9932391622908178
CICIoT2023_R1,777,1.0,Historical-DoubleCost,validation_FPR,0.03345849175319163,0.019294173671266755,0.005750001152815914
CICIoT2023_R1,777,1.0,Oort-Style-Adapted,validation_F1,0.9331967633781237,0.8906932265165458,0.9345315966099766
CICIoT2023_R1,777,1.0,Oort-Style-Adapted,validation_PR_AUC,0.9888470979127291,0.8721809819040689,0.993566026322324
CICIoT2023_R1,777,1.0,Oort-Style-Adapted,validation_FPR,0.02787508131877459,0.6913188382796381,0.0052372639263608
CICIoT2023_R1,777,1.0,Oracle-Score-Exact,validation_F1,0.9394044381707717,0.9373792764097733,0.9339535554891603
CICIoT2023_R1,777,1.0,Oracle-Score-Exact,validation_PR_AUC,0.992650063487048,0.9891314135759794,0.9932391622908178
CICIoT2023_R1,777,1.0,Oracle-Score-Exact,validation_FPR,0.03345849175319163,0.019294173671266755,0.005750001152815914
CICIoT2023_R1,2026,0.1,Full-Contextual,validation_F1,0.9344067097758638,0.940401409529646,0.9329204982125247
CICIoT2023_R1,2026,0.1,Full-Contextual,validation_PR_AUC,0.9908840596784818,0.9870058469754268,0.9924676067967403
CICIoT2023_R1,2026,0.1,Full-Contextual,validation_FPR,0.016743585738943256,0.03865627260307,0.011781321778414901
CICIoT2023_R1,2026,0.1,Random-Budget,validation_F1,0.9432929739853332,0.8463908634985282,0.9521164800030214
CICIoT2023_R1,2026,0.1,Random-Budget,validation_PR_AUC,0.9931630519725052,0.9884014823161017,0.9939976776689372
CICIoT2023_R1,2026,0.1,Random-Budget,validation_FPR,0.12711812138272735,0.0021215095874885914,0.030745509209778456
CICIoT2023_R1,2026,0.1,Cost-Only,validation_F1,0.9398028235888704,0.9251494244721159,0.9359822560355383
CICIoT2023_R1,2026,0.1,Cost-Only,validation_PR_AUC,0.993027594201974,0.9910628845183426,0.9929671368699121
CICIoT2023_R1,2026,0.1,Cost-Only,validation_FPR,0.2691627911277666,0.40982722726757437,0.3471337908927394
CICIoT2023_R1,2026,0.1,Utility-Only,validation_F1,0.9374931580734128,0.9492247426814066,0.93405038211152
CICIoT2023_R1,2026,0.1,Utility-Only,validation_PR_AUC,0.9927517865776968,0.9927561397254018,0.993328357200294
CICIoT2023_R1,2026,0.1,Utility-Only,validation_FPR,0.017477815175093062,0.054543016999309066,0.0082777465241501
CICIoT2023_R1,2026,0.1,Utility-Cost-Ratio,validation_F1,0.9374931580734128,0.9492247426814066,0.93405038211152
CICIoT2023_R1,2026,0.1,Utility-Cost-Ratio,validation_PR_AUC,0.9927517865776968,0.9927561397254018,0.993328357200294
CICIoT2023_R1,2026,0.1,Utility-Cost-Ratio,validation_FPR,0.017477815175093062,0.054543016999309066,0.0082777465241501
CICIoT2023_R1,2026,0.1,CB-Score,validation_F1,0.9431839840473772,0.9492247426814066,0.9396276745216451
CICIoT2023_R1,2026,0.1,CB-Score,validation_PR_AUC,0.9928402455391924,0.9927561397254018,0.993727025984944
CICIoT2023_R1,2026,0.1,CB-Score,validation_FPR,0.03961398792614996,0.054543016999309066,0.013319997446877719
CICIoT2023_R1,2026,0.1,Historical-DoubleCost,validation_F1,0.9431839840473772,0.9492247426814066,0.9396276745216451
CICIoT2023_R1,2026,0.1,Historical-DoubleCost,validation_PR_AUC,0.9928402455391924,0.9927561397254018,0.993727025984944
CICIoT2023_R1,2026,0.1,Historical-DoubleCost,validation_FPR,0.03961398792614996,0.054543016999309066,0.013319997446877719
CICIoT2023_R1,2026,0.1,Oort-Style-Adapted,validation_F1,0.9363177891262783,0.9352535624373152,0.9383065183462279
CICIoT2023_R1,2026,0.1,Oort-Style-Adapted,validation_PR_AUC,0.9929559633965157,0.9922013751881265,0.9935643421732295
CICIoT2023_R1,2026,0.1,Oort-Style-Adapted,validation_FPR,0.012528489260125572,0.018575251023197105,0.011868740213845666
CICIoT2023_R1,2026,0.1,Oracle-Score-Exact,validation_F1,0.9431839840473772,0.9492247426814066,0.9396276745216451
CICIoT2023_R1,2026,0.1,Oracle-Score-Exact,validation_PR_AUC,0.9928402455391924,0.9927561397254018,0.993727025984944
CICIoT2023_R1,2026,0.1,Oracle-Score-Exact,validation_FPR,0.03961398792614996,0.054543016999309066,0.013319997446877719
CICIoT2023_R1,2026,0.2,Full-Contextual,validation_F1,0.9345394384553151,0.940401409529646,0.9401351743879682
CICIoT2023_R1,2026,0.2,Full-Contextual,validation_PR_AUC,0.9919332314382676,0.9870058469754268,0.9936230569874619
CICIoT2023_R1,2026,0.2,Full-Contextual,validation_FPR,0.014190707660012652,0.03865627260307,0.014976091425121504
CICIoT2023_R1,2026,0.2,Random-Budget,validation_F1,0.9413598957676113,0.9217189984534432,0.9333384605752664
CICIoT2023_R1,2026,0.2,Random-Budget,validation_PR_AUC,0.9925665336737103,0.9860230619600433,0.9937769983640816
CICIoT2023_R1,2026,0.2,Random-Budget,validation_FPR,0.06255978503967168,0.002951382220797027,0.0069618337151797285
CICIoT2023_R1,2026,0.2,Cost-Only,validation_F1,0.9496743731828577,0.890061563519711,0.9521954758032051
CICIoT2023_R1,2026,0.2,Cost-Only,validation_PR_AUC,0.9932468932042026,0.9893531907204639,0.9938318728813206
CICIoT2023_R1,2026,0.2,Cost-Only,validation_FPR,0.13943143064363017,0.1052576898783925,0.18101745034305697
CICIoT2023_R1,2026,0.2,Utility-Only,validation_F1,0.9295786366919945,0.8451369279740562,0.931373663861724
CICIoT2023_R1,2026,0.2,Utility-Only,validation_PR_AUC,0.9916818607648372,0.9888112396809194,0.9934274069235084
CICIoT2023_R1,2026,0.2,Utility-Only,validation_FPR,0.02934172165985013,0.03696922038906397,0.0026520935465723
CICIoT2023_R1,2026,0.2,Utility-Cost-Ratio,validation_F1,0.9305334966665185,0.8451369279740562,0.9362423477380583
CICIoT2023_R1,2026,0.2,Utility-Cost-Ratio,validation_PR_AUC,0.9917533145597025,0.9888112396809194,0.9901251971538595
CICIoT2023_R1,2026,0.2,Utility-Cost-Ratio,validation_FPR,0.03059818324749922,0.03696922038906397,0.01301797125192762
CICIoT2023_R1,2026,0.2,CB-Score,validation_F1,0.9301910835412391,0.8451369279740562,0.9347112749608771
CICIoT2023_R1,2026,0.2,CB-Score,validation_PR_AUC,0.9922717755073175,0.9888112396809194,0.9933521725328083
CICIoT2023_R1,2026,0.2,CB-Score,validation_FPR,0.028861173746747414,0.03696922038906397,0.007522189426995469
CICIoT2023_R1,2026,0.2,Historical-DoubleCost,validation_F1,0.9301910835412391,0.8451369279740562,0.9347112749608771
CICIoT2023_R1,2026,0.2,Historical-DoubleCost,validation_PR_AUC,0.9922717755073175,0.9888112396809194,0.9933521725328083
CICIoT2023_R1,2026,0.2,Historical-DoubleCost,validation_FPR,0.028861173746747414,0.03696922038906397,0.007522189426995469
CICIoT2023_R1,2026,0.2,Oort-Style-Adapted,validation_F1,0.932737474736711,0.930554561459892,0.9367025883922946
CICIoT2023_R1,2026,0.2,Oort-Style-Adapted,validation_PR_AUC,0.9924290652288469,0.9918205683284402,0.9906601682455596
CICIoT2023_R1,2026,0.2,Oort-Style-Adapted,validation_FPR,0.006318444806050642,0.00744917096875836,0.013591697874845916
CICIoT2023_R1,2026,0.2,Oracle-Score-Exact,validation_F1,0.9301910835412391,0.8451369279740562,0.9347112749608771
CICIoT2023_R1,2026,0.2,Oracle-Score-Exact,validation_PR_AUC,0.9922717755073175,0.9888112396809194,0.9933521725328083
CICIoT2023_R1,2026,0.2,Oracle-Score-Exact,validation_FPR,0.028861173746747414,0.03696922038906397,0.007522189426995469
CICIoT2023_R1,2026,0.4,Full-Contextual,validation_F1,0.9374082820042748,0.940401409529646,0.9417300640957526
CICIoT2023_R1,2026,0.4,Full-Contextual,validation_PR_AUC,0.9926416320100676,0.9870058469754268,0.9935070107309097
CICIoT2023_R1,2026,0.4,Full-Contextual,validation_FPR,0.014746374968413696,0.03865627260307,0.012864164892397674
CICIoT2023_R1,2026,0.4,Random-Budget,validation_F1,0.9390252509011717,0.92560210303081,0.9372463972075704
CICIoT2023_R1,2026,0.4,Random-Budget,validation_PR_AUC,0.9931810796809429,0.9902734789399584,0.9939687566112521
CICIoT2023_R1,2026,0.4,Random-Budget,validation_FPR,0.029713603596784044,0.014270336116911541,0.010903459495976174
CICIoT2023_R1,2026,0.4,Cost-Only,validation_F1,0.9506943304728053,0.9301327617267505,0.954828955964574
CICIoT2023_R1,2026,0.4,Cost-Only,validation_PR_AUC,0.9934144705399242,0.9908244949416789,0.993963583430102
CICIoT2023_R1,2026,0.4,Cost-Only,validation_FPR,0.05800575514033425,0.010818728703111766,0.07217142700087784
CICIoT2023_R1,2026,0.4,Utility-Only,validation_F1,0.9313974258541418,0.8731069448787384,0.9351589906076724
CICIoT2023_R1,2026,0.4,Utility-Only,validation_PR_AUC,0.9934732176819878,0.990302153376072,0.9939487782776348
CICIoT2023_R1,2026,0.4,Utility-Only,validation_FPR,0.005365199822111507,0.0045213501557439485,0.006670417101985
CICIoT2023_R1,2026,0.4,Utility-Cost-Ratio,validation_F1,0.9313974258541418,0.8731069448787384,0.9351589906076724
CICIoT2023_R1,2026,0.4,Utility-Cost-Ratio,validation_PR_AUC,0.9934732176819878,0.990302153376072,0.9939487782776348
CICIoT2023_R1,2026,0.4,Utility-Cost-Ratio,validation_FPR,0.005365199822111507,0.0045213501557439485,0.006670417101985
CICIoT2023_R1,2026,0.4,CB-Score,validation_F1,0.931014857541113,0.8689922459623223,0.9318986121128593
CICIoT2023_R1,2026,0.4,CB-Score,validation_PR_AUC,0.993529841379564,0.9904014889625393,0.993708378530841
CICIoT2023_R1,2026,0.4,CB-Score,validation_FPR,0.005452808019584947,0.0034539709938728063,0.004560022429891712
CICIoT2023_R1,2026,0.4,Historical-DoubleCost,validation_F1,0.931014857541113,0.8689922459623223,0.9318986121128593
CICIoT2023_R1,2026,0.4,Historical-DoubleCost,validation_PR_AUC,0.993529841379564,0.9904014889625393,0.993708378530841
CICIoT2023_R1,2026,0.4,Historical-DoubleCost,validation_FPR,0.005452808019584947,0.0034539709938728063,0.004560022429891712
CICIoT2023_R1,2026,0.4,Oort-Style-Adapted,validation_F1,0.9330732038895366,0.9288383684704359,0.9341406456140912
CICIoT2023_R1,2026,0.4,Oort-Style-Adapted,validation_PR_AUC,0.9936418634325301,0.9906074132474479,0.9940879018568213
CICIoT2023_R1,2026,0.4,Oort-Style-Adapted,validation_FPR,0.00627002739826294,0.008480327088159404,0.006871250534218602
CICIoT2023_R1,2026,0.4,Oracle-Score-Exact,validation_F1,0.931014857541113,0.8689922459623223,0.9318986121128593
CICIoT2023_R1,2026,0.4,Oracle-Score-Exact,validation_PR_AUC,0.993529841379564,0.9904014889625393,0.993708378530841
CICIoT2023_R1,2026,0.4,Oracle-Score-Exact,validation_FPR,0.005452808019584947,0.0034539709938728063,0.004560022429891712
CICIoT2023_R1,2026,0.6,Full-Contextual,validation_F1,0.9384048980656037,0.940401409529646,0.9438993046505778
CICIoT2023_R1,2026,0.6,Full-Contextual,validation_PR_AUC,0.9928199963223824,0.9870058469754268,0.9938337461732806
CICIoT2023_R1,2026,0.6,Full-Contextual,validation_FPR,0.014777533409417832,0.03865627260307,0.015238230229444078
CICIoT2023_R1,2026,0.6,Random-Budget,validation_F1,0.9423499403955563,0.9344332997817281,0.9537955181158387
CICIoT2023_R1,2026,0.6,Random-Budget,validation_PR_AUC,0.993350108310782,0.9888429810883739,0.993973981195647
CICIoT2023_R1,2026,0.6,Random-Budget,validation_FPR,0.022131487910016803,0.024179090385747493,0.049641245649907934
CICIoT2023_R1,2026,0.6,Cost-Only,validation_F1,0.9466476717384364,0.9269152206051376,0.9326892266256159
CICIoT2023_R1,2026,0.6,Cost-Only,validation_PR_AUC,0.9934108969598998,0.9892902430186032,0.9936653656405943
CICIoT2023_R1,2026,0.6,Cost-Only,validation_FPR,0.02537443848942653,0.010139637364376496,0.004622196838169765
CICIoT2023_R1,2026,0.6,Utility-Only,validation_F1,0.9327421518592395,0.9333926890795082,0.9341600486969324
CICIoT2023_R1,2026,0.6,Utility-Only,validation_PR_AUC,0.9933842449384997,0.9861907977589693,0.9940436286563324
CICIoT2023_R1,2026,0.6,Utility-Only,validation_FPR,0.007181297347354447,0.04969876226939143,0.0071526159286345
CICIoT2023_R1,2026,0.6,Utility-Cost-Ratio,validation_F1,0.9327421518592395,0.9333926890795082,0.9341600486969324
CICIoT2023_R1,2026,0.6,Utility-Cost-Ratio,validation_PR_AUC,0.9933842449384997,0.9861907977589693,0.9940436286563324
CICIoT2023_R1,2026,0.6,Utility-Cost-Ratio,validation_FPR,0.007181297347354447,0.04969876226939143,0.0071526159286345
CICIoT2023_R1,2026,0.6,CB-Score,validation_F1,0.9329759660898898,0.9344652591653912,0.93211110604817
CICIoT2023_R1,2026,0.6,CB-Score,validation_PR_AUC,0.993321429288451,0.9873671196595705,0.9936526255163378
CICIoT2023_R1,2026,0.6,CB-Score,validation_FPR,0.0074556852753495766,0.04509318140749912,0.004473078536802767
CICIoT2023_R1,2026,0.6,Historical-DoubleCost,validation_F1,0.9329759660898898,0.9344652591653912,0.93211110604817
CICIoT2023_R1,2026,0.6,Historical-DoubleCost,validation_PR_AUC,0.993321429288451,0.9873671196595705,0.9936526255163378
CICIoT2023_R1,2026,0.6,Historical-DoubleCost,validation_FPR,0.0074556852753495766,0.04509318140749912,0.004473078536802767
CICIoT2023_R1,2026,0.6,Oort-Style-Adapted,validation_F1,0.9326331020369949,0.9341953448373908,0.9323879141895479
CICIoT2023_R1,2026,0.6,Oort-Style-Adapted,validation_PR_AUC,0.9934275695721395,0.9881731304644336,0.9937973586595884
CICIoT2023_R1,2026,0.6,Oort-Style-Adapted,validation_FPR,0.006498009931262883,0.03775662779692928,0.004672660324407995
CICIoT2023_R1,2026,0.6,Oracle-Score-Exact,validation_F1,0.9346353686964752,0.9344652591653912,0.9328656418732775
CICIoT2023_R1,2026,0.6,Oracle-Score-Exact,validation_PR_AUC,0.9933118060419158,0.9873671196595705,0.993846894010228
CICIoT2023_R1,2026,0.6,Oracle-Score-Exact,validation_FPR,0.009738400008440461,0.04509318140749912,0.004986446638989355
CICIoT2023_R1,2026,0.8,Full-Contextual,validation_F1,0.9386937714523135,0.940401409529646,0.9451508327698437
CICIoT2023_R1,2026,0.8,Full-Contextual,validation_PR_AUC,0.9928762385429035,0.9870058469754268,0.993867395689258
CICIoT2023_R1,2026,0.8,Full-Contextual,validation_FPR,0.014820273039878179,0.03865627260307,0.017260000001139107
CICIoT2023_R1,2026,0.8,Random-Budget,validation_F1,0.9405666637430318,0.9383763886684026,0.9481265601929227
CICIoT2023_R1,2026,0.8,Random-Budget,validation_PR_AUC,0.9931560732715734,0.9876475585517025,0.9937456746805896
CICIoT2023_R1,2026,0.8,Random-Budget,validation_FPR,0.017163944116064513,0.034140123545203266,0.02565522067607729
CICIoT2023_R1,2026,0.8,Cost-Only,validation_F1,0.9420336751215967,0.9406745150914748,0.946201794163482
CICIoT2023_R1,2026,0.8,Cost-Only,validation_PR_AUC,0.9930817906318266,0.9873723743551709,0.9937646621508162
CICIoT2023_R1,2026,0.8,Cost-Only,validation_FPR,0.01935160546537734,0.044799941931702905,0.0189243632148512
CICIoT2023_R1,2026,0.8,Utility-Only,validation_F1,0.9326850604122203,0.9377922176463978,0.9324116217517233
CICIoT2023_R1,2026,0.8,Utility-Only,validation_PR_AUC,0.993315748226887,0.9865449076195725,0.9938885050790257
CICIoT2023_R1,2026,0.8,Utility-Only,validation_FPR,0.007543000966538308,0.0678198933768204,0.005205067195239663
CICIoT2023_R1,2026,0.8,Utility-Cost-Ratio,validation_F1,0.9326850604122203,0.9377922176463978,0.9324116217517233
CICIoT2023_R1,2026,0.8,Utility-Cost-Ratio,validation_PR_AUC,0.993315748226887,0.9865449076195725,0.9938885050790257
CICIoT2023_R1,2026,0.8,Utility-Cost-Ratio,validation_FPR,0.007543000966538308,0.0678198933768204,0.005205067195239663
CICIoT2023_R1,2026,0.8,CB-Score,validation_F1,0.9328146278686954,0.9378314321924514,0.9320035710285629
CICIoT2023_R1,2026,0.8,CB-Score,validation_PR_AUC,0.9930669053191973,0.9802747007016752,0.9940176228259003
CICIoT2023_R1,2026,0.8,CB-Score,validation_FPR,0.00853826385106695,0.07553663841334664,0.004028396959262321
CICIoT2023_R1,2026,0.8,Historical-DoubleCost,validation_F1,0.9328146278686954,0.9378314321924514,0.9320035710285629
CICIoT2023_R1,2026,0.8,Historical-DoubleCost,validation_PR_AUC,0.9930669053191973,0.9802747007016752,0.9940176228259003
CICIoT2023_R1,2026,0.8,Historical-DoubleCost,validation_FPR,0.00853826385106695,0.07553663841334664,0.004028396959262321
CICIoT2023_R1,2026,0.8,Oort-Style-Adapted,validation_F1,0.9327013028758661,0.9371608727906918,0.9342017699115044
CICIoT2023_R1,2026,0.8,Oort-Style-Adapted,validation_PR_AUC,0.9933692595283538,0.9879174455828126,0.9940572325912952
CICIoT2023_R1,2026,0.8,Oort-Style-Adapted,validation_FPR,0.006484215163858166,0.02947947576675935,0.006348951217552
CICIoT2023_R1,2026,0.8,Oracle-Score-Exact,validation_F1,0.9341375074266302,0.9378314321924514,0.9323366149987686
CICIoT2023_R1,2026,0.8,Oracle-Score-Exact,validation_PR_AUC,0.9931072536513871,0.9802747007016752,0.99396910373558
CICIoT2023_R1,2026,0.8,Oracle-Score-Exact,validation_FPR,0.00993647986014441,0.07553663841334664,0.004302910694198849
CICIoT2023_R1,2026,1.0,Full-Contextual,validation_F1,0.9391306220204967,0.9403919734566204,0.9451673917569061
CICIoT2023_R1,2026,1.0,Full-Contextual,validation_PR_AUC,0.9929376968985117,0.9870121801251732,0.99382579264501
CICIoT2023_R1,2026,1.0,Full-Contextual,validation_FPR,0.014976872053292765,0.03861643996991746,0.016918909322076802
CICIoT2023_R1,2026,1.0,Random-Budget,validation_F1,0.9391213286153224,0.9404005227602604,0.9451781346486199
CICIoT2023_R1,2026,1.0,Random-Budget,validation_PR_AUC,0.9929355053038209,0.9870064421428545,0.9938267302522332
CICIoT2023_R1,2026,1.0,Random-Budget,validation_FPR,0.0149746987050471,0.038652529270485236,0.01697201597554597
CICIoT2023_R1,2026,1.0,Cost-Only,validation_F1,0.939120364725549,0.940401409529646,0.9451792488709123
CICIoT2023_R1,2026,1.0,Cost-Only,validation_PR_AUC,0.9929352779894085,0.9870058469754268,0.9938268274981981
CICIoT2023_R1,2026,1.0,Cost-Only,validation_FPR,0.0149744733132656,0.03865627260307,0.016977524047185402
CICIoT2023_R1,2026,1.0,Utility-Only,validation_F1,0.9326629042163173,0.940401409529646,0.9343073960810964
CICIoT2023_R1,2026,1.0,Utility-Only,validation_PR_AUC,0.9933087249690753,0.9870058469754268,0.9941434929304164
CICIoT2023_R1,2026,1.0,Utility-Only,validation_FPR,0.006722563106180267,0.03865627260307,0.006348951217552
CICIoT2023_R1,2026,1.0,Utility-Cost-Ratio,validation_F1,0.9326629042163173,0.940401409529646,0.9343073960810964
CICIoT2023_R1,2026,1.0,Utility-Cost-Ratio,validation_PR_AUC,0.9933087249690753,0.9870058469754268,0.9941434929304164
CICIoT2023_R1,2026,1.0,Utility-Cost-Ratio,validation_FPR,0.006722563106180267,0.03865627260307,0.006348951217552
CICIoT2023_R1,2026,1.0,CB-Score,validation_F1,0.9395736558818057,0.9410256891881554,0.9452625582638094
CICIoT2023_R1,2026,1.0,CB-Score,validation_PR_AUC,0.9931074964996861,0.9854804563124034,0.9938726045188834
CICIoT2023_R1,2026,1.0,CB-Score,validation_FPR,0.015773405080675654,0.0652434268424581,0.016044474755139516
CICIoT2023_R1,2026,1.0,Historical-DoubleCost,validation_F1,0.9395736558818057,0.9410256891881554,0.9452625582638094
CICIoT2023_R1,2026,1.0,Historical-DoubleCost,validation_PR_AUC,0.9931074964996861,0.9854804563124034,0.9938726045188834
CICIoT2023_R1,2026,1.0,Historical-DoubleCost,validation_FPR,0.015773405080675654,0.0652434268424581,0.016044474755139516
CICIoT2023_R1,2026,1.0,Oort-Style-Adapted,validation_F1,0.9326629042163173,0.940401409529646,0.9343073960810964
CICIoT2023_R1,2026,1.0,Oort-Style-Adapted,validation_PR_AUC,0.9933087249690753,0.9870058469754268,0.9941434929304164
CICIoT2023_R1,2026,1.0,Oort-Style-Adapted,validation_FPR,0.006722563106180267,0.03865627260307,0.006348951217552
CICIoT2023_R1,2026,1.0,Oracle-Score-Exact,validation_F1,0.9395736558818057,0.9410256891881554,0.9452625582638094
CICIoT2023_R1,2026,1.0,Oracle-Score-Exact,validation_PR_AUC,0.9931074964996861,0.9854804563124034,0.9938726045188834
CICIoT2023_R1,2026,1.0,Oracle-Score-Exact,validation_FPR,0.015773405080675654,0.0652434268424581,0.016044474755139516
CICIoT2023_R1,3407,0.1,Full-Contextual,validation_F1,0.9466937727189638,0.943430885484073,0.9534892749458886
CICIoT2023_R1,3407,0.1,Full-Contextual,validation_PR_AUC,0.9906499457668746,0.9862136114411733,0.9928428553361911
CICIoT2023_R1,3407,0.1,Full-Contextual,validation_FPR,0.048482523284908624,0.0429321036730799,0.06812100601009276
CICIoT2023_R1,3407,0.1,Random-Budget,validation_F1,0.878872722267749,0.8248686197052916,0.9148455036677511
CICIoT2023_R1,3407,0.1,Random-Budget,validation_PR_AUC,0.9874484200360873,0.8954569879640428,0.9937359398675738
CICIoT2023_R1,3407,0.1,Random-Budget,validation_FPR,0.7412829135944395,0.5944505273664413,0.5187608732844664
CICIoT2023_R1,3407,0.1,Cost-Only,validation_F1,0.8720167736471658,0.792154734187048,0.8743637825641007
CICIoT2023_R1,3407,0.1,Cost-Only,validation_PR_AUC,0.9886826553350511,0.9807284906815805,0.9916738203856341
CICIoT2023_R1,3407,0.1,Cost-Only,validation_FPR,0.5201210039486204,0.0,0.8516941095203787
CICIoT2023_R1,3407,0.1,Utility-Only,validation_F1,0.893807688332393,0.7887909284985627,0.9219218468918648
CICIoT2023_R1,3407,0.1,Utility-Only,validation_PR_AUC,0.9912631301867197,0.9865640524442738,0.9928457652939852
CICIoT2023_R1,3407,0.1,Utility-Only,validation_FPR,0.3037102302275244,0.003446396676978411,0.4553188106217204
CICIoT2023_R1,3407,0.1,Utility-Cost-Ratio,validation_F1,0.893807688332393,0.7887909284985627,0.9219218468918648
CICIoT2023_R1,3407,0.1,Utility-Cost-Ratio,validation_PR_AUC,0.9912631301867197,0.9865640524442738,0.9928457652939852
CICIoT2023_R1,3407,0.1,Utility-Cost-Ratio,validation_FPR,0.3037102302275244,0.003446396676978411,0.4553188106217204
CICIoT2023_R1,3407,0.1,CB-Score,validation_F1,0.9073849627161956,0.7887909284985627,0.8721993746471086
CICIoT2023_R1,3407,0.1,CB-Score,validation_PR_AUC,0.992277900077759,0.9865640524442738,0.9920249782024405
CICIoT2023_R1,3407,0.1,CB-Score,validation_FPR,0.4287069637120728,0.003446396676978411,0.8679540321898059
CICIoT2023_R1,3407,0.1,Historical-DoubleCost,validation_F1,0.9073849627161956,0.7887909284985627,0.8721993746471086
CICIoT2023_R1,3407,0.1,Historical-DoubleCost,validation_PR_AUC,0.992277900077759,0.9865640524442738,0.9920249782024405
CICIoT2023_R1,3407,0.1,Historical-DoubleCost,validation_FPR,0.4287069637120728,0.003446396676978411,0.8679540321898059
CICIoT2023_R1,3407,0.1,Oort-Style-Adapted,validation_F1,0.9085762728017808,0.8755065209633639,0.9116999702162157
CICIoT2023_R1,3407,0.1,Oort-Style-Adapted,validation_PR_AUC,0.9914062281842817,0.9887634950121204,0.9924083066780772
CICIoT2023_R1,3407,0.1,Oort-Style-Adapted,validation_FPR,0.12437018338267837,0.8356210419936426,0.0020906591165256736
CICIoT2023_R1,3407,0.1,Oracle-Score-Exact,validation_F1,0.9073849627161956,0.7887909284985627,0.8721993746471086
CICIoT2023_R1,3407,0.1,Oracle-Score-Exact,validation_PR_AUC,0.992277900077759,0.9865640524442738,0.9920249782024405
CICIoT2023_R1,3407,0.1,Oracle-Score-Exact,validation_FPR,0.4287069637120728,0.003446396676978411,0.8679540321898059
CICIoT2023_R1,3407,0.2,Full-Contextual,validation_F1,0.9491540663335079,0.943430885484073,0.9504773125528796
CICIoT2023_R1,3407,0.2,Full-Contextual,validation_PR_AUC,0.9916496075419637,0.9862136114411733,0.9931935903425707
CICIoT2023_R1,3407,0.2,Full-Contextual,validation_FPR,0.07393265039261585,0.0429321036730799,0.16659862597323238
CICIoT2023_R1,3407,0.2,Random-Budget,validation_F1,0.9033019549215621,0.892134682520871,0.9330503732415248
CICIoT2023_R1,3407,0.2,Random-Budget,validation_PR_AUC,0.9922171569517434,0.9916228911779678,0.9937156821523483
CICIoT2023_R1,3407,0.2,Random-Budget,validation_FPR,0.4760563938631727,0.7057640626937558,0.36766034550205823
CICIoT2023_R1,3407,0.2,Cost-Only,validation_F1,0.8798989390507551,0.8636715583834241,0.8569956482834927
CICIoT2023_R1,3407,0.2,Cost-Only,validation_PR_AUC,0.9920697417563348,0.9884318295106845,0.9932136366114741
CICIoT2023_R1,3407,0.2,Cost-Only,validation_FPR,0.7119909391651482,0.0047983619245667965,0.9916901563288437
CICIoT2023_R1,3407,0.2,Utility-Only,validation_F1,0.9287313121845154,0.9324314991502943,0.9323694229370748
CICIoT2023_R1,3407,0.2,Utility-Only,validation_PR_AUC,0.9912144805706817,0.9919639378513019,0.9934539459657152
CICIoT2023_R1,3407,0.2,Utility-Only,validation_FPR,0.00733620235746454,0.00747782825465449,0.0011925584353633
CICIoT2023_R1,3407,0.2,Utility-Cost-Ratio,validation_F1,0.9287313121845154,0.9324314991502943,0.9323694229370748
CICIoT2023_R1,3407,0.2,Utility-Cost-Ratio,validation_PR_AUC,0.9912144805706817,0.9919639378513019,0.9934539459657152
CICIoT2023_R1,3407,0.2,Utility-Cost-Ratio,validation_FPR,0.00733620235746454,0.00747782825465449,0.0011925584353633
CICIoT2023_R1,3407,0.2,CB-Score,validation_F1,0.9118071856729493,0.7972292858214742,0.9395959203153128
CICIoT2023_R1,3407,0.2,CB-Score,validation_PR_AUC,0.9889128273511125,0.9877652534178083,0.9917514221072935
CICIoT2023_R1,3407,0.2,CB-Score,validation_FPR,0.17871869159157217,0.000476897802142078,0.00970262503188275
CICIoT2023_R1,3407,0.2,Historical-DoubleCost,validation_F1,0.9118071856729493,0.7972292858214742,0.9395959203153128
CICIoT2023_R1,3407,0.2,Historical-DoubleCost,validation_PR_AUC,0.9889128273511125,0.9877652534178083,0.9917514221072935
CICIoT2023_R1,3407,0.2,Historical-DoubleCost,validation_FPR,0.17871869159157217,0.000476897802142078,0.00970262503188275
CICIoT2023_R1,3407,0.2,Oort-Style-Adapted,validation_F1,0.9224300354025522,0.8314866716893787,0.9304894963232367
CICIoT2023_R1,3407,0.2,Oort-Style-Adapted,validation_PR_AUC,0.9898396616885398,0.9527821997307362,0.9886542199602979
CICIoT2023_R1,3407,0.2,Oort-Style-Adapted,validation_FPR,0.017932956556195357,0.6406661166793844,0.0
CICIoT2023_R1,3407,0.2,Oracle-Score-Exact,validation_F1,0.9202030128946,0.860976049647138,0.9323815216375166
CICIoT2023_R1,3407,0.2,Oracle-Score-Exact,validation_PR_AUC,0.9896702451203585,0.9848027062132302,0.993046959925527
CICIoT2023_R1,3407,0.2,Oracle-Score-Exact,validation_FPR,0.17932996617992011,0.0006808079486881637,0.3206866922751808
CICIoT2023_R1,3407,0.4,Full-Contextual,validation_F1,0.9485379592803238,0.943430885484073,0.9453436789523183
CICIoT2023_R1,3407,0.4,Full-Contextual,validation_PR_AUC,0.9922347113415005,0.9862136114411733,0.9929771277701281
CICIoT2023_R1,3407,0.4,Full-Contextual,validation_FPR,0.12846804299995473,0.0429321036730799,0.24804389232259377
CICIoT2023_R1,3407,0.4,Random-Budget,validation_F1,0.918613368645246,0.8632203128173279,0.931070843147177
CICIoT2023_R1,3407,0.4,Random-Budget,validation_PR_AUC,0.9918731185418178,0.9903290144154228,0.9933864994269342
CICIoT2023_R1,3407,0.4,Random-Budget,validation_FPR,0.2649370016092391,0.024792045945012366,0.34439132943168416
CICIoT2023_R1,3407,0.4,Cost-Only,validation_F1,0.8822617687216503,0.8178114734821758,0.8796408676425976
CICIoT2023_R1,3407,0.4,Cost-Only,validation_PR_AUC,0.9925574399218775,0.9887888601549318,0.9933540351646218
CICIoT2023_R1,3407,0.4,Cost-Only,validation_FPR,0.6938240080350732,0.07492009107019539,0.8053667727702208
CICIoT2023_R1,3407,0.4,Utility-Only,validation_F1,0.9291914768822579,0.8636407371963204,0.9322771403184179
CICIoT2023_R1,3407,0.4,Utility-Only,validation_PR_AUC,0.9909286930439729,0.9855695139346727,0.9927801120832861
CICIoT2023_R1,3407,0.4,Utility-Only,validation_FPR,0.0009434384904608616,0.0023685747653446245,0.000711509672262934
CICIoT2023_R1,3407,0.4,Utility-Cost-Ratio,validation_F1,0.9291914768822579,0.8636407371963204,0.9322771403184179
CICIoT2023_R1,3407,0.4,Utility-Cost-Ratio,validation_PR_AUC,0.9909286930439729,0.9855695139346727,0.9927801120832861
CICIoT2023_R1,3407,0.4,Utility-Cost-Ratio,validation_FPR,0.0009434384904608616,0.0023685747653446245,0.000711509672262934
CICIoT2023_R1,3407,0.4,CB-Score,validation_F1,0.9208933277827702,0.8861313479125066,0.9321099271461324
CICIoT2023_R1,3407,0.4,CB-Score,validation_PR_AUC,0.9880428958994373,0.9899183121455869,0.9921073064322163
CICIoT2023_R1,3407,0.4,CB-Score,validation_FPR,0.0008764509976173127,0.015090787101849204,0.00036355258826199126
CICIoT2023_R1,3407,0.4,Historical-DoubleCost,validation_F1,0.9208933277827702,0.8861313479125066,0.9321099271461324
CICIoT2023_R1,3407,0.4,Historical-DoubleCost,validation_PR_AUC,0.9880428958994373,0.9899183121455869,0.9921073064322163
CICIoT2023_R1,3407,0.4,Historical-DoubleCost,validation_FPR,0.0008764509976173127,0.015090787101849204,0.00036355258826199126
CICIoT2023_R1,3407,0.4,Oort-Style-Adapted,validation_F1,0.924991042783526,0.8712613582159208,0.9323732801026592
CICIoT2023_R1,3407,0.4,Oort-Style-Adapted,validation_PR_AUC,0.9893083933735307,0.9027628257856596,0.9935683544959172
CICIoT2023_R1,3407,0.4,Oort-Style-Adapted,validation_FPR,0.01547996280208138,0.533515696113109,0.0013515662267451
CICIoT2023_R1,3407,0.4,Oracle-Score-Exact,validation_F1,0.9208933277827702,0.8861313479125066,0.9321099271461324
CICIoT2023_R1,3407,0.4,Oracle-Score-Exact,validation_PR_AUC,0.9880428958994373,0.9899183121455869,0.9921073064322163
CICIoT2023_R1,3407,0.4,Oracle-Score-Exact,validation_FPR,0.0008764509976173127,0.015090787101849204,0.00036355258826199126
CICIoT2023_R1,3407,0.6,Full-Contextual,validation_F1,0.9483887239402928,0.943430885484073,0.9468491312884255
CICIoT2023_R1,3407,0.6,Full-Contextual,validation_PR_AUC,0.9922708930813351,0.9862136114411733,0.9928127742357109
CICIoT2023_R1,3407,0.6,Full-Contextual,validation_FPR,0.1350334021692578,0.0429321036730799,0.23206524206365042
CICIoT2023_R1,3407,0.6,Random-Budget,validation_F1,0.9386583673112282,0.9177279960683173,0.9292788841330601
CICIoT2023_R1,3407,0.6,Random-Budget,validation_PR_AUC,0.9922097902520974,0.9723144271397318,0.9925952290532177
CICIoT2023_R1,3407,0.6,Random-Budget,validation_FPR,0.1795202243538051,0.19069289688465402,0.13167534825354685
CICIoT2023_R1,3407,0.6,Cost-Only,validation_F1,0.9249025626699189,0.9085977437059821,0.8975847758200622
CICIoT2023_R1,3407,0.6,Cost-Only,validation_PR_AUC,0.9926862746473671,0.9871333154633872,0.9932725121815982
CICIoT2023_R1,3407,0.6,Cost-Only,validation_FPR,0.35543169282011927,0.041847487097827804,0.6444069093986953
CICIoT2023_R1,3407,0.6,Utility-Only,validation_F1,0.9184274292864774,0.9243557909152673,0.9317278475021574
CICIoT2023_R1,3407,0.6,Utility-Only,validation_PR_AUC,0.9900202027329361,0.990061785710538,0.9896002211130533
CICIoT2023_R1,3407,0.6,Utility-Only,validation_FPR,0.003171602307308641,0.06219864221243345,0.0003231045844519345
CICIoT2023_R1,3407,0.6,Utility-Cost-Ratio,validation_F1,0.9184274292864774,0.9243557909152673,0.9317278475021574
CICIoT2023_R1,3407,0.6,Utility-Cost-Ratio,validation_PR_AUC,0.9900202027329361,0.990061785710538,0.9896002211130533
CICIoT2023_R1,3407,0.6,Utility-Cost-Ratio,validation_FPR,0.003171602307308641,0.06219864221243345,0.0003231045844519345
CICIoT2023_R1,3407,0.6,CB-Score,validation_F1,0.9229795973173542,0.9243557909152673,0.9329857441506032
CICIoT2023_R1,3407,0.6,CB-Score,validation_PR_AUC,0.991479813749678,0.990061785710538,0.9897126581026567
CICIoT2023_R1,3407,0.6,CB-Score,validation_FPR,0.005098178650532025,0.06219864221243345,0.0025193362501250496
CICIoT2023_R1,3407,0.6,Historical-DoubleCost,validation_F1,0.9229795973173542,0.9243557909152673,0.9329857441506032
CICIoT2023_R1,3407,0.6,Historical-DoubleCost,validation_PR_AUC,0.991479813749678,0.990061785710538,0.9897126581026567
CICIoT2023_R1,3407,0.6,Historical-DoubleCost,validation_FPR,0.005098178650532025,0.06219864221243345,0.0025193362501250496
CICIoT2023_R1,3407,0.6,Oort-Style-Adapted,validation_F1,0.9154017305433709,0.9243557909152673,0.9331776898328732
CICIoT2023_R1,3407,0.6,Oort-Style-Adapted,validation_PR_AUC,0.9907309809039085,0.990061785710538,0.9936389610035566
CICIoT2023_R1,3407,0.6,Oort-Style-Adapted,validation_FPR,0.0214849131118655,0.06219864221243345,0.0038161869931626
CICIoT2023_R1,3407,0.6,Oracle-Score-Exact,validation_F1,0.9229795973173542,0.9243557909152673,0.9329857441506032
CICIoT2023_R1,3407,0.6,Oracle-Score-Exact,validation_PR_AUC,0.991479813749678,0.990061785710538,0.9897126581026567
CICIoT2023_R1,3407,0.6,Oracle-Score-Exact,validation_FPR,0.005098178650532025,0.06219864221243345,0.0025193362501250496
CICIoT2023_R1,3407,0.8,Full-Contextual,validation_F1,0.9477285608512114,0.943430885484073,0.9384159858116459
CICIoT2023_R1,3407,0.8,Full-Contextual,validation_PR_AUC,0.9923387514832394,0.9862136114411733,0.99310382456192
CICIoT2023_R1,3407,0.8,Full-Contextual,validation_FPR,0.15019314160223612,0.0429321036730799,0.30983637359510885
CICIoT2023_R1,3407,0.8,Random-Budget,validation_F1,0.9438571266627226,0.9382941435269928,0.9238865386248963
CICIoT2023_R1,3407,0.8,Random-Budget,validation_PR_AUC,0.9925013239463619,0.9873833441792362,0.9933459980934863
CICIoT2023_R1,3407,0.8,Random-Budget,validation_FPR,0.19840805066234204,0.12403199495000561,0.43852428535637067
CICIoT2023_R1,3407,0.8,Cost-Only,validation_F1,0.94474776203135,0.9398294445226197,0.9390858311939557
CICIoT2023_R1,3407,0.8,Cost-Only,validation_PR_AUC,0.9926727250951157,0.987067364591988,0.9933074946051028
CICIoT2023_R1,3407,0.8,Cost-Only,validation_FPR,0.19272723423466134,0.041670638112876045,0.3024265568961749
CICIoT2023_R1,3407,0.8,Utility-Only,validation_F1,0.9169174986449792,0.8325282115795576,0.9324721247896884
CICIoT2023_R1,3407,0.8,Utility-Only,validation_PR_AUC,0.9905620892825056,0.989728655769914,0.9934092932185098
CICIoT2023_R1,3407,0.8,Utility-Only,validation_FPR,0.0016526904744768897,0.00804502054578107,0.0010335506439815
CICIoT2023_R1,3407,0.8,Utility-Cost-Ratio,validation_F1,0.9169174986449792,0.8325282115795576,0.9324721247896884
CICIoT2023_R1,3407,0.8,Utility-Cost-Ratio,validation_PR_AUC,0.9905620892825056,0.989728655769914,0.9934092932185098
CICIoT2023_R1,3407,0.8,Utility-Cost-Ratio,validation_FPR,0.0016526904744768897,0.00804502054578107,0.0010335506439815
CICIoT2023_R1,3407,0.8,CB-Score,validation_F1,0.9271280250539126,0.8457062799814742,0.9482542853643998
CICIoT2023_R1,3407,0.8,CB-Score,validation_PR_AUC,0.988890370444425,0.9530415579337791,0.9930746533454612
CICIoT2023_R1,3407,0.8,CB-Score,validation_FPR,0.14944464726138182,0.466382126520561,0.21383211117715945
CICIoT2023_R1,3407,0.8,Historical-DoubleCost,validation_F1,0.9271280250539126,0.8457062799814742,0.9482542853643998
CICIoT2023_R1,3407,0.8,Historical-DoubleCost,validation_PR_AUC,0.988890370444425,0.9530415579337791,0.9930746533454612
CICIoT2023_R1,3407,0.8,Historical-DoubleCost,validation_FPR,0.14944464726138182,0.466382126520561,0.21383211117715945
CICIoT2023_R1,3407,0.8,Oort-Style-Adapted,validation_F1,0.9169174986449792,0.8325282115795576,0.9324721247896884
CICIoT2023_R1,3407,0.8,Oort-Style-Adapted,validation_PR_AUC,0.9905620892825056,0.989728655769914,0.9934092932185098
CICIoT2023_R1,3407,0.8,Oort-Style-Adapted,validation_FPR,0.0016526904744768897,0.00804502054578107,0.0010335506439815
CICIoT2023_R1,3407,0.8,Oracle-Score-Exact,validation_F1,0.9271280250539126,0.8457062799814742,0.9482542853643998
CICIoT2023_R1,3407,0.8,Oracle-Score-Exact,validation_PR_AUC,0.988890370444425,0.9530415579337791,0.9930746533454612
CICIoT2023_R1,3407,0.8,Oracle-Score-Exact,validation_FPR,0.14944464726138182,0.466382126520561,0.21383211117715945
CICIoT2023_R1,3407,1.0,Full-Contextual,validation_F1,0.9477285608512114,0.943430885484073,0.9384159858116459
CICIoT2023_R1,3407,1.0,Full-Contextual,validation_PR_AUC,0.9923387514832394,0.9862136114411733,0.99310382456192
CICIoT2023_R1,3407,1.0,Full-Contextual,validation_FPR,0.15019314160223612,0.0429321036730799,0.30983637359510885
CICIoT2023_R1,3407,1.0,Random-Budget,validation_F1,0.9459873309219486,0.942985127976427,0.9449231043096493
CICIoT2023_R1,3407,1.0,Random-Budget,validation_PR_AUC,0.9926003772542339,0.987114054436566,0.9933752648802643
CICIoT2023_R1,3407,1.0,Random-Budget,validation_FPR,0.18285264664287523,0.04174998348676707,0.2525051347387073
CICIoT2023_R1,3407,1.0,Cost-Only,validation_F1,0.9459884451389213,0.9429855731229004,0.9449351373490201
CICIoT2023_R1,3407,1.0,Cost-Only,validation_PR_AUC,0.9926000748353265,0.9871131632638395,0.9933751368399769
CICIoT2023_R1,3407,1.0,Cost-Only,validation_FPR,0.18282750492801123,0.041750808817640324,0.25238782171936
CICIoT2023_R1,3407,1.0,Utility-Only,validation_F1,0.9169174986449792,0.8325282115795576,0.9324721247896884
CICIoT2023_R1,3407,1.0,Utility-Only,validation_PR_AUC,0.9905620892825056,0.989728655769914,0.9934092932185098
CICIoT2023_R1,3407,1.0,Utility-Only,validation_FPR,0.0016526904744768897,0.00804502054578107,0.0010335506439815
CICIoT2023_R1,3407,1.0,Utility-Cost-Ratio,validation_F1,0.9169174986449792,0.8325282115795576,0.9324721247896884
CICIoT2023_R1,3407,1.0,Utility-Cost-Ratio,validation_PR_AUC,0.9905620892825056,0.989728655769914,0.9934092932185098
CICIoT2023_R1,3407,1.0,Utility-Cost-Ratio,validation_FPR,0.0016526904744768897,0.00804502054578107,0.0010335506439815
CICIoT2023_R1,3407,1.0,CB-Score,validation_F1,0.9263491727017577,0.8457062799814742,0.9524402224270156
CICIoT2023_R1,3407,1.0,CB-Score,validation_PR_AUC,0.9888912930653063,0.9530415579337791,0.9929230266269532
CICIoT2023_R1,3407,1.0,CB-Score,validation_FPR,0.14873650674357947,0.466382126520561,0.12005358062901954
CICIoT2023_R1,3407,1.0,Historical-DoubleCost,validation_F1,0.9263491727017577,0.8457062799814742,0.9524402224270156
CICIoT2023_R1,3407,1.0,Historical-DoubleCost,validation_PR_AUC,0.9888912930653063,0.9530415579337791,0.9929230266269532
CICIoT2023_R1,3407,1.0,Historical-DoubleCost,validation_FPR,0.14873650674357947,0.466382126520561,0.12005358062901954
CICIoT2023_R1,3407,1.0,Oort-Style-Adapted,validation_F1,0.9169174986449792,0.8325282115795576,0.9324721247896884
CICIoT2023_R1,3407,1.0,Oort-Style-Adapted,validation_PR_AUC,0.9905620892825056,0.989728655769914,0.9934092932185098
CICIoT2023_R1,3407,1.0,Oort-Style-Adapted,validation_FPR,0.0016526904744768897,0.00804502054578107,0.0010335506439815
CICIoT2023_R1,3407,1.0,Oracle-Score-Exact,validation_F1,0.9263491727017577,0.8457062799814742,0.9524402224270156
CICIoT2023_R1,3407,1.0,Oracle-Score-Exact,validation_PR_AUC,0.9888912930653063,0.9530415579337791,0.9929230266269532
CICIoT2023_R1,3407,1.0,Oracle-Score-Exact,validation_FPR,0.14873650674357947,0.466382126520561,0.12005358062901954
CICIoT2023_R1,11,0.1,Full-Contextual,validation_F1,0.9397893055596008,0.9044585987261148,0.94618471533919
CICIoT2023_R1,11,0.1,Full-Contextual,validation_PR_AUC,0.9744603914877308,0.8810636841995586,0.9921632349074987
CICIoT2023_R1,11,0.1,Full-Contextual,validation_FPR,0.11239982478410072,0.5019598432125429,0.03825970853424594
CICIoT2023_R1,11,0.1,Random-Budget,validation_F1,0.9113627535978989,0.8901201403704205,0.9522667404715295
CICIoT2023_R1,11,0.1,Random-Budget,validation_PR_AUC,0.990296783351788,0.9025735732623926,0.9937766992266072
CICIoT2023_R1,11,0.1,Random-Budget,validation_FPR,0.5178216024201698,0.7182785639287671,0.144072356429107
CICIoT2023_R1,11,0.1,Cost-Only,validation_F1,0.9186372233623283,0.8191711147327408,0.929539604324848
CICIoT2023_R1,11,0.1,Cost-Only,validation_PR_AUC,0.9885848881711625,0.9848619374805815,0.9881742667094049
CICIoT2023_R1,11,0.1,Cost-Only,validation_FPR,0.0001238570003173045,0.00020739499954856047,0.00025015698601503565
CICIoT2023_R1,11,0.1,Utility-Only,validation_F1,0.9261791713778807,0.9340346375881976,0.933848569442516
CICIoT2023_R1,11,0.1,Utility-Only,validation_PR_AUC,0.9922946281910178,0.9869490870877085,0.9940696736209707
CICIoT2023_R1,11,0.1,Utility-Only,validation_FPR,0.0819997097102978,0.3237341012718982,0.007122207531507838
CICIoT2023_R1,11,0.1,Utility-Cost-Ratio,validation_F1,0.9261791713778807,0.9340346375881976,0.933848569442516
CICIoT2023_R1,11,0.1,Utility-Cost-Ratio,validation_PR_AUC,0.9922946281910178,0.9869490870877085,0.9940696736209707
CICIoT2023_R1,11,0.1,Utility-Cost-Ratio,validation_FPR,0.0819997097102978,0.3237341012718982,0.007122207531507838
CICIoT2023_R1,11,0.1,CB-Score,validation_F1,0.9491979783296558,0.9263912372592007,0.9437022399112522
CICIoT2023_R1,11,0.1,CB-Score,validation_PR_AUC,0.9933835668852109,0.9892868277229614,0.9937015629127364
CICIoT2023_R1,11,0.1,CB-Score,validation_FPR,0.1631312465804446,0.3996293676413245,0.13635155013690733
CICIoT2023_R1,11,0.1,Historical-DoubleCost,validation_F1,0.9475126642875101,0.9263912372592007,0.9472619185040141
CICIoT2023_R1,11,0.1,Historical-DoubleCost,validation_PR_AUC,0.9933854689432035,0.9892868277229614,0.9937862672983142
CICIoT2023_R1,11,0.1,Historical-DoubleCost,validation_FPR,0.15334523890454696,0.3996293676413245,0.08532358731018717
CICIoT2023_R1,11,0.1,Oort-Style-Adapted,validation_F1,0.9130807757360139,0.9340346375881976,0.9560214397177556
CICIoT2023_R1,11,0.1,Oort-Style-Adapted,validation_PR_AUC,0.9915306422233592,0.9869490870877085,0.9934210556462184
CICIoT2023_R1,11,0.1,Oort-Style-Adapted,validation_FPR,0.10516873314969245,0.3237341012718982,0.0775137988960883
CICIoT2023_R1,11,0.1,Oracle-Score-Exact,validation_F1,0.9491979783296558,0.9263912372592007,0.9437022399112522
CICIoT2023_R1,11,0.1,Oracle-Score-Exact,validation_PR_AUC,0.9933835668852109,0.9892868277229614,0.9937015629127364
CICIoT2023_R1,11,0.1,Oracle-Score-Exact,validation_FPR,0.1631312465804446,0.3996293676413245,0.13635155013690733
CICIoT2023_R1,11,0.2,Full-Contextual,validation_F1,0.9432859071923614,0.9044585987261148,0.9543395693143222
CICIoT2023_R1,11,0.2,Full-Contextual,validation_PR_AUC,0.9802120900720237,0.8810636841995586,0.9926195140968312
CICIoT2023_R1,11,0.2,Full-Contextual,validation_FPR,0.09293565912534775,0.5019598432125429,0.07297115086924826
CICIoT2023_R1,11,0.2,Random-Budget,validation_F1,0.9096764263332774,0.9059406955320519,0.9235479362557297
CICIoT2023_R1,11,0.2,Random-Budget,validation_PR_AUC,0.9912644081525416,0.9901400477235666,0.9925246231080073
CICIoT2023_R1,11,0.2,Random-Budget,validation_FPR,0.3404759632917846,0.0033341701689657286,0.4288072038615151
CICIoT2023_R1,11,0.2,Cost-Only,validation_F1,0.8665225074386231,0.9355531223262388,0.8571297957690945
CICIoT2023_R1,11,0.2,Cost-Only,validation_PR_AUC,0.9923951789966887,0.9899784497224322,0.9933245556286635
CICIoT2023_R1,11,0.2,Cost-Only,validation_FPR,0.9197859831022582,0.33135971287241717,1.0
CICIoT2023_R1,11,0.2,Utility-Only,validation_F1,0.9233213561749517,0.843452753500817,0.9389112846390212
CICIoT2023_R1,11,0.2,Utility-Only,validation_PR_AUC,0.9915893402778646,0.9890944043807323,0.992913050332936
CICIoT2023_R1,11,0.2,Utility-Only,validation_FPR,0.023680712846820898,0.0009831628322968702,0.0112790976721862
CICIoT2023_R1,11,0.2,Utility-Cost-Ratio,validation_F1,0.9227067008207174,0.843452753500817,0.9301958692592353
CICIoT2023_R1,11,0.2,Utility-Cost-Ratio,validation_PR_AUC,0.9916007927417398,0.9890944043807323,0.9904115854765504
CICIoT2023_R1,11,0.2,Utility-Cost-Ratio,validation_FPR,0.03647236104340004,0.0009831628322968702,0.003572916975033416
CICIoT2023_R1,11,0.2,CB-Score,validation_F1,0.9105683767261554,0.921675897782999,0.9388731063699192
CICIoT2023_R1,11,0.2,CB-Score,validation_PR_AUC,0.9917177584987718,0.9903267141964632,0.9922703223824016
CICIoT2023_R1,11,0.2,CB-Score,validation_FPR,0.09676731564871939,0.1621155798710064,0.015558020995263442
CICIoT2023_R1,11,0.2,Historical-DoubleCost,validation_F1,0.9105683767261554,0.921675897782999,0.9388731063699192
CICIoT2023_R1,11,0.2,Historical-DoubleCost,validation_PR_AUC,0.9917177584987718,0.9903267141964632,0.9922703223824016
CICIoT2023_R1,11,0.2,Historical-DoubleCost,validation_FPR,0.09676731564871939,0.1621155798710064,0.015558020995263442
CICIoT2023_R1,11,0.2,Oort-Style-Adapted,validation_F1,0.9320819580445279,0.8033204905590521,0.9371396978656636
CICIoT2023_R1,11,0.2,Oort-Style-Adapted,validation_PR_AUC,0.9919351428308657,0.9884894210016072,0.9907457210929215
CICIoT2023_R1,11,0.2,Oort-Style-Adapted,validation_FPR,0.01809036888310316,0.0011185489989609717,0.024336916777963576
CICIoT2023_R1,11,0.2,Oracle-Score-Exact,validation_F1,0.887354431575336,0.8146044724425857,0.9520491309905337
CICIoT2023_R1,11,0.2,Oracle-Score-Exact,validation_PR_AUC,0.9856733219960274,0.924609391298845,0.993139815523583
CICIoT2023_R1,11,0.2,Oracle-Score-Exact,validation_FPR,0.1330129005447989,0.31465285525743225,0.11184496024613072
CICIoT2023_R1,11,0.4,Full-Contextual,validation_F1,0.9483555027918324,0.9044585987261148,0.9549335343223334
CICIoT2023_R1,11,0.4,Full-Contextual,validation_PR_AUC,0.985625648286281,0.8810636841995586,0.9928891519738664
CICIoT2023_R1,11,0.4,Full-Contextual,validation_FPR,0.08513079769245481,0.5019598432125429,0.08295898494257538
CICIoT2023_R1,11,0.4,Random-Budget,validation_F1,0.9202578739745644,0.9084071217744013,0.9203894466996287
CICIoT2023_R1,11,0.4,Random-Budget,validation_PR_AUC,0.9901463075234014,0.9630972361108976,0.9934198664493249
CICIoT2023_R1,11,0.4,Random-Budget,validation_FPR,0.25606877140991474,0.44690968058715747,0.45224545167374364
CICIoT2023_R1,11,0.4,Cost-Only,validation_F1,0.8820301756751782,0.8777741657472361,0.9113137406343548
CICIoT2023_R1,11,0.4,Cost-Only,validation_PR_AUC,0.9906200327568307,0.9827861771811823,0.9936203296775205
CICIoT2023_R1,11,0.4,Cost-Only,validation_FPR,0.707832026393088,0.17846212572895945,0.5600977754462543
CICIoT2023_R1,11,0.4,Utility-Only,validation_F1,0.9282362415672905,0.8888722064058575,0.9343007164445992
CICIoT2023_R1,11,0.4,Utility-Only,validation_PR_AUC,0.9919674980849915,0.9894961673850506,0.9924821444972645
CICIoT2023_R1,11,0.4,Utility-Only,validation_FPR,0.006016026510191903,0.0038276331133619335,0.005005577211379442
CICIoT2023_R1,11,0.4,Utility-Cost-Ratio,validation_F1,0.9282362415672905,0.8888722064058575,0.9343007164445992
CICIoT2023_R1,11,0.4,Utility-Cost-Ratio,validation_PR_AUC,0.9919674980849915,0.9894961673850506,0.9924821444972645
CICIoT2023_R1,11,0.4,Utility-Cost-Ratio,validation_FPR,0.006016026510191903,0.0038276331133619335,0.005005577211379442
CICIoT2023_R1,11,0.4,CB-Score,validation_F1,0.9220125102474824,0.8651546961973607,0.9302075231355306
CICIoT2023_R1,11,0.4,CB-Score,validation_PR_AUC,0.9915695375781274,0.9875031222591439,0.988331176503324
CICIoT2023_R1,11,0.4,CB-Score,validation_FPR,0.049214896687877874,0.003757022408252321,0.001333269139635807
CICIoT2023_R1,11,0.4,Historical-DoubleCost,validation_F1,0.9257822402883508,0.8651546961973607,0.9348743347596118
CICIoT2023_R1,11,0.4,Historical-DoubleCost,validation_PR_AUC,0.9922692926744562,0.9875031222591439,0.9937954065358522
CICIoT2023_R1,11,0.4,Historical-DoubleCost,validation_FPR,0.06410133840795189,0.003757022408252321,0.0066486364646445965
CICIoT2023_R1,11,0.4,Oort-Style-Adapted,validation_F1,0.9282733679302236,0.8888722064058575,0.931122884976927
CICIoT2023_R1,11,0.4,Oort-Style-Adapted,validation_PR_AUC,0.9922877200288224,0.9894961673850506,0.9938792091600622
CICIoT2023_R1,11,0.4,Oort-Style-Adapted,validation_FPR,0.006274939167349008,0.0038276331133619335,0.0019998400127989
CICIoT2023_R1,11,0.4,Oracle-Score-Exact,validation_F1,0.9252560122085565,0.8651546961973607,0.9426179760667142
CICIoT2023_R1,11,0.4,Oracle-Score-Exact,validation_PR_AUC,0.992138727813518,0.9875031222591439,0.993424469496955
CICIoT2023_R1,11,0.4,Oracle-Score-Exact,validation_FPR,0.07456531256360302,0.003757022408252321,0.017663390494091245
CICIoT2023_R1,11,0.6,Full-Contextual,validation_F1,0.9494917554802874,0.9044585987261148,0.9542044561307008
CICIoT2023_R1,11,0.6,Full-Contextual,validation_PR_AUC,0.9869076987875088,0.8810636841995586,0.9934658358135575
CICIoT2023_R1,11,0.6,Full-Contextual,validation_FPR,0.08712991637196943,0.5019598432125429,0.10214060572935815
CICIoT2023_R1,11,0.6,Random-Budget,validation_F1,0.9226340006400979,0.9114485256438097,0.9538947434808795
CICIoT2023_R1,11,0.6,Random-Budget,validation_PR_AUC,0.9915509067397433,0.9611847987177935,0.9937323629648065
CICIoT2023_R1,11,0.6,Random-Budget,validation_FPR,0.2435398045676279,0.13186681087666663,0.03689911552919721
CICIoT2023_R1,11,0.6,Cost-Only,validation_F1,0.9077132316812669,0.910880480956298,0.898130867326087
CICIoT2023_R1,11,0.6,Cost-Only,validation_PR_AUC,0.9918297812656073,0.955325246767196,0.993708445583607
CICIoT2023_R1,11,0.6,Cost-Only,validation_FPR,0.5289142759871958,0.1736541345794197,0.6632476749831145
CICIoT2023_R1,11,0.6,Utility-Only,validation_F1,0.9169930926869639,0.792368149946225,0.9493633978034794
CICIoT2023_R1,11,0.6,Utility-Only,validation_PR_AUC,0.9916345224539901,0.9882681470112314,0.9935270204320868
CICIoT2023_R1,11,0.6,Utility-Only,validation_FPR,0.0053290425272278594,0.0011203323779311603,0.0268778497720182
CICIoT2023_R1,11,0.6,Utility-Cost-Ratio,validation_F1,0.9169930926869639,0.792368149946225,0.9493633978034794
CICIoT2023_R1,11,0.6,Utility-Cost-Ratio,validation_PR_AUC,0.9916345224539901,0.9882681470112314,0.9935270204320868
CICIoT2023_R1,11,0.6,Utility-Cost-Ratio,validation_FPR,0.0053290425272278594,0.0011203323779311603,0.0268778497720182
CICIoT2023_R1,11,0.6,CB-Score,validation_F1,0.9297421457980634,0.8196736672502762,0.9315055601484702
CICIoT2023_R1,11,0.6,CB-Score,validation_PR_AUC,0.9922093995947594,0.9892204856531334,0.9937015234677307
CICIoT2023_R1,11,0.6,CB-Score,validation_FPR,0.026494565321077083,0.011860343024032612,0.04167669820774317
CICIoT2023_R1,11,0.6,Historical-DoubleCost,validation_F1,0.9301651134940181,0.8196736672502762,0.9450611631384533
CICIoT2023_R1,11,0.6,Historical-DoubleCost,validation_PR_AUC,0.9922129016184691,0.9892204856531334,0.9938119350273042
CICIoT2023_R1,11,0.6,Historical-DoubleCost,validation_FPR,0.02546188934327821,0.011860343024032612,0.014870381872654853
CICIoT2023_R1,11,0.6,Oort-Style-Adapted,validation_F1,0.9180469995530525,0.8186947404102215,0.9305220485091744
CICIoT2023_R1,11,0.6,Oort-Style-Adapted,validation_PR_AUC,0.9917598472380269,0.9857767084944209,0.9933761764937674
CICIoT2023_R1,11,0.6,Oort-Style-Adapted,validation_FPR,0.013142649028268375,0.041502661235092136,0.001136357816113558
CICIoT2023_R1,11,0.6,Oracle-Score-Exact,validation_F1,0.9302161408502542,0.8196736672502762,0.9465711180811068
CICIoT2023_R1,11,0.6,Oracle-Score-Exact,validation_PR_AUC,0.9921687150264714,0.9892204856531334,0.9937638781117463
CICIoT2023_R1,11,0.6,Oracle-Score-Exact,validation_FPR,0.03460005701488082,0.011860343024032612,0.03594966679692403
CICIoT2023_R1,11,0.8,Full-Contextual,validation_F1,0.9493043616662358,0.9044585987261148,0.9548413158467666
CICIoT2023_R1,11,0.8,Full-Contextual,validation_PR_AUC,0.9866868809640775,0.8810636841995586,0.9933098095714383
CICIoT2023_R1,11,0.8,Full-Contextual,validation_FPR,0.08661833397532853,0.5019598432125429,0.08966651787220095
CICIoT2023_R1,11,0.8,Random-Budget,validation_F1,0.9293076472791811,0.9077989033469327,0.9308910522318585
CICIoT2023_R1,11,0.8,Random-Budget,validation_PR_AUC,0.9906758445166688,0.9283554342192294,0.9934987665519748
CICIoT2023_R1,11,0.8,Random-Budget,validation_FPR,0.216547828452896,0.272298087325114,0.361174876288218
CICIoT2023_R1,11,0.8,Cost-Only,validation_F1,0.9398571262867454,0.9217035350287467,0.8707981067036636
CICIoT2023_R1,11,0.8,Cost-Only,validation_PR_AUC,0.9906281312613001,0.9253547567916491,0.9921665235965456
CICIoT2023_R1,11,0.8,Cost-Only,validation_FPR,0.20485172705499127,0.31280833611910475,0.8863033303822221
CICIoT2023_R1,11,0.8,Utility-Only,validation_F1,0.9203253535232341,0.8712285372325617,0.9303903955285596
CICIoT2023_R1,11,0.8,Utility-Only,validation_PR_AUC,0.9909713807925642,0.9662716777436664,0.9918460046358172
CICIoT2023_R1,11,0.8,Utility-Only,validation_FPR,0.02079361851259541,0.17325431051963602,0.0007199424046076
CICIoT2023_R1,11,0.8,Utility-Cost-Ratio,validation_F1,0.9203253535232341,0.8712285372325617,0.9303903955285596
CICIoT2023_R1,11,0.8,Utility-Cost-Ratio,validation_PR_AUC,0.9909713807925642,0.9662716777436664,0.9918460046358172
CICIoT2023_R1,11,0.8,Utility-Cost-Ratio,validation_FPR,0.02079361851259541,0.17325431051963602,0.0007199424046076
CICIoT2023_R1,11,0.8,CB-Score,validation_F1,0.9241392082087463,0.8966152399689132,0.9331952788336332
CICIoT2023_R1,11,0.8,CB-Score,validation_PR_AUC,0.9916831784641588,0.9642270630981079,0.9935399186785535
CICIoT2023_R1,11,0.8,CB-Score,validation_FPR,0.013135601129321278,0.18882467410376041,0.0035004660364891926
CICIoT2023_R1,11,0.8,Historical-DoubleCost,validation_F1,0.9241392082087463,0.8966152399689132,0.9331952788336332
CICIoT2023_R1,11,0.8,Historical-DoubleCost,validation_PR_AUC,0.9916831784641588,0.9642270630981079,0.9935399186785535
CICIoT2023_R1,11,0.8,Historical-DoubleCost,validation_FPR,0.013135601129321278,0.18882467410376041,0.0035004660364891926
CICIoT2023_R1,11,0.8,Oort-Style-Adapted,validation_F1,0.9203253535232341,0.8712285372325617,0.9303903955285596
CICIoT2023_R1,11,0.8,Oort-Style-Adapted,validation_PR_AUC,0.9909713807925642,0.9662716777436664,0.9918460046358172
CICIoT2023_R1,11,0.8,Oort-Style-Adapted,validation_FPR,0.02079361851259541,0.17325431051963602,0.0007199424046076
CICIoT2023_R1,11,0.8,Oracle-Score-Exact,validation_F1,0.9241392082087463,0.8966152399689132,0.9331952788336332
CICIoT2023_R1,11,0.8,Oracle-Score-Exact,validation_PR_AUC,0.9916831784641588,0.9642270630981079,0.9935399186785535
CICIoT2023_R1,11,0.8,Oracle-Score-Exact,validation_FPR,0.013135601129321278,0.18882467410376041,0.0035004660364891926
CICIoT2023_R1,11,1.0,Full-Contextual,validation_F1,0.9495882494500872,0.9044585987261148,0.9539251142093852
CICIoT2023_R1,11,1.0,Full-Contextual,validation_PR_AUC,0.9870019644039218,0.8810636841995586,0.9935342726594589
CICIoT2023_R1,11,1.0,Full-Contextual,validation_FPR,0.0880580676137484,0.5019598432125429,0.10761203936030728
CICIoT2023_R1,11,1.0,Random-Budget,validation_F1,0.9504266140380826,0.9184551443829345,0.953646813229217
CICIoT2023_R1,11,1.0,Random-Budget,validation_PR_AUC,0.9891569976379031,0.9088379214750313,0.99383860541927
CICIoT2023_R1,11,1.0,Random-Budget,validation_FPR,0.07699817543835465,0.35461489809815866,0.11714719484033172
CICIoT2023_R1,11,1.0,Cost-Only,validation_F1,0.950425501910007,0.918449898953058,0.9536428729860121
CICIoT2023_R1,11,1.0,Cost-Only,validation_PR_AUC,0.989154872328303,0.908821093476926,0.993838467910541
CICIoT2023_R1,11,1.0,Cost-Only,validation_FPR,0.07699310328054376,0.3546806702768144,0.11720154036706258
CICIoT2023_R1,11,1.0,Utility-Only,validation_F1,0.9179828572581736,0.8955764805588543,0.9508876721420276
CICIoT2023_R1,11,1.0,Utility-Only,validation_PR_AUC,0.9839882491760711,0.9141070939542217,0.9935606345881386
CICIoT2023_R1,11,1.0,Utility-Only,validation_FPR,0.07091833254882897,0.326548796987962,0.03511719062475
CICIoT2023_R1,11,1.0,Utility-Cost-Ratio,validation_F1,0.9179828572581736,0.8955764805588543,0.9508876721420276
CICIoT2023_R1,11,1.0,Utility-Cost-Ratio,validation_PR_AUC,0.9839882491760711,0.9141070939542217,0.9935606345881386
CICIoT2023_R1,11,1.0,Utility-Cost-Ratio,validation_FPR,0.07091833254882897,0.326548796987962,0.03511719062475
CICIoT2023_R1,11,1.0,CB-Score,validation_F1,0.9216935709564222,0.8547976422982962,0.9537786729730291
CICIoT2023_R1,11,1.0,CB-Score,validation_PR_AUC,0.9895202157558787,0.8824978266315888,0.9938111862225005
CICIoT2023_R1,11,1.0,CB-Score,validation_FPR,0.03750935677240078,0.5898284016223705,0.06170459600085002
CICIoT2023_R1,11,1.0,Historical-DoubleCost,validation_F1,0.9216935709564222,0.8547976422982962,0.9537786729730291
CICIoT2023_R1,11,1.0,Historical-DoubleCost,validation_PR_AUC,0.9895202157558787,0.8824978266315888,0.9938111862225005
CICIoT2023_R1,11,1.0,Historical-DoubleCost,validation_FPR,0.03750935677240078,0.5898284016223705,0.06170459600085002
CICIoT2023_R1,11,1.0,Oort-Style-Adapted,validation_F1,0.9179828572581736,0.8955764805588543,0.9508876721420276
CICIoT2023_R1,11,1.0,Oort-Style-Adapted,validation_PR_AUC,0.9839882491760711,0.9141070939542217,0.9935606345881386
CICIoT2023_R1,11,1.0,Oort-Style-Adapted,validation_FPR,0.07091833254882897,0.326548796987962,0.03511719062475
CICIoT2023_R1,11,1.0,Oracle-Score-Exact,validation_F1,0.9216935709564222,0.8547976422982962,0.9537786729730291
CICIoT2023_R1,11,1.0,Oracle-Score-Exact,validation_PR_AUC,0.9895202157558787,0.8824978266315888,0.9938111862225005
CICIoT2023_R1,11,1.0,Oracle-Score-Exact,validation_FPR,0.03750935677240078,0.5898284016223705,0.06170459600085002
CICIoT2023_R1,314,0.1,Full-Contextual,validation_F1,0.9375660792149277,0.8909383378016086,0.9461884119394534
CICIoT2023_R1,314,0.1,Full-Contextual,validation_PR_AUC,0.9732139700619469,0.8828158198438052,0.9921340386517153
CICIoT2023_R1,314,0.1,Full-Contextual,validation_FPR,0.2111859487965827,0.7207745058491327,0.10205691742803781
CICIoT2023_R1,314,0.1,Random-Budget,validation_F1,0.8906143820223282,0.866728023498208,0.8585126419724901
CICIoT2023_R1,314,0.1,Random-Budget,validation_PR_AUC,0.9720763357955109,0.9142794060428647,0.951220922429778
CICIoT2023_R1,314,0.1,Random-Budget,validation_FPR,0.667864893403902,0.9321239550295115,1.0
CICIoT2023_R1,314,0.1,Cost-Only,validation_F1,0.8559425989266886,0.8265163200132777,0.8295836844424109
CICIoT2023_R1,314,0.1,Cost-Only,validation_PR_AUC,0.9416779622786644,0.9077105674187768,0.9444207258102597
CICIoT2023_R1,314,0.1,Cost-Only,validation_FPR,0.583414727387886,0.5186608192918525,0.44627270425247534
CICIoT2023_R1,314,0.1,Utility-Only,validation_F1,0.9364519932551425,0.9472570180587574,0.9450282384457116
CICIoT2023_R1,314,0.1,Utility-Only,validation_PR_AUC,0.9926193092084528,0.9911598612178709,0.9931732162020328
CICIoT2023_R1,314,0.1,Utility-Only,validation_FPR,0.07123715815173325,0.06578668185858455,0.0480032271077047
CICIoT2023_R1,314,0.1,Utility-Cost-Ratio,validation_F1,0.9364519932551425,0.9472570180587574,0.9450282384457116
CICIoT2023_R1,314,0.1,Utility-Cost-Ratio,validation_PR_AUC,0.9926193092084528,0.9911598612178709,0.9931732162020328
CICIoT2023_R1,314,0.1,Utility-Cost-Ratio,validation_FPR,0.07123715815173325,0.06578668185858455,0.0480032271077047
CICIoT2023_R1,314,0.1,CB-Score,validation_F1,0.9352837792725772,0.9475294129952441,0.9550296604728737
CICIoT2023_R1,314,0.1,CB-Score,validation_PR_AUC,0.9742852307611903,0.9913945892282535,0.9938814054762238
CICIoT2023_R1,314,0.1,CB-Score,validation_FPR,0.20534359825019133,0.07108013703831274,0.07127814274096586
CICIoT2023_R1,314,0.1,Historical-DoubleCost,validation_F1,0.9352837792725772,0.9475294129952441,0.9550296604728737
CICIoT2023_R1,314,0.1,Historical-DoubleCost,validation_PR_AUC,0.9742852307611903,0.9913945892282535,0.9938814054762238
CICIoT2023_R1,314,0.1,Historical-DoubleCost,validation_FPR,0.20534359825019133,0.07108013703831274,0.07127814274096586
CICIoT2023_R1,314,0.1,Oort-Style-Adapted,validation_F1,0.8465894015664864,0.8117562631480987,0.8409067739932722
CICIoT2023_R1,314,0.1,Oort-Style-Adapted,validation_PR_AUC,0.9124947850806447,0.8562321894359629,0.8773935114357956
CICIoT2023_R1,314,0.1,Oort-Style-Adapted,validation_FPR,0.44183211100418296,0.5877463427143155,0.6694178128435339
CICIoT2023_R1,314,0.1,Oracle-Score-Exact,validation_F1,0.9352837792725772,0.9475294129952441,0.9550296604728737
CICIoT2023_R1,314,0.1,Oracle-Score-Exact,validation_PR_AUC,0.9742852307611903,0.9913945892282535,0.9938814054762238
CICIoT2023_R1,314,0.1,Oracle-Score-Exact,validation_FPR,0.20534359825019133,0.07108013703831274,0.07127814274096586
CICIoT2023_R1,314,0.2,Full-Contextual,validation_F1,0.9409707790107879,0.8909383378016086,0.9480592000072532
CICIoT2023_R1,314,0.2,Full-Contextual,validation_PR_AUC,0.9797529060959853,0.8828158198438052,0.9922533890475228
CICIoT2023_R1,314,0.2,Full-Contextual,validation_FPR,0.17439113180476973,0.7207745058491327,0.14325983406786882
CICIoT2023_R1,314,0.2,Random-Budget,validation_F1,0.8983765212438466,0.815285288142403,0.8725333147904385
CICIoT2023_R1,314,0.2,Random-Budget,validation_PR_AUC,0.9820018907676853,0.9316747753250272,0.9927977363066812
CICIoT2023_R1,314,0.2,Random-Budget,validation_FPR,0.5581981435216034,0.35278111056305217,0.8425001012970076
CICIoT2023_R1,314,0.2,Cost-Only,validation_F1,0.8673900961703606,0.8542506005064842,0.8924249374450706
CICIoT2023_R1,314,0.2,Cost-Only,validation_PR_AUC,0.9817673009669144,0.8087630703736768,0.9918092635615261
CICIoT2023_R1,314,0.2,Cost-Only,validation_FPR,0.9213811264807218,0.9449286374172271,0.712989726499981
CICIoT2023_R1,314,0.2,Utility-Only,validation_F1,0.910152272354569,0.834159976037838,0.9281172109286452
CICIoT2023_R1,314,0.2,Utility-Only,validation_PR_AUC,0.9797494902647469,0.8859446445136947,0.9913101666674355
CICIoT2023_R1,314,0.2,Utility-Only,validation_FPR,0.109713981132753,0.6347864181406286,0.002007328384769247
CICIoT2023_R1,314,0.2,Utility-Cost-Ratio,validation_F1,0.910152272354569,0.834159976037838,0.9281172109286452
CICIoT2023_R1,314,0.2,Utility-Cost-Ratio,validation_PR_AUC,0.9797494902647469,0.8859446445136947,0.9913101666674355
CICIoT2023_R1,314,0.2,Utility-Cost-Ratio,validation_FPR,0.109713981132753,0.6347864181406286,0.002007328384769247
CICIoT2023_R1,314,0.2,CB-Score,validation_F1,0.8887370124876398,0.8176680278720534,0.8621468168288219
CICIoT2023_R1,314,0.2,CB-Score,validation_PR_AUC,0.9772302516352531,0.9874553740217995,0.9517720896369798
CICIoT2023_R1,314,0.2,CB-Score,validation_FPR,0.3941024206468591,0.02551469852588406,0.6916646677603273
CICIoT2023_R1,314,0.2,Historical-DoubleCost,validation_F1,0.8963462875210046,0.8176680278720534,0.8979227163835907
CICIoT2023_R1,314,0.2,Historical-DoubleCost,validation_PR_AUC,0.9646086130466979,0.9874553740217995,0.9824974986895686
CICIoT2023_R1,314,0.2,Historical-DoubleCost,validation_FPR,0.3068081654930483,0.02551469852588406,0.14665639969449662
CICIoT2023_R1,314,0.2,Oort-Style-Adapted,validation_F1,0.9107802091593608,0.834159976037838,0.9517785504145494
CICIoT2023_R1,314,0.2,Oort-Style-Adapted,validation_PR_AUC,0.9795526388788657,0.8859446445136947,0.9929497882072532
CICIoT2023_R1,314,0.2,Oort-Style-Adapted,validation_FPR,0.1261782635802625,0.6347864181406286,0.1281161758773699
CICIoT2023_R1,314,0.2,Oracle-Score-Exact,validation_F1,0.8963462875210046,0.8176680278720534,0.8979227163835907
CICIoT2023_R1,314,0.2,Oracle-Score-Exact,validation_PR_AUC,0.9646086130466979,0.9874553740217995,0.9824974986895686
CICIoT2023_R1,314,0.2,Oracle-Score-Exact,validation_FPR,0.3068081654930483,0.02551469852588406,0.14665639969449662
CICIoT2023_R1,314,0.4,Full-Contextual,validation_F1,0.9450868639809693,0.8909383378016086,0.9516722350788007
CICIoT2023_R1,314,0.4,Full-Contextual,validation_PR_AUC,0.9855521530007354,0.8828158198438052,0.9933090549747163
CICIoT2023_R1,314,0.4,Full-Contextual,validation_FPR,0.16731348502511925,0.7207745058491327,0.15869877000385443
CICIoT2023_R1,314,0.4,Random-Budget,validation_F1,0.9216351444237658,0.9065007563984417,0.9452853326274576
CICIoT2023_R1,314,0.4,Random-Budget,validation_PR_AUC,0.9917374517597883,0.960242775554053,0.9936693696011627
CICIoT2023_R1,314,0.4,Random-Budget,validation_FPR,0.36683867984750823,0.5997308467873645,0.02986024246104553
CICIoT2023_R1,314,0.4,Cost-Only,validation_F1,0.8974906138112752,0.9121610285590052,0.8784608240066785
CICIoT2023_R1,314,0.4,Cost-Only,validation_PR_AUC,0.9911871729778561,0.9535982263732189,0.9933160199726421
CICIoT2023_R1,314,0.4,Cost-Only,validation_FPR,0.6486197713012689,0.5507073372212239,0.837114223074257
CICIoT2023_R1,314,0.4,Utility-Only,validation_F1,0.9327353101383394,0.9003993745940768,0.9312406789290534
CICIoT2023_R1,314,0.4,Utility-Only,validation_PR_AUC,0.9924903725306731,0.9891034720412992,0.993351915355994
CICIoT2023_R1,314,0.4,Utility-Only,validation_FPR,0.0059878733928930405,0.010204279290039631,0.0014521984671238
CICIoT2023_R1,314,0.4,Utility-Cost-Ratio,validation_F1,0.9327353101383394,0.9003993745940768,0.9312406789290534
CICIoT2023_R1,314,0.4,Utility-Cost-Ratio,validation_PR_AUC,0.9924903725306731,0.9891034720412992,0.993351915355994
CICIoT2023_R1,314,0.4,Utility-Cost-Ratio,validation_FPR,0.0059878733928930405,0.010204279290039631,0.0014521984671238
CICIoT2023_R1,314,0.4,CB-Score,validation_F1,0.9335480417478631,0.9341484662837906,0.9310314589015513
CICIoT2023_R1,314,0.4,CB-Score,validation_PR_AUC,0.9912752132028003,0.9905428036862012,0.9920139641465269
CICIoT2023_R1,314,0.4,CB-Score,validation_FPR,0.04456562040420897,0.013947117306106097,0.018430972523539993
CICIoT2023_R1,314,0.4,Historical-DoubleCost,validation_F1,0.9335480417478631,0.9341484662837906,0.9310314589015513
CICIoT2023_R1,314,0.4,Historical-DoubleCost,validation_PR_AUC,0.9912752132028003,0.9905428036862012,0.9920139641465269
CICIoT2023_R1,314,0.4,Historical-DoubleCost,validation_FPR,0.04456562040420897,0.013947117306106097,0.018430972523539993
CICIoT2023_R1,314,0.4,Oort-Style-Adapted,validation_F1,0.9341157541569935,0.9193756474878844,0.9508373931594696
CICIoT2023_R1,314,0.4,Oort-Style-Adapted,validation_PR_AUC,0.9927838976201675,0.9910672087769968,0.9936842397811213
CICIoT2023_R1,314,0.4,Oort-Style-Adapted,validation_FPR,0.00853397342947243,0.003347704493493856,0.03347695804176133
CICIoT2023_R1,314,0.4,Oracle-Score-Exact,validation_F1,0.9335480417478631,0.9341484662837906,0.9310314589015513
CICIoT2023_R1,314,0.4,Oracle-Score-Exact,validation_PR_AUC,0.9912752132028003,0.9905428036862012,0.9920139641465269
CICIoT2023_R1,314,0.4,Oracle-Score-Exact,validation_FPR,0.04456562040420897,0.013947117306106097,0.018430972523539993
CICIoT2023_R1,314,0.6,Full-Contextual,validation_F1,0.9465403817977408,0.8909383378016086,0.9518387977507264
CICIoT2023_R1,314,0.6,Full-Contextual,validation_PR_AUC,0.9870951866920235,0.8828158198438052,0.9935163196003602
CICIoT2023_R1,314,0.6,Full-Contextual,validation_FPR,0.17180867697078847,0.7207745058491327,0.18160355356793978
CICIoT2023_R1,314,0.6,Random-Budget,validation_F1,0.9247322199278417,0.9309361435094684,0.8735982921819345
CICIoT2023_R1,314,0.6,Random-Budget,validation_PR_AUC,0.9910395264245369,0.95597008062239,0.9922070849042609
CICIoT2023_R1,314,0.6,Random-Budget,validation_FPR,0.33666959411689523,0.34104273972772425,0.8677408856178038
CICIoT2023_R1,314,0.6,Cost-Only,validation_F1,0.9255768390117196,0.9146303064569421,0.9189933837883156
CICIoT2023_R1,314,0.6,Cost-Only,validation_PR_AUC,0.9908438276449851,0.9279145451057489,0.9934520496335003
CICIoT2023_R1,314,0.6,Cost-Only,validation_FPR,0.42893880173432386,0.46148102727358675,0.4991993952133246
CICIoT2023_R1,314,0.6,Utility-Only,validation_F1,0.9334768036791401,0.917885739317718,0.9313527791189752
CICIoT2023_R1,314,0.6,Utility-Only,validation_PR_AUC,0.9926342296245939,0.9904814990703114,0.9935917603630277
CICIoT2023_R1,314,0.6,Utility-Only,validation_FPR,0.00577188207002419,0.009575939904640708,0.0016942315449778
CICIoT2023_R1,314,0.6,Utility-Cost-Ratio,validation_F1,0.9334768036791401,0.917885739317718,0.9313527791189752
CICIoT2023_R1,314,0.6,Utility-Cost-Ratio,validation_PR_AUC,0.9926342296245939,0.9904814990703114,0.9935917603630277
CICIoT2023_R1,314,0.6,Utility-Cost-Ratio,validation_FPR,0.00577188207002419,0.009575939904640708,0.0016942315449778
CICIoT2023_R1,314,0.6,CB-Score,validation_F1,0.9342741004988313,0.917885739317718,0.9332377055241725
CICIoT2023_R1,314,0.6,CB-Score,validation_PR_AUC,0.9928934156140931,0.9904814990703114,0.9939182348771034
CICIoT2023_R1,314,0.6,CB-Score,validation_FPR,0.02478327142699015,0.009575939904640708,0.004322203988706017
CICIoT2023_R1,314,0.6,Historical-DoubleCost,validation_F1,0.9342741004988313,0.917885739317718,0.9332377055241725
CICIoT2023_R1,314,0.6,Historical-DoubleCost,validation_PR_AUC,0.9928934156140931,0.9904814990703114,0.9939182348771034
CICIoT2023_R1,314,0.6,Historical-DoubleCost,validation_FPR,0.02478327142699015,0.009575939904640708,0.004322203988706017
CICIoT2023_R1,314,0.6,Oort-Style-Adapted,validation_F1,0.9325469981488406,0.8822531772673524,0.934483461643178
CICIoT2023_R1,314,0.6,Oort-Style-Adapted,validation_PR_AUC,0.9922050381279746,0.9695151066735023,0.9938727480401888
CICIoT2023_R1,314,0.6,Oort-Style-Adapted,validation_FPR,0.007161742307974714,0.0635972254127154,0.0057030670340017745
CICIoT2023_R1,314,0.6,Oracle-Score-Exact,validation_F1,0.9342741004988313,0.917885739317718,0.9332377055241725
CICIoT2023_R1,314,0.6,Oracle-Score-Exact,validation_PR_AUC,0.9928934156140931,0.9904814990703114,0.9939182348771034
CICIoT2023_R1,314,0.6,Oracle-Score-Exact,validation_FPR,0.02478327142699015,0.009575939904640708,0.004322203988706017
CICIoT2023_R1,314,0.8,Full-Contextual,validation_F1,0.9462713104807678,0.8909383378016086,0.9516868566237803
CICIoT2023_R1,314,0.8,Full-Contextual,validation_PR_AUC,0.9868477294962108,0.8828158198438052,0.9934565382303957
CICIoT2023_R1,314,0.8,Full-Contextual,validation_FPR,0.1710873404477634,0.7207745058491327,0.18435085165716003
CICIoT2023_R1,314,0.8,Random-Budget,validation_F1,0.941026050615282,0.8956125957200441,0.9434301592284033
CICIoT2023_R1,314,0.8,Random-Budget,validation_PR_AUC,0.9894608380315398,0.9008137019749406,0.993773514516582
CICIoT2023_R1,314,0.8,Random-Budget,validation_FPR,0.22790384872851294,0.6286688878255114,0.2856668831546594
CICIoT2023_R1,314,0.8,Cost-Only,validation_F1,0.9408130699186543,0.893199114878516,0.9368631575581321
CICIoT2023_R1,314,0.8,Cost-Only,validation_PR_AUC,0.9890612807512483,0.8979338468292196,0.9936263018934123
CICIoT2023_R1,314,0.8,Cost-Only,validation_FPR,0.2752113818807912,0.6814281260555026,0.34239918497512256
CICIoT2023_R1,314,0.8,Utility-Only,validation_F1,0.9312502223186463,0.904111664853414,0.9313718529457704
CICIoT2023_R1,314,0.8,Utility-Only,validation_PR_AUC,0.9921966359342478,0.9687296309052449,0.9937947327385817
CICIoT2023_R1,314,0.8,Utility-Only,validation_FPR,0.006923067038862483,0.09412055881290358,0.0018555869302137
CICIoT2023_R1,314,0.8,Utility-Cost-Ratio,validation_F1,0.9312502223186463,0.904111664853414,0.9313718529457704
CICIoT2023_R1,314,0.8,Utility-Cost-Ratio,validation_PR_AUC,0.9921966359342478,0.9687296309052449,0.9937947327385817
CICIoT2023_R1,314,0.8,Utility-Cost-Ratio,validation_FPR,0.006923067038862483,0.09412055881290358,0.0018555869302137
CICIoT2023_R1,314,0.8,CB-Score,validation_F1,0.9305948574532985,0.8993706477687043,0.9356903436161396
CICIoT2023_R1,314,0.8,CB-Score,validation_PR_AUC,0.9919861110396416,0.9725351969326939,0.9933944042442383
CICIoT2023_R1,314,0.8,CB-Score,validation_FPR,0.016465683658783505,0.07682860700130652,0.010500458538985777
CICIoT2023_R1,314,0.8,Historical-DoubleCost,validation_F1,0.9305948574532985,0.8993706477687043,0.9356903436161396
CICIoT2023_R1,314,0.8,Historical-DoubleCost,validation_PR_AUC,0.9919861110396416,0.9725351969326939,0.9933944042442383
CICIoT2023_R1,314,0.8,Historical-DoubleCost,validation_FPR,0.016465683658783505,0.07682860700130652,0.010500458538985777
CICIoT2023_R1,314,0.8,Oort-Style-Adapted,validation_F1,0.9333174143193788,0.8937046026666503,0.9331109286814524
CICIoT2023_R1,314,0.8,Oort-Style-Adapted,validation_PR_AUC,0.990162021462801,0.8969814018590492,0.9938381962868704
CICIoT2023_R1,314,0.8,Oort-Style-Adapted,validation_FPR,0.025747071458011625,0.6097364839446602,0.00703025485829327
CICIoT2023_R1,314,0.8,Oracle-Score-Exact,validation_F1,0.9305948574532985,0.8993706477687043,0.9356903436161396
CICIoT2023_R1,314,0.8,Oracle-Score-Exact,validation_PR_AUC,0.9919861110396416,0.9725351969326939,0.9933944042442383
CICIoT2023_R1,314,0.8,Oracle-Score-Exact,validation_FPR,0.016465683658783505,0.07682860700130652,0.010500458538985777
CICIoT2023_R1,314,1.0,Full-Contextual,validation_F1,0.9470530468388504,0.8909383378016086,0.9514807992253239
CICIoT2023_R1,314,1.0,Full-Contextual,validation_PR_AUC,0.9877066923146496,0.8828158198438052,0.9935184080925802
CICIoT2023_R1,314,1.0,Full-Contextual,validation_FPR,0.17325429743459872,0.7207745058491327,0.17586119004932685
CICIoT2023_R1,314,1.0,Random-Budget,validation_F1,0.9487952356414711,0.9034665162879186,0.9533437387484791
CICIoT2023_R1,314,1.0,Random-Budget,validation_PR_AUC,0.9898030404029835,0.9016017049253496,0.9939675620323464
CICIoT2023_R1,314,1.0,Random-Budget,validation_FPR,0.15478981633435582,0.585036774684664,0.14340987262887228
CICIoT2023_R1,314,1.0,Cost-Only,validation_F1,0.9487942091113465,0.9034544782977376,0.9533527731828647
CICIoT2023_R1,314,1.0,Cost-Only,validation_PR_AUC,0.9898018107090563,0.9015791144047197,0.9939681259377181
CICIoT2023_R1,314,1.0,Cost-Only,validation_FPR,0.1547896369988481,0.5851709503277736,0.14325092742310702
CICIoT2023_R1,314,1.0,Utility-Only,validation_F1,0.9312279730274662,0.8896516935345968,0.937818581204765
CICIoT2023_R1,314,1.0,Utility-Only,validation_PR_AUC,0.990595714438041,0.9106250526923291,0.9937254569348828
CICIoT2023_R1,314,1.0,Utility-Only,validation_FPR,0.020256451760645465,0.5163305350809194,0.009035901573215
CICIoT2023_R1,314,1.0,Utility-Cost-Ratio,validation_F1,0.9312279730274662,0.8896516935345968,0.937818581204765
CICIoT2023_R1,314,1.0,Utility-Cost-Ratio,validation_PR_AUC,0.990595714438041,0.9106250526923291,0.9937254569348828
CICIoT2023_R1,314,1.0,Utility-Cost-Ratio,validation_FPR,0.020256451760645465,0.5163305350809194,0.009035901573215
CICIoT2023_R1,314,1.0,CB-Score,validation_F1,0.9314194628450531,0.8993706477687043,0.9367324678189107
CICIoT2023_R1,314,1.0,CB-Score,validation_PR_AUC,0.9895927967381617,0.9725351969326939,0.9936912884166524
CICIoT2023_R1,314,1.0,CB-Score,validation_FPR,0.04678570121862162,0.07682860700130652,0.010306053857343228
CICIoT2023_R1,314,1.0,Historical-DoubleCost,validation_F1,0.9314194628450531,0.8993706477687043,0.9367324678189107
CICIoT2023_R1,314,1.0,Historical-DoubleCost,validation_PR_AUC,0.9895927967381617,0.9725351969326939,0.9936912884166524
CICIoT2023_R1,314,1.0,Historical-DoubleCost,validation_FPR,0.04678570121862162,0.07682860700130652,0.010306053857343228
CICIoT2023_R1,314,1.0,Oort-Style-Adapted,validation_F1,0.9312279730274662,0.8896516935345968,0.937818581204765
CICIoT2023_R1,314,1.0,Oort-Style-Adapted,validation_PR_AUC,0.990595714438041,0.9106250526923291,0.9937254569348828
CICIoT2023_R1,314,1.0,Oort-Style-Adapted,validation_FPR,0.020256451760645465,0.5163305350809194,0.009035901573215
CICIoT2023_R1,314,1.0,Oracle-Score-Exact,validation_F1,0.9314194628450531,0.8993706477687043,0.9367324678189107
CICIoT2023_R1,314,1.0,Oracle-Score-Exact,validation_PR_AUC,0.9895927967381617,0.9725351969326939,0.9936912884166524
CICIoT2023_R1,314,1.0,Oracle-Score-Exact,validation_FPR,0.04678570121862162,0.07682860700130652,0.010306053857343228
CICIoT2023_R1,2718,0.1,Full-Contextual,validation_F1,0.9191889857394943,0.8920814752320115,0.9267372824317586
CICIoT2023_R1,2718,0.1,Full-Contextual,validation_PR_AUC,0.9569455892999313,0.8713729811470319,0.987292452597536
CICIoT2023_R1,2718,0.1,Full-Contextual,validation_FPR,0.3378828685741242,0.6793202033036849,0.24164786704690017
CICIoT2023_R1,2718,0.1,Random-Budget,validation_F1,0.9333870920416875,0.9321479980267103,0.9329213211647844
CICIoT2023_R1,2718,0.1,Random-Budget,validation_PR_AUC,0.9925397511733585,0.9911706192626609,0.9934923156370444
CICIoT2023_R1,2718,0.1,Random-Budget,validation_FPR,0.005081311453380121,0.008494865173141524,0.004144590754742965
CICIoT2023_R1,2718,0.1,Cost-Only,validation_F1,0.9315660015456823,0.9313392666364891,0.9320294913799794
CICIoT2023_R1,2718,0.1,Cost-Only,validation_PR_AUC,0.9917336145064257,0.9922923097025731,0.9928202292995822
CICIoT2023_R1,2718,0.1,Cost-Only,validation_FPR,0.0019528182023484644,0.004284115301009603,0.0033274104326993636
CICIoT2023_R1,2718,0.1,Utility-Only,validation_F1,0.9381993325588476,0.9329520893331119,0.9399593518884436
CICIoT2023_R1,2718,0.1,Utility-Only,validation_PR_AUC,0.9928895173170635,0.9921913161219587,0.9936275848095648
CICIoT2023_R1,2718,0.1,Utility-Only,validation_FPR,0.01257111860387519,0.007391645155305589,0.0115152477763659
CICIoT2023_R1,2718,0.1,Utility-Cost-Ratio,validation_F1,0.9381993325588476,0.9329520893331119,0.9399593518884436
CICIoT2023_R1,2718,0.1,Utility-Cost-Ratio,validation_PR_AUC,0.9928895173170635,0.9921913161219587,0.9936275848095648
CICIoT2023_R1,2718,0.1,Utility-Cost-Ratio,validation_FPR,0.01257111860387519,0.007391645155305589,0.0115152477763659
CICIoT2023_R1,2718,0.1,CB-Score,validation_F1,0.9328206235152048,0.9329520893331119,0.9459525719842324
CICIoT2023_R1,2718,0.1,CB-Score,validation_PR_AUC,0.9919875627254942,0.9921913161219587,0.9933885574682297
CICIoT2023_R1,2718,0.1,CB-Score,validation_FPR,0.003971022617282001,0.007391645155305589,0.02263207123744958
CICIoT2023_R1,2718,0.1,Historical-DoubleCost,validation_F1,0.9328206235152048,0.9329520893331119,0.9459525719842324
CICIoT2023_R1,2718,0.1,Historical-DoubleCost,validation_PR_AUC,0.9919875627254942,0.9921913161219587,0.9933885574682297
CICIoT2023_R1,2718,0.1,Historical-DoubleCost,validation_FPR,0.003971022617282001,0.007391645155305589,0.02263207123744958
CICIoT2023_R1,2718,0.1,Oort-Style-Adapted,validation_F1,0.9398241089212898,0.9329520893331119,0.9366023143022046
CICIoT2023_R1,2718,0.1,Oort-Style-Adapted,validation_PR_AUC,0.9927514810150959,0.9921913161219587,0.9927527779879853
CICIoT2023_R1,2718,0.1,Oort-Style-Adapted,validation_FPR,0.01795657859204773,0.007391645155305589,0.008481691272618202
CICIoT2023_R1,2718,0.1,Oracle-Score-Exact,validation_F1,0.9328206235152048,0.9329520893331119,0.9459525719842324
CICIoT2023_R1,2718,0.1,Oracle-Score-Exact,validation_PR_AUC,0.9919875627254942,0.9921913161219587,0.9933885574682297
CICIoT2023_R1,2718,0.1,Oracle-Score-Exact,validation_FPR,0.003971022617282001,0.007391645155305589,0.02263207123744958
CICIoT2023_R1,2718,0.2,Full-Contextual,validation_F1,0.9262023166800848,0.8920814752320115,0.9505490806056843
CICIoT2023_R1,2718,0.2,Full-Contextual,validation_PR_AUC,0.967218018568147,0.8713729811470319,0.9921812486592094
CICIoT2023_R1,2718,0.2,Full-Contextual,validation_FPR,0.2720511148199919,0.6793202033036849,0.060589377652054535
CICIoT2023_R1,2718,0.2,Random-Budget,validation_F1,0.9087042589960134,0.9201793444643571,0.8681218289297671
CICIoT2023_R1,2718,0.2,Random-Budget,validation_PR_AUC,0.992068555678929,0.9914476240051212,0.9929765356513577
CICIoT2023_R1,2718,0.2,Random-Budget,validation_FPR,0.43640360546611195,0.21727774101512395,0.901903242521684
CICIoT2023_R1,2718,0.2,Cost-Only,validation_F1,0.9315588284981494,0.9289898646145135,0.9317211287328845
CICIoT2023_R1,2718,0.2,Cost-Only,validation_PR_AUC,0.9921032284803148,0.9924274005090203,0.9931369434055949
CICIoT2023_R1,2718,0.2,Cost-Only,validation_FPR,0.0021956965500206983,0.005167073434470337,0.0012433477032076285
CICIoT2023_R1,2718,0.2,Utility-Only,validation_F1,0.9363238246572442,0.9371873645687242,0.9322393546652228
CICIoT2023_R1,2718,0.2,Utility-Only,validation_PR_AUC,0.9922831044176642,0.9910164213319196,0.9927800557089996
CICIoT2023_R1,2718,0.2,Utility-Only,validation_FPR,0.010467843657555535,0.01891535837795323,0.002717672756251805
CICIoT2023_R1,2718,0.2,Utility-Cost-Ratio,validation_F1,0.9363238246572442,0.9371873645687242,0.9322393546652228
CICIoT2023_R1,2718,0.2,Utility-Cost-Ratio,validation_PR_AUC,0.9922831044176642,0.9910164213319196,0.9927800557089996
CICIoT2023_R1,2718,0.2,Utility-Cost-Ratio,validation_FPR,0.010467843657555535,0.01891535837795323,0.002717672756251805
CICIoT2023_R1,2718,0.2,CB-Score,validation_F1,0.9333418703385734,0.9266641470287712,0.9327214245073145
CICIoT2023_R1,2718,0.2,CB-Score,validation_PR_AUC,0.9924848355458533,0.9907061378325936,0.9933302076883814
CICIoT2023_R1,2718,0.2,CB-Score,validation_FPR,0.00514783908876964,0.0063039977714967055,0.003322659062073683
CICIoT2023_R1,2718,0.2,Historical-DoubleCost,validation_F1,0.9333418703385734,0.9266641470287712,0.9327214245073145
CICIoT2023_R1,2718,0.2,Historical-DoubleCost,validation_PR_AUC,0.9924848355458533,0.9907061378325936,0.9933302076883814
CICIoT2023_R1,2718,0.2,Historical-DoubleCost,validation_FPR,0.00514783908876964,0.0063039977714967055,0.003322659062073683
CICIoT2023_R1,2718,0.2,Oort-Style-Adapted,validation_F1,0.936136047508436,0.9371873645687242,0.9448779189488282
CICIoT2023_R1,2718,0.2,Oort-Style-Adapted,validation_PR_AUC,0.9919775618325722,0.9910164213319196,0.9936139378328792
CICIoT2023_R1,2718,0.2,Oort-Style-Adapted,validation_FPR,0.009668653059772927,0.01891535837795323,0.0200921219822109
CICIoT2023_R1,2718,0.2,Oracle-Score-Exact,validation_F1,0.9341619336963081,0.9284730236976447,0.9452521214536989
CICIoT2023_R1,2718,0.2,Oracle-Score-Exact,validation_PR_AUC,0.992512149363367,0.9906959127271185,0.9938413862223527
CICIoT2023_R1,2718,0.2,Oracle-Score-Exact,validation_FPR,0.006819542473972198,0.006910900752554811,0.01858059779361642
CICIoT2023_R1,2718,0.4,Full-Contextual,validation_F1,0.9391520549610736,0.8920814752320115,0.9564711923082608
CICIoT2023_R1,2718,0.4,Full-Contextual,validation_PR_AUC,0.979168496134385,0.8713729811470319,0.9928251309627959
CICIoT2023_R1,2718,0.4,Full-Contextual,validation_FPR,0.17006296049001263,0.6793202033036849,0.05693333443362052
CICIoT2023_R1,2718,0.4,Random-Budget,validation_F1,0.9298166276240895,0.9372863487502229,0.9454371853244703
CICIoT2023_R1,2718,0.4,Random-Budget,validation_PR_AUC,0.9921475248262644,0.9890385153122095,0.9932320336872751
CICIoT2023_R1,2718,0.4,Random-Budget,validation_FPR,0.14960963230776606,0.18178805682665225,0.23582535627895576
CICIoT2023_R1,2718,0.4,Cost-Only,validation_F1,0.9146617432857398,0.8972295755277377,0.8756132093193238
CICIoT2023_R1,2718,0.4,Cost-Only,validation_PR_AUC,0.9928528271510876,0.9894333315153199,0.9934442664503386
CICIoT2023_R1,2718,0.4,Cost-Only,validation_FPR,0.4684657798413731,0.14537258176934748,0.8371708508887544
CICIoT2023_R1,2718,0.4,Utility-Only,validation_F1,0.9341828332965124,0.9471450352932277,0.934580678218369
CICIoT2023_R1,2718,0.4,Utility-Only,validation_PR_AUC,0.9931320946646905,0.9915610027915452,0.9938676886530665
CICIoT2023_R1,2718,0.4,Utility-Only,validation_FPR,0.006966775059122,0.045318062351220295,0.005990984197150972
CICIoT2023_R1,2718,0.4,Utility-Cost-Ratio,validation_F1,0.9341828332965124,0.9471450352932277,0.934580678218369
CICIoT2023_R1,2718,0.4,Utility-Cost-Ratio,validation_PR_AUC,0.9931320946646905,0.9915610027915452,0.9938676886530665
CICIoT2023_R1,2718,0.4,Utility-Cost-Ratio,validation_FPR,0.006966775059122,0.045318062351220295,0.005990984197150972
CICIoT2023_R1,2718,0.4,CB-Score,validation_F1,0.9326909659153361,0.9341220023120197,0.9322875584730067
CICIoT2023_R1,2718,0.4,CB-Score,validation_PR_AUC,0.9927156586010264,0.9915926174019205,0.9931855073781636
CICIoT2023_R1,2718,0.4,CB-Score,validation_FPR,0.004923175205664586,0.011676328447726866,0.003010161513281266
CICIoT2023_R1,2718,0.4,Historical-DoubleCost,validation_F1,0.9326909659153361,0.9341220023120197,0.9322875584730067
CICIoT2023_R1,2718,0.4,Historical-DoubleCost,validation_PR_AUC,0.9927156586010264,0.9915926174019205,0.9931855073781636
CICIoT2023_R1,2718,0.4,Historical-DoubleCost,validation_FPR,0.004923175205664586,0.011676328447726866,0.003010161513281266
CICIoT2023_R1,2718,0.4,Oort-Style-Adapted,validation_F1,0.9343013294761708,0.931796174784108,0.9338188231612784
CICIoT2023_R1,2718,0.4,Oort-Style-Adapted,validation_PR_AUC,0.9928007131278949,0.9917026659639769,0.993388797344668
CICIoT2023_R1,2718,0.4,Oort-Style-Adapted,validation_FPR,0.006619957187010214,0.007551072096640413,0.0057179161372299
CICIoT2023_R1,2718,0.4,Oracle-Score-Exact,validation_F1,0.9325008265975736,0.9341220023120197,0.9323534267653122
CICIoT2023_R1,2718,0.4,Oracle-Score-Exact,validation_PR_AUC,0.9927120008241387,0.9915926174019205,0.9932542600124553
CICIoT2023_R1,2718,0.4,Oracle-Score-Exact,validation_FPR,0.004710840800099473,0.011676328447726866,0.0032425415390209887
CICIoT2023_R1,2718,0.6,Full-Contextual,validation_F1,0.9423362014752844,0.8920814752320115,0.9526868681578884
CICIoT2023_R1,2718,0.6,Full-Contextual,validation_PR_AUC,0.981805840771818,0.8713729811470319,0.9927077608392876
CICIoT2023_R1,2718,0.6,Full-Contextual,validation_FPR,0.14510006399517816,0.6793202033036849,0.0351895381091172
CICIoT2023_R1,2718,0.6,Random-Budget,validation_F1,0.9406471210411862,0.9320922552983927,0.9400882667278555
CICIoT2023_R1,2718,0.6,Random-Budget,validation_PR_AUC,0.9923169461396966,0.9867378494083835,0.9934013828391992
CICIoT2023_R1,2718,0.6,Random-Budget,validation_FPR,0.06096762739769449,0.026834019054136557,0.026220438966018805
CICIoT2023_R1,2718,0.6,Cost-Only,validation_F1,0.9429138219757486,0.9343090423262446,0.9400866712566268
CICIoT2023_R1,2718,0.6,Cost-Only,validation_PR_AUC,0.9922685971797903,0.9842500403701021,0.9935963499667729
CICIoT2023_R1,2718,0.6,Cost-Only,validation_FPR,0.18102654059319165,0.07428356494343791,0.3034998803794091
CICIoT2023_R1,2718,0.6,Utility-Only,validation_F1,0.933645192073017,0.9217662724121604,0.9348036150741772
CICIoT2023_R1,2718,0.6,Utility-Only,validation_PR_AUC,0.9927941755362268,0.9895507106373179,0.993565360202878
CICIoT2023_R1,2718,0.6,Utility-Only,validation_FPR,0.005871759865137798,0.013106390413552382,0.0057179161372299
CICIoT2023_R1,2718,0.6,Utility-Cost-Ratio,validation_F1,0.933645192073017,0.9217662724121604,0.9348036150741772
CICIoT2023_R1,2718,0.6,Utility-Cost-Ratio,validation_PR_AUC,0.9927941755362268,0.9895507106373179,0.993565360202878
CICIoT2023_R1,2718,0.6,Utility-Cost-Ratio,validation_FPR,0.005871759865137798,0.013106390413552382,0.0057179161372299
CICIoT2023_R1,2718,0.6,CB-Score,validation_F1,0.9318753123152761,0.9217662724121604,0.93329776274696
CICIoT2023_R1,2718,0.6,CB-Score,validation_PR_AUC,0.9927042758781384,0.9895507106373179,0.9934438738581641
CICIoT2023_R1,2718,0.6,CB-Score,validation_FPR,0.0042221454219552425,0.013106390413552382,0.0046909659867608216
CICIoT2023_R1,2718,0.6,Historical-DoubleCost,validation_F1,0.9319128444159568,0.9217662724121604,0.9333376891182885
CICIoT2023_R1,2718,0.6,Historical-DoubleCost,validation_PR_AUC,0.992693994373061,0.9895507106373179,0.9934837499160777
CICIoT2023_R1,2718,0.6,Historical-DoubleCost,validation_FPR,0.00431676182552536,0.013106390413552382,0.00467596999265565
CICIoT2023_R1,2718,0.6,Oort-Style-Adapted,validation_F1,0.9337472373196752,0.9217327371577259,0.9348652801913953
CICIoT2023_R1,2718,0.6,Oort-Style-Adapted,validation_PR_AUC,0.9927523028457323,0.9901951710563566,0.9934786719934093
CICIoT2023_R1,2718,0.6,Oort-Style-Adapted,validation_FPR,0.0058818498284992,0.009194162712773162,0.0064756500677392755
CICIoT2023_R1,2718,0.6,Oracle-Score-Exact,validation_F1,0.9318753123152761,0.9217662724121604,0.93329776274696
CICIoT2023_R1,2718,0.6,Oracle-Score-Exact,validation_PR_AUC,0.9927042758781384,0.9895507106373179,0.9934438738581641
CICIoT2023_R1,2718,0.6,Oracle-Score-Exact,validation_FPR,0.0042221454219552425,0.013106390413552382,0.0046909659867608216
CICIoT2023_R1,2718,0.8,Full-Contextual,validation_F1,0.9432319404654796,0.8920814752320115,0.9549037480416795
CICIoT2023_R1,2718,0.8,Full-Contextual,validation_PR_AUC,0.982619237715316,0.8713729811470319,0.9928294986412212
CICIoT2023_R1,2718,0.8,Full-Contextual,validation_FPR,0.13695382472086928,0.6793202033036849,0.04497524321244654
CICIoT2023_R1,2718,0.8,Random-Budget,validation_F1,0.9438348866424834,0.940273331183027,0.937665004770031
CICIoT2023_R1,2718,0.8,Random-Budget,validation_PR_AUC,0.9921507796067309,0.9790706820909577,0.9931594354322056
CICIoT2023_R1,2718,0.8,Random-Budget,validation_FPR,0.03245664778889541,0.08097515493814936,0.012231225779668068
CICIoT2023_R1,2718,0.8,Cost-Only,validation_F1,0.9466986291172875,0.9376811077754829,0.9488902561680124
CICIoT2023_R1,2718,0.8,Cost-Only,validation_PR_AUC,0.9923014021615313,0.9835295410761041,0.9936600943565099
CICIoT2023_R1,2718,0.8,Cost-Only,validation_FPR,0.035530946969860845,0.08109249456958086,0.024568529099147536
CICIoT2023_R1,2718,0.8,Utility-Only,validation_F1,0.9333783962089313,0.8991293683936605,0.9409442713546586
CICIoT2023_R1,2718,0.8,Utility-Only,validation_PR_AUC,0.9929329585588137,0.9894560033714325,0.9937398414415533
CICIoT2023_R1,2718,0.8,Utility-Only,validation_FPR,0.0064376404748761225,0.007971558675086343,0.0121505717916137
CICIoT2023_R1,2718,0.8,Utility-Cost-Ratio,validation_F1,0.9333783962089313,0.8991293683936605,0.9409442713546586
CICIoT2023_R1,2718,0.8,Utility-Cost-Ratio,validation_PR_AUC,0.9929329585588137,0.9894560033714325,0.9937398414415533
CICIoT2023_R1,2718,0.8,Utility-Cost-Ratio,validation_FPR,0.0064376404748761225,0.007971558675086343,0.0121505717916137
CICIoT2023_R1,2718,0.8,CB-Score,validation_F1,0.9311137547793003,0.902407460271685,0.9324104312076477
CICIoT2023_R1,2718,0.8,CB-Score,validation_PR_AUC,0.9924072380999246,0.9894955691294631,0.9931948573417995
CICIoT2023_R1,2718,0.8,CB-Score,validation_FPR,0.0038889621825081828,0.008089603019830215,0.0031578300079075266
CICIoT2023_R1,2718,0.8,Historical-DoubleCost,validation_F1,0.9311137547793003,0.902407460271685,0.9324104312076477
CICIoT2023_R1,2718,0.8,Historical-DoubleCost,validation_PR_AUC,0.9924072380999246,0.9894955691294631,0.9931948573417995
CICIoT2023_R1,2718,0.8,Historical-DoubleCost,validation_FPR,0.0038889621825081828,0.008089603019830215,0.0031578300079075266
CICIoT2023_R1,2718,0.8,Oort-Style-Adapted,validation_F1,0.9333783962089313,0.8991293683936605,0.9409442713546586
CICIoT2023_R1,2718,0.8,Oort-Style-Adapted,validation_PR_AUC,0.9929329585588137,0.9894560033714325,0.9937398414415533
CICIoT2023_R1,2718,0.8,Oort-Style-Adapted,validation_FPR,0.0064376404748761225,0.007971558675086343,0.0121505717916137
CICIoT2023_R1,2718,0.8,Oracle-Score-Exact,validation_F1,0.9311137547793003,0.902407460271685,0.9324104312076477
CICIoT2023_R1,2718,0.8,Oracle-Score-Exact,validation_PR_AUC,0.9924072380999246,0.9894955691294631,0.9931948573417995
CICIoT2023_R1,2718,0.8,Oracle-Score-Exact,validation_FPR,0.0038889621825081828,0.008089603019830215,0.0031578300079075266
CICIoT2023_R1,2718,1.0,Full-Contextual,validation_F1,0.9436935961914203,0.8920814752320115,0.956152852085805
CICIoT2023_R1,2718,1.0,Full-Contextual,validation_PR_AUC,0.9830258689390589,0.8713729811470319,0.9928203408339634
CICIoT2023_R1,2718,1.0,Full-Contextual,validation_FPR,0.1334054444056064,0.6793202033036849,0.0594363941412408
CICIoT2023_R1,2718,1.0,Random-Budget,validation_F1,0.9434481995256352,0.9375117363041404,0.9485963415492648
CICIoT2023_R1,2718,1.0,Random-Budget,validation_PR_AUC,0.9920479351461811,0.9842787837857088,0.9934737267479773
CICIoT2023_R1,2718,1.0,Random-Budget,validation_FPR,0.026428645864095476,0.07720674742009172,0.02160053992756974
CICIoT2023_R1,2718,1.0,Cost-Only,validation_F1,0.943447278831139,0.9375127041229834,0.9486010473785196
CICIoT2023_R1,2718,1.0,Cost-Only,validation_PR_AUC,0.992047483757707,0.9842778856986987,0.9934735272845099
CICIoT2023_R1,2718,1.0,Cost-Only,validation_FPR,0.026431491966064778,0.07720656366326342,0.021603963852331716
CICIoT2023_R1,2718,1.0,Utility-Only,validation_F1,0.9339802898328167,0.9357777201428235,0.9376062082247648
CICIoT2023_R1,2718,1.0,Utility-Only,validation_PR_AUC,0.9926948879565196,0.9851480522358769,0.9938056895307285
CICIoT2023_R1,2718,1.0,Utility-Only,validation_FPR,0.007504457935605291,0.059793132511482175,0.0081797966963151
CICIoT2023_R1,2718,1.0,Utility-Cost-Ratio,validation_F1,0.9339802898328167,0.9357777201428235,0.9376062082247648
CICIoT2023_R1,2718,1.0,Utility-Cost-Ratio,validation_PR_AUC,0.9926948879565196,0.9851480522358769,0.9938056895307285
CICIoT2023_R1,2718,1.0,Utility-Cost-Ratio,validation_FPR,0.007504457935605291,0.059793132511482175,0.0081797966963151
CICIoT2023_R1,2718,1.0,CB-Score,validation_F1,0.9311324661301777,0.902407460271685,0.9320221793654135
CICIoT2023_R1,2718,1.0,CB-Score,validation_PR_AUC,0.992442996243007,0.9894955691294631,0.9931109238653316
CICIoT2023_R1,2718,1.0,CB-Score,validation_FPR,0.003853431422653158,0.008089603019830215,0.0030335803544754244
CICIoT2023_R1,2718,1.0,Historical-DoubleCost,validation_F1,0.9311324661301777,0.902407460271685,0.9320221793654135
CICIoT2023_R1,2718,1.0,Historical-DoubleCost,validation_PR_AUC,0.992442996243007,0.9894955691294631,0.9931109238653316
CICIoT2023_R1,2718,1.0,Historical-DoubleCost,validation_FPR,0.003853431422653158,0.008089603019830215,0.0030335803544754244
CICIoT2023_R1,2718,1.0,Oort-Style-Adapted,validation_F1,0.9339802898328167,0.9357777201428235,0.9376062082247648
CICIoT2023_R1,2718,1.0,Oort-Style-Adapted,validation_PR_AUC,0.9926948879565196,0.9851480522358769,0.9938056895307285
CICIoT2023_R1,2718,1.0,Oort-Style-Adapted,validation_FPR,0.007504457935605291,0.059793132511482175,0.0081797966963151
CICIoT2023_R1,2718,1.0,Oracle-Score-Exact,validation_F1,0.9311324661301777,0.902407460271685,0.9320221793654135
CICIoT2023_R1,2718,1.0,Oracle-Score-Exact,validation_PR_AUC,0.992442996243007,0.9894955691294631,0.9931109238653316
CICIoT2023_R1,2718,1.0,Oracle-Score-Exact,validation_FPR,0.003853431422653158,0.008089603019830215,0.0030335803544754244
CICIoT2023_R1,9001,0.1,Full-Contextual,validation_F1,0.9379818187527691,0.945536820557022,0.9542383370713126
CICIoT2023_R1,9001,0.1,Full-Contextual,validation_PR_AUC,0.9866105757771968,0.983250151810336,0.992498618309591
CICIoT2023_R1,9001,0.1,Full-Contextual,validation_FPR,0.15799410344436238,0.1238495075084773,0.08896453297965609
CICIoT2023_R1,9001,0.1,Random-Budget,validation_F1,0.9175342375586191,0.8586298993311571,0.9437010546371719
CICIoT2023_R1,9001,0.1,Random-Budget,validation_PR_AUC,0.9920550955579843,0.9828382260323478,0.9935983635480005
CICIoT2023_R1,9001,0.1,Random-Budget,validation_FPR,0.48339213896255273,1.0,0.28800742892477593
CICIoT2023_R1,9001,0.1,Cost-Only,validation_F1,0.8711802738193779,0.8586298993311571,0.8586298993311571
CICIoT2023_R1,9001,0.1,Cost-Only,validation_PR_AUC,0.9873276949138114,0.8899998904627943,0.9914846990727783
CICIoT2023_R1,9001,0.1,Cost-Only,validation_FPR,0.8861601012509548,1.0,1.0
CICIoT2023_R1,9001,0.1,Utility-Only,validation_F1,0.9399564145431917,0.8937164133930561,0.9368146949116756
CICIoT2023_R1,9001,0.1,Utility-Only,validation_PR_AUC,0.9919627195392505,0.9524160553021837,0.993282881679744
CICIoT2023_R1,9001,0.1,Utility-Only,validation_FPR,0.12717999471452354,0.7078119344977923,0.0123526562247699
CICIoT2023_R1,9001,0.1,Utility-Cost-Ratio,validation_F1,0.9399564145431917,0.8937164133930561,0.9368146949116756
CICIoT2023_R1,9001,0.1,Utility-Cost-Ratio,validation_PR_AUC,0.9919627195392505,0.9524160553021837,0.993282881679744
CICIoT2023_R1,9001,0.1,Utility-Cost-Ratio,validation_FPR,0.12717999471452354,0.7078119344977923,0.0123526562247699
CICIoT2023_R1,9001,0.1,CB-Score,validation_F1,0.9320232295003925,0.9237412929503239,0.9400209422178253
CICIoT2023_R1,9001,0.1,CB-Score,validation_PR_AUC,0.9910249845590516,0.9878204290810667,0.9914012127534171
CICIoT2023_R1,9001,0.1,CB-Score,validation_FPR,0.033581750673601835,0.0008880994671403,0.14443380310038073
CICIoT2023_R1,9001,0.1,Historical-DoubleCost,validation_F1,0.9320232295003925,0.9237412929503239,0.9400209422178253
CICIoT2023_R1,9001,0.1,Historical-DoubleCost,validation_PR_AUC,0.9910249845590516,0.9878204290810667,0.9914012127534171
CICIoT2023_R1,9001,0.1,Historical-DoubleCost,validation_FPR,0.033581750673601835,0.0008880994671403,0.14443380310038073
CICIoT2023_R1,9001,0.1,Oort-Style-Adapted,validation_F1,0.9399564145431917,0.8937164133930561,0.9368146949116756
CICIoT2023_R1,9001,0.1,Oort-Style-Adapted,validation_PR_AUC,0.9919627195392505,0.9524160553021837,0.993282881679744
CICIoT2023_R1,9001,0.1,Oort-Style-Adapted,validation_FPR,0.12717999471452354,0.7078119344977923,0.0123526562247699
CICIoT2023_R1,9001,0.1,Oracle-Score-Exact,validation_F1,0.9320232295003925,0.9237412929503239,0.9400209422178253
CICIoT2023_R1,9001,0.1,Oracle-Score-Exact,validation_PR_AUC,0.9910249845590516,0.9878204290810667,0.9914012127534171
CICIoT2023_R1,9001,0.1,Oracle-Score-Exact,validation_FPR,0.033581750673601835,0.0008880994671403,0.14443380310038073
CICIoT2023_R1,9001,0.2,Full-Contextual,validation_F1,0.943769332496329,0.945536820557022,0.9533852654070737
CICIoT2023_R1,9001,0.2,Full-Contextual,validation_PR_AUC,0.9887711537448799,0.983250151810336,0.9930091368380761
CICIoT2023_R1,9001,0.2,Full-Contextual,validation_FPR,0.12871862569529777,0.1238495075084773,0.10432907924946336
CICIoT2023_R1,9001,0.2,Random-Budget,validation_F1,0.9158192898502446,0.9310505687234837,0.862157572643075
CICIoT2023_R1,9001,0.2,Random-Budget,validation_PR_AUC,0.9920462607280289,0.9888861780359772,0.9905722503191186
CICIoT2023_R1,9001,0.2,Random-Budget,validation_FPR,0.3838171458772543,0.3714107727483449,0.9688688851971547
CICIoT2023_R1,9001,0.2,Cost-Only,validation_F1,0.8666354681016721,0.9529407913916313,0.8586298993311571
CICIoT2023_R1,9001,0.2,Cost-Only,validation_PR_AUC,0.9904379676417493,0.9901567602561856,0.9906870669612348
CICIoT2023_R1,9001,0.2,Cost-Only,validation_FPR,0.9305028586210526,0.10916410563234638,1.0
CICIoT2023_R1,9001,0.2,Utility-Only,validation_F1,0.9321735687151322,0.9263462493798654,0.9308933848601956
CICIoT2023_R1,9001,0.2,Utility-Only,validation_PR_AUC,0.9909694616658661,0.986234494928198,0.9907984091087096
CICIoT2023_R1,9001,0.2,Utility-Only,validation_FPR,0.025058776605564253,0.004898756431850315,0.0008073631519457
CICIoT2023_R1,9001,0.2,Utility-Cost-Ratio,validation_F1,0.9321735687151322,0.9263462493798654,0.9308933848601956
CICIoT2023_R1,9001,0.2,Utility-Cost-Ratio,validation_PR_AUC,0.9909694616658661,0.986234494928198,0.9907984091087096
CICIoT2023_R1,9001,0.2,Utility-Cost-Ratio,validation_FPR,0.025058776605564253,0.004898756431850315,0.0008073631519457
CICIoT2023_R1,9001,0.2,CB-Score,validation_F1,0.93159318743259,0.9202838370279863,0.9313729406959355
CICIoT2023_R1,9001,0.2,CB-Score,validation_PR_AUC,0.9915376852892342,0.9908023679300301,0.991347092654382
CICIoT2023_R1,9001,0.2,CB-Score,validation_FPR,0.024998498815011656,0.01200077606912511,0.05862992628771152
CICIoT2023_R1,9001,0.2,Historical-DoubleCost,validation_F1,0.9256388276027376,0.9297368676840836,0.9439234320842634
CICIoT2023_R1,9001,0.2,Historical-DoubleCost,validation_PR_AUC,0.9911655998772168,0.9903700553070027,0.9933550129163299
CICIoT2023_R1,9001,0.2,Historical-DoubleCost,validation_FPR,0.06098024645354431,0.33657928970836576,0.15233584076927123
CICIoT2023_R1,9001,0.2,Oort-Style-Adapted,validation_F1,0.9299255722386501,0.9367952688053454,0.9313673065893792
CICIoT2023_R1,9001,0.2,Oort-Style-Adapted,validation_PR_AUC,0.9910859145799406,0.9923855754931328,0.9903427002296291
CICIoT2023_R1,9001,0.2,Oort-Style-Adapted,validation_FPR,0.006787684229361469,0.026614334438587708,0.0024259973366869193
CICIoT2023_R1,9001,0.2,Oracle-Score-Exact,validation_F1,0.9261552943496628,0.9297368676840836,0.9537151607016916
CICIoT2023_R1,9001,0.2,Oracle-Score-Exact,validation_PR_AUC,0.9912046360447823,0.9903700553070027,0.9934790162306494
CICIoT2023_R1,9001,0.2,Oracle-Score-Exact,validation_FPR,0.07722570365188207,0.33657928970836576,0.07286708658785718
CICIoT2023_R1,9001,0.4,Full-Contextual,validation_F1,0.9479085237468164,0.945536820557022,0.9523332176869307
CICIoT2023_R1,9001,0.4,Full-Contextual,validation_PR_AUC,0.9909042698326822,0.983250151810336,0.9933549429465589
CICIoT2023_R1,9001,0.4,Full-Contextual,validation_FPR,0.13144572441930877,0.1238495075084773,0.1458599506981521
CICIoT2023_R1,9001,0.4,Random-Budget,validation_F1,0.9043727197149252,0.9089793075968238,0.9304649213483515
CICIoT2023_R1,9001,0.4,Random-Budget,validation_PR_AUC,0.9899658141652413,0.9520228919489241,0.9927224372131854
CICIoT2023_R1,9001,0.4,Random-Budget,validation_FPR,0.39950744304584984,0.36096166296954835,0.03869281627900641
CICIoT2023_R1,9001,0.4,Cost-Only,validation_F1,0.8808714341296005,0.9200771828844145,0.8695138994998219
CICIoT2023_R1,9001,0.4,Cost-Only,validation_PR_AUC,0.990958949330391,0.978017239512841,0.9927476626201813
CICIoT2023_R1,9001,0.4,Cost-Only,validation_FPR,0.8081389260945654,0.3159923781780074,0.9107073684134549
CICIoT2023_R1,9001,0.4,Utility-Only,validation_F1,0.931696085554206,0.9252211978614122,0.9318346497582345
CICIoT2023_R1,9001,0.4,Utility-Only,validation_PR_AUC,0.992303758590981,0.9891517383622346,0.992881788869714
CICIoT2023_R1,9001,0.4,Utility-Only,validation_FPR,0.003906202243666753,0.012885526599842372,0.0030902598246530335
CICIoT2023_R1,9001,0.4,Utility-Cost-Ratio,validation_F1,0.931696085554206,0.9252211978614122,0.9318346497582345
CICIoT2023_R1,9001,0.4,Utility-Cost-Ratio,validation_PR_AUC,0.992303758590981,0.9891517383622346,0.992881788869714
CICIoT2023_R1,9001,0.4,Utility-Cost-Ratio,validation_FPR,0.003906202243666753,0.012885526599842372,0.0030902598246530335
CICIoT2023_R1,9001,0.4,CB-Score,validation_F1,0.9312893426470059,0.9252211978614122,0.9316573573364144
CICIoT2023_R1,9001,0.4,CB-Score,validation_PR_AUC,0.9921789960816657,0.9891517383622346,0.9925541347345079
CICIoT2023_R1,9001,0.4,CB-Score,validation_FPR,0.0031379895339918385,0.012885526599842372,0.0022787258734294656
CICIoT2023_R1,9001,0.4,Historical-DoubleCost,validation_F1,0.9312893426470059,0.9252211978614122,0.9316573573364144
CICIoT2023_R1,9001,0.4,Historical-DoubleCost,validation_PR_AUC,0.9921789960816657,0.9891517383622346,0.9925541347345079
CICIoT2023_R1,9001,0.4,Historical-DoubleCost,validation_FPR,0.0031379895339918385,0.012885526599842372,0.0022787258734294656
CICIoT2023_R1,9001,0.4,Oort-Style-Adapted,validation_F1,0.9301324605201576,0.9207246673370035,0.931476512925344
CICIoT2023_R1,9001,0.4,Oort-Style-Adapted,validation_PR_AUC,0.9922200883457677,0.9904729172049072,0.9920236388780542
CICIoT2023_R1,9001,0.4,Oort-Style-Adapted,validation_FPR,0.005742370285049988,0.020904997425948306,0.001695462619086
CICIoT2023_R1,9001,0.4,Oracle-Score-Exact,validation_F1,0.9312893426470059,0.9252211978614122,0.9316573573364144
CICIoT2023_R1,9001,0.4,Oracle-Score-Exact,validation_PR_AUC,0.9921789960816657,0.9891517383622346,0.9925541347345079
CICIoT2023_R1,9001,0.4,Oracle-Score-Exact,validation_FPR,0.0031379895339918385,0.012885526599842372,0.0022787258734294656
CICIoT2023_R1,9001,0.6,Full-Contextual,validation_F1,0.9485816366199035,0.945536820557022,0.9515761252563177
CICIoT2023_R1,9001,0.6,Full-Contextual,validation_PR_AUC,0.9912999745445508,0.983250151810336,0.9932600884828439
CICIoT2023_R1,9001,0.6,Full-Contextual,validation_FPR,0.13444443602062964,0.1238495075084773,0.16344545899512153
CICIoT2023_R1,9001,0.6,Random-Budget,validation_F1,0.9163465752329144,0.8415076301209407,0.9457635495300554
CICIoT2023_R1,9001,0.6,Random-Budget,validation_PR_AUC,0.9872527119566247,0.9833108020555795,0.9927656593985459
CICIoT2023_R1,9001,0.6,Random-Budget,validation_FPR,0.27736317838952307,0.10657081940853852,0.20035993063892482
CICIoT2023_R1,9001,0.6,Cost-Only,validation_F1,0.924762200982009,0.9418401416756295,0.8979950843368325
CICIoT2023_R1,9001,0.6,Cost-Only,validation_PR_AUC,0.9912342821183309,0.985744484686602,0.9926060975582036
CICIoT2023_R1,9001,0.6,Cost-Only,validation_FPR,0.42006102100856035,0.10150600498729379,0.6693485609181978
CICIoT2023_R1,9001,0.6,Utility-Only,validation_F1,0.9319327625187701,0.9256498456624398,0.9317862664718648
CICIoT2023_R1,9001,0.6,Utility-Only,validation_PR_AUC,0.9918875771573327,0.9900948443642933,0.9926804185407568
CICIoT2023_R1,9001,0.6,Utility-Only,validation_FPR,0.006029448953145588,0.03759333616566356,0.0032294526077829
CICIoT2023_R1,9001,0.6,Utility-Cost-Ratio,validation_F1,0.9319327625187701,0.9256498456624398,0.9317862664718648
CICIoT2023_R1,9001,0.6,Utility-Cost-Ratio,validation_PR_AUC,0.9918875771573327,0.9900948443642933,0.9926804185407568
CICIoT2023_R1,9001,0.6,Utility-Cost-Ratio,validation_FPR,0.006029448953145588,0.03759333616566356,0.0032294526077829
CICIoT2023_R1,9001,0.6,CB-Score,validation_F1,0.9304908514485248,0.9256498456624398,0.9316626777502095
CICIoT2023_R1,9001,0.6,CB-Score,validation_PR_AUC,0.991736935141742,0.9900948443642933,0.9925151129094236
CICIoT2023_R1,9001,0.6,CB-Score,validation_FPR,0.004407307638695486,0.03759333616566356,0.0031467493776647358
CICIoT2023_R1,9001,0.6,Historical-DoubleCost,validation_F1,0.9304908514485248,0.9256498456624398,0.9316626777502095
CICIoT2023_R1,9001,0.6,Historical-DoubleCost,validation_PR_AUC,0.991736935141742,0.9900948443642933,0.9925151129094236
CICIoT2023_R1,9001,0.6,Historical-DoubleCost,validation_FPR,0.004407307638695486,0.03759333616566356,0.0031467493776647358
CICIoT2023_R1,9001,0.6,Oort-Style-Adapted,validation_F1,0.9279272786813472,0.8839103371551938,0.9317716656550646
CICIoT2023_R1,9001,0.6,Oort-Style-Adapted,validation_PR_AUC,0.9920427286999706,0.9890650698862411,0.9927043724527286
CICIoT2023_R1,9001,0.6,Oort-Style-Adapted,validation_FPR,0.004549619205837969,0.0075951217040248434,0.0031487162925884
CICIoT2023_R1,9001,0.6,Oracle-Score-Exact,validation_F1,0.9304908514485248,0.9256498456624398,0.9316626777502095
CICIoT2023_R1,9001,0.6,Oracle-Score-Exact,validation_PR_AUC,0.991736935141742,0.9900948443642933,0.9925151129094236
CICIoT2023_R1,9001,0.6,Oracle-Score-Exact,validation_FPR,0.004407307638695486,0.03759333616566356,0.0031467493776647358
CICIoT2023_R1,9001,0.8,Full-Contextual,validation_F1,0.948687882020616,0.945536820557022,0.951025866928259
CICIoT2023_R1,9001,0.8,Full-Contextual,validation_PR_AUC,0.9914338227041498,0.983250151810336,0.9933737811324251
CICIoT2023_R1,9001,0.8,Full-Contextual,validation_FPR,0.13915317911517724,0.1238495075084773,0.18092778541055116
CICIoT2023_R1,9001,0.8,Random-Budget,validation_F1,0.9428320032175564,0.9255839099398823,0.9316441542586577
CICIoT2023_R1,9001,0.8,Random-Budget,validation_PR_AUC,0.991478498136709,0.9690934334894202,0.9919617054037597
CICIoT2023_R1,9001,0.8,Random-Budget,validation_FPR,0.14592734138192828,0.34250355194053284,0.0061940735621247665
CICIoT2023_R1,9001,0.8,Cost-Only,validation_F1,0.9445295136216598,0.9452937158454909,0.9478278297045772
CICIoT2023_R1,9001,0.8,Cost-Only,validation_PR_AUC,0.9919884479964557,0.9850924388834135,0.9935945494754321
CICIoT2023_R1,9001,0.8,Cost-Only,validation_FPR,0.21983880655952545,0.1062905723330372,0.20927681614624824
CICIoT2023_R1,9001,0.8,Utility-Only,validation_F1,0.9287161992023667,0.8746261392652568,0.9318127012496986
CICIoT2023_R1,9001,0.8,Utility-Only,validation_PR_AUC,0.9920404538261154,0.9892724576034534,0.9927095363389062
CICIoT2023_R1,9001,0.8,Utility-Only,validation_FPR,0.003874276010757943,0.009116514478868798,0.0030679799773938
CICIoT2023_R1,9001,0.8,Utility-Cost-Ratio,validation_F1,0.9287161992023667,0.8746261392652568,0.9318127012496986
CICIoT2023_R1,9001,0.8,Utility-Cost-Ratio,validation_PR_AUC,0.9920404538261154,0.9892724576034534,0.9927095363389062
CICIoT2023_R1,9001,0.8,Utility-Cost-Ratio,validation_FPR,0.003874276010757943,0.009116514478868798,0.0030679799773938
CICIoT2023_R1,9001,0.8,CB-Score,validation_F1,0.9283877608272542,0.8746261392652568,0.9320296160557711
CICIoT2023_R1,9001,0.8,CB-Score,validation_PR_AUC,0.9922258032838612,0.9892724576034534,0.9927776299684298
CICIoT2023_R1,9001,0.8,CB-Score,validation_FPR,0.004522282305440042,0.009116514478868798,0.0037447463411561677
CICIoT2023_R1,9001,0.8,Historical-DoubleCost,validation_F1,0.9283877608272542,0.8746261392652568,0.9320296160557711
CICIoT2023_R1,9001,0.8,Historical-DoubleCost,validation_PR_AUC,0.9922258032838612,0.9892724576034534,0.9927776299684298
CICIoT2023_R1,9001,0.8,Historical-DoubleCost,validation_FPR,0.004522282305440042,0.009116514478868798,0.0037447463411561677
CICIoT2023_R1,9001,0.8,Oort-Style-Adapted,validation_F1,0.9287161992023667,0.8746261392652568,0.9318127012496986
CICIoT2023_R1,9001,0.8,Oort-Style-Adapted,validation_PR_AUC,0.9920404538261154,0.9892724576034534,0.9927095363389062
CICIoT2023_R1,9001,0.8,Oort-Style-Adapted,validation_FPR,0.003874276010757943,0.009116514478868798,0.0030679799773938
CICIoT2023_R1,9001,0.8,Oracle-Score-Exact,validation_F1,0.9283877608272542,0.8746261392652568,0.9320296160557711
CICIoT2023_R1,9001,0.8,Oracle-Score-Exact,validation_PR_AUC,0.9922258032838612,0.9892724576034534,0.9927776299684298
CICIoT2023_R1,9001,0.8,Oracle-Score-Exact,validation_FPR,0.004522282305440042,0.009116514478868798,0.0037447463411561677
CICIoT2023_R1,9001,1.0,Full-Contextual,validation_F1,0.9487361850581374,0.945536820557022,0.951379433717065
CICIoT2023_R1,9001,1.0,Full-Contextual,validation_PR_AUC,0.9913707426185024,0.983250151810336,0.9933080304669825
CICIoT2023_R1,9001,1.0,Full-Contextual,validation_FPR,0.13523242876608643,0.1238495075084773,0.17015615651640809
CICIoT2023_R1,9001,1.0,Random-Budget,validation_F1,0.9491439684830231,0.945386677493014,0.9509527523186965
CICIoT2023_R1,9001,1.0,Random-Budget,validation_PR_AUC,0.9919912360062879,0.9844218797597902,0.993371429628416
CICIoT2023_R1,9001,1.0,Random-Budget,validation_FPR,0.14870595295367114,0.1089044027325817,0.17323874415402057
CICIoT2023_R1,9001,1.0,Cost-Only,validation_F1,0.949144051192554,0.9453870854801508,0.9509556665129384
CICIoT2023_R1,9001,1.0,Cost-Only,validation_PR_AUC,0.9919908582814929,0.9844205458281674,0.9933714597269044
CICIoT2023_R1,9001,1.0,Cost-Only,validation_FPR,0.14869531421436785,0.10891822532115436,0.17315750196381427
CICIoT2023_R1,9001,1.0,Utility-Only,validation_F1,0.929301091895597,0.9157664713252205,0.933636955107352
CICIoT2023_R1,9001,1.0,Utility-Only,validation_PR_AUC,0.9918725489164604,0.9849292253413298,0.9934100579628686
CICIoT2023_R1,9001,1.0,Utility-Only,validation_FPR,0.0058808551556026566,0.0770707499715252,0.0067011141611496
CICIoT2023_R1,9001,1.0,Utility-Cost-Ratio,validation_F1,0.929301091895597,0.9157664713252205,0.933636955107352
CICIoT2023_R1,9001,1.0,Utility-Cost-Ratio,validation_PR_AUC,0.9918725489164604,0.9849292253413298,0.9934100579628686
CICIoT2023_R1,9001,1.0,Utility-Cost-Ratio,validation_FPR,0.0058808551556026566,0.0770707499715252,0.0067011141611496
CICIoT2023_R1,9001,1.0,CB-Score,validation_F1,0.9282157579373799,0.8746261392652568,0.932231218091693
CICIoT2023_R1,9001,1.0,CB-Score,validation_PR_AUC,0.9922060082072685,0.9892724576034534,0.9931239241409981
CICIoT2023_R1,9001,1.0,CB-Score,validation_FPR,0.004576566579244982,0.009116514478868798,0.0040368157597287
CICIoT2023_R1,9001,1.0,Historical-DoubleCost,validation_F1,0.9282157579373799,0.8746261392652568,0.932231218091693
CICIoT2023_R1,9001,1.0,Historical-DoubleCost,validation_PR_AUC,0.9922060082072685,0.9892724576034534,0.9931239241409981
CICIoT2023_R1,9001,1.0,Historical-DoubleCost,validation_FPR,0.004576566579244982,0.009116514478868798,0.0040368157597287
CICIoT2023_R1,9001,1.0,Oort-Style-Adapted,validation_F1,0.929301091895597,0.9157664713252205,0.933636955107352
CICIoT2023_R1,9001,1.0,Oort-Style-Adapted,validation_PR_AUC,0.9918725489164604,0.9849292253413298,0.9934100579628686
CICIoT2023_R1,9001,1.0,Oort-Style-Adapted,validation_FPR,0.0058808551556026566,0.0770707499715252,0.0067011141611496
CICIoT2023_R1,9001,1.0,Oracle-Score-Exact,validation_F1,0.9282157579373799,0.8746261392652568,0.932231218091693
CICIoT2023_R1,9001,1.0,Oracle-Score-Exact,validation_PR_AUC,0.9922060082072685,0.9892724576034534,0.9931239241409981
CICIoT2023_R1,9001,1.0,Oracle-Score-Exact,validation_FPR,0.004576566579244982,0.009116514478868798,0.0040368157597287
CICIoT2023_R1,2027,0.1,Full-Contextual,validation_F1,0.934967692855991,0.926947400467736,0.9339513555756005
CICIoT2023_R1,2027,0.1,Full-Contextual,validation_PR_AUC,0.9887964733129188,0.968902072901378,0.9929617317272609
CICIoT2023_R1,2027,0.1,Full-Contextual,validation_FPR,0.027318459344600525,0.1085972850678733,0.011071628792355332
CICIoT2023_R1,2027,0.1,Random-Budget,validation_F1,0.9452900317618299,0.9478817862268331,0.9337068642983358
CICIoT2023_R1,2027,0.1,Random-Budget,validation_PR_AUC,0.9907793746326776,0.9923727498886632,0.9926592021318582
CICIoT2023_R1,2027,0.1,Random-Budget,validation_FPR,0.07899589310353188,0.05807960352995034,0.02586664712101964
CICIoT2023_R1,2027,0.1,Cost-Only,validation_F1,0.8562481885352671,0.8558745123165109,0.8656582435598602
CICIoT2023_R1,2027,0.1,Cost-Only,validation_PR_AUC,0.9382846706116026,0.8280523420550223,0.9565243912928247
CICIoT2023_R1,2027,0.1,Cost-Only,validation_FPR,0.9734633187056734,1.0,0.04286002542875206
CICIoT2023_R1,2027,0.1,Utility-Only,validation_F1,0.9399223354412959,0.8905811055498247,0.9455936130419004
CICIoT2023_R1,2027,0.1,Utility-Only,validation_PR_AUC,0.9929382838419684,0.9903671061470695,0.9938350849225134
CICIoT2023_R1,2027,0.1,Utility-Only,validation_FPR,0.02900884153135389,0.014727480545311448,0.0292926887354131
CICIoT2023_R1,2027,0.1,Utility-Cost-Ratio,validation_F1,0.9397591985114356,0.8905811055498247,0.9511731951519538
CICIoT2023_R1,2027,0.1,Utility-Cost-Ratio,validation_PR_AUC,0.9928651253952705,0.9903671061470695,0.9932469223281088
CICIoT2023_R1,2027,0.1,Utility-Cost-Ratio,validation_FPR,0.03688559724508106,0.014727480545311448,0.06487664145375714
CICIoT2023_R1,2027,0.1,CB-Score,validation_F1,0.9454401918872745,0.9323499611465741,0.9447484329885941
CICIoT2023_R1,2027,0.1,CB-Score,validation_PR_AUC,0.9930231096207204,0.9898496313817462,0.9928730856310087
CICIoT2023_R1,2027,0.1,CB-Score,validation_FPR,0.04421222956218819,0.01924436500365531,0.02343721805808515
CICIoT2023_R1,2027,0.1,Historical-DoubleCost,validation_F1,0.9454401918872745,0.9323499611465741,0.9447484329885941
CICIoT2023_R1,2027,0.1,Historical-DoubleCost,validation_PR_AUC,0.9930231096207204,0.9898496313817462,0.9928730856310087
CICIoT2023_R1,2027,0.1,Historical-DoubleCost,validation_FPR,0.04421222956218819,0.01924436500365531,0.02343721805808515
CICIoT2023_R1,2027,0.1,Oort-Style-Adapted,validation_F1,0.942171244181422,0.8905811055498247,0.9488795711499328
CICIoT2023_R1,2027,0.1,Oort-Style-Adapted,validation_PR_AUC,0.9930494408076208,0.9903671061470695,0.9937435798417803
CICIoT2023_R1,2027,0.1,Oort-Style-Adapted,validation_FPR,0.03381788325149193,0.014727480545311448,0.031756459451539404
CICIoT2023_R1,2027,0.1,Oracle-Score-Exact,validation_F1,0.9454401918872745,0.9323499611465741,0.9447484329885941
CICIoT2023_R1,2027,0.1,Oracle-Score-Exact,validation_PR_AUC,0.9930231096207204,0.9898496313817462,0.9928730856310087
CICIoT2023_R1,2027,0.1,Oracle-Score-Exact,validation_FPR,0.04421222956218819,0.01924436500365531,0.02343721805808515
CICIoT2023_R1,2027,0.2,Full-Contextual,validation_F1,0.9347083125026414,0.926947400467736,0.9344832397364047
CICIoT2023_R1,2027,0.2,Full-Contextual,validation_PR_AUC,0.9899992994580802,0.968902072901378,0.9932393922718757
CICIoT2023_R1,2027,0.2,Full-Contextual,validation_FPR,0.022588897393674614,0.1085972850678733,0.009135100701702559
CICIoT2023_R1,2027,0.2,Random-Budget,validation_F1,0.9288545123819277,0.8719958400120406,0.9584389913354223
CICIoT2023_R1,2027,0.2,Random-Budget,validation_PR_AUC,0.9904503508038635,0.964640983192431,0.9940319881237426
CICIoT2023_R1,2027,0.2,Random-Budget,validation_FPR,0.16117650565936614,0.21150849032351823,0.07244514634587473
CICIoT2023_R1,2027,0.2,Cost-Only,validation_F1,0.9103409717273114,0.8815326236631739,0.9331859700344133
CICIoT2023_R1,2027,0.2,Cost-Only,validation_PR_AUC,0.9859600652713643,0.8859558353523078,0.9933339855288982
CICIoT2023_R1,2027,0.2,Cost-Only,validation_FPR,0.4234830706031882,0.6491715800770903,0.36880109156589475
CICIoT2023_R1,2027,0.2,Utility-Only,validation_F1,0.9219067063669325,0.8809189925013853,0.9290080597826864
CICIoT2023_R1,2027,0.2,Utility-Only,validation_PR_AUC,0.9910604182116892,0.9888872783312238,0.9895142228277082
CICIoT2023_R1,2027,0.2,Utility-Only,validation_FPR,0.0070315700393252896,0.01609046021046301,0.0002381519409383
CICIoT2023_R1,2027,0.2,Utility-Cost-Ratio,validation_F1,0.9219067063669325,0.8809189925013853,0.9290080597826864
CICIoT2023_R1,2027,0.2,Utility-Cost-Ratio,validation_PR_AUC,0.9910604182116892,0.9888872783312238,0.9895142228277082
CICIoT2023_R1,2027,0.2,Utility-Cost-Ratio,validation_FPR,0.0070315700393252896,0.01609046021046301,0.0002381519409383
CICIoT2023_R1,2027,0.2,CB-Score,validation_F1,0.9275571075255632,0.8809189925013853,0.9337046606917855
CICIoT2023_R1,2027,0.2,CB-Score,validation_PR_AUC,0.9916670313391855,0.9888872783312238,0.993459109340885
CICIoT2023_R1,2027,0.2,CB-Score,validation_FPR,0.017676983132873338,0.01609046021046301,0.007397526215195034
CICIoT2023_R1,2027,0.2,Historical-DoubleCost,validation_F1,0.9275571075255632,0.8809189925013853,0.9337046606917855
CICIoT2023_R1,2027,0.2,Historical-DoubleCost,validation_PR_AUC,0.9916670313391855,0.9888872783312238,0.993459109340885
CICIoT2023_R1,2027,0.2,Historical-DoubleCost,validation_FPR,0.017676983132873338,0.01609046021046301,0.007397526215195034
CICIoT2023_R1,2027,0.2,Oort-Style-Adapted,validation_F1,0.9282873543685992,0.872184110886647,0.9297206967036885
CICIoT2023_R1,2027,0.2,Oort-Style-Adapted,validation_PR_AUC,0.9911685018945006,0.9885088809420959,0.9903642163067113
CICIoT2023_R1,2027,0.2,Oort-Style-Adapted,validation_FPR,0.023365053756388653,0.006297076697588354,0.0020810542823376742
CICIoT2023_R1,2027,0.2,Oracle-Score-Exact,validation_F1,0.9277762525536816,0.8809189925013853,0.952493545934886
CICIoT2023_R1,2027,0.2,Oracle-Score-Exact,validation_PR_AUC,0.99162865331112,0.9888872783312238,0.9931947100592852
CICIoT2023_R1,2027,0.2,Oracle-Score-Exact,validation_FPR,0.01934659182916401,0.01609046021046301,0.07254621321138487
CICIoT2023_R1,2027,0.4,Full-Contextual,validation_F1,0.9354252729334116,0.926947400467736,0.9386809953941458
CICIoT2023_R1,2027,0.4,Full-Contextual,validation_PR_AUC,0.9915183993115456,0.968902072901378,0.9934936879731696
CICIoT2023_R1,2027,0.4,Full-Contextual,validation_FPR,0.01656981266318176,0.1085972850678733,0.010618513136274939
CICIoT2023_R1,2027,0.4,Random-Budget,validation_F1,0.94060919493523,0.9384780225890699,0.9446292029873566
CICIoT2023_R1,2027,0.4,Random-Budget,validation_PR_AUC,0.9929074202902606,0.9900167591089355,0.9939499577345643
CICIoT2023_R1,2027,0.4,Random-Budget,validation_FPR,0.04918631406011292,0.10586544761949973,0.01995206100544605
CICIoT2023_R1,2027,0.4,Cost-Only,validation_F1,0.9407156246097994,0.9259768090925146,0.9520612754404177
CICIoT2023_R1,2027,0.4,Cost-Only,validation_PR_AUC,0.9922412985971979,0.9893518657711453,0.9932023042149749
CICIoT2023_R1,2027,0.4,Cost-Only,validation_FPR,0.07983567609207697,0.10768098819663077,0.14959586625782567
CICIoT2023_R1,2027,0.4,Utility-Only,validation_F1,0.9321816787662612,0.8764407562173366,0.9406723558046396
CICIoT2023_R1,2027,0.4,Utility-Only,validation_PR_AUC,0.9931905788869602,0.9895001621047828,0.9940049014287526
CICIoT2023_R1,2027,0.4,Utility-Only,validation_FPR,0.0075021018235972795,0.007906161702381056,0.011662553966289084
CICIoT2023_R1,2027,0.4,Utility-Cost-Ratio,validation_F1,0.9321816787662612,0.8764407562173366,0.9406723558046396
CICIoT2023_R1,2027,0.4,Utility-Cost-Ratio,validation_PR_AUC,0.9931905788869602,0.9895001621047828,0.9940049014287526
CICIoT2023_R1,2027,0.4,Utility-Cost-Ratio,validation_FPR,0.0075021018235972795,0.007906161702381056,0.011662553966289084
CICIoT2023_R1,2027,0.4,CB-Score,validation_F1,0.9368571625686127,0.9042144363598049,0.9444293103523503
CICIoT2023_R1,2027,0.4,CB-Score,validation_PR_AUC,0.9934406379551416,0.9902453801309955,0.9937146617509577
CICIoT2023_R1,2027,0.4,CB-Score,validation_FPR,0.010612996561563235,0.009568884356224975,0.022755520242176648
CICIoT2023_R1,2027,0.4,Historical-DoubleCost,validation_F1,0.9368571625686127,0.9042144363598049,0.9444293103523503
CICIoT2023_R1,2027,0.4,Historical-DoubleCost,validation_PR_AUC,0.9934406379551416,0.9902453801309955,0.9937146617509577
CICIoT2023_R1,2027,0.4,Historical-DoubleCost,validation_FPR,0.010612996561563235,0.009568884356224975,0.022755520242176648
CICIoT2023_R1,2027,0.4,Oort-Style-Adapted,validation_F1,0.9339732275596175,0.8483216305445398,0.9393091361374944
CICIoT2023_R1,2027,0.4,Oort-Style-Adapted,validation_PR_AUC,0.993240321165919,0.9897504534680096,0.9940909047060276
CICIoT2023_R1,2027,0.4,Oort-Style-Adapted,validation_FPR,0.007310332714751272,0.004974952555469171,0.0095260776375327
CICIoT2023_R1,2027,0.4,Oracle-Score-Exact,validation_F1,0.9357427339717312,0.9042144363598049,0.9333486568976268
CICIoT2023_R1,2027,0.4,Oracle-Score-Exact,validation_PR_AUC,0.9934576515467687,0.9902453801309955,0.9935427679613312
CICIoT2023_R1,2027,0.4,Oracle-Score-Exact,validation_FPR,0.007796868937093882,0.009568884356224975,0.003093291317482438
CICIoT2023_R1,2027,0.6,Full-Contextual,validation_F1,0.9368479245685882,0.926947400467736,0.943611337553101
CICIoT2023_R1,2027,0.6,Full-Contextual,validation_PR_AUC,0.9921275839310445,0.968902072901378,0.9935174104038106
CICIoT2023_R1,2027,0.6,Full-Contextual,validation_FPR,0.01530703729948561,0.1085972850678733,0.01606019020749218
CICIoT2023_R1,2027,0.6,Random-Budget,validation_F1,0.941356720646082,0.9352570300885206,0.9473704069812845
CICIoT2023_R1,2027,0.6,Random-Budget,validation_PR_AUC,0.9925826494524671,0.9654856714060109,0.9941027429685366
CICIoT2023_R1,2027,0.6,Random-Budget,validation_FPR,0.02564975235096412,0.19543910086995284,0.020717282259128292
CICIoT2023_R1,2027,0.6,Cost-Only,validation_F1,0.9467639029580308,0.9309062320070305,0.9499184228862394
CICIoT2023_R1,2027,0.6,Cost-Only,validation_PR_AUC,0.9923554363578148,0.969311398287746,0.9937012785963694
CICIoT2023_R1,2027,0.6,Cost-Only,validation_FPR,0.0576363081843304,0.11200877879254945,0.041235443431988886
CICIoT2023_R1,2027,0.6,Utility-Only,validation_F1,0.9364802308228859,0.8968746301567443,0.9372933173485681
CICIoT2023_R1,2027,0.6,Utility-Only,validation_PR_AUC,0.9933529209911227,0.9822749572552635,0.9940388500374107
CICIoT2023_R1,2027,0.6,Utility-Only,validation_FPR,0.010028489043611121,0.03919967119671104,0.008353074826647173
CICIoT2023_R1,2027,0.6,Utility-Cost-Ratio,validation_F1,0.9364802308228859,0.8968746301567443,0.9372933173485681
CICIoT2023_R1,2027,0.6,Utility-Cost-Ratio,validation_PR_AUC,0.9933529209911227,0.9822749572552635,0.9940388500374107
CICIoT2023_R1,2027,0.6,Utility-Cost-Ratio,validation_FPR,0.010028489043611121,0.03919967119671104,0.008353074826647173
CICIoT2023_R1,2027,0.6,CB-Score,validation_F1,0.9366516437207008,0.9368830159936902,0.9439753104165415
CICIoT2023_R1,2027,0.6,CB-Score,validation_PR_AUC,0.9935044007756262,0.9896624742598442,0.9941727365760022
CICIoT2023_R1,2027,0.6,CB-Score,validation_FPR,0.009541745442307722,0.04935857508651241,0.013110942235448206
CICIoT2023_R1,2027,0.6,Historical-DoubleCost,validation_F1,0.9366516437207008,0.9368830159936902,0.9439753104165415
CICIoT2023_R1,2027,0.6,Historical-DoubleCost,validation_PR_AUC,0.9935044007756262,0.9896624742598442,0.9941727365760022
CICIoT2023_R1,2027,0.6,Historical-DoubleCost,validation_FPR,0.009541745442307722,0.04935857508651241,0.013110942235448206
CICIoT2023_R1,2027,0.6,Oort-Style-Adapted,validation_F1,0.9359409063571879,0.8787067313218104,0.9422689986070268
CICIoT2023_R1,2027,0.6,Oort-Style-Adapted,validation_PR_AUC,0.9929772893683604,0.9704488350939867,0.9939617059600993
CICIoT2023_R1,2027,0.6,Oort-Style-Adapted,validation_FPR,0.010674688444461716,0.07583712574072465,0.0146066523775502
CICIoT2023_R1,2027,0.6,Oracle-Score-Exact,validation_F1,0.9372137594253898,0.9368830159936902,0.9445260888553608
CICIoT2023_R1,2027,0.6,Oracle-Score-Exact,validation_PR_AUC,0.9935043896056832,0.9896624742598442,0.9941840652660913
CICIoT2023_R1,2027,0.6,Oracle-Score-Exact,validation_FPR,0.010315601657133761,0.04935857508651241,0.013085237918080785
CICIoT2023_R1,2027,0.8,Full-Contextual,validation_F1,0.9376917466119095,0.926947400467736,0.9431191937591538
CICIoT2023_R1,2027,0.8,Full-Contextual,validation_PR_AUC,0.9923756555120863,0.968902072901378,0.9936977069366439
CICIoT2023_R1,2027,0.8,Full-Contextual,validation_FPR,0.015112674788761733,0.1085972850678733,0.014140722353943855
CICIoT2023_R1,2027,0.8,Random-Budget,validation_F1,0.940089787819215,0.93027168521531,0.9431023534709624
CICIoT2023_R1,2027,0.8,Random-Budget,validation_PR_AUC,0.9925670740116163,0.9692977387021505,0.9938421690805298
CICIoT2023_R1,2027,0.8,Random-Budget,validation_FPR,0.022535206865502148,0.13990184685953844,0.017478183303734112
CICIoT2023_R1,2027,0.8,Cost-Only,validation_F1,0.9450110212176266,0.9264465377521235,0.9525559684099152
CICIoT2023_R1,2027,0.8,Cost-Only,validation_PR_AUC,0.9922981630130517,0.9632574836765668,0.9937389370645621
CICIoT2023_R1,2027,0.8,Cost-Only,validation_FPR,0.03141729842779216,0.13838692480616066,0.04193101947833148
CICIoT2023_R1,2027,0.8,Utility-Only,validation_F1,0.935585434303481,0.9158307541635843,0.9409446849007549
CICIoT2023_R1,2027,0.8,Utility-Only,validation_PR_AUC,0.993123778335746,0.9762787535504048,0.9940955478421488
CICIoT2023_R1,2027,0.8,Utility-Only,validation_FPR,0.010120154308957352,0.06832101100408645,0.012899009744725241
CICIoT2023_R1,2027,0.8,Utility-Cost-Ratio,validation_F1,0.935585434303481,0.9158307541635843,0.9409446849007549
CICIoT2023_R1,2027,0.8,Utility-Cost-Ratio,validation_PR_AUC,0.993123778335746,0.9762787535504048,0.9940955478421488
CICIoT2023_R1,2027,0.8,Utility-Cost-Ratio,validation_FPR,0.010120154308957352,0.06832101100408645,0.012899009744725241
CICIoT2023_R1,2027,0.8,CB-Score,validation_F1,0.9353856018844269,0.9165779134947438,0.9388159321947906
CICIoT2023_R1,2027,0.8,CB-Score,validation_PR_AUC,0.9934113672556997,0.9892971732753627,0.9941504719846468
CICIoT2023_R1,2027,0.8,CB-Score,validation_FPR,0.008085206625152722,0.013248297815112962,0.009935789057304474
CICIoT2023_R1,2027,0.8,Historical-DoubleCost,validation_F1,0.9352080910962908,0.9165779134947438,0.9377093489849995
CICIoT2023_R1,2027,0.8,Historical-DoubleCost,validation_PR_AUC,0.9934155342421886,0.9892971732753627,0.9941742820565627
CICIoT2023_R1,2027,0.8,Historical-DoubleCost,validation_FPR,0.007880744265795268,0.013248297815112962,0.008569000008166853
CICIoT2023_R1,2027,0.8,Oort-Style-Adapted,validation_F1,0.9348439900237088,0.9155339347808832,0.9382604266877936
CICIoT2023_R1,2027,0.8,Oort-Style-Adapted,validation_PR_AUC,0.9928976960232107,0.9717662944118753,0.9938925086172884
CICIoT2023_R1,2027,0.8,Oort-Style-Adapted,validation_FPR,0.010060922496235095,0.09055720066553447,0.0096054616178455
CICIoT2023_R1,2027,0.8,Oracle-Score-Exact,validation_F1,0.9356603984931675,0.9165779134947438,0.9406033213798684
CICIoT2023_R1,2027,0.8,Oracle-Score-Exact,validation_PR_AUC,0.9934056693313279,0.9892971732753627,0.9940121793261885
CICIoT2023_R1,2027,0.8,Oracle-Score-Exact,validation_FPR,0.008170667498105338,0.013248297815112962,0.011359646466582867
CICIoT2023_R1,2027,1.0,Full-Contextual,validation_F1,0.9381803046196129,0.9269699503143717,0.9421078267941071
CICIoT2023_R1,2027,1.0,Full-Contextual,validation_PR_AUC,0.992482516526153,0.9689371398655483,0.9938015255844554
CICIoT2023_R1,2027,1.0,Full-Contextual,validation_FPR,0.015186431719422324,0.10845726083544438,0.01505155923070859
CICIoT2023_R1,2027,1.0,Random-Budget,validation_F1,0.9381726881002039,0.9269495196445489,0.942126191234255
CICIoT2023_R1,2027,1.0,Random-Budget,validation_PR_AUC,0.992480407159597,0.968905368404827,0.9938101163350898
CICIoT2023_R1,2027,1.0,Random-Budget,validation_FPR,0.015189824399580235,0.1085841259492601,0.015137311981571042
CICIoT2023_R1,2027,1.0,Cost-Only,validation_F1,0.9381718981183568,0.926947400467736,0.9421280960031194
CICIoT2023_R1,2027,1.0,Cost-Only,validation_PR_AUC,0.9924801883703595,0.968902072901378,0.9938110073720177
CICIoT2023_R1,2027,1.0,Cost-Only,validation_FPR,0.015190176315399748,0.1085972850678733,0.015146206299533775
CICIoT2023_R1,2027,1.0,Utility-Only,validation_F1,0.9352681135933413,0.926947400467736,0.9394765462789022
CICIoT2023_R1,2027,1.0,Utility-Only,validation_PR_AUC,0.9928190642160671,0.968902072901378,0.9938043143630148
CICIoT2023_R1,2027,1.0,Utility-Only,validation_FPR,0.010616177823727875,0.1085972850678733,0.0110343732634754
CICIoT2023_R1,2027,1.0,Utility-Cost-Ratio,validation_F1,0.9352681135933413,0.926947400467736,0.9394765462789022
CICIoT2023_R1,2027,1.0,Utility-Cost-Ratio,validation_PR_AUC,0.9928190642160671,0.968902072901378,0.9938043143630148
CICIoT2023_R1,2027,1.0,Utility-Cost-Ratio,validation_FPR,0.010616177823727875,0.1085972850678733,0.0110343732634754
CICIoT2023_R1,2027,1.0,CB-Score,validation_F1,0.9344815608689921,0.9233327788080161,0.9374309880609314
CICIoT2023_R1,2027,1.0,CB-Score,validation_PR_AUC,0.9932204659257168,0.9876380616840008,0.9939596015807931
CICIoT2023_R1,2027,1.0,CB-Score,validation_FPR,0.007259790819931276,0.020866170204529765,0.008514533114900415
CICIoT2023_R1,2027,1.0,Historical-DoubleCost,validation_F1,0.9344815608689921,0.9233327788080161,0.9374309880609314
CICIoT2023_R1,2027,1.0,Historical-DoubleCost,validation_PR_AUC,0.9932204659257168,0.9876380616840008,0.9939596015807931
CICIoT2023_R1,2027,1.0,Historical-DoubleCost,validation_FPR,0.007259790819931276,0.020866170204529765,0.008514533114900415
CICIoT2023_R1,2027,1.0,Oort-Style-Adapted,validation_F1,0.9352681135933413,0.926947400467736,0.9394765462789022
CICIoT2023_R1,2027,1.0,Oort-Style-Adapted,validation_PR_AUC,0.9928190642160671,0.968902072901378,0.9938043143630148
CICIoT2023_R1,2027,1.0,Oort-Style-Adapted,validation_FPR,0.010616177823727875,0.1085972850678733,0.0110343732634754
CICIoT2023_R1,2027,1.0,Oracle-Score-Exact,validation_F1,0.9344815608689921,0.9233327788080161,0.9374309880609314
CICIoT2023_R1,2027,1.0,Oracle-Score-Exact,validation_PR_AUC,0.9932204659257168,0.9876380616840008,0.9939596015807931
CICIoT2023_R1,2027,1.0,Oracle-Score-Exact,validation_FPR,0.007259790819931276,0.020866170204529765,0.008514533114900415
